0 -13.0 -173.5 1396.0 -1 1 -1
1 -13.075190851939643 -173.51196366314227 1396.1637619317605 0 2 -1
2 -13.1488815137382 -173.52413048600215 1396.3279831456216 1 3 -1
3 -13.221063371036397 -173.53648004817185 1396.4928595264143 2 4 -1
4 -13.291715514563522 -173.54898737052187 1396.658385331841 3 5 -1
5 -13.360835174063006 -173.56162489831084 1396.824547048534 4 6 -1
6 -13.428394469045841 -173.57436622389383 1396.9913413809015 5 7 -1
7 -13.494395677161018 -173.587182055954 1397.1587526709372 6 8 -1
8 -13.55881427021434 -173.6000435889736 1397.3267757968013 7 9 -1
9 -13.62164765342298 -173.6129203146643 1397.4953969526173 8 10 -1
10 -13.682884590495304 -173.62578121946981 1397.6646056326294 9 11 -1
11 -13.742508104871588 -173.6385939706959 1397.8343931744105 10 12 -1
12 -13.800518587503362 -173.65132590690388 1398.0047446184108 11 13 -1
13 -13.856907280330299 -173.66394331866252 1398.175648259146 12 14 -1
14 -13.911660061744596 -173.67641083932526 1398.3470939737338 13 15 -1
15 -13.964776170068063 -173.68869329688673 1398.519067086037 14 16 -1
16 -14.016251829976603 -173.7007545192116 1398.6915539252898 15 17 -1
17 -14.066082643278873 -173.71255734288465 1398.8645409456828 16 18 -1
18 -14.114265354420757 -173.72406380905315 1399.0380141571882 17 19 -1
19 -14.160797864964952 -173.7352352011444 1399.211959135389 18 20 -1
20 -14.205679245910325 -173.74603208433064 1399.3863610306416 19 21 -1
21 -14.248909747888412 -173.7564143467036 1399.5612045765013 20 22 -1
22 -14.290490809280872 -173.76634124212353 1399.7364740973621 21 23 -1
23 -14.330425062309075 -173.7757714347131 1399.912153515268 22 24 -1
24 -14.368716337151207 -173.78466304497124 1400.088226355872 23 25 -1
25 -14.405369664144402 -173.7929736974849 1400.2646757535274 24 26 -1
26 -14.440391274134285 -173.8006605702221 1400.441484455515 25 27 -1
27 -14.473788597032486 -173.807680445395 1400.6186348254214 26 28 -1
28 -14.505570258644607 -173.81398976188171 1400.7961088457027 27 29 -1
29 -14.535746075827866 -173.81954466920195 1400.9738881194758 28 30 -1
30 -14.564327050035923 -173.82430108304084 1401.1519538716032 29 31 -1
31 -14.591325359304495 -173.82821474231855 1401.3302869491474 30 32 -1
32 -14.616748947959211 -173.83123803577314 1401.5088686141435 31 33 -1
33 -14.6406166777345 -173.8333287338889 1401.6876781828457 32 34 -1
34 -14.662944980440516 -173.834442802291 1401.8666952271499 33 35 -1
35 -14.683750685128619 -173.834535863485 1402.0458990553152 34 36 -1
36 -14.703047501768733 -173.83356051737172 1402.2252690073049 35 37 -1
37 -14.720855377662437 -173.83147294461466 1402.4047833876123 36 38 -1
38 -14.73719771297597 -173.82823166448276 1402.5844199872574 37 39 -1
39 -14.752095533632602 -173.8237930729641 1402.76415658254 38 40 -1
40 -14.765563521805644 -173.8181071868915 1402.943970848595 39 41 -1
41 -14.777632852443489 -173.8111380086332 1403.1238392384012 40 42 -1
42 -14.788327849350267 -173.802843590242 1403.303738368605 41 43 -1
43 -14.797667188225383 -173.7931755955708 1403.4836444031707 42 44 -1
44 -14.805682516338251 -173.78209845195903 1403.6635330260335 43 45 -1
45 -14.812402434644275 -173.76957382228971 1403.8433797438054 44 46 -1
46 -14.817849017294066 -173.75555544208248 1404.02315928265 45 47 -1
47 -14.822055757650269 -173.7400102123543 1404.2028465184956 46 48 -1
48 -14.825054140058628 -173.72290327047284 1404.382416047851 47 49 -1
49 -14.826869269560403 -173.7041911149803 1404.561841273233 48 50 -1
50 -14.827536586242196 -173.68384424946842 1404.7410964020005 49 51 -1
51 -14.827089755843138 -173.66183164515138 1404.920155293155 50 52 -1
52 -14.825557191672914 -173.63811436081744 1405.098990359003 51 53 -1
53 -14.822974864438699 -173.61266549799967 1405.2775751202732 52 54 -1
54 -14.819378632055814 -173.5854592007961 1405.455883032353 53 55 -1
55 -14.814800901563599 -173.55646425156868 1405.6338863070175 54 56 -1
56 -14.809275695059656 -173.52565259332002 1405.811557170788 55 57 -1
57 -14.802841563553196 -173.4930061316067 1405.9888693931782 56 58 -1
58 -14.795534125196495 -173.4585024945697 1406.1657956958836 57 59 -1
59 -14.787387259139106 -173.42211625729811 1406.3423077001712 58 60 -1
60 -14.77843812564659 -173.38383032489116 1406.5183784527112 59 61 -1
61 -14.76872470166982 -173.3436315455862 1406.6939817249495 60 62 -1
62 -14.758283493079738 -173.30150509559158 1406.8690906740435 61 63 -1
63 -14.74715108138902 -173.25743812016637 1407.043678692088 62 64 -1
64 -14.735363796901446 -173.2114189188225 1407.2177192161062 63 65 -1
65 -14.722957438835216 -173.16343595532135 1407.3911854283167 64 66 -1
66 -14.709969879426879 -173.11348687703278 1407.564053050378 65 67 -1
67 -14.696437356292414 -173.0615670231311 1407.7362970549511 66 68 -1
68 -14.682395869853465 -173.0076737851443 1407.9078929492164 67 69 -1
69 -14.667881120997556 -172.9518066033158 1408.0788168355252 68 70 -1
70 -14.65292844914611 -172.8939669558523 1408.2490454715971 69 71 -1
71 -14.63757277101214 -172.83415834100364 1408.4185563298429 70 72 -1
72 -14.621848389546285 -172.77238671929908 1408.587327816778 71 73 -1
73 -14.605780365126364 -172.70869070010247 1408.755350054766 72 74 -1
74 -14.589378019643242 -172.64315551477497 1408.9226311701811 73 75 -1
75 -14.572649856283222 -172.57587395027497 1409.0891852158065 74 76 -1
76 -14.555604058284498 -172.50693584975227 1409.2550281844303 75 77 -1
77 -14.538248116573227 -172.43642623248766 1409.4201769104498 76 78 -1
78 -14.520589030641977 -172.3644264989474 1409.5846492849844 77 79 -1
79 -14.502631803877339 -172.2910076429269 1409.7484607517054 78 80 -1
80 -14.48438453909335 -172.21625421700924 1409.9116353915124 79 81 -1
81 -14.465853206540544 -172.14023920536468 1410.0741940925805 80 82 -1
82 -14.447041220450176 -172.06302380641137 1410.2361537515353 81 83 -1
83 -14.427956203681351 -171.984686007936 1410.3975414931424 82 84 -1
84 -14.408601674988516 -171.90528546429684 1410.5583768845122 83 85 -1
85 -14.388982668006133 -171.82488705971727 1410.7186836834599 84 86 -1
86 -14.369103597644793 -171.7435520446155 1410.8784852142485 85 87 -1
87 -14.348968053482333 -171.66133779588185 1411.0378040106505 86 88 -1
88 -14.328580219623472 -171.57830266269414 1411.1966643726632 87 89 -1
89 -14.307943448914626 -171.4945012304001 1411.3550896372797 88 90 -1
90 -14.287060636198316 -171.40998584234532 1411.5131028844578 89 91 -1
91 -14.265935972834358 -171.32481141128318 1411.6707296653665 90 92 -1
92 -14.244570125330704 -171.23902265774942 1411.8279903861737 91 93 -1
93 -14.222967773599827 -171.15267366801368 1411.9849118300212 92 94 -1
94 -14.201130451310041 -171.06580980986087 1412.141516289374 93 95 -1
95 -14.179059741661106 -170.9784762479183 1412.2978265342756 94 96 -1
96 -14.156758844900896 -170.89072044582505 1412.4538674047126 95 97 -1
97 -14.13422905455753 -170.80258541154697 1412.6096614760947 96 98 -1
98 -14.111471150460595 -170.71411309694835 1412.7652310716323 97 99 -1
99 -14.088487845401014 -170.62534755619336 1412.9206003760776 98 100 -1
100 -14.065280401923294 -170.5363299535579 1413.07579205769 99 101 -1
101 -14.041849082085648 -170.44710011616502 1413.2308281459448 100 102 -1
102 -14.018195233080787 -170.35769858985012 1413.3857314814957 101 103 -1
103 -13.994320281235089 -170.26816523239427 1413.5405247199265 102 104 -1
104 -13.97022496293981 -170.17853889497025 1413.6952299830216 103 105 -1
105 -13.9459095895737 -170.08885799847886 1413.849869186727 104 106 -1
106 -13.921374124124561 -169.99916084683508 1414.0044641933619 105 107 -1
107 -13.896619866462293 -169.90948544988015 1414.1590369396622 106 108 -1
108 -13.87164711736612 -169.81986937555197 1414.3136089443014 107 109 -1
109 -13.846456083330978 -169.7303500263466 1414.4682015731714 108 110 -1
110 -13.821046791152256 -169.6409647674532 1414.622836063264 109 111 -1
111 -13.795418439747404 -169.55175167963563 1414.7775338118033 110 112 -1
112 -13.769571925315352 -169.46274741599103 1414.9323155216223 111 113 -1
113 -13.743507125457192 -169.3739892756425 1415.0872019173075 112 114 -1
114 -13.717223850102997 -169.28551467173207 1415.2422135571276 113 115 -1
115 -13.690721847049273 -169.1973611844302 1415.3973708282826 114 116 -1
116 -13.664000544504106 -169.1095670892869 1415.5526941640967 115 117 -1
117 -13.63705919567175 -169.02217084585482 1415.708203736213 116 118 -1
118 -13.609899277356195 -168.9351972684298 1415.8639121183794 117 119 -1
119 -13.582522562648734 -168.84866179323737 1416.0198264860028 118 120 -1
120 -13.55493086379118 -168.7625795625048 1416.1759537080388 119 121 -1
121 -13.527125996003898 -168.6769658312417 1416.3323005636937 120 122 -1
122 -13.49910941590734 -168.5918368372145 1416.4888741426657 121 123 -1
123 -13.470882733854095 -168.507208710898 1416.6456813261834 122 124 -1
124 -13.442448375481877 -168.4230957201983 1416.8027279683106 123 125 -1
125 -13.413808186985047 -168.3395136129238 1416.960020449833 124 126 -1
126 -13.384964027365232 -168.25647826746788 1417.11756504118 125 127 -1
127 -13.355917770460465 -168.1740056957167 1417.2753678977215 126 128 -1
128 -13.326670632797054 -168.09211406821223 1417.433435973159 127 129 -1
129 -13.297224937171789 -168.0108186092974 1417.5917746821553 128 130 -1
130 -13.267582884954841 -167.9301349692473 1417.7503894468896 129 131 -1
131 -13.237746430394706 -167.85007972337135 1417.9092859105997 130 132 -1
132 -13.207717553180832 -167.77066959134572 1418.0684695746847 131 133 -1
133 -13.177497935177373 -167.691922611281 1418.2279463070677 132 134 -1
134 -13.14708932628438 -167.61385699213437 1418.3877218159441 133 135 -1
135 -13.11649441927023 -167.53648773077157 1418.5478001812594 134 136 -1
136 -13.085715318219272 -167.45983213942893 1418.7081862736322 135 137 -1
137 -13.054754163820625 -167.38390767781368 1418.8688847895887 136 138 -1
138 -13.023612867267932 -167.3087331102885 1419.0299007297804 137 139 -1
139 -12.9922932520587 -167.23432808673186 1419.19123919405 138 140 -1
140 -12.960798262158274 -167.16070768147057 1419.3529031141684 139 141 -1
141 -12.92913020850345 -167.08788994003305 1419.5148964151028 140 142 -1
142 -12.897291450134496 -167.01589304851558 1419.6772228101495 141 143 -1
143 -12.86528392138215 -166.94473778678415 1419.8398867663195 142 144 -1
144 -12.833110120060908 -166.87444268853372 1420.0028915434898 143 145 -1
145 -12.800773022054688 -166.8050240646846 1420.166239252082 144 146 -1
146 -12.768275203118339 -166.73650063477456 1420.3299326727358 145 147 -1
147 -12.735619298539545 -166.66889123945685 1420.493974332306 146 148 -1
148 -12.7028071237159 -166.6022203282697 1420.6583685299597 147 149 -1
149 -12.669842331220446 -166.53650182625242 1420.8231152936949 148 150 -1
150 -12.636727764404627 -166.47175481662603 1420.9882162979638 149 151 -1
151 -12.603466320267438 -166.4079985647962 1421.1536729603577 150 152 -1
152 -12.570060406863066 -166.34525650650252 1421.3194878186282 151 153 -1
153 -12.536513351334639 -166.2835463809752 1421.4856610354586 152 154 -1
154 -12.502828571509514 -166.22288556373374 1421.6521923489279 153 155 -1
155 -12.469009259052209 -166.163293609901 1421.8190819203578 154 156 -1
156 -12.435058308931069 -166.10479336277956 1421.986330622364 155 157 -1
157 -12.400979048818115 -166.04740507757262 1422.1539380733288 156 158 -1
158 -12.36677744440897 -165.99113927444927 1422.3219007975733 157 159 -1
159 -12.332472844428413 -165.9359735905718 1422.4902071221504 158 160 -1
160 -12.298090180340836 -165.88187239572974 1422.6588427666043 159 161 -1
161 -12.263654544358515 -165.82879829677609 1422.8277937095427 160 162 -1
162 -12.229191071138573 -165.77670811360053 1422.9970449471068 161 163 -1
163 -12.194724460159726 -165.7255624645864 1423.1665833881218 162 164 -1
164 -12.16027936770561 -165.6753233836676 1423.3363970695814 163 165 -1
165 -12.125880523612594 -165.62595257547395 1423.5064745945779 164 166 -1
166 -12.091552126130853 -165.57740594043702 1423.676803427679 165 167 -1
167 -12.05731833836007 -165.5296430722383 1423.8473727340888 166 168 -1
168 -12.02320338822367 -165.48262434055042 1424.0181724636532 167 169 -1
169 -11.989231861750248 -165.43631119153693 1424.1891934290052 168 170 -1
170 -11.955426967891622 -165.39065916929638 1424.3604250501135 169 171 -1
171 -11.9218123870834 -165.34562734356334 1424.53185825805 170 172 -1
172 -11.88841175173801 -165.30117484038357 1424.703484384679 171 173 -1
173 -11.85525001146737 -165.25726336467304 1424.8752960233217 172 174 -1
174 -11.822349289677984 -165.21384843866372 1425.0472839481288 173 175 -1
175 -11.789732887670564 -165.1708889531817 1425.2194403152787 174 176 -1
176 -11.757424031938081 -165.12834379298477 1425.391757498414 175 177 -1
177 -11.7254474678909 -165.0861733438904 1425.5642287095934 176 178 -1
178 -11.693825439873185 -165.04433507909204 1425.7368461293704 177 179 -1
179 -11.66258051486483 -165.00278740277997 1425.909602351803 178 180 -1
180 -11.631735694026125 -164.96148929657684 1426.0824902671234 179 181 -1
181 -11.601314848479142 -164.92040013187025 1426.2555030438248 180 182 -1
182 -11.571341834196048 -164.8794789702379 1426.428633758843 181 183 -1
183 -11.541837966512471 -164.83868418976547 1426.6018748447907 182 184 -1
184 -11.512826131094346 -164.79797502087345 1426.7752191322575 183 185 -1
185 -11.484329198490018 -164.75731077618866 1426.9486593472757 184 186 -1
186 -11.45637257510025 -164.71665069855598 1427.1221884446413 185 187 -1
187 -11.428977359865742 -164.67595402060957 1427.2957984726752 186 188 -1
188 -11.40216582511946 -164.63518035725647 1427.4694815348366 187 189 -1
189 -11.3759608054997 -164.59428944768993 1427.6432295818765 188 190 -1
190 -11.350385544076955 -164.553241036859 1427.8170343143124 189 191 -1
191 -11.325465688329308 -164.51199409027242 1427.9908872328217 190 192 -1
192 -11.301221012102756 -164.47050955005923 1428.1647790673705 191 193 -1
193 -11.27767412704729 -164.42875332143757 1428.338701748953 192 194 -1
194 -11.254846461788832 -164.386729778783 1428.5126559277455 193 195 -1
195 -11.232759996292064 -164.34445991214136 1428.6866461076704 194 196 -1
196 -11.211438192317546 -164.30196456344504 1428.860676736959 195 197 -1
197 -11.190899503684062 -164.2592660193397 1429.0347517975586 196 198 -1
198 -11.171165564232334 -164.21638557481995 1429.2088752207148 197 199 -1
199 -11.152258224070827 -164.17334453583032 1429.3830507278665 198 200 -1
200 -11.134200711678528 -164.13016408040386 1429.5572818938415 199 201 -1
201 -11.117017762866475 -164.08686541590393 1429.7315721492557 200 202 -1
202 -11.100728611817537 -164.0434705293959 1429.9059242741855 201 203 -1
203 -11.085356070801215 -164.00000094392192 1430.0803409948599 202 204 -1
204 -11.070923207434234 -163.95647827823714 1430.2548247483628 203 205 -1
205 -11.057455429997322 -163.9129242423292 1430.4293778146837 204 206 -1
206 -11.044977794449316 -163.86936084354534 1430.6040021024826 205 207 -1
207 -11.03351094822898 -163.82581019135577 1430.7786988360187 206 208 -1
208 -11.023079038478722 -163.78229444982406 1430.9534691072345 207 209 -1
209 -11.013706484312491 -163.7388359551561 1431.1283136232503 208 210 -1
210 -11.005423118518452 -163.6954577025842 1431.3032330305386 209 211 -1
211 -10.998250470375398 -163.65218230826383 1431.47822694852 210 212 -1
212 -10.992212462882398 -163.60903261792424 1431.6532947008443 211 213 -1
213 -10.98733460340915 -163.5660317992846 1431.8284352269718 212 214 -1
214 -10.983646715764944 -163.52320391111442 1432.0036471988903 213 215 -1
215 -10.981174682873982 -163.4805727663948 1432.178928486289 214 216 -1
216 -10.979941293440655 -163.43816177619917 1432.354276235267 215 217 -1
217 -10.979973042196324 -163.39599512305296 1432.5296872233585 216 218 -1
218 -10.981302012934545 -163.35409845697683 1432.705157848376 217 219 -1
219 -10.983953722267483 -163.31249640283065 1432.8806835280186 218 220 -1
220 -10.98795178987083 -163.2712132674917 1433.0562589692893 219 221 -1
221 -10.993323470285247 -163.2302743705148 1433.231878349545 220 222 -1
222 -11.000106137644972 -163.18970808387172 1433.4075353408668 221 223 -1
223 -11.008318261636703 -163.14953806776754 1433.583222344486 222 224 -1
224 -11.017987023435806 -163.1097904214267 1433.7589312671214 223 225 -1
225 -11.029146610358852 -163.07049369950474 1433.9346532358054 224 226 -1
226 -11.04182363431599 -163.03167456734826 1434.1103784023562 225 227 -1
227 -11.056040760257318 -162.99335859085295 1434.2860961166166 226 228 -1
228 -11.071830226148426 -162.95557474246866 1434.461794788633 227 229 -1
229 -11.089223353663055 -162.91835216284514 1434.6374617914387 228 230 -1
230 -11.108239407713613 -162.88171597999306 1434.813083840285 229 231 -1
231 -11.128909945660517 -162.84569598430485 1434.9886463840912 230 232 -1
232 -11.15126689577168 -162.81032260999407 1435.1641336957798 231 233 -1
233 -11.175271048507115 -162.77559892867984 1435.3395332516543 232 234 -1
234 -11.200762533045616 -162.74148071829578 1435.5148419106977 233 235 -1
235 -11.227556964889324 -162.70791323285232 1435.690062691564 234 236 -1
236 -11.25546215010862 -162.67483723642292 1435.8652036592391 235 237 -1
237 -11.284297673862303 -162.64219781953602 1436.040275917122 236 238 -1
238 -11.313875726194006 -162.60993611253343 1436.2152943803621 237 239 -1
239 -11.344008184407846 -162.57799224431963 1436.390276628046 238 240 -1
240 -11.374511466629263 -162.54630913372648 1436.565242075335 239 241 -1
241 -11.40519484942602 -162.51482494480683 1436.7402119612125 240 242 -1
242 -11.435869728966082 -162.48347984423523 1436.9152083115366 241 243 -1
243 -11.466343829454512 -162.45221291765935 1437.09025370176 242 244 -1
244 -11.496425686390065 -162.42096245072037 1437.2653698278755 243 245 -1
245 -11.525912978024621 -162.3896660378595 1437.4405787902942 244 246 -1
246 -11.554612699510924 -162.35826179301955 1437.6158991175798 245 247 -1
247 -11.582313152645156 -162.32668543230605 1437.7913491054398 246 248 -1
248 -11.60881431958105 -162.294874905615 1437.9669418534675 247 249 -1
249 -11.633894365450114 -162.26276444886187 1438.1426885109495 248 250 -1
250 -11.657346986827996 -162.23029236049737 1438.3185931829 249 251 -1
251 -11.67893498828934 -162.19739108156756 1438.4946565285707 250 252 -1
252 -11.698416102016855 -162.1639999467755 1438.6708729841282 251 253 -1
253 -11.71542426896791 -162.13004891740258 1438.8472379863745 252 254 -1
254 -11.7296082958284 -162.09547731778522 1439.0237315618472 253 255 -1
255 -11.740592601790537 -162.06022283753111 1439.2003176318378 254 256 -1
256 -11.747984857754073 -162.02422424030243 1439.3769397653564 255 257 -1
257 -11.751426563723115 -161.98743214101034 1439.5535187577261 256 258 -1
258 -11.750528652193404 -161.94979629574132 1439.7299504210037 257 259 -1
259 -11.74491024832092 -161.9112741994866 1439.906102464026 258 260 -1
260 -11.734235952031868 -161.8718379129192 1440.08181688224 259 261 -1
261 -11.718159255812115 -161.83146372388026 1440.256905216443 260 262 -1
262 -11.696352616575414 -161.79013815022708 1440.4311486510126 261 263 -1
263 -11.668577357940583 -161.7478686115852 1440.6043121384096 262 264 -1
264 -11.634583974441068 -161.7046666662903 1440.7761306302318 263 265 -1
265 -11.594199952646864 -161.66056124673173 1440.9463278906264 264 266 -1
266 -11.547327983570836 -161.61559614039174 1441.1146260818416 265 267 -1
267 -11.493887785656165 -161.5698211623062 1441.2807338480093 266 268 -1
268 -11.434030684507198 -161.52329002482534 1441.4444266344742 267 269 -1
269 -11.368442414054744 -161.47600348657915 1441.6056915632557 268 270 -1
270 -11.297861693030692 -161.4279300488686 1441.7646010202684 269 271 -1
271 -11.222997448093325 -161.37903244007688 1441.9212846569417 270 272 -1
272 -11.144479861358523 -161.32926266099193 1442.075893021345 271 273 -1
273 -11.06287356627618 -161.27856346899046 1442.2285891988897 272 274 -1
274 -10.97869279041816 -161.22687083040782 1442.3795456456976 273 275 -1
275 -10.892408473321083 -161.17411467266842 1442.5289390508538 274 276 -1
276 -10.80445540932866 -161.12021932993372 1442.6769467910449 275 277 -1
277 -10.715239188660686 -161.06510374040764 1442.823744586798 276 278 -1
278 -10.625140758639839 -161.0086756441556 1442.9695014544034 277 279 -1
279 -10.534531857355974 -160.95084614551075 1443.1143901060634 278 280 -1
280 -10.443770150660262 -160.89151854798263 1443.2585757197799 279 281 -1
281 -10.353208038043205 -160.83058928195905 1443.4022177880267 280 282 -1
282 -10.26319894461299 -160.76794859408577 1443.5454706210332 281 283 -1
283 -10.174105910613868 -160.70347581228765 1443.6884827901151 282 284 -1
284 -10.086304154076737 -160.63704722367814 1443.8313979846823 283 285 -1
285 -10.00018002975157 -160.56854028581196 1443.9743522172837 284 286 -1
286 -9.916145587934697 -160.497821504496 1444.117472180696 285 287 -1
287 -9.834641298632027 -160.4247530535733 1444.260873865697 286 288 -1
288 -9.756141317469666 -160.34919458216584 1444.404659603849 287 289 -1
289 -9.681158308176222 -160.27100593471292 1444.54891409336 288 290 -1
290 -9.610247429270302 -160.19005102596623 1444.6936992536168 289 291 -1
291 -9.54400891060437 -160.1062031198061 1444.839047805935 290 292 -1
292 -9.483088434363635 -160.0193517297203 1444.9849555841645 291 293 -1
293 -9.428174318221405 -159.92941126520515 1445.1313727609781 292 294 -1
294 -9.379998960582354 -159.83632772657572 1445.2781947313454 293 295 -1
295 -9.339347389109086 -159.74008417402902 1445.425251625558 294 296 -1
296 -9.30693669034127 -159.64075313133574 1445.5722985898517 295 297 -1
297 -9.283490665927614 -159.53846320247237 1445.7190163095015 296 298 -1
298 -9.269728246666059 -159.4334093932026 1445.8650040613522 297 299 -1
299 -9.266187006330812 -159.3258959598327 1446.0097984820452 298 300 -1
300 -9.273266171304414 -159.21630224192617 1446.1528912361105 299 301 -1
301 -9.291214411020437 -159.1050679058628 1446.2937497159 300 302 -1
302 -9.320083261533403 -158.99267881418984 1446.431850650577 301 303 -1
303 -9.359718185094291 -158.87964003301065 1446.5667144400832 302 304 -1
304 -9.40976715935215 -158.76644581083266 1446.6979370845588 303 305 -1
305 -9.469706056322632 -158.65355077373925 1446.8252149729935 304 306 -1
306 -9.538891051593136 -158.5413480659514 1446.9483520961926 305 307 -1
307 -9.616731105628187 -158.43017894249252 1447.0671883396944 306 308 -1
308 -9.702443909212539 -158.32029705526193 1447.1817293188574 307 309 -1
309 -9.795335127806295 -158.21189883916625 1447.2920117189503 308 310 -1
310 -9.894726244214182 -158.10512056555666 1447.3981333256722 309 311 -1
311 -10.0 -158.0 1447.5 310 312 313
312 -10.18240503212131 -157.94171753062432 1447.511886962274 311 315 -1
313 -9.962544932376474 -157.82865246440787 1447.6145494806526 311 316 -1
314 -9.82815654576468 -157.94870063676615 1447.5559952753563 311 317 -1
315 -10.3715970673823 -157.91228416062154 1447.5228056512158 312 318 -1
316 -9.929118070918845 -157.65651950814788 1447.729124938694 313 319 -1
317 -9.651429896264654 -157.89991304567542 1447.5964640056272 314 320 -1
318 -10.563041275666968 -157.91810129596274 1447.5309196298676 315 321 -1
319 -9.89967509819046 -157.4836516140335 1447.8436870629596 316 322 -1
320 -9.471069744527334 -157.85404316005824 1447.6213244800886 317 323 -1
321 -10.749734888547692 -157.9615097627941 1447.533877498568 318 324 -1
322 -9.874177636295606 -157.3101291603389 1447.958205844558 319 325 -1
323 -9.28843987160957 -157.81148664524258 1447.6307856135577 320 326 -1
324 -10.92530518352842 -158.03851876413654 1447.5295014798255 321 327 -1
325 -9.852581299115949 -157.13603097365927 1448.072653090669 322 328 -1
326 -9.104846095183238 -157.77242154654232 1447.625902051977 323 329 -1
327 -11.087007179899052 -158.1409228564977 1447.516270986449 324 330 -1
328 -9.834836142641185 -156.96143398870868 1448.1870025352493 325 331 -1
329 -8.92133359492964 -157.73690272140612 1447.6079585414716 326 332 -1
330 -11.23564841871996 -158.26011045297963 1447.4931476145919 327 333 -1
331 -9.820887134958747 -156.78641294961682 1448.3012299247187 328 334 -1
332 -8.738698563588443 -157.70494021673903 1447.578186915482 329 335 -1
333 -11.373861340861497 -158.38890764053136 1447.4591371429976 330 336 -1
334 -9.810674638235861 -156.61104015340158 1448.4153130794396 331 337 -1
335 -8.557451986412037 -157.67635789006985 1447.5382100408062 332 338 -1
336 -11.50479128777471 -158.52149151197955 1447.4129699544274 333 339 -1
337 -9.804135316448216 -156.435385210339 1448.5292319109012 334 340 -1
338 -8.377888449236822 -157.65097917713481 1447.4894211710907 335 341 -1
339 -11.631516445985534 -158.65259174881717 1447.3529506675368 336 342 -1
340 -9.801201489790717 -156.25951495432824 1448.6429684906268 337 343 -1
341 -8.20013220020248 -157.62860529156256 1447.4331054385727 338 344 -1
342 -11.756801290475082 -158.77656900868837 1447.2769927768707 339 345 -1
343 -9.80180256779741 -156.0834932237778 1448.7565070087398 340 346 -1
344 -8.024180085491347 -157.6090289664059 1447.3704285884899 341 347 -1
345 -11.882793565256303 -158.88659044811152 1447.1830037047423 342 348 -1
346 -9.805865329769365 -155.90738078746284 1448.8698337589346 343 349 -1
347 -7.849939782264545 -157.5920467087025 1447.302430454379 344 350 -1
348 -12.010417324142354 -158.97439386895832 1447.0699416470723 345 351 -1
349 -9.813314305658999 -155.73123528709246 1448.9829371057062 346 352 -1
350 -7.67726022728427 -157.57746638965943 1447.2300300859674 347 353 -1
351 -12.138655507074427 -159.0317223337422 1446.9394723795947 348 354 -1
352 -9.824072202986297 -155.55511120663635 1449.0958074350501 349 355 -1
353 -7.505954315184202 -157.56511135935207 1447.1540372714376 350 356 -1
354 -12.264724231453405 -159.0537295355199 1446.7967267502208 351 357 -1
355 -9.838060954670855 -155.3790598953159 1449.2084370432522 352 358 -1
356 -7.335814948341581 -157.55482217040048 1447.0751668862817 353 359 -1
357 -12.385693950190495 -159.04139129635112 1446.6484251156 354 360 -1
358 -9.855200920290837 -155.20312957854182 1449.3208201519228 355 361 -1
359 -7.16663500285986 -157.54647975235784 1446.9940329760889 356 362 -1
360 -12.5 -159.0 1446.5 357 -1 -1
361 -9.875411042904418 -155.0273653478402 1449.4329528572268 358 363 -1
362 -6.998185207779226 -157.53994926483057 1446.9112298598782 359 364 -1
363 -9.898611341249799 -154.85180935544201 1449.544832867346 361 365 -1
364 -6.830240275462055 -157.53510759291427 1446.8272920904876 362 366 -1
365 -9.924721182696752 -154.67650080511856 1449.6564595776965 363 367 -1
366 -6.662618074663199 -157.53187774197144 1446.7426342236788 364 368 -1
367 -9.95365948101473 -154.50147599408152 1449.767833996162 365 369 -1
368 -6.495204710508665 -157.53017820145507 1446.657519620343 366 370 -1
369 -9.98534705994377 -154.3267686493792 1449.8789584615697 367 371 -1
370 -6.3278983382839975 -157.52990907353401 1446.5721781767381 368 372 -1
371 -10.019703904174266 -154.15240972189537 1449.9898368210659 369 373 -1
372 -6.160601141588963 -157.53103689050096 1446.4868256532252 370 374 -1
373 -10.056651313386244 -153.9784277133147 1450.100474164627 371 375 -1
374 -5.9932158761143395 -157.53346447728777 1446.4016731389108 372 376 -1
375 -10.096112794405549 -153.80484896531556 1450.2108766682675 373 377 -1
376 -5.825646520946078 -157.53714866996057 1446.3169287475012 374 378 -1
377 -10.138010890291392 -153.63169724902176 1450.3210518207857 375 379 -1
378 -5.657799107203964 -157.54203156970289 1446.2327975881376 376 380 -1
379 -10.182270538844756 -153.4589944034548 1450.431008041009 377 381 -1
380 -5.489585180310239 -157.54805440248907 1446.1494763171245 378 382 -1
381 -10.228817945452631 -153.286760280528 1450.540754716597 379 383 -1
382 -5.320909019955717 -157.5551848442934 1446.0671835537523 380 384 -1
383 -10.277580660109875 -153.1150128668831 1450.6503021329115 381 385 -1
384 -5.151694962195818 -157.56335579819174 1445.9861009077745 382 386 -1
385 -10.32848763847414 -152.94376840364583 1450.759661405904 383 387 -1
386 -4.98184296636403 -157.57255213447732 1445.9064754109947 384 388 -1
387 -10.381469288319812 -152.7730415033972 1450.8688444192005 385 389 -1
388 -4.811294092155012 -157.58270194530724 1445.8284721785237 386 390 -1
389 -10.436457502717998 -152.60284526378248 1450.9778637654917 387 391 -1
390 -4.6399438763681 -157.59380102454801 1445.752378329424 388 392 -1
391 -10.493385681214596 -152.43319137731234 1451.0867326922692 389 393 -1
392 -4.467748360103352 -157.60577945478485 1445.6783548881713 390 394 -1
393 -10.552188740214591 -152.26409023702027 1451.1954650519128 391 395 -1
394 -4.294615314072882 -157.6186256674474 1445.6067024110318 392 396 -1
395 -10.612803113710198 -152.0955510377401 1451.3040752560844 393 397 -1
396 -4.12050261907407 -157.6322859227603 1445.537621627357 394 398 -1
397 -10.675167370214345 -151.927582086517 1451.412578200406 395 399 -1
398 -3.9453453500958697 -157.64673350824685 1445.471401618045 396 400 -1
399 -10.7392206086757 -151.7601903766637 1451.5209893256213 397 401 -1
400 -3.769099325064636 -157.66193034773292 1445.4083138684225 398 402 -1
401 -10.804903503390308 -151.59338199707287 1451.6293245075196 399 403 -1
402 -3.591742181036796 -157.67783143862815 1445.3486046943895 400 404 -1
403 -10.872159375855464 -151.42716265383874 1451.7375999986766 401 405 -1
404 -3.4132293908150606 -157.69441320792126 1445.2926436833952 402 406 -1
405 -10.940931114929322 -151.26153660666836 1451.8458325185877 403 407 -1
406 -3.2336437051066653 -157.7116114081764 1445.2404268695686 404 408 -1
407 -11.011164582043154 -151.0965080518924 1451.9540391132937 405 409 -1
408 -3.053066428875367 -157.72938368225866 1445.1919548150702 406 410 -1
409 -11.08280570680075 -150.93208006161893 1452.0622372111193 407 411 -1
410 -2.871599165605013 -157.7476732026701 1445.1471367470215 408 412 -1
411 -11.15580289139254 -150.76825567011258 1452.1704445782188 409 413 -1
412 -2.6893438461924486 -157.7664194101935 1445.1058420339202 410 414 -1
413 -11.230104408779198 -150.6050368141103 1452.2786792990385 411 415 -1
414 -2.506371858172597 -157.78557583145854 1445.0680522465964 412 416 -1
415 -11.305661159430512 -150.44242567200197 1452.3869598106546 413 417 -1
416 -2.3227784344195643 -157.80507880588914 1445.0336015269597 414 418 -1
417 -11.382423912034783 -150.28042344301375 1452.4953048246007 415 419 -1
418 -2.1386412806334802 -157.82487175636882 1445.002365520121 416 420 -1
419 -11.460344951045142 -150.1190311976536 1452.6037333646207 417 421 -1
420 -1.9540186229648036 -157.84490470252413 1444.9743089289739 418 422 -1
421 -11.539378257115784 -149.95825010773547 1452.7122648315067 419 423 -1
422 -1.768987747629675 -157.86511560698995 1444.9492271425738 420 424 -1
423 -11.619477562519887 -149.7980804457102 1452.8209188216933 421 425 -1
424 -1.5836045794223428 -157.88545100474732 1444.9270078524041 422 426 -1
425 -11.700598120411328 -149.63852261654762 1452.92971528479 423 427 -1
426 -1.3979166240341252 -157.9058572737758 1444.9075716881869 424 428 -1
427 -11.782696304300917 -149.4795770523645 1453.0386745368244 425 429 -1
428 -1.211977491318144 -157.92627917821454 1444.890725189912 426 430 -1
429 -11.865728825403995 -149.32124379583593 1453.1478171451793 427 431 -1
430 -1.0258259359863287 -157.9466643469339 1444.8763596346728 428 432 -1
431 -11.949653117283926 -149.16352278709962 1453.2571639822042 429 433 -1
432 -0.8394969876851572 -157.9669591992737 1444.8643595606943 430 434 -1
433 -12.034427447299521 -149.0064140220495 1453.3667362795395 431 435 -1
434 -0.6530246934299377 -157.9871145298921 1444.8545486543453 432 436 -1
435 -12.120011026971845 -148.84991774790214 1453.4765557274009 433 437 -1
436 -0.46643330698681085 -158.0070773273989 1444.8468272268212 434 438 -1
437 -12.206362937283192 -148.69403371429362 1453.5866441631474 435 439 -1
438 -0.27974590341960265 -158.02679820091063 1444.8410479608335 436 440 -1
439 -12.293443080155411 -148.53876195311815 1453.6970238746621 437 441 -1
440 -0.09298146445626891 -158.04623198192579 1444.8370562124594 438 442 -1
441 -12.381211943320404 -148.38410271540056 1453.8077176056909 439 443 -1
442 0.09384714505284572 -158.06532160120705 1444.834762814224 440 444 -1
443 -12.469630302287765 -148.23005630700712 1453.9187484839476 441 445 -1
444 0.28072708159215737 -158.08402755841226 1444.8339940426115 442 446 -1
445 -12.558658987253544 -148.0766229148983 1454.030139901654 443 447 -1
446 0.46765045017644047 -158.10230073998045 1444.8346300268652 444 448 -1
447 -12.648259403407952 -147.92380321215555 1454.141915867469 445 449 -1
448 0.6546118534380772 -158.1200888114446 1444.8365526910884 446 450 -1
449 -12.738393098853082 -147.77159805373108 1454.2541008528988 447 451 -1
450 0.8416070710140038 -158.1373560619275 1444.8396076536742 448 452 -1
451 -12.829021449522116 -147.62000816113772 1454.36671955493 449 453 -1
452 1.0286353477978358 -158.15404355328855 1444.8436913480625 450 454 -1
453 -12.920106373029864 -147.46903513382475 1454.4797976168281 451 455 -1
454 1.2156962318657034 -158.17011487601422 1444.8486582603807 452 456 -1
455 -13.011609264301569 -147.31868017482023 1454.593360700151 453 457 -1
456 1.4027911776303492 -158.18552407087213 1444.8543844128 454 458 -1
457 -13.103491856105386 -147.1689454196488 1454.7074354960432 455 459 -1
458 1.5899231676161805 -158.20021530682817 1444.860751696727 456 460 -1
459 -13.195715380749084 -147.01983278788308 1454.8220488056697 457 461 -1
460 1.7770945206217323 -158.21415967703527 1444.8676220487332 458 462 -1
461 -13.288241200416731 -146.87134526238785 1454.9372286332625 459 463 -1
462 1.9643099621920377 -158.22729135517204 1444.8748817999565 460 464 -1
463 -13.381030013921148 -146.72348551792868 1455.0530029642248 461 465 -1
464 2.1515724330831247 -158.23958019167793 1444.8823991978966 462 466 -1
465 -13.474042344352945 -146.57625710203985 1455.1694008241639 463 467 -1
466 2.3388833366787427 -158.2509887884604 1444.8900954596127 464 468 -1
467 -13.567238267809525 -146.42966423681642 1455.2864521423758 465 469 -1
468 2.5262390422611416 -158.26150192432144 1444.8979740434254 466 470 -1
469 -13.66057716560769 -146.28371120869406 1455.4041870985493 467 471 -1
470 2.7136340248188873 -158.27113319033398 1444.906043779226 468 472 -1
471 -13.754017856044479 -146.1384031428621 1455.522636901575 469 473 -1
472 2.901064546201938 -158.2798514579246 1444.9143234215444 470 474 -1
473 -13.847518407230194 -145.9937457787063 1455.64183355461 471 475 -1
474 3.0885247568084444 -158.287676383686 1444.9228201064288 472 476 -1
475 -13.94103604125372 -145.84974551577218 1455.7618098840808 473 477 -1
476 3.2760100717458336 -158.29459094895827 1444.9315495116798 474 478 -1
477 -14.03452703440176 -145.70640946277877 1455.8825995680236 475 479 -1
478 3.4635153092466133 -158.30058932232555 1444.9405248290172 476 480 -1
479 -14.127946605053173 -145.56374553702904 1456.0042372245075 477 481 -1
480 3.6510350321319236 -158.30567958166995 1444.9497551453624 478 482 -1
481 -14.221248748276233 -145.42176269555193 1456.1267586790077 479 483 -1
482 3.838564138828039 -158.30982964416233 1444.9592611890303 480 484 -1
483 -14.314386261649734 -145.2804702970377 1456.250200071819 481 485 -1
484 4.0260968668208745 -158.31306158883635 1444.9690477732079 482 486 -1
485 -14.407310385047953 -145.13987924491028 1456.374599307814 483 487 -1
486 4.213627623898765 -158.31535201755852 1444.9791333360595 484 488 -1
487 -14.5 -145.0 1456.5 485 489 490
488 4.401150540913329 -158.31670014743744 1444.9895294836058 486 491 -1
489 -14.675822732467521 -144.96106593013383 1456.424301383853 487 492 -1
490 -14.459993741770072 -144.91595765867285 1456.6736612569528 487 493 -1
491 4.588659811737607 -158.3171081486237 1445.0002464837623 488 494 -1
492 -14.853446747266291 -144.92366389138115 1456.3518401394317 489 495 -1
493 -14.421627112088245 -144.8292670082917 1456.8463732389555 490 496 -1
494 4.776148803854702 -158.31654682295257 1445.0113057018307 491 497 -1
495 -15.032590968093082 -144.88764277776815 1456.2824887995646 492 498 -1
496 -14.384632506367844 -144.74021341982046 1457.0181807299743 493 499 -1
497 4.963611776123754 -158.31503552166853 1445.0227112902712 494 500 -1
498 -15.213227938716551 -144.85303874126996 1456.2163633979844 495 501 -1
499 -14.348776752552324 -144.64901000601432 1457.1891000355013 496 502 -1
500 5.1510416839977005 -158.31254883945013 1445.0344835510364 497 503 -1
501 -15.395323365495685 -144.81988648254995 1456.1535793364042 498 504 -1
502 -14.31377732077226 -144.55596327651907 1457.3592016017974 499 505 -1
503 5.3384319753376985 -158.3090867195212 1445.04663358326 500 506 -1
504 -15.578835942632834 -144.78821896037377 1456.094250714144 501 507 -1
505 -14.279404028321986 -144.46127655021607 1457.5285244266606 502 508 -1
506 5.525776193264361 -158.30465050285713 1445.0591715747044 503 509 -1
507 -15.763717240376947 -144.75806709401752 1456.038489621706 504 510 -1
508 -14.245414379542186 -144.36517925764832 1457.6971286909318 505 511 -1
509 5.713065846299314 -158.29920808800804 1445.0721214542343 506 512 -1
510 -15.949916261260924 -144.7294652213292 1455.98641927329 507 513 -1
511 -14.211577247801754 -144.2678880630013 1457.8650778588226 508 514 -1
512 5.900295057016428 -158.29277886749972 1445.085486041457 509 515 -1
513 -16.137367933581796 -144.70243736747946 1455.938141337239 510 516 -1
514 -14.177665758668258 -144.16958951280176 1458.0324244841834 511 517 -1
515 6.087455283127525 -158.28533955408383 1445.0992858529692 512 518 -1
516 -16.32600522776192 -144.67701140416702 1455.8937697440904 513 519 -1
517 -14.143464077259269 -144.07049335353346 1458.1992408737656 514 520 -1
518 6.274538605389039 -158.2768829309185 1445.113534872229 515 521 -1
519 -16.51575258998191 -144.65321106337896 1455.8534117122776 516 522 -1
520 -14.108746433291271 -143.97077059793327 1458.3655765982755 517 523 -1
521 6.461538114853517 -158.26741510608298 1445.1282408790003 518 524 -1
522 -16.706525808073177 -144.63105452539065 1455.8171640051173 519 525 -1
523 -14.073315721145592 -143.87061480807873 1458.5315012538842 520 526 -1
524 6.648443034043177 -158.25690101562867 1445.1434305768205 521 527 -1
525 -16.898235230018795 -144.61055867852983 1455.7851234876298 522 528 -1
526 -14.036945177182305 -143.77019600398685 1458.6970631168494 523 529 -1
527 6.8352467530687875 -158.24535532931793 1445.1591078034448 524 530 -1
528 -17.090784117543034 -144.59173592624964 1455.7573791862283 525 531 -1
529 -13.999449003391101 -143.6696927838179 1458.8623222719923 526 532 -1
530 7.021940106346908 -158.23276607239725 1445.1752885898861 527 533 -1
531 -17.284068524630015 -144.5745919897931 1455.734006357489 528 534 -1
532 -13.960607237279234 -143.56927870888978 1459.0273244698096 529 535 -1
533 7.208511801852647 -158.21910720261172 1445.1919962494571 530 536 -1
534 -17.47798033011188 -144.55913117307207 1455.715080065098 531 537 -1
535 -13.920230365798908 -143.4691263733147 1459.1921169200812 532 538 -1
536 7.394954907132153 -158.20439267805253 1445.2092343035251 533 539 -1
537 -17.672405578135585 -144.54535075298725 1455.700660411069 534 540 -1
538 -13.87812061573655 -143.36940952578055 1459.3567394459617 535 541 -1
539 7.5812578690782155 -158.18859972313305 1445.2270245797367 536 542 -1
540 -17.8672266048738 -144.53324468301957 1455.6908022042564 537 543 -1
541 -13.834064927005425 -143.27030945792634 1459.5212248346763 538 544 -1
542 7.767409912556644 -158.1717163287187 1445.245383791186 539 545 -1
543 -18.06232184682487 -144.52279864304768 1455.6855412123134 540 546 -1
544 -13.787908846100152 -143.17199024689504 1459.6856025635116 541 547 -1
545 7.953402673081379 -158.15374853878916 1445.2643190048861 542 548 -1
546 -18.257567976853522 -144.51399523396893 1455.6849080876125 543 549 -1
547 -13.739393357183943 -143.0746609699633 1459.8498896101999 544 550 -1
548 8.139222433139281 -158.13466862202827 1445.2838553305107 545 551 -1
549 -18.452840225674304 -144.50681134755106 1455.6889209455235 546 552 -1
550 -13.688408330866455 -142.97847261850183 1460.0141003716922 547 553 -1
551 8.324858711136748 -158.11447341688958 1445.3040048906557 548 554 -1
552 -18.648013536537057 -144.50121830101205 1455.6975853356237 549 555 -1
553 -13.634726872641535 -142.8836291188747 1460.1782337819996 550 556 -1
554 8.51030163498124 -158.09316365214983 1445.3247773726223 551 557 -1
555 -18.84296370011902 -144.49718203858188 1455.7108943812627 552 558 -1
556 -13.578425180187908 -142.79015668553083 1460.3422759313216 553 559 -1
557 8.695535529298324 -158.07070979844357 1445.3461995989353 554 560 -1
558 -19.037568445131377 -144.49466339426738 1455.7288290798472 555 561 -1
559 -13.519608769095372 -142.69805033565746 1460.5062085961174 556 562 -1
560 8.880549451565185 -158.04711152862114 1445.368282058104 557 563 -1
561 -19.23170846248932 -144.49361840848803 1455.7513587518313 558 564 -1
562 -13.458363270087961 -142.60731393045077 1460.6700158558926 559 565 -1
563 9.065332195928816 -158.0223672905261 1445.3910356428496 560 566 -1
564 -19.425268343999672 -144.49399869005427 1455.7784416226955 561 567 -1
565 -13.394854688927492 -142.51790208441832 1460.8336898238801 562 568 -1
566 9.249866673454761 -157.99644934615705 1445.4144867976268 563 569 -1
567 -19.61813742018096 -144.4957518141529 1455.8100255193237 564 570 -1
568 -13.329128366121802 -142.4298376002404 1460.9972188155325 565 571 -1
569 9.434140058202763 -157.96935337747593 1445.4386483212231 566 572 -1
570 -19.810210485825994 -144.4988217465991 1455.8460486602223 567 573 -1
571 -13.261344182555098 -142.34307132721395 1461.1606017170745 568 574 -1
572 9.618140304090543 -157.94107901914273 1445.4635303811826 569 575 -1
573 -20.001387771941573 -144.50315005260578 1455.8864432730281 570 576 -1
574 -13.19159912472647 -142.25758929847981 1461.3238364025558 571 577 -1
575 9.801849869752644 -157.9116043277209 1445.489156419651 572 578 -1
576 -20.191576444174686 -144.5086747828646 1455.9311311914796 573 579 -1
577 -13.119968525587863 -142.1733907575284 1461.4869217072487 574 580 -1
578 9.985251806705838 -157.8809133975093 1445.5155464961585 575 581 -1
579 -20.38069149746255 -144.5153308347062 1455.9800240295215 576 582 -1
580 -13.04659840467008 -142.09042361256803 1461.649864829331 577 583 -1
581 10.168334119571375 -157.84901093750526 1445.54270759118 578 584 -1
582 -20.56865448162557 -144.52305213473886 1456.0330304578238 579 585 -1
583 -12.971555520098704 -142.00868890105338 1461.8126690868046 580 586 -1
584 10.351080276535919 -157.81588518172768 1445.5706569902134 581 587 -1
585 -20.75539375164693 -144.53177155430845 1456.0900556549202 582 588 -1
586 -12.894946932169603 -141.92815679087226 1461.9753434602424 583 589 -1
587 10.533465994573373 -157.78150034051575 1445.599427959028 584 590 -1
588 -20.94084473386104 -144.5414209549705 1456.151001044596 585 591 -1
589 -12.8168870188825 -141.84878793770113 1462.1378996807018 586 592 -1
590 10.71548070088215 -157.7458704756377 1445.6290212960553 587 593 -1
591 -21.124952058859314 -144.55193026028786 1456.2157592257813 588 594 -1
592 -12.73743430548183 -141.77058668082063 1462.3003470585975 589 595 -1
593 10.897106314958869 -157.70898437084472 1445.6594541551165 590 596 -1
594 -21.307666295733902 -144.5632300448688 1456.2842242647823 591 597 -1
595 -12.656704775824128 -141.6935077202305 1462.4627013309005 592 598 -1
596 11.078320697774512 -157.67082047612908 1445.690750838212 593 599 -1
597 -21.488944887430016 -144.57525089965907 1456.3562886752545 594 600 -1
598 -12.574793879134386 -141.61751939744116 1462.6249781047484 595 601 -1
599 11.259102817590295 -157.63136381829014 1445.7229315127038 596 602 -1
600 -21.668751872887235 -144.58792370485105 1456.4318441273397 597 603 -1
601 -12.491758776414345 -141.54262568046758 1462.7871924643161 598 604 -1
602 11.439437372953494 -157.59061765021792 1445.756003781227 599 605 -1
603 -21.84705714739314 -144.60118000964505 1456.5107829846502 600 606 -1
604 -12.407710679381607 -141.4687764646039 1462.9493640175003 601 607 -1
605 11.619303827833368 -157.5485709707647 1445.7899849559924 602 608 -1
606 -22.02383718313404 -144.6149518259958 1456.592996470471 603 609 -1
607 -12.32273486116006 -141.39594358654102 1463.1115118340485 604 610 -1
608 11.7986760275873 -157.50520002411122 1445.824901536576 605 611 -1
609 -22.19907422151709 -144.6291720645297 1456.6783763333503 606 612 -1
610 -12.236890885754079 -141.3241282797332 1463.2736562891375 607 613 -1
611 11.977532618693608 -157.46049662611662 1445.8607692630824 608 614 -1
612 -22.37275519528666 -144.64377485871938 1456.7668166416934 609 615 -1
613 -12.150279072082217 -141.2532828874307 1463.4358191077513 610 616 -1
614 12.155855033234749 -157.41446067717916 1445.8975979705874 611 617 -1
615 -22.544871766021302 -144.65869550652272 1456.8582131671487 612 618 -1
616 -12.062979778910774 -141.18337979395 1463.5980222757778 613 619 -1
617 12.333620132577098 -157.36708176867012 1445.9354048472933 614 620 -1
618 -22.715419921870566 -144.67387055621256 1456.9524636986507 615 621 -1
619 -11.975056443963902 -141.11441647913597 1463.7602906925092 616 622 -1
620 12.510800643894962 -157.31834190094048 1445.9742127990082 617 623 -1
621 -22.88439842982461 -144.6892379640855 1457.049470253774 618 624 -1
622 -11.88659802193706 -141.04635160901964 1463.9226476329923 619 625 -1
623 12.687368917200576 -157.26822504041462 1446.0140435684407 620 626 -1
624 -23.051811489596435 -144.70473677625108 1457.1491339812603 621 627 -1
625 -11.797674770442656 -140.979160842393 1464.0851147382798 622 628 -1
626 12.8633058711753 -157.21673564491329 1446.0549036231432 623 629 -1
627 -23.2176657681228 -144.72030753020357 1457.2513599713238 624 630 -1
628 -11.708262942907762 -140.91288910878404 1464.2476911008819 625 631 -1
629 13.03858630722862 -157.16386507409814 1446.0968080561186 626 632 -1
630 -23.38197073130591 -144.73589214148885 1457.356056116262 627 633 -1
631 -11.618302460640836 -140.84758131345086 1464.410354780266 628 634 -1
632 13.213191664638241 -157.1096134493413 1446.1397530295205 629 635 -1
633 -23.544738098586105 -144.75143387343468 1457.4631335002282 630 636 -1
634 -11.52773337562724 -140.78328437521571 1464.5730833885502 631 637 -1
635 13.387101051882336 -157.05397227337363 1446.183731855248 632 638 -1
636 -23.705979391623345 -144.76687704942282 1457.572509529083 633 639 -1
637 -11.43648009043526 -140.7200720467745 1464.7358546361809 634 640 -1
638 13.560307371052337 -156.9969599563469 1446.2287173845514 635 641 -1
639 -23.86571313247401 -144.78216761732105 1457.6840968102701 636 642 -1
640 -11.344482029087112 -140.65799512227164 1464.898643532745 637 643 -1
641 13.732801111126266 -156.93858871777647 1446.2746872549028 638 644 -1
642 -24.023955790553586 -144.79725250928772 1457.7978163411929 639 645 -1
643 -11.251686947576806 -140.5970947809673 1465.0614244091903 640 646 -1
644 13.904571018534911 -156.87886652325778 1446.3216222071032 641 647 -1
645 -24.180724633269143 -144.8120795601708 1457.913592593509 642 648 -1
646 -11.15802522681119 -140.53743980410368 1465.224170053515 643 649 -1
647 14.07560641601269 -156.81780168469055 1446.3695026729922 644 650 -1
648 -24.33604195040232 -144.82659846000206 1458.0313474766936 645 651 -1
649 -11.063433198114492 -140.47909153823872 1465.386851268545 646 652 -1
650 14.245889495649074 -156.75538930713583 1446.4183180413572 647 653 -1
651 -24.489925151580245 -144.84075861830374 1458.1510134905168 648 654 -1
652 -10.967870104701918 -140.42208178475454 1465.5494394022228 649 655 -1
653 14.415416043756718 -156.69164825090462 1446.4680410858311 650 656 -1
654 -24.642398863607152 -144.8545120063398 1458.2725171439488 651 657 -1
655 -10.87127921013828 -140.36646709291054 1465.7119033133483 652 658 -1
656 14.584179424020661 -156.626591813125 1446.5186486468474 653 659 -1
657 -24.793482675714397 -144.86780989932626 1458.3957948615177 654 660 -1
658 -10.773585717830269 -140.3123298341166 1465.8742068225545 655 661 -1
659 14.752171284478866 -156.56022944462367 1446.570120207745 656 662 -1
660 -24.94320023202393 -144.88060546736241 1458.5207808304385 657 663 -1
661 -10.674766096284843 -140.25968602886476 1466.036319592428 658 664 -1
662 14.919383845946486 -156.49257083405286 1446.6224350705802 659 665 -1
663 -25.091575100004558 -144.8928526239994 1458.6474121528745 660 666 -1
664 -10.574774229479736 -140.20858455108484 1466.1982068903726 661 667 -1
665 15.08580541779812 -156.42361868348797 1446.675576900511 662 668 -1
666 -25.238627296249827 -144.90450423759873 1458.775632642615 663 669 -1
667 -10.473547311156345 -140.15909816643875 1466.3598281344239 664 670 -1
668 15.251428206233047 -156.35338163754255 1446.729525340794 665 671 -1
669 -25.38438239924479 -144.91551619454594 1458.9053816335309 666 672 -1
670 -10.371050404568782 -140.11126536909688 1466.5211463884384 667 673 -1
671 15.416251646998438 -156.2818789836956 1446.7842535303087 668 674 -1
672 -25.52886323988839 -144.9258437444306 1459.0366037984163 669 675 -1
673 -10.267258334996022 -140.06511442360033 1466.6821259770938 670 676 -1
674 15.580270201358422 -156.2091211345008 1446.839740292327 671 677 -1
675 -25.67209204325669 -144.9354422282553 1459.169246255982 672 678 -1
676 -10.162136578058178 -140.02068805296452 1466.8427275212816 673 679 -1
677 15.743478868267498 -156.13511864021447 1446.8959643787123 674 680 -1
678 -25.814090726271637 -144.94426713856117 1459.3032580002284 675 681 -1
679 -10.055632865316815 -139.97805422185078 1467.0029038252605 676 682 -1
680 15.905873174508791 -156.05988217015278 1446.9529044895655 677 683 -1
681 -25.95488302595551 -144.95227559800253 1459.4385874228 678 684 -1
682 -9.947730038035727 -139.93723762459294 1467.1626162623625 679 685 -1
683 16.067439349219306 -155.98340802722805 1447.0105473155659 680 686 -1
684 -26.094491023980957 -144.9594241498341 1459.5751860043035 681 687 -1
685 -9.838413712646936 -139.89826146103607 1467.321826275643 682 688 -1
686 16.228183223363857 -155.9057211377036 1447.0688633107402 683 689 -1
687 -26.232936481804263 -144.9656695071454 1459.7130066333636 684 690 -1
688 -9.727671782143439 -139.86115820751618 1467.4804976661374 685 691 -1
689 16.38810228517208 -155.82683306134817 1447.1278307656135 686 692 -1
690 -26.37024079129205 -144.97096849289113 1459.852003502722 687 693 -1
691 -9.615598678590018 -139.8259427120499 1467.638664099247 688 694 -1
692 16.54719406572137 -155.74675475483406 1447.1874283587465 689 695 -1
693 -26.506424930728727 -144.97527798153905 1459.9921320057147 690 696 -1
694 -9.502347351000145 -139.79264595724626 1467.796406436574 691 697 -1
695 16.705456563920595 -155.66549721101774 1447.2476347999666 692 698 -1
696 -26.64150942557898 -144.9785548424773 1460.1333486332599 693 699 -1
697 -9.388096202886969 -139.76125439085493 1467.953818066149 694 700 -1
698 16.862883178537615 -155.58306441675757 1447.3084322803406 695 701 -1
699 -26.77551410189822 -144.98075566203528 1460.2756110717698 696 702 -1
700 -9.273005454272136 -139.73177257634168 1468.1109871353797 697 703 -1
701 17.019472264972627 -155.49946688224492 1447.3697995508835 698 704 -1
702 -26.908458618089735 -144.98183725526988 1460.418877557134 699 705 -1
703 -9.157226879664277 -139.70421501157693 1468.2680001532294 700 706 -1
704 17.17522865025311 -155.41472334613042 1447.431711607463 701 707 -1
705 -27.040362120451586 -144.98175634892053 1460.5631070971426 702 708 -1
706 -9.04090883195275 -139.67859987267968 1468.4249434016824 703 709 -1
707 17.33015207351167 -155.3288447951292 1447.494147418466 704 710 -1
708 -27.171242992167496 -144.9804692670367 1460.7082595740637 705 711 -1
709 -8.924197296719225 -139.65494919220814 1468.5819029496536 706 712 -1
710 17.48424267128282 -155.24184218628542 1447.5570860434732 707 713 -1
711 -27.301119044654932 -144.97793261076754 1460.854295449921 708 714 -1
712 -8.80723636108046 -139.63330000298464 1468.738965698058 709 715 -1
713 17.63749934884558 -155.15372429641093 1447.6205075372434 710 716 -1
714 -27.430008818886005 -144.97412898136966 1461.0011752322391 711 717 -1
715 -8.69017277928951 -139.61369160531572 1468.896219817314 712 718 -1
716 17.789915172742234 -155.06449177099793 1447.6843951828553 713 719 -1
717 -27.557932997236072 -144.9690788772737 1461.148859445271 714 720 -1
718 -8.573154058606738 -139.59614038045024 1469.0537499674392 715 721 -1
719 17.941500743743294 -154.97416791605133 1447.7487229439419 716 722 -1
720 -27.68491328280356 -144.96280593631897 1461.2973094254828 717 723 -1
721 -8.456327303950648 -139.5806860604523 1469.2116417066898 718 724 -1
722 18.092257649449465 -154.88276345700075 1447.8134703305666 719 725 -1
723 -27.810972214948993 -144.95533392612734 1461.4464873978434 720 726 -1
724 -8.339842555564458 -139.56737315743524 1469.3699804674063 721 727 -1
725 18.242187801599247 -154.79028904080567 1447.87861698256 722 728 -1
726 -27.93613286413335 -144.94668638326488 1461.5963566648222 723 729 -1
727 -8.223853861587541 -139.55625114724305 1469.5288514881233 724 730 -1
728 18.391292970650223 -154.69675465270123 1447.9441428717532 725 731 -1
729 -28.060419316004122 -144.93688728583763 1461.7468811881388 726 732 -1
730 -8.108522837833346 -139.5473815496844 1469.6883417963898 727 733 -1
731 18.539565083660545 -154.60215735326403 1448.0100322441258 728 734 -1
732 -28.183856331968517 -144.92596065630136 1461.8980258176252 729 735 -1
733 -7.99402925632667 -139.54085586946215 1469.8485467715373 730 736 -1
734 18.687017924484543 -154.50652161047512 1448.0762600999235 731 737 -1
735 -28.30646915485137 -144.91393034523705 1462.0497563841159 732 738 -1
736 -7.880536831754416 -139.53670611494934 1470.0095408880227 733 739 -1
737 18.83365456750741 -154.40985767916115 1448.1428066429182 734 740 -1
738 -28.428283554090786 -144.90082013086035 1462.202039614124 735 741 -1
739 -7.768228144764785 -139.53500401323564 1470.1714069129011 736 742 -1
740 18.979478340714994 -154.31217570251587 1448.2096522268741 737 743 -1
741 -28.5493257719027 -144.8866536883039 1462.354843119522 738 744 -1
742 -7.657295825804581 -139.5358270217238 1470.3342259769122 739 745 -1
743 19.12449089110655 -154.2134829278447 1448.2767773878566 740 746 -1
744 -28.669622472423182 -144.87145456198095 1462.5081353841335 741 747 -1
745 -7.547970477997769 -139.53929843663474 1470.498093388107 742 748 -1
746 19.26869026443542 -154.11377852986908 1448.3441588738067 743 749 -1
747 -28.789200693852642 -144.8552461409053 1462.6618857475808 744 750 -1
748 -7.440470587985029 -139.54550053464098 1470.663083438702 745 751 -1
749 19.41209288294253 -154.01308247860214 1448.4117656386961 746 752 -1
750 -28.908087803594277 -144.83805163683846 1462.816064386712 747 753 -1
751 -7.335013209631464 -139.55450340989617 1470.829257769879 748 754 -1
752 19.554705570112223 -153.9114023866636 1448.479570227627 749 755 -1
753 -29.026310635933015 -144.8198928509867 1462.9706427735525 750 756 -1
754 -7.231860567789996 -139.56642470712373 1470.9966899823162 751 757 -1
755 19.696535283410384 -153.80874565470899 1448.5475453912175 752 758 -1
756 -29.1438978866605 -144.80079370545857 1463.1255922021633 753 759 -1
757 -7.131337708859742 -139.58143389804766 1471.1654672801676 754 760 -1
758 19.8375825191944 -153.70511123586695 1448.6156650640144 755 761 -1
759 -29.26087771506038 -144.7807768302105 1463.2808852033909 756 762 -1
760 -7.033673649357078 -139.59957162825677 1471.3356093959962 757 763 -1
761 19.977855738316745 -153.60050766008663 1448.6839015278717 758 764 -1
762 -29.377278426301817 -144.7598645678817 1463.4364950727688 759 765 -1
763 -6.93917727180632 -139.62100387388668 1471.507151164132 760 766 -1
764 20.117367623855543 -153.49494845937312 1448.7522270896657 761 767 -1
765 -29.49312816956831 -144.738078515617 1463.5923959787506 762 768 -1
766 -6.847457093008818 -139.6458433223794 1471.6797385405373 763 769 -1
767 20.256125528795835 -153.38844021546953 1448.8206152278974 764 770 -1
768 -29.60845520287204 -144.71543993062136 1463.748562760698 765 771 -1
769 -6.757499515811519 -139.67408974717335 1471.852730318292 766 772 -1
770 20.394135585160907 -153.2809876917351 1448.8890395970482 767 773 -1
771 -29.72328887363251 -144.69197145190728 1463.9049704274876 768 774 -1
772 -6.668283213356658 -139.70587626013216 1472.0254919202973 769 775 -1
773 20.531395944851823 -153.17258522154503 1448.9574736025509 770 776 -1
774 -29.837657933366255 -144.6676943934236 1464.0615949746234 771 777 -1
775 -6.5787319298433715 -139.74106906780503 1472.1974174007642 772 778 -1
776 20.66792485400959 -153.06325237259452 1449.0258906275897 773 779 -1
777 -29.95159053233233 -144.64262857029607 1464.218413275281 774 780 -1
778 -6.487799424566538 -139.77969151657064 1472.367874283248 775 781 -1
779 20.80372984540927 -152.95299497796734 1449.0942647205197 776 782 -1
780 -30.065115967517194 -144.61679549133592 1464.375402269667 777 783 -1
781 -6.3945327159601275 -139.82160299975627 1472.5362789117928 778 784 -1
782 20.938818465211927 -152.84181869725134 1449.162570046562 779 785 -1
783 -30.178263376673335 -144.59021616833311 1464.532539551217 780 786 -1
784 -6.29810922599436 -139.8666272324988 1472.7020806710022 781 787 -1
785 21.07318880121168 -152.72971676653782 1449.230779228076 782 788 -1
786 -30.291061098942002 -144.56290969323604 1464.689803523459 783 789 -1
787 -6.197715347677029 -139.91463975063743 1472.8646541449575 784 790 -1
788 21.206855755711768 -152.616703900161 1449.2988670379523 785 791 -1
789 -30.403538293650968 -144.53489653639167 1464.847172752825 786 792 -1
790 -6.09283899882879 -139.9653599987584 1473.0235308723659 787 793 -1
791 21.339829155051593 -152.5027882285976 1449.36680822494 788 794 -1
792 -30.515724117919294 -144.5061970914098 1465.0046262937935 789 795 -1
793 -5.98351039106864 -140.0186111797352 1473.1785325152275 790 796 -1
794 21.472116508934047 -152.38797478232112 1449.4345773030993 791 797 -1
795 -30.627646780382854 -144.47682918479805 1465.162143855593 792 798 -1
796 -5.87059155908734 -140.07441951982636 1473.3300239020286 793 799 -1
797 21.603718296239727 -152.27225918871943 1449.5021465034915 794 800 -1
798 -30.739335677559982 -144.4468134669995 1465.319705235922 795 801 -1
799 -5.7549330685477855 -140.1328626009794 1473.4784255692555 796 802 -1
800 21.734644636919217 -152.1556496073997 1449.5694905214837 797 803 -1
801 -30.8508194185329 -144.41616846883778 1465.4772907824822 798 804 -1
802 -5.637274123084967 -140.194042617629 1473.6241284707423 799 805 -1
803 21.86490744919359 -152.0381566308826 1449.6365853274767 800 806 -1
804 -30.962126607078993 -144.38491239299586 1465.6348811219007 801 807 -1
805 -5.5182719793321935 -140.25808527305884 1473.7674924224666 802 808 -1
806 21.99451406708218 -151.9197847786911 1449.7034056006448 803 809 -1
807 -31.07328624335467 -144.35306496638958 1465.7924572207091 804 810 -1
808 -5.398527028919483 -140.32513962987906 1473.9088471155674 805 811 -1
809 22.123466371807623 -151.80053115259437 1449.769923289637 806 812 -1
810 -31.184326564171922 -144.32064264317177 1465.950000207133 807 813 -1
811 -5.278604560145847 -140.395378690715 1474.048494321207 808 814 -1
812 22.251771372270714 -151.68039965477828 1449.836112188552 809 815 -1
813 -31.295276505482004 -144.28766533994423 1466.1074916744228 810 816 -1
814 -5.159054211775544 -140.46900049002835 1474.1867103892773 811 817 -1
815 22.37944200801165 -151.55940234471262 1449.9019496616688 812 818 -1
816 -31.406164378630024 -144.25414957342136 1466.264913175466 813 819 -1
817 -5.040428053981262 -140.54622945647347 1474.323748422645 814 820 -1
818 22.506485321480852 -151.43754336789564 1449.9674103718137 815 821 -1
819 -31.51701873563092 -144.22011397051554 1466.4222467276156 816 822 -1
820 -4.923298124580398 -140.62731774455236 1474.4598396460403 817 823 -1
821 22.632903970554548 -151.3148208205154 1450.0324659468959 818 824 -1
822 -31.62786792801088 -144.18557538898796 1466.57947427456 819 825 -1
823 -4.808274121622519 -140.71254612110238 1474.5951935234348 820 826 -1
824 22.758702841927715 -151.19123582782706 1450.0970888017346 821 827 -1
825 -31.738740278583776 -144.15055157600455 1466.736578106061 822 828 -1
826 -4.696021787668314 -140.8022238107413 1474.729996137553 823 829 -1
827 22.883895205557007 -151.06680135757512 1450.1612576858515 824 830 -1
828 -31.84966405306948 -144.1150594383513 1466.8935404728898 825 831 -1
829 -4.5872822727743445 -140.8966864388101 1474.8644062533804 826 832 -1
830 23.00848771379851 -150.9415213372696 1450.2249470738736 827 833 -1
831 -31.960667414280802 -144.07911617471999 1467.050343840832 828 834 -1
832 -4.482892360038816 -140.99629085089018 1474.9985483737662 829 835 -1
833 23.132483485755827 -150.8153947784596 1450.2881282652775 830 836 -1
834 -32.071778501459434 -144.04273852823076 1467.2069706391703 831 837 -1
835 -4.383779938709698 -141.10139484578477 1475.13249236728 832 838 -1
836 23.255885678727896 -150.68842076605733 1450.3507718274407 833 839 -1
837 -32.18302531162969 -144.0059434091042 1467.3634034592715 834 840 -1
838 -4.290457591194164 -141.2121347692724 1475.2660543795755 835 841 -1
839 23.3787075317805 -150.56061301929125 1450.4128578853906 836 842 -1
840 -32.29443588870601 -143.9687472549205 1467.5196247444223 837 843 -1
841 -4.202848816296751 -141.3283875861062 1475.3988013978721 838 844 -1
842 23.500955220789795 -150.431975424028 1450.474360570776 839 845 -1
843 -32.40603799419782 -143.93116688361556 1467.675617198559 840 846 -1
844 -4.120805493613539 -141.45002211202507 1475.530279203175 841 847 -1
845 23.622632260895028 -150.30250818360494 1450.5352510425028 842 848 -1
846 -32.517859665911054 -143.89321834779184 1467.8313630865728 843 849 -1
847 -4.044180637103123 -141.57695247911465 1475.6600092863719 844 850 -1
848 23.743739981734194 -150.1722084283368 1450.5954972515674 845 851 -1
849 -32.6299283074381 -143.85491851287335 1467.986845241699 846 852 -1
850 -3.9726240722798827 -141.70893791245084 1475.787570321654 847 853 -1
851 23.864291410223515 -150.04109092968807 1450.6550812600544 848 854 -1
852 -32.742272084004945 -143.81628302129687 1468.1420455374084 849 855 -1
853 -3.905832376986064 -141.84582388483935 1475.9125251811354 850 856 -1
854 23.9842904092288 -149.9091616784471 1450.713984698617 851 857 -1
855 -32.854917877433934 -143.7773288765985 1468.2969469757772 852 858 -1
856 -3.843520125131807 -141.9875214670361 1476.0343937180278 853 859 -1
857 24.103737675173385 -149.77642642042474 1450.772194807403 854 860 -1
858 -32.967894144670936 -143.73807133216926 1468.4515308118084 855 861 -1
859 -3.785326814794922 -142.13391171328504 1476.1527001187833 856 862 -1
860 24.222628861389506 -149.64288390360653 1450.8296925838881 857 863 -1
861 -33.08122720557885 -143.69852746977904 1468.605780131044 858 864 -1
862 -3.7307776591746618 -142.28478096315766 1476.267050079033 859 865 -1
863 24.340974149412276 -149.50855392414866 1450.886477700006 860 866 -1
864 -33.19494552828996 -143.65871253875775 1468.7596757595131 861 867 -1
865 -3.679523030096221 -142.44011799143738 1476.3768515367756 862 868 -1
866 24.45877572244624 -149.37344458142974 1450.94253977395 863 869 -1
867 -33.30907531117532 -143.6186433323944 1468.9132003472962 864 870 -1
868 -3.6310384183136897 -142.59972187932863 1476.4816783961357 865 871 -1
869 24.576035594942677 -149.23756373162442 1450.997868178296 866 872 -1
870 -33.42364448942794 -143.57833545954264 1469.066334680191 867 873 -1
871 -3.5848571394698574 -142.7635206693277 1476.5809239642795 868 874 -1
872 24.692747219354427 -149.1009072098912 1451.0524402111264 869 875 -1
873 -33.538679594706736 -143.5378052836672 1469.2190604856576 870 876 -1
874 -3.5404357954134857 -142.9313524029376 1476.6740449824156 871 877 -1
875 24.80892196103096 -148.96349619209 1451.1062578885967 872 878 -1
876 -33.65420771052428 -143.4970688278831 1469.3713586632516 873 879 -1
877 -3.497224407417127 -143.10311057232093 1476.7603201057207 874 880 -1
878 24.924562121307275 -148.8253389447849 1451.1593109600515 875 881 -1
879 -33.770255879364505 -143.45614214961927 1469.5232097925366 876 882 -1
880 -3.454625044703237 -143.2784763893855 1476.839336514626 877 883 -1
881 25.039670027015692 -148.68644377829835 1451.2115892096572 878 884 -1
882 -33.886850104568595 -143.4150416399169 1469.6745949547103 879 885 -1
883 -3.4120358158187076 -143.45715441993553 1476.9105529100045 880 886 -1
884 25.154240191966473 -148.54680834016798 1451.2630706280197 881 887 -1
885 -34.0040180963598 -143.37378318798886 1469.8254933663736 882 888 -1
886 -3.368799541106402 -143.63867688256025 1476.9737249854272 883 889 -1
887 25.26828173447727 -148.4064504236121 1451.3137547829003 884 890 -1
888 -34.121784639743936 -143.33238347590427 1469.9758862853769 885 891 -1
889 -3.3242345678961214 -143.82257825149972 1477.0285367696779 886 892 -1
890 25.381798227327472 -148.26538009878195 1451.363633315969 887 893 -1
891 -34.240177994531386 -143.29085841969015 1470.1257515715306 888 894 -1
892 -3.277620429037078 -144.00834995660983 1477.0746484100532 889 895 -1
893 25.494792081869594 -148.12360585740433 1451.4126961583645 890 896 -1
894 -34.35922222569159 -143.24922482164973 1470.2750701257155 891 897 -1
895 -3.22816967045444 -144.19542172459853 1477.1116420600838 892 898 -1
896 25.60725941883538 -147.98112787583906 1451.46092308699 893 899 -1
897 -34.478944776741095 -143.20749894451214 1470.423819489816 894 900 -1
898 -3.175146401063332 -144.38311750201166 1477.1393376973413 895 901 -1
899 25.71920651731695 -147.8379599938811 1451.5083098713278 896 902 -1
900 -34.59937023566684 -143.16569753530453 1470.571979056834 897 903 -1
901 -3.1178016004611 -144.5707028238166 1477.1575076818458 898 904 -1
902 25.83063839239549 -147.69411426658783 1451.5548506214 899 905 -1
903 -34.7205246547204 -143.12383723672497 1470.7195264162297 900 906 -1
904 -3.055412614720607 -144.75736160489674 1477.1659788105612 901 907 -1
905 25.94155751557313 -147.54959938152 1451.6005354323597 902 908 -1
906 -34.84243318375322 -143.08193488051543 1470.8664393110296 903 909 -1
907 -2.9873156958740186 -144.94220155939146 1477.1646645550773 904 910 -1
908 26.051961448371504 -147.4044177644727 1451.64534594855 905 911 -1
909 -34.965120314610374 -143.0400074156969 1471.0126954070388 906 912 -1
910 -2.912959979756302 -145.1242816947155 1477.1535966346012 907 913 -1
911 26.16185386521832 -147.25857988339453 1451.6892739867842 908 914 -1
912 -35.088611755831614 -142.99807188962382 1471.1582706782547 909 915 -1
913 -2.8323727777438448 -145.30286837085444 1477.1331274418696 910 916 -1
914 26.271241085027572 -147.1120995246217 1451.7323162541772 911 917 -1
915 -35.21293028626566 -142.9561454859945 1471.3031428899474 912 918 -1
916 -2.7460817073379924 -145.47752168869096 1477.103833856612 913 919 -1
917 26.380125617422323 -146.96498558758017 1451.7744630316815 914 920 -1
918 -35.338102129126376 -142.91424558648606 1471.4472861511106 915 921 -1
919 -2.6547198670228256 -145.6480108420253 1477.0664837035258 916 922 -1
920 26.488506196077452 -146.81724234971625 1451.815697692429 917 923 -1
921 -35.46414832451809 -142.87238954857105 1471.5906782492812 918 924 -1
922 -2.5588673460277453 -145.81422579893837 1477.0218253279395 919 925 -1
923 26.596384337195193 -146.66887773765094 1451.8560083899763 920 926 -1
924 -35.59109518742179 -142.83059516926244 1471.733291649676 921 927 -1
925 -2.4590437408473003 -145.97614855141265 1476.9705658152327 922 928 -1
926 26.703767422729936 -146.51990688829696 1451.8953943482552 923 929 -1
927 -35.718962622879445 -142.78887998567726 1471.8751035429125 924 930 -1
928 -2.3556399872306892 -146.1337372499935 1476.913243719838 925 931 -1
929 26.81065798076953 -146.3703389295936 1451.9338460611118 926 932 -1
930 -35.84777562864256 -142.74726214594702 1472.0160858401553 927 933 -1
931 -2.249139080092604 -146.28718347856534 1476.8505972676392 928 934 -1
932 26.9170555500939 -146.2201794988838 1451.9713482282302 929 935 -1
933 -35.97755402900191 -142.7057594804505 1472.1562141058996 930 936 -1
934 -2.139874050266328 -146.4365999673686 1476.7831464484455 931 937 -1
935 27.02296013861167 -146.06943500959645 1452.0078861615389 932 938 -1
936 -36.10832096373987 -142.66439041477457 1472.2954600629039 933 939 -1
937 -2.0281472960730245 -146.58214032668548 1476.711387240063 934 940 -1
938 27.128379852549568 -145.91812146534113 1452.0434612694041 935 941 -1
939 -36.24009605379109 -142.6231731361216 1472.4337976234776 936 942 -1
940 -1.91423984974495 -146.72400997238705 1476.635803387476 937 943 -1
941 27.233317221190354 -145.76624823877344 1452.0780642914171 938 944 -1
942 -36.37290040863141 -142.58212628109627 1472.571198386751 939 945 -1
943 -1.7983812958319827 -146.8624000745633 1476.5568081116583 940 946 -1
944 27.337772125486183 -145.61382176815727 1452.1116805398908 941 947 -1
945 -36.506753324232264 -142.5412684463353 1472.707634585669 942 948 -1
946 -1.6807481554117032 -146.99746500328632 1476.4747376411556 943 949 -1
947 27.441743913169148 -145.46084812360954 1452.1442939355782 944 950 -1
948 -36.64167367434946 -142.50061840192555 1472.8430778075574 945 951 -1
949 -1.5615416236382642 -147.12945822872422 1476.3899819842802 946 952 -1
950 27.545240980798464 -145.30734361428108 1452.175907439425 947 953 -1
951 -36.77768032630435 -142.46019520072883 1472.97749856387 948 954 -1
952 -1.4408827139262863 -147.25852165113983 1476.3028022026162 949 955 -1
953 27.64826584397274 -145.15331787216923 1452.206512075695 950 956 -1
954 -36.91478966455142 -142.42001764920317 1473.110868609488 951 957 -1
955 -1.3188900431775545 -147.3848259432568 1476.2134632362938 952 958 -1
956 27.750818167910058 -144.9987775407673 1452.236092691164 953 959 -1
957 -37.053020061416 -142.38010530483737 1473.2431566592652 954 960 -1
958 -1.1956855953286856 -147.50858044929916 1476.1222380082972 955 961 -1
959 27.852897684360002 -144.84372959524816 1452.2646339997693 956 962 -1
960 -37.19238509417043 -142.3404768829712 1473.3743349073352 957 963 -1
961 -1.0713549066266737 -147.6299439426846 1476.0293427302427 958 964 -1
962 27.954512551156554 -144.68819004296392 1452.292139546392 959 965 -1
963 -37.3329026325893 -142.3011525057311 1473.5043701410814 960 966 -1
964 -0.9459681530803284 -147.7490631523175 1475.934972595792 961 967 -1
965 28.05566366231128 -144.53217125923356 1452.318621576026 962 968 -1
966 -37.47458321246378 -142.26215067399644 1473.63323521946 963 969 -1
967 -0.819577162057956 -147.86606375045955 1475.8393001081483 964 970 -1
968 28.156341692439426 -144.3756922018045 1452.3441749667504 965 971 -1
969 -37.61744378197833 -142.22349201554883 1473.7608952912503 966 972 -1
970 -0.6922502490735368 -147.98112082888224 1475.7425178342726 967 973 -1
971 28.256538851241984 -144.218776760209 1452.3689302647895 968 974 -1
972 -37.76149260432858 -142.18519498377006 1473.887323102571 969 975 -1
973 -0.5640307127810843 -148.09436858143076 1475.6447843213493 970 976 -1
974 28.356254877230487 -144.0614526920693 1452.3930262290664 971 977 -1
975 -37.906743406976695 -142.1472800263776 1474.0124844695267 972 978 -1
976 -0.43494010913669306 -148.2059062836041 1475.5462342571432 973 979 -1
977 28.455485554952602 -143.90374181247114 1452.416591728415 974 980 -1
978 -38.05320415391274 -142.10976614682323 1474.136349941279 975 981 -1
979 -0.3048426590363687 -148.31550685296924 1475.446839492355 976 982 -1
980 28.554221247963458 -143.74566062382328 1452.4397519315924 977 983 -1
981 -38.2008840879366 -142.07267311179362 1474.258887409343 978 984 -1
982 -0.17349787951233464 -148.42269686710216 1475.3464624016863 979 985 -1
983 28.652461861714638 -143.5872318396261 1452.4626408021559 980 986 -1
984 -38.3497912810125 -142.03602069237542 1474.3800646542593 981 987 -1
985 -0.04065760942807866 -148.526941308978 1475.2449588703867 982 988 -1
986 28.750208535029902 -143.42847753036253 1452.485388525108 983 989 -1
987 -38.5 -142.0 1474.5 984 990 991
988 0.09392419339015043 -148.62764776357938 1475.1421881508031 985 992 -1
989 28.847459129487017 -143.26941676421185 1452.5081217835323 986 993 -1
990 -38.562917830326285 -142.08486748710314 1474.6425961028995 987 994 -1
991 -38.63857825317032 -141.85364757501205 1474.5716868720258 987 995 -1
992 0.23046021614030898 -148.72421486040034 1475.0380354752422 988 996 -1
993 28.944202196354365 -143.11006345254344 1452.5309714148593 989 997 -1
994 -38.62517455358497 -142.16762814429708 1474.786707669778 990 998 -1
995 -38.779003324072434 -141.70951395281594 1474.6442254915185 991 999 -1
996 0.3691645216853189 -148.81594176373227 1474.932387629434 992 1000 -1
997 29.04044604165995 -142.95044291219085 1452.554062569679 993 1001 -1
998 -38.686828415863374 -142.2482901916216 1474.9322611658417 994 1002 -1
999 -38.9212119152219 -141.56755352345127 1474.7175708576922 995 1003 -1
1000 0.5102314684150778 -148.90204327336346 1474.825149501271 996 1004 -1
1001 29.136189091522336 -142.79057463243547 1452.577518739845 997 1005 -1
1002 -38.74786510321793 -142.32686633237998 1475.0792091655167 998 1006 -1
1003 -39.06513684302275 -141.42773559235349 1474.7916801551664 999 1007 -1
1004 0.6538544042687563 -148.98155550683236 1474.716233948384 1000 1008 -1
1005 29.23142292802234 -142.63047583986295 1452.6014702707848 1001 1009 -1
1006 -38.808271658698025 -142.40337306669676 1475.2275034134022 1002 1010 -1
1007 -39.2107110259827 -141.29002497304472 1474.8665106654178 1003 1011 -1
1008 0.8001690499645203 -149.0534107612947 1474.6056021418926 1004 1012 -1
1009 29.326147440448697 -142.47016877814275 1452.62604012632 1005 1013 -1
1010 -38.868036832873045 -142.4778315165233 1475.3770945081094 1006 1014 -1
1011 -39.35786786850386 -141.15438239758726 1474.9420199684764 1007 1015 -1
1012 0.9491830831870158 -149.1166050853675 1474.4933086573606 1008 1016 -1
1013 29.420364690149835 -142.30967698879812 1452.651343171191 1009 1017 -1
1014 -38.927149555808256 -142.55026242395306 1475.527935153155 1010 1018 -1
1015 -39.50654277934634 -141.02076654324193 1475.018166599809 1011 1019 -1
1016 1.1008868122517872 -149.1697601213724 1474.379436565699 1012 1020 -1
1017 29.51406746345885 -142.14902182156155 1452.6775050852393 1013 1021 -1
1018 -38.9856002686979 -142.62069034051686 1475.6799775467557 1014 1022 -1
1019 -39.65667070894077 -140.8891307803894 1475.0949090304214 1015 1023 -1
1020 1.2550990524917964 -149.21149831187597 1474.2641972303386 1016 1024 -1
1021 29.60724860354625 -141.98822687456195 1452.704652316718 1017 1025 -1
1022 -39.043381076987 -142.68914379852671 1475.8331734569347 1018 1026 -1
1023 -39.80818933076585 -140.75942752046132 1475.1722069987754 1019 1027 -1
1024 1.4114312492837606 -149.2406089125194 1474.147948486762 1020 1028 -1
1025 29.699911765253074 -141.82731972577847 1452.7328854910893 1021 1029 -1
1026 -39.1004839554087 -142.7556499809736 1475.9874773516865 1022 1030 -1
1027 -39.96103630922089 -140.6316045499145 1475.250020410924 1023 1031 -1
1028 1.5693396963168786 -149.25584530372365 1474.031183524236 1024 1032 -1
1029 29.79204801191476 -141.6663264664536 1452.7623262001207 1025 1033 -1
1030 -39.15690296084869 -142.82024111094776 1476.1428427309531 1026 1034 -1
1031 -40.115151930868294 -140.5056088145821 1475.3283103851609 1027 1035 -1
1032 1.728048176243256 -149.25842561149278 1473.914524495233 1028 1036 -1
1033 29.88364651881115 -141.50527566677545 1452.7930994308595 1029 1037 -1
1034 -39.21263315897194 -142.88295115768423 1476.2992241024936 1030 1038 -1
1035 -40.27047675410945 -140.3813831846873 1475.407038359535 1031 1039 -1
1036 1.8869815301729043 -149.24940520869544 1473.7984791910872 1032 1040 -1
1037 29.97471723056969 -141.34418616150214 1452.8252079157044 1033 1041 -1
1038 -39.267669424744604 -142.94381266112626 1476.4565786168428 1034 1042 -1
1039 -40.42695412255206 -140.25887024261095 1475.4861670162882 1035 1043 -1
1040 2.0457508817411214 -149.23071305073685 1473.6833572693345 1036 1044 -1
1041 30.065272608931146 -141.1830425933386 1452.8584823907054 1037 1045 -1
1042 -39.32200906818394 -143.00286370870202 1476.614862378151 1038 1046 -1
1043 -40.584527655605164 -140.13800873036408 1475.5656593906222 1039 1047 -1
1044 2.2041439598237056 -149.20358988135956 1473.5693903971487 1040 1048 -1
1045 30.15533539749574 -141.0218207757952 1452.8927018157729 1041 1049 -1
1046 -39.37564981015642 -143.06014240663905 1476.7740333937031 1042 1050 -1
1047 -40.743143614463754 -140.0187372385184 1475.6454796755684 1043 1051 -1
1048 2.362116116254245 -149.16976457839002 1473.4566310142645 1044 1052 -1
1049 30.244937015975196 -140.86049592578 1452.92763923556 1045 1053 -1
1050 -39.4285893668609 -143.1156859885671 1476.934051898946 1046 1054 -1
1051 -40.90274905864807 -139.90099159626777 1475.7255926048542 1047 1055 -1
1052 2.519719790524001 -149.130556037331 1473.3450997802013 1048 1056 -1
1053 30.33409277569371 -140.699037038576 1452.963094580548 1049 1057 -1
1054 -39.48082744181554 -143.16953572598828 1477.0948779314958 1050 1058 -1
1055 -41.06329300906332 -139.78470681540972 1475.8059638112456 1051 1059 -1
1056 2.6770973365847897 -149.0873080022921 1473.23474423198 1052 1060 -1
1057 30.42283463958942 -140.5374160328964 1452.9988485346992 1053 1061 -1
1058 -39.53236423544076 -143.2217331274965 1477.2564731975926 1054 1062 -1
1059 -41.22472596130489 -139.6698165312483 1475.8865596524695 1055 1063 -1
1060 2.8344490607924238 -149.0413347388964 1473.125455778906 1056 1064 -1
1061 30.511188620860445 -140.37560325095447 1453.034695662427 1057 1065 -1
1062 -39.583200340319735 -143.27231975733395 1477.418801077943 1058 1066 -1
1063 -41.38699959106502 -139.5562527164735 1475.9673471336125 1059 1067 -1
1064 2.9920183998813714 -148.9938043867744 1473.0171497138592 1060 1068 -1
1065 30.599171959712617 -140.21356282683425 1453.0704258680707 1061 1069 -1
1066 -39.633336620262924 -143.32133704070728 1477.581826634699 1062 1070 -1
1067 -41.550067611634134 -139.4439472230598 1476.0482940691466 1063 1071 -1
1068 3.150064719650018 -148.94594777606844 1472.909685315293 1064 1072 -1
1069 30.686818052492423 -140.05126989870504 1453.1058373014375 1065 1073 -1
1070 -39.682775718737865 -143.36882957198165 1477.7455151235624 1066 1074 -1
1071 -41.7138844185806 -139.33282982574633 1476.1293687708871 1067 1075 -1
1072 3.3088566273810764 -148.89894594255063 1472.8029461345163 1068 1076 -1
1073 30.774144415426825 -139.8886900305653 1453.1407181948296 1069 1077 -1
1074 -39.73152020112235 -143.41484092423897 1477.9098338130145 1070 1078 -1
1075 -41.87840613921694 -139.22283007104193 1476.21054023071 1071 1079 -1
1076 3.4686887733993284 -148.8540851487392 1472.6968426779404 1072 1080 -1
1077 30.861174991547685 -139.72579543921722 1453.1748617452251 1073 1081 -1
1078 -39.77957316473339 -143.4594150525497 1478.0747512934272 1074 1082 -1
1079 -42.043590179538754 -139.11387674317538 1476.291777975234 1075 1083 -1
1080 3.629776915133255 -148.81257716495205 1472.591279219928 1076 1084 -1
1081 30.94793379288317 -139.56256368012444 1453.2080736184937 1077 1085 -1
1082 -39.82693819492273 -143.5025961994384 1478.2402374642493 1078 1086 -1
1083 -42.20939478621487 -139.0058973568069 1476.3730519971407 1079 1087 -1
1084 3.792233150313719 -148.77505877662668 1472.4863194003108 1080 1088 -1
1085 31.03443255668265 -139.3989598332247 1453.2401114892791 1081 1089 -1
1086 -39.87361908771781 -143.54442835713039 1478.4062636927624 1082 1090 -1
1087 -42.37577957394451 -138.89881916881 1476.4543327526223 1083 1091 -1
1088 3.955879622230271 -148.74060129184443 1472.3821593358757 1084 1092 -1
1089 31.120695952046823 -139.23497341515545 1453.2707985262452 1085 1093 -1
1090 -39.9196204779741 -143.5849564984498 1478.572802269572 1086 1094 -1
1091 -42.542705132801025 -138.79256872934675 1476.5355910607211 1087 1095 -1
1092 4.120579725769893 -148.70815609290284 1472.279016809343 1088 1096 -1
1093 31.206735730753998 -139.07058204095856 1453.2999052291 1089 1097 -1
1094 -39.964947276585185 -143.62422544086954 1478.7398268147933 1090 1098 -1
1095 -42.710132749467945 -138.68707163416497 1476.616798074331 1091 1099 -1
1096 4.286191410149276 -148.67657564239198 1472.177071662534 1092 1100 -1
1097 31.2925636927261 -138.9057709137687 1453.3272059880078 1093 1101 -1
1098 -40.00960460942268 -143.66227976280172 1478.9073122460863 1094 1102 -1
1099 -42.87802466567271 -138.5822530875257 1476.697925201888 1095 1103 -1
1100 4.452595444360404 -148.6446823479838 1472.0765242893892 1096 1104 -1
1101 31.378192725932017 -138.74053916069292 1453.3525150987496 1097 1105 -1
1102 -40.05359789199938 -143.69916396271347 1479.0752346576473 1098 1106 -1
1103 -43.0463438918738 -138.47803776421952 1476.7789440164713 1099 1107 -1
1104 4.619642421448933 -148.61129224007456 1471.9775428130483 1100 1108 -1
1105 31.46362585925817 -138.57488200353217 1453.3756079444329 1101 1109 -1
1106 -40.09693279504661 -143.73492240597537 1479.2435712842812 1102 1110 -1
1107 -43.21505390277132 -138.37434952941996 1476.8598262420412 1103 1111 -1
1108 4.787169947466338 -148.57513950752295 1471.880363968108 1104 1112 -1
1109 31.548876565349623 -138.40884094339165 1453.3965137555801 1105 1113 -1
1110 -40.13961521192792 -143.76959927779453 1479.4123004635205 1106 1114 -1
1111 -43.384118682599144 -138.27111166335104 1476.9405436661932 1107 1115 -1
1112 4.95494802524896 -148.53510875012046 1471.7851615140023 1108 1116 -1
1113 31.633956467225673 -138.2424555264459 1453.4152681853327 1109 1117 -1
1114 -40.18165122790087 -143.80323854193904 1479.5814015962128 1110 1118 -1
1115 -43.55350263055026 -138.16824686447316 1477.021068050541 1111 1119 -1
1116 5.122761247819063 -148.490210476881 1471.6922208485157 1112 1120 -1
1117 31.718874571682367 -138.07575801346218 1453.431859988993 1113 1121 -1
1118 -40.22304709122154 -143.83588390494768 1479.7508551059536 1114 1122 -1
1119 -43.72317040432731 -138.06567717446927 1477.101371069587 1115 1123 -1
1120 5.290516135190924 -148.44060482889816 1471.6015973125736 1116 1124 -1
1121 31.80364780422016 -137.90879328223616 1453.4463754816309 1117 1125 -1
1122 -40.26380912098654 -143.867578691375 1479.9206424305012 1118 1126 -1
1123 -43.89308680070964 -137.96332395633223 1477.1814242377898 1119 1127 -1
1124 5.458143601556092 -148.38628751890045 1471.5134733279722 1120 1128 -1
1125 31.888288271422216 -137.74159451684443 1453.4588266104302 1121 1129 -1
1126 -40.303943550456644 -143.89836565269596 1480.0907460361036 1122 1130 -1
1127 -44.063216632275726 -137.861107868941 1477.2611988351912 1123 1131 -1
1128 5.625583741654221 -148.3274916414208 1471.4279049519887 1124 1132 -1
1129 31.97281000366786 -137.5741963636806 1453.469237974984 1125 1133 -1
1130 -40.343457224357195 -143.9282879643309 1480.2611490231236 1126 1134 -1
1131 -44.23352460011511 -137.75894883907029 1477.340665831635 1127 1135 -1
1132 5.792775148572927 -148.26429021115644 1471.3450323188802 1128 1136 -1
1133 32.05722999848545 -137.40663597073532 1453.4776793157857 1129 1137 -1
1134 -40.382356792712336 -143.95738805962802 1480.431835484565 1130 1138 -1
1135 -44.4039751623307 -137.65676603181853 1477.4197958096102 1131 1139 -1
1136 5.959664951427268 -148.1968603076477 1471.264931065524 1132 1140 -1
1137 32.141562477502404 -137.23894393018182 1453.4841540192347 1133 1141 -1
1138 -40.4206489507321 -143.98570800690993 1480.6027903270883 1134 1142 -1
1139 -44.574532398108474 -137.55447782048637 1477.4985588857514 1135 1143 -1
1140 6.1262016256397205 -148.1253316833563 1471.187700534312 1136 1144 -1
1141 32.22582475648389 -137.0711536548042 1453.4887135480549 1137 1145 -1
1142 -40.458340420139024 -144.01328949996244 1480.7739992293755 1138 1146 -1
1143 -44.745159867115575 -137.452001756999 1477.576924631055 1139 1147 -1
1144 6.292337347363903 -148.0498454659282 1471.1134301774903 1140 1148 -1
1145 32.3100343548215 -136.9032966363662 1453.4914144030965 1141 1149 -1
1146 -40.495437323257356 -144.04017317224518 1480.945448836664 1142 1150 -1
1147 -44.91582046398444 -137.34925454402924 1477.6548619898713 1143 1151 -1
1148 6.458030264353043 -147.97056134085534 1471.0421886993436 1144 1152 -1
1149 32.39420811521016 -136.73540195358365 1453.4922535297526 1145 1153 -1
1150 -40.53194684892798 -144.06640055041174 1481.1171260460953 1146 1154 -1
1151 -45.08647625730355 -137.24615190508635 1477.7323390802371 1147 1155 -1
1152 6.62323755804128 -147.8876068074408 1470.974067148181 1148 1156 -1
1153 32.47836506126946 -136.56749948342454 1453.491302420936 1149 1157 -1
1154 -40.567875800079385 -144.09201230577767 1481.2890185671838 1150 1158 -1
1155 -45.25708832930031 -137.14260873392033 1477.809323343178 1151 1159 -1
1156 6.787924464157323 -147.80114459711382 1470.909120537463 1152 1160 -1
1157 32.562523651133986 -136.3996166742254 1453.4886060543106 1153 1161 -1
1158 -40.603230485703115 -144.11704827132647 1481.4611148835195 1154 1162 -1
1159 -45.42761663930916 -137.03853905484488 1477.885781373606 1155 1163 -1
1160 6.952055160668956 -147.71131110161483 1470.8474227768152 1156 1164 -1
1161 32.6467038052255 -136.23178190014931 1453.4841588442432 1157 1165 -1
1162 -40.63801735794518 -144.14154815770917 1481.6334039688284 1158 1166 -1
1163 -45.59801975750674 -136.93385557859824 1477.9616784553405 1159 1167 -1
1164 7.115597744128201 -147.6182491546639 1470.789036608191 1160 1168 -1
1165 32.7309248329048 -136.06402013978732 1453.4780446801017 1161 1169 -1
1166 -40.67224349199121 -144.16555190801805 1481.8058751134363 1162 1170 -1
1167 -45.7682548625437 -136.82847056837628 1478.0369792741737 1163 1171 -1
1168 7.278537632469796 -147.52216188236739 1470.733958607829 1164 1172 -1
1169 32.815206899589555 -135.8963566087585 1453.4702935510222 1165 1173 -1
1170 -40.70591478294512 -144.18909813254214 1481.9785184667674 1166 1174 -1
1171 -45.93827734153731 -136.72229484507525 1478.111646936513 1167 1175 -1
1172 7.440860429846923 -147.42321218956744 1470.6822269739291 1168 1176 -1
1173 32.89957234754561 -135.7288180488265 1453.4609173721929 1169 1177 -1
1174 -40.73903786404776 -144.2122258133493 1482.1513243788663 1170 1178 -1
1175 -46.10804074583519 -136.61523846933005 1478.1856434674637 1171 1179 -1
1176 7.602582842089892 -147.32166791764573 1470.6337432118783 1172 1180 -1
1177 32.98404058149465 -135.56142538854263 1453.4499893554027 1173 1181 -1
1178 -40.77161930336223 -144.2349735540351 1482.3242836366621 1174 1182 -1
1179 -46.27749657640116 -136.50721064742416 1478.2589295957641 1175 1183 -1
1180 7.7636903396725945 -147.2176331050331 1470.588606962127 1176 1184 -1
1181 33.068633980504934 -135.39420258917352 1453.437534386221 1177 1185 -1
1182 -40.80366460424952 -144.2573790195029 1482.4973876847757 1178 1186 -1
1183 -46.446594008182856 -136.39811955968955 1478.3314645106823 1179 1187 -1
1184 7.924214492731391 -147.11137266774378 1470.546691973599 1180 1188 -1
1185 33.153376314177166 -135.22717391740608 1453.4235775441452 1181 1189 -1
1186 -40.83518084564696 -144.27948060985707 1482.6706278838044 1182 1190 -1
1187 -46.61527971956431 -136.2878725688593 1478.4032058873408 1183 1191 -1
1188 8.084161460884964 -147.00302720697587 1470.5080335543257 1184 1192 -1
1189 33.238287382167584 -135.06035737608443 1453.4081831047847 1185 1193 -1
1190 -40.866173023335264 -144.301315313751 1482.8439964315057 1186 1194 -1
1191 -46.78349768225802 -136.1763763180536 1478.4741098088948 1187 1195 -1
1192 8.243549584201054 -146.89276537905974 1470.4726208826828 1188 1196 -1
1193 33.323392047420704 -134.8937762844117 1453.3913725645482 1189 1197 -1
1194 -40.89664807564057 -144.32292089626577 1483.0174853208973 1190 1198 -1
1195 -46.95118894893238 -136.06353685502816 1478.544130694031 1191 1199 -1
1196 8.402410021670342 -146.78078077419832 1470.4403841256428 1192 1200 -1
1197 33.40871476232414 -134.72745213863766 1453.3731800336252 1193 1201 -1
1198 -40.92661091673482 -144.34433400769063 1483.1910872603974 1194 1202 -1
1199 -47.11829144032021 -135.9492597856561 1478.6132212313496 1195 1203 -1
1200 8.560754055233993 -146.66718909822447 1470.4113917448933 1196 1204 -1
1201 33.494275979966176 -134.5614009040169 1453.3536626785171 1197 1205 -1
1202 -40.95606813212398 -144.36559173774788 1483.3647948005898 1198 1206 -1
1203 -47.28473947819879 -135.83344988371277 1478.681331957677 1199 1207 -1
1204 8.718617788438435 -146.5521722965144 1470.3855726536103 1200 1208 -1
1205 33.580103147914485 -134.3956456267362 1453.3328404709123 1201 1209 -1
1206 -40.98502441973943 -144.3867304170464 1483.538601069468 1202 1210 -1
1207 -47.450464168209436 -135.71601269879102 1478.7484120961435 1203 1211 -1
1208 8.876031825332078 -146.43588291108088 1470.3628975164238 1204 1212 -1
1209 33.66622107847667 -134.23020531383526 1453.3107524825978 1205 1213 -1
1210 -41.01348624128693 -144.40778661206815 1483.7124990047548 1206 1214 -1
1211 -47.61539244513996 -135.59685309449839 1478.814408425091 1207 1215 -1
1212 9.033013997343023 -146.31843151647993 1470.343445799956 1208 1216 -1
1213 33.752651010086225 -134.06509451234376 1453.287450736191 1209 1217 -1
1214 -41.0414578998587 -144.42879638006107 1483.8864820709155 1210 1218 -1
1215 -47.779447573006316 -135.4758770962667 1478.8792662372898 1211 1219 -1
1216 9.189605360693463 -146.19998467997922 1470.3271349237864 1212 1220 -1
1217 33.839422775692746 -133.90033605979937 1453.262955662395 1213 1221 -1
1218 -41.06894564041176 -144.44979581798285 1484.0605434956672 1214 1222 -1
1219 -47.94254816534211 -135.35299056871636 1478.942928289421 1215 1223 -1
1220 9.345837571860573 -146.0806766606421 1470.3139541622909 1216 1224 -1
1221 33.926561883493996 -133.73594741441363 1453.2373072839932 1217 1225 -1
1222 -41.09595388101686 -144.4708208004425 1484.2346768849318 1218 1226 -1
1223 -48.10460886617927 -135.22810134482836 1479.0053359076724 1219 1227 -1
1224 9.501734522282955 -145.96062125257347 1470.3039788616077 1220 1228 -1
1225 34.01409024095489 -133.57194200520746 1453.210554569426 1221 1229 -1
1226 -41.12248805773435 -144.49190705319842 1484.4088757358782 1222 1230 -1
1227 -48.265539710213766 -135.1011186273937 1479.0664283789315 1223 1231 -1
1228 9.657334773897626 -145.839962342446 1470.2971522795874 1224 1232 -1
1229 34.10203940321648 -133.40834214723938 1453.182720427406 1225 1233 -1
1230 -41.14855299491355 -144.51309020224113 1484.5831336637166 1226 1234 -1
1231 -48.425246092704754 -134.97195365144592 1479.1261431276778 1227 1235 -1
1232 9.812671392910211 -145.71882775141853 1470.2934644961579 1228 1236 -1
1233 34.19043686807264 -133.2451654742724 1453.1538419875944 1229 1237 -1
1234 -41.17415317723233 -144.53440587725126 1484.757444318715 1230 1238 -1
1235 -48.583628779698955 -134.84052036420147 1479.1844159045536 1231 1239 -1
1236 9.967772374348417 -145.5973364774915 1470.2929763022378 1232 1240 -1
1237 34.27930469195545 -133.08242421455859 1453.1239673096943 1233 1241 -1
1238 -41.199293844719925 -144.55588933461 1484.9318012489773 1234 1242 -1
1239 -48.74058389605307 -134.70673601379482 1479.241180923511 1235 1243 -1
1240 10.122671133217741 -145.4756167518992 1470.2956824201076 1236 1244 -1
1241 34.368674695931 -132.92013962675972 1453.0931220432105 1237 1245 -1
1242 -41.2239787592295 -144.57757629527163 1485.1061980985835 1238 1246 -1
1243 -48.89600257779228 -134.57052118906253 1479.2963706480061 1239 1247 -1
1244 10.277400891446016 -145.3537940360254 1470.3015606367608 1240 1248 -1
1245 34.45857583037738 -132.7583378180978 1453.061299723177 1241 1249 -1
1246 -41.24821298214516 -144.5995018203683 1485.280628322681 1242 1250 -1
1247 -49.049772243699834 -134.43180231275997 1479.3499171909439 1243 1251 -1
1248 10.43199077183875 -145.23199093403335 1470.3106516362504 1244 1252 -1
1249 34.549022806272056 -132.59704041795746 1453.0284793880055 1245 1253 -1
1250 -41.272000643387706 -144.6217012937756 1485.4550853622006 1246 1254 -1
1251 -49.20177573145323 -134.2905106561874 1479.401751487985 1247 1255 -1
1252 10.586469452878815 -145.11033522185167 1470.3230155864826 1248 1256 -1
1253 34.64003857089277 -132.43627811759808 1452.9946223511913 1249 1257 -1
1254 -41.29534561863789 -144.64421024535045 1485.6295625405935 1250 1258 -1
1255 -49.351891272440746 -134.14658278070834 1479.4518033830445 1251 1259 -1
1256 10.74086776440718 -144.98894927331182 1470.3386097738592 1252 1260 -1
1257 34.731655344623555 -132.27609215693974 1452.9596724497642 1253 1261 -1
1258 -41.31825252923654 -144.66706355895838 1485.8040530112073 1254 1262 -1
1259 -49.5 -134.0 1479.5 1255 -1 -1
1260 10.895212582786424 -144.86795735766262 1470.3574583181862 1256 1263 -1
1261 34.82388272135951 -132.11650351843227 1452.9236139172624 1257 1264 -1
1262 -41.340724758809664 -144.69029701524363 1485.9785497971716 1258 1265 -1
1263 11.049543821719723 -144.74752014500558 1470.3796700103858 1260 1266 -1
1264 34.91674121965521 -131.95754493370785 1452.8864103367064 1261 1267 -1
1265 -41.362766466004395 -144.713945683833 1486.1530457118413 1262 1268 -1
1266 11.20407924800928 -144.6279869424657 1470.4051080448464 1263 1269 -1
1267 35.01026035070146 -131.79926012275558 1452.84800819414 1264 1270 -1
1268 -41.38438155763955 -144.7380447166826 1486.3275333698136 1265 1271 -1
1269 11.359164757080865 -144.50988222737521 1470.4336768210421 1266 1272 -1
1270 35.104455149953566 -131.64167999242414 1452.8083793817295 1267 1273 -1
1271 -41.40557296793176 -144.76263031356189 1486.5020051103422 1268 1274 -1
1272 11.51518618537084 -144.39382954873693 1470.4653824561008 1269 1275 -1
1273 35.19934013972542 -131.48483625272698 1452.7674958720897 1270 1276 -1
1274 -41.42634493075878 -144.78773710566296 1486.676453060179 1271 1277 -1
1275 11.672500760935785 -144.28042245734613 1470.500119277576 1272 1278 -1
1276 35.29493500630764 -131.3287678183117 1452.7253193667295 1273 1279 -1
1277 -41.446700517305835 -144.81340102882638 1486.8508690077444 1274 1280 -1
1278 11.831485612794937 -144.170355525851 1470.53785892893 1275 1281 -1
1279 35.39126904070351 -131.17352677551412 1452.6817929957115 1276 1282 -1
1280 -41.46664291559083 -144.83965787765655 1487.025244421152 1277 1283 -1
1281 11.992574189827689 -144.06452157940075 1470.57865153336 1278 1284 -1
1282 35.488346276173395 -131.01913892946445 1452.6369050188343 1279 1285 -1
1283 -41.48617575887524 -144.86654267846043 1487.1995704896706 1280 1286 -1
1284 12.156104194485705 -143.96374663205302 1470.622419104276 1281 1287 -1
1285 35.58618258745853 -130.86564503038346 1452.59062113321 1282 1288 -1
1286 -41.50530151414859 -144.89409221469555 1487.3738378914927 1283 1289 -1
1287 12.322530275937352 -143.8692911261379 1470.6692416442854 1284 1290 -1
1288 35.684798394207164 -130.71309370261685 1452.5428975371503 1285 1291 -1
1289 -41.5240236846796 -144.92234152997236 1487.5480370619734 1286 1292 -1
1290 12.492163144746218 -143.78239035366178 1470.719061673152 1287 1293 -1
1291 35.78421191358199 -130.56153388792828 1452.4936931959778 1288 1294 -1
1292 -41.54234509100907 -144.9513266945419 1487.722157929702 1289 1295 -1
1293 12.665172240675822 -143.7043232685656 1470.77180709896 1290 1296 -1
1294 35.88442670640563 -130.41099831790297 1452.4429932278595 1291 1297 -1
1295 -41.560268225361924 -144.98108438321438 1487.8961899002638 1292 1298 -1
1296 12.840851384131762 -143.63439570710412 1470.8271212675077 1293 1299 -1
1297 35.98545451462269 -130.2615319260936 1452.3907665091938 1294 1300 -1
1298 -41.577796368227716 -145.01164961027655 1488.070122104959 1295 1301 -1
1299 13.018109972689576 -143.570296699677 1470.8844464444874 1296 1302 -1
1300 36.08731378201231 -130.11319158022076 1452.3369679279617 1297 1303 -1
1301 -41.594931533733195 -145.04305990317698 1488.2439428608575 1298 1304 -1
1302 13.195998314588872 -143.50931055399184 1470.9432138075988 1299 1305 -1
1303 36.19001353502248 -129.96602468456356 1452.2815686901288 1300 1306 -1
1304 -41.61167678389838 -145.07535046126657 1488.417640259707 1301 1307 -1
1305 13.373675591629805 -143.44856785487 1471.0028667509941 1302 1308 -1
1306 36.293554258226024 -129.82006869972346 1452.2245552120353 1303 1309 -1
1307 -41.62803441516162 -145.1085580384407 1488.5912016293814 1304 1310 -1
1308 13.550319030546097 -143.38519014960775 1471.0628352857102 1305 1311 -1
1309 36.397942400820746 -129.67537168932967 1452.1659014020966 1306 1312 -1
1310 -41.64400673278787 -145.14271930803164 1488.7646137135825 1307 1313 -1
1311 13.72523253740409 -143.31700337107384 1471.1225878070502 1308 1314 -1
1312 36.503192882691735 -129.53199802469345 1452.1055631011247 1309 1315 -1
1313 -41.6595964433939 -145.17786976336646 1488.9378628365516 1310 1316 -1
1314 13.897969130195682 -143.24295496088527 1471.181686612478 1311 1317 -1
1315 36.6093053162241 -129.38999210766406 1452.0435244366165 1312 1318 -1
1316 -41.6748052201895 -145.21404747450438 1489.1109342435545 1313 1319 -1
1317 14.068033176719863 -143.1621676345813 1471.2396881612788 1314 1320 -1
1318 36.716275569873865 -129.2493941619269 1451.9797759562284 1315 1321 -1
1319 -41.68963599738141 -145.25128692499374 1489.283813132269 1316 1322 -1
1320 14.234984561503088 -143.07416357837164 1471.2961990624199 1317 1323 -1
1321 36.82410377850219 -129.11025355088844 1451.9142986102281 1318 1324 -1
1322 -41.70409021481971 -145.2896266191677 1489.4564832660221 1319 1325 -1
1323 14.398363840811058 -142.97860799729366 1471.3508539554223 1320 1326 -1
1324 36.93280195549957 -128.97264435663516 1451.8470473922448 1321 1327 -1
1325 -41.718170629890075 -145.3291010305985 1489.628928436472 1322 1328 -1
1326 14.557730285469155 -142.87538358027288 1471.403378155632 1323 1329 -1
1327 37.04235648476063 -128.83659891210468 1451.7780279814388 1324 1330 -1
1328 -41.73187879514869 -145.36974804574012 1489.8011309994695 1325 1331 -1
1329 14.713681259533573 -142.7663239461359 1471.454365327879 1326 1332 -1
1330 37.15275923416388 -128.70216053259335 1451.7072341075082 1327 1333 -1
1331 -41.7452171283263 -145.41160261257033 1489.973073118738 1328 1334 -1
1332 14.866927965293153 -142.65313520118 1471.5045646698018 1329 1335 -1
1333 37.264006889534635 -128.569384451361 1451.6346480858956 1330 1336 -1
1334 -41.75818730934918 -145.45470181154784 1490.144735675566 1331 1337 -1
1335 15.018333938210748 -142.5374795236876 1471.5547351259215 1332 1338 -1
1336 37.37610138842515 -128.43834127705463 1451.5602388486038 1333 1339 -1
1337 -41.770791537948575 -145.49908069395207 1490.3160991478555 1334 1340 -1
1338 15.168661576111987 -142.42071462108566 1471.6055779208082 1335 1341 -1
1339 37.48901840525885 -128.30904997637703 1451.4840308151984 1336 1342 -1
1340 -41.78303154952348 -145.54477561871371 1490.4871428220442 1337 1343 -1
1341 15.31865676139838 -142.3041504444752 1471.6578414274934 1338 1344 -1
1342 37.60274580352313 -128.18155553701817 1451.4060215354161 1339 1345 -1
1343 -41.794909439772724 -145.59182130751645 1490.6578454652033 1340 1346 -1
1344 15.469058770064487 -142.18909067812757 1471.7122195823936 1341 1347 -1
1345 37.71728568041524 -128.05593998411726 1451.3261744954605 1342 1348 -1
1346 -41.806426940624476 -145.64025347599252 1490.8281846451962 1343 1349 -1
1347 15.620576674413407 -142.07694652426738 1471.7695012705065 1344 1350 -1
1348 37.83260912223641 -127.93221656399548 1451.2445219453912 1345 1351 -1
1349 -41.817586146852925 -145.69010604077835 1490.998137428215 1346 1352 -1
1350 15.773923642879868 -141.96939862071702 1471.8305830882152 1347 1353 -1
1351 37.94869642985716 -127.81041937108098 1451.1610753284574 1348 1354 -1
1352 -41.82838874412043 -145.74141412308967 1491.1676795442845 1349 1355 -1
1353 15.929677403218871 -141.8682340587425 1471.8962797367112 1350 1356 -1
1354 38.065544900684486 -127.69063046362248 1451.0758038972754 1351 1357 -1
1355 -41.838836915154374 -145.79421034137883 1491.336786403277 1352 1358 -1
1356 16.0884279787343 -141.77605757341632 1471.9677355594367 1353 1359 -1
1357 38.18312295650443 -127.57285168049138 1450.9887541259193 1354 1360 -1
1358 -41.84893227594864 -145.84852921480163 1491.505431794301 1355 1361 -1
1359 16.25035870913398 -141.69556999359378 1472.0458059106638 1356 1362 -1
1360 38.30143030031978 -127.45705801229252 1450.9000442733898 1357 1363 -1
1361 -41.85867716826293 -145.9044015834856 1491.6735895463166 1358 1364 -1
1362 16.415282122614002 -141.63025416435983 1472.1313701419317 1359 1365 -1
1363 38.42051041721559 -127.3432302813823 1450.8098363046515 1360 1366 -1
1364 -41.86807313765643 -145.9618612694592 1491.8412314369716 1361 1367 -1
1365 16.58228821695348 -141.58435079357972 1472.2250573111594 1362 1368 -1
1366 38.54037247729321 -127.23124840181544 1450.71836240564 1363 1369 -1
1367 -41.87712273445729 -146.02093690384183 1492.0083298123136 1364 1370 -1
1368 16.749582350012385 -141.5592777295718 1472.3258558138866 1365 1371 -1
1369 38.661062942114135 -127.12107565249352 1450.6257871096213 1366 1372 -1
1370 -41.88582745883425 -146.08166139501475 1492.1748544222744 1367 1373 -1
1371 16.915565295984052 -141.5531799709461 1472.4316778385146 1368 1374 -1
1372 38.782618670432164 -127.01264321968165 1450.5322935899765 1369 1375 -1
1373 -41.8941900938077 -146.1440608257843 1492.340776236636 1370 1376 -1
1374 17.079334891198297 -141.56339029691475 1472.5406357952586 1371 1377 -1
1375 38.905069585475154 -126.90586787172968 1450.4380636210747 1372 1378 -1
1376 -41.902212148019125 -146.20816681664124 1492.5060630435173 1373 1379 -1
1377 17.2405643673893 -141.58731569538878 1472.651255805627 1374 1380 -1
1378 39.02848551376814 -126.80073154001025 1450.3432513240223 1375 1381 -1
1379 -41.90989663198029 -146.27400270084965 1492.6706845308865 1376 1382 -1
1380 17.399423071389577 -141.62224464830567 1472.7623955507509 1377 1383 -1
1381 39.15288592134174 -126.69712840080491 1450.2480386982309 1378 1384 -1
1382 -41.91724514820835 -146.34159824171124 1492.8346067076716 1379 1385 -1
1383 17.556358419386175 -141.66580545063866 1472.8732369956517 1380 1386 -1
1384 39.27834422514924 -126.59503627612827 1450.15258214649 1381 1387 -1
1385 -41.92426089634612 -146.41097401017387 1492.9977980333726 1382 1388 -1
1386 17.711934933564898 -141.7161587990557 1472.9831234443793 1383 1389 -1
1387 39.404902325782864 -126.4943829305355 1450.0570495524157 1384 1390 -1
1388 -41.93094569201588 -146.48215711111095 1493.1602230786675 1385 1391 -1
1389 17.866896059158776 -141.77134350234107 1473.0915553077364 1386 1392 -1
1390 39.53261457685606 -126.39511503420444 1449.9616031750647 1387 1393 -1
1391 -41.9373028488739 -146.55516558131697 1493.3218490488407 1388 1394 -1
1392 18.022022382633672 -141.8297643334465 1473.1980421799806 1389 1395 -1
1393 39.66155985172851 -126.29720390454511 1449.866413618119 1390 1396 -1
1394 -41.943334550387156 -146.6300227994113 1493.4826396242536 1391 1397 -1
1395 18.178196132688413 -141.88979783120791 1473.3020728138317 1392 1398 -1
1396 39.79177223293684 -126.20057310134894 1449.7716416158876 1393 1399 -1
1397 -41.949044109190005 -146.70674478965714 1493.6425606033308 1394 1400 -1
1398 18.336251161912635 -141.94982348470634 1473.4032254849683 1395 1401 -1
1399 39.92334632413959 -126.1052073321098 1449.6774708943603 1396 1402 -1
1400 -41.954434267740176 -146.78534983964263 1493.8015755864503 1397 1403 -1
1401 18.496382338950674 -142.00848534798934 1473.5018834340206 1398 1404 -1
1402 40.05633228758402 -126.01104824666349 1449.5840726503034 1399 1405 -1
1403 -41.959508180210655 -146.8658528261894 1493.9596486277012 1400 1406 -1
1404 18.658355186001508 -142.06450587924095 1473.5990575108235 1401 1407 -1
1405 40.19079004496896 -125.91805092099797 1449.491622449099 1402 1408 -1
1406 -41.964269358176956 -146.94826536794596 1494.1167443246784 1403 1409 -1
1407 18.821855400239492 -142.11659333959616 1473.6958566506353 1404 1410 -1
1408 40.326832892070684 -125.82620986126642 1449.4003429852264 1405 1411 -1
1409 -41.96872064798839 -147.03260212430104 1494.2728245675107 1406 1412 -1
1410 18.986261972676207 -142.16449495861903 1473.793284562793 1407 1413 -1
1411 40.46449643671146 -125.73546456408084 1449.3104080315925 1408 1414 -1
1412 -41.97286606849991 -147.11886938376688 1494.4278545928971 1409 1415 -1
1413 19.150549250382422 -142.20976266804647 1473.892165728959 1410 1416 -1
1414 40.60385773734746 -125.6457889831075 1449.2220284626799 1411 1417 -1
1415 -41.97670927035271 -147.2070745446727 1494.5817981096293 1412 1418 -1
1416 19.313578273879383 -142.2547758666635 1473.993219767219 1413 1419 -1
1417 40.74502702899333 -125.55717795166296 1449.1354636366789 1414 1420 -1
1418 -41.980253732926194 -147.2972250378732 1494.7346177585173 1415 1421 -1
1419 19.474106795237482 -142.30253567859515 1474.0969706360456 1416 1422 -1
1420 40.88805643705732 -125.46959552979503 1449.0509303776794 1417 1423 -1
1421 -41.98350366404529 -147.38932241739232 1494.8862786321492 1418 1424 -1
1422 19.63092461571475 -142.35567407239753 1474.2037247506019 1419 1425 -1
1423 41.03300727361593 -125.38303165940924 1448.9686514216535 1420 1426 -1
1424 -41.9864632206039 -147.4833673555706 1495.036745548264 1421 1427 -1
1425 19.783428971310276 -142.41503973633232 1474.3134026107355 1422 1428 -1
1426 41.179850803736706 -125.29753728805825 1448.8886408781211 1423 1429 -1
1427 -41.98913663282169 -147.57935885893258 1495.1859835495713 1424 1430 -1
1428 19.931193018702785 -142.48077418681962 1474.425900677785 1425 1431 -1
1429 41.328515719359935 -125.21319799755429 1448.8107966256118 1426 1432 -1
1430 -41.9915282803198 -147.67729375143898 1495.3339583105812 1427 1433 -1
1431 20.073589490285634 -142.55319686467223 1474.541174561528 1428 1434 -1
1432 41.478910763128724 -125.1300870946077 1448.7349808488034 1429 1435 -1
1433 -41.993642690616404 -147.77716666628882 1495.4806362571596 1430 1436 -1
1434 20.21007096060833 -142.63244649077959 1474.6590785352794 1431 1437 -1
1435 41.630936873470425 -125.04826771332975 1448.661036326793 1432 1438 -1
1436 -41.99548453664933 -147.87897004759665 1495.6259846862533 1433 1439 -1
1437 20.339534108729787 -142.7191614776572 1474.77960701599 1434 1440 -1
1438 41.78450366684073 -124.96780527697194 1448.5888059584718 1435 1441 -1
1439 -41.99705863331272 -147.98269416224073 1495.7699718848546 1436 1442 -1
1440 20.461102256624216 -142.81356847186143 1474.9025409581902 1437 1443 -1
1441 41.93951926856902 -124.8887604936363 1448.5181211830186 1438 1444 -1
1442 -41.998369933004426 -148.08832712206922 1495.912567247248 1439 1445 -1
1443 20.57326546331306 -142.91630973405825 1475.0277028514836 1440 1446 -1
1444 42.095890798247275 -124.81118927404273 1448.4488033002892 1441 1447 -1
1445 -41.999423520191606 -148.19585491654684 1496.053741389566 1442 1448 -1
1446 20.674397629860653 -143.02782893074692 1475.1547152612286 1443 1449 -1
1447 42.253524730517746 -124.73514273676665 1448.3806648396849 1444 1450 -1
1448 -42.00022460501209 -148.30526145581027 1496.1934662606775 1445 1451 -1
1449 20.762664915699087 -143.14842456158536 1475.2830024051284 1446 1452 -1
1450 42.4123271344906 -124.66066728596428 1448.3135109557115 1447 1453 -1
1451 -42.00077851594041 -148.41652862399536 1496.3317152484378 1448 1454 -1
1452 20.835644410202235 -143.27838899196928 1475.4117299485588 1449 1455 -1
1453 42.5722037998416 -124.58780474575106 1448.2471408331335 1450 1456 -1
1454 -42.00109059677611 -148.52963707243669 1496.4684626684282 1451 1457 -1
1455 20.890997309952084 -143.4174631769936 1475.5396858944653 1452 1458 -1
1456 42.733062113716336 -124.51659606480969 1448.1813498587444 1453 1459 -1
1457 -42.0011661026342 -148.64456707343237 1496.603683097523 1454 1460 -1
1458 20.926809799534098 -143.56476812582264 1475.6653511650009 1455 1461 -1
1459 42.8948069646085 -124.4470752517223 1448.1159281801029 1456 1462 -1
1460 -42.0010109770486 -148.76129248754245 1496.73735669379 1457 1463 -1
1461 20.943583465480984 -143.71851156159755 1475.7872810505676 1458 1464 -1
1462 43.05734074432213 -124.37926750144521 1448.0506640054264 1459 1465 -1
1463 -42.00063042907133 -148.87979183635608 1496.8694598311258 1460 1466 -1
1464 20.94352923190537 -143.87679775573451 1475.9044991117535 1461 1467 -1
1465 43.22056766089977 -124.31319845016115 1447.9853464839314 1462 1468 -1
1466 -42.0 -149.0 1497.0 1463 -1 -1
1467 20.929742937838203 -144.03806791379702 1476.0167569335256 1464 1469 -1
1468 43.38439103460405 -124.24889016423312 1447.9197655716575 1465 1470 -1
1469 20.904699113878177 -144.20137704879514 1476.1240368933686 1467 1471 -1
1470 43.54872154305284 -124.1863581445237 1447.8537373380002 1468 1472 -1
1471 20.870760079575934 -144.3661200690797 1476.2265928463885 1469 1473 -1
1472 43.713523286603106 -124.1255951930785 1447.7872335649965 1470 1474 -1
1473 20.829840293458876 -144.53198786034295 1476.324705118722 1471 1475 -1
1474 43.878784349409834 -124.06658502469202 1447.7202925969752 1472 1476 -1
1475 20.783756358573296 -144.6988248624708 1476.4188108907397 1473 1477 -1
1476 44.04449376305275 -124.00931150183543 1447.652952720445 1474 1478 -1
1477 20.733937031166082 -144.8666207709953 1476.5092442691168 1475 1479 -1
1478 44.21064125672206 -123.95375874887368 1447.5852515786498 1476 1480 -1
1479 20.68163532007439 -145.03546323669343 1476.5962679206314 1477 1481 -1
1480 44.37721722236039 -123.89991118022037 1447.5172262015778 1478 1482 -1
1481 20.628078901600723 -145.20545064362778 1476.6802476465343 1479 1483 -1
1482 44.54421355989556 -123.84775710876488 1447.448912499419 1480 1484 -1
1483 20.574346894937857 -145.37673333838944 1476.7614375112903 1481 1485 -1
1484 44.71162342660456 -123.79728806649386 1447.3803457556512 1482 1486 -1
1485 20.521452752705688 -145.5494710615665 1476.8400536447923 1483 1487 -1
1486 44.87943660458767 -123.74847979250498 1447.3115630294058 1484 1488 -1
1487 20.469647729968344 -145.7236413651879 1476.9161965402525 1485 1489 -1
1488 45.04764580441892 -123.70131805342395 1447.242599246533 1486 1490 -1
1489 20.418284709125658 -145.8990067775077 1476.9898564443454 1487 1491 -1
1490 45.21624423858807 -123.6557890073154 1447.1734888795716 1488 1492 -1
1491 20.366636876135377 -146.0753312481143 1477.0609842104388 1489 1493 -1
1492 45.38522559186779 -123.61187921713771 1447.1042659816621 1490 1494 -1
1493 20.31397740640926 -146.25235793621934 1477.129579659989 1491 1495 -1
1494 45.55458399253781 -123.56957566235505 1447.034964220721 1492 1496 -1
1495 20.259586828238156 -146.42983183314436 1477.1956189813188 1493 1497 -1
1496 45.7243139844332 -123.5288657488611 1446.9656169138002 1494 1498 -1
1497 20.202742408818754 -146.60748283780813 1477.259061551408 1495 1499 -1
1498 45.89441393255054 -123.48975221521908 1446.8962572689027 1496 1500 -1
1499 20.14272072429003 -146.78501381761785 1477.3198549963108 1497 1501 -1
1500 46.064875980238526 -123.45220982879606 1446.826918498462 1498 1502 -1
1501 20.078801566647936 -146.96209138514573 1477.3779340108517 1499 1503 -1
1502 46.23569546749808 -123.41622604149808 1446.7576330999573 1500 1504 -1
1503 20.010221727243536 -147.1383246699192 1477.433191132048 1501 1505 -1
1504 46.40686833458822 -123.38179000841576 1446.6884333466342 1502 1506 -1
1505 19.936285354178008 -147.31327280061467 1477.4855386650954 1503 1507 -1
1506 46.578390807651196 -123.34889134095926 1446.619351331773 1504 1508 -1
1507 19.856375765194535 -147.48645129755064 1477.5348956263656 1505 1509 -1
1508 46.75025937456833 -123.31752010924872 1446.5504190031731 1506 1510 -1
1509 19.770136429922747 -147.6574284875295 1477.5811763467268 1507 1511 -1
1510 46.9224732183448 -123.28767775766738 1446.4816697503293 1508 1512 -1
1511 19.67797183315803 -147.82610907538475 1477.6243704382282 1509 1513 -1
1512 47.095028192434874 -123.25935052977596 1446.4131353018636 1510 1514 -1
1513 19.58044127721937 -147.99251688945424 1477.6644999274724 1511 1515 -1
1514 47.26792002511648 -123.23252365108982 1446.3448466380744 1512 1516 -1
1515 19.47802980227655 -148.1566903638927 1477.701563239207 1513 1517 -1
1516 47.441146013619935 -123.20718901144429 1446.2768354701109 1514 1518 -1
1517 19.371309885192275 -148.31875424347416 1477.7356381607933 1515 1519 -1
1518 47.61470360036909 -123.18333895980246 1446.2091335326945 1516 1520 -1
1519 19.260782439111594 -148.47884398930614 1477.7667853783562 1517 1521 -1
1520 47.78859035031421 -123.16096630207815 1446.1417726178638 1518 1522 -1
1521 19.146907020869158 -148.63711119434558 1477.7950589582417 1519 1523 -1
1522 47.96280662971982 -123.14007648806002 1446.0747879923529 1520 1524 -1
1523 19.030117316844642 -148.7937257658401 1477.8205128204988 1521 1525 -1
1524 48.137348495361444 -123.12065571123121 1446.0082102825768 1522 1526 -1
1525 18.91082315732554 -148.948872309542 1477.8431986009466 1523 1527 -1
1526 48.312212657956856 -123.10269325720549 1445.9420704153247 1524 1528 -1
1527 18.789413242005594 -149.10274730249847 1477.8631639295431 1525 1529 -1
1528 48.48739693673881 -123.08618370807571 1445.8764007366105 1526 1530 -1
1529 18.666255399379267 -149.2555551513557 1477.8804453757834 1527 1531 -1
1530 48.66289915727655 -123.07112208396819 1445.8112338139656 1528 1532 -1
1531 18.541699778131157 -149.4075065754592 1477.8950576872767 1529 1533 -1
1532 48.838717127470794 -123.05750383750392 1445.746602468961 1530 1534 -1
1533 18.416109694967883 -149.55883427284655 1477.9070553393942 1531 1535 -1
1534 49.0148513042544 -123.04533726422972 1445.6825450316776 1532 1536 -1
1535 18.28982535115327 -149.70976726560377 1477.9164578639484 1533 1537 -1
1536 49.191296848367635 -123.03460688866434 1445.6190907785845 1534 1538 -1
1537 18.163185608981856 -149.86054132044626 1477.9232761415888 1535 1539 -1
1538 49.36804627623987 -123.02528318383216 1445.55626310892 1536 1540 -1
1539 18.036532678102358 -150.01139896317085 1477.927511932655 1537 1541 -1
1540 49.54509145886634 -123.01733053804823 1445.494082959281 1538 1542 -1
1541 17.910217106831883 -150.16258959149997 1477.9291574901895 1539 1543 -1
1542 49.722424703310054 -123.0107125453283 1445.432570782594 1540 1544 -1
1543 17.784612228796053 -150.31437672279432 1477.9281730958367 1541 1545 -1
1544 49.90003876601805 -123.00539215717033 1445.3717465766993 1542 1546 -1
1545 17.660118294358764 -150.46703518829506 1477.924517775467 1543 1547 -1
1546 50.07792836913467 -123.00133869830776 1445.3116340239324 1544 1548 -1
1547 17.537140785643338 -150.6208299206999 1477.9181818178208 1545 1549 -1
1548 50.25608686646117 -122.99851255246224 1445.2522520418527 1546 1550 -1
1549 17.41612673067541 -150.77603822745442 1477.9091162101647 1547 1551 -1
1550 50.43450695830366 -122.9968688051242 1445.193615706485 1548 1552 -1
1551 17.297611397995176 -150.93297257634882 1477.8972168202288 1549 1553 -1
1552 50.613183126687225 -122.99636845718786 1445.135743183158 1550 1554 -1
1553 17.18215741736322 -151.09192712648988 1477.8824129540162 1551 1555 -1
1554 50.79211024559122 -122.99697215599598 1445.078652179266 1552 1556 -1
1555 17.07021797020947 -151.25309623780822 1477.8648238382416 1553 1557 -1
1556 50.97128356452231 -122.99864024750721 1445.022359946821 1554 1558 -1
1557 16.962128110149337 -151.41660662737493 1477.8449145395625 1555 1559 -1
1558 51.15069946807036 -123.00133604311625 1444.9668860087982 1556 1560 -1
1559 16.85792236930663 -151.58242183204513 1477.8234203910029 1557 1561 -1
1560 51.330354990518465 -123.005023555603 1444.9122509728502 1558 1562 -1
1561 16.757832349554068 -151.75063749147392 1477.8010381195659 1559 1563 -1
1562 51.5102444971268 -123.00965439695472 1444.8584643107613 1560 1564 -1
1563 16.661873599033814 -151.9212302379208 1477.7785538672638 1561 1565 -1
1564 51.690364563866574 -123.01518817645922 1444.8055415098095 1562 1566 -1
1565 16.57028245988433 -152.09430082912704 1477.7568070581567 1563 1567 -1
1566 51.870712041301786 -123.02158442625296 1444.7534976255527 1564 1568 -1
1567 16.483032174879995 -152.2697870588689 1477.7366377750188 1565 1569 -1
1568 52.0512840322118 -123.02880264036473 1444.7023472874187 1566 1570 -1
1569 16.400284539244925 -152.44770631654694 1477.7189708201527 1567 1571 -1
1570 52.23207920975037 -123.03680683361706 1444.652110343699 1568 1572 -1
1571 16.322119837235586 -152.6279884177796 1477.7047452942072 1569 1573 -1
1572 52.41309518766332 -123.04555613469586 1444.6028013619828 1570 1574 -1
1573 16.248557845131426 -152.81048141742505 1477.6948471019662 1571 1575 -1
1574 52.59432828727468 -123.05500514790187 1444.554427982376 1572 1576 -1
1575 16.179722697059013 -152.99501252855106 1477.6900391303573 1573 1577 -1
1576 52.77577639686254 -123.06511354086312 1444.5070032068702 1574 1578 -1
1577 16.11564967670061 -153.18131294557736 1477.6901667934717 1575 1579 -1
1578 52.95743753877361 -123.07584110729361 1444.4605396397 1576 1580 -1
1579 16.0562742259963 -153.36910767918482 1477.6947846592682 1577 1581 -1
1580 53.139310667195446 -123.08714990622849 1444.4150533596728 1578 1582 -1
1581 16.001593771580417 -153.5581790934971 1477.7035228985221 1579 1583 -1
1582 53.321395357795396 -123.0990028622132 1444.3705629540373 1580 1584 -1
1583 15.951508880555583 -153.74831573186833 1477.7159361511897 1581 1585 -1
1584 53.503687757785826 -123.11135439416921 1444.3270700174292 1582 1586 -1
1585 15.90581443333903 -153.93932351717683 1477.7315277602142 1583 1587 -1
1586 53.68618619539209 -123.12416503325694 1444.284585630544 1584 1588 -1
1587 15.864464966987576 -154.1310706989751 1477.749931662457 1585 1589 -1
1588 53.868889016043646 -123.13739556335635 1444.243120497018 1586 1590 -1
1589 15.827162541164787 -154.32341232391514 1477.7706416113067 1587 1591 -1
1590 54.05179661697075 -123.15101052232217 1444.2026955914741 1588 1592 -1
1591 15.793798511134886 -154.51625932710394 1477.7932887051577 1589 1593 -1
1592 54.23490650029584 -123.16496887090332 1444.1633171985673 1590 1594 -1
1593 15.76408896629076 -154.70952159812845 1477.817440176451 1591 1595 -1
1594 54.41821573457215 -123.17922998534044 1444.1249888457855 1592 1596 -1
1595 15.737922467341923 -154.9031471467666 1477.8427570014683 1593 1597 -1
1596 54.60172251748653 -123.1937558297954 1444.08771977249 1594 1598 -1
1597 15.714997701121098 -155.09707914390486 1477.8688615586361 1595 1599 -1
1598 54.78542661377876 -123.20851032764466 1444.0515280572602 1596 1600 -1
1599 15.695125859160735 -155.2912789811662 1477.8954771198592 1597 1601 -1
1600 54.96932628044889 -123.22345539077315 1444.016424197348 1598 1602 -1
1601 15.677707751217916 -155.48563884802218 1477.9226437267143 1599 1603 -1
1602 55.15341751877422 -123.23855187710953 1443.982406138163 1600 1604 -1
1603 15.661953125225569 -155.6800329247612 1477.9505737470697 1601 1605 -1
1604 55.337698058097025 -123.25376323214297 1443.9494816596812 1602 1606 -1
1605 15.647163405684939 -155.8743596442748 1477.9794845769475 1603 1607 -1
1606 55.52216813557515 -123.2690539086236 1443.9176742242144 1604 1608 -1
1607 15.632671301780848 -156.06852529926596 1478.0096030099494 1605 1609 -1
1608 55.70682359909932 -123.2843865439441 1443.8869824341077 1606 1610 -1
1609 15.617816892310824 -156.26243473389601 1478.0411594494274 1607 1611 -1
1610 55.89166053776724 -123.29972539754858 1443.857406438742 1608 1612 -1
1611 15.601965740853274 -156.45598935464815 1478.0743627147378 1609 1613 -1
1612 56.07667703468477 -123.31503527464673 1443.8289595338686 1610 1614 -1
1613 15.58448589649285 -156.64907115296856 1478.1094436721203 1611 1615 -1
1614 56.26187162826166 -123.33028010120384 1443.801659823965 1612 1616 -1
1615 15.564735702787859 -156.8415358805413 1478.1466418695018 1613 1617 -1
1616 56.4472379870952 -123.34542647179141 1443.7754948175416 1614 1618 -1
1617 15.542048618764925 -157.033201219315 1478.1862118699878 1615 1619 -1
1618 56.63277290453605 -123.36044058572328 1443.7504730559044 1616 1620 -1
1619 15.515665238245036 -157.22381653784447 1478.2284626881692 1617 1621 -1
1620 56.818475476770395 -123.37528547587493 1443.7266214910776 1618 1622 -1
1621 15.48492316934115 -157.41310469673044 1478.2736207195846 1619 1623 -1
1622 57.004337890899386 -123.3899316614751 1443.7039201032512 1620 1624 -1
1623 15.449078303396716 -157.60069949144992 1478.3219593499248 1621 1625 -1
1624 57.19035648527939 -123.40434606669065 1443.682379027231 1622 1626 -1
1625 15.407347862524576 -157.78613941720891 1478.3737581964053 1623 1627 -1
1626 57.37652889645324 -123.41849204119258 1443.6620215033815 1624 1628 -1
1627 15.358763733616929 -157.9687789882408 1478.4293756330908 1625 1629 -1
1628 57.562846780035365 -123.43234394949383 1443.6428260317034 1626 1630 -1
1629 15.302690219798668 -158.14798250349165 1478.4889614408216 1627 1631 -1
1630 57.749306727787136 -123.44586693709938 1443.6248116391166 1628 1632 -1
1631 15.238361796284442 -158.32292420732614 1478.5527163062193 1629 1633 -1
1632 57.935903206983625 -123.45902952617993 1443.6079833685976 1630 1634 -1
1633 15.164927608464685 -158.4925379381994 1478.6208690015874 1631 1635 -1
1634 58.12262821631271 -123.47180805009356 1443.592325242609 1632 1636 -1
1635 15.083064149949735 -158.65651699817505 1478.6930925135832 1633 1637 -1
1636 58.30947905235128 -123.48416142274374 1443.577873434586 1634 1638 -1
1637 14.993679039791107 -158.8147756936662 1478.7690765229474 1635 1639 -1
1638 58.49644586985757 -123.49607207398279 1443.5645983761283 1636 1640 -1
1639 14.897733893166732 -158.96740484460489 1478.8485095699984 1637 1641 -1
1640 58.68352349561272 -123.50750563874496 1443.5525185356153 1638 1642 -1
1641 14.796359376332468 -159.11481771573403 1478.9309997125597 1639 1643 -1
1642 58.870704542164454 -123.51843491203013 1443.5416335667041 1640 1644 -1
1643 14.69046272597069 -159.2573923981341 1479.016275771422 1641 1645 -1
1644 59.057980796775894 -123.52883748776524 1443.5319344369414 1642 1646 -1
1645 14.580850290474618 -159.39552500008614 1479.1041348989918 1643 1647 -1
1646 59.245346091937286 -123.53867706431916 1443.5234430615235 1644 1648 -1
1647 14.468395779247885 -159.52982995036135 1479.1943094717824 1645 1649 -1
1648 59.43279037277532 -123.54794213150667 1443.5161301347705 1646 1650 -1
1649 14.353801949347975 -159.66083248130428 1479.2866270091004 1647 1651 -1
1650 59.62030762142432 -123.55658915656565 1443.5100322311364 1648 1652 -1
1651 14.237707249803996 -159.78906269336372 1479.3809431030759 1649 1653 -1
1652 59.80788695674632 -123.56461511458038 1443.5051076414502 1650 1654 -1
1653 14.120693068592674 -159.9150441650616 1479.4771369018158 1651 1655 -1
1654 59.995521679244476 -123.57197247119959 1443.5013993659818 1652 1656 -1
1655 14.003291822549071 -160.03928609566495 1479.5751065053507 1653 1657 -1
1656 60.18320084024679 -123.5786628930775 1443.498861791978 1654 1658 -1
1657 13.885995078920427 -160.16227813932457 1479.674764521424 1655 1659 -1
1658 60.37091654550088 -123.58463946802173 1443.4975354983462 1656 1660 -1
1659 13.769261192113246 -160.2844871636771 1479.776033905232 1657 1661 -1
1660 60.55865819448965 -123.58990347090548 1443.497379778958 1658 1662 -1
1661 13.653522145766996 -160.40635528422996 1479.8788441292143 1659 1663 -1
1662 60.74641648519287 -123.59443107769276 1443.4983828153272 1660 1664 -1
1663 13.53918872798657 -160.52829745582565 1479.983128326818 1661 1665 -1
1664 60.934182146811544 -123.5982641740017 1443.5004006799643 1662 1666 -1
1665 13.426596008394498 -160.65059740785264 1480.088876589442 1663 1667 -1
1666 61.121948619007085 -123.60142828046851 1443.5033115710592 1664 1668 -1
1667 13.315966539506793 -160.77333053133563 1480.1961829030333 1665 1669 -1
1668 61.309711396164765 -123.60395283515012 1443.5069886493366 1666 1670 -1
1669 13.207520942092778 -160.89654401544408 1480.3051542452438 1667 1671 -1
1670 61.49746792056019 -123.60587738703632 1443.5112965657827 1668 1672 -1
1671 13.101494919515703 -161.02027975631444 1480.4158994932297 1669 1673 -1
1672 61.685216821730506 -123.60721253170404 1443.5161294760085 1670 1674 -1
1673 12.998143063479098 -161.14457420283262 1480.5285300047265 1671 1675 -1
1674 61.8729584097785 -123.60800458350397 1443.5213512430582 1672 1676 -1
1675 12.897742844007727 -161.26945783049632 1480.6431599002833 1673 1677 -1
1676 62.06069357573565 -123.60827046800716 1443.5268506824866 1674 1678 -1
1677 12.8005988337241 -161.39495419158038 1480.7599059795214 1675 1679 -1
1678 62.2484240678198 -123.60803743141489 1443.532509356406 1676 1680 -1
1679 12.707047184411683 -161.52107846862793 1480.8788871727522 1677 1681 -1
1680 62.43615210389197 -123.60733824206204 1443.5382112892978 1678 1682 -1
1681 12.617460330153328 -161.64783543794977 1481.0002233926768 1679 1683 -1
1682 62.62388009196598 -123.60618436431726 1443.5438405005655 1680 1684 -1
1683 12.532251829050715 -161.7752167316721 1481.124033609795 1681 1685 -1
1684 62.81161047918881 -123.60461143003461 1443.5492848969002 1682 1686 -1
1685 12.451905721940461 -161.9031998152593 1481.2504453118167 1683 1687 -1
1686 62.999345490854836 -123.60264163074129 1443.5544323117813 1684 1688 -1
1687 12.376898728032522 -162.03173405970452 1481.379547534185 1685 1689 -1
1688 63.18708711773483 -123.60029059597568 1443.5591606794076 1686 1690 -1
1689 12.307787998542517 -162.1607465033931 1481.5114313925155 1687 1691 -1
1690 63.37483642294183 -123.5975908679074 1443.5633681473284 1688 1692 -1
1691 12.245187936316267 -162.2901315586387 1481.6461681009903 1689 1693 -1
1692 63.562593933824935 -123.59455971973073 1443.5669333896406 1690 1694 -1
1693 12.189795956039925 -162.41974343528554 1481.7838088162757 1691 1695 -1
1694 63.75035904096229 -123.59121867273397 1443.569738335675 1692 1696 -1
1695 12.142360740701323 -162.54938461477795 1481.9243586917419 1693 1697 -1
1696 63.93812974858544 -123.58759489065751 1443.571682661181 1694 1698 -1
1697 12.103592786679435 -162.6787956202071 1482.0677447262767 1695 1699 -1
1698 64.1259027412633 -123.58370375852215 1443.5726274657666 1696 1700 -1
1699 12.073740785295627 -162.80762360424905 1482.2137641067873 1697 1701 -1
1700 64.3136728131419 -123.5795711760452 1443.5724693949865 1698 1702 -1
1701 12.052630197388156 -162.93548441605734 1482.3621405733932 1699 1703 -1
1702 64.50143297373073 -123.57522014196513 1443.5710991005863 1700 1704 -1
1703 12.040004706005279 -163.06201804397634 1482.5126066418363 1701 1705 -1
1704 64.68917322558244 -123.57066665705277 1443.5683567455287 1702 1706 -1
1705 12.035548161568364 -163.1868947079786 1482.6649126882417 1703 1707 -1
1706 64.87688223008574 -123.56593871990587 1443.564162465301 1704 1708 -1
1707 12.038944468579922 -163.3098033372685 1482.818841315401 1705 1709 -1
1708 65.06454460863704 -123.56105551107 1443.5583687170886 1706 1710 -1
1709 12.04982728679324 -163.43046249877054 1482.974196827262 1707 1711 -1
1710 65.25214194344187 -123.55603923325006 1443.5508443713547 1708 1712 -1
1711 12.067679314710226 -163.54866668593357 1483.1307902873923 1709 1713 -1
1712 65.43965417292885 -123.55091438860684 1443.5414948079585 1710 1714 -1
1713 12.092062965837583 -163.66421697246093 1483.2884810872647 1711 1715 -1
1714 65.62705202327597 -123.54570066651313 1443.5301225889432 1712 1716 -1
1715 12.12253568896009 -163.7769411607756 1483.4471572449918 1713 1717 -1
1716 65.81430953226274 -123.54042399545213 1443.5166623258672 1714 1718 -1
1717 12.158656272084286 -163.8866899801041 1483.6067340223342 1715 1719 -1
1718 66.00138916878163 -123.53510671187252 1443.5009374405654 1716 1720 -1
1719 12.200070257156494 -163.99327890849491 1483.7671656115758 1717 1721 -1
1720 66.18825201279904 -123.52977312551047 1443.4828237909835 1718 1722 -1
1721 12.246260889632923 -164.09664077532022 1483.9284025077518 1719 1723 -1
1722 66.37485427765608 -123.52444757808411 1443.4621974528668 1720 1724 -1
1723 12.29680963008964 -164.19667393649763 1484.0904299836363 1721 1725 -1
1724 66.56113960335857 -123.51915547163638 1443.4388754053234 1722 1726 -1
1725 12.351314551854498 -164.29328074889617 1484.2532529077446 1723 1727 -1
1726 66.74705915537501 -123.51392097193757 1443.4127868603562 1724 1728 -1
1727 12.409385405021252 -164.3863668887063 1484.4168929543046 1725 1729 -1
1728 66.93253464473412 -123.50877250038917 1443.3836947897883 1726 1730 -1
1729 12.470657919292268 -164.4758179584663 1484.5813916117374 1727 1731 -1
1730 67.11751158835183 -123.50373290894522 1443.351569009019 1728 1732 -1
1731 12.534774796145935 -164.56150628546789 1484.7468068703563 1729 1733 -1
1732 67.30189120846956 -123.49883348594237 1443.3161573717432 1730 1734 -1
1733 12.601333165215635 -164.6433730123205 1484.9131901111652 1731 1735 -1
1734 67.4856077336788 -123.49409641992673 1443.2774334677838 1732 1736 -1
1735 12.669974028044326 -164.72130509429107 1485.0806134637703 1733 1737 -1
1736 67.66854473838697 -123.48955463191646 1443.2351599799167 1734 1738 -1
1737 12.740339633753617 -164.7951780784844 1485.2491576144682 1735 1739 -1
1738 67.85062232165329 -123.48523019142068 1443.1893059215658 1736 1740 -1
1739 12.812079524674063 -164.86481306614695 1485.4189224085321 1737 1741 -1
1740 68.03170606037432 -123.48115704824352 1443.1396521433198 1738 1742 -1
1741 12.884822045379716 -164.93002655326086 1485.5900109364081 1739 1743 -1
1742 68.21170367686175 -123.47735659254474 1443.086175518414 1740 1744 -1
1743 12.958228155852469 -164.99073004917463 1485.7624696458086 1741 1745 -1
1744 68.39046232551213 -123.47386338319446 1443.0286747696177 1742 1746 -1
1745 13.032204615921433 -165.0469017047098 1485.9362160003875 1743 1747 -1
1746 68.56787997627491 -123.47069741975466 1442.9671436420092 1744 1748 -1
1747 13.106743734460267 -165.098469876565 1486.111145379582 1745 1749 -1
1748 68.74378762955932 -123.4678930049136 1442.9014046511702 1746 1750 -1
1749 13.181819093518142 -165.14554123800303 1486.2871100535815 1747 1751 -1
1750 68.9180753823644 -123.46546839342587 1442.8314702496368 1748 1752 -1
1751 13.25741089506132 -165.18819790321686 1486.4639773399297 1749 1753 -1
1752 69.09056571252025 -123.46345579543191 1442.7572016967401 1750 1754 -1
1753 13.33351859639705 -165.2263836167392 1486.6416435812253 1751 1755 -1
1754 69.26113909618712 -123.46187237267914 1442.6786209132913 1752 1756 -1
1755 13.410119555469539 -165.26026347072676 1486.8199698666065 1753 1757 -1
1756 69.42962607180847 -123.46074485910275 1442.5956541693008 1754 1758 -1
1757 13.487205995533044 -165.28990497150286 1486.9988413335393 1755 1759 -1
1758 69.59588788970314 -123.46009171837159 1442.5083091751592 1756 1760 -1
1759 13.564779815117651 -165.31532385191457 1487.178151711399 1757 1761 -1
1760 69.75979294481408 -123.45992872439702 1442.4166159655479 1758 1762 -1
1761 13.642824575355435 -165.3367259201639 1487.3577821517695 1759 1763 -1
1762 69.92116046281248 -123.46028050953045 1442.320527936286 1760 1764 -1
1763 13.721355549622094 -165.35408052585797 1487.5376373892852 1761 1765 -1
1764 70.07991995074131 -123.46114853501508 1442.220192650393 1762 1766 -1
1765 13.800361002267621 -165.3676134659083 1487.7176130879495 1763 1767 -1
1766 70.23587933612524 -123.46255752915023 1442.1155638598752 1764 1768 -1
1767 13.879858078524334 -165.37734802505219 1487.8976179909578 1765 1769 -1
1768 70.38896063774551 -123.46450935426718 1442.006776466082 1766 1770 -1
1769 13.959847834169736 -165.3834624022861 1488.0775642599522 1767 1771 -1
1770 70.53908079421264 -123.46700689877964 1441.8939483100232 1768 1772 -1
1771 14.04035017432582 -165.38602511166872 1488.2573676447803 1769 1773 -1
1772 70.68609742110712 -123.4700635194797 1441.7771177868956 1770 1774 -1
1773 14.121374685815214 -165.38520223301228 1488.4369530283661 1771 1775 -1
1774 70.8299423889183 -123.47367884475419 1441.656419459164 1772 1776 -1
1775 14.202949075474542 -165.38107014173053 1488.6162436906307 1773 1777 -1
1776 70.97057806856687 -123.4778474814883 1441.532014105085 1774 1778 -1
1777 14.285086738513746 -165.37381187542894 1488.795177833818 1775 1779 -1
1778 71.10794726772419 -123.48256777654296 1441.404029748149 1776 1780 -1
1779 14.367829141943078 -165.3634817362932 1488.9736819898756 1777 1781 -1
1780 71.24200645456006 -123.48783600305272 1441.272602347938 1778 1782 -1
1781 14.451190545630384 -165.35029010207813 1489.1517091556213 1779 1783 -1
1782 71.37272594974912 -123.49364647661184 1441.137874221849 1780 1784 -1
1783 14.53522476968138 -165.33428525128642 1489.3291886852721 1781 1785 -1
1784 71.5 -123.5 1441.0 1782 -1 -1
1785 14.619955548636456 -165.31565829545568 1489.5060802247624 1783 1786 -1
1786 14.705306660549427 -165.2945787355154 1489.6823979029427 1785 1787 -1
1787 14.790947760200517 -165.27131796875463 1489.8583006228957 1786 1788 -1
1788 14.87650544096761 -165.24624527108818 1490.0339951604394 1787 1789 -1
1789 14.961609837481117 -165.21968352184058 1490.2096912732661 1788 1790 -1
1790 15.045878768980206 -165.19198110099362 1490.3856137872983 1789 1791 -1
1791 15.128959399826376 -165.16351246522703 1490.5619784652715 1790 1792 -1
1792 15.210480132821747 -165.13463039046064 1490.7390024017268 1791 1793 -1
1793 15.290065715571156 -165.1057003625059 1490.91689646144 1792 1794 -1
1794 15.367406705457782 -165.07707694932205 1491.095826557572 1793 1795 -1
1795 15.442132056948585 -165.04904642215095 1491.2759575180287 1794 1796 -1
1796 15.513914052132964 -165.02157138348355 1491.457365840537 1795 1797 -1
1797 15.582478014702852 -164.99451876852646 1491.6400775331824 1796 1798 -1
1798 15.64746233481789 -164.96777215286494 1491.8241369929458 1797 1799 -1
1799 15.708734526664538 -164.94120819063832 1492.00949122975 1798 1800 -1
1800 15.765973225541416 -164.9147233564088 1492.196141331462 1799 1801 -1
1801 15.819119309307016 -164.88821866428728 1492.3839945260747 1800 1802 -1
1802 15.868025743680338 -164.86160798792633 1492.572980969553 1801 1803 -1
1803 15.91255472244802 -164.83481220799882 1492.7630203016006 1802 1804 -1
1804 15.952750678430563 -164.80777124167219 1492.95398821391 1803 1805 -1
1805 15.988728432934712 -164.78047957250385 1493.1457606786144 1804 1806 -1
1806 16.020746886895395 -164.7529891155699 1493.3382062161609 1805 1807 -1
1807 16.049039080987637 -164.72534950940906 1493.5312140381252 1806 1808 -1
1808 16.073804048539294 -164.69760480544335 1493.7246914270186 1807 1809 -1
1809 16.095210954286387 -164.66979461359784 1493.9185599550103 1808 1810 -1
1810 16.113402557680143 -164.6419550548521 1494.1127524963872 1809 1811 -1
1811 16.128498082605798 -164.61411956444093 1494.3072108447607 1810 1812 -1
1812 16.140595566347326 -164.58631958088614 1494.5018837902876 1811 1813 -1
1813 16.14977375002005 -164.55858514950677 1494.6967255451393 1812 1814 -1
1814 16.15609356176399 -164.53094546414198 1494.8916944298383 1813 1815 -1
1815 16.159599233347805 -164.5034293672499 1495.0867517509123 1814 1816 -1
1816 16.16031908070394 -164.47606582606784 1495.2818608130788 1815 1817 -1
1817 16.158265969295037 -164.44888440098663 1495.4769860179247 1816 1818 -1
1818 16.15343747596983 -164.42191572159288 1495.6720920064834 1817 1819 -1
1819 16.14578611999727 -164.39519492649748 1495.8671418186516 1818 1820 -1
1820 16.135306889346914 -164.3687541609289 1496.0620981088268 1819 1821 -1
1821 16.1219555364944 -164.3426297129425 1496.2569212342064 1820 1822 -1
1822 16.10566540678483 -164.31686158772214 1496.4515679718547 1821 1823 -1
1823 16.086350874034697 -164.29149383679842 1496.6459903649718 1822 1824 -1
1824 16.06390548409031 -164.26657543988347 1496.840134227745 1823 1825 -1
1825 16.038198333791865 -164.24216227122767 1497.0339372543524 1824 1826 -1
1826 16.009009489555254 -164.21836388559686 1497.2273227196918 1825 1827 -1
1827 15.97598577543171 -164.19538069055284 1497.4201887404895 1826 1828 -1
1828 15.938676436033973 -164.17345770296424 1497.6123947181213 1827 1829 -1
1829 15.896653818792174 -164.15285266021715 1497.8037703257799 1828 1830 -1
1830 15.849482749718717 -164.13384055780097 1497.9941062912917 1829 1831 -1
1831 15.79667692854082 -164.11672922366895 1498.1831372149309 1830 1832 -1
1832 15.737506182890533 -164.10194040542936 1498.3704687544166 1831 1833 -1
1833 15.671605298728414 -164.08978807530042 1498.5557284871868 1832 1834 -1
1834 15.598224198813904 -164.0807654060599 1498.7383320850251 1833 1835 -1
1835 15.516935746130708 -164.07526500145653 1498.917695325944 1834 1836 -1
1836 15.426979858987545 -164.0738716536191 1499.09294757714 1835 1837 -1
1837 15.328099474783048 -164.07697618102608 1499.2632935014994 1836 1838 -1
1838 15.219919800346299 -164.08506521230228 1499.427719624023 1837 1839 -1
1839 15.102139178268319 -164.09864872118536 1499.5850266371447 1838 1840 -1
1840 14.975009378794358 -164.1179650727311 1499.7342379549577 1839 1841 -1
1841 14.838873390707814 -164.1432199016691 1499.8743372801584 1840 1842 -1
1842 14.69425850966293 -164.17452756922694 1500.0043601795064 1841 1843 -1
1843 14.541976141507376 -164.21181453371963 1500.123601479401 1842 1844 -1
1844 14.38313021774856 -164.25460493757168 1500.2319444082516 1843 1845 -1
1845 14.218571410780545 -164.30164287148995 1500.329478033033 1844 1846 -1
1846 14.049289918840614 -164.35118049586146 1500.4172109689453 1845 1847 -1
1847 13.875730204692259 -164.40185700613867 1500.4954277244426 1846 1848 -1
1848 13.698439640640519 -164.45238250382394 1500.5648867519428 1847 1849 -1
1849 13.517752902270537 -164.50163166972771 1500.6260187718553 1848 1850 -1
1850 13.333886027479355 -164.54848419209614 1500.6790134199262 1849 1851 -1
1851 13.147118979026434 -164.5919057513016 1500.7242077391484 1850 1852 -1
1852 12.957713238646866 -164.63088745548816 1500.7618229479183 1851 1853 -1
1853 12.76593782802554 -164.66439040270063 1500.791960603307 1852 1854 -1
1854 12.572152251162668 -164.69162235694387 1500.8146529494074 1853 1855 -1
1855 12.37690666518274 -164.7130814019596 1500.82979237189 1854 1856 -1
1856 12.180773673054281 -164.72990104459316 1500.8375169869942 1855 1857 -1
1857 11.98421051807061 -164.74309312630913 1500.837835164181 1856 1858 -1
1858 11.787614678667186 -164.7536565861033 1500.830743047394 1857 1859 -1
1859 11.591344870367461 -164.7625781633342 1500.816216550904 1858 1860 -1
1860 11.395748889189006 -164.77083903875598 1500.7941547210946 1859 1861 -1
1861 11.201181852583282 -164.7794405798465 1500.764456748232 1860 1862 -1
1862 11.008005787999945 -164.78937407849995 1500.7270986815065 1861 1863 -1
1863 10.816634023488296 -164.8016367826683 1500.6819675363963 1862 1864 -1
1864 10.627544092936555 -164.8172402187286 1500.6289473763936 1863 1865 -1
1865 10.441299554385527 -164.8372124874022 1500.5679282473104 1864 1866 -1
1866 10.258617599354881 -164.86261825239387 1500.4987181439253 1865 1867 -1
1867 10.079930775309899 -164.89348571732444 1500.4217372628298 1866 1868 -1
1868 9.905539624947096 -164.92940500465775 1500.3374402017723 1867 1869 -1
1869 9.735659001568992 -164.9699422270476 1500.246297063009 1868 1870 -1
1870 9.570449579036731 -165.014677228795 1500.148748250373 1869 1871 -1
1871 9.410024401547412 -165.0632013230314 1500.045206297446 1870 1872 -1
1872 9.254329738860005 -165.1150373074041 1499.936192131716 1871 1873 -1
1873 9.103334377702742 -165.16978519758652 1499.8221070436998 1872 1874 -1
1874 8.956972780810927 -165.22706517572104 1499.7033204740192 1873 1875 -1
1875 8.815153933312997 -165.28651847554335 1499.5801686640011 1874 1876 -1
1876 8.677768967613538 -165.34780706394898 1499.452954641308 1875 1877 -1
1877 8.54470439672547 -165.410614412869 1499.3219433323432 1876 1878 -1
1878 8.415858923127255 -165.47464428513666 1499.1873543729278 1877 1879 -1
1879 8.291067115025317 -165.5395991114214 1499.0494301570193 1878 1880 -1
1880 8.170202701198203 -165.60520694674776 1498.9083532160666 1879 1881 -1
1881 8.053143189122133 -165.6712054159862 1498.7642814567334 1880 1882 -1
1882 7.9397717702441115 -165.73733871087128 1498.617350128657 1881 1883 -1
1883 7.829978787182228 -165.80335443961084 1498.4676736791762 1882 1884 -1
1884 7.723662879641419 -165.86900031719082 1498.3153474748588 1883 1885 -1
1885 7.6207319116425465 -165.93402066189128 1498.160449391099 1884 1886 -1
1886 7.5211037704702965 -165.99815264350707 1498.0030412892106 1885 1887 -1
1887 7.424722797558277 -166.06111503404279 1497.8431584117186 1886 1888 -1
1888 7.331554454599238 -166.1225992318241 1497.6808151303183 1887 1889 -1
1889 7.24151711286258 -166.18230399301177 1497.5160596633848 1888 1890 -1
1890 7.154577525446764 -166.23991002952044 1497.3489109280476 1889 1891 -1
1891 7.070704926293592 -166.29525674531223 1497.1794470645486 1890 1892 -1
1892 6.989926046717193 -166.34822934842066 1497.007736217655 1891 1893 -1
1893 6.912072914289925 -166.39885865030323 1496.8339793236746 1892 1894 -1
1894 6.837054288814616 -166.4471122434902 1496.6583095499634 1893 1895 -1
1895 6.764781103655517 -166.4929449071091 1496.480849233809 1894 1896 -1
1896 6.695015674496151 -166.53643870737534 1496.3018033851326 1895 1897 -1
1897 6.627638226501139 -166.5775599064866 1496.1212879773063 1896 1898 -1
1898 6.562384165001288 -166.61641250187733 1495.9394941476555 1897 1899 -1
1899 6.499049778920995 -166.65303414795937 1495.7565614745927 1898 1900 -1
1900 6.437384715819801 -166.6875106829318 1495.5726438700726 1899 1901 -1
1901 6.377123143861071 -166.71994983858258 1495.3878919611764 1900 1902 -1
1902 6.3180524714180875 -166.7504202751068 1495.2024213786146 1901 1903 -1
1903 6.259963081969447 -166.77908566974477 1495.0163538357904 1902 1904 -1
1904 6.20270765857179 -166.80601052811696 1494.8297683180463 1903 1905 -1
1905 6.146090817994194 -166.83136136311796 1494.642767776357 1904 1906 -1
1906 6.089945180116864 -166.85525424416238 1494.4554333319263 1905 1907 -1
1907 6.03410625407308 -166.87779235551884 1494.2678393862893 1906 1908 -1
1908 5.9784038118210425 -166.89913056725004 1494.0800645613508 1907 1909 -1
1909 5.922683406789545 -166.9193869083151 1493.8921751834077 1908 1910 -1
1910 5.866789282394913 -166.93865946856488 1493.7042338783554 1909 1911 -1
1911 5.81058761054303 -166.95708753716008 1493.516299583708 1910 1912 -1
1912 5.754108305302673 -166.97472513276674 1493.3283726500995 1911 1913 -1
1913 5.697576775769509 -166.9915546530088 1493.1403873198867 1912 1914 -1
1914 5.641224082014331 -167.00755167234755 1492.9522756620868 1913 1915 -1
1915 5.585281289784779 -167.0226787670563 1492.7639698454263 1914 1916 -1
1916 5.529961614581608 -167.03692061766753 1492.5754111860833 1915 1917 -1
1917 5.475477324831746 -167.0502477506741 1492.386542807575 1916 1918 -1
1918 5.422038601560932 -167.0626287101916 1492.1973118093058 1917 1919 -1
1919 5.369855100652495 -167.07402992719165 1492.0076695567702 1918 1920 -1
1920 5.319137388685414 -167.08441560167157 1491.8175720363963 1919 1921 -1
1921 5.270098260911638 -167.09374759961284 1491.6269802907761 1920 1922 -1
1922 5.222953944529568 -167.10198536787715 1491.435860949068 1921 1923 -1
1923 5.177925184685055 -167.1090858715638 1491.2441868664273 1922 1924 -1
1924 5.135238204487626 -167.11500355982557 1491.0519378852496 1923 1925 -1
1925 5.095125523708268 -167.11969036771293 1490.8591017294477 1924 1926 -1
1926 5.057826613687379 -167.12309576327888 1490.6656750406485 1925 1927 -1
1927 5.023588358389581 -167.1251668508839 1490.4716645617175 1926 1928 -1
1928 4.992685900935642 -167.12584020373095 1490.2770853764155 1927 1929 -1
1929 4.965371281182384 -167.1250635387198 1490.0819712052796 1928 1930 -1
1930 4.941877976326825 -167.12278017932888 1489.8863724109196 1929 1931 -1
1931 4.9220093987085685 -167.11893144320874 1489.6903960777558 1930 1932 -1
1932 4.905204163050238 -167.1134597791059 1489.4941711481015 1931 1933 -1
1933 4.890879289476718 -167.10630787721934 1489.297802935282 1932 1934 -1
1934 4.87844513866882 -167.0974179118153 1489.101376393856 1933 1935 -1
1935 4.867306981613403 -167.08673097625686 1488.9049612853398 1934 1936 -1
1936 4.856865609625421 -167.0741867326554 1488.7086175659651 1935 1937 -1
1937 4.846517293888007 -167.05972331199888 1488.5124009317594 1936 1938 -1
1938 4.835653418439929 -167.04327750380185 1488.316368497666 1937 1939 -1
1939 4.82364136335752 -167.02476248653488 1488.1205880976856 1938 1940 -1
1940 4.809863566853125 -167.0041318706335 1487.925136489027 1939 1941 -1
1941 4.793697096669549 -166.98132594285008 1487.7301110093756 1940 1942 -1
1942 4.774515162779129 -166.95628566915326 1487.5356348231255 1941 1943 -1
1943 4.75169225487496 -166.92895782081743 1487.3418623816888 1942 1944 -1
1944 4.724609696147399 -166.8992978746278 1487.1489846959814 1943 1945 -1
1945 4.692663436974391 -166.86727338153483 1486.9572336531317 1944 1946 -1
1946 4.655252374424659 -166.83285899664904 1486.7668910920636 1945 1947 -1
1947 4.6117932069686915 -166.79604479912499 1486.5782922589467 1946 1948 -1
1948 4.561856469331143 -166.7568827597563 1486.391784580255 1947 1949 -1
1949 4.505027592789594 -166.71542782201442 1486.2077642240768 1948 1950 -1
1950 4.440993243493864 -166.67177068891982 1486.026643952918 1949 1951 -1
1951 4.36983686219395 -166.62616190982087 1485.8486888276743 1950 1952 -1
1952 4.291974249801549 -166.57898679408552 1485.6739778066005 1951 1953 -1
1953 4.207779419972734 -166.53060876026086 1485.5025622460928 1952 1954 -1
1954 4.117565129751513 -166.4813656025629 1485.334486796179 1953 1955 -1
1955 4.021587871196964 -166.43157627508242 1485.1697976392993 1954 1956 -1
1956 3.92005246984961 -166.38154756056431 1485.00854939183 1955 1957 -1
1957 3.813116140277963 -166.33158068832225 1484.8508112069119 1956 1958 -1
1958 3.7008919652714387 -166.28197803034925 1484.6966725560305 1957 1959 -1
1959 3.583451853090667 -166.23305005141285 1484.546249124617 1958 1960 -1
1960 3.4608291049201285 -166.18512272571004 1484.3996892368325 1959 1961 -1
1961 3.333023570450939 -166.13852872325526 1484.2571842054713 1960 1962 -1
1962 3.2000642255041076 -166.09325272940148 1484.1190365394334 1961 1963 -1
1963 3.0620312913394 -166.04884173623543 1483.9856668425791 1962 1964 -1
1964 2.9189816269803757 -166.0047797733001 1483.8575722210933 1963 1965 -1
1965 2.7709192963223743 -165.96049655797106 1483.7353892275855 1964 1966 -1
1966 2.6180051979111765 -165.91538354160002 1483.6196616411903 1965 1967 -1
1967 2.460351580919903 -165.8687883492585 1483.511106111552 1966 1968 -1
1968 2.297982693527639 -165.81991632193066 1483.4108251835032 1967 1969 -1
1969 2.1312524448202206 -165.7680232238637 1483.3196416357075 1968 1970 -1
1970 1.9604336399551516 -165.7121465991411 1483.2390079265372 1969 1971 -1
1971 1.7861699203273815 -165.65143523200194 1483.170115782447 1970 1972 -1
1972 1.60925364393176 -165.58481797196094 1483.1148054991618 1971 1973 -1
1973 1.4309532616750589 -165.51141932079452 1483.0746664819148 1972 1974 -1
1974 1.2527952657186414 -165.43093548697448 1483.0508024165451 1973 1975 -1
1975 1.0762348889362778 -165.34399444837968 1483.043249508622 1974 1976 -1
1976 0.9025716384319894 -165.25144272925513 1483.0515091334917 1975 1977 -1
1977 0.7328909423925484 -165.15415696824314 1483.074771220946 1976 1978 -1
1978 0.568060175287991 -165.0529712813933 1483.1120739587648 1977 1979 -1
1979 0.40860026327144866 -164.9487092579692 1483.1620949413273 1978 1980 -1
1980 0.2548459277001464 -164.84205069433244 1483.2236280852526 1979 1981 -1
1981 0.1070312699322819 -164.7335515366212 1483.2956317765543 1980 1982 -1
1982 -0.03476833968418464 -164.62369190932958 1483.3770601756598 1981 1983 -1
1983 -0.17068027886649617 -164.51287689755964 1483.4668200053177 1982 1984 -1
1984 -0.30061660463938245 -164.40140194047996 1483.5642872013932 1983 1985 -1
1985 -0.42486468803352334 -164.28953918895803 1483.6684982437741 1984 1986 -1
1986 -0.5434153217730987 -164.17748769017146 1483.7789600790566 1985 1987 -1
1987 -0.6564569035026779 -164.06541873193467 1483.8950387127854 1986 1988 -1
1988 -0.764151024043084 -163.95346856805986 1484.0162081270764 1987 1989 -1
1989 -0.8664738352591207 -163.84175806147658 1484.1421612400757 1988 1990 -1
1990 -0.9636030595343814 -163.73038239949355 1484.27244850694 1989 1991 -1
1991 -1.055625730178974 -163.61942475845566 1484.406738803499 1990 1992 -1
1992 -1.1425831590121438 -163.5089610689321 1484.5447620956343 1991 1993 -1
1993 -1.2243889642636312 -163.3990749734831 1484.6863504792327 1992 1994 -1
1994 -1.301147333684835 -163.28982295672938 1484.8312169377082 1993 1995 -1
1995 -1.3728331270571026 -163.1812710991469 1484.979175567725 1994 1996 -1
1996 -1.4393926318808354 -163.07348723685632 1485.130062317576 1995 1997 -1
1997 -1.5006855990683878 -162.9665528506698 1485.2837589850794 1996 1998 -1
1998 -1.5565907895846411 -162.86054855799532 1485.4401300634831 1997 1999 -1
1999 -1.6070205558771986 -162.75555071315557 1485.5990205272599 1998 2000 -1
2000 -1.6518836443663243 -162.65165785351257 1485.7602897645556 1999 2001 -1
2001 -1.691197004609188 -162.5490017379676 1485.923784911154 2000 2002 -1
2002 -1.7252183337431675 -162.4476653580104 1486.0892782519022 2001 2003 -1
2003 -1.7542110911682158 -162.34771695175175 1486.2565643019 2002 2004 -1
2004 -1.7783224457321432 -162.24925140205477 1486.4254973248558 2003 2005 -1
2005 -1.7978699256830881 -162.15230553100284 1486.5958932200301 2004 2006 -1
2006 -1.8131821420720637 -162.0568988524934 1486.7675872027164 2005 2007 -1
2007 -1.8244358015176754 -161.96310255058773 1486.9404790230212 2006 2008 -1
2008 -1.8320470542648315 -161.87088553676935 1487.1144163597128 2007 2009 -1
2009 -1.8362985499619717 -161.7802623092216 1487.2893040537458 2008 2010 -1
2010 -1.837477151823388 -161.6912439263663 1487.465062103591 2009 2011 -1
2011 -1.835974151181939 -161.60377821469635 1487.6415960396855 2010 2012 -1
2012 -1.8320410799719054 -161.5178914540386 1487.8188667275879 2011 2013 -1
2013 -1.8260717124649157 -161.4335152091428 1487.9968050055854 2012 2014 -1
2014 -1.818370917791403 -161.35064048514934 1488.1753816301398 2013 2015 -1
2015 -1.8092829307990048 -161.26922868506603 1488.3545652328096 2014 2016 -1
2016 -1.7991566366250094 -161.18923515725976 1488.534331203409 2015 2017 -1
2017 -1.7883303127121082 -161.1106403699755 1488.7146726102105 2016 2018 -1
2018 -1.7771695819402127 -161.03338244907917 1488.8955705155438 2017 2019 -1
2019 -1.7660169904084775 -160.95743926561562 1489.0770248637916 2018 2020 -1
2020 -1.7548370418609043 -160.8825582139795 1489.2589186343296 2019 2021 -1
2021 -1.743187051665277 -160.80832503827511 1489.4410483835256 2020 2022 -1
2022 -1.7305944703556373 -160.73428016101826 1489.6231918525227 2021 2023 -1
2023 -1.7165842175976878 -160.65996622766798 1489.8051217025898 2022 2024 -1
2024 -1.7006421492047048 -160.5849056354086 1489.9865846490036 2023 2025 -1
2025 -1.6823303272056696 -160.50865887617425 1490.1673271268144 2024 2026 -1
2026 -1.6610921466579192 -160.43073172639677 1490.3470285681815 2025 2027 -1
2027 -1.6365260081414172 -160.3507284196783 1490.525386770428 2026 2028 -1
2028 -1.6081641238328181 -160.26823118784569 1490.7020362485844 2027 2029 -1
2029 -1.5755650571430078 -160.18285335005805 1490.876570993195 2028 2030 -1
2030 -1.5384528132474211 -160.09434205505346 1491.0486247715328 2029 2031 -1
2031 -1.4963736395455083 -160.00234041793306 1491.2176763753196 2030 2032 -1
2032 -1.4492756489616645 -159.90679436400657 1491.3834040367565 2031 2033 -1
2033 -1.3968045335046275 -159.8074562512986 1491.5452409269126 2032 2034 -1
2034 -1.3390751100076606 -159.70442656069295 1491.70292473076 2033 2035 -1
2035 -1.2759613462638428 -159.5976510726606 1491.8559850767588 2034 2036 -1
2036 -1.2076056402405535 -159.48727428956923 1492.0041605414556 2035 2037 -1
2037 -1.1341969778558931 -159.373478645723 1492.1472453217252 2036 2038 -1
2038 -1.0559297680937378 -159.25645343646704 1492.2850548028186 2037 2039 -1
2039 -0.9730484774875842 -159.1364221514106 1492.4174782710265 2038 2040 -1
2040 -0.8858359780168561 -159.01363108712937 1492.5444805814159 2039 2041 -1
2041 -0.7946011927160354 -158.88833813538994 1492.6660998639354 2040 2042 -1
2042 -0.69966698144615 -158.76080253932065 1492.7824417297359 2041 2043 -1
2043 -0.6013590716669678 -158.63127621076154 1492.8936707520681 2042 2044 -1
2044 -0.5 -158.5 1493.0 2043 -1 -1
