0 44.5 2.0 -279.0 -1 1 -1
1 44.32475568619677 2.098349298355496 -279.04857595525255 0 2 -1
2 44.15035682829859 2.1999404828938136 -279.09337687226025 1 3 -1
3 43.97692059399694 2.304749097272818 -279.1343391203107 2 4 -1
4 43.80457961442113 2.4127774024054327 -279.17137070502736 3 5 -1
5 43.633422289247235 2.5238993576622373 -279.2045371516353 4 6 -1
6 43.463610814326344 2.6381710855826506 -279.23367422285327 5 7 -1
7 43.29520509925969 2.7554096623071915 -279.2589241984974 6 8 -1
8 43.128372829536545 2.875660146136217 -279.2801315560424 7 9 -1
9 42.963160680611296 2.998736952559159 -279.29745144747113 8 10 -1
10 42.799728856181595 3.124656889652857 -279.3107631540734 9 11 -1
11 42.63811841808527 3.2532479032792803 -279.32021370710703 10 12 -1
12 42.478455412839914 3.384472898968312 -279.32576059836924 11 13 -1
13 42.32080074743153 3.5182075477580574 -279.32749211962954 12 14 -1
14 42.16522139952094 3.654347769757664 -279.32547331393056 13 15 -1
15 42.01181632858517 3.792828246210359 -279.31971100155937 14 16 -1
16 41.860592301811934 3.933494902058766 -279.31036127496 15 17 -1
17 41.711648741177406 4.076294564480859 -279.29742094768693 16 18 -1
18 41.56499387954818 4.2210939953352735 -279.2810264739194 17 19 -1
19 41.420654619568374 4.3677894107305875 -279.2612737967051 18 20 -1
20 41.278702100803024 4.516316591140003 -279.2381928739633 19 21 -1
21 41.139096476940026 4.666535431574025 -279.2119601211759 20 22 -1
22 41.00189185915992 4.818382881482008 -279.18261738129416 21 23 -1
23 40.8670784149944 4.971757365401982 -279.1502858913678 22 24 -1
24 40.734631171369934 5.126558215519627 -279.1150957586239 23 25 -1
25 40.60460681117234 5.282738051095305 -279.07707593815786 24 26 -1
26 40.476925302662245 5.4401788064352266 -279.0364088076583 25 27 -1
27 40.351614860193074 5.598828765520486 -278.9931469023097 26 28 -1
28 40.22864131334383 5.758608569780914 -278.94740827095814 27 29 -1
29 40.1079652766616 5.9194439344032075 -278.8993091611238 28 30 -1
30 39.989606796999595 6.081291721868189 -278.84890237003634 29 31 -1
31 39.87347546733541 6.244066434004776 -278.7963452260985 30 32 -1
32 39.75960539593161 6.4077391366486705 -278.74167096497393 31 33 -1
33 39.64790835019901 6.572236376712291 -278.6850242639588 32 34 -1
34 39.53838433663705 6.737523337403725 -278.6264647204361 33 35 -1
35 39.43098278786876 6.9035500238396725 -278.56609449951446 34 36 -1
36 39.325665326669316 7.07027506924646 -278.5040010927937 35 37 -1
37 39.22241152324785 7.237666089128409 -278.4402553887576 36 38 -1
38 39.121153736124896 7.405679141419743 -278.37496250708443 37 39 -1
39 39.021895010449406 7.574295065059285 -278.30817115316364 38 40 -1
40 38.92454611636129 7.7434699538892655 -278.2399962788756 39 41 -1
41 38.829128112964455 7.913194716626282 -278.17047145139117 40 42 -1
42 38.73553751721305 8.083427374993652 -278.09971502716314 41 43 -1
43 38.6438053620684 8.254165686403123 -278.0277532231371 42 44 -1
44 38.55382728083435 8.425372707843726 -277.95469862081643 43 45 -1
45 38.46562496101208 8.597047381978168 -277.88058341571184 44 46 -1
46 38.37911061493694 8.769161665787635 -277.80550440602775 45 47 -1
47 38.294291725312085 8.941714252295078 -277.72950237155095 46 48 -1
48 38.211096830100416 9.114685101951425 -277.65266065327745 47 49 -1
49 38.12951914012806 9.288072511467309 -277.5750277177377 48 50 -1
50 38.04950462458832 9.46186416429536 -277.49667512299754 49 51 -1
51 37.97103069836722 9.636057334556387 -277.41765865497314 50 52 -1
52 37.89406311072178 9.81064774179408 -277.33803953825844 51 53 -1
53 37.81856066211198 9.985630526674507 -277.2578805932256 52 54 -1
54 37.74451233035524 10.161010378023217 -277.1772343962771 53 55 -1
55 37.67185436809679 10.336778651788208 -277.0961701255556 54 56 -1
56 37.60060336879485 10.512950633268616 -277.0147341321024 55 57 -1
57 37.53068573812229 10.689516957018352 -276.932997073772 56 58 -1
58 37.462098156580815 10.866489868952364 -276.8510126869367 57 59 -1
59 37.394807443592605 11.043874127997494 -276.76884280913805 58 60 -1
60 37.328771865417565 11.22167239840038 -276.68654942847076 59 61 -1
61 37.26399666781061 11.399904537997221 -276.6041928281048 60 62 -1
62 37.20042901965299 11.578571760390115 -276.5218381167082 61 63 -1
63 37.13804352414403 11.757685404799123 -276.4395490561777 62 64 -1
64 37.07683869943465 11.937267952011455 -276.3573954137067 63 65 -1
65 37.01677197388334 12.117327049561714 -276.275445189877 64 66 -1
66 36.95781871686743 12.297878253073392 -276.19376957641174 65 67 -1
67 36.89995793105017 12.478940069366834 -276.1124437517876 66 68 -1
68 36.843181810380734 12.660536882274998 -276.03154744786156 67 69 -1
69 36.78747988189551 12.842652851440672 -275.951072582824 68 70 -1
70 36.732868474439535 13.025252300668921 -275.87094662515824 69 71 -1
71 36.6793640164242 13.208297428270193 -275.79109118620596 70 72 -1
72 36.626980490021104 13.391748146153935 -275.7114234902408 71 73 -1
73 36.57572930186816 13.57556217947204 -275.63185677151756 72 74 -1
74 36.52561917363748 13.759695173491938 -275.5523007254161 73 75 -1
75 36.47665605359606 13.944100807986317 -275.4726620103557 74 76 -1
76 36.428843050017704 14.128730919751735 -275.39284479629026 75 77 -1
77 36.38218038703833 14.313535634166886 -275.31275135474556 76 78 -1
78 36.33666538328857 14.498463506956988 -275.2322826845543 77 79 -1
79 36.292292453393195 14.683461677514762 -275.1513391666763 78 80 -1
80 36.24905313219635 14.868476035226449 -275.0698212407921 79 81 -1
81 36.206936121355255 15.05345140024523 -274.9876300957372 80 82 -1
82 36.16592735774319 15.238331720029034 -274.904668365312 81 83 -1
83 36.12601010291197 15.42306028271282 -274.8208408205949 82 84 -1
84 36.087165052683034 15.607579948012976 -274.73605504960665 83 85 -1
85 36.049370465763246 15.791833395870714 -274.6502221150492 84 86 -1
86 36.012602310111966 15.975763392447998 -274.56325718089903 85 87 -1
87 35.976834425622116 16.15931307241002 -274.47508009886894 86 88 -1
88 35.94203870151592 16.342426235695353 -274.38561594619966 87 89 -1
89 35.90818526669955 16.52504765621622 -274.29479550688853 88 90 -1
90 35.87524269117039 16.70712339918792 -274.2025556893226 89 91 -1
91 35.84317819643142 16.888601143093812 -274.1088398743331 90 92 -1
92 35.81195787274194 17.06943050169163 -274.01359818892337 91 93 -1
93 35.781546900931346 17.24956334099127 -273.9167877023021 92 94 -1
94 35.75190977642498 17.42895408581848 -273.8183725423513 93 95 -1
95 35.72301230172243 17.607557926816888 -273.7183197525379 94 96 -1
96 35.694823895017194 17.785327249188192 -273.6165925630097 95 97 -1
97 35.66730168718789 17.962232284678183 -273.5131902595071 96 98 -1
98 35.64040949867791 18.13823991251644 -273.40810449956655 97 99 -1
99 35.61411287586653 18.313318441127425 -273.301329389289 98 100 -1
100 35.588387189851645 18.487421688400055 -273.19283438076997 99 101 -1
101 35.56318570656936 18.660546029824403 -273.0826629785349 100 102 -1
102 35.538468064772964 18.83266691055389 -272.9708221576147 101 103 -1
103 35.514177858496986 19.003769449126278 -272.85733721595915 102 104 -1
104 35.49025258185666 19.173862469345668 -272.74226812206416 103 105 -1
105 35.466647914736434 19.342909820449847 -272.625602942204 104 106 -1
106 35.44330683982468 19.510926182697776 -272.50740541653835 105 107 -1
107 35.420188701903484 19.677871042174065 -272.38765600176066 106 108 -1
108 35.39724533639621 19.843747027444923 -272.2663971275665 107 109 -1
109 35.374435914519175 20.008526065909344 -272.1436267993711 108 110 -1
110 35.35171991311968 20.172181556940334 -272.01934560600927 109 111 -1
111 35.32905694856282 20.334710617848124 -271.8935852935354 110 112 -1
112 35.306409510966574 20.496050675525126 -271.76630043692103 111 113 -1
113 35.28373980341523 20.656204265416644 -271.6375299453373 112 114 -1
114 35.26101159192211 20.815135683100525 -271.50726418327696 113 115 -1
115 35.23818653610593 20.972784564630416 -271.37546596588913 114 116 -1
116 35.21523123384994 21.1291455151533 -271.2421647990083 115 117 -1
117 35.19210865453509 21.284163997261462 -271.10733338589523 116 118 -1
118 35.16878036402834 21.43778051918028 -270.9709419417271 117 119 -1
119 35.14521465310126 21.58997577361141 -270.8330067913911 118 120 -1
120 35.12137144131981 21.74067659775749 -270.69348763438404 119 121 -1
121 35.09721238060355 21.889821914654974 -270.55236069754716 120 122 -1
122 35.07270548499884 22.037377467723857 -270.40963176399356 121 123 -1
123 35.04780387295834 22.183240669904322 -270.26524137603036 122 124 -1
124 35.02247223420125 22.32735891688495 -270.11918339116284 123 125 -1
125 34.996674206931864 22.469670781902376 -269.97144549346774 124 126 -1
126 34.97035245596394 22.610035161168383 -269.821947489891 125 127 -1
127 34.94348046729859 22.74842354483222 -269.67071546015893 126 128 -1
128 34.915999666806755 22.884689205405746 -269.5176762909333 127 129 -1
129 34.88786982404403 23.018748237949218 -269.3628171979886 128 130 -1
130 34.859039431026204 23.150475203800106 -269.20609712502454 129 131 -1
131 34.829454257076115 23.279732891810742 -269.04747342772 130 132 -1
132 34.799064400962884 23.40639470201741 -268.88691992321094 131 133 -1
133 34.767809637492704 23.530296193490553 -268.7243908725382 132 134 -1
134 34.73562997154924 23.651268961314788 -268.5598490452661 133 135 -1
135 34.70247374667225 23.76916935005545 -268.3932834015417 134 136 -1
136 34.668266682079484 23.88386010023427 -268.2247014522872 135 137 -1
137 34.63299091582731 23.995452631689357 -268.0542705708737 136 138 -1
138 34.5965941443259 24.103971928613387 -267.8820992355255 137 139 -1
139 34.55902699915433 24.20947282039941 -267.70831078330264 138 140 -1
140 34.52026679682363 24.31209025117028 -267.5330638374077 139 141 -1
141 34.4802744276004 24.411927423427205 -267.3564922734145 140 142 -1
142 34.43898997723918 24.509060816588022 -267.17871386833747 141 143 -1
143 34.39639751248724 24.603671124113703 -266.99988649736844 142 144 -1
144 34.35246452629676 24.69590957334137 -266.8201464142883 143 145 -1
145 34.30715828553384 24.785934984297125 -266.6396264783591 144 146 -1
146 34.2604277278864 24.87389026252361 -266.4584500921738 145 147 -1
147 34.2122600253445 24.959980795236998 -266.27675511467555 146 148 -1
148 34.16263169204559 25.044395926843084 -266.0946674034125 147 149 -1
149 34.11151811250989 25.127325411105108 -265.9123078593637 148 150 -1
150 34.058881486519994 25.208951707578546 -265.72979349285566 149 151 -1
151 34.00470051011417 25.289437638972217 -265.54722467079625 150 152 -1
152 33.94892983853204 25.368676747133037 -265.36458940194973 151 153 -1
153 33.89149937907889 25.446436446312674 -265.18183284263847 152 154 -1
154 33.832317367096806 25.52245667763408 -264.9989035351899 153 155 -1
155 33.77131833314251 25.59649616252251 -264.8157592506505 154 156 -1
156 33.70844358036453 25.66831916045154 -264.63236726836965 155 157 -1
157 33.64362273882149 25.73767134427902 -264.4487021777116 156 158 -1
158 33.576757037106304 25.804248550790327 -264.26474385587676 157 159 -1
159 33.50779829495002 25.86780330037626 -264.08049018932127 158 160 -1
160 33.43669108659261 25.928071190289074 -263.8959495568741 159 161 -1
161 33.36337551490812 25.98476944678664 -263.7111421661102 160 162 -1
162 33.287765102061634 26.037551772687618 -263.5261001154341 161 163 -1
163 33.20983505025733 26.086158733050272 -263.34087777298316 162 164 -1
164 33.12955461912737 26.13030820365164 -263.1555440316455 163 165 -1
165 33.0468951582783 26.16970425573107 -262.970184896523 164 166 -1
166 32.9618133574781 26.203994814390555 -262.7849074089461 165 167 -1
167 32.87431824803176 26.232911712491298 -262.5998387500776 166 168 -1
168 32.78444352494184 26.256243624480188 -262.415123127334 167 169 -1
169 32.692284053245814 26.274092901911942 -262.230921311264 168 170 -1
170 32.59794776709231 26.286727482667793 -262.0473899029521 169 171 -1
171 32.501575640876155 26.29452706780485 -261.8646484453052 170 172 -1
172 32.40329917185524 26.29787358288741 -261.6827867735111 171 173 -1
173 32.30321749536381 26.297095011699987 -261.50188171163285 172 174 -1
174 32.2014063179519 26.29248932913261 -261.3220010340633 173 175 -1
175 32.09798581273972 26.284466940832875 -261.143160992879 174 176 -1
176 31.99302306569905 26.27333342487474 -260.9653884175201 175 177 -1
177 31.886569938729803 26.259379976306473 -260.78870397766383 176 178 -1
178 31.77871761861459 26.242974551370715 -260.6130815490207 177 179 -1
179 31.669490927582025 26.224372173649424 -260.4385302857715 178 180 -1
180 31.558952039547194 26.203893693711507 -260.26501798162616 179 181 -1
181 31.447140945258486 26.181821487822297 -260.0925188368281 180 182 -1
182 31.33407611226284 26.15841630863767 -259.9210152991238 181 183 -1
183 31.219812362381262 26.133970018377177 -259.7504539551694 182 184 -1
184 31.104339225043322 26.108719321860107 -259.58082671665744 183 185 -1
185 30.98771787239063 26.08294185478528 -259.4120663497534 184 186 -1
186 30.869929857954872 26.05676577368983 -259.2441798270383 185 187 -1
187 30.75105983451454 26.030113421199744 -259.07713297017074 186 188 -1
188 30.631110003558117 26.00283388215682 -258.91096154823697 187 189 -1
189 30.510161905298673 25.97482396738887 -258.74563741201337 188 190 -1
190 30.388219262583025 25.945925057919737 -258.58119928000355 189 191 -1
191 30.265361298344523 25.916047404528957 -258.41761968297277 190 192 -1
192 30.141596514779422 25.8850273708894 -258.25493885432167 191 193 -1
193 30.016997359818358 25.852781882877764 -258.09313566887016 192 194 -1
194 29.891583723657096 25.81915290238221 -257.9322460400963 193 195 -1
195 29.76541717330959 25.78405160060725 -257.77226218894 194 196 -1
196 29.638532225394933 25.747338184308468 -257.6132111561116 195 197 -1
197 29.510979357002935 25.70890527731677 -257.45510346608006 196 198 -1
198 29.382808659616675 25.66864630231185 -257.2979528429134 197 199 -1
199 29.25406064865053 25.626419938742337 -257.14179369562544 198 200 -1
200 29.124799471782726 25.582166784044393 -256.9866228822733 199 201 -1
201 28.995055607291544 25.53571936945747 -256.83249983157555 200 202 -1
202 28.864852187767937 25.487153000006455 -256.67942104594175 201 203 -1
203 28.734168742449256 25.436491182084744 -256.527434296829 202 204 -1
204 28.602991315577135 25.383791318148372 -256.3765702140293 203 205 -1
205 28.47131387200736 25.329141081294505 -256.2268397674962 204 206 -1
206 28.33910354019288 25.272527726307917 -256.0783131013967 205 207 -1
207 28.206361594547598 25.214065061890214 -255.93098189304158 206 208 -1
208 28.07306437211053 25.153776784597973 -255.78489293911275 207 209 -1
209 27.939190803489538 25.091699099696502 -255.6400860328856 208 210 -1
210 27.80473467453645 25.027912391598043 -255.49656728546088 209 211 -1
211 27.669661735330564 24.962416260747794 -255.3544040442614 210 212 -1
212 27.533964563165803 24.895286012400497 -255.2136041139223 211 213 -1
213 27.397625003380263 24.8265656288605 -255.07419870468024 212 214 -1
214 27.26060779868353 24.756260351802418 -254.93625564319618 213 215 -1
215 27.12291120580711 24.6844532406678 -254.79977045905326 214 216 -1
216 26.984501229541618 24.611154749682754 -254.66480813591696 215 217 -1
217 26.84535857122708 24.53640835703825 -254.53140234368084 216 218 -1
218 26.7054726282054 24.460272295541593 -254.3995689086586 217 219 -1
219 26.56479443645131 24.38273605403321 -254.2694051587894 218 220 -1
220 26.423327416855496 24.303881940640398 -254.1408987398028 219 221 -1
221 26.281034152257366 24.22372202808606 -254.0141241538075 220 222 -1
222 26.13789080934682 24.14229223635987 -253.88912839526398 221 223 -1
223 25.993885113782614 24.05964441579643 -253.76593557872718 222 224 -1
224 25.848966808076977 23.97577890455704 -253.64465070506674 223 225 -1
225 25.703140401611133 23.890769066813114 -253.52526593195748 224 226 -1
226 25.556352693627424 23.8046156487877 -253.4078961310567 225 227 -1
227 25.408599679751525 23.717379109763133 -253.29255523546524 226 228 -1
228 25.25984029612723 23.629078231520044 -253.17933749810234 227 229 -1
229 25.110056516785185 23.539757352147824 -253.06829137578697 228 230 -1
230 24.959217816036762 23.449448924736036 -252.95949490656778 229 231 -1
231 24.807298647256008 23.358190894213127 -252.85301896758756 230 232 -1
232 24.65427236268138 23.266021416840104 -252.74894075941006 231 233 -1
233 24.500114311763053 23.172980806935495 -252.6473372914921 232 234 -1
234 24.34479340813304 23.079106257185007 -252.54830478271643 233 235 -1
235 24.188296222660046 22.984447852553508 -252.45190523367995 234 236 -1
236 24.030577383348835 22.889036910158207 -252.35827884623245 235 237 -1
237 23.87164290843005 22.792936829497698 -252.26745499430277 236 238 -1
238 23.71143366872781 22.696176469629645 -252.17962129674788 237 239 -1
239 23.549959256032007 22.59882279844147 -252.09481293973397 238 240 -1
240 23.387192310626475 22.50092503853662 -252.01316027709984 239 241 -1
241 23.22312372884204 22.402531913315226 -251.934773609437 240 242 -1
242 23.057842974085833 22.30369987096387 -251.85954928891024 241 243 -1
243 22.891414834178224 22.204470353953376 -251.78744155363847 242 244 -1
244 22.72390704687454 22.104885661148327 -251.7183879309203 243 245 -1
245 22.555408934085662 22.004993889353614 -251.65224856677315 244 246 -1
246 22.385990051347186 21.904835336048958 -251.5889235317125 245 247 -1
247 22.215702197187472 21.804444803866286 -251.52835612220355 246 248 -1
248 22.044629236172156 21.70386430550515 -251.47037147665907 247 249 -1
249 21.872833297071463 21.60312827008129 -251.41484577199913 248 250 -1
250 21.700369607613297 21.502268390950306 -251.36166339192985 249 251 -1
251 21.52729181296126 21.401314965547545 -251.3106994046826 250 252 -1
252 21.353661002299372 21.300297366522518 -251.26178456861578 251 253 -1
253 21.17952659837721 21.19924126100954 -251.21477581314062 252 254 -1
254 21.00493092852897 21.098170347111683 -251.1695426242263 253 255 -1
255 20.82991885797904 20.997106885700457 -251.12593069250138 254 256 -1
256 20.654534837420364 20.89607072072118 -251.08377359176296 255 257 -1
257 20.478816536057735 20.795079858272935 -251.04291948125163 256 258 -1
258 20.302795398178663 20.694151865258995 -251.00322979606247 257 259 -1
259 20.12650789260086 20.593301594916966 -250.96453703076705 258 260 -1
260 19.94998646422054 20.492542469124796 -250.92668204489812 259 261 -1
261 19.773259942492523 20.39188740341134 -250.88951303927394 260 262 -1
262 19.59635381272388 20.29135036769706 -250.85288270902782 261 263 -1
263 19.419298378674213 20.190940470881984 -250.81662680869903 262 264 -1
264 19.242119270670454 20.09066814223434 -250.780594943897 263 265 -1
265 19.064840389171422 19.99054579466159 -250.74463680833384 264 266 -1
266 18.88748788675823 19.89058241951528 -250.70859953703052 265 267 -1
267 18.710086986246413 19.79078662559012 -250.67233681139572 266 268 -1
268 18.53266235621078 19.691170226728534 -250.63569898811096 267 269 -1
269 18.355239998258728 19.59174389282699 -250.5985378296547 268 270 -1
270 18.17784587089776 19.492515568595397 -250.56071870922003 269 271 -1
271 18.000496441242284 19.393494297870788 -250.52215447417456 270 272 -1
272 17.82315357667416 19.2946662121362 -250.4830676583241 271 273 -1
273 17.645761102444403 19.196007394757885 -250.44377871591126 272 274 -1
274 17.46826054511415 19.097499117409686 -250.4046004286967 273 275 -1
275 17.29059548107628 18.999119176759507 -250.36584798349912 274 276 -1
276 17.11271379152849 18.900847043342065 -250.3278230741384 275 277 -1
277 16.934557052747078 18.80266721390929 -250.29086311310942 276 278 -1
278 16.756082603210125 18.704562445271435 -250.25526297365155 277 279 -1
279 16.577248214594984 18.606520836044808 -250.22133544819096 278 280 -1
280 16.398008792939084 18.50853516718806 -250.18944684533284 279 281 -1
281 16.21834498105112 18.410600404459064 -250.15987718272734 280 282 -1
282 16.038233954644006 18.312718535391625 -250.13297513041553 281 283 -1
283 15.857661919514012 18.21489806037258 -250.10911648091601 282 284 -1
284 15.676641067400592 18.117152601145534 -250.08858925251363 283 285 -1
285 15.49518551328214 18.01950537974502 -250.0717706808666 284 286 -1
286 15.313327480681709 17.92198922906028 -250.05904712578024 285 287 -1
287 15.131125952877369 17.824642945881543 -250.050704771994 286 288 -1
288 14.94865068771593 17.727518731665985 -250.04711922823006 287 289 -1
289 14.765992640187411 17.630680950456107 -250.04844015910146 288 290 -1
290 14.583243071129475 17.534183115765256 -250.05428892495908 289 291 -1
291 14.400470628596045 17.438074415282145 -250.06434913125892 290 292 -1
292 14.21772780630268 17.342399166149928 -250.0783262396174 291 293 -1
293 14.035048547372705 17.247177646738336 -250.0958003254011 292 294 -1
294 13.852452244900633 17.152432200750518 -250.11644894126525 293 295 -1
295 13.669945997155478 17.058183611960445 -250.1399712283387 294 296 -1
296 13.487521627997548 16.96442890555891 -250.16597397065027 295 297 -1
297 13.305163101192782 16.87117344180277 -250.19414651444657 296 298 -1
298 13.122844833857195 16.7784202761483 -250.22417819139503 297 299 -1
299 12.940532974998971 16.686154145520394 -250.25571276248237 298 300 -1
300 12.758188246261751 16.59437187016447 -250.28844771128675 299 301 -1
301 12.575765226745418 16.503064643507898 -250.32206379081723 300 302 -1
302 12.393217369607866 16.412213636387555 -250.3562341661267 301 303 -1
303 12.210491881805245 16.32181304534385 -250.39064905525615 302 304 -1
304 12.027536154636833 16.23184917834332 -250.4249849290874 303 305 -1
305 11.844301914265033 16.142306297893033 -250.45893360679455 304 306 -1
306 11.66076501197307 16.053199353429942 -250.49239097071475 305 307 -1
307 11.476945296289859 15.96455891480427 -250.52553351670517 306 308 -1
308 11.292865963398658 15.87641355767606 -250.55855534699018 307 309 -1
309 11.108545030376735 15.788802197587383 -250.59165046414125 308 310 -1
310 10.924003782578048 15.701760472240865 -250.6250195321438 309 311 -1
311 10.739267282468777 15.615315724637991 -250.65885646310164 310 312 -1
312 10.554358783206624 15.529504665976358 -250.69336004744426 311 313 -1
313 10.369302642700902 15.444374269960477 -250.728746369674 312 314 -1
314 10.184130800264855 15.359949658038456 -250.76520138324065 313 315 -1
315 9.998875207984224 15.276269052645302 -250.8029237454863 314 316 -1
316 9.81357153325015 15.193382782994478 -250.8421337390434 315 317 -1
317 9.628261451739336 15.111328808057756 -250.88302673237163 316 318 -1
318 9.442990458542166 15.030144300807347 -250.92578848258503 317 319 -1
319 9.257808983924466 14.949874021960797 -250.97061380788975 318 320 -1
320 9.072777301596581 14.870583958192428 -251.01774215562955 319 321 -1
321 8.887953859073086 14.792303226871363 -251.06731026428864 320 322 -1
322 8.703371871492228 14.715066550488677 -251.11935446795073 321 323 -1
323 8.51904120099477 14.63890584930912 -251.17381953414832 322 324 -1
324 8.334968465056393 14.563850292537856 -251.23064012880127 323 325 -1
325 8.15115371841445 14.489908321900778 -251.28971129903172 324 326 -1
326 7.967598462532789 14.417101330537715 -251.35095964608826 325 327 -1
327 7.784306720110068 14.345469160610767 -251.41434543432717 326 328 -1
328 7.601273737840962 14.275019498799594 -251.47977122805904 327 329 -1
329 7.4184952183735104 14.205767559510923 -251.5471579140867 328 330 -1
330 7.235967815421179 14.137739293873043 -251.6164453505722 329 331 -1
331 7.053688271196436 14.070968934694644 -251.68758420876725 330 332 -1
332 6.871645624465187 14.005457349785603 -251.76047823865403 331 333 -1
333 6.689831758529699 13.94122470963747 -251.83506216142564 332 334 -1
334 6.508240279999498 13.878308865578765 -251.91129233839277 333 335 -1
335 6.326859489429784 13.816722381601851 -251.9890933924941 334 336 -1
336 6.145691230489309 13.756452953147964 -252.068406418363 335 337 -1
337 5.964766285341806 13.697449220319355 -252.14921284079801 336 338 -1
338 5.784124132665536 13.639673707368136 -252.23152548920075 337 339 -1
339 5.6037922760437615 13.583041231313748 -252.31529978042892 338 340 -1
340 5.423801754961578 13.527490326045546 -252.40051995601357 339 341 -1
341 5.244184774810977 13.472964135409509 -252.48717815251925 340 342 -1
342 5.064974056967039 13.419405400219643 -252.57526896020613 341 343 -1
343 4.8861921755990565 13.36673641207786 -252.66475649669644 342 344 -1
344 4.707865718280089 13.314892907192116 -252.75562428699965 343 345 -1
345 4.530026286194293 13.263818409410014 -252.84787170062174 344 346 -1
346 4.352697386893111 13.213443059218765 -252.94147635398406 345 347 -1
347 4.175898896117536 13.16369561497763 -253.03641071907714 346 348 -1
348 3.9996536203319906 13.114510723940853 -253.13265795071734 347 349 -1
349 3.823995626394382 13.06583155940284 -253.23022688204284 348 350 -1
350 3.648935384459455 13.017581584074447 -253.32907486647935 349 351 -1
351 3.474493184120267 12.96969534312537 -253.42918436488912 350 352 -1
352 3.300695712583675 12.922110143821655 -253.53055097796528 351 353 -1
353 3.127563495591569 12.87475912633338 -253.63315805175657 352 354 -1
354 2.9551082355093383 12.827574460979903 -253.7369746351407 353 355 -1
355 2.7833502188546264 12.780492105760455 -253.84198677000867 354 356 -1
356 2.612319723194183 12.73344718362207 -253.94819626161032 355 357 -1
357 2.442020618224285 12.686374386705232 -254.05556228787404 356 358 -1
358 2.2724698677931054 12.63921102867761 -254.1640670098805 357 359 -1
359 2.103701635881546 12.591890081004248 -254.2737170303019 358 360 -1
360 1.9357173327801274 12.544351457277717 -254.38447103204268 359 361 -1
361 1.7685317986721212 12.496534682494161 -254.49630868917495 360 362 -1
362 1.6021796758654427 12.448370688932615 -254.60923481378165 361 363 -1
363 1.4366618224437395 12.39980482884512 -254.7232097450919 362 364 -1
364 1.2719913805713603 12.350779815752055 -254.8382110309497 363 365 -1
365 1.1082072955937359 12.301222766601276 -254.95424538043804 364 366 -1
366 0.9453034339689502 12.251088695118632 -255.07126666171874 365 367 -1
367 0.783300425739657 12.200318076468527 -255.1892601136239 366 368 -1
368 0.6222289913207422 12.148843168562403 -255.3082197659628 367 369 -1
369 0.46208459203373375 12.096624837634707 -255.42810336336674 368 370 -1
370 0.3028865055896626 12.043658586201829 -255.54891574914672 369 371 -1
371 0.14459311087049384 11.99014088138396 -255.670670239585 370 372 -1
372 -0.012846956727600833 11.936296306328922 -255.79338337900884 371 373 -1
373 -0.1694552886595401 11.882342882685233 -255.91710883930665 372 374 -1
374 -0.3252968009584805 11.828501194987425 -256.0418470251726 373 375 -1
375 -0.4803962470782928 11.7749922911225 -256.1676487420719 374 376 -1
376 -0.6347986260670476 11.722033687124911 -256.29453597195874 375 377 -1
377 -0.7885431519983926 11.669838537108953 -256.4225334253428 376 378 -1
378 -0.9416513478554925 11.618647452699243 -256.55169365101796 377 379 -1
379 -1.0941690335294856 11.568656214245626 -256.6820170540606 378 380 -1
380 -1.2461089842755788 11.520122636348999 -256.81356038875845 379 381 -1
381 -1.3975028810655237 11.473256006890912 -256.94633164801843 380 382 -1
382 -1.548368489681531 11.428288039959263 -257.08035479900406 381 383 -1
383 -1.6987108655791052 11.385492879116729 -257.2156706511749 382 384 -1
384 -1.8485487819818627 11.345064469029678 -257.3522673629462 383 385 -1
385 -1.9978733033420824 11.30730032702892 -257.4901821575591 384 386 -1
386 -2.1466828639032784 11.272434433137473 -257.62940970167296 385 387 -1
387 -2.2949689185719246 11.240693800422223 -257.769937103136 386 388 -1
388 -2.4426945319384443 11.212424256086065 -257.9117891950235 387 389 -1
389 -2.589823327593307 11.187585394079129 -258.05489818404646 388 390 -1
390 -2.7362830524486412 11.165934998755288 -258.1992072814796 389 391 -1
391 -2.8819942126738285 11.147246110373656 -258.3446838372156 390 392 -1
392 -3.0269191564773386 11.131161732783822 -258.49125318858546 391 393 -1
393 -3.1710081142758137 11.117406229310594 -258.63888064262693 392 394 -1
394 -3.314209939253116 11.105708346015746 -258.78754535671504 393 395 -1
395 -3.456511120018272 11.095728392351104 -258.9371971002512 394 396 -1
396 -3.5978788562174913 11.087182393346662 -259.0878194959932 395 397 -1
397 -3.738283090243484 11.079776115641895 -259.2394005770094 396 398 -1
398 -3.8777237215151996 11.073190655705977 -259.39190633521406 397 399 -1
399 -4.016174820864668 11.06713594064444 -259.54533299512605 398 400 -1
400 -4.15362084268098 11.061308203176642 -259.6996694351236 399 401 -1
401 -4.290064555771141 11.055408867436237 -259.85488997706295 400 402 -1
402 -4.425476886501372 11.049136824377815 -260.01099653300895 401 403 -1
403 -4.559853225515394 11.042202349824919 -260.16796774774184 402 404 -1
404 -4.693214247285393 11.034454452049765 -260.3257646834521 403 405 -1
405 -4.8255672096431645 11.025826197299821 -260.48436267066734 404 406 -1
406 -4.956963167856859 11.0162923967343 -260.6437027747439 405 407 -1
407 -5.087433865815445 11.005812829295301 -260.80374232666304 406 408 -1
408 -5.216992357222104 10.994325055800553 -260.96445234412846 407 409 -1
409 -5.3456923759863715 10.98181245869782 -261.12577441689905 408 410 -1
410 -5.473554321889609 10.96822090009225 -261.2876746269981 409 411 -1
411 -5.6006079569246285 10.95350574165849 -261.4501120374571 410 412 -1
412 -5.726897027018716 10.937644837589543 -261.6130371261599 411 413 -1
413 -5.852437350951881 10.920619125804109 -261.7764227578061 412 414 -1
414 -5.9772841290309024 10.902592332082552 -261.94023195449626 413 415 -1
415 -6.1014792469605155 10.883725375501417 -262.1044415407182 414 416 -1
416 -6.225057960584114 10.864172305116305 -262.26903552742584 415 417 -1
417 -6.348079368730031 10.8441099956704 -262.43398539194425 416 418 -1
418 -6.4705787512048545 10.823691484381293 -262.599279749998 417 419 -1
419 -6.5926083535224835 10.803083687482331 -262.76489781043534 418 420 -1
420 -6.7142174517522095 10.782446627503884 -262.93082126730445 419 421 -1
421 -6.835444150577436 10.761945566685139 -263.09704114670024 420 422 -1
422 -6.956344837935347 10.741733858179115 -263.2635336667863 421 423 -1
423 -7.076959890136003 10.721962089335463 -263.4302859635444 422 424 -1
424 -7.19733543897292 10.702776852044849 -263.5972796177529 423 425 -1
425 -7.317518573590299 10.684313475696982 -263.76449304913365 424 426 -1
426 -7.437549152197343 10.666741485649528 -263.93191192065876 425 427 -1
427 -7.557473885138389 10.650190151206903 -264.09951045885094 426 428 -1
428 -7.677333923145236 10.634810723488252 -264.2672667807098 427 429 -1
429 -7.79717021568396 10.620778097154842 -264.43515795455113 428 430 -1
430 -7.917022764117594 10.608216574810221 -264.60315385540434 429 431 -1
431 -8.036929736983181 10.597298348863456 -264.77122565497257 430 432 -1
432 -8.156928455604069 10.58819111305754 -264.93933965385105 431 433 -1
433 -8.277051624475009 10.581026096917556 -265.1074585943046 432 434 -1
434 -8.397333077572688 10.575990648386828 -265.275541524308 433 435 -1
435 -8.517802818573012 10.573249580995494 -265.443542364319 434 436 -1
436 -8.638485049945665 10.572938376828784 -265.6114124921647 435 437 -1
437 -8.759405637229767 10.575249004474587 -265.7790952735699 436 438 -1
438 -8.880585787181198 10.580354785733395 -265.94652830428856 437 439 -1
439 -9.002049416407708 10.588324973285836 -266.1136436285638 438 440 -1
440 -9.123838841264227 10.599194318412614 -266.2803581207561 439 441 -1
441 -9.246000632897038 10.613005541724364 -266.44658156919627 440 442 -1
442 -9.368569568386507 10.629714976229302 -266.6122380422438 441 443 -1
443 -9.491585107529069 10.649325574512668 -266.77724437125636 442 444 -1
444 -9.61509661024853 10.671897220281672 -266.9414999984185 443 445 -1
445 -9.739132915619967 10.697370525743256 -267.1049334140361 444 446 -1
446 -9.863729187977713 10.725734488687264 -267.2674623638245 445 447 -1
447 -9.98892900423777 10.75702073701109 -267.42898825074 446 448 -1
448 -10.114762609281025 10.791197672681937 -267.5894319821513 447 449 -1
449 -10.241256105950571 10.828224643342722 -267.7487202209425 448 450 -1
450 -10.368446598465022 10.868112400554361 -267.9067580100065 449 451 -1
451 -10.496363900379471 10.91084256828558 -268.06346035534847 450 452 -1
452 -10.625024041965355 10.95635091164589 -268.21876607858724 451 453 -1
453 -10.754459741328816 11.004640669367783 -268.37258045826934 452 454 -1
454 -10.884693879338508 11.055681168560348 -268.5248244473391 453 455 -1
455 -11.01573407582183 11.109396891413319 -268.67544781634126 454 456 -1
456 -11.147614039035334 11.165802238205218 -268.8243452801749 455 457 -1
457 -11.280344155701082 11.224787458483544 -268.9714770877877 456 458 -1
458 -11.413964840854865 11.286159116664539 -269.1168162988904 457 459 -1
459 -11.548545504555223 11.349745327024726 -269.2603061501026 458 460 -1
460 -11.684112833835323 11.415283713330014 -269.4019775274116 459 461 -1
461 -11.820751113203015 11.482627620294407 -269.5417609338183 460 462 -1
462 -11.958487679053702 11.55153592085511 -269.67969175047955 461 463 -1
463 -12.097399931988477 11.621847945795846 -269.81572220506496 462 464 -1
464 -12.237527638846863 11.69335862835464 -269.9498681211819 463 465 -1
465 -12.378940070078645 11.765899293790994 -270.0820993238702 464 466 -1
466 -12.521680922919066 11.839283219346795 -270.2124241364497 465 467 -1
467 -12.665818564609076 11.913344446658346 -270.34081417104693 466 468 -1
468 -12.811389849273777 11.987905358406692 -270.46728309101354 467 469 -1
469 -12.958471782487802 12.062805224801032 -270.59178864160333 468 470 -1
470 -13.10708142251453 12.13787418501992 -270.71436326898095 469 471 -1
471 -13.257315998442284 12.212951851425014 -270.8349352948693 470 472 -1
472 -13.409169946575062 12.287879930353926 -270.95355582526884 471 473 -1
473 -13.56273770459554 12.36249752942311 -271.0701482318331 472 474 -1
474 -13.718024416252366 12.436774747818223 -271.1846623146563 473 475 -1
475 -13.87508051724169 12.510823581734956 -271.2968880139774 474 476 -1
476 -14.033960145044837 12.584765372420831 -271.4065885943082 475 477 -1
477 -14.194661147048746 12.658718034294617 -271.5135953655566 476 478 -1
478 -14.357278641662393 12.732798639704678 -271.61757475668986 477 479 -1
479 -14.521789872113791 12.807113941465637 -271.7183575659398 478 480 -1
480 -14.688248887906827 12.881774991031381 -271.8156242478289 479 481 -1
481 -14.856677185221578 12.95688765935491 -271.9090772036087 480 482 -1
482 -15.027062142676922 13.032546959214685 -271.9984521405634 481 483 -1
483 -15.199450085128019 13.10886553924081 -272.0833098829519 482 484 -1
484 -15.373766014060555 13.185915189400063 -272.1634349497516 483 485 -1
485 -15.550050073137987 13.263813708785262 -272.23825536799893 484 486 -1
486 -15.728172742513523 13.342607652150404 -272.3075793231029 485 487 -1
487 -15.908127440675475 13.422407698682642 -272.37074395527986 486 488 -1
488 -16.08973666209164 13.503237143490463 -272.42753864023365 487 489 -1
489 -16.272908657649992 13.585180536453096 -272.4772755369781 488 490 -1
490 -16.45741521112244 13.668239986509047 -272.5196790197312 489 491 -1
491 -16.64303926695207 13.752445133442157 -272.5542163826658 490 492 -1
492 -16.829417974958936 13.83774461814271 -272.58118125548975 491 493 -1
493 -17.01619491975137 13.924087434043193 -272.6011950313369 492 494 -1
494 -17.203068985480016 14.011462993598645 -272.61481517342276 493 495 -1
495 -17.389796453144463 14.099841898184469 -272.622859716948 494 496 -1
496 -17.576173632883776 14.189273125840835 -272.6258475410547 495 497 -1
497 -17.762062446845455 14.27975809806578 -272.6246136761676 496 498 -1
498 -17.94733903353513 14.371371510481465 -272.6197405800466 497 499 -1
499 -18.13193135430241 14.464158787441862 -272.61195277607504 498 500 -1
500 -18.31577435505343 14.558206246517884 -272.60187524886004 499 501 -1
501 -18.498831082963747 14.653589840743438 -272.5901672010163 500 502 -1
502 -18.68106921939062 14.750402355387275 -272.5774560339281 501 503 -1
503 -18.862463685284016 14.848737478978142 -272.56437062954046 502 504 -1
504 -19.042989802110103 14.948689227455318 -272.5515294330055 503 505 -1
505 -19.22261484837979 15.050356332031212 -272.5395535494736 504 506 -1
506 -19.401299590953478 15.153826917775442 -272.52905621415266 505 507 -1
507 -19.578995349590606 15.259159475912451 -272.52046502854193 506 508 -1
508 -19.75568244534084 15.366298462326782 -272.5135658414237 507 509 -1
509 -19.931348064375577 15.475181352619348 -272.50800833391963 508 510 -1
510 -20.105991111821 15.585742551171515 -272.5034363410393 509 511 -1
511 -20.279604774865632 15.69793748721181 -272.4994979506135 510 512 -1
512 -20.45219690894037 15.811706959039544 -272.4958337730928 511 513 -1
513 -20.623755358140023 15.927026349757215 -272.4920795630718 512 514 -1
514 -20.794295715530208 16.04383061822642 -272.4878719660735 513 515 -1
515 -20.963786381077167 16.16211922329433 -272.4828107905544 514 516 -1
516 -21.132244233045224 16.281815978344998 -272.4765299287267 515 517 -1
517 -21.29962381876199 16.402917876588063 -272.46858553384476 516 518 -1
518 -21.46591003044858 16.525364011712966 -272.45856893148135 517 519 -1
519 -21.631065897245072 16.649102250162496 -272.44604872147767 518 520 -1
520 -21.79500408993962 16.774106273355613 -272.43048003554753 519 521 -1
521 -21.957667615341258 16.900283743037587 -272.4114151568282 520 522 -1
522 -22.118952407999426 17.02755265408699 -272.38832625301296 521 523 -1
523 -22.278723382605655 17.15581085894652 -272.3606481763947 522 524 -1
524 -22.43679094201727 17.2849352744872 -272.3277238057583 523 525 -1
525 -22.592963612396286 17.41474813508425 -272.28899059821885 524 526 -1
526 -22.746986065142302 17.54504225635926 -272.2438123887855 525 527 -1
527 -22.898550662692436 17.675561824346314 -272.19154097139585 526 528 -1
528 -23.04729507746689 17.805995157133253 -272.13153601920465 527 529 -1
529 -23.19280158077904 17.93596981017386 -272.063187025821 528 530 -1
530 -23.334600530550368 18.06505087678563 -271.9859405281798 529 531 -1
531 -23.472179480652496 18.19274409902971 -271.89933145129834 530 532 -1
532 -23.604998997868297 18.318505311412302 -271.8030161623584 531 533 -1
533 -23.732515473308325 18.441757206772124 -271.6968035212596 532 534 -1
534 -23.854209952555916 18.56191336375405 -271.5806792656606 533 535 -1
535 -23.969620478457486 18.678408005518445 -271.454818954974 534 536 -1
536 -24.078374054231297 18.790728397031128 -271.31958579205667 535 537 -1
537 -24.180213617284817 18.898445638274072 -271.1755119569314 536 538 -1
538 -24.27501577886519 19.00123936712564 -271.0232651321759 537 539 -1
539 -24.362661934640272 19.098810631142925 -270.8634769434515 538 540 -1
540 -24.44332245197404 19.19109598417283 -270.697008766163 539 541 -1
541 -24.51717827404984 19.278071453317846 -270.52462441011477 540 542 -1
542 -24.58447644831123 19.359789229473897 -270.3470570797015 541 543 -1
543 -24.645460219063533 19.43632095229826 -270.16495317312757 542 544 -1
544 -24.70055630516406 19.507912144806543 -269.97900277919234 543 545 -1
545 -24.750093906796 19.57474903259332 -269.78974610290675 544 546 -1
546 -24.79442254493758 19.63705217549412 -269.5976698770274 545 547 -1
547 -24.83390117069867 19.695066168777938 -269.4032052041154 546 548 -1
548 -24.86888895903109 19.749050400619026 -269.20672811833515 547 549 -1
549 -24.899619831945845 19.79916221536273 -269.0085190232465 548 550 -1
550 -24.9264440630883 19.845674129499248 -268.8088706607775 549 551 -1
551 -24.949697900919624 19.88885758364126 -268.6080287930428 550 552 -1
552 -24.969506571805 19.928792930507328 -268.4061476768693 551 553 -1
553 -24.986215288209007 19.965774578253317 -268.203424756153 552 554 -1
554 -25.0 20.0 -268.0 553 555 556
555 -25.069268934195232 20.113065940057627 -267.85512411672755 554 558 -1
556 -24.826425146127377 19.9286389306865 -267.94062275380276 554 559 -1
557 -25.010622118336848 19.869208412653606 -268.14480951041327 554 560 -1
558 -25.138376735873436 20.225380316719665 -267.70925352665563 555 561 -1
559 -24.65311620369052 19.85925352021221 -267.8781355861333 556 562 -1
560 -25.023015870646116 19.741411846387134 -268.2920578872657 557 563 -1
561 -25.207334323391567 20.33688325288273 -267.5626909801456 558 564 -1
562 -24.48013779772368 19.79194947369374 -267.812533533763 559 565 -1
563 -25.037168966464076 19.61677336336689 -268.4418327118881 560 566 -1
564 -25.276141825608274 20.447566483544772 -267.415438201093 561 567 -1
565 -24.307564332374316 19.72673325778606 -267.74383050450047 562 568 -1
566 -25.05313319925717 19.495459257517904 -268.59413338457244 563 569 -1
567 -25.34479946276945 20.55742189991625 -267.26749718288545 564 570 -1
568 -24.135471858924824 19.663619367678443 -267.67202703226883 565 571 -1
569 -25.070955649205693 19.37763380756293 -268.748945773471 566 572 -1
570 -25.413307549354318 20.666441559119296 -267.1188701890153 567 573 -1
571 -23.963948923334176 19.602658792484654 -267.5970692869164 568 574 -1
572 -25.090677936331453 19.263457315627765 -268.90624169763385 569 575 -1
573 -25.481666496896175 20.774617693870255 -266.9695597533528 570 576 -1
574 -23.793072030455875 19.543844665763014 -267.51898696627165 571 577 -1
575 -25.112337680816655 19.153088386443137 -269.06598127905573 572 578 -1
576 -25.549876610889438 20.881941528065546 -266.8195677376262 573 579 -1
577 -23.622916735453302 19.487168785032488 -267.4378091470484 574 580 -1
578 -25.135973712149166 19.04669428651548 -269.22811926674814 575 581 -1
579 -25.61793795920013 20.988402420909633 -266.66889471645504 576 582 -1
580 -23.453560055636707 19.43262591684579 -267.35355795601487 577 583 -1
581 -25.161605150542357 18.944407877019852 -269.39258053937385 578 584 -1
582 -25.68585193766232 21.093997039458895 -266.51754712719566 579 585 -1
583 -23.285075863959918 19.380200447337906 -267.2662674727018 580 586 -1
584 -25.189252111092244 18.846368087904725 -269.55928628627385 581 587 -1
585 -25.753619379283283 21.198718421311447 -266.3655286024122 582 588 -1
586 -23.117536161376428 19.329871116430947 -267.17597635831265 583 589 -1
587 -25.218928503774922 18.752704945537747 -269.72814559613596 584 590 -1
588 -25.82124036909436 21.302554562953006 -266.2128391028803 585 591 -1
589 -22.951007232381407 19.281603873927466 -267.082737518744 586 592 -1
590 -25.25063472841598 18.663522165197232 -269.8990492336461 587 593 -1
591 -25.88871640702449 21.405501483478524 -266.05948480954515 588 594 -1
592 -22.785542031964347 19.235341192497323 -266.98663285192674 589 595 -1
593 -25.28436407338345 18.578909085886586 -270.07187817793374 590 596 -1
594 -25.95604903033945 21.507555091531373 -265.9054718093761 591 597 -1
595 -22.621191698951247 19.191026920395945 -266.88773742699925 592 598 -1
596 -25.320101399517725 18.498936268940565 -270.2465036488156 593 599 -1
597 -26.023238139805645 21.608700404060386 -265.750798365859 594 600 -1
598 -22.45799985273247 19.148595502393487 -266.7861346391377 595 601 -1
599 -25.35781902606668 18.423643841594785 -270.4227854918378 596 602 -1
600 -26.09028648443677 21.7089399320534 -265.5954755428303 597 603 -1
601 -22.29600212307502 19.107972593381877 -266.68191516694327 598 604 -1
602 -25.397481192018184 18.353049613040163 -270.6005783135445 599 605 -1
603 -26.157194590017614 21.808261390706694 -265.4395038285234 600 606 -1
604 -22.135225847649714 19.069075777026708 -266.57517589195203 601 607 -1
605 -25.439051391058516 18.287165731674282 -270.7797380645324 602 608 -1
606 -26.2239646568557 21.906662792322727 -265.282891106787 603 609 -1
607 -21.97568993568219 19.031815367344297 -266.4660188101891 604 610 -1
608 -25.482472222801768 18.22594682735861 -270.9601097277485 605 611 -1
609 -26.290597942574884 22.00413524778624 -265.12564051977057 606 612 -1
610 -21.817404890410298 18.99609527037788 -266.3545499628902 607 613 -1
611 -25.527691707890344 18.169353778627574 -271.1415472592464 608 614 -1
612 -26.357096829099397 22.100676873010613 -264.9677600739769 609 615 -1
613 -21.66037297823221 18.961813883516076 -266.2408784098023 610 616 -1
614 -25.574640372430977 18.117293812920202 -271.32390090936826 611 617 -1
615 -26.423462642016627 22.196277710296737 -264.8092524072526 612 618 -1
616 -21.504588528724746 18.928865011286458 -266.12511526416705 613 619 -1
617 -25.62325582828213 18.06968299221685 -271.5070324092331 614 620 -1
618 -26.48969845011732 22.29093949059691 -264.6501279661593 615 621 -1
619 -21.350038347154346 18.89713877846865 -266.00737280392656 616 622 -1
620 -25.673460931658973 18.026387403982422 -271.6908052170473 617 623 -1
621 -26.555805472021135 22.384649758622317 -264.49038795675256 618 624 -1
622 -21.19670221966868 18.866522523890602 -265.88776366914186 619 625 -1
623 -25.725179886850118 17.987264854178353 -271.87509366182314 620 626 -1
624 -26.621787006620092 22.477410555655364 -264.3300430406666 621 627 -1
625 -21.04455349094336 18.836901661084653 -265.76640015133114 622 628 -1
626 -25.77833813870338 17.95216475159404 -272.05978255683357 623 629 -1
627 -26.687645626464516 22.56921791121079 -264.1690999587377 624 630 -1
628 -20.893559694513403 18.808160494892594 -265.64339357659145 625 631 -1
629 -25.832855953928043 17.92090979999542 -272.2447659758847 626 632 -1
630 -26.75338332371102 22.660062152357398 -264.00756202802717 627 633 -1
631 -20.743683217171803 18.780182985955985 -265.51885378107454 628 634 -1
632 -25.888653629637204 17.893310209361307 -272.42994951646574 629 635 -1
633 -26.819003795033883 22.74994627328091 -263.84544040827524 630 636 -1
634 -20.594881980478636 18.75285345768108 -265.39288867471095 631 637 -1
635 -25.94565350327091 17.869169726946744 -272.6152505156513 632 638 -1
636 -26.884510049591363 22.83886701485394 -263.6827423581651 633 639 -1
637 -20.447110124413875 18.726057242633512 -265.26560388702666 634 640 -1
638 -26.003780815248344 17.84828861860419 -272.8005975925867 635 641 -1
639 -26.949905003959167 22.926819134927676 -263.51947401976275 636 642 -1
640 -20.300322218227244 18.69968243537511 -265.1370982410811 637 643 -1
641 -26.06295974003927 17.83045267308363 -272.98593024163665 638 644 -1
642 -27.015192075692454 23.013800497070868 -263.3556434197716 639 645 -1
643 -20.154467976600458 18.67361718375871 -265.00747112942815 640 646 -1
644 -26.12311660975884 17.815443182396287 -273.1711987869126 641 647 -1
645 -27.080375098138116 23.09981174782222 -263.19126014385057 642 648 -1
646 -20.00948964622149 18.647750853751422 -264.87682550598475 643 649 -1
647 -26.184181112162136 17.803041238892686 -273.3563635772735 644 650 -1
648 -27.145457778366808 23.184851328683898 -263.0263324677498 645 651 -1
649 -19.865332518905227 18.62197763198409 -264.74525595519214 646 652 -1
650 -26.24608689177995 17.793030172935154 -273.54139394044694 647 653 -1
651 -27.210444001870155 23.268918125007755 -262.8608689042235 648 654 -1
652 -19.721945045415584 18.59620072314971 -264.6128486860005 649 655 -1
653 -26.30876781712496 17.78518576750437 -273.72626804029727 650 656 -1
654 -27.275337833167907 23.352011471456507 -262.69487819327276 651 657 -1
655 -19.57932683670391 18.570401285619088 -264.4796175407647 652 658 -1
656 -26.372160447942928 17.779284379470813 -273.91097183729255 653 659 -1
657 -27.340143377154458 23.43412953940137 -262.52836844656895 654 660 -1
658 -19.437532057331307 18.544620913665934 -264.34550675193424 655 661 -1
659 -26.436204999169227 17.775106335812005 -274.09549787406894 656 662 -1
660 -27.404865200432386 23.51527405529381 -262.36134963338253 657 663 -1
661 -19.296595090096456 18.51890183619719 -264.210483190666 658 664 -1
662 -26.50084485390591 17.77243493165435 -274.2798443742435 659 665 -1
663 -27.469507952124893 23.595446297102363 -262.19383140512986 660 666 -1
664 -19.15655868533091 18.49328465526465 -264.07450668677154 661 667 -1
665 -26.566022752827177 17.77104789283637 -274.4640156186233 662 668 -1
666 -27.53407640756335 23.674647423117992 -262.0258232891587 663 669 -1
667 -19.01747159169993 18.467809812893968 -263.9375327552595 664 670 -1
668 -26.631685416510063 17.770729827744923 -274.64801966210047 665 671 -1
669 -27.59857552061264 23.752879057887707 -261.8573349888171 666 672 -1
670 -18.879397895952845 18.44252056142541 -263.7995032988718 667 673 -1
671 -26.69778216275874 17.77126834213128 -274.8318678045036 668 674 -1
672 -27.663010422909107 23.83014329377764 -261.68837637278136 669 675 -1
673 -18.742369482848616 18.41745338560339 -263.66039601863395 670 676 -1
674 -26.764261286218463 17.77244795477496 -275.01557509864034 671 677 -1
675 -27.727386422868943 23.906442691880905 -261.51895746433996 672 678 -1
676 -18.60643691957792 18.39264703956716 -263.5201713043834 673 679 -1
677 -26.8310743850161 17.774058815221963 -275.19915796513345 674 680 -1
678 -27.791709004468725 23.981780282275967 -261.349088430665 675 681 -1
679 -18.47168076182793 18.368148156359087 -263.3787621481547 676 682 -1
680 -26.898173619021513 17.77589138560212 -275.38263439078514 677 683 -1
681 -27.855983825801044 24.056159563643817 -261.1787795721041 678 684 -1
682 -18.338133589672303 18.343990458798256 -263.2361526371229 679 685 -1
683 -26.965511047416495 17.777737558168162 -275.5660234017517 680 686 -1
684 -27.920216717407634 24.129584502253312 -261.0080413115215 681 687 -1
685 -18.20585097705599 18.320212588401837 -263.0923060469178 682 688 -1
686 -27.03304056684772 17.779390135146976 -275.7493435996673 683 689 -1
687 -27.98441368039402 24.202059530326824 -260.83688418372134 684 690 -1
688 -18.074927526884874 18.296865571997976 -262.9471514405556 685 691 -1
689 -27.100714882638112 17.78064756196347 -275.93261350068326 686 692 -1
690 -28.048580881487325 24.2735894297998 -260.6653187767566 687 693 -1
691 -17.94539721941303 18.273980898197262 -262.800679538661 688 694 -1
692 -27.16848728968973 17.781414211118058 -276.1158498652472 689 695 -1
693 -28.112724625027138 24.344177710422624 -260.4933550559969 690 696 -1
694 -17.817327222374267 18.25159975947614 -262.65285195132344 691 697 -1
695 -27.236310793979708 17.781719036594797 -276.2990686818255 692 698 -1
696 -28.176851470672858 24.41383190625799 -260.32100457871877 693 699 -1
697 -17.690823737981095 18.229777340984157 -262.5035989892686 694 700 -1
698 -27.30413871715452 17.781599117672283 -276.4822860843464 695 701 -1
699 -28.240968085493343 24.48255830381739 -260.14827823794957 696 702 -1
700 -17.565923777467535 18.208543701561513 -262.3529176935378 697 703 -1
701 -27.371924519478032 17.78108895687831 -276.66551840911677 698 704 -1
702 -28.305081294480548 24.550363638670913 -259.975186987346 699 705 -1
703 -17.4427133871101 18.187945883963163 -262.2007642951192 700 706 -1
704 -27.43962226663969 17.780225851251664 -276.84878196662237 701 707 -1
705 -28.3691980774378 24.617255090386926 -259.80174183167327 702 708 -1
706 -17.32130217247727 18.168040054823003 -262.04708038836884 703 709 -1
707 -27.507185435998796 17.779043882146848 -277.0320934045387 704 710 -1
708 -28.433325565686317 24.683240276976985 -259.62795381754665 705 711 -1
709 -17.201739322066068 18.148858539233316 -261.89186316705974 706 712 -1
710 -27.574568605882856 17.777579498758985 -277.2154690469202 707 713 -1
711 -28.49747109175879 24.748325380403482 -259.4538333508775 708 714 -1
712 -17.084129348956093 18.13045455111408 -261.7350678102517 709 715 -1
713 -27.641725382663452 17.775867147598596 -277.3989255729115 710 716 -1
714 -28.56164212222213 24.812519026756387 -259.2793916369774 711 717 -1
715 -16.9685872709501 18.112885435638827 -261.5766478952551 712 718 -1
716 -27.70861022659174 17.773942270927254 -277.5824793063801 713 719 -1
717 -28.625846195584025 24.875831716293092 -259.10464039104914 714 720 -1
718 -16.85517590491425 18.096186733524366 -261.41660275388807 715 721 -1
719 -27.775177017001806 17.771839642479495 -277.7661466694337 716 722 -1
720 -28.6900910187884 24.938272774455914 -258.92959074978467 717 723 -1
721 -16.744015064492313 18.08041650239421 -261.254893113715 718 724 -1
722 -27.841379593463696 17.769594116756995 -277.94994392990566 719 725 -1
723 -28.75438447048621 24.99985133798353 -258.75425365732775 720 726 -1
724 -16.635234452431128 18.06563655080183 -261.0914805329237 721 727 -1
725 -27.907172205453225 17.767240607360822 -278.1338869830491 722 728 -1
726 -28.818734763815744 25.060574553687616 -258.57863931877336 723 729 -1
727 -16.528907663093612 18.05188452078769 -260.92637230789745 724 730 -1
728 -27.97250758411518 17.764813743596342 -278.3179919763822 725 731 -1
729 -28.883149796452948 25.120456459866244 -258.4027600236677 726 732 -1
730 -16.42516100650181 18.039219237941236 -260.7595446136189 727 733 -1
731 -28.037340468959595 17.762348428294914 -278.50227400252 728 734 -1
732 -28.947637783904337 25.17950796490855 -258.226626871516 729 735 -1
733 -16.324156761466007 18.027714083089265 -260.5909595273697 730 736 -1
734 -28.1016219708562 17.759879401280603 -278.68674902362375 731 737 -1
735 -29.012207301564075 25.237738133374982 -258.05025029835696 732 738 -1
736 -16.22597065648063 18.017404904841943 -260.42064160249924 733 739 -1
737 -28.165307340785475 17.757441422986673 -278.87143108985737 734 740 -1
738 -29.076866874794174 25.295158548420886 -257.87364138727236 735 741 -1
739 -16.1307312477085 18.008348920493543 -260.2485879694465 736 742 -1
740 -28.22834599154216 17.75506963036535 -279.05633574812725 737 743 -1
741 -29.141624826236 25.351783486288266 -257.6968118149486 738 744 -1
742 -16.038626823287704 18.00062783400139 -260.07477164324666 739 745 -1
743 -28.290692834315763 17.752798658492697 -279.24147606360424 740 746 -1
744 -29.2064899766984 25.407624142701074 -257.5197722439881 741 747 -1
745 -15.94975273772032 17.994282709742837 -259.8992271612669 742 748 -1
746 -28.352297035835143 17.750663951936627 -279.42686641011244 743 749 -1
747 -29.27147149650685 25.462690869886416 -257.34253303949515 744 750 -1
748 -15.864236592071014 17.989367218874058 -259.72197741517397 745 751 -1
749 -28.413111310641465 17.74870039992555 -279.61251924509236 746 752 -1
750 -29.3365777382957 25.517000201631284 -257.1651060039037 747 753 -1
751 -15.782234372030214 17.985944465635274 -259.5430399196952 748 754 -1
752 -28.47308547760455 17.74694347500936 -279.79844721697094 749 755 -1
753 -29.401817856976837 25.570564252847596 -256.9875016652655 750 756 -1
754 -15.70383935611035 17.984007654512595 -259.36247084918597 751 757 -1
755 -28.532169208787533 17.74542876822902 -279.98466216433485 752 758 -1
756 -29.467201377538498 25.62339441497218 -256.80973031610097 753 759 -1
757 -15.628959311606614 17.98342614831136 -259.18040676301536 754 760 -1
758 -28.590317263361502 17.744189947429806 -280.1711734253326 755 761 -1
759 -29.53273673843557 25.675508138790057 -256.63180347437094 756 762 -1
760 -15.557540438569292 17.984084813118297 -258.9969571333125 757 763 -1
761 -28.64751241735165 17.743248805066358 -280.3579808395468 758 764 -1
762 -29.59843358829663 25.726917573646322 -256.4537313518459 759 765 -1
763 -15.489555004065828 17.98587681944292 -258.8122146300837 760 766 -1
764 -28.703762354012344 17.742617687465522 -280.54507634397436 761 767 -1
765 -29.66430136117133 25.777636742757966 -256.2755244757701 762 768 -1
766 -15.424928333918546 17.98867901816616 -258.6262830134464 763 769 -1
767 -28.759067920005908 17.74231121485864 -280.73245399057697 764 770 -1
768 -29.730348714734074 25.82768301232772 -256.09719386110345 765 771 -1
769 -15.363554099580382 17.992362131853316 -258.43926777502406 766 772 -1
770 -28.813435087786022 17.74234235116234 -280.9201063058966 767 773 -1
771 -29.796586003731974 25.87706797863268 -255.91874936409477 768 774 -1
772 -15.305351849038148 17.996807035223185 -258.251257178936 769 775 -1
773 -28.866867611381178 17.742724861380935 -281.10802650538926 770 776 -1
774 -29.86302200766658 25.92580927551103 -255.74020178973146 771 777 -1
775 -15.250291705947207 18.001904350380574 -258.06231874677485 772 778 -1
776 -28.919367147668595 17.7434734442228 -281.29620838617757 773 779 -1
777 -29.92966603509527 25.97392282206702 -255.56156149420198 774 780 -1
778 -15.198235672855308 18.00752308353644 -257.8725454422694 775 781 -1
779 -28.97094009612307 17.74460098595873 -281.48464442653557 776 782 -1
780 -29.99652867748568 26.021421350897654 -255.38283831955653 777 783 -1
781 -15.149085555707718 18.01354457533396 -257.68201092193556 778 784 -1
782 -29.021587466896236 17.746122644183274 -281.67332858180583 779 785 -1
783 -30.063618133005043 26.068324529313713 -255.2040429217446 780 786 -1
784 -15.102776338173422 18.01985464846738 -257.49077507006433 781 787 -1
785 -29.071313369720784 17.74805239889934 -281.86225394177114 782 788 -1
786 -30.130944992644014 26.11464587552876 -255.02518508494393 783 789 -1
787 -15.059217330085804 18.026335190666746 -257.2988997476105 784 790 -1
788 -29.12012219152448 17.750404123728877 -282.05141352973527 785 791 -1
789 -30.19851843603323 26.160402793463046 -254.84627495619478 786 792 -1
790 -15.018279672989243 18.032869725420632 -257.1064498440193 787 793 -1
791 -29.168014109747322 17.753193780765955 -282.240801394535 788 794 -1
792 -30.266347564836963 26.205612808963817 -254.6673225454523 789 795 -1
793 -14.97988391188357 18.039345787902697 -256.9134744954363 790 796 -1
794 -29.21499398585731 17.756435225186618 -282.43041037115876 791 797 -1
795 -30.334443412480457 26.250289741235516 -254.48833754634987 792 798 -1
796 -14.943960316358742 18.04564791769684 -256.7200178909257 793 799 -1
797 -29.261065020646228 17.760143148331625 -282.62023368642474 794 800 -1
798 -30.40281383684909 26.294453840360884 -254.30932994612473 795 801 -1
799 -14.910369520197166 18.051668896869156 -256.5261336562458 796 802 -1
800 -29.306227489453896 17.76433391902182 -282.81026518024805 797 803 -1
801 -30.471469799074356 26.338119589858266 -254.1303093725244 798 804 -1
802 -14.87903376408682 18.05729842871609 -256.33186028097396 799 805 -1
803 -29.350485145701498 17.769022209178754 -283.0004978213688 800 806 -1
804 -30.540420142319526 26.38130542490576 -253.9512855217401 801 807 -1
805 -14.849880932569219 18.062421901041326 -256.1372333611402 802 808 -1
806 -29.39384091130814 17.774223192445984 -283.19092472223326 803 809 -1
807 -30.609674150622848 26.424028947077538 -253.77226795439006 804 810 -1
808 -14.822777459070489 18.06694286138412 -255.94229555154507 805 811 -1
809 -29.43629617115179 17.779953044351316 -283.3815392475533 806 812 -1
810 -30.679242615326373 26.466305726528795 -253.59326625096378 807 813 -1
811 -14.797657938853163 18.070748051732355 -255.7470767901777 808 814 -1
812 -29.477851551566555 17.786228597353286 -283.5723348030434 809 815 -1
813 -30.74913316911992 26.50815577672111 -253.41428973939705 810 816 -1
814 -14.774430704934309 18.073731018129003 -255.5516095953792 811 817 -1
815 -29.518510683671433 17.79306497894319 -283.76330410107045 812 818 -1
816 -30.81935714655294 26.54959424388505 -253.23534797507236 813 819 -1
817 -14.7529792758346 18.07580223333998 -255.35592770599533 814 820 -1
818 -29.55827510174129 17.80047870409941 -283.9544401802503 815 821 -1
819 -30.88992253737784 26.590640509902403 -253.05645013105342 816 822 -1
820 -14.733255880638607 18.076835602402234 -255.16005582485136 817 823 -1
821 -29.597146190688257 17.808486540667047 -284.14573598854935 818 824 -1
822 -30.9608389130082 26.631311966447793 -252.8776054780965 819 825 -1
823 -14.715139582520779 18.076748883069502 -254.96402612853907 820 826 -1
824 -29.635123485841007 17.817106717648663 -284.3371846491351 821 827 -1
825 -31.032116478976416 26.671625494560303 -252.69882338166113 822 828 -1
826 -14.698549209066394 18.07543981033444 -254.76786567225315 823 829 -1
827 -29.6722098408475 17.82635535601658 -284.5287785792768 824 830 -1
828 -31.103762601794656 26.71160065312223 -252.52011263715124 825 831 -1
829 -14.683418864904036 18.0727892176821 -254.5716007718865 826 832 -1
830 -29.708406287182587 17.83624995859933 -284.72051037360274 827 833 -1
831 -31.17578871189546 26.751253300644844 -252.34148280278242 828 834 -1
832 -14.669632373109827 18.06872955494766 -254.37526097495578 829 835 -1
833 -29.743713609294506 17.846808381594727 -284.9123725060873 830 836 -1
834 -31.24820195412503 26.79060294833217 -252.16294250415282 831 837 -1
835 -14.657140052597892 18.06312427146264 -254.17887261421018 832 838 -1
836 -29.778132439859178 17.858048777951193 -285.10435730103535 833 839 -1
837 -31.321011707739803 26.8296671298643 -251.98450080367712 834 840 -1
838 -14.645833971454913 18.055905561941923 -253.98246515378787 835 841 -1
839 -29.811663259419845 17.869989606287618 -285.2964569199723 836 842 -1
840 -31.394227890353253 26.868463105056115 -251.80616692057907 837 843 -1
841 -14.635642181635774 18.046964840067044 -253.7860675268742 838 844 -1
842 -29.84430639608268 17.882649639799347 -285.48866334805257 839 845 -1
843 -31.467857256243228 26.907010057108145 -251.62794918877879 840 846 -1
844 -14.626488755450966 18.036235280230336 -253.5897083392255 841 847 -1
845 -29.87606148898134 17.896048433084616 -285.680968434444 842 848 -1
846 -31.54191063056853 26.945324657485653 -251.449857077574 843 849 -1
847 -14.618278002189932 18.023837375682593 -253.39340554051324 844 850 -1
848 -29.906929189038422 17.91020490032121 -285.8733636953167 845 851 -1
849 -31.616395139043433 26.98342560205447 -251.27189897427175 846 852 -1
850 -14.610954958598912 18.009858600456266 -253.19717372301452 847 853 -1
851 -29.936909459356595 17.925138721547825 -286.06584049471496 848 854 -1
852 -31.691318620669417 27.021330954043627 -251.0940834327295 849 855 -1
853 -14.604414742613118 17.994475029749857 -253.0010192753439 850 856 -1
854 -29.966002019303687 17.940870001530314 -286.25838997112453 851 857 -1
855 -31.766691927683013 27.059057526710536 -250.9164200414599 852 858 -1
856 -14.598601151102116 17.97777502541672 -252.80494950797404 853 859 -1
857 -29.994206435459137 17.95741920269689 -286.4510030110474 854 860 -1
858 -31.842520410900097 27.096624202073155 -250.73891653271318 855 861 -1
859 -14.593421384958107 17.959912663396093 -252.60896437485883 856 862 -1
860 -30.021522121820425 17.974807153490243 -286.6436702320457 857 863 -1
861 -31.918813036014733 27.134048323839284 -250.5615818776881 858 864 -1
862 -14.588807842206284 17.940995803922945 -252.4130639616154 859 865 -1
863 -30.047948340132415 17.99305505652842 -286.8363819651336 860 866 -1
864 -31.995578819794652 27.1713472854319 -250.38442513722345 861 867 -1
865 -14.584681392921844 17.92115305435893 -252.21724423845527 862 868 -1
866 -30.073483854002735 18.012184847563617 -287.02912824593454 863 869 -1
867 -32.07282337808211 27.208539193289134 -250.2074540992416 864 870 -1
868 -14.580965823875873 17.900507663361378 -252.02149921007725 865 871 -1
869 -30.098127401822435 18.032218754036563 -287.22189876791407 866 872 -1
870 -32.150555529206436 27.24564125309868 -250.0306778068462 867 873 -1
871 -14.577589772740716 17.87917256297697 -251.82582195671932 868 874 -1
872 -30.12187815308621 18.053178804948768 -287.4146828676768 869 875 -1
873 -32.228783228522644 27.28267084163888 -249.85410503583003 870 876 -1
874 -14.574473027078072 17.85727906666409 -251.6302020456283 871 877 -1
875 -30.144734763680457 18.075087794514147 -287.60746953133764 872 878 -1
876 -32.307511917361 27.319645492732842 -249.67774354716377 873 879 -1
877 -14.571546545203372 17.834933281761906 -251.43463031257699 874 880 -1
878 -30.166695741212493 18.097968928167756 -287.8002473591348 875 881 -1
879 -32.386749603884184 27.35658227207811 -249.50160221498442 876 882 -1
880 -14.568730545393182 17.812266921581433 -251.23909383168163 877 883 -1
881 -30.18775938216232 18.12184566710992 -287.9930045706378 878 884 -1
882 -32.4665042879322 27.39349825326852 -249.3256900061644 879 885 -1
883 -14.56595211327907 17.789391610227057 -251.04358113436388 880 886 -1
884 -30.20791847024064 18.14672968059214 -288.1857311010252 881 887 -1
885 -32.546780635861346 27.430410454034455 -249.15001445111102 882 888 -1
886 -14.563134786756734 17.766432067532847 -250.84807886424053 883 889 -1
887 -30.227155994446033 18.172611970372124 -288.3784203386798 884 890 -1
888 -32.627585173130925 27.467335616167187 -248.97458394604007 885 891 -1
889 -14.560201969059959 17.743507887587963 -250.65257414869552 886 892 -1
890 -30.245457224265888 18.19947754522369 -288.5710661829789 887 893 -1
891 -32.70892690584266 27.50429057240155 -248.7994081608515 888 894 -1
892 -14.557075621411663 17.7207427881338 -250.45705386154117 889 895 -1
893 -30.262805827410435 18.227312795110755 -288.7636624985471 890 896 -1
894 -32.79080945150673 27.54129172861756 -248.62449428673287 891 897 -1
895 -14.553680943522513 17.698256809982485 -250.26150577388165 892 898 -1
896 -30.279183419823855 18.256105671454996 -288.9562030414873 893 899 -1
897 -32.87323858192297 27.57835538199786 -248.44985058302726 894 900 -1
898 -14.549929735548291 17.676185902919254 -250.06591695561153 895 901 -1
899 -30.294574541499728 18.28584078218015 -289.1486817439221 896 902 -1
900 -32.956220390948985 27.615497742199825 -248.275485554308 897 903 -1
901 -14.545750950756233 17.654646475872532 -249.87027761229206 898 904 -1
902 -30.30896393820747 18.31650227123254 -289.3410925889845 899 905 -1
903 -33.03976224504533 27.652735179639382 -248.10140847540984 900 906 -1
904 -14.541053898503021 17.633779481585588 -249.67457720994526 901 907 -1
905 -30.322331921882427 18.348077871721404 -289.5334292545656 902 908 -1
906 -33.12386720116709 27.690083171847963 -247.9276264874129 903 909 -1
907 -14.535755126272093 17.613717904389052 -249.4788080563302 904 910 -1
908 -30.33466522786496 18.380549179025856 -289.7256858973508 905 911 -1
909 -33.20854034769415 27.727557337953286 -247.7541478450001 906 912 -1
910 -14.529775846325638 17.594588472330283 -249.28296528257664 907 913 -1
911 -30.34594575796772 18.41390167707045 -289.91785632455026 908 914 -1
912 -33.293786551632834 27.765173109096562 -247.58098078072337 909 915 -1
913 -14.523009464185327 17.57655729273057 -249.0870440364187 910 916 -1
914 -30.356157609812158 18.448118575376334 -290.1099345215916 911 917 -1
915 -33.37961165568477 27.802946075542746 -247.4081341800809 912 918 -1
916 -14.515377281928052 17.559752613100432 -248.89104575174457 913 919 -1
917 -30.365284778984915 18.483182839184117 -290.3019144771833 914 920 -1
918 -33.466019725089346 27.84089124209691 -247.23561606254364 915 921 -1
919 -14.50678900058555 17.54431930357101 -248.6949743550313 916 922 -1
920 -30.373310391765116 18.519077746391996 -290.49379010332086 917 923 -1
921 -33.55301398044022 27.879023161939454 -247.06343405071462 918 924 -1
922 -14.497128741573883 17.53044043235471 -248.49883679177643 919 925 -1
923 -30.380218916234384 18.555785210434514 -290.68555543904154 920 926 -1
924 -33.640598354020796 27.917356429216465 -246.89159626218768 921 927 -1
925 -14.486310756242613 17.51825353765362 -248.3026474832511 922 928 -1
926 -30.385994213940027 18.59328728497576 -290.8772044667952 923 929 -1
927 -33.7287765377293 27.955905414212904 -246.72011078168111 924 930 -1
928 -14.474271379582392 17.507833434876208 -248.10642759535642 925 931 -1
929 -30.390619572284642 18.631566050685382 -291.06873109759897 926 932 -1
930 -33.81755197988819 27.99468425655261 -246.54898565818706 927 933 -1
931 -14.460957569286284 17.49921945979244 -247.9102023760204 928 934 -1
932 -30.394081322081384 18.670601292593176 -291.2601295688517 929 935 -1
933 -33.906927882276 28.03370685851588 -246.37822890187365 930 936 -1
934 -14.446298361159556 17.492473743296816 -247.71400000070855 931 937 -1
935 -30.39635989820379 18.71037623524707 -291.45139344347444 932 938 -1
936 -33.99690825835194 28.072987352347663 -246.2078491532322 933 939 -1
937 -14.430262278483962 17.487602853398116 -247.5178500226739 934 940 -1
938 -30.39744351810699 18.750868937929887 -291.64251715275446 935 941 -1
939 -34.08749472931171 28.112538705131033 -246.03785367184463 936 942 -1
940 -14.412796375854338 17.484642917541542 -247.32178411221258 937 943 -1
941 -30.397315079915487 18.792060474554575 -291.83349449857445 938 944 -1
942 -34.178689595918975 28.152373995316253 -245.86825023469837 939 945 -1
943 -14.39384723474611 17.483629879916798 -247.12583625538346 940 946 -1
944 -30.395958351539118 18.83393101000111 -292.0243193438197 941 947 -1
945 -34.27049504025854 28.192506096955423 -245.6990466503869 942 948 -1
946 -14.373360809826204 17.484599730310375 -246.930042867488 943 949 -1
947 -30.39336035150538 18.87645870294204 -292.2149859331945 944 950 -1
948 -34.36291298687512 28.23294761522594 -245.53025066929627 945 951 -1
949 -14.351267092308914 17.487607629537305 -246.73444511858398 946 952 -1
950 -30.389504865484493 18.91962320540739 -292.4054880698204 947 953 -1
951 -34.455945101362694 28.273710880657745 -245.36186997913688 948 954 -1
952 -14.327529252593273 17.49266609048036 -246.53908261747125 949 955 -1
953 -30.384375850393344 18.963403713619723 -292.5958195216977 950 956 -1
954 -34.54959278924041 28.314807943543546 -245.1939122002757 951 957 -1
955 -14.302093504130891 17.499808903680957 -246.34399924291796 952 958 -1
956 -30.37796084042897 19.007777492444603 -292.7859744960173 953 959 -1
957 -34.64385719512331 28.356250568542457 -245.02638488087936 954 960 -1
958 -14.274906362246904 17.509068927454738 -246.14924147728965 955 961 -1
959 -30.370245297151826 19.052722617792234 -292.97594687644494 956 962 -1
960 -34.73873920219434 28.39805022948733 -244.85929549187924 957 963 -1
961 -14.245914842379165 17.520477905615085 -245.95485842503734 958 964 -1
962 -30.361212952308275 19.098217601714598 -293.1657302318796 959 965 -1
963 -34.834239431984685 28.4402181044064 -244.69265142177045 960 966 -1
964 -14.215066671603966 17.534066276266085 -245.76090181277516 961 967 -1
965 -30.350850892772257 19.14423929322665 -293.3553185425276 962 968 -1
966 -34.93035582093396 28.482762398863148 -244.5264578798131 963 969 -1
967 -14.182310512634784 17.549862972770487 -245.5674259687874 964 970 -1
968 -30.339146165199736 19.190764429504664 -293.5447057246345 965 971 -1
969 -35.0270736078834 28.525677232551427 -244.36070909047203 966 972 -1
970 -14.147596199187403 17.567895218262414 -245.3744877798585 967 973 -1
971 -30.326085190438146 19.237769811106958 -293.73388552895545 968 974 -1
972 -35.12437415339684 28.568952217318408 -244.1953955765136 969 975 -1
973 -14.110874981292238 17.58818831534778 -245.1821466234265 970 976 -1
974 -30.31165419654117 19.28523208870492 -293.9228515904848 971 977 -1
975 -35.222239661492615 28.612577448617778 -244.03050814966545 972 978 -1
976 -14.072099778810905 17.61076543291054 -244.99046427322912 973 979 -1
977 -30.29583881376483 19.333127849134645 -294.1115973499276 974 980 -1
978 -35.320652928587634 28.656543357710866 -243.86603775084 975 981 -1
979 -14.031225441084217 17.635647392213553 -244.7995047768455 976 982 -1
980 -30.278628206823544 19.38143241705153 -294.30011671807 977 983 -1
981 -35.41959572050961 28.70083969910387 -243.7019742140935 978 984 -1
982 -13.988209010313183 17.662852454739266 -244.60933430383918 979 985 -1
983 -30.26000995461394 19.430121489062973 -294.48840325817514 980 986 -1
984 -35.51905107247304 28.74545698192275 -243.53830803242803 981 987 -1
985 -13.943009985962144 17.69239611444934 -244.42002096358127 982 988 -1
986 -30.239971959408646 19.479170513240113 -294.6764504785929 983 989 -1
987 -35.61900241226636 28.790385927905074 -243.37502971223805 984 990 -1
988 -13.895590587185408 17.724290897342463 -244.23163459227445 985 991 -1
989 -30.218502460439744 19.52855470181996 -294.8642518298326 986 992 -1
990 -35.71943354755553 28.83561746503377 -243.21212977871397 987 993 -1
991 -13.845916010027713 17.75854617134593 -244.0442465092048 988 994 -1
992 -30.195589410519727 19.578249169095827 -295.05180058823345 989 995 -1
993 -35.82032867828589 28.881142737068398 -243.04959880065357 990 996 -1
994 -13.793954675945907 17.795167969678978 -243.8579292428143 991 997 -1
995 -30.1712212513031 19.62822874967108 -295.2390899809975 992 998 -1
996 -35.921674274245845 28.926954303845847 -242.88742892294448 993 999 -1
997 -13.739678468057773 17.834158830863803 -243.6727562277974 994 1000 -1
998 -30.145388510123812 19.678467775314672 -295.42611347846736 995 1001 -1
999 -36.02345324099711 28.973042429894086 -242.72560918925393 996 1002 -1
1000 -13.683062951453113 17.875517658526288 -243.48880147507253 997 1003 -1
1001 -30.11808090536792 19.728940654703553 -295.6128642730218 998 1004 -1
1002 -36.12565076998213 29.019398798591265 -242.56413023224397 999 1005 -1
1003 -13.624087405640465 17.919239770732762 -243.3061393139034 1000 1006 -1
1004 -30.08928856181866 19.77962162984619 -295.7993354873802 1001 1007 -1
1005 -36.228252372645684 29.0660152691898 -242.40298272284053 1002 1008 -1
1006 -13.562734539244172 17.96531725330538 -243.12484431837058 1003 1009 -1
1007 -30.059002024855666 19.830484791350408 -295.9855201730634 1004 1010 -1
1008 -36.33124543540165 29.112884888962505 -242.2421586767436 1005 1011 -1
1009 -13.499005556965177 18.013738414875725 -242.9449855244752 1006 1012 -1
1010 -30.027212274667303 19.881504094156572 -296.17141130917906 1007 1013 -1
1011 -36.4346150899795 29.159999223591594 -242.0816480508197 1008 1014 -1
1012 -13.432957114393325 18.064493673463012 -242.76661318150198 1009 1015 -1
1013 -29.993910740444036 19.93265337374341 -296.35700180155834 1010 1016 -1
1014 -36.53834709545272 29.207350208912437 -241.92144111032644 1011 1017 -1
1015 -13.364660460593571 18.11757271004564 -242.58977038766295 1012 1018 -1
1016 -29.959088106567346 19.983906423778542 -296.54228423309223 1013 1019 -1
1017 -36.64242846904898 29.254930573829036 -241.76152898667036 1014 1020 -1
1018 -13.294187777782788 18.17296353830434 -242.4144973151318 1015 1021 -1
1019 -29.92273655558756 20.035236748544982 -296.7272513340328 1016 1022 -1
1020 -36.746847663061295 29.302733977658182 -241.60190386780934 1017 1023 -1
1021 -13.221611951525777 18.230652611630802 -242.24083122000408 1018 1024 -1
1022 -29.88483798461966 20.08661729362261 -296.91189367952774 1019 1025 -1
1023 -36.85158990626701 29.350751922951638 -241.4425550291637 1020 1026 -1
1024 -13.14700635255805 18.290624930393783 -242.06880646688455 1021 1027 -1
1025 -29.845368486619158 20.13802057056052 -297.09620025021724 1022 1028 -1
1026 -36.956642639052056 29.398977340519362 -241.2834734548143 1023 1029 -1
1027 -13.070444629358366 18.352864148422185 -241.89845456727198 1024 1030 -1
1028 -29.8043048421051 20.18941894383525 -297.2801595592996 1025 1031 -1
1029 -37.06199567929899 29.44740474488069 -241.12465204717478 1026 1032 -1
1030 -12.992000512171638 18.417352677908756 -241.7298042303021 1027 1033 -1
1031 -29.761624652785137 20.240784659249936 -297.46375967224964 1028 1034 -1
1032 -37.16763462049803 29.496025784648204 -240.96607990145176 1029 1035 -1
1033 -12.911747628991641 18.484071792034243 -241.56288142439988 1030 1036 -1
1034 -29.71730639322015 20.292089870078055 -297.6469882142237 1031 1037 -1
1035 -37.27354783642941 29.544833948782465 -240.8077483754257 1032 1038 -1
1036 -12.829759333833369 18.553001724709134 -241.3977094484053 1033 1039 -1
1037 -29.67132931859245 20.343306655056622 -297.8298323458817 1034 1040 -1
1038 -37.37972514875412 29.593823711113767 -240.64964998558213 1035 1041 -1
1039 -12.746108547459999 18.62412176692583 -241.23430901077063 1036 1042 -1
1040 -29.623671884872834 20.394406897566324 -298.0122783764972 1037 1043 -1
1041 -37.486153114664354 29.642987274025476 -240.49177423609305 1038 1044 -1
1042 -12.660867610581507 18.69741035930577 -241.0726983154777 1039 1045 -1
1043 -29.57431737137649 20.445362741220137 -298.1943131101666 1040 1046 -1
1044 -37.59282130904047 29.692318898711317 -240.33411318064012 1041 1047 -1
1045 -12.574108149409334 18.772845180514366 -240.91289315338747 1042 1048 -1
1046 -29.523248236455455 20.49614625784469 -298.37592252569874 1043 1049 -1
1047 -37.69971870733513 29.74181242034952 -240.17665823593995 1044 1050 -1
1048 -12.485900953336486 18.850403231298767 -240.7549069978108 1045 1051 -1
1049 -29.470448063815773 20.546729583305805 -298.5570922366759 1046 1052 -1
1050 -37.8068331743413 29.791460853716902 -240.01939970015266 1047 1053 -1
1051 -12.396307487475752 18.930074216880946 -240.5987629007628 1048 1054 -1
1052 -29.41590161026717 20.597084954215944 -298.73780751481945 1049 1055 -1
1053 -37.91415554678605 29.841259323957864 -239.86233046497495 1050 1056 -1
1054 -12.305399630570598 19.011830669006123 -240.4444675695822 1051 1057 -1
1055 -29.359593529421755 20.64718453492828 -298.9180529545146 1052 1058 -1
1056 -38.021673542267315 29.891200686956058 -239.70544048631146 1053 1059 -1
1057 -12.21325054227939 19.095639858874524 -240.29202106830402 1054 1060 -1
1058 -29.30151020938821 20.697000673768454 -299.0978129578392 1055 1061 -1
1059 -38.12937725244567 29.94127949601115 -239.54872179239206 1056 1062 -1
1060 -12.119926811940301 19.181476835249132 -240.14142866214357 1057 1063 -1
1061 -29.241642040523075 20.746506400239017 -299.2770724212096 1058 1064 -1
1062 -38.23725628073431 29.991489939005316 -239.39216588354196 1059 1065 -1
1063 -12.025493752542783 19.269316314988615 -239.9926937970385 1060 1066 -1
1064 -29.179978886189677 20.795674733205146 -299.4558155201379 1061 1067 -1
1065 -38.34529961494482 30.041825705792093 -239.23576359719402 1062 1068 -1
1066 -11.930010381932101 19.359142606227994 -239.84582760793342 1063 1069 -1
1067 -29.116510447191928 20.84447866278197 -299.63402577752896 1064 1070 -1
1068 -38.45349820303498 30.092281976599097 -239.07950753326858 1065 1071 -1
1069 -11.833533752099456 19.450943239711837 -239.70084345299892 1066 1072 -1
1070 -29.051227639770282 20.89289139567525 -299.81168645816246 1067 1073 -1
1071 -38.561840585913515 30.142852036645444 -238.9233879480942 1068 1074 -1
1072 -11.736136480202926 19.544670906260293 -239.55771988004219 1069 1075 -1
1073 -28.984127410247122 20.940887553648363 -299.98878212732643 1070 1076 -1
1074 -38.67031794887929 30.193531242087587 -238.7673975375674 1071 1077 -1
1075 -11.637878417814997 19.640299508433717 -239.41645407126353 1072 1078 -1
1076 -28.915204126069245 20.988441315658985 -300.1652960561642 1073 1079 -1
1077 -38.77891942173267 30.24431327559179 -238.6115269697609 1074 1080 -1
1078 -11.538810877660744 19.737820396643784 -239.27705941821242 1075 1081 -1
1079 -28.84445107403489 21.035526585524437 -300.3412105920309 1076 1082 -1
1080 -38.88763576477599 30.295193136973715 -238.4557684204729 1077 1083 -1
1081 -11.438989901165252 19.83721325862533 -239.13953713958276 1078 1084 -1
1082 -28.7718711875108 21.082119899320407 -300.5165107882772 1079 1085 -1
1083 -38.996456921525166 30.346165126153934 -238.30011321896956 1080 1086 -1
1084 -11.338480251867148 19.938430117723055 -239.00385922605 1081 1087 -1
1085 -28.69745995502111 21.128195950221755 -300.6911787560947 1082 1088 -1
1086 -39.10537329011853 30.39722390832243 -238.1445530846003 1083 1089 -1
1087 -11.237331835652201 20.041456963046187 -238.87003068713497 1084 1090 -1
1088 -28.62122040867561 21.173731664423034 -300.86519874985675 1085 1091 -1
1089 -39.214375356483245 30.448364225183056 -237.9890797819658 1086 1092 -1
1090 -11.135591276469006 20.146290024086184 -238.73806672166162 1087 1093 -1
1091 -28.543154370714042 21.21870383061399 -301.03855423357305 1088 1094 -1
1092 -39.32345334828804 30.499580537725617 -237.8336847638201 1089 1095 -1
1093 -11.033321249997512 20.25287004002863 -238.6079239713026 1090 1096 -1
1094 -28.463265177346816 21.263089867158666 -301.2112288387311 1091 1097 -1
1095 -39.43259807648271 30.550867887994812 -237.67836004941086 1092 1098 -1
1096 -10.930564424280186 20.36119758754426 -238.47962034321534 1093 1099 -1
1097 -28.38155820286742 21.306868058002163 -301.3832066294247 1094 1100 -1
1098 -39.54179974207402 30.602220632494085 -237.52309697264977 1095 1101 -1
1099 -10.827370986684741 20.47124600849147 -238.353144735149 1096 1102 -1
1100 -28.298041264818806 21.350017766795293 -301.5544723394099 1097 1103 -1
1101 -39.651049307481735 30.653634000596778 -237.36788766434495 1098 1104 -1
1102 -10.723793548108054 20.582968272151685 -238.22846303399015 1099 1105 -1
1103 -28.212718821598855 21.392517387470615 -301.7250090823609 1100 1106 -1
1104 -39.760337052707655 30.705102318741286 -237.21272345297098 1101 1107 -1
1105 -10.619868461811317 20.69638853731325 -238.10561718282298 1102 1108 -1
1106 -28.12560455377479 21.434348924620235 -301.8948034945664 1103 1109 -1
1107 -39.869653952160206 30.756620913628257 -237.05759646776616 1104 1110 -1
1108 -10.515651297280021 20.81142920723236 -237.98453825703166 1105 1111 -1
1109 -28.036706700673346 21.475492694162998 -302.0638398209692 1106 1112 -1
1110 -39.97899044349907 30.808184142519426 -236.90249812199505 1107 1113 -1
1111 -10.41117764506022 20.928114650473724 -237.86526769897628 1108 1114 -1
1112 -27.946035726802613 21.515930084509307 -302.23210303191536 1109 1115 -1
1113 -40.08833739308579 30.859787337666823 -236.7474204423611 1110 1116 -1
1114 -10.30649599113462 21.04638173140038 -237.74775028003828 1111 1117 -1
1115 -27.853607447768493 21.555644974237847 -302.3995803562355 1112 1118 -1
1116 -40.19768544658983 30.911424965421613 -236.5923550029626 1113 1119 -1
1117 -10.201643314414618 21.166242741548153 -237.63201362724146 1114 1120 -1
1118 -27.759435729837335 21.594620844243014 -302.5662581403315 1115 1121 -1
1119 -40.30702529769166 30.96309223955221 -236.4372936548935 1116 1122 -1
1120 -10.096662979853733 21.287641706672513 -237.51800861818646 1117 1123 -1
1121 -27.663535664579648 21.632842039785846 -302.7321232534329 1118 1124 -1
1122 -40.416347776122464 31.0147838039501 -236.28222815329087 1119 1125 -1
1123 -9.991591609161386 21.410584878115163 -237.4057555968111 1120 1126 -1
1124 -27.565923529171993 21.670293791327133 -302.8971631259136 1121 1127 -1
1125 -40.52564342434769 31.06649473937383 -236.12715019772995 1122 1128 -1
1126 -9.886470197570702 21.534945832872413 -237.29512256789207 1123 1129 -1
1127 -27.466616743138204 21.70696223289531 -303.06136578570755 1124 1130 -1
1128 -40.634903162115215 31.118219816654996 -235.97205165527004 1125 1131 -1
1129 -9.781334520818868 21.660668828970834 -237.18605331620412 1126 1132 -1
1130 -27.3656338217455 21.74283441788727 -303.22471989261123 1127 1133 -1
1131 -40.74411742880691 31.169954007766243 -235.81692412996824 1128 1134 -1
1132 -9.67621833967205 21.787608264077104 -237.0783830541922 1129 1135 -1
1133 -27.262994326294535 21.777898332217937 -303.3872147702748 1130 1136 -1
1134 -40.85327713283196 31.22169216003624 -235.66175952652006 1131 1137 -1
1135 -9.57115308355323 21.915700128479276 -236.97203584773587 1132 1138 -1
1136 -27.158718811564874 21.812142904752555 -303.548840435703 1133 1139 -1
1137 -40.962372670307666 31.273429163153985 -235.50654941862743 1134 1140 -1
1138 -9.466166723711984 22.04484418851783 -236.86688988549022 1135 1141 -1
1139 -27.05282877069452 21.845558014975136 -303.7095876261041 1136 1142 -1
1140 -41.0713948204174 31.325159885620025 -235.3512856613857 1137 1143 -1
1141 -9.361284553881948 22.174951024945603 -236.76283229565337 1138 1144 -1
1142 -26.945346577790232 21.87813449786533 -303.86944782294665 1139 1145 -1
1143 -41.18033401661219 31.37687916858605 -235.19595988036085 1140 1146 -1
1144 -9.256534462586986 22.30596577254249 -236.65978557535743 1141 1147 -1
1145 -26.836295428577287 21.909864145975966 -304.0284132731071 1142 1148 -1
1146 -41.289180765092006 31.428581836435676 -235.0405637730922 1143 1149 -1
1147 -9.15193555075033 22.43778842293062 -236.55761930347714 1144 1150 -1
1148 -26.725696083630577 21.94073789900843 -304.1864750974281 1145 1151 -1
1149 -41.3979256472625 31.48026272779894 -234.88508912416563 1146 1152 -1
1150 -9.04751139040623 22.570359078954514 -236.4562450798326 1147 1153 -1
1151 -26.613573507523284 21.970749507869538 -304.34362717747507 1148 1154 -1
1152 -41.506558717188476 31.531916542531757 -234.7295273371439 1149 1155 -1
1153 -8.943284261738949 22.70361407137449 -236.355567627302 1150 1156 -1
1154 -26.5 22.0 -304.5 1151 -1 -1
1155 -41.61507085433483 31.58353818014647 -234.57387049558199 1152 1157 -1
1156 -8.839270135353173 22.837476066850652 -236.25547676704076 1153 1158 -1
1157 -41.72345143631155 31.635122115169363 -234.41810953647445 1155 1159 -1
1158 -8.735491967060067 22.971892242541006 -236.15588484031105 1156 1160 -1
1159 -41.83169178683 31.686663377039963 -234.2622369804242 1157 1161 -1
1160 -8.631968393578592 23.10679982787441 -236.05669314655842 1158 1162 -1
1161 -41.939780486905526 31.7381561393313 -234.10624320889042 1159 1163 -1
1162 -8.528714200837658 23.24213339511616 -235.95780136081615 1160 1164 -1
1163 -42.047708974015734 31.78959547339878 -233.95012093493958 1161 1165 -1
1164 -8.425753164393903 23.377842359349472 -235.85911854967836 1162 1166 -1
1165 -42.1554660295187 31.840975564187286 -233.79386079739695 1163 1167 -1
1166 -8.323102372212935 23.51386663020277 -235.7605466909617 1164 1168 -1
1167 -42.26304203777925 31.892291124485414 -233.6374547797028 1165 1169 -1
1168 -8.220776772460223 23.650146720455997 -235.66199006002483 1166 1170 -1
1169 -42.37042660705898 31.943536591158193 -233.4808943040465 1167 1171 -1
1170 -8.118803022213875 23.786631019263872 -235.563351371664 1168 1172 -1
1171 -42.4776086078426 31.994706103969246 -233.32417026303122 1169 1173 -1
1172 -8.01719744482126 23.92326035901844 -235.46453372772794 1170 1174 -1
1173 -42.58457873658098 32.045794485576245 -233.16727509557657 1171 1175 -1
1174 -7.9159768801829085 24.059977529126527 -235.36544283445673 1172 1176 -1
1175 -42.69132436172729 32.09679526299767 -233.01019862942692 1173 1177 -1
1176 -7.8151744340233025 24.196725978229814 -235.2659696600461 1174 1178 -1
1177 -42.79783625512363 32.14770327447641 -232.8529335222657 1175 1179 -1
1178 -7.7148038360664595 24.333446073045625 -235.16602202464523 1176 1180 -1
1179 -42.904102795301235 32.19851241064575 -232.69547058555608 1177 1181 -1
1180 -7.614889855614387 24.47007831532738 -235.06549846328306 1178 1182 -1
1181 -43.010112115836556 32.24921643489023 -232.53780052765802 1179 1183 -1
1182 -7.515469011576878 24.60655706477767 -234.96427994604366 1180 1184 -1
1183 -43.11585424954904 32.299809882503475 -232.37991568177233 1181 1185 -1
1184 -7.416555577253908 24.742822469046658 -234.86227998157037 1182 1186 -1
1185 -43.22131606177166 32.35028596366042 -232.22180593868563 1183 1187 -1
1186 -7.318192870176093 24.878800819752115 -234.7593685627982 1184 1188 -1
1187 -43.32648656267163 32.400639346487644 -232.06346320682547 1185 1189 -1
1188 -7.22040560160266 25.01442524775693 -234.65544682106741 1186 1190 -1
1189 -43.43135454397121 32.45086745112116 -231.90488022717201 1187 1191 -1
1190 -7.123231698857907 25.149619383496255 -234.5503953753912 1188 1192 -1
1191 -43.53590590699322 32.50096744598446 -231.74604786418806 1189 1193 -1
1192 -7.026713986020647 25.284300356326906 -234.4440875325241 1190 1194 -1
1193 -43.640129667264894 32.55093779345791 -231.58695956426087 1191 1195 -1
1194 -6.930887321081112 25.418389335239965 -234.33641517361448 1192 1196 -1
1195 -43.744013733722646 32.60077650598693 -231.42760801078072 1193 1197 -1
1196 -6.835808653964529 25.551785916783576 -234.22723049615283 1194 1198 -1
1197 -43.847543727108345 32.65048074849936 -231.267984259598 1195 1199 -1
1198 -6.741518602522141 25.684401858042737 -234.11642337782533 1196 1200 -1
1199 -43.950707327149026 32.70004850206465 -231.10808109852195 1197 1201 -1
1200 -6.648080773896541 25.816124063505285 -234.00384273834004 1198 1202 -1
1201 -44.053492110627495 32.74947770640451 -230.94789136054104 1199 1203 -1
1202 -6.555555048785887 25.946839609375164 -233.88935215466216 1200 1204 -1
1203 -44.155884327819614 32.798765828444786 -230.7874070175444 1201 1205 -1
1204 -6.463999382890817 26.076436249977682 -233.7728279683304 1202 1206 -1
1205 -44.257868382338195 32.84790971638601 -230.62661883744178 1203 1207 -1
1206 -6.3735126763981835 26.204750125772403 -233.65407105811505 1204 1208 -1
1207 -44.35943233232958 32.896907524568206 -230.4655204682429 1205 1209 -1
1208 -6.284151843102076 26.33166499076766 -233.53298192353373 1206 1210 -1
1209 -44.460561901383336 32.945756589439775 -230.30410397801091 1207 1211 -1
1210 -6.196012085789173 26.457015914783664 -233.4093946714626 1208 1212 -1
1211 -44.56124253050748 32.994454168184674 -230.14236140422196 1209 1213 -1
1212 -6.109214776849892 26.580599559316155 -233.28310761810604 1210 1214 -1
1213 -44.66145752260885 33.042996830319424 -229.980283437755 1211 1215 -1
1214 -6.023847301514049 26.702254679789874 -233.15400595069286 1212 1216 -1
1215 -44.7611933236332 33.091382208018295 -229.8178632282362 1213 1217 -1
1216 -5.940031696120833 26.821771985368045 -233.0219257498328 1214 1218 -1
1217 -44.860434750721325 33.13960739598352 -229.65509293826034 1215 1219 -1
1218 -5.857901837908433 26.938923062965657 -232.88670435714795 1216 1220 -1
1219 -44.95916603405632 33.18766931014264 -229.49196451905968 1217 1221 -1
1220 -5.77760790162297 27.053451984051094 -232.74817491453499 1218 1222 -1
1221 -45.057371073903774 33.23556477355574 -229.3284699064189 1219 1223 -1
1222 -5.699230548162748 27.165156889456465 -232.60628307681694 1220 1224 -1
1223 -45.15503343066923 33.283290513462 -229.16460102473636 1221 1225 -1
1224 -5.622764421207822 27.273911832843638 -232.4610954369792 1222 1226 -1
1225 -45.25213489245325 33.330842722788205 -229.00034882850167 1223 1227 -1
1226 -5.548205127368283 27.379581056956482 -232.31267372009566 1224 1228 -1
1227 -45.348659799122125 33.37821839245072 -228.8357062594858 1225 1229 -1
1228 -5.475541942671475 27.482031621951446 -232.16108882504798 1226 1230 -1
1229 -45.444590691712165 33.425413960774286 -228.6706652757778 1227 1231 -1
1230 -5.404757703084169 27.581134079172553 -232.00642041754523 1228 1232 -1
1231 -45.53990968747675 33.47242574437547 -228.50521781459335 1229 1233 -1
1232 -5.335828752163886 27.676763094480272 -231.84875645769432 1230 1234 -1
1233 -45.63459851337963 33.519249948442365 -228.3393558285227 1231 1235 -1
1234 -5.268724945506822 27.76879801366148 -231.68819267260122 1232 1236 -1
1235 -45.728638495708715 33.565882663388855 -228.17307129234013 1233 1237 -1
1236 -5.203409710513986 27.857123364151523 -231.52483198525 1234 1238 -1
1237 -45.82201054967018 33.612319861449855 -228.00635621036432 1235 1239 -1
1238 -5.139849795306705 27.941607027823096 -231.35876930205447 1236 1240 -1
1239 -45.914695168983606 33.65855739322054 -227.83920262439673 1237 1241 -1
1240 -5.077990028091322 28.02215627412388 -231.19012990538135 1238 1242 -1
1241 -46.00667241550321 33.70459098414387 -227.67160262226662 1239 1243 -1
1242 -5.017772478266614 28.09867920301715 -231.01903915087095 1240 1244 -1
1243 -46.097921908891244 33.75041623095085 -227.50354834701193 1241 1245 -1
1244 -4.959136006564667 28.171085041097975 -230.84562322651513 1242 1246 -1
1245 -46.18842281637269 33.79602859805856 -227.33503200672516 1243 1247 -1
1246 -4.902014076807851 28.239289713190555 -230.67001234225398 1244 1248 -1
1247 -46.27815384260454 33.84142341393273 -227.16604588509523 1245 1249 -1
1248 -4.846335073273873 28.30321593167985 -230.4923401299211 1246 1250 -1
1249 -46.36709321969329 33.88659586742056 -226.99658235267435 1247 1251 -1
1250 -4.792037101658861 28.362743733213353 -230.3127229817059 1248 1252 -1
1251 -46.45521869740154 33.93154100406291 -226.82663387890256 1249 1253 -1
1252 -4.739025216152506 28.417850143976985 -230.13131997100626 1250 1254 -1
1253 -46.542507533583255 33.97625372239308 -226.65619304491855 1251 1255 -1
1254 -4.6872127303865305 28.468483889513944 -229.94827434825092 1252 1256 -1
1255 -46.6289357912284 34.02072857941326 -226.48525215929652 1253 1257 -1
1256 -4.636510997213895 28.51459516926626 -229.7637283781604 1254 1258 -1
1257 -46.71447835913889 34.06495979918306 -226.31380331521132 1255 1259 -1
1258 -4.586837315256598 28.5560952986558 -229.5778132138827 1256 1260 -1
1259 -46.79911270733373 34.10894249348404 -226.14184058359285 1257 1261 -1
1260 -4.538089860611632 28.592971225309693 -229.39068234353863 1258 1262 -1
1261 -46.88281788155343 34.15267666495227 -225.9693604581131 1259 1263 -1
1262 -4.490167005873749 28.625212384362293 -229.20248563158233 1260 1264 -1
1263 -46.96557642107109 34.19616795822795 -225.7963628938472 1261 1265 -1
1264 -4.44296950263745 28.652794564402104 -229.01336700637665 1262 1266 -1
1265 -47.04737074397219 34.23942235539895 -225.6228481347224 1263 1267 -1
1266 -4.396403365966602 28.675638023844705 -228.82346167185295 1264 1268 -1
1267 -47.128178686904 34.282444951259095 -225.44881435789821 1265 1269 -1
1268 -4.350357750028536 28.69378353906881 -228.63292373230152 1266 1270 -1
1269 -47.20798661703755 34.32524298881926 -225.27426453823037 1267 1271 -1
1270 -4.304728578212556 28.707232089794203 -228.4418967738994 1268 1272 -1
1271 -47.28677656056115 34.3678227841023 -225.09919963378405 1269 1273 -1
1272 -4.259412663276193 28.715974075609797 -228.25052185411278 1270 1274 -1
1273 -47.36452784729151 34.41019025563493 -224.92361960007327 1271 1275 -1
1274 -4.21430697674105 28.719962609877655 -228.05893926850882 1272 1276 -1
1275 -47.44122068831714 34.452351702564975 -224.74752522213888 1273 1277 -1
1276 -4.1693041380967 28.719266747734423 -227.86729252404774 1274 1278 -1
1277 -47.51684016247031 34.49431445582439 -224.57091993270186 1275 1279 -1
1278 -4.124301195650679 28.713900639975943 -227.67571959419035 1276 1280 -1
1279 -47.59136420591767 34.53608463990669 -224.39380408818215 1277 1281 -1
1280 -4.079195765281215 28.70387677678212 -227.48435763696983 1278 1282 -1
1281 -47.6647730730485 34.57766897767107 -224.21617953843545 1279 1283 -1
1282 -4.033924891607519 28.68920149231983 -227.29333503431903 1280 1284 -1
1283 -47.73705187962442 34.61907506124024 -224.03805063009224 1281 1285 -1
1284 -3.9885795542922384 28.670085837085562 -227.10272321811476 1282 1286 -1
1285 -47.8081736184925 34.66030874254329 -223.85941671383236 1283 1287 -1
1286 -3.943280538452115 28.64670018761871 -226.91257670880805 1284 1288 -1
1287 -47.87812579595535 34.70137815886646 -223.6802838429244 1285 1289 -1
1288 -3.8981457707815195 28.619204384824148 -226.72294127613588 1286 1290 -1
1289 -47.94688412585485 34.74228986237493 -223.50065335930736 1287 1291 -1
1290 -3.8532939453926356 28.587720599445632 -226.53385934339616 1288 1292 -1
1291 -48.014430839855514 34.783051410504584 -223.32052973513763 1289 1293 -1
1292 -3.80884116503359 28.55239747565771 -226.34536226675672 1290 1294 -1
1293 -48.08074507600122 34.82367006692961 -223.1399165428485 1291 1295 -1
1294 -3.7649006054505216 28.513383008651893 -226.15747390061168 1292 1296 -1
1295 -48.14580674149334 34.864153292873425 -222.9588180522406 1293 1297 -1
1296 -3.7215876455610983 28.47079528451885 -225.970216610671 1294 1298 -1
1297 -48.209595475330204 34.904508624856504 -222.777238826676 1295 1299 -1
1298 -3.6790215847771837 28.424734325309792 -225.7836110227502 1296 1300 -1
1299 -48.272091955151765 34.9447437784839 -222.5951841911689 1297 1301 -1
1300 -3.6373323482620425 28.375269432611645 -225.59767990303308 1298 1302 -1
1301 -48.33327327382653 34.984866252565766 -222.4126585870999 1299 1303 -1
1302 -3.5966359228289235 28.322528668358487 -225.41243053796492 1300 1304 -1
1303 -48.39312410034131 35.02488423842082 -222.22966951512413 1301 1305 -1
1304 -3.5570618608584064 28.26659291850526 -225.22787635643513 1302 1306 -1
1305 -48.451615830949464 35.0648050103486 -222.04622032304403 1303 1307 -1
1306 -3.518762213532811 28.207499682251132 -225.0440386461084 1304 1308 -1
1307 -48.5087366266987 35.10463710977986 -221.86232043394017 1305 1309 -1
1308 -3.481879602139879 28.14532737495461 -224.86092825589296 1306 1310 -1
1309 -48.56446043033857 35.14438818525906 -221.6779749482352 1307 1311 -1
1310 -3.4465608662776424 28.080151392143822 -224.67855547274308 1308 1312 -1
1311 -48.61876818782136 35.18406641670687 -221.49319170498285 1309 1313 -1
1312 -3.413011845872871 28.011959482189805 -224.4969530473549 1310 1314 -1
1313 -48.67164308848739 35.223680092206294 -221.30797955329894 1311 1315 -1
1314 -3.3817209438987588 27.940699933377882 -224.31612904482728 1312 1316 -1
1315 -48.72305797045122 35.26323713126181 -221.12234473153606 1313 1317 -1
1316 -3.3547550502047367 27.865578062441255 -224.13618098380036 1314 1318 -1
1317 -48.772997416599715 35.302745986078975 -220.9362973444895 1315 1319 -1
1318 -3.3346046253628967 27.785774619978746 -223.9573698935947 1316 1320 -1
1319 -48.821442874970565 35.3422149715884 -220.74984691499552 1317 1321 -1
1320 -3.3242035559643632 27.700396144546342 -223.78032554585 1318 1322 -1
1321 -48.86836937358705 35.38165231319321 -220.56300172883059 1319 1323 -1
1322 -3.326240032196543 27.608958031820055 -223.60605801515254 1320 1324 -1
1323 -48.9137591634783 35.42106645706307 -220.3757724364025 1321 1325 -1
1324 -3.343310521625923 27.51128327481318 -223.43606809860464 1322 1326 -1
1325 -48.95759525396628 35.46046583471329 -220.18817020677608 1323 1327 -1
1326 -3.3776529210785995 27.40765748376938 -223.27234886188086 1324 1328 -1
1327 -49.0 35.5 -220.0 1325 1329 1330
1328 -3.429368738847599 27.299024010925955 -223.11662871889504 1326 1331 -1
1329 -49.159494883058365 35.6025021333193 -220.00701349336464 1327 1332 -1
1330 -48.97851046602614 35.354096812255186 -219.86167439681097 1327 1333 -1
1331 -3.4948010396872036 27.185679742753916 -222.9696264664913 1328 1334 -1
1332 -49.31898330131121 35.70516781858037 -220.01275021717072 1329 1335 -1
1333 -48.9540690796938 35.20667138247914 -219.72528264038718 1330 1336 -1
1334 -3.5688296246896405 27.067498890250302 -222.8307110496945 1331 1337 -1
1335 -49.47859486021397 35.807711387781076 -220.01707201938143 1332 1338 -1
1336 -48.9265377983889 35.057958610816364 -219.5908920401884 1333 1339 -1
1337 -3.647532437720481 26.944014574722505 -222.6991602473814 1334 1340 -1
1338 -49.638329178811745 35.91011319185172 -220.0199929312764 1335 1341 -1
1339 -48.8958626615006 34.90800062189727 -219.4585822732353 1336 1342 -1
1340 -3.727606631523854 26.81465648451692 -222.57424492971322 1337 1343 -1
1341 -49.79818606099402 36.01235379378098 -220.0215267093356 1338 1344 -1
1342 -48.86198299959431 34.75684069368242 -219.32843984808255 1339 1345 -1
1343 -3.8061572945213467 26.678847506354064 -222.45535798209252 1340 1346 -1
1344 -49.95816548146909 36.114413958909125 -220.0216868822608 1341 1347 -1
1345 -48.82484400281468 34.604528462146476 -219.2005498581008 1342 1348 -1
1346 -3.8805443664821997 26.536093696845622 -222.34207050433244 1343 1349 -1
1347 -50.11826757628353 36.21627464174568 -220.02048674926698 1344 1350 -1
1348 -48.78440170475176 34.451121176350235 -219.07499209277867 1345 1351 -1
1349 -3.9492195459719746 26.38645713546438 -222.23418645173857 1346 1352 -1
1350 -50.27849263360943 36.31791697285469 -220.01793937892415 1347 1353 -1
1351 -48.740614777399045 34.29668050526058 -218.95184640018172 1348 1354 -1
1352 -4.012316157970476 26.23072603684061 -222.13164679640636 1349 1355 -1
1353 -50.43884108479031 36.419322245819366 -220.01405760851836 1350 1356 -1
1354 -48.69345374286181 34.141275049127806 -218.8311856982659 1351 1357 -1
1355 -4.070159048648204 26.069668962813562 -222.03436206110615 1352 1358 -1
1356 -50.599313495635194 36.52047190429749 -220.00885404389678 1353 1359 -1
1357 -48.64289697120694 33.98497840870112 -218.7130782687061 1354 1360 -1
1358 -4.122979641416744 25.903875663640864 -221.94231319672676 1355 1361 -1
1359 -50.75991055795034 36.62134752917645 -220.00234105976799 1356 1362 -1
1360 -48.5889259495953 33.827867650101815 -218.59759097862596 1357 1363 -1
1361 -4.171160921606597 25.734000808694212 -221.85529796578837 1358 1364 -1
1362 -50.92063308129671 36.72193082583652 -219.99453080042733 1359 1365 -1
1363 -48.531533231030906 33.67002484771713 -218.48478279618055 1360 1366 -1
1364 -4.215010851816987 25.560556578800693 -221.7731643306299 1361 1367 -1
1365 -51.081481984961535 36.82220361152885 -219.98543518088206 1362 1368 -1
1366 -48.470723584510075 33.51153637272654 -218.3747031162316 1363 1369 -1
1367 -4.2546743862416925 25.383880426962318 -221.69593420684532 1364 1370 -1
1368 -51.24245834914313 36.92214764366918 -219.9750653088238 1365 1371 -1
1369 -48.406510545275864 33.35249126655358 -218.26739374133072 1366 1372 -1
1370 -4.290533492603242 25.20444893733049 -221.6233339883534 1367 1373 -1
1371 -51.403563295802215 37.02174488728144 -219.9634326146025 1368 1374 -1
1372 -48.338907505351585 33.19297956456261 -218.16289582090033 1369 1375 -1
1373 -4.322711824259371 25.022513412685996 -221.55538697439542 1370 1376 -1
1374 -51.56479797116347 37.12097756356952 -219.95054890139704 1371 1377 -1
1375 -48.2679519908458 33.03309477983573 -218.0612290275087 1372 1378 -1
1376 -4.3514973691318675 24.838411194567588 -221.4918986447842 1373 1379 -1
1377 -51.726163657026525 37.21982781189088 -219.93642519005357 1374 1380 -1
1378 -48.193682082342185 32.872929716378565 -217.96241039579016 1375 1381 -1
1379 -4.376993787002821 24.652338418455344 -221.4329058932995 1376 1382 -1
1380 -51.88766170750585 37.31827782245565 -219.92107228280923 1377 1383 -1
1381 -48.11614484249103 32.71257700215541 -217.86644681470148 1378 1384 -1
1382 -4.3994631801317325 24.464567204008052 -221.37821922838745 1379 1385 -1
1383 -52.049293542007305 37.41630982448773 -219.90450076634744 1380 1386 -1
1384 -48.03539568335271 32.55212818539946 -217.77333494740554 1381 1387 -1
1385 -4.41895183813547 24.275234369996447 -221.32795038145284 1382 1388 -1
1386 -52.21106075199744 37.51390569755301 -219.88672001975615 1383 1389 -1
1387 -47.95149764669167 32.391672884584125 -217.6830612905932 1384 1390 -1
1388 -4.435689847090747 24.084561902003486 -221.28193377530621 1385 1391 -1
1389 -52.37296481054894 37.6110478745889 -219.8677407515617 1386 1392 -1
1390 -47.86452061757786 32.23129800872364 -217.59560236612015 1387 1393 -1
1391 -4.449755052350849 23.89268517321653 -221.24022909977944 1388 1394 -1
1392 -52.535007243696136 37.70771878669055 -219.84757335683258 1389 1395 -1
1393 -47.7745404922649 32.07108706135727 -217.51092503427097 1390 1396 -1
1394 -4.461257770098358 23.699749986512575 -221.20284550525093 1391 1397 -1
1395 -52.69718966384058 37.80390070310359 -219.82622759947066 1392 1398 -1
1396 -47.68163832104629 31.911119537981794 -217.4289869150848 1393 1399 -1
1397 -4.470338067515766 23.505906784189975 -221.16973444199166 1394 1400 -1
1398 -52.859513715030346 37.8995758752353 -219.80371304662478 1395 1401 -1
1399 -47.58589944574203 31.751470423041397 -217.34973690207298 1396 1402 -1
1400 -4.477008081875252 23.311257641222337 -221.1410776423693 1397 1403 -1
1401 -53.021981235389724 37.9947258935154 -219.78003773327413 1398 1404 -1
1402 -47.48741264977437 31.59220978905526 -217.2731157513507 1399 1405 -1
1403 -4.48141475781568 23.11594897712074 -221.11680910121038 1400 1406 -1
1404 -53.18459377829128 38.08933341434384 -219.75521197096768 1401 1407 -1
1405 -47.386269336612266 31.433402497221252 -217.19905672866867 1402 1408 -1
1406 -4.483598920915462 22.92009392606248 -221.09706398348382 1403 1409 -1
1407 -53.34735301718261 38.18338066678448 -219.72924497986787 1404 1410 -1
1408 -47.28256274986257 31.275107995999605 -217.12748629700104 1405 1411 -1
1409 -4.483607256831099 22.723813170606604 -221.0819761896095 1406 1412 -1
1410 -53.51026065744283 38.27684972321815 -219.70214558971196 1407 1413 -1
1411 -47.17638724562579 31.11738021183391 -217.05832482811937 1408 1414 -1
1412 -4.48153127455605 22.527238838847126 -221.07158440737783 1409 1415 -1
1413 -53.67331849968674 38.36972219649452 -219.67392175212012 1410 1416 -1
1414 -47.06783762505692 30.96026752434656 -216.99148732284317 1411 1417 -1
1415 -4.477347689997014 22.330497519830214 -221.0661996356666 1412 1418 -1
1416 -53.83652827091312 38.46197986294192 -219.6445817822067 1413 1419 -1
1417 -46.957008532500915 30.80381281705491 -216.92688412627712 1414 1420 -1
1418 -4.471167174066573 22.13373583915911 -221.06582278342216 1415 1421 -1
1419 -53.99989153522173 38.55360502503029 -219.6141349009796 1416 1422 -1
1420 -46.8439939222019 30.648053593865825 -216.86442162619838 1417 1423 -1
1421 -4.462941204489186 21.937114011281135 -221.07086851449577 1418 1424 -1
1422 -54.163409955191185 38.644579412335936 -219.58258928282928 1419 1425 -1
1423 -46.728886594482624 30.49302215127102 -216.80400292472623 1420 1426 -1
1424 -4.452762318320157 21.74080170946637 -221.0813952973668 1421 1427 -1
1425 -54.327085211242355 38.73488444913414 -219.54995264476838 1422 1428 -1
1426 -46.61177780049643 30.338745796217584 -216.74552847539516 1423 1429 -1
1427 -4.440583529305091 21.545013821438044 -221.09787149245793 1424 1430 -1
1428 -54.49091904873413 38.82450099031727 -219.51623191731156 1425 1431 -1
1429 -46.49275691318486 30.18524709999859 -216.6888966796714 1426 1432 -1
1430 -4.426454640451733 21.349976018503728 -221.12051108750762 1427 1433 -1
1431 -54.654912844359586 38.913411191965466 -219.48143612320442 1428 1434 -1
1432 -46.37191116092829 30.03254417912078 -216.6340044387446 1429 1435 -1
1433 -4.410379195331794 21.155960299191893 -221.14968883883142 1430 1436 -1
1434 -54.81906811100972 39.001596288292085 -219.44557287484136 1431 1437 -1
1435 -46.24932541953513 29.88065099489207 -216.5807476580444 1432 1438 -1
1436 -4.392316643064507 20.96332678563612 -221.18598436413535 1433 1439 -1
1437 -54.983386306990475 39.089037366851926 -219.4086496594154 1434 1440 -1
1438 -46.12508205765204 29.729577664366616 -216.52902170334457 1435 1441 -1
1439 -4.372294722915472 20.772451942036156 -221.22975554575393 1436 1442 -1
1440 -55.14786905700839 39.17571428222265 -219.37067240647386 1437 1443 -1
1441 -45.99926083035434 29.579330776232393 -216.4787218085258 1438 1444 -1
1442 -4.350259679793617 20.583755208789572 -221.28130614118882 1439 1445 -1
1443 -55.31251747084574 39.26160879322521 -219.33164978959033 1440 1446 -1
1444 -45.87193662708906 29.429914981815948 -216.4297453029953 1441 1447 -1
1445 -4.326130120780465 20.397648888031206 -221.34073165175226 1442 1448 -1
1446 -55.47733278964232 39.34670154090786 -219.29158902128503 1443 1449 -1
1447 -45.74318532902657 29.28133002761935 -216.38198674607992 1444 1450 -1
1448 -4.299835150818406 20.21454976755641 -221.40805387556273 1445 1451 -1
1449 -55.64231617934874 39.430972945247596 -219.25049715937666 1446 1452 -1
1450 -45.6130791592906 29.13357349849243 -216.33534242603625 1447 1453 -1
1451 -4.271317005937103 20.034869568427233 -221.4832242941296 1448 1454 -1
1452 -55.80746885318836 39.51440253440085 -219.20838033955172 1449 1455 -1
1453 -45.481686696297594 28.986641263952126 -216.2897104764418 1450 1456 -1
1454 -4.240531885479433 19.859004153906525 -221.5661244144552 1451 1457 -1
1455 -55.97279173694519 39.59697055668712 -219.1652457626314 1452 1458 -1
1456 -45.34907165468406 28.840528799691423 -216.2449917627426 1453 1459 -1
1457 -4.207450178180375 19.687323280625534 -221.65656882788957 1454 1460 -1
1458 -56.13828560289896 39.67865731316624 -219.12110080308352 1455 1461 -1
1459 -45.215301155197345 28.69522579862535 -216.20108411556413 1456 1462 -1
1460 -4.172056084658601 19.52016153945839 -221.75431075932124 1457 1463 -1
1461 -56.30395119930821 39.759442437115204 -219.0759522088083 1458 1464 -1
1462 -45.08043446203639 28.550724166434215 -216.15789072991225 1459 1465 -1
1463 -4.134342840642166 19.35781945586442 -221.85906077792748 1460 1466 -1
1464 -56.4697891492038 39.83930534811523 -219.02980667002896 1461 1467 -1
1465 -44.94453118198752 28.407012672915812 -216.11531443108137 1462 1468 -1
1466 -4.094302244511536 19.200580941976124 -221.9705182265669 1463 1469 -1
1467 -56.6358001398293 39.918224142160184 -218.9826697017577 1464 1470 -1
1468 -44.80764903383061 28.264078629918668 -216.07325978446576 1465 1471 -1
1469 -4.0519731084024455 19.048596106499932 -222.08824122712304 1466 1472 -1
1470 -56.801984327899 39.99617879896566 -218.93454899650624 1467 1473 -1
1471 -44.669856203432936 28.1218971968507 -216.0316297984227 1468 1474 -1
1472 -4.007382503076433 18.90200386924527 -222.2118230383143 1469 1475 -1
1473 -56.968341890959366 40.073148147587176 -218.88545120923638 1470 1476 -1
1474 -44.531229822768694 27.980432616059968 -215.99032605798203 1471 1477 -1
1475 -3.960563243745914 18.76089272615425 -222.34084308972015 1472 1478 -1
1476 -57.13487285919471 40.149110702369576 -218.83538288822763 1473 1479 -1
1477 -44.39184538165598 27.839647746683305 -215.94925154195687 1474 1480 -1
1478 -3.9115519681618838 18.62530370080409 -222.47487588668122 1475 1481 -1
1479 -57.301577090848376 40.22404473934359 -218.78435056897635 1476 1482 -1
1480 -44.251772481725595 27.699508413257043 -215.90831156298682 1477 1483 -1
1481 -3.8603705408317834 18.495278125254348 -222.61353203259875 1478 1484 -1
1482 -57.468454376818705 40.29792757910466 -218.73236015141785 1479 1485 -1
1483 -44.11108236571292 27.55997680808334 -215.86741211147253 1480 1486 -1
1484 -3.807074184196747 18.370734205741293 -222.7563611303276 1481 1487 -1
1485 -57.63550414303534 40.37073732573388 -218.67941849827753 1482 1488 -1
1486 -43.96984163161885 27.4210177356283 -215.82646112558317 1483 1489 -1
1487 -3.7517047395007173 18.251588530908634 -222.90295777168535 1484 1490 -1
1488 -57.80272560374373 40.442451924713566 -218.62553253023407 1485 1491 -1
1489 -43.82811433293635 27.282597304565165 -215.78536714385953 1486 1492 -1
1490 -3.6942987298960577 18.137739254402312 -223.05294186638338 1487 1493 -1
1491 -57.970117825014626 40.51304867390156 -218.57070883159008 1488 1494 -1
1492 -43.68596524796101 27.1446795561304 -215.7440404704254 1489 1495 -1
1493 -3.634889874951621 18.029062860860996 -223.205953944648 1490 1496 -1
1494 -58.137679647892014 40.58250462160236 -218.51495402472054 1491 1497 -1
1495 -43.54345645913634 27.007230562943366 -215.70239214850184 1492 1498 -1
1496 -3.573508493719162 17.92541910381645 -223.36165651794 1493 1499 -1
1497 -58.30540967699138 40.650796566322484 -218.45827478101234 1494 1500 -1
1498 -43.400648993078946 26.87021708095663 -215.6603338958416 1495 1501 -1
1499 -3.5101810957774964 17.82665546185753 -223.51973458947074 1496 1502 -1
1500 -58.473306268847345 40.71790105730016 -218.4006778320549 1497 1503 -1
1501 -43.25760289263242 26.733607050101668 -215.6177771911457 1498 1504 -1
1502 -3.444930128897687 17.73261105180623 -223.6798954892912 1499 1505 -1
1503 -58.6413676292796 40.78379356519436 -218.34216937322705 1500 1506 -1
1504 -43.11437846367855 26.597367766963096 -215.57463584352402 1501 1507 -1
1505 -3.3777738522456127 17.64311998088128 -223.84186819572312 1502 1508 -1
1506 -58.80959147023274 40.84845094276908 -218.2827569079072 1503 1509 -1
1507 -42.97103514576213 26.461468162829576 -215.53082330019652 1504 1510 -1
1508 -3.308726306278648 17.55801415162849 -224.0054022853729 1505 1511 -1
1509 -58.977975322959374 40.911849069155615 -218.222447464232 1506 1512 -1
1510 -42.827632307853804 26.32587803027083 -215.486253338716 1507 1513 -1
1511 -3.2377973538700826 17.477125554938123 -224.1702666315884 1508 1514 -1
1512 -59.14651643025123 40.973963522892355 -218.16124813089266 1509 1515 -1
1513 -42.684229469418504 26.190568083011314 -215.44083997863882 1510 1516 -1
1514 -3.1649927710723995 17.40028809947587 -224.33624794861933 1511 1517 -1
1515 -59.31521172527136 41.0347696491405 -218.09916611621716 1512 1518 -1
1516 -42.540886572918005 26.055510122129707 -215.39449692901036 1513 1519 -1
1517 -3.0903143698561446 17.327339032202257 -224.50314925761842 1514 1520 -1
1518 -59.484057818668475 41.09424256587978 -218.0362087607618 1515 1521 -1
1519 -42.39766424580217 25.920676939312877 -215.3471378776303 1516 1522 -1
1520 -3.013760138850197 17.258120006126973 -224.67078833192605 1517 1523 -1
1521 -59.65305098555555 41.15235717123752 -217.9723835501042 1518 1524 -1
1522 -42.25462367798266 25.786042161223218 -215.29867803351567 1519 1525 -1
1523 -2.9353193943183737 17.19248690262131 -224.83899723887887 1520 1526 -1
1524 -59.822187152381275 41.20908815200694 -217.907698127822 1521 1527 -1
1525 -42.111827109761116 25.651580838488396 -215.24903171388786 1522 1528 -1
1526 -2.8549676276966105 17.130317188901355 -225.0076194882317 1523 1529 -1
1527 -59.99146188372745 41.264409993411334 -217.84216030864027 1524 1530 -1
1528 -41.96933797164088 25.51726928225136 -215.19811320855214 1525 1531 -1
1529 -2.7727089631941646 17.071436670030586 -225.17650258974047 1526 1532 -1
1530 -60.16087036906878 41.318296990170346 -217.77577809172692 1527 1533 -1
1531 -41.82722107650104 25.383085146907995 -215.14583677268584 1528 1534 -1
1532 -2.6885274456935835 17.015709406401374 -225.345508199563 1529 1535 -1
1533 -60.3304074095353 41.37072325892456 -217.70855967411055 1530 1536 -1
1534 -41.685542805585605 25.249007519249705 -215.09211663869067 1531 1537 -1
1535 -2.6024039907663226 16.96300571449071 -225.5145057346154 1532 1538 -1
1536 -60.50006740472308 41.421662752074305 -217.64051346419728 1533 1539 -1
1537 -41.54437128731806 25.115017014440216 -215.0368670489264 1534 1540 -1
1538 -2.514292868055686 16.913235013723533 -225.6833681091957 1535 1541 -1
1539 -60.66984433960187 41.47108927308675 -217.57164809535408 1536 1542 -1
1540 -41.40377721925127 24.981095932681583 -214.98000060223902 1537 1543 -1
1541 -2.4241759285993045 16.866265075669034 -225.8519738950314 1538 1544 -1
1542 -60.839731771573426 41.51897649332401 -217.5019724395254 1539 1545 -1
1543 -41.26383738941538 24.847223869432902 -214.92143083578003 1540 1546 -1
1544 -2.332038301512914 16.821964535807613 -226.020209654845 1541 1547 -1
1545 -61.00972281773899 41.56529797044316 -217.4314956208467 1542 1548 -1
1546 -41.12465383863327 24.713362841434616 -214.86106179932494 1543 1549 -1
1547 -2.2378473811057455 16.78022922287399 -226.18796400224707 1544 1550 -1
1548 -61.17981014243896 41.61002716841572 -217.36022702921366 1545 1551 -1
1549 -40.98633886866785 24.57947164474735 -214.79879365342907 1546 1552 -1
1550 -2.141526052163057 16.741006075722698 -226.35511376448045 1547 1553 -1
1551 -61.349985945132175 41.65313747921111 -217.28817633376195 1548 1554 -1
1552 -40.84900904251193 24.445511656877606 -214.73452552984034 1549 1555 -1
1553 -2.04308048758699 16.70414591316312 -226.52156196811723 1550 1556 -1
1554 -61.520241948687264 41.69460224618431 -217.21535349620908 1551 1557 -1
1555 -40.71278565816007 24.311447042250546 -214.6681556338119 1552 1558 -1
1556 -1.9424722978024669 16.669557053930163 -226.68720281166188 1553 1559 -1
1557 -61.69056938816296 41.734394789203314 -217.14176878400554 1554 1560 -1
1558 -40.57779571175707 24.177244932206968 -214.59958054971742 1555 1561 -1
1559 -1.8396152514704505 16.637194413324153 -226.85190980816776 1556 1562 -1
1560 -61.860959000159276 41.772488431546236 -217.06743278323844 1557 1563 -1
1561 -40.444173245235355 24.042875573358696 -214.52869421689365 1558 1564 -1
1562 -1.7344993474838037 16.606937981912694 -227.01558753863367 1559 1565 -1
1563 -62.03140101282495 41.80885652859161 -216.99235641122638 1560 1566 -1
1564 -40.31205474533194 23.908313305409603 -214.45539638689124 1561 1567 -1
1565 -1.6270881962038362 16.57869938611191 -227.1781319308203 1562 1568 -1
1566 -62.201884671004855 41.84347529395393 -216.91655113677427 1563 1569 -1
1567 -40.181584817783126 23.773536271679337 -214.37958388156417 1564 1570 -1
1568 -1.5172870763803035 16.552439233692965 -227.33940617427476 1565 1571 -1
1569 -62.37239455914927 41.87634741855077 -216.84003065565005 1566 1572 -1
1570 -40.052914729273326 23.638527016528062 -214.30115421229806 1567 1573 -1
1571 -1.405078834588158 16.52805408681927 -227.49931182285482 1568 1574 -1
1572 -62.54291324796268 41.907490668720556 -216.7628097778641 1569 1575 -1
1573 -39.92620732353523 23.5032723633446 -214.21999993363428 1570 1576 -1
1574 -1.2904249887084058 16.5054634156129 -227.6577395137063 1571 1577 -1
1575 -62.71342387520837 41.93692363329735 -216.6849032786463 1572 1578 -1
1576 -39.801625126222646 23.36776540833383 -214.1360259654843 1573 1579 -1
1577 -1.1732223911113797 16.484632244726487 -227.81453486631716 1574 1580 -1
1578 -62.88391018130606 41.96466552315469 -216.60632586504047 1575 1581 -1
1579 -39.679339596725015 23.23200480178484 -214.04913706273837 1576 1582 -1
1580 -1.0534533537777548 16.465466834036878 -227.96959318426002 1577 1583 -1
1581 -63.05435651573005 41.99073612679245 -216.52709215572312 1578 1584 -1
1582 -39.55953460282227 23.095994998142018 -213.95923514853857 1579 1585 -1
1583 -0.9310764466917731 16.4478946082256 -228.1227928774063 1580 1586 -1
1584 -63.22474784130769 42.0151557665726 -216.44721666210438 1581 1587 -1
1585 -39.44239617676692 22.959747868924556 -213.8662328429021 1582 1588 -1
1586 -0.8059866802980011 16.431880403973494 -228.2739587281045 1583 1589 -1
1587 -63.395069736531205 42.03794525575345 -216.36671377071332 1584 1590 -1
1588 -39.32811280552095 22.82328291281583 -213.7700527106965 1585 1591 -1
1589 -0.6781632939026684 16.41734091523419 -228.42297086508336 1586 1592 -1
1590 -63.565308396000006 42.0591258564568 -216.28559772685952 1587 1593 -1
1591 -39.21689085653182 22.686626677671402 -213.67061125463454 1588 1594 -1
1592 -0.5475676011900437 16.404207588138664 -228.56969200131206 1589 1595 -1
1593 -63.7354506291136 42.078719238688066 -216.2038826195571 1590 1596 -1
1594 -39.10892716353929 22.549814972185526 -213.56784894125664 1591 1597 -1
1595 -0.4141065914952286 16.392439251334707 -228.71392954974752 1592 1598 -1
1596 -63.90548385713669 42.09674744051546 -216.12158236769028 1593 1599 -1
1597 -39.004427575388014 22.412891824995572 -213.46171013680885 1594 1600 -1
1598 -0.2777450605523872 16.38196710345704 -228.85552919991605 1595 1601 -1
1599 -64.07539610875921 42.11323282950022 -216.03871070739524 1596 1602 -1
1600 -38.903607186684845 22.275910145246186 -213.3521442955925 1597 1603 -1
1601 -0.1384602782089206 16.372720880416622 -228.99434108696624 1598 1604 -1
1602 -64.24517601427273 42.128198065456516 -215.95528118062643 1599 1605 -1
1603 -38.80666297626563 22.13893201475734 -213.23913072357388 1600 1606 -1
1604 0.003808227386117774 16.364648178297376 -229.1301683223131 1601 1607 -1
1605 -64.4148127984842 42.14166606460679 -215.87130712487277 1602 1608 -1
1606 -38.71381084095715 22.00202842420699 -213.12264466486147 1603 1609 -1
1607 0.1491277010192627 16.357698501025425 -229.26278922850125 1604 1610 -1
1608 -64.58429627248553 42.15365996518631 -215.78680166398487 1605 1611 -1
1609 -38.62524532726253 21.865278788892052 -213.00269198282754 1606 1612 -1
1610 0.2974843569172959 16.351794308540168 -229.3920545516679 1607 1613 -1
1611 -64.75361682439453 42.1642030945388 -215.70177770007132 1608 1614 -1
1612 -38.54115589931849 21.728770292077485 -212.87929322129483 1609 1615 -1
1613 0.44890294548217574 16.346875393990917 -229.51776174887547 1610 1616 -1
1614 -64.92276540917966 42.17331893773461 -215.6162479064202 1611 1617 -1
1615 -38.46171035694636 21.592592493978294 -212.7524985948303 1612 1618 -1
1616 0.6034361955661927 16.34289080189351 -229.63965372342346 1613 1619 -1
1617 -65.09173353767656 42.181031107732295 -215.53022472139904 1614 1620 -1
1618 -38.38687922554026 21.456802308351453 -212.62252035888932 1615 1621 -1
1619 0.7610728077867538 16.33977149649846 -229.75752948517493 1616 1622 -1
1620 -65.26051326490074 42.18736331709586 -215.44372034328708 1617 1623 -1
1621 -38.31658561121081 21.321438673497646 -212.48959671085157 1618 1624 -1
1622 0.9217846441390984 16.33744758473611 -229.87119470981662 1619 1625 -1
1623 -65.4290971777553 42.19233935127078 -215.3567467259903 1620 1626 -1
1624 -38.25074525431774 21.186531144276156 -212.35395599940244 1621 1627 -1
1625 1.085551707943993 16.335854317835665 -229.98042540677628 1622 1628 -1
1626 -65.59747838222806 42.195983043414564 -215.2693155755911 1623 1629 -1
1627 -38.18926915507833 21.05210073063394 -212.2158158257261 1624 1630 -1
1628 1.2523765975970935 16.334933098028955 -230.08493422792176 1625 1631 -1
1629 -65.76565049016713 42.198318250770164 -215.1814383476834 1626 1632 -1
1630 -38.13205233617537 20.918159131240436 -212.07538944805302 1627 1633 -1
1631 1.4221838984323618 16.33460992884624 -230.18452564867331 1628 1634 -1
1632 -65.93360760571885 42.199368832565185 -215.09312624544518 1629 1635 -1
1633 -38.07899335048995 20.784711483666708 -211.93287528950003 1630 1636 -1
1634 1.59488880771303 16.33481215910276 -230.27900202099832 1631 1637 -1
1635 -66.10134431150635 42.199158629412985 -215.00439021839895 1632 1638 -1
1636 -38.029988592452995 20.651756391546243 -211.78846122786513 1633 1639 -1
1637 1.7703688599521168 16.335363655312015 -230.36821860465204 1634 1640 -1
1638 -66.26885565462212 42.19771144418838 -214.91524096181493 1635 1641 -1
1639 -37.984933526019 20.519286652937165 -211.6423247351517 1636 1642 -1
1640 1.9484378140593457 16.335804137398256 -230.45215119614738 1637 1643 -1
1641 -66.43613713250201 42.19505102434511 -214.82568891670869 1638 1644 -1
1642 -37.94372373653102 20.387289947919335 -211.4946331563066 1639 1645 -1
1643 2.12884733266193 16.33562229502595 -230.53092711941153 1640 1646 -1
1644 -66.60318467874356 42.19120104563982 -214.73574427038957 1641 1647 -1
1645 -37.906255817847054 20.255749476787482 -211.34554409511904 1642 1648 -1
1646 2.3113750330547815 16.334320582423153 -230.60465093589266 1643 1649 -1
1647 -66.76999464892567 42.18618509722354 -214.6454169575159 1644 1650 -1
1648 -37.87242810846473 20.12464454360585 -211.19520587952005 1645 1651 -1
1649 2.495817407939782 16.331400935340504 -230.6733969807371 1646 1652 -1
1650 -66.9365638064826 42.18002666805955 -214.55471666161495 1647 1653 -1
1651 -37.84214802678214 19.99395183416292 -211.0437561754942 1648 1654 -1
1652 2.6819976812562736 16.326318394426384 -230.73715098965778 1649 1655 -1
1653 -67.10288930867902 42.17274913462461 -214.46365281702742 1650 1656 -1
1654 -37.815313966348725 19.863643722435263 -210.8913282569583 1651 1657 -1
1655 2.8696790583874883 16.318591639874917 -230.79604966323785 1652 1658 -1
1656 -67.26896869273008 42.164375749849086 -214.37223461123762 1653 1659 -1
1657 -37.79183199361198 19.733690632421826 -210.73804616638165 1654 1660 -1
1658 3.058642706936912 16.307718552680694 -230.8501547561792 1655 1661 -1
1659 -67.43479986210441 42.15492963325015 -214.28047098755303 1656 1662 -1
1660 -37.77161282926352 19.60406097530861 -210.58402661080774 1657 1663 -1
1661 3.2486584459480934 16.293187154340433 -230.89950882957103 1658 1664 -1
1662 -67.60038107304415 42.14443376221227 -214.1883706480975 1659 1665 -1
1663 -37.754580453132384 19.474722099700372 -210.42937831409003 1660 1666 -1
1664 3.439482870855939 16.274405444019404 -230.94407258078607 1661 1667 -1
1665 -67.76571092133308 42.1329109643682 -214.09594205708606 1662 1668 -1
1666 -37.74064209357347 19.345637889319995 -210.2742081717743 1663 1669 -1
1667 3.6308183985776807 16.25092698205646 -230.98396383379412 1664 1670 -1
1668 -67.93078829655367 42.120383783938884 -214.00319340395706 1665 1671 -1
1669 -37.72972411179224 19.216772210092294 -210.11861488156046 1666 1672 -1
1670 3.822354947398442 16.222246617474724 -231.01921418998066 1667 1673 -1
1671 -68.09561231717403 42.10687429436428 -213.9101325499121 1668 1674 -1
1672 -37.72175546229576 19.08808745154211 -209.96269307533848 1669 1675 -1
1673 4.013746711550263 16.18786815016437 -231.04985368890837 1670 1676 -1
1674 -68.26018266173915 42.09240539816831 -213.81676744544475 1671 1677 -1
1675 -37.716658584207146 18.959544394138447 -209.80653411072868 1672 1678 -1
1676 4.20459239806942 16.147205473284483 -231.07584216804636 1673 1679 -1
1677 -68.42449915875618 42.07699927197211 -213.72310564132655 1674 1680 -1
1678 -37.714378160284085 18.831103650869135 -209.65022439937167 1675 1681 -1
1679 4.394468269014527 16.099916033510627 -231.09730386747964 1676 1682 -1
1680 -68.58856191470717 42.06067791939717 -213.62915446993938 1677 1683 -1
1681 -37.714839069005436 18.702724149727356 -209.49384833922315 1678 1684 -1
1682 4.582914945578714 16.045616963219658 -231.1142972961204 1679 1685 -1
1683 -68.75237130273543 42.0434631690797 -213.5349210496447 1680 1686 -1
1684 -37.71799557489 18.57436454382712 -209.33748704394765 1681 1687 -1
1685 4.769525151592783 15.984229530479025 -231.12688232179542 1682 1688 -1
1686 -68.9159279516988 42.025376673476515 -213.44041228925408 1683 1689 -1
1687 -37.72377988413875 18.44598252180593 -209.18121924256508 1684 1690 -1
1688 4.953984518491044 15.915984697440473 -231.13510938287112 1685 1691 -1
1689 -69.07923273559673 42.00643990842275 -213.34563489258284 1686 1692 -1
1690 -37.73215144601173 18.31753486014669 -209.02512260019844 1687 1693 -1
1691 5.136075969800603 15.841308196155286 -231.1391490325751 1688 1694 -1
1692 -69.24228656132121 41.98667351918918 -213.2505951558998 1689 1695 -1
1693 -37.74305280623403 18.18897807246374 -208.8692721160304 1690 1696 -1
1694 5.31557873127272 15.760500675339141 -231.1391017724314 1691 1697 -1
1695 -69.40509092835391 41.966099194068384 -213.15529956466364 1692 1698 -1
1696 -37.75644580470894 18.06026733396654 -208.71374318826375 1693 1699 -1
1697 5.492220983158746 15.673714772498512 -231.13497204068014 1694 1700 -1
1698 -69.56764742171194 41.94473799826993 -213.05975427151515 1695 1701 -1
1699 -37.77228470394999 17.93135767058534 -208.55860934028118 1696 1702 -1
1700 5.665886180236556 15.581372020139847 -231.12695497209077 1697 1703 -1
1701 -69.72995779923413 41.92261071341111 -212.96396520741382 1698 1704 -1
1702 -37.790532393484945 17.802203004965744 -208.40394458967887 1699 1705 -1
1703 5.836391037503884 15.483700488001453 -231.11512055857685 1700 1706 -1
1704 -69.89202401672846 41.899737952109284 -212.8679381217357 1701 1707 -1
1705 -37.81115480025808 17.672756386450477 -208.2498232600857 1702 1708 -1
1706 6.003519702270908 15.380863151034754 -231.09949341151565 1703 1709 -1
1707 -70.05384821966557 41.876140161293065 -212.77167858701142 1704 1710 -1
1708 -37.83411583601935 17.542970755062264 -208.09631893297959 1705 1711 -1
1709 6.1671991625959155 15.273206069482999 -231.08023895476921 1706 1712 -1
1710 -70.21543254816204 41.851837086191686 -212.6751918287431 1707 1713 -1
1711 -37.859391773937844 17.412796741486982 -207.94350875705973 1708 1714 -1
1712 6.327214362524454 15.160850817011788 -231.05735879391358 1709 1715 -1
1713 -70.37677963502573 41.82684925643646 -212.5784832076166 1710 1716 -1
1714 -37.88694871258514 17.28218631784457 -207.7914672311069 1711 1717 -1
1715 6.483454946973339 15.044045345142813 -231.03095357193527 1712 1718 -1
1716 -70.53789220994678 41.801196825355596 -212.48155785108403 1713 1719 -1
1717 -37.91677080950982 17.151087542193494 -207.6402758282039 1714 1720 -1
1718 6.635794908598519 14.922994567651184 -231.00109582463816 1715 1721 -1
1719 -70.69877310265896 41.77489962213224 -212.38442067167148 1716 1722 -1
1720 -37.94882860545548 17.019450985480056 -207.49001209284964 1717 1723 -1
1721 6.784019789235441 14.797808248593524 -230.967780218354 1718 1724 -1
1722 -70.85942529643299 41.747977333895186 -212.28707642844554 1719 1725 -1
1723 -37.98311061964818 16.887222523886088 -207.34076249992594 1720 1726 -1
1724 6.928089417088033 14.668758592811752 -230.93114093122864 1721 1727 -1
1725 -71.0198519218982 41.720449511776074 -212.1895297316007 1722 1728 -1
1726 -38.01959509855007 16.75435024502288 -207.1926109435587 1723 1729 -1
1727 7.067721845418051 14.535893363164266 -230.89111585737646 1724 1730 -1
1728 -71.18005604699006 41.69233504872769 -212.09178486636876 1725 1731 -1
1729 -38.058270387105296 16.620779047887236 -207.0456484155939 1726 1732 -1
1730 7.202935967321634 14.399522772138594 -230.84784397395882 1727 1733 -1
1731 -71.34004127614597 41.663653771414204 -211.9938463345156 1728 1734 -1
1732 -38.09912663979396 16.486452606487948 -206.8999700938549 1729 1735 -1
1733 7.3335711610598615 14.259804212965397 -230.80130705279393 1730 1736 -1
1734 -71.49981116811675 41.634424913492985 -211.89571834358551 1731 1737 -1
1735 -38.14214996546526 16.35131574597673 -206.75567181203544 1732 1738 -1
1736 7.459598370874737 14.11698806324216 -230.75157707007705 1733 1739 -1
1737 -71.65936938862136 41.60466755076421 -211.79740495339323 1734 1740 -1
1738 -38.187337095887564 16.21530894309262 -206.6128599856606 1735 1741 -1
1739 7.580943883701885 13.971280478082278 -230.69868830322224 1736 1742 -1
1740 -71.81871972451886 41.57440065857749 -211.69891009712742 1737 1743 -1
1741 -38.23468295142501 16.078372772346256 -206.47164469992725 1738 1744 -1
1742 7.697495369660266 13.822863203188117 -230.64264710763376 1739 1745 -1
1743 -71.97786607946193 41.54364311999213 -211.6002375856633 1740 1746 -1
1744 -38.28418140047645 15.940448051804847 -206.33214012288494 1741 1747 -1
1745 7.809261587482445 13.671976341938295 -230.58353481439713 1742 1748 -1
1746 -72.13681237294067 41.51241351013723 -211.50139102754787 1743 1749 -1
1747 -38.33583135180951 15.80147308542041 -206.19447006639405 1744 1750 -1
1748 7.9160374679959435 13.518751442071949 -230.52129498960764 1745 1751 -1
1749 -72.29556276929635 41.48073065535518 -211.4023740354807 1746 1752 -1
1750 -38.38963307089742 15.661385185434952 -206.05876632383578 1747 1753 -1
1751 8.017891091719038 13.36344393861946 -230.45604033256018 1748 1754 -1
1752 -72.45412157280396 41.44861338572161 -211.30319014242434 1749 1755 -1
1753 -38.445587929370014 15.520120855374167 -205.92516942244742 1750 1756 -1
1754 8.114584957139025 13.206179431122917 -230.38769574147713 1751 1757 -1
1755 -72.61249311654296 41.41608030194645 -211.20384271222233 1752 1758 -1
1756 -38.503698111818544 15.377616037108037 -205.79382940783825 1753 1759 -1
1757 8.206149471057206 13.047189042895448 -230.31634764608177 1754 1760 -1
1758 -72.77068183240974 41.383149957548675 -211.10433500729482 1755 1761 -1
1759 -38.56396627189881 15.233806433839538 -205.664906655582 1756 1762 -1
1760 8.292413948760814 12.88663310420483 -230.24196396582954 1757 1763 -1
1761 -72.92869224824146 41.349840868809075 -211.00467019270556 1758 1764 -1
1762 -38.626395128816185 15.088627922310295 -205.53857270195866 1759 1765 -1
1763 8.373280255656278 12.724703041858529 -230.1645577492291 1760 1766 -1
1764 -73.08652898514818 41.31617152501358 -210.90485134019806 1761 1767 -1
1765 -38.690986994476916 14.942017068895158 -205.4150110823862 1762 1768 -1
1766 8.448689624274866 12.561598820844766 -230.08416450813235 1763 1769 -1
1767 -73.24419675504296 41.28216039898787 -210.80488143220776 1764 1770 -1
1768 -38.7577398108198 14.793916364005819 -205.29441052461542 1765 1771 -1
1769 8.518382814274677 12.397490360553668 -230.00071548026466 1766 1772 -1
1770 -73.40170035835845 41.247825957925386 -210.70476336585307 1767 1773 -1
1771 -38.826592788204564 14.644342301385239 -205.17684698434755 1768 1774 -1
1772 8.582375609988064 12.232601979938405 -229.91429249978998 1769 1775 -1
1773 -73.55904468193926 41.213186674511796 -210.60449995691255 1770 1776 -1
1774 -38.897419198992885 14.493379269969408 -205.06226869912643 1771 1777 -1
1775 8.640419960413547 12.067126947705257 -229.8248433987347 1772 1778 -1
1776 -73.7162346794539 41.178261006690626 -210.5040939272512 1773 1779 -1
1777 -38.97009603531152 14.341104247317194 -204.95062243129658 1774 1780 -1
1778 8.692388020176523 11.901287687924091 -229.73238538478054 1775 1781 -1
1779 -73.87327541665758 41.143067496497444 -210.40354795226526 1776 1782 -1
1780 -39.044483648345455 14.18760034322196 -204.84182155649435 1777 1783 -1
1781 8.738186341654343 11.735312462640753 -229.6369566254344 1778 1784 -1
1782 -74.03017204884843 41.10762473798298 -210.3028646467809 1779 1785 -1
1783 -39.120447452401216 14.032941203404029 -204.73578030507957 1780 1786 -1
1784 8.77750136308753 11.569444070437564 -229.5384993426244 1781 1787 -1
1785 -74.18692978975993 41.07195133904744 -210.2020465408197 1782 1788 -1
1786 -39.19783862781693 13.877205114188575 -204.63237979236294 1783 1789 -1
1787 8.810263782998328 11.403939186785786 -229.43707984412856 1784 1790 -1
1788 -74.34355393109543 41.03606597297732 -210.10109610295004 1785 1791 -1
1789 -39.2765116873458 13.72046232705579 -204.53149795503393 1786 1792 -1
1790 8.836317197055108 11.23907193683769 -229.332718668461 1787 1793 -1
1791 -74.5 41.0 -210.0 1788 -1 -1
1792 -39.35631879069927 13.562779265367766 -204.43299988465063 1789 1794 -1
1793 8.855354079132272 11.075185110919103 -229.22534163968118 1790 1795 -1
1794 -39.43710730451023 13.404221260676959 -204.33673122997766 1792 1796 -1
1795 8.867263684234965 10.91262786932763 -229.1149625247564 1793 1797 -1
1796 -39.51872650690324 13.244847515915428 -204.24253206197724 1794 1798 -1
1797 8.871866520692777 10.75177758365217 -229.00157881042279 1795 1799 -1
1798 -39.601025875126545 13.08471279196944 -204.15023398268724 1796 1800 -1
1799 8.868913067939488 10.593058396918915 -228.88517633060638 1797 1801 -1
1800 -39.68385508304025 12.923867878802668 -204.0596604883967 1798 1802 -1
1801 8.858086432572277 10.43696056649904 -228.76573744436317 1799 1803 -1
1802 -39.76706375910252 12.76236124942934 -203.97062506294213 1800 1804 -1
1803 8.839268500997159 10.283944785272498 -228.64334380311368 1801 1805 -1
1804 -39.850503582781485 12.600237006037748 -203.8829383400418 1802 1806 -1
1805 8.812236832679885 10.134542854904854 -228.51806082923062 1803 1807 -1
1806 -39.93402755882473 12.437536350314597 -203.79640671032558 1804 1808 -1
1807 8.776788015026822 9.989324348410003 -228.38998922634636 1805 1809 -1
1808 -40.017490026775604 12.274297809617128 -203.71083387124722 1806 1810 -1
1809 8.732707642731938 9.848918213668346 -228.25925917290806 1807 1811 -1
1810 -40.10074648458219 12.110558111250999 -203.62602106506682 1808 1812 -1
1811 8.679847482579927 9.713975566259947 -228.12605802199178 1809 1813 -1
1812 -40.18365447909515 11.946353591741222 -203.54176733163806 1810 1814 -1
1813 8.618203635552673 9.585102253217036 -227.99064559622607 1811 1815 -1
1814 -40.26607300858593 11.781719354002309 -203.4578727062044 1812 1816 -1
1815 8.547780922735562 9.462936591240304 -227.85331337982197 1813 1817 -1
1816 -40.34786258415848 11.616690518697895 -203.37413802522127 1814 1818 -1
1817 8.468670452543954 9.348092592421613 -227.71440246205634 1815 1819 -1
1818 -40.42888365487514 11.451302294188103 -203.29036540061233 1816 1820 -1
1819 8.381046421782289 9.241148887285718 -227.5742961923458 1817 1821 -1
1820 -40.50900020052823 11.28559222123923 -203.20635935881552 1818 1822 -1
1821 8.285077675810372 9.142735181775263 -227.43340962326042 1819 1823 -1
1822 -40.58808231725946 11.119594804816723 -203.12194163465685 1820 1824 -1
1823 8.181265697082411 9.05314713846031 -227.29220047990339 1821 1825 -1
1824 -40.66604319064216 10.953303945574497 -203.03705985265492 1822 1826 -1
1825 8.070097199032162 8.972661919541737 -227.15110594183093 1823 1827 -1
1826 -40.74281865541445 10.786691412976799 -202.95172965115864 1824 1828 -1
1827 7.95236129227922 8.901361037427142 -227.01039042119848 1825 1829 -1
1828 -40.81834868562722 10.619731033495896 -202.8659690353202 1826 1830 -1
1829 7.829433992156839 8.838624164913691 -226.8700317383492 1827 1831 -1
1830 -40.89256876314052 10.4523966842642 -202.77979467992915 1828 1832 -1
1831 7.702392967508792 8.784035263717698 -226.72992458393344 1829 1833 -1
1832 -40.96541439558057 10.284663560386958 -202.6932237801008 1830 1834 -1
1833 7.572195219365702 8.737200130134916 -226.58990588532765 1831 1835 -1
1834 -41.03682450747901 10.11650925450872 -202.6062748414367 1832 1836 -1
1835 7.439687560521622 8.69775261835033 -226.44977488786824 1833 1837 -1
1836 -41.10672986871886 9.947910407546164 -202.51896478935893 1834 1838 -1
1837 7.305623444051305 8.665411592126565 -226.30930283072954 1835 1839 -1
1838 -41.175069331912184 9.77884754941504 -202.4313130674465 1836 1840 -1
1839 7.170690246664047 8.640025457026558 -226.16823384530585 1837 1841 -1
1840 -41.24177476838569 9.609300709638418 -202.3433381123432 1838 1842 -1
1841 7.035556993373081 8.621349845989867 -226.0263103930352 1839 1843 -1
1842 -41.30677997791074 9.439252116280425 -202.25505948059882 1840 1844 -1
1843 6.900888331590876 8.609494934296212 -225.88321668142763 1841 1845 -1
1844 -41.37001904641391 9.268685765898173 -202.1664974162011 1842 1846 -1
1845 6.7673361977228925 8.604255474646317 -225.7386892272937 1843 1847 -1
1846 -41.43142151823786 9.097586086295609 -202.0776722343882 1844 1848 -1
1847 6.635687690754117 8.605969113032268 -225.59234361729852 1845 1849 -1
1848 -41.490922913036485 8.925941049262349 -201.98860584950796 1846 1850 -1
1849 6.506676740399631 8.614554297551244 -225.4439090866502 1847 1851 -1
1850 -41.54844956078588 8.753737885086142 -201.89931986477364 1848 1852 -1
1851 6.381320388644835 8.63046285071648 -225.2929718124266 1849 1853 -1
1852 -41.60393758960331 8.580968532363727 -201.8098378101144 1850 1854 -1
1853 6.260665436569256 8.653910625082977 -225.13922024106154 1851 1855 -1
1854 -41.65731143389793 8.40762370238706 -201.72018299337714 1852 1856 -1
1855 6.146016389028251 8.68530880285253 -224.98232921009944 1853 1857 -1
1856 -41.70850693973088 8.233699283067432 -201.6303805740582 1854 1858 -1
1857 6.039036900215727 8.725215505860605 -224.8219991686599 1855 1859 -1
1858 -41.75744829980263 8.059190197175012 -201.5404558637291 1856 1860 -1
1859 5.941747325366941 8.774200840702143 -224.65806733652818 1857 1861 -1
1860 -41.80407007677235 7.884096255315605 -201.45043572616663 1858 1862 -1
1861 5.856485118904413 8.83274033618726 -224.49062862381138 1859 1863 -1
1862 -41.848298291800816 7.708417348514956 -201.36034764281553 1860 1864 -1
1863 5.786082962932205 8.901263349836274 -224.3201193698178 1861 1865 -1
1864 -41.89006503853981 7.532157169408079 -201.27022031652737 1862 1866 -1
1865 5.7329412006433245 8.979640551900777 -224.1476222673696 1863 1867 -1
1866 -41.929300758093675 7.3553213286681425 -201.1800834040243 1864 1868 -1
1867 5.697518691395441 9.066703852753045 -223.97474321532164 1865 1869 -1
1868 -41.965933601205876 7.177917340482646 -201.08996765149345 1866 1870 -1
1869 5.6796122175055475 9.161049616916307 -223.8029790806771 1867 1871 -1
1870 -42.0 7.0 -201.0 1868 -1 -1
1871 5.678524725754586 9.261198624300247 -223.6335722885779 1869 1872 -1
1872 5.6932611997854226 9.365729210101804 -223.46746721767434 1871 1873 -1
1873 5.72259484351281 9.473331466428519 -223.305296440273 1872 1874 -1
1874 5.765144200740647 9.582855694442626 -223.14738996888264 1873 1875 -1
1875 5.819672358031676 9.693353748966466 -222.99389800205248 1874 1876 -1
1876 5.885037545624082 9.804035364629001 -222.84482682372638 1875 1877 -1
1877 5.96021907685389 9.91424371420967 -222.70008805427148 1876 1878 -1
1878 6.044412164168432 10.023412233008608 -222.55958018519885 1877 1879 -1
1879 6.136784156339797 10.131069274819122 -222.42310177917165 1878 1880 -1
1880 6.23666427873812 10.236804131268759 -222.29046103493312 1879 1881 -1
1881 6.343496769484161 10.340245024329903 -222.16147535505368 1880 1882 -1
1882 6.456922011491224 10.440991129635307 -222.0360319606385 1881 1883 -1
1883 6.576477815277165 10.538717282954584 -221.91393809301456 1882 1884 -1
1884 6.701803845063798 10.633096651663406 -221.79503806363476 1883 1885 -1
1885 6.8327341599715465 10.723693808400693 -221.6792756281236 1884 1886 -1
1886 6.968976314875349 10.810155912661614 -221.56652184266798 1885 1887 -1
1887 7.110306811416082 10.892115792351813 -221.45670614581496 1886 1888 -1
1888 7.256633158889105 10.969207847384258 -221.3499506587472 1887 1889 -1
1889 7.407698864328938 11.041269526400653 -221.24633122794035 1888 1890 -1
1890 7.563297618875123 11.108088135791299 -221.14595685792523 1889 1891 -1
1891 7.723283409173336 11.169357391103041 -221.04899525311023 1890 1892 -1
1892 7.887465243770162 11.224789825490307 -220.95560388877828 1891 1893 -1
1893 8.055596083341888 11.274152876954874 -220.86590971758443 1892 1894 -1
1894 8.227462249576732 11.317132226843277 -220.78009344090438 1893 1895 -1
1895 8.402832258053197 11.353386686440365 -220.69835681585715 1894 1896 -1
1896 8.58147111030639 11.382491588294322 -220.62095840835016 1895 1897 -1
1897 8.763040797680047 11.40416083921114 -220.54808040194177 1896 1898 -1
1898 8.947205547464213 11.418013944658666 -220.47997135747767 1897 1899 -1
1899 9.13358149540588 11.42366454662521 -220.4168942061433 1898 1900 -1
1900 9.321729894840116 11.420729039103072 -220.3591227219337 1899 1901 -1
1901 9.51115145643887 11.40883779863767 -220.30693626091917 1900 1902 -1
1902 9.701282742483718 11.387649077544207 -220.26061253774776 1901 1903 -1
1903 9.89149571466831 11.356865299258414 -220.2204183476591 1902 1904 -1
1904 10.081101603648603 11.316251074046182 -220.18659836896353 1903 1905 -1
1905 10.269360152737647 11.265651753930673 -220.15936249413443 1904 1906 -1
1906 10.455494915250325 11.205010848756707 -220.13887250714214 1905 1907 -1
1907 10.63871276774262 11.134379341209652 -220.12523273119956 1906 1908 -1
1908 10.818201341280409 11.053867580928804 -220.1185205943299 1907 1909 -1
1909 10.9932276733087 10.963822622157965 -220.1186557533861 1908 1910 -1
1910 11.163114464663918 10.864659602496351 -220.12550970114486 1909 1911 -1
1911 11.327283278228574 10.756898093585765 -220.13887328967388 1910 1912 -1
1912 11.485204644067272 10.64105941387773 -220.1585296973825 1911 1913 -1
1913 11.63645690622081 10.517738037290155 -220.1841971221226 1912 1914 -1
1914 11.780899135707129 10.387711656032165 -220.21542404033826 1913 1915 -1
1915 11.918201487228876 10.251481027288472 -220.2519704668665 1914 1916 -1
1916 12.048435788858908 10.109801535606946 -220.29335602429498 1915 1917 -1
1917 12.171637277630234 9.963282278872885 -220.3391984166027 1916 1918 -1
1918 12.28786822248259 9.812467972813451 -220.3891493522778 1917 1919 -1
1919 12.397229563324988 9.657859002572831 -220.4428795843766 1918 1920 -1
1920 12.5 9.5 -220.5 1919 -1 -1
