0 79.5 -153.5 1367.5 -1 1 -1
1 79.35870550206046 -153.6115982034818 1367.4100676498183 0 2 -1
2 79.21073546324628 -153.7092136968604 1367.3148145693756 1 3 -1
3 79.05716797892364 -153.79248447215184 1367.2149120709978 2 4 -1
4 78.89928509456242 -153.86179273257517 1367.111126637738 3 5 -1
5 78.73838552149031 -153.9183543893791 1367.004261586088 4 6 -1
6 78.57569935834839 -153.96461344698616 1366.8951459283858 5 7 -1
7 78.41212604528619 -154.0032671565751 1366.7843876876423 6 8 -1
8 78.2483441074033 -154.0375187017223 1366.672483180478 7 9 -1
9 78.08484626587361 -154.07063787751648 1366.5598216262435 8 10 -1
10 77.9220909650736 -154.10593698058466 1366.4467535293024 9 11 -1
11 77.76055180791576 -154.14642451753787 1366.3336919698295 10 12 -1
12 77.60087507645265 -154.19487063922824 1366.2211260993863 11 13 -1
13 77.44317994512174 -154.25081139020233 1366.109236550603 12 14 -1
14 77.28740130604999 -154.31311863955435 1365.998021574953 13 15 -1
15 77.13331031058249 -154.38046668222094 1365.8873907751754 14 16 -1
16 76.98066533937973 -154.45176565247573 1365.7772278762818 15 17 -1
17 76.82923695345643 -154.52611768667109 1365.6674020236421 16 18 -1
18 76.67871470849862 -154.60253623996564 1365.5577476713793 17 19 -1
19 76.52881983177267 -154.6801921247688 1365.448102178332 18 20 -1
20 76.37927269184904 -154.75828914388003 1365.3382949144832 19 21 -1
21 76.22978699598445 -154.83602461437073 1365.228148248384 20 22 -1
22 76.08008436279634 -154.9126145430454 1365.1174958067213 21 23 -1
23 75.92990010997895 -154.98726295996858 1365.00617264784 22 24 -1
24 75.77896987089848 -155.05909250975284 1364.8940091892568 23 25 -1
25 75.62705188043861 -155.12718446139527 1364.780855751585 24 26 -1
26 75.47395257161931 -155.1906259040444 1364.6666011708699 25 27 -1
27 75.31954024490659 -155.24851915228172 1364.5511754520328 26 28 -1
28 75.16387696033632 -155.30057606257301 1364.4346556112453 27 29 -1
29 75.00711136937998 -155.3468818733513 1364.3171898660148 28 30 -1
30 74.8493421618831 -155.3872648503988 1364.198885212973 29 31 -1
31 74.69071438338612 -155.42183447887388 1364.0798891108507 30 32 -1
32 74.53134802436242 -155.45057193366233 1363.9603296265966 31 33 -1
33 74.37136609198312 -155.47350746539857 1363.8403386800885 32 34 -1
34 74.2108945439651 -155.4907633954992 1363.7200504186203 33 35 -1
35 74.0500427805927 -155.50234219296442 1363.599588939634 34 36 -1
36 73.88892648285442 -155.5084554987176 1363.4790792832976 35 37 -1
37 73.72764312490904 -155.5091043911058 1363.3586390417577 36 38 -1
38 73.56628989652351 -155.50455759783463 1363.238376150667 37 39 -1
39 73.40495159266379 -155.49482160189507 1363.11840097251 38 40 -1
40 73.2436980165333 -155.4802906075911 1362.9987961495247 39 41 -1
41 73.08257649725613 -155.46124007356292 1362.8796470812715 40 42 -1
42 72.92160151037784 -155.43827667453823 1362.7609895907149 41 43 -1
43 72.76077707405311 -155.41170996085583 1362.6428800524316 42 44 -1
44 72.60007893019072 -155.3820991153527 1362.5253229831128 43 45 -1
45 72.43947536572595 -155.34979495214975 1362.4083464774628 44 46 -1
46 72.27891689375672 -155.31527611876422 1362.2919413297543 45 47 -1
47 72.11834523671136 -155.27893251727298 1362.1761106185088 46 48 -1
48 71.95769295906149 -155.24118519269138 1362.0608415370043 47 49 -1
49 71.79688640589724 -155.20244468056637 1361.9461180722653 48 50 -1
50 71.63584329770937 -155.16310794220072 1361.8319303730996 49 51 -1
51 71.47448672732412 -155.1235808265729 1361.7182520257468 50 52 -1
52 71.31274194609571 -155.08391764359374 1361.6051745081204 51 53 -1
53 71.15059058858337 -155.04365095819927 1361.4928957797908 52 54 -1
54 70.98799375157981 -155.00220416089826 1361.3816966621896 53 55 -1
55 70.82495589354427 -154.95908515105012 1361.271787579464 54 56 -1
56 70.66146441124951 -154.91367845883022 1361.1634868603996 55 57 -1
57 70.49755605021134 -154.8655170664855 1361.0570233892831 56 58 -1
58 70.33326685306481 -154.81396201534344 1360.9527612395855 57 59 -1
59 70.16868531423594 -154.75858913904315 1360.8509487790811 58 60 -1
60 70.00391817370324 -154.69875332151707 1360.7520051041074 59 61 -1
61 69.83912118607793 -154.6341109074495 1360.656186666312 60 62 -1
62 69.67449165780262 -154.56404572393566 1360.56396341535 61 63 -1
63 69.51025710390694 -154.4883356173354 1360.4755804449132 62 64 -1
64 69.34668652595174 -154.4065926387834 1360.3914420543822 63 65 -1
65 69.1838831093543 -154.31951485366517 1360.3112548597305 64 66 -1
66 69.02187694994868 -154.22778659077395 1360.2347153250894 65 67 -1
67 68.86061963974517 -154.13219190962388 1360.161388462924 66 68 -1
68 68.70002693141538 -154.03341734083486 1360.0908668596314 67 69 -1
69 68.53999434614785 -153.93204402461626 1360.0227989092302 68 70 -1
70 68.38036906199063 -153.8287220066689 1359.9567316948273 69 71 -1
71 68.22099964480074 -153.72397342365014 1359.8923115950536 70 72 -1
72 68.06171180768273 -153.61833899114077 1359.8291471272091 71 73 -1
73 67.9023260105143 -153.51233945952964 1359.7668466034293 72 74 -1
74 67.7426500562309 -153.40648324338255 1359.7050473209235 73 75 -1
75 67.5824965786423 -153.30128373655302 1359.6433630167191 74 76 -1
76 67.42168412788686 -153.19724753089005 1359.581421778925 75 77 -1
77 67.26002350662054 -153.094902336851 1359.5188752515194 76 78 -1
78 67.09753855153389 -152.9942269418098 1359.455756953669 77 79 -1
79 66.9342795119818 -152.89507424909246 1359.3922264928613 78 80 -1
80 66.77030820767 -152.79725859269075 1359.3284576764006 79 81 -1
81 66.6056935212088 -152.70057057066492 1359.2646263663273 80 82 -1
82 66.44047877173003 -152.60483386060596 1359.2009112693286 81 83 -1
83 66.27473993061326 -152.50981438956774 1359.1374841145046 82 84 -1
84 66.10851740202448 -152.4153210051533 1359.0745385168952 83 85 -1
85 65.9418847191183 -152.32112340691472 1359.0122373718063 84 86 -1
86 65.77489146711488 -152.22700917283873 1358.9507815862391 85 87 -1
87 65.60760696039863 -152.1327595581883 1358.8903339311555 86 88 -1
88 65.44009248963198 -152.03815264923537 1358.831093789285 87 89 -1
89 65.2724197226414 -151.94297734214064 1358.7732284135298 88 90 -1
90 65.1046619955718 -151.8470171674429 1358.716927431736 89 91 -1
91 64.93689895400738 -151.75006621628313 1358.6623673904467 90 92 -1
92 64.76921571273024 -151.65192943081993 1358.609716507901 91 93 -1
93 64.60170547475236 -151.5524019205582 1358.5591685206798 92 94 -1
94 64.43446197836354 -151.4513303130987 1358.510851435682 93 95 -1
95 64.26759901919306 -151.34850125791456 1358.4649906896584 94 96 -1
96 64.10121203318386 -151.24382157775435 1358.421658276114 95 97 -1
97 63.93539192478164 -151.13719958212005 1358.380968941 96 98 -1
98 63.77017292467771 -151.0287183702338 1358.3428285457358 97 99 -1
99 63.605596969609316 -150.91842213093233 1358.307195127946 98 100 -1
100 63.44171755148547 -150.8063205907892 1358.2740733340345 99 101 -1
101 63.27855630194141 -150.69249845462303 1358.243361874421 100 102 -1
102 63.1161603940143 -150.57697090576187 1358.2150551526752 101 103 -1
103 62.954571915924625 -150.4597640256697 1358.189131560859 102 104 -1
104 62.793812554061205 -150.34094029393756 1358.165516502931 103 105 -1
105 62.633925527626644 -150.22051532105232 1358.144201159689 104 106 -1
106 62.47495559118003 -150.09850255019845 1358.1251794999594 105 107 -1
107 62.31692010770897 -149.9749591863322 1358.1083813820426 106 108 -1
108 62.15985322854085 -149.84990995168107 1358.0937828049941 107 109 -1
109 62.00381477999288 -149.7233418471773 1358.0814149521252 108 110 -1
110 61.84881600840469 -149.59531247630093 1358.0712049333404 109 111 -1
111 61.69488979374302 -149.46584462497302 1358.0631303997966 110 112 -1
112 61.54207906337036 -149.33494758707806 1358.0571889374519 111 113 -1
113 61.390431847352225 -149.20262562427249 1358.0533858669564 112 114 -1
114 61.23996401851718 -149.06892118436375 1358.05166898695 113 115 -1
115 61.09071188473073 -148.9338504750803 1358.052025302966 114 116 -1
116 60.94272519020971 -148.7974156757925 1358.0544634278326 115 117 -1
117 60.7960484304685 -148.6596261634448 1358.058981472598 116 118 -1
118 60.65070265670523 -148.52051484885953 1358.065541452346 117 119 -1
119 60.50672773530654 -148.38009486864638 1358.0741359067786 118 120 -1
120 60.36417899486219 -148.23836612826253 1358.084778618126 119 121 -1
121 60.223105857000185 -148.09533590876148 1358.097472690092 120 122 -1
122 60.08353228130785 -147.95103385286112 1358.112186327909 121 123 -1
123 59.94550326047864 -147.80547130774067 1358.1289170570203 122 124 -1
124 59.809082684170264 -147.65864623527312 1358.147684943756 123 125 -1
125 59.67432533472282 -147.51056611286222 1358.1684960354055 124 126 -1
126 59.54125947934549 -147.36125879453792 1358.1913238818165 125 127 -1
127 59.409936772209385 -147.21073524783597 1358.2161703791899 126 128 -1
128 59.28043894604358 -147.0589883851036 1358.2430692622409 127 129 -1
129 59.152814506950314 -146.9060359081644 1358.2720144889427 128 130 -1
130 59.02710311253661 -146.7519016489535 1358.3029905061674 129 131 -1
131 58.903364567875556 -146.59659786120588 1358.336002809792 130 132 -1
132 58.781716374093996 -146.44010712354992 1358.3711118846768 131 133 -1
133 58.662172325084484 -146.28247311559662 1358.4082724019195 132 134 -1
134 58.544798463397946 -146.1237108736509 1358.4474910592194 133 135 -1
135 58.42970466448616 -145.96381673258796 1358.4888123381013 134 136 -1
136 58.316951551677015 -145.80281505230198 1358.5322321854571 135 137 -1
137 58.20658928132765 -145.64073620304393 1358.577736878102 136 138 -1
138 58.09873287610518 -145.47758457315987 1358.62536665553 137 139 -1
139 57.993468090698414 -145.31338160414955 1358.6751330536065 138 140 -1
140 57.890839647046505 -145.14816710101292 1358.72701291497 139 141 -1
141 57.79098577846375 -144.98194869575738 1358.7810551922062 140 142 -1
142 57.693984307228774 -144.81476072003602 1358.837257818299 141 143 -1
143 57.59988992994794 -144.64664699320986 1358.8956005615537 142 144 -1
144 57.50888716831841 -144.4776158659454 1358.9561544582384 143 145 -1
145 57.42094725557624 -144.3077532038766 1359.0188682180883 144 146 -1
146 57.3360106826833 -144.13717697204333 1359.083748128383 145 147 -1
147 57.25400284101587 -143.9660118048511 1359.1508089878953 146 148 -1
148 57.17473729687642 -143.79439721624985 1359.2199860320238 147 149 -1
149 57.098167353012435 -143.62244531295102 1359.291328305697 148 150 -1
150 57.02409075066809 -143.45028300557345 1359.3647651377605 149 151 -1
151 56.95239132188392 -143.27802174121706 1359.4402998959679 150 152 -1
152 56.88293281341613 -143.10577133019083 1359.5179248450268 151 153 -1
153 56.815521490437604 -142.93363377328123 1359.5975790530247 152 154 -1
154 56.75006857015988 -142.7617148413396 1359.6793119953606 153 155 -1
155 56.68635435964503 -142.5901015171915 1359.7630368865248 154 156 -1
156 56.62424606738761 -142.41888782810645 1359.8487630782488 155 157 -1
157 56.563586155300136 -142.24816157701187 1359.9364757273122 156 158 -1
158 56.50419009134843 -142.07799416311272 1360.0261183388905 157 159 -1
159 56.44592917884304 -141.90848051761347 1360.1177232627422 158 160 -1
160 56.388618521476886 -141.73968109070364 1360.2112268193416 159 161 -1
161 56.33209948919699 -141.57166340794453 1360.306601771232 160 162 -1
162 56.276232224046765 -141.40451962018977 1360.4038773742645 161 163 -1
163 56.22084286856152 -141.23829082132278 1360.502976941788 162 164 -1
164 56.16578264891225 -141.07304116662291 1360.6038812608315 163 165 -1
165 56.11090521673316 -140.90886011824156 1360.7066129968512 164 166 -1
166 56.05605768793072 -140.74577958685967 1360.811098443759 165 167 -1
167 56.001098552885985 -140.58385774870106 1360.9173130775855 166 168 -1
168 55.945883697277765 -140.42317376987071 1361.025260820619 167 169 -1
169 55.89036169578591 -140.26374260215354 1361.1348953804534 168 170 -1
170 55.83463899264084 -140.1055255186754 1361.2461746355134 169 171 -1
171 55.77883513535185 -139.9484887614134 1361.359073584134 170 172 -1
172 55.72307011371743 -139.79261955474135 1361.4735980722055 171 173 -1
173 55.66746203909337 -139.63787187608202 1361.5897087255337 172 174 -1
174 55.612125172529474 -139.48421102450547 1361.7073817929688 173 175 -1
175 55.557173416351276 -139.33160998137603 1361.8266043645804 174 176 -1
176 55.50272481739872 -139.18005054972187 1361.9473764824736 175 177 -1
177 55.4489010230092 -139.02951621683195 1362.0697006926987 176 178 -1
178 55.39581001842875 -138.8799712723138 1362.1935490389722 177 179 -1
179 55.34356835438513 -138.7313967758689 1362.3189171836352 178 180 -1
180 55.2922944250225 -138.58377598824833 1362.4458023601967 179 181 -1
181 55.24212864357492 -138.4371096152728 1362.5742278872842 180 182 -1
182 55.19318634891941 -138.29137559866908 1362.7041776267333 181 183 -1
183 55.14558872149592 -138.14655965350548 1362.835644139976 182 184 -1
184 55.099466623173136 -138.00265535768435 1362.9686288589241 183 185 -1
185 55.05497774836253 -137.85967098902995 1363.103153274602 184 186 -1
186 55.01226510162176 -137.71760540189783 1363.2392177091663 185 187 -1
187 54.97145606854971 -137.57645177995812 1363.3768066917926 186 188 -1
188 54.93270176549637 -137.43621717631223 1363.5159210722752 187 189 -1
189 54.89621809069547 -137.2969360741106 1363.6565983548678 188 190 -1
190 54.862127790027024 -137.15860519653043 1363.798804746908 189 191 -1
191 54.830595243299214 -137.02124213823893 1363.9425311786217 190 192 -1
192 54.801863973802966 -136.88489759943624 1364.0878060798648 191 193 -1
193 54.77596719428798 -136.74958889986965 1364.234574568094 192 194 -1
194 54.75286058427285 -136.61534458409514 1364.3827795355774 193 195 -1
195 54.732586690782696 -136.48222939103317 1364.5324107816223 194 196 -1
196 54.7150095231643 -136.35023552051518 1364.683370525333 195 197 -1
197 54.700132769950564 -136.2194108807277 1364.8356328401524 196 198 -1
198 54.68787868716109 -136.08976768825562 1364.9891344121781 197 199 -1
199 54.678170294132 -135.96131601749047 1365.1438154204404 198 200 -1
200 54.67097902212768 -135.83408762071707 1365.2996408759443 199 201 -1
201 54.66616725243429 -135.70805876252842 1365.4565293243284 200 202 -1
202 54.66373710296065 -135.58327477627705 1365.6144644721705 201 203 -1
203 54.66352089476317 -135.45969007901306 1365.7733583565732 202 204 -1
204 54.665504960594966 -135.33734006048795 1365.9331928557617 203 205 -1
205 54.669539294453415 -135.2161818184136 1366.093894358573 204 206 -1
206 54.675575974064216 -135.09622918749542 1366.255435465775 205 207 -1
207 54.68348922706388 -134.97744728856347 1366.417758881641 206 208 -1
208 54.69320034624318 -134.85982809075492 1366.5808297359322 207 209 -1
209 54.70460524770134 -134.743345272408 1366.7446052321918 208 210 -1
210 54.71759943559853 -134.62796974998963 1366.9090449083042 209 211 -1
211 54.732099357970014 -134.5136852576707 1367.0741194898985 210 212 -1
212 54.747978459308925 -134.40044182914224 1367.2397836926393 211 213 -1
213 54.76517282213068 -134.28823526673125 1367.4060212503807 212 214 -1
214 54.783542991550696 -134.17699953458794 1367.5727847394319 213 215 -1
215 54.803026052482586 -134.0667297613431 1367.7400627359916 214 216 -1
216 54.823495520079895 -133.95736445858176 1367.9078161034422 215 217 -1
217 54.84486695493361 -133.84888185525492 1368.0760295633543 216 218 -1
218 54.86704754469631 -133.74129316300062 1368.2447117536249 217 219 -1
219 54.8899369488785 -133.63462161887165 1368.413881057514 218 220 -1
220 54.913468786135184 -133.52893762198585 1368.5835812123291 219 221 -1
221 54.93753675589466 -133.42424840553173 1368.7538218902846 220 222 -1
222 54.96206528478894 -133.32061052926704 1368.9246391251713 221 223 -1
223 54.98697003010864 -133.21806615441315 1369.096060779468 222 224 -1
224 55.01216281179733 -133.11663706191953 1369.2681027542735 223 225 -1
225 55.03756763000303 -133.01639843407523 1369.4408099671753 224 226 -1
226 55.06309733317209 -132.91736525111224 1369.6141928146903 225 227 -1
227 55.08867155807936 -132.81958273180462 1369.788277515638 226 228 -1
228 55.11420765857642 -132.72312267958506 1369.9631039883195 227 229 -1
229 55.13962555595709 -132.62799638573728 1370.1386768369093 228 230 -1
230 55.16484161286274 -132.53427274285562 1370.3150313686267 229 231 -1
231 55.18977258665175 -132.4420025094111 1370.4921909493928 230 232 -1
232 55.21434213344236 -132.3512110422391 1370.6701631376015 231 233 -1
233 55.2384566624612 -132.26198925789666 1370.8489892838209 232 234 -1
234 55.26204080338521 -132.17436227678863 1371.0286725822266 233 235 -1
235 55.28501434681592 -132.088377578572 1371.2092262535255 234 236 -1
236 55.30727399216964 -132.00413756121176 1371.3906894055922 235 237 -1
237 55.32875578536085 -131.92164917878455 1371.5730486509926 236 238 -1
238 55.34936266731828 -131.8409978193561 1371.7563281686255 237 239 -1
239 55.36900300259828 -131.76225369797572 1371.940540664216 238 240 -1
240 55.387608660381304 -131.68544357662836 1372.1256747621285 239 241 -1
241 55.40506219559331 -131.61068645436197 1372.311758895047 240 242 -1
242 55.421341391135506 -131.53797418504453 1372.4987574294335 241 243 -1
243 55.43645791984592 -131.4673006121027 1372.6866332149684 242 244 -1
244 55.45041169075387 -131.39868570564 1372.8753602118036 243 245 -1
245 55.463253993789756 -131.3320579057812 1373.0648764755554 244 246 -1
246 55.47498335440306 -131.2674394955724 1373.2551591783526 245 247 -1
247 55.4856355580503 -131.20478549968578 1373.4461608491233 246 248 -1
248 55.49524680794646 -131.144049057477 1373.637836067101 247 249 -1
249 55.503811474116816 -131.08526068504077 1373.8301672275875 248 250 -1
250 55.511389387696035 -131.02832857460038 1374.0230972681798 249 251 -1
251 55.51799775895361 -130.9732398077121 1374.2165973526953 250 252 -1
252 55.52365442779241 -130.91998055973193 1374.410639094829 251 253 -1
253 55.52840849870237 -130.86847605332082 1374.605178138164 252 254 -1
254 55.53227643109087 -130.81871415388366 1374.8001898755526 253 255 -1
255 55.53528646760071 -130.77065959119497 1374.9956444633601 254 256 -1
256 55.53748208281271 -130.724245723085 1375.1915060068168 255 257 -1
257 55.538884421077604 -130.67945009840503 1375.3877513386988 256 258 -1
258 55.53951884981801 -130.63624171248733 1375.5843562468367 257 259 -1
259 55.53942870547975 -130.59455142469173 1375.781289671103 258 260 -1
260 55.53864329365454 -130.55433816631015 1375.978528559866 259 261 -1
261 55.53717703396392 -130.51559626874268 1376.1760578811193 260 262 -1
262 55.53507438965474 -130.4782731465264 1376.3738544083662 261 263 -1
263 55.53236535822908 -130.4423522577604 1376.5719030402445 262 264 -1
264 55.529078419395624 -130.40781927507703 1376.7701897194497 263 265 -1
265 55.52523255238828 -130.3746833375097 1376.9687046250403 264 266 -1
266 55.52086458165415 -130.34290792688074 1377.1674310251096 265 267 -1
267 55.516003750889986 -130.312472914234 1377.3663556805427 266 268 -1
268 55.5106771160218 -130.28336236158793 1377.5654665789648 267 269 -1
269 55.504911336395175 -130.25556002234677 1377.7647521864637 268 270 -1
270 55.498730529785746 -130.2290563740468 1377.9642022785686 269 271 -1
271 55.492159916653925 -130.20383781443783 1378.1638064801498 270 272 -1
272 55.485228640362905 -130.17987522281086 1378.3635531452153 271 273 -1
273 55.477961507050516 -130.15715143305368 1378.5634325972082 272 274 -1
274 55.470382844324405 -130.1356491230704 1378.7634355833627 273 275 -1
275 55.46251648992095 -130.11535084097375 1378.963553262653 274 276 -1
276 55.45438578173787 -130.0962390301423 1379.163777193463 275 277 -1
277 55.44601354918065 -130.07829605314404 1379.364099321043 276 278 -1
278 55.43742050666943 -130.06150397581337 1379.5645118761543 277 279 -1
279 55.42859684714586 -130.04584084056611 1379.7650058192698 278 280 -1
280 55.41950247368756 -130.03128270285586 1379.965570942385 279 281 -1
281 55.410095730221926 -130.01780866854753 1380.1661974138092 280 282 -1
282 55.40033491673881 -130.00540099766513 1380.3668757482908 281 283 -1
283 55.390178020142706 -129.99404494875037 1380.5675966842703 282 284 -1
284 55.379582446569984 -129.98372865301434 1380.7683510664756 283 285 -1
285 55.36850475177297 -129.97444301626945 1380.9691297311704 284 286 -1
286 55.35690036621335 -129.96618164709102 1381.1699233914653 285 287 -1
287 55.344723311480536 -129.95894081007572 1381.370722520134 286 288 -1
288 55.33192590456405 -129.95271940345873 1381.5715172273133 287 289 -1
289 55.31845844635902 -129.94751896072447 1381.7722971303301 288 290 -1
290 55.304268890568366 -129.9433436762043 1381.9730512126669 289 291 -1
291 55.28930248888717 -129.94020045501117 1382.1737676687576 290 292 -1
292 55.27350140800477 -129.93809898801513 1382.3744337308704 291 293 -1
293 55.256804313537764 -129.93705185292617 1382.5750354737793 292 294 -1
294 55.239145915507095 -129.9370746429245 1382.7755575922238 293 295 -1
295 55.22045646938976 -129.9381861246689 1382.975983145275 294 296 -1
296 55.20065930208123 -129.94041027117186 1383.1762930391876 295 297 -1
297 55.17966118244503 -129.94378437182885 1383.376464449473 296 298 -1
298 55.157384743343925 -129.9483282069626 1383.5764743424882 297 299 -1
299 55.13373600582065 -129.9540750154192 1383.7762955189826 298 300 -1
300 55.10861825783658 -129.96105670924106 1383.9758978992363 299 301 -1
301 55.08193293984335 -129.9693038945681 1384.1752484204249 300 302 -1
302 55.05354191329726 -129.9788746170867 1384.374303849109 301 303 -1
303 55.023363992797314 -129.989779849265 1384.5730272777678 302 304 -1
304 54.99130290814593 -130.00204143672363 1384.7713763094011 303 305 -1
305 54.957210128484256 -130.01571528747058 1384.9692936102344 304 306 -1
306 54.92099094974283 -130.03081686282212 1385.1667286396832 305 307 -1
307 54.88255441628441 -130.0473585417824 1385.3636282458363 306 308 -1
308 54.841722223146405 -130.06540579195124 1385.5599122698832 307 309 -1
309 54.79846383982343 -130.0849298033583 1385.7555339870316 308 310 -1
310 54.75258081142942 -130.10600204539688 1385.950395384933 309 311 -1
311 54.70405350810098 -130.12858682773611 1386.144444947593 310 312 -1
312 54.652684904703 -130.1527482332432 1386.3375708592637 311 313 -1
313 54.59847093688029 -130.1784419508009 1386.5297185737968 312 314 -1
314 54.541218997983265 -130.20572389730106 1386.7207628707363 313 315 -1
315 54.480928223111185 -130.23454812467017 1386.9106419318882 314 316 -1
316 54.417467782545344 -130.2649348943235 1387.0992401580288 315 317 -1
317 54.350784218898696 -130.29686428069851 1387.286466087685 316 318 -1
318 54.280849179661466 -130.33030526401453 1387.4722363302908 317 319 -1
319 54.20753944937371 -130.365268993426 1387.6564181680947 318 320 -1
320 54.130967091374245 -130.40165703057139 1387.838989571566 319 321 -1
321 54.051172338690165 -130.43939714904346 1388.0198993980237 320 322 -1
322 53.9682984486413 -130.4783723295418 1388.1991554727751 321 323 -1
323 53.88247904405283 -130.51847202691542 1388.376770513029 322 324 -1
324 53.793780170737186 -130.5596105583787 1388.552725755461 323 325 -1
325 53.70239859038228 -130.60165738922242 1388.727086535581 324 326 -1
326 53.608376631185266 -130.6445353407887 1388.8998339251125 325 327 -1
327 53.51190694909639 -130.68812115866947 1389.0710478787973 326 328 -1
328 53.4130580782173 -130.73233051343558 1389.2407384041712 327 329 -1
329 53.31198665138503 -130.77705714808593 1389.4089780517777 328 330 -1
330 53.20877751525804 -130.82221448715333 1389.5757990845009 329 331 -1
331 53.10357458191233 -130.8677062346865 1389.7412785751164 330 332 -1
332 52.99645374139886 -130.9134501346791 1389.905453191867 331 333 -1
333 52.887566795167366 -130.9593573673016 1390.0684160750593 332 334 -1
334 52.776959993870136 -131.00535081381838 1390.230192246316 333 335 -1
335 52.66478873095921 -131.05135085054076 1390.3908858062143 334 336 -1
336 52.55111729146971 -131.09728329608183 1390.5505412812897 335 337 -1
337 52.43604616785545 -131.14307675940546 1390.7092311664528 336 338 -1
338 52.31968141257594 -131.1886661350535 1390.867034122531 337 339 -1
339 52.202081872806815 -131.23398102354565 1391.0239986377119 338 340 -1
340 52.083346316327194 -131.27896212043785 1391.1802021287012 339 341 -1
341 51.96356156926818 -131.3235532922868 1391.335714904763 340 342 -1
342 51.84279755423946 -131.36769618600016 1391.490597011271 341 343 -1
343 51.72109276107737 -131.41137513528125 1391.6448730807845 342 344 -1
344 51.598445541093994 -131.45472093563177 1391.798495330889 343 345 -1
345 51.4748223117355 -131.49787483821464 1391.9513875161056 344 346 -1
346 51.35018851885244 -131.54097390663594 1392.1034725743523 345 347 -1
347 51.22450105655673 -131.58415334914105 1392.2546650478873 346 348 -1
348 51.0977196615417 -131.62754791892797 1392.4048793005484 347 349 -1
349 50.96981839955224 -131.67128582802064 1392.554040766892 348 350 -1
350 50.840759558707205 -131.71549516151418 1392.7020616541229 349 351 -1
351 50.710504944605795 -131.76030359134768 1392.8488497085991 350 352 -1
352 50.579016043412274 -131.80583895421532 1392.9943074914165 351 353 -1
353 50.4462480549877 -131.85223441834478 1393.1383243740338 352 354 -1
354 50.3121524699687 -131.89962929046362 1393.2807770432914 353 355 -1
355 50.176705657722465 -131.94814538043167 1393.4215637227908 354 356 -1
356 50.03987022154577 -131.99791643445727 1393.5605577284362 355 357 -1
357 49.901610066657405 -132.04907857354698 1393.6976230783323 356 358 -1
358 49.7618909626873 -132.10177052429037 1393.832613605629 357 359 -1
359 49.6206594652535 -132.15615971417964 1393.9653377312493 358 360 -1
360 49.47789773238604 -132.21238178220548 1394.09563802262 359 361 -1
361 49.333590601544216 -132.27057443603812 1394.223344129176 360 362 -1
362 49.18771959381323 -132.33088770882344 1394.3482586317878 361 363 -1
363 49.040255604613506 -132.39350032139086 1394.4701339238948 362 364 -1
364 48.89118863266695 -132.45858127070454 1394.5887205098375 363 365 -1
365 48.740548055449025 -132.52625263484958 1394.7038159018125 364 366 -1
366 48.58835037822605 -132.59667265880375 1394.8151522064513 365 367 -1
367 48.43459446037417 -132.6700497146485 1394.9223605290986 366 368 -1
368 48.27941074946216 -132.74626574371342 1395.0254513040693 367 369 -1
369 48.12289555919479 -132.82522085269824 1395.1243849360496 368 370 -1
370 47.96512983841354 -132.90684151260166 1395.219078716085 369 371 -1
371 47.80624775644033 -132.9909290234081 1395.3096583772024 370 372 -1
372 47.64632589169972 -133.07739877150843 1395.3960701569952 371 373 -1
373 47.4854657480713 -133.16609819632257 1395.4783837324119 372 374 -1
374 47.3237645032941 -133.25686900053094 1395.5566949720853 373 375 -1
375 47.16128452616436 -133.34962595892094 1395.6309634652066 374 376 -1
376 46.998125960419586 -133.44417194636205 1395.7013893752767 375 377 -1
377 46.83434267670095 -133.54041502904343 1395.7679617585088 376 378 -1
378 46.67000752494215 -133.63819671101976 1395.8308295883241 377 379 -1
379 46.50517692502644 -133.73738729386562 1395.8900907898872 378 380 -1
380 46.339895128294124 -133.83787622402326 1395.945802589616 379 381 -1
381 46.17421626207218 -133.93950911381083 1395.9981599565751 380 382 -1
382 46.00816551344287 -134.0421997482116 1396.0471691496955 381 383 -1
383 45.84178444979619 -134.1458016432348 1396.0930401942355 382 384 -1
384 45.675093744048446 -134.25021428598492 1396.1358474537358 383 385 -1
385 45.50811285747078 -134.355328231048 1396.1757068790969 384 386 -1
386 45.340860936932096 -134.46102751136056 1396.2127864707813 385 387 -1
387 45.1733386357071 -134.5672264506414 1396.2471168421455 386 388 -1
388 45.00555968441631 -134.6738100435087 1396.278908344606 387 389 -1
389 44.83751935924554 -134.78068982662012 1396.3082300221279 388 390 -1
390 44.66921504333995 -134.88777061662904 1396.3352117044528 389 391 -1
391 44.500642759509205 -134.99496079811024 1396.3599981192597 390 392 -1
392 44.33179818715618 -135.10220351531592 1396.3826087971042 391 393 -1
393 44.16272179503343 -135.20950293863487 1396.403120387551 392 394 -1
394 43.99344522220056 -135.31687554064237 1396.4214856999283 393 395 -1
395 43.82400677872325 -135.42433601552563 1396.4377206681418 394 396 -1
396 43.65444388833007 -135.53189856883668 1396.4518434679064 395 397 -1
397 43.48479079590579 -135.63958125748775 1396.463801689093 396 398 -1
398 43.31508629195436 -135.7473954878428 1396.47366050801 397 399 -1
399 43.145365881302155 -135.85535944929975 1396.4813734114282 398 400 -1
400 42.97566623038092 -135.96348648602398 1396.4869670918895 399 401 -1
401 42.80602291015737 -136.07179015183564 1396.4904590359934 400 402 -1
402 42.63647418220514 -136.18028972431446 1396.4918033802203 401 403 -1
403 42.46705293381595 -136.28899401758346 1396.4910668186756 402 404 -1
404 42.297797734573194 -136.39792176863799 1396.4882119129127 403 405 -1
405 42.12874315763838 -136.50708567038595 1396.4832607835751 404 406 -1
406 41.9599211613134 -136.6164963787249 1396.4762479737492 405 407 -1
407 41.79137553996942 -136.72617629446952 1396.4671134395708 406 408 -1
408 41.623131997842926 -136.83613023163494 1396.455934665943 407 409 -1
409 41.45522796077054 -136.94637439465532 1396.4426985367866 408 410 -1
410 41.28770183495821 -137.05692520445209 1396.4273933047273 409 411 -1
411 41.120578997603786 -137.16778876532658 1396.4100739541948 410 412 -1
412 40.953900288317286 -137.27898325154493 1396.3907159159633 411 413 -1
413 40.78769735942527 -137.3905196720348 1396.3693396895087 412 414 -1
414 40.62199590215744 -137.5024050764587 1396.3459853892646 413 415 -1
415 40.456838201413085 -137.61465767410883 1396.3206272232837 414 416 -1
416 40.292243754605515 -137.7272772797961 1396.2933099497584 415 417 -1
417 40.12822548686177 -137.84025812733228 1396.2640850348707 416 418 -1
418 39.96481159023989 -137.95360449872683 1396.232951829757 417 419 -1
419 39.80201615851295 -138.06731260322223 1396.199953550097 418 420 -1
420 39.639848594837865 -138.18137692448718 1396.1651427561326 419 421 -1
421 39.47833053463519 -138.29579955891873 1396.1285342310891 420 422 -1
422 39.31748386561692 -138.41058301010932 1396.0901426005883 421 423 -1
423 39.157311275112136 -138.5257201591884 1396.0500305582307 422 424 -1
424 38.997826951316874 -138.64121073250075 1396.0082273488865 423 425 -1
425 38.8390591205737 -138.7570618643526 1395.9647286872255 424 426 -1
426 38.68101048877035 -138.87326826108426 1395.9195896904453 425 427 -1
427 38.523690223744005 -138.98982850556396 1395.8728470675057 426 428 -1
428 38.367110737102365 -139.1067432202883 1395.8245285416033 427 429 -1
429 38.211301224210445 -139.22402122903142 1395.774627259009 428 430 -1
430 38.05625714854009 -139.34165581057283 1395.7232045978787 429 431 -1
431 37.90198905661296 -139.45964781232206 1395.6702886642545 430 432 -1
432 37.74850795767041 -139.57799862393585 1395.6159055905339 431 433 -1
433 37.595836965566434 -139.69671536000624 1395.5600593914146 432 434 -1
434 37.44397912128479 -139.81579633340385 1395.5027898850044 433 435 -1
435 37.29293968135326 -139.9352412129475 1395.4441308714688 434 436 -1
436 37.142728588420695 -140.055052038707 1395.3841068957315 435 437 -1
437 36.99335557112118 -140.1752309950811 1395.3227421256709 436 438 -1
438 36.84484578049352 -140.29578720229662 1395.260036756374 437 439 -1
439 36.697193710933384 -140.41671660004627 1395.1960379545662 438 440 -1
440 36.55040775436132 -140.53802143403502 1395.1307699454399 439 441 -1
441 36.40449725114237 -140.65970414747292 1395.0642542177616 440 442 -1
442 36.25947536232636 -140.78176395065879 1394.9964975116388 441 443 -1
443 36.115365760320465 -140.90420034410363 1394.9274853685158 442 444 -1
444 35.972185395747154 -141.02700947717324 1394.8572129721776 443 445 -1
445 35.829942671527 -141.15018397051207 1394.7856871838458 444 446 -1
446 35.68865393728901 -141.2737194676788 1394.7129042851504 445 447 -1
447 35.54833553610289 -141.39761136028957 1394.6388609095009 446 448 -1
448 35.40900379042356 -141.52185478815952 1394.563554052031 447 449 -1
449 35.27067498754064 -141.64644463982805 1394.4869810793243 448 450 -1
450 35.13337769084163 -141.77137955017042 1394.4091246113358 449 451 -1
451 34.99711719512082 -141.89665011710449 1394.3299965708982 450 452 -1
452 34.86190799242283 -142.02224995649712 1394.2495974662745 451 453 -1
453 34.72776603257794 -142.14817296110513 1394.1679262750247 452 454 -1
454 34.594707148671056 -142.27441278227315 1394.0849823901772 453 455 -1
455 34.462747039948674 -142.4009628331384 1394.00076562773 454 456 -1
456 34.331901254403 -142.52781629231615 1393.9152762336669 455 457 -1
457 34.20218517106759 -142.65496610807375 1393.8285148904508 456 458 -1
458 34.07361398206137 -142.78240500300055 1393.7404827229598 457 459 -1
459 33.94620603371977 -142.9101262624582 1393.651177679679 458 460 -1
460 33.819978128210934 -143.03812253634106 1393.5605997673 459 461 -1
461 33.69493877838528 -143.16638446508443 1393.4687580088569 460 462 -1
462 33.571102186113016 -143.29490393208823 1393.375655376122 461 463 -1
463 33.44848227244897 -143.42367262744878 1393.2812953025555 462 464 -1
464 33.32709265913495 -143.5526820556992 1393.1856816850902 463 465 -1
465 33.20694665017787 -143.68192354403922 1393.0888188851445 464 466 -1
466 33.08805721355712 -143.81138825104384 1392.990711728839 465 467 -1
467 32.970436939644834 -143.94106714940364 1392.8913654995308 466 468 -1
468 32.854089049371275 -144.070940874434 1392.7907831667249 467 469 -1
469 32.73898330382048 -144.2009520156574 1392.6889568438032 468 470 -1
470 32.625081635837454 -144.33103324841113 1392.5858737774815 469 471 -1
471 32.512348133569 -144.46111826263575 1392.4815191584717 470 472 -1
472 32.40074897028278 -144.59114142000496 1392.3758761378456 471 473 -1
473 32.29025232548901 -144.72103740204585 1392.2689258288854 472 474 -1
474 32.180828313468055 -144.85074086345463 1392.1606472998926 473 475 -1
475 32.072448919797594 -144.98018608747844 1392.0510175588786 474 476 -1
476 31.965087946432906 -145.10930664029672 1391.9400115310943 475 477 -1
477 31.858720965894474 -145.2380350213648 1391.827602030405 476 478 -1
478 31.75332528513531 -145.36630230669354 1391.7137597255921 477 479 -1
479 31.648879919706154 -145.49403778202716 1391.598453102789 478 480 -1
480 31.54536557889875 -145.62116856285914 1391.4816484254186 479 481 -1
481 31.442764662633284 -145.74761919818368 1391.3633096932108 480 482 -1
482 31.341061270955933 -145.87331125484067 1391.243398602154 481 483 -1
483 31.240241227136774 -145.99816287926046 1391.1218745075525 482 484 -1
484 31.14029211548879 -146.12208833338798 1390.9986943927922 483 485 -1
485 31.041203335186186 -146.2449975015445 1390.8738128468922 484 486 -1
486 30.94296617152315 -146.36679536501194 1390.7471820545354 485 487 -1
487 30.84557388622996 -146.48738144120287 1390.6187518029685 486 488 -1
488 30.74902182865082 -146.6066491844347 1390.4884695110086 487 489 -1
489 30.653307569770266 -146.7244853456005 1390.3562802863803 488 490 -1
490 30.558440602485142 -146.84075022843265 1390.2221040511433 489 491 -1
491 30.46441891093732 -146.95532069152725 1390.0858912113729 490 492 -1
492 30.371244651685693 -147.06806410235433 1389.9475880732782 491 493 -1
493 30.27892640309074 -147.1788317547041 1389.807131464422 492 494 -1
494 30.18747610491826 -147.28746421374066 1389.6644569486232 493 495 -1
495 30.096929285935058 -147.39373565582457 1389.5194475256928 494 496 -1
496 30.007292132311584 -147.49749352202372 1389.372072676889 495 497 -1
497 29.918585819621097 -147.5985475926144 1389.2222760565276 496 498 -1
498 29.830862542484738 -147.69661265780354 1389.0699360725034 497 499 -1
499 29.744149293619383 -147.7914787199839 1388.915014760456 498 500 -1
500 29.65850273695087 -147.88295634984337 1388.7574842044733 499 501 -1
501 29.57413384215773 -147.9713065322288 1388.5974968344472 500 502 -1
502 29.491251505541637 -148.05725489622964 1388.435436475187 501 503 -1
503 29.410126446404725 -148.14147287007435 1388.2715874005394 502 504 -1
504 29.330922045446073 -148.2247713918712 1388.1063342557893 503 505 -1
505 29.25387628868904 -148.30793540243116 1387.9399963031562 504 506 -1
506 29.179127032411955 -148.3917719312964 1387.7729500399148 505 507 -1
507 29.106868395123644 -148.4770848644091 1387.6055564037251 506 508 -1
508 29.037221213943678 -148.56461742261862 1387.4382030183226 507 509 -1
509 28.9703420506893 -148.65509705801182 1387.2712898058876 508 510 -1
510 28.906310497423874 -148.74911489935832 1387.1052189820095 509 511 -1
511 28.84526594318365 -148.84723065797328 1386.9403994268034 510 512 -1
512 28.78709002903157 -148.94917177806502 1386.7768676117346 511 513 -1
513 28.731721597122007 -149.0544649117799 1386.6144877040742 512 514 -1
514 28.679018014760853 -149.16257113282924 1386.4530715202961 513 515 -1
515 28.628852631964687 -149.27301811623636 1386.292432295093 514 516 -1
516 28.58114629176663 -149.38540932090663 1386.132392731793 515 517 -1
517 28.53585371695288 -149.49938558019892 1385.9727729305641 516 518 -1
518 28.49285947489554 -149.61456135260147 1385.81337854439 517 519 -1
519 28.452107330580986 -149.7306060924683 1385.6540251915746 518 520 -1
520 28.4135516167048 -149.84720099029354 1385.4945266617806 519 521 -1
521 28.377186720532134 -149.96403299413583 1385.3346873714643 520 522 -1
522 28.342974039662142 -150.08078182780616 1385.174313196888 521 523 -1
523 28.310865442426437 -150.1971448896555 1385.0132252826709 522 524 -1
524 28.280690558013955 -150.3129090426235 1384.8513337921624 523 525 -1
525 28.252217410339064 -150.42789819265604 1384.6885837896787 524 526 -1
526 28.225206330922166 -150.54192656070904 1384.524911132876 525 527 -1
527 28.199377852187943 -150.65483137924426 1384.3602715836216 526 528 -1
528 28.174475499091212 -150.7664311495938 1384.1946027454674 527 529 -1
529 28.150246365560154 -150.87649807350758 1384.027812498089 528 530 -1
530 28.126401625463846 -150.98484925168097 1383.8598478305744 529 531 -1
531 28.102658645348136 -151.09128279464318 1383.6906473757379 530 532 -1
532 28.07871511863363 -151.19549893901356 1383.5201006270954 531 533 -1
533 28.05426703123277 -151.2973052182331 1383.348176006457 532 534 -1
534 28.02898109376651 -151.3963879666822 1383.174788263571 533 535 -1
535 28.00251593224523 -151.4924508279686 1382.9998843958433 534 536 -1
536 27.974524181010505 -151.5853101597724 1382.8234946586774 535 537 -1
537 27.94466368321381 -151.67504985184365 1382.6458012499847 536 538 -1
538 27.912579556055157 -151.76181240416622 1382.467020371032 537 539 -1
539 27.877955345213238 -151.84580484397407 1382.2873923117227 538 540 -1
540 27.84036892242822 -151.92715561229127 1382.1071451574392 539 541 -1
541 27.799552570856218 -152.00614228521533 1381.9265498088168 540 542 -1
542 27.755126528215392 -152.0829558090125 1381.7458690174517 541 543 -1
543 27.70675960638566 -152.15783338479537 1381.5653883380878 542 544 -1
544 27.654215009122908 -152.23104444917078 1381.3853928687795 543 545 -1
545 27.59713902735946 -152.30280836820808 1381.206196514581 544 546 -1
546 27.53534663261858 -152.37339343876113 1381.0281006673797 545 547 -1
547 27.46872117956695 -152.4430422620854 1380.8513835682259 546 548 -1
548 27.3973225297542 -152.51192971463217 1380.67623843028 547 549 -1
549 27.32159585453213 -152.5802512792557 1380.502696333314 548 550 -1
550 27.241731795174026 -152.6481688780316 1380.3308579583747 549 551 -1
551 27.158098086072645 -152.71586385129004 1380.1607332956585 550 552 -1
552 27.070912999252762 -152.78350529690704 1379.9923788608423 551 553 -1
553 26.980488952067624 -152.85126241928103 1379.8257883457127 552 554 -1
554 26.887025475427578 -152.91930460943325 1379.6610008432142 553 555 -1
555 26.790827738734947 -152.9877850567623 1379.4979774391988 554 556 -1
556 26.692038343842814 -153.05688033238965 1379.3367732293436 555 557 -1
557 26.590954935052515 -153.12672404640972 1379.1773231446773 556 558 -1
558 26.48773957169501 -153.1974812306545 1379.0196513150706 557 559 -1
559 26.382596650617813 -153.26929789072395 1378.8637418591402 558 560 -1
560 26.275738968930213 -153.34230012967012 1378.7095582698153 559 561 -1
561 26.16731692190511 -153.4166509439484 1378.5571209994305 560 562 -1
562 26.057519041846017 -153.49247704593205 1378.4064049939025 561 563 -1
563 25.946526204430796 -153.5698937394953 1378.2573824157037 562 564 -1
564 25.83449588857083 -153.6490333713141 1378.110050613274 563 565 -1
565 25.721573925863378 -153.73005312883447 1377.9644314385957 564 566 -1
566 25.607935544993104 -153.81303455006545 1377.8204841131233 565 567 -1
567 25.49373163757382 -153.89809247739134 1377.6782061441556 566 568 -1
568 25.379111112555407 -153.9853377674044 1377.537597368875 567 569 -1
569 25.264219835453403 -154.07490469968184 1377.3986794647972 568 570 -1
570 25.149186049737523 -154.16682461776418 1377.261426376039 569 571 -1
571 25.033952548187372 -154.26065628133657 1377.1256413490037 570 572 -1
572 24.91835643556444 -154.35575056532048 1376.9910473893335 571 573 -1
573 24.802224354856428 -154.45147676456352 1376.8573654340346 572 574 -1
574 24.685375597777828 -154.54721364633312 1376.7243170711242 573 575 -1
575 24.56761522108944 -154.6423274416615 1376.591626327403 574 576 -1
576 24.44874628209654 -154.73616061455817 1376.4590130346228 575 577 -1
577 24.328583627295824 -154.82804708851208 1376.3262040072027 576 578 -1
578 24.206935630693348 -154.91727272842226 1376.1929354427741 577 579 -1
579 24.083616634904626 -155.00306774263703 1376.0589536814791 578 580 -1
580 23.95841691717559 -155.08449933765206 1375.9239995950677 579 581 -1
581 23.831196391166582 -155.1606488296255 1375.7878613575047 580 582 -1
582 23.701854617337457 -155.23052896777756 1375.650370790148 581 583 -1
583 23.57028074297125 -155.29283389066026 1375.5113713500925 582 584 -1
584 23.436516721622453 -155.34640336591767 1375.3708363414873 583 585 -1
585 23.300938286162655 -155.39159296410548 1375.229088257151 584 586 -1
586 23.1642250421839 -155.43124993787634 1375.0867626046468 585 587 -1
587 23.026976842371287 -155.46881275941834 1374.9443791560302 586 588 -1
588 22.889700542050438 -155.5076793078065 1374.8023761438446 587 589 -1
589 22.75292913079059 -155.55102482293145 1374.6611936148947 588 590 -1
590 22.617334477721386 -155.60196639876708 1374.5214336059862 589 591 -1
591 22.483351022022536 -155.6613182135751 1374.3834449657068 590 592 -1
592 22.350845240703705 -155.72722872361587 1374.2470048916941 591 593 -1
593 22.2195441093986 -155.7978459164079 1374.1117534916918 592 594 -1
594 22.08910434706337 -155.87145588707438 1373.9772629636223 593 595 -1
595 21.959157497354273 -155.9464983636505 1373.8430857731773 594 596 -1
596 21.829347168627212 -156.02156019624158 1373.708787314985 595 597 -1
597 21.699329029204396 -156.09527229310746 1373.5739449103555 596 598 -1
598 21.56883277304356 -156.16652742442173 1373.438247462421 597 599 -1
599 21.437791295521723 -156.23516427531808 1373.301727895757 598 600 -1
600 21.306185722237238 -156.30127463694845 1373.164505548775 599 601 -1
601 21.17399191307764 -156.3649456599926 1373.0266962041567 600 602 -1
602 21.041191286512447 -156.42629995275448 1372.8884201690885 601 603 -1
603 20.907757081607713 -156.48543693344033 1372.749788411366 602 604 -1
604 20.773659598862665 -156.54245550241853 1372.610909290209 603 605 -1
605 20.638866322877284 -156.59745395271645 1372.4718889918704 604 606 -1
606 20.50334203126819 -156.65052992498852 1372.3328319810994 605 607 -1
607 20.367048891037964 -156.70178040237445 1372.19384146696 606 608 -1
608 20.229945385538045 -156.7512995220806 1372.0550202520108 607 609 -1
609 20.09197832077485 -156.7991658816157 1371.916475107108 608 610 -1
610 19.953112256705214 -156.84549598937335 1371.7783064599648 609 611 -1
611 19.813299463520003 -156.8903848439307 1371.640617675299 610 612 -1
612 19.672489948066776 -156.93392725587196 1371.5035134612835 611 613 -1
613 19.530631521936723 -156.97621800793874 1371.367100430452 612 614 -1
614 19.387669877072806 -157.01735203236908 1371.2314876811631 613 615 -1
615 19.243529650209332 -157.05740945835902 1371.0968034349487 614 616 -1
616 19.09816426521559 -157.0965002715318 1370.9631560851572 615 617 -1
617 18.951517262500055 -157.13472489734113 1370.830663472518 616 618 -1
618 18.80352661788362 -157.17218120676046 1370.6994516836257 617 619 -1
619 18.65411839716795 -157.20896428119863 1370.5696637181145 618 620 -1
620 18.5032097280352 -157.24517154098206 1370.4414596896593 619 621 -1
621 18.35075873754548 -157.28091698488146 1370.3149625338676 620 622 -1
622 18.19669920286777 -157.31630537185782 1370.19032759828 621 623 -1
623 18.040921639918306 -157.35144003244585 1370.067774060958 622 624 -1
624 17.883389598734844 -157.3864384626773 1369.94744497015 623 625 -1
625 17.724073977483375 -157.42138726966962 1369.8294726833308 624 626 -1
626 17.562941093386012 -157.45631502274665 1369.713988540384 625 627 -1
627 17.400087755069165 -157.49124358239465 1369.6009439369725 626 628 -1
628 17.235517147763783 -157.52619538778544 1369.4904216478344 627 629 -1
629 17.069285731834437 -157.56119368036082 1369.3824284339578 628 630 -1
630 16.901438682848475 -157.59626284442717 1369.276987402519 629 631 -1
631 16.73201604313093 -157.63142870127996 1369.1741299756052 630 632 -1
632 16.56108096743486 -157.6667167340986 1369.0738490840915 631 633 -1
633 16.38867605817748 -157.70215491299803 1368.976170899177 632 634 -1
634 16.214864445715072 -157.7377704206884 1368.881084710804 633 635 -1
635 16.039703482598373 -157.7735915258671 1368.7885867892028 634 636 -1
636 15.86324446411534 -157.80964892019279 1368.6986843736672 635 637 -1
637 15.685565809346059 -157.84596819828457 1368.6113251349534 636 638 -1
638 15.5067005078065 -157.88258628388414 1368.5265503833064 637 639 -1
639 15.326742583712864 -157.9195247034743 1368.4442633639558 638 640 -1
640 15.145725545795104 -157.95682283436577 1368.3645000837198 639 641 -1
641 14.963731568578687 -157.99450452335867 1368.2871776422323 640 642 -1
642 14.780816017358308 -158.03260235310924 1368.2122710228812 641 643 -1
643 14.597034020922342 -158.0711505492835 1368.139753727297 642 644 -1
644 14.412461726820117 -158.1101701036889 1368.0695316051845 643 645 -1
645 14.227135482791725 -158.14970645227703 1368.0016221375486 644 646 -1
646 14.041134823832024 -158.18977416207952 1367.9359033599217 645 647 -1
647 13.854518216195737 -158.230361639727 1367.872282211007 646 648 -1
648 13.667381494745436 -158.2713369884223 1367.8104621309271 647 649 -1
649 13.479816686189958 -158.3125557588625 1367.7501179480619 648 650 -1
650 13.29189801252174 -158.35387967900692 1367.690957633474 649 651 -1
651 13.103708971937982 -158.39517122584613 1367.6326397046878 650 652 -1
652 12.915312029025708 -158.43629229706224 1367.5748749494546 651 653 -1
653 12.726780550241564 -158.47711958690965 1367.5173411526519 652 654 -1
654 12.538176456552101 -158.5175151745957 1367.4597407728359 653 655 -1
655 12.34956590803999 -158.55736809219889 1367.4017848643703 654 656 -1
656 12.161015292201167 -158.5965408198368 1367.3431743251278 655 657 -1
657 11.972586413490308 -158.63493862691894 1367.2836667595905 656 658 -1
658 11.784254076741771 -158.67243778928193 1367.2232865429817 657 659 -1
659 11.595874443608201 -158.70899986576288 1367.1624805180031 658 660 -1
660 11.407295484577508 -158.7445264796481 1367.101678709517 659 661 -1
661 11.218376222165455 -158.77896654924297 1367.041310186397 660 662 -1
662 11.02897530788311 -158.81223858071914 1366.9818027415317 661 663 -1
663 10.83895452237501 -158.8442529514352 1366.9235969582528 662 664 -1
664 10.648206014753638 -158.87495428200089 1366.867090093419 663 665 -1
665 10.456591209667696 -158.9042070781005 1366.812790875676 664 666 -1
666 10.264040414426287 -158.93195743544578 1366.7610783145708 665 667 -1
667 10.07047758143298 -158.95779895365123 1366.7122371078478 666 668 -1
668 9.875897097746858 -158.98081842342376 1366.6661074337119 667 669 -1
669 9.680339116234244 -159.0000737772599 1366.6224588601954 668 670 -1
670 9.48385605167569 -159.01444960275933 1366.5811570869632 669 671 -1
671 9.286612651131625 -159.0231052290332 1366.5419482725954 670 672 -1
672 9.088807238460982 -159.02484899106315 1366.504719560454 671 673 -1
673 8.890763036888307 -159.01889575147752 1366.4692553188468 672 674 -1
674 8.692889654251022 -159.00424523072627 1366.4354206375326 673 675 -1
675 8.495685678246474 -158.98023549247338 1366.4030621698182 674 676 -1
676 8.299422836179428 -158.9481305794908 1366.3719706906982 675 677 -1
677 8.104051144941618 -158.91008960654892 1366.3419384018496 676 678 -1
678 7.909279899087744 -158.86851418454106 1366.3126787212664 677 679 -1
679 7.714745518786161 -158.82548898754015 1366.2839332520994 678 680 -1
680 7.520034422794541 -158.78309779875494 1366.2554476391954 679 681 -1
681 7.324759283810972 -158.74340133767637 1366.2269599301444 680 682 -1
682 7.128616512960676 -158.70846294055 1366.1982313705485 681 683 -1
683 6.9314141865898815 -158.68065695369862 1366.169024245283 682 684 -1
684 6.733232975911713 -158.66215651879244 1366.1391488308004 683 685 -1
685 6.534444936360902 -158.65519669245387 1366.1084597445647 684 686 -1
686 6.3357569109097485 -158.66129260129546 1366.0769243620562 685 687 -1
687 6.137776236623713 -158.67811399300564 1366.0447845490576 686 688 -1
688 5.940743099291735 -158.70330713591184 1366.012232532948 687 689 -1
689 5.744632441482155 -158.73464944595125 1365.9794101398236 688 690 -1
690 5.549179729020748 -158.7697381431415 1365.9464339802353 689 691 -1
691 5.354038794285848 -158.80646777148056 1365.9133879704827 690 692 -1
692 5.15880902469419 -158.84272491294172 1365.8803476975147 691 693 -1
693 4.963101571040015 -158.87637491292233 1365.8473922586384 692 694 -1
694 4.766613465160777 -158.9052863378799 1365.8146138880534 693 695 -1
695 4.569170668275243 -158.9271229084142 1365.7821395731112 694 696 -1
696 4.370901035225815 -158.94056414497857 1365.7501493123816 695 697 -1
697 4.172145913985529 -158.9462481334193 1365.7188440707864 696 698 -1
698 3.973172406985261 -158.94478961776932 1365.688439809889 697 699 -1
699 3.7741797251084797 -158.93704433780204 1365.6591186889043 698 700 -1
700 3.5752897321754027 -158.9238937737262 1365.6310380665489 699 701 -1
701 3.3765672797344246 -158.90602612061755 1365.6044015389994 700 702 -1
702 3.1780158526856446 -158.88437852312612 1365.579331559171 701 703 -1
703 2.9796010892904397 -158.8597492722047 1365.5559816394214 702 704 -1
704 2.7812566967660493 -158.8329073464984 1365.5345449540976 703 705 -1
705 2.5828912837099898 -158.80471794612362 1365.515124452797 704 706 -1
706 2.384400821962827 -158.77597450406483 1365.4979196818902 705 707 -1
707 2.1856935378996765 -158.74741360047042 1365.4830780900759 706 708 -1
708 1.9867874117653248 -158.71909341423398 1365.4706309510743 707 709 -1
709 1.7877448862136243 -158.69075006376426 1365.4606642510767 708 710 -1
710 1.588638015002677 -158.66211514628358 1365.4531095492925 709 711 -1
711 1.389536531400414 -158.63290042015083 1365.4480463148427 710 712 -1
712 1.1905141106393633 -158.60283813474592 1365.4454344332285 711 713 -1
713 0.9916506120642391 -158.5716339005506 1365.4453098630554 712 714 -1
714 0.7930297803039067 -158.53900646392174 1365.4476674439295 713 715 -1
715 0.5947421683688985 -158.50467201955883 1365.4525049328633 714 716 -1
716 0.39688937626208043 -158.4683314094711 1365.459837973128 715 717 -1
717 0.19957397285237236 -158.4297225941417 1365.4696353765069 716 718 -1
718 0.0029214968785950188 -158.38853126952142 1365.4819220123509 717 719 -1
719 -0.1929525133875048 -158.34452684559386 1365.4966426444996 718 720 -1
720 -0.3878938832310549 -158.29738599250655 1365.5138234749697 719 721 -1
721 -0.5817758464137518 -158.24692279895007 1365.5333849764836 720 722 -1
722 -0.7744112295990787 -158.19280887735906 1365.5553518235913 721 723 -1
723 -0.9656701409883612 -158.13492562903494 1365.579614286483 722 724 -1
724 -1.1553257685256115 -158.0729342060503 1365.6061990073572 723 725 -1
725 -1.343253243109997 -158.00679496485247 1365.6349675325025 724 726 -1
726 -1.5293146644905298 -157.93643178435772 1365.6657820016176 725 727 -1
727 -1.713993979750577 -157.8630027257634 1365.6977532643532 726 728 -1
728 -1.8979366315677926 -157.7878039493359 1365.7298660779134 727 729 -1
729 -2.081845481660598 -157.71214589934266 1365.7610802249567 728 730 -1
730 -2.26643391117868 -157.63736780757515 1365.7903302797274 729 731 -1
731 -2.4524402315790166 -157.56496648136994 1365.8163752039188 730 732 -1
732 -2.64052364363561 -157.49657970660962 1365.8379048672 731 733 -1
733 -2.831263506014196 -157.43419055300163 1365.8533242565875 732 734 -1
734 -3.0250371930752453 -157.38031470433216 1365.8606547587128 733 735 -1
735 -3.2216876701857204 -157.3377307365131 1365.8578396529556 734 736 -1
736 -3.420336297950577 -157.30974413434322 1365.8425495127376 735 737 -1
737 -3.6190037334463327 -157.29970424922485 1365.8126592996994 736 738 -1
738 -3.814555692295532 -157.3102659524319 1365.7668400779407 737 739 -1
739 -4.003250871801449 -157.34249778539905 1365.7051410411518 738 740 -1
740 -4.181631168727049 -157.39571184767848 1365.6289259896052 739 741 -1
741 -4.347677344034128 -157.46729567722986 1365.5407584862207 740 742 -1
742 -4.500714715148465 -157.5541980846776 1365.4432429338979 741 743 -1
743 -4.641338756574459 -157.65323543074578 1365.3388023856396 742 744 -1
744 -4.7706683508558205 -157.7617858676818 1365.2292917612192 743 745 -1
745 -4.889649026274507 -157.87801857540916 1365.1159716270997 744 746 -1
746 -5.0 -158.0 1365.0 745 747 748
747 -5.148130845084202 -157.9171418097804 1365.1304584117252 746 749 -1
748 -5.002678676592767 -158.1086799342981 1364.8618970280595 746 750 -1
749 -5.288990738689458 -157.82563890541974 1365.2631733872706 747 751 -1
750 -5.005866321984288 -158.2166696335623 1364.7232886385095 748 752 -1
751 -5.421975428005051 -157.72558051026041 1365.3978233890737 749 753 -1
752 -5.009538107074838 -158.32398047624682 1364.58416595074 750 754 -1
753 -5.546622394979376 -157.61724761638905 1365.5340380642174 751 755 -1
754 -5.013701003117923 -158.43060076973796 1364.4445271164125 752 756 -1
755 -5.662650482794525 -157.5010981475377 1365.6714230180148 753 757 -1
756 -5.018360830774626 -158.53652036214135 1364.3043716885622 754 758 -1
757 -5.769991965108002 -157.37774345952005 1365.8095903025785 755 759 -1
758 -5.02352266712578 -158.6417300878034 1364.163700141992 756 760 -1
759 -5.868807432586747 -157.24791255484396 1365.9481885029868 757 761 -1
760 -5.029192512707626 -158.74621941084186 1364.0225121569047 758 762 -1
761 -5.9594786047444614 -157.11240760765637 1366.086927881678 759 763 -1
762 -5.0353763394899 -158.84997776364244 1363.8808076194962 760 764 -1
763 -6.042585607144166 -156.97206120279782 1366.2255968843203 761 765 -1
764 -5.042080086034231 -158.9529945537199 1363.73858662665 762 766 -1
765 -6.118870645362194 -156.82769873082387 1366.3640689490114 763 767 -1
766 -5.049309652559632 -159.05525917084256 1363.5958494904673 764 768 -1
767 -6.189200545258572 -156.68011323973883 1366.5023006195643 765 769 -1
768 -5.057070895921517 -159.15676099441737 1363.452596742618 766 770 -1
769 -6.2545298424277815 -156.53005082466828 1366.6403232440707 767 771 -1
770 -5.065369624510956 -159.25748940112936 1363.3088291384927 768 772 -1
771 -6.315870828881554 -156.37820697734895 1366.7782308501596 769 773 -1
772 -5.074211593081561 -159.3574337728309 1363.164547661147 770 774 -1
773 -6.374270649367309 -156.2252308181744 1366.9161662366644 771 775 -1
774 -5.083602497511507 -159.4565835046714 1363.0197535250174 772 776 -1
775 -6.4307950099485955 -156.0717348161275 1367.0543066345874 773 777 -1
776 -5.093547969509326 -159.5549280134647 1362.874448179397 774 778 -1
777 -6.48651780422711 -155.91830814743574 1367.1928495754908 775 779 -1
778 -5.1040535712717 -159.65245674627965 1362.7286333116558 776 780 -1
779 -6.54251410841325 -155.76553170896952 1367.331998992503 777 781 -1
780 -5.1151247901027155 -159.74915918924913 1362.5823108501907 778 782 -1
781 -6.59985447309469 -155.61399346687958 1367.4719512817794 779 783 -1
782 -5.126768770404653 -159.8450223229689 1362.435481450309 780 784 -1
783 -6.659598275421084 -155.46430287808602 1367.6128809315912 781 785 -1
784 -5.138989634141498 -159.94003748389255 1362.288148625578 782 786 -1
785 -6.722783742646414 -155.31710286428125 1367.75492539524 783 787 -1
786 -5.151792349376501 -160.0341947103893 1362.1403152843247 784 788 -1
787 -6.790413222838526 -155.1730780278678 1367.8981694806616 785 789 -1
788 -5.165182926819659 -160.1274824315468 1361.991983620156 786 790 -1
789 -6.8634320967039 -155.0329569201654 1368.042629816803 787 791 -1
790 -5.179167725866608 -160.21988847593423 1361.8431557495553 788 792 -1
791 -6.942700330691329 -154.89750571457066 1368.1882408040908 789 793 -1
792 -5.1937497288460825 -160.31140562439353 1361.693836757526 790 794 -1
793 -7.028959447050391 -154.76751248239515 1368.3348446882942 791 795 -1
794 -5.208936152327143 -160.40202028880222 1361.5440284192011 792 796 -1
795 -7.122796953502031 -154.64376039928968 1368.482188246775 793 797 -1
796 -5.224730744039878 -160.49172398698394 1361.3937355109338 794 798 -1
797 -7.2246139912398295 -154.52699141914135 1368.6299288260252 795 799 -1
798 -5.241138739099283 -160.58050595164323 1361.2429617745431 796 800 -1
799 -7.334603494305899 -154.4178651082048 1368.7776510468238 797 801 -1
800 -5.258165195973387 -160.66835561296466 1361.091711272164 798 802 -1
801 -7.452743535657556 -154.31691806541792 1368.9248931115485 799 803 -1
802 -5.275814517467097 -160.7552633265738 1360.9399887419413 800 804 -1
803 -7.578809621198091 -154.22453181349437 1369.0711792836246 801 805 -1
804 -5.294091013340547 -160.84121953497868 1360.7877991409034 802 806 -1
805 -7.7124051604527715 -154.14091572414094 1369.2160530600875 803 807 -1
806 -5.313000244960438 -160.92621271390587 1360.6351466831316 804 808 -1
807 -7.853002809597192 -154.0661051628065 1369.3591059792493 805 809 -1
808 -5.332544413655005 -161.01023640718782 1360.4820381729255 806 810 -1
809 -8.0 -154.0 1369.5 807 811 812
810 -5.352730217539004 -161.09327723394296 1360.328477354301 808 813 -1
811 -8.105987700103437 -153.93134262070117 1369.648051151521 809 814 -1
812 -7.940982304923153 -153.87184723095692 1369.6497067544271 809 815 -1
813 -5.373560001488 -161.1753284209467 1360.174471218527 810 816 -1
814 -8.213280778582924 -153.86376590108708 1369.7956463026119 811 817 -1
815 -7.880096114606022 -153.74488641972715 1369.7997058378608 812 818 -1
816 -5.39503715264172 -161.2563815659884 1360.0200261271282 813 819 -1
817 -8.321906701969995 -153.79729398932932 1369.942767474906 814 820 -1
818 -7.817215850313729 -153.61914547615524 1369.9499097196376 815 821 -1
819 -5.417166727452197 -161.3364256379089 1359.8651474806186 816 822 -1
820 -8.431857102924516 -153.73193732260916 1370.089403625721 817 823 -1
821 -7.75229261745488 -153.49465637932337 1370.1002870857715 818 824 -1
822 -5.4399520192068875 -161.4154522774691 1359.7098420250609 819 825 -1
823 -8.54312218421659 -153.66770533671684 1370.2355442380185 820 826 -1
824 -7.685370792209106 -153.37139373665119 1370.250798523625 821 827 -1
825 -5.4633954273069865 -161.4934544842602 1359.5541171923876 822 828 -1
826 -8.655690733543405 -153.6046064212545 1370.3811793755017 823 829 -1
827 -7.616393269795933 -153.24939420239602 1370.4014109794587 824 830 -1
828 -5.487500208146264 -161.57042389538577 1359.3979799771769 825 831 -1
829 -8.769550143563063 -153.54264787797203 1370.526299736587 826 832 -1
830 -7.545381231641385 -153.12864612113452 1370.5520863883685 827 833 -1
831 -5.512269408345598 -161.64635244026735 1359.2414376362908 828 834 -1
832 -8.884687161021787 -153.48183654327332 1370.6708964020813 829 835 -1
833 -7.472324769933926 -153.0091566832183 1370.7027877908702 830 836 -1
834 -5.537706632315985 -161.72123113550413 1359.084497232814 831 837 -1
835 -9.001086513949833 -153.42217750632622 1370.8149614519596 832 838 -1
836 -7.397198714530073 -152.8909422207861 1370.8534772282255 833 839 -1
837 -5.563813963812431 -161.79505335794784 1358.9271668607976 834 840 -1
838 -9.11873234471207 -153.36367534820982 1370.9584874308368 835 841 -1
839 -7.32003604809503 -152.77398294699128 1371.0041170023107 836 842 -1
840 -5.590593360821547 -161.86781266966543 1358.7694547709393 837 843 -1
841 -9.237606787237649 -153.30633276915304 1371.1014680190783 838 844 -1
842 -7.240783040429081 -152.6583122080077 1371.1546664539947 839 845 -1
843 -5.618046994962228 -161.9395022806354 1358.6113691839012 840 846 -1
844 -9.357691363884545 -153.25015182987798 1371.2438974862464 841 847 -1
845 -7.15949869753857 -152.5438935382108 1371.3050895878253 842 848 -1
846 -5.646176809173063 -162.01011574949567 1358.4529185430488 843 849 -1
847 -9.478966310251899 -153.19513326793444 1371.3857710416416 844 850 -1
848 -7.07611674706227 -152.430767339315 1371.455342089888 845 851 -1
849 -5.674984514943144 -162.07964699364433 1358.2941115049694 846 852 -1
850 -9.60141062815939 -153.14127647972614 1371.5270848763932 847 853 -1
851 -6.990707121342309 -152.3188897397956 1371.605390390826 848 854 -1
852 -5.704471589928716 -162.1480902988301 1358.134956929516 849 855 -1
853 -9.725002142320534 -153.0885795075129 1371.6678362016464 850 856 -1
854 -6.903205125992604 -152.2082993887727 1371.755187175368 851 857 -1
855 -5.734639275963897 -162.21544032820182 1357.9754638694078 852 858 -1
856 -9.849717560236966 -153.03703903140297 1371.8080232826096 853 859 -1
857 -6.813678398561455 -152.09895313823293 1371.9047005488812 854 860 -1
858 -5.765488577472932 -162.28169213079042 1357.8156415594124 855 861 -1
859 -9.975532622773796 -152.98665046011592 1371.9476454220382 856 862 -1
860 -6.722075962538114 -151.9908803318111 1372.0538821913467 857 863 -1
861 -5.79702026028796 -162.34684114939236 1357.6554994051423 858 864 -1
862 -10.102422723331431 -152.93740854324852 1372.0867026827775 859 865 -1
863 -6.628451881261683 -151.8840454430417 1372.2026999165544 860 866 -1
864 -5.829234850877794 -162.410883227834 1357.4950469714959 861 867 -1
865 -10.230360886641465 -152.88930513352327 1372.2251970166374 862 868 -1
866 -6.53277901474969 -151.778462284457 1372.3511074623586 863 869 -1
867 -5.862132635988201 -162.47381461759088 1357.3342939707757 864 870 -1
868 -10.35932112028526 -152.84233275380552 1372.3631305244849 865 871 -1
869 -6.435088540995589 -151.6741085617498 1372.4990694390372 866 872 -1
870 -5.89571366269563 -162.5356319837431 1357.1732502505197 867 873 -1
871 -10.48927490085938 -152.79648069027363 1372.5005074098997 868 874 -1
872 -6.335385252885105 -151.57097769596305 1372.646545488967 869 875 -1
873 -5.929977738872844 -162.59633241024872 1357.0119257810804 870 876 -1
874 -10.620193913221664 -152.75173795411047 1372.6373325287368 871 877 -1
875 -6.233670089321524 -151.4690649246614 1372.7934934328944 872 878 -1
876 -5.964924500101765 -162.65591329591774 1356.850330617765 873 879 -1
877 -10.752049411473076 -152.7080925638244 1372.7736117588074 874 880 -1
878 -6.129985886271395 -151.36833978610142 1372.9398831689218 875 881 -1
879 -6.0005541936757 -162.71437106602218 1356.6884746050334 876 882 -1
880 -10.88481122121738 -152.66553030319193 1372.9093526305999 877 883 -1
881 -6.02429790171312 -151.2688180472749 1373.085661735234 878 884 -1
882 -6.036865026392326 -162.77170554483817 1356.526368361974 879 885 -1
883 -11.018449064480642 -152.62403621770068 1373.0445635919025 880 886 -1
884 -5.916678658214969 -151.17045067617389 1373.2308095039593 881 887 -1
885 -6.073855854102703 -162.82791554269116 1356.3640222288668 882 888 -1
886 -11.152932151329596 -152.58359409936742 1373.1792542707117 883 889 -1
887 -5.8070917775442545 -151.07325331257553 1373.3752716887357 884 890 -1
888 -6.111525301834275 -162.8830003046431 1356.20144660376 885 891 -1
889 -11.288229249228927 -152.5441865259669 1373.3134354592976 886 892 -1
890 -5.6955942507768675 -150.9771855464474 1373.5190256140452 887 893 -1
891 -6.14987176664568 -162.93695951140708 1356.0386519293188 888 894 -1
892 -11.424308750186006 -152.50579490325424 1373.4471190937552 889 895 -1
893 -5.5821885707107795 -150.8822389507775 1373.6620299368378 890 896 -1
894 -6.188893420843863 -162.9897932795265 1355.8756486796924 891 897 -1
895 -11.561138735345601 -152.46839950982016 1373.5803182292718 892 898 -1
896 -5.466887186383963 -150.78839861963993 1373.804246335616 893 899 -1
897 -6.228589285097613 -163.0415003690814 1355.712447048196 894 900 -1
898 -11.698687036737482 -152.43197954421933 1373.713047011376 895 901 -1
899 -5.3497407258930725 -150.6956271905414 1373.9456540105757 896 902 -1
900 -6.26895650736684 -163.0920827368805 1355.5490577343692 897 903 -1
901 -11.83692141073993 -152.3965133375509 1373.84532056631 898 904 -1
902 -5.230717496347859 -150.60393435673623 1374.0861953166059 899 905 -1
903 -6.309992161202375 -163.1415425481451 1355.3854913618034 900 906 -1
904 -11.975809382902375 -152.36197811734476 1373.9771551037873 901 907 -1
905 -5.109896113449987 -150.51326608156873 1374.2258642268207 902 908 -1
906 -6.351693551357021 -163.18988166275616 1355.2217584041493 903 909 -1
907 -12.115318246593478 -152.32834996399103 1374.1085679184507 904 910 -1
908 -4.987258463810703 -150.42362323857833 1374.364609101114 905 911 -1
909 -6.3940577588515755 -163.23710236784333 1355.0578692970632 906 912 -1
910 -12.255415381764855 -152.29560425024695 1374.2395771654446 907 913 -1
911 -4.862850343221702 -150.33497003961307 1374.5024103300718 908 914 -1
912 -6.437079860664876 -163.28320522602002 1354.8938333616077 909 915 -1
913 -12.396068313944122 -152.26371574124224 1374.3702018017739 910 916 -1
914 -4.736695067262834 -150.24728322263107 1374.6392381540218 911 917 -1
915 -6.480745610746211 -163.32819583974398 1354.7296587276899 912 918 -1
916 -12.53724449393091 -152.23265825374355 1374.5004617199618 913 919 -1
917 -4.608797724687508 -150.16054898978254 1374.7750520571426 914 920 -1
918 -6.525040576350546 -163.37207894250733 1354.5653529319616 915 921 -1
919 -12.67891128586272 -152.20240459895788 1374.630377737195 916 922 -1
920 -4.479222439589592 -150.0747212680208 1374.9098476664144 917 923 -1
921 -6.569950504126039 -163.41485911799666 1354.4009232394606 918 924 -1
922 -12.821036444808607 -152.17292736322972 1374.7599712333158 919 925 -1
923 -4.347938115943117 -149.98980486656737 1375.0435624622005 920 926 -1
924 -6.615461654404659 -163.4565401402048 1354.2363765888977 921 927 -1
925 -12.96358781236978 -152.14419843289602 1374.8892643327338 922 928 -1
926 -4.21502840928371 -149.90574317360233 1375.1762072455685 923 929 -1
927 -6.6615598670139455 -163.49712664805307 1354.0717197804504 924 930 -1
928 -13.106533192358143 -152.1161887436877 1375.018279958488 925 931 -1
929 -4.080479255098341 -149.82253100288114 1375.3077301642575 926 932 -1
930 -6.70822960267272 -163.53662606935606 1353.9069596303136 927 933 -1
931 -13.249840900383711 -152.08886929078437 1375.1470414074015 928 934 -1
932 -3.944343041214778 -149.74012825448307 1375.4381246432413 929 935 -1
933 -6.755456241621368 -163.57504433751356 1353.7421025410754 930 936 -1
934 -13.39347927398653 -152.0622102492617 1375.275572654422 931 937 -1
935 -3.8066385068394943 -149.6585136091035 1375.5673629738847 932 938 -1
936 -6.803225250703074 -163.6123873960757 1353.5771546681888 933 939 -1
937 -13.537416864450256 -152.03618131215444 1375.403898171996 934 940 -1
938 -3.6674552967407865 -149.57765742119105 1375.6954894351006 935 941 -1
939 -6.851523007896337 -163.6486594724866 1353.4121217970094 936 942 -1
940 -13.681622709960342 -152.01075232610654 1375.5320426997575 937 943 -1
941 -3.526945916900723 -149.49752199704986 1375.8226176406483 938 944 -1
942 -6.900333411716726 -163.68387003830713 1353.2470098749327 939 945 -1
943 -13.82606583996495 -151.98589222234492 1375.6600315328408 940 946 -1
944 -3.385236006182202 -149.418082540924 1375.9488470823649 941 947 -1
945 -6.94964166951163 -163.71802618853715 1353.0818243976198 942 948 -1
946 -13.970715679894125 -151.96156991214897 1375.7878901948886 943 949 -1
947 -3.242482445301598 -149.339291894376 1376.0743050641934 944 950 -1
948 -6.999432973222441 -163.75113527688168 1352.9165706315102 945 951 -1
949 -14.115542053927786 -151.93775443844626 1375.9156444003713 946 952 -1
950 -3.0987959042873943 -149.26112894374515 1376.1990889524498 947 953 -1
951 -7.049693416065541 -163.78320284167086 1352.751253496754 948 954 -1
952 -14.260514868741708 -151.9144140811797 1376.0433201875298 949 955 -1
953 -2.954328387760976 -149.1835412454839 1376.3233290771539 950 956 -1
954 -7.100407492895061 -163.81423818565074 1352.5858779031116 951 957 -1
955 -14.405604445399165 -151.89151731010125 1376.170943663942 952 958 -1
956 -2.8091842275017687 -149.10650930064833 1376.447125695225 953 959 -1
957 -7.151560105033502 -163.84425004420828 1352.4204484690877 954 960 -1
958 -14.550781424588907 -151.86903266145887 1376.2985410272845 955 961 -1
959 -2.663507133994096 -149.02997841288848 1376.5706067853569 956 962 -1
960 -7.203136478203542 -163.87324669340768 1352.2549695451476 957 963 -1
961 -14.696016682814658 -151.8469283675344 1376.4261385353725 958 964 -1
962 -2.517401491400305 -148.9539292971028 1376.693879094425 959 965 -1
963 -7.255122025784891 -163.90123621177452 1352.089445239503 960 966 -1
964 -14.841281422495902 -151.82517272998751 1376.5537624109406 961 967 -1
965 -2.3710011393849326 -148.8783075400598 1376.8170646697397 962 968 -1
966 -7.307502643025277 -163.92822566622166 1351.9238793957973 963 969 -1
967 -14.986547152926006 -151.80373414641855 1376.6814388070898 964 970 -1
968 -2.2244161622717282 -148.80309187568355 1376.9402793349227 965 971 -1
969 -7.36026282342934 -163.95422599205838 1351.7582757852356 966 972 -1
970 -15.131785671815592 -151.7825811080664 1376.8091937681806 967 973 -1
971 -2.0777702288293813 -148.72823120525945 1377.0636375769507 968 974 -1
972 -7.413387961982353 -163.97924620193547 1351.5926378659974 969 975 -1
973 -15.276969056233744 -151.76168221381732 1376.937053184005 970 976 -1
974 -1.9311819949281253 -148.65370051781252 1377.1872638982124 971 977 -1
975 -7.466863513567149 -164.00329546411064 1351.4269688800096 972 978 -1
976 -15.42206969779153 -151.74100612699095 1377.0650426858213 973 979 -1
977 -1.7847681069476258 -148.57945361924754 1377.3112669715313 974 980 -1
978 -7.520675012819414 -164.02638305159797 1351.26127185499 975 981 -1
979 -15.567060266962208 -151.720521757991 1377.1931876608776 976 982 -1
980 -1.6386558058386855 -148.50546195286947 1377.435777228591 977 983 -1
981 -7.574808667096885 -164.04851652422968 1351.0955495649132 978 984 -1
982 -15.711913717234486 -151.70019822875918 1377.3215131872319 979 985 -1
983 -1.4929602636520278 -148.43168404331985 1377.5609010928151 980 986 -1
984 -7.629249438186898 -164.0697074939388 1350.929804680138 981 987 -1
985 -15.856603283072923 -151.68000490460045 1377.4500439885965 982 988 -1
986 -1.3478155499740323 -148.3580886718321 1377.6867703118894 983 989 -1
987 -7.683983081589427 -164.089965650675 1350.7640396095012 984 990 -1
988 -16.001102478403265 -151.6599114252027 1377.5788043904245 985 991 -1
989 -1.2033427127743812 -148.28463874313982 1377.8134944031513 986 992 -1
990 -7.7389954402068675 -164.10930078969452 1350.5982565635588 987 993 -1
991 -16.14538509577647 -151.63988773490237 1377.7078182772927 988 994 -1
992 -1.0596785730579452 -148.2113016118255 1377.9411992757446 989 995 -1
993 -7.79427244867643 -164.12772280236578 1350.4324575587707 990 996 -1
994 -16.289425206351115 -151.6199041122448 1377.8371090516266 991 997 -1
995 -0.9169602724278323 -148.13804391008242 1378.0700053033283 992 998 -1
996 -7.84980013735399 -164.14524166725647 1350.2666444218428 993 999 -1
997 -16.433197095270693 -151.59993119476283 1377.9666996657552 994 1000 -1
998 -0.7753198139434785 -148.06483336865688 1378.2000220537684 995 1001 -1
999 -7.905564850132509 -164.16186659392545 1350.1008187836233 996 1002 -1
1000 -16.57667537113779 -151.57993999517637 1378.0966124615015 997 1003 -1
1001 -0.6349246064590691 -147.99163929404014 1378.3313913729444 998 1004 -1
1002 -7.961552686313338 -164.17760813130198 1349.934982112915 999 1005 -1
1003 -16.71983498034657 -151.55990195548935 1378.2268691260144 1000 1006 -1
1004 -0.4958940156712113 -147.91843216115223 1378.4641966509628 1001 1007 -1
1005 -8.017749844293453 -164.1924770099541 1349.7691357009933 1002 1008 -1
1006 -16.862651119360127 -151.53978896508593 1378.3574907569644 1003 1009 -1
1007 -0.35843143339474604 -147.84518288127 1378.5986010383067 1004 1010 -1
1008 -8.074142774405098 -164.20648347359665 1349.603280660526 1005 1011 -1
1009 -17.005098971743806 -151.5195732837918 1378.4884981030305 1006 1012 -1
1010 -0.22266196125107976 -147.7718661367946 1378.7346787264369 1007 1013 -1
1011 -8.130718037910103 -164.2196378126784 1349.4374179380027 1008 1014 -1
1012 -17.14715454487898 -151.49922781081392 1378.6199106651936 1009 1015 -1
1013 -0.0887759046939692 -147.69845690874965 1378.8725605056704 1010 1016 -1
1014 -8.187462309121655 -164.23195035723143 1349.2715483186732 1011 1017 -1
1015 -17.2887936030445 -151.47872578408243 1378.7517477845759 1012 1018 -1
1016 0.04303583036423027 -147.62493222822815 1379.0123654294039 1013 1019 -1
1017 -8.24436237725855 -164.24343147001326 1349.1056724315358 1014 1020 -1
1018 -17.429992659523585 -151.45804113788094 1378.8840276015924 1015 1021 -1
1019 0.17262197742912336 -147.5512745879136 1379.154166451399 1016 1022 -1
1020 -8.301405148045573 -164.25409153994002 1348.9397907543603 1017 1023 -1
1021 -17.570727972628855 -151.43714811895458 1379.016768053306 1018 1024 -1
1022 0.29973225925444824 -147.47746382461452 1379.298112262681 1019 1025 -1
1023 -8.35857764506954 -164.2639409758077 1348.773903618736 1020 1026 -1
1024 -17.710976711359944 -151.41602180991904 1379.1499856956748 1021 1027 -1
1025 0.42420325167753664 -147.40348880427936 1379.4442624811506 1022 1028 -1
1026 -8.415867010907412 -164.27299020029906 1348.608011215135 1023 1029 -1
1027 -17.850716024088143 -151.39463773206546 1379.2836966204868 1024 1030 -1
1028 0.5458420668232425 -147.3293405380091 1379.5926917162496 1025 1031 -1
1029 -8.473260508032471 -164.28124964427067 1348.4421135979758 1026 1032 -1
1030 -17.989923303253956 -151.37297196067797 1379.4179161766074 1027 1033 -1
1031 0.6643512097464876 -147.2550082575637 1379.7435404768557 1028 1034 -1
1032 -8.530745519515177 -164.2887297413173 1348.2762106906837 1029 1035 -1
1033 -18.128576411282666 -151.35100125873254 1379.5526587493441 1030 1036 -1
1034 0.7795862649366162 -147.18049491717238 1379.8968159700974 1031 1037 -1
1035 -8.588309549528288 -164.29544092260747 1348.1103022907341 1032 1038 -1
1036 -18.266653618143376 -151.3287030636003 1379.6879378236004 1033 1039 -1
1037 0.8913214773037521 -147.10580323957842 1380.0525758689325 1034 1040 -1
1038 -8.645940223667639 -164.3013936119855 1347.9443880746742 1035 1041 -1
1039 -18.404133473095136 -151.30605542210833 1379.8237661042835 1036 1042 -1
1040 0.999238865183372 -147.03093728117872 1380.2109219974548 1037 1043 -1
1041 -8.7036252890997 -164.3065982213342 1347.7784676031115 1038 1044 -1
1042 -18.54099487906012 -151.2830370358717 1379.960155447907 1039 1045 -1
1043 1.1031956591957726 -146.9559144639847 1380.371821815505 1040 1046 -1
1044 -8.761352614547963 -164.31106514619154 1347.6125403256683 1041 1047 -1
1045 -18.677216963532796 -151.25962718440795 1380.0971169810505 1042 1048 -1
1046 1.2030141238111598 -146.8807712533515 1380.535266467556 1043 1049 -1
1047 -8.819110190127756 -164.3148047616159 1347.4466055858877 1044 1050 -1
1048 -18.812779635007544 -151.2358060730389 1380.2346606142653 1045 1051 -1
1049 1.2986134553825333 -146.80562322072564 1380.7012123627317 1046 1052 -1
1050 -8.876886127039537 -164.31782741829247 1347.2806626260933 1047 1053 -1
1051 -18.947663116335193 -151.2115545535134 1380.3727954766239 1048 1054 -1
1052 1.390176711566673 -146.7306045530561 1380.869476326264 1049 1055 -1
1053 -8.934668657132415 -164.32014343887408 1347.1147105921916 1050 1056 -1
1054 -19.081847541919437 -151.18685385563708 1380.5115302632018 1051 1057 -1
1055 1.4777946437777272 -146.6558417776904 1381.0399413526618 1052 1058 -1
1056 -8.992446132346945 -164.32176311455024 1346.9487485384159 1053 1059 -1
1057 -19.215314353599968 -151.1616864844704 1380.6508720545903 1054 1060 -1
1058 1.5614662805280566 -146.58147075187972 1381.2125472869045 1055 1061 -1
1059 -9.05020702404568 -164.32269670183587 1346.7827754320047 1056 1062 -1
1060 -19.348044517859922 -151.13603506467481 1380.790827851602 1057 1063 -1
1061 1.6413933228956925 -146.507603622306 1381.3871326034189 1058 1064 -1
1062 -9.107939922242917 -164.32295441957407 1346.616790157814 1059 1065 -1
1063 -19.480020381264016 -151.10988354810135 1380.9314030356193 1060 1066 -1
1064 1.7176686734324937 -146.43435737210956 1381.563603617266 1061 1067 -1
1065 -9.165633534740456 -164.32254644614426 1346.4507915228567 1062 1068 -1
1066 -19.61122423146797 -151.0832162639606 1381.0726025916215 1063 1069 -1
1067 1.7903314799785528 -146.36186147221002 1381.7418996581564 1064 1070 -1
1068 -9.22327668617952 -164.3214829168693 1346.28477826077 1065 1071 -1
1069 -19.741638771917454 -151.05601821989197 1381.2144307246106 1066 1072 -1
1070 1.859577384365966 -146.29020858990856 1381.9218881851382 1067 1073 -1
1071 -9.280858317016843 -164.31977392161363 1346.1187490362042 1068 1074 -1
1072 -19.87124756695457 -151.02827539582063 1381.3568905345985 1069 1075 -1
1073 1.9254824918200397 -146.21951402887163 1382.1035030781518 1070 1076 -1
1074 -9.338367482431304 -164.31742950256555 1345.9527024491344 1071 1077 -1
1075 -20.0 -151.0 1381.5 1072 1078 1079
1076 1.9881413581014304 -146.14989021335063 1382.286673944859 1073 1080 -1
1077 -9.395793351172113 -164.31445965219606 1345.7866370390923 1074 1081 -1
1078 -20.149735456847417 -151.0018498728667 1381.6542450202435 1075 1082 -1
1079 -19.873996856104807 -150.9640519359588 1381.6143462398068 1075 1083 -1
1080 2.0477241811802442 -146.08141831042207 1382.4712999081328 1076 1084 -1
1081 -9.453125056805233 -164.3108734588912 1345.620551258438 1077 1085 -1
1082 -20.29921263208356 -151.00162150263725 1381.8087993208794 1078 1086 -1
1083 -19.762242135887544 -150.9171101534248 1381.7390288212832 1079 1087 -1
1084 2.104276600830313 -146.01422502719316 1382.6573435620044 1080 1088 -1
1085 -9.510352036150918 -164.3066813153785 1345.4544435495395 1081 1089 -1
1086 -20.44840803649022 -150.99917260637272 1381.9636064414315 1082 1090 -1
1087 -19.667090366661217 -150.85967693155789 1381.872763088538 1083 1091 -1
1088 2.1579602608475468 -145.94838807648463 1382.844717194546 1084 1092 -1
1089 -9.56746382188865 -164.3018933502326 1345.2883123004763 1085 1093 -1
1090 -20.597302974341897 -150.99449497597953 1382.118651356685 1086 1094 -1
1091 -19.589810363101762 -150.79306612207424 1382.0135872052883 1087 1095 -1
1092 2.2088860092239737 -145.88400160805782 1383.033360753697 1088 1096 -1
1093 -9.624440124397704 -164.29651922776353 1345.12215246103 1089 1097 -1
1094 -20.74588021578681 -150.9875919624019 1382.2739177707028 1090 1098 -1
1095 -19.530292563035548 -150.7191420569022 1382.1593266173136 1091 1099 -1
1096 2.257123453321615 -145.82118502770678 1383.2232361687409 1092 1100 -1
1097 -9.681229968588028 -164.29056811279685 1344.9559484614429 1093 1101 -1
1098 -20.894120796319527 -150.97845550074223 1382.429390478629 1094 1102 -1
1099 -19.487237405579602 -150.6399140115334 1382.3080669002252 1095 1103 -1
1100 2.302844869856294 -145.75999296368005 1383.4142612169535 1096 1104 -1
1101 -9.737776452253648 -164.28404874465474 1344.7896828198147 1097 1105 -1
1102 -21.04200774539337 -150.967091354916 1382.585052969367 1098 1106 -1
1103 -19.458628273497332 -150.5572134863827 1382.4584106870911 1099 1107 -1
1104 2.3460951687547755 -145.70056112617436 1383.60641430259 1100 1108 -1
1105 -9.794022092896023 -164.27696840780317 1344.6233381025831 1101 1109 -1
1106 -21.18952309773902 -150.95349893382328 1382.7408893415954 1102 1110 -1
1107 -19.4421979565195 -150.47254859586008 1382.6095006248681 1103 1111 -1
1108 2.3870294198112805 -145.6429476842998 1383.7996255246792 1104 1112 -1
1109 -9.849911032559714 -164.26933683377274 1344.4568975723193 1105 1113 -1
1110 -21.336649108554983 -150.93767947470664 1382.8968835353096 1106 1114 -1
1111 -19.435732479826772 -150.38709920892248 1382.760915835315 1107 1115 -1
1112 2.425735844895323 -145.58725676118183 1383.9938570985712 1108 1116 -1
1113 -9.905386934721324 -164.26116215345505 1344.2903446984449 1109 1117 -1
1114 -21.48336930526138 -150.91964124700928 1383.0530190930724 1110 1118 -1
1115 -19.437210565794512 -150.30177836388853 1382.9125425151199 1111 1119 -1
1116 2.462308103392853 -145.53359203313624 1384.1890700798629 1112 1120 -1
1117 -9.960393505939205 -164.25245229034275 1344.1236633474725 1113 1121 -1
1118 -21.62966678714299 -150.8993896939207 1383.2092798826081 1114 1122 -1
1119 -19.44483738431038 -150.21730868950488 1383.064466249385 1115 1123 -1
1120 2.4968827980856294 -145.48201010772226 1384.385206519824 1116 1124 -1
1121 -10.01487337409185 -164.24321403272188 1343.9568375352058 1117 1125 -1
1122 -21.77552435667145 -150.8769287212356 1383.3656499264434 1118 1126 -1
1123 -19.457021503815447 -150.13429156306591 1383.2168959307362 1119 1127 -1
1124 2.529505964232424 -145.43266642244254 1384.582251011773 1120 1128 -1
1125 -10.068770121481995 -164.23345521241671 1343.7898520473689 1121 1129 -1
1126 -21.920926523213065 -150.85227038338704 1383.5221129930126 1122 1130 -1
1127 -19.472330140735778 -150.05326360811807 1383.3701138237634 1123 1131 -1
1128 2.560336167019852 -145.38558526837468 1384.7801359192706 1124 1132 -1
1129 -10.122027894698217 -164.2231839183882 1343.6226923910015 1125 1133 -1
1130 -22.06585772660433 -150.8254255391661 1383.6786531359378 1126 1134 -1
1131 -19.489437711832377 -149.97474237024227 1383.524442888821 1127 1135 -1
1132 2.589425806991057 -145.34092166309165 1384.9788431151908 1128 1136 -1
1133 -10.174589980986008 -164.21240742093684 1343.4553444631347 1129 1137 -1
1134 -22.21030276959354 -150.7964060180024 1383.8352545914383 1130 1138 -1
1135 -19.507074357156327 -149.8992646934689 1383.6802232730524 1131 1139 -1
1136 2.6169026088940397 -145.29873015969903 1385.1783185076338 1132 1140 -1
1137 -10.226397968199123 -164.20113198050043 1343.28779439519 1133 1141 -1
1138 -22.354246973707188 -150.76522518699045 1383.99190179133 1134 1142 -1
1139 -19.52397656304764 -149.827421174692 1383.837791189044 1135 1143 -1
1140 2.642850554109943 -145.25912588320082 1385.3785278229516 1136 1144 -1
1141 -10.277394532815046 -164.1893648036263 1343.1200293701238 1137 1145 -1
1142 -22.497676213564453 -150.73189791467914 1384.1485794043504 1138 1146 -1
1143 -19.538840385205923 -149.75988919080476 1383.9974540865335 1139 1147 -1
1144 2.66736091333634 -145.22221845927092 1385.579432239694 1140 1148 -1
1145 -10.327523303233747 -164.17711362593934 1342.9520376276314 1141 1149 -1
1146 -22.640576948798728 -150.69644053106848 1384.305272375975 1142 1150 -1
1147 -19.550279278364098 -149.69746417405736 1384.1594552390989 1143 1151 -1
1148 2.690546504507983 -145.18807005419146 1385.7809808731681 1144 1152 -1
1149 -10.376726419994771 -164.16438535984898 1342.7838078817886 1145 1153 -1
1150 -22.782936253471107 -150.65887078412032 1384.4619659665557 1146 1154 -1
1151 -19.556790999720654 -149.64108757323132 1384.3239211621976 1147 1155 -1
1152 2.7124702774947043 -145.15685459741698 1385.9831452448352 1148 1156 -1
1153 -10.424943138514854 -164.15118575804195 1342.6153290626241 1149 1157 -1
1154 -22.924741842890914 -150.61920779310606 1384.61864578762 1150 1158 -1
1155 -19.556743676853184 -149.59186386464347 1384.4907851606174 1151 1159 -1
1156 2.7332603078123774 -145.12859166960976 1386.1858628558457 1152 1160 -1
1157 -10.472115907631345 -164.13752234082085 1342.4465919212828 1153 1161 -1
1158 -23.065982097774366 -150.57747199912285 1384.775297836196 1154 1162 -1
1159 -19.54840180656114 -149.55104943959643 1384.6596846932555 1155 1163 -1
1160 2.7529791232651215 -145.1034708607883 1386.3891005221767 1156 1164 -1
1161 -10.518186758602736 -164.1234024576187 1342.2775881459615 1157 1165 -1
1162 -23.20664608569895 -150.53368511312257 1384.9319085270479 1158 1166 -1
1163 -19.530015167774216 -149.51999316590073 1384.8298464777238 1159 1167 -1
1164 2.7717409383167886 -145.08153705501297 1386.5927969251873 1160 1168 -1
1165 -10.563096294731997 -164.10883298865605 1342.1083101918841 1161 1169 -1
1166 -23.34672357983006 -150.48787006179836 1385.0884647227222 1162 1170 -1
1167 -19.5 -149.5 1385.0 1163 -1 -1
1168 2.7896289379409946 -145.06292754999907 1386.796902400248 1164 1171 -1
1169 -10.606780527454701 -164.09381943542758 1341.938750672256 1165 1172 -1
1170 -23.486205074918605 -150.44005093167644 1385.244953761326 1166 1173 -1
1171 2.806733461112526 -145.04773314958422 1387.001357388201 1168 1174 -1
1172 -10.649182751295193 -164.0783701618042 1341.76890513913 1169 1175 -1
1173 -23.62508118664365 -150.3902509550832 1385.4013633909217 1170 1176 -1
1174 2.8231568240599643 -145.0359090820149 1387.2060909665174 1171 1177 -1
1175 -10.690242714795735 -164.06249235765569 1341.598769618957 1172 1178 -1
1176 -23.76334410862136 -150.3384971911969 1385.557681981372 1173 1179 -1
1177 2.83897388320732 -145.02755149806336 1387.4110430319547 1174 1180 -1
1178 -10.729898553320954 -164.04619294102767 1341.428341179079 1175 1181 -1
1179 -23.900986852161807 -150.28481779737615 1385.7138984756878 1176 1182 -1
1180 2.8542946405165894 -145.02255643401847 1387.6161421595364 1177 1183 -1
1181 -10.768085681308115 -164.02947838704705 1341.2576178327863 1178 1184 -1
1182 -24.038002911611756 -150.22924094998749 1385.8700023446593 1179 1185 -1
1183 2.869202245767556 -145.0209915647585 1387.8213267170283 1180 1186 -1
1184 -10.804746670614628 -164.01235738702118 1341.0866005282965 1181 1187 -1
1185 -24.1743862647567 -150.17179488435332 1386.0259835813142 1182 1188 -1
1186 2.8837945472018114 -145.02282844066903 1388.026531522983 1183 1189 -1
1187 -10.839819945755218 -163.99483761973318 1340.915290913344 1184 1190 -1
1188 -24.31013109101089 -150.11250712991108 1386.1818326358978 1185 1191 -1
1189 2.898166197611557 -145.02804418572163 1388.2316940460566 1186 1192 -1
1190 -10.873240964257487 -163.97692632766677 1340.7436917625969 1187 1193 -1
1191 -24.445234203419684 -150.05141132728326 1386.3375409582536 1188 1194 -1
1192 2.9124093246419207 -145.03671128626914 1388.4367486762237 1189 1195 -1
1193 -10.904947337302046 -163.95863158347876 1340.571807976849 1190 1196 -1
1194 -24.579692148777763 -149.98853877830103 1386.4931004139391 1191 1197 -1
1195 2.9266215171847683 -145.04874187975304 1388.6416355436877 1192 1198 -1
1196 -10.934880544037577 -163.93996247872383 1340.3996467878696 1193 1199 -1
1197 -24.71350093374532 -149.9239180065856 1386.6485031654058 1194 1200 -1
1198 2.9408981462509822 -145.0642028183361 1388.8462877717577 1195 1201 -1
1199 -10.962979303728968 -163.920927644116 1340.227216718011 1196 1202 -1
1200 -24.8466594891197 -149.85758401522145 1386.8037425220548 1197 1203 -1
1201 2.9553358688961375 -145.08306744446935 1389.0506428340286 1198 1204 -1
1202 -10.989205313662698 -163.90153543807673 1340.054531632855 1199 1205 -1
1203 -24.979166938334654 -149.78957075060833 1386.9588123112449 1200 1206 -1
1204 2.9700280678493347 -145.10530674298 1389.254640266837 1201 1207 -1
1205 -11.013596278226185 -163.88179738269596 1339.8816169145427 1202 1208 -1
1206 -25.11102130632067 -149.71990803686467 1387.1137064984541 1203 1209 -1
1207 2.9850813311359334 -145.1310110420087 1389.458203687587 1204 1210 -1
1208 -11.03619734462591 -163.8617245933887 1339.7084975914174 1205 1211 -1
1209 -25.242223929084158 -149.6486327038904 1387.2684203742576 1206 1212 -1
1210 3.000583530269533 -145.16008889850758 1389.6612786488968 1207 1213 -1
1211 -11.0570513331038 -163.84132754536424 1339.5351969415403 1208 1214 -1
1212 -25.372775855431804 -149.57577937711582 1387.4229496040284 1209 1215 -1
1213 3.016637880149188 -145.19258401565583 1389.8637920223873 1210 1216 -1
1214 -11.076201953172024 -163.8206166866056 1339.361736945206 1211 1217 -1
1215 -25.50267716020648 -149.50137910250086 1387.5772899898393 1212 1218 -1
1216 3.033347819685743 -145.22851486541632 1390.065670723103 1213 1219 -1
1217 -11.093700627346678 -163.79960367791818 1339.188138794385 1214 1220 -1
1218 -25.631931823870996 -149.42547087297325 1387.7314388954587 1215 1221 -1
1219 3.0508010640264853 -145.26782806998798 1390.2668549943846 1216 1222 -1
1220 -11.109593975439262 -163.77829909480369 1339.0144217771922 1217 1223 -1
1221 -25.760541667390267 -149.34808729376147 1387.8853934727376 1218 1224 -1
1222 3.069113417022604 -145.31059216675322 1390.4672575094833 1219 1225 -1
1223 -11.123925085741812 -163.7567126940684 1338.8406036387257 1220 1226 -1
1224 -25.888510460218452 -149.2692642333038 1388.0391518661766 1221 1227 -1
1225 3.088377213462173 -145.3567711649213 1390.6668108984934 1222 1228 -1
1226 -11.136748512598077 -163.73485611086397 1338.6667014864236 1223 1229 -1
1227 -26.015843020439856 -149.1890386074157 1388.1927129557544 1224 1230 -1
1228 3.1086840087766467 -145.40633904083077 1390.8654459247912 1225 1231 -1
1229 -11.14811132572296 -163.71273944729987 1338.492730615221 1226 1232 -1
1230 -26.142542570768303 -149.10744267447652 1388.3460755213025 1227 1233 -1
1231 3.130162787278242 -145.45937806194996 1391.0630584811684 1228 1234 -1
1232 -11.158059252586924 -163.6903724027285 1338.3187050717406 1229 1235 -1
1233 -26.268616246303722 -149.02451596721806 1388.4992399642376 1230 1236 -1
1234 3.1528911909821726 -145.51581465956616 1391.259586750339 1231 1237 -1
1235 -11.166646750958643 -163.66776604746758 1338.1446379738863 1232 1238 -1
1236 -26.394068390037344 -148.94029091761215 1388.6522061901485 1233 1239 -1
1237 3.176966300350356 -145.57564017680647 1391.4549490518527 1234 1240 -1
1238 -11.173918366046442 -163.64492954371198 1337.9705409406758 1235 1241 -1
1239 -26.518906526930426 -148.85480552528753 1388.8049754954686 1236 1242 -1
1240 3.202526124382134 -145.63893485403904 1391.649025234165 1237 1243 -1
1241 -11.179925666150273 -163.62187313030512 1337.7964246492886 1238 1244 -1
1242 -26.643137136112525 -148.76809452261617 1388.9575492138808 1239 1245 -1
1243 3.2296355040129443 -145.70560708631444 1391.841755062902 1240 1246 -1
1244 -11.184717920106525 -163.5986064908953 1337.6222986085095 1241 1247 -1
1245 -26.766767558557213 -148.68019337294436 1389.1099293179923 1242 1248 -1
1246 3.258371368510893 -145.77563924383358 1392.0330527120636 1243 1249 -1
1247 -11.188341262988672 -163.5751386286481 1337.4481712971096 1244 1250 -1
1248 -26.88980635230601 -148.5911389096526 1389.262118527708 1245 1251 -1
1249 3.288782605100332 -145.8490409394818 1392.2228220645259 1246 1252 -1
1250 -11.190848274198723 -163.55147951732846 1337.2740501867058 1247 1253 -1
1251 -27.012260792808966 -148.5009645176282 1389.4141194960644 1248 1254 -1
1252 3.320830726649693 -145.92566198853228 1392.4110428947092 1249 1255 -1
1253 -11.192282152512979 -163.52763739592655 1337.0999418703223 1250 1256 -1
1254 -27.134141248011414 -148.40970853989913 1389.5659362090855 1251 1257 -1
1255 3.35451698223921 -146.0054337778158 1392.5976623519227 1252 1258 -1
1256 -11.192696013737756 -163.5036220715959 1336.9258519224013 1253 1259 -1
1257 -27.25545502224531 -148.31740266160534 1389.7175720011999 1254 1260 -1
1258 3.389877731058304 -146.08835166125795 1392.7825931115158 1255 1261 -1
1259 -11.192132275497706 -163.4794414186093 1336.7517852591027 1256 1262 -1
1260 -27.376213703519085 -148.22408562978498 1389.8690318952808 1257 1263 -1
1261 3.426872554106465 -146.17426704604733 1392.9658278395098 1258 1264 -1
1262 -11.190642281100237 -163.4551047122589 1336.57774578967 1259 1265 -1
1263 -27.496425740389014 -148.12978960994138 1390.0203202316934 1260 1266 -1
1264 3.465500116537364 -146.2631067931893 1393.147323335869 1261 1267 -1
1265 -11.188269422521193 -163.4306197839285 1336.4037368896206 1262 1268 -1
1266 -27.61610273354623 -148.03455162723154 1390.171442646474 1263 1269 -1
1267 3.5057974904835714 -146.35486313883098 1393.3269956020608 1264 1270 -1
1268 -11.185061467354421 -163.4059951046267 1336.2297610866378 1265 1271 -1
1269 -27.735254525154147 -147.9384048206174 1390.3224045253207 1266 1272 -1
1270 3.5477222291253843 -146.44938983040544 1393.5048498764363 1267 1273 -1
1271 -11.18106418132988 -163.3812387034784 1336.0558203070827 1268 1274 -1
1272 -27.853892744039964 -147.8413846987957 1390.4732120907966 1269 1275 -1
1273 3.591272204851893 -146.54661327334685 1393.6808506757554 1270 1276 -1
1274 -11.176323186159216 -163.35635805647635 1335.88191592183 1271 1277 -1
1275 -27.972028451992998 -147.74352508741478 1390.6238716732933 1272 1278 -1
1276 3.6364842166817106 -146.64652120328444 1393.8549184251744 1273 1279 -1
1277 -11.170891412321621 -163.331361268828 1335.7080483829063 1274 1280 -1
1278 -28.08967334774784 -147.64486021754226 1390.7743900659073 1275 1281 -1
1279 3.683315088734785 -146.74897273745196 1394.0270688137975 1276 1282 -1
1280 -11.164816569109203 -163.30625547317186 1335.5342178167803 1277 1283 -1
1281 -28.206839541334322 -147.54542434551055 1390.9247744419465 1278 1284 -1
1282 3.731764581337306 -146.85389842898851 1394.197270435412 1279 1285 -1
1283 -11.158147922231308 -163.2810480030262 1335.360423720783 1280 1286 -1
1284 -28.32353884055786 -147.44525064531126 1391.0750321498742 1281 1287 -1
1285 3.781866032331486 -146.96127714808773 1394.3654519233387 1282 1288 -1
1286 -11.150934989382376 -163.25574618978453 1335.1866650618185 1283 1289 -1
1287 -28.439784243312804 -147.34437358943975 1391.2251711071435 1284 1290 -1
1288 3.83357781402714 -147.0709773074132 1394.531635696896 1285 1291 -1
1289 -11.143224658657775 -163.2303568684801 1335.0129405175942 1286 1292 -1
1290 -28.55558770535752 -147.24282550235728 1391.3751992032683 1287 1293 -1
1291 3.8869047955354445 -147.1829378126149 1394.6957895313462 1288 1294 -1
1292 -11.13506335345478 -163.2048867493999 1334.8392483939347 1289 1295 -1
1293 -28.670962961405984 -147.1406408931088 1391.5251250049616 1290 1296 -1
1294 3.94187214226947 -147.2971233814021 1394.8578563145534 1291 1297 -1
1295 -11.12649873281596 -163.17934274098872 1334.6655865338562 1292 1298 -1
1296 -28.785922155134358 -147.0378514340361 1391.6749569288224 1293 1299 -1
1297 3.9984426771296118 -147.41341553989287 1395.0178602572075 1294 1300 -1
1298 -11.117576428597001 -163.15373137127239 1334.4919525973926 1295 1301 -1
1299 -28.900479615386786 -146.9344915218263 1391.8247041009583 1296 1302 -1
1300 4.056629864464991 -147.53176476797947 1395.1757626445763 1297 1303 -1
1301 -11.10834137513203 -163.12805902406475 1334.3183440128314 1298 1304 -1
1302 -29.01464771520316 -146.83059236470623 1391.974375450366 1299 1305 -1
1303 4.116445033096103 -147.65211686807453 1395.3315282979152 1300 1306 -1
1304 -11.09883765385287 -163.10233190344206 1334.1447580316508 1301 1307 -1
1305 -29.128441242974205 -146.72618812676785 1392.12398057916 1302 1308 -1
1306 4.177858700410462 -147.7743695311923 1395.4851775020725 1303 1309 -1
1307 -11.089109962915483 -163.07655635061545 1333.9711916384483 1304 1310 -1
1308 -29.241872843493667 -146.6213097295364 1392.2735289116595 1305 1311 -1
1309 4.240896468590036 -147.89848673933864 1395.636659043267 1306 1312 -1
1310 -11.07920160989732 -163.05073844283396 1333.797641756621 1307 1313 -1
1311 -29.354957638698238 -146.51599101286644 1392.4230304508883 1308 1314 -1
1312 4.3055496737525365 -148.0243920578723 1395.7859683129552 1309 1315 -1
1313 -11.069155349972174 -163.02488416131246 1333.6241052153875 1310 1316 -1
1314 -29.467708587044037 -146.4102627755169 1392.5724950947833 1311 1317 -1
1315 4.371799893238773 -148.1520012502094 1395.9331155955363 1312 1318 -1
1316 -11.059013394934494 -162.9989993971519 1333.4505787827763 1313 1319 -1
1317 -29.580141027771887 -146.30415847175584 1392.721933182646 1314 1320 -1
1318 4.439688306468007 -148.28129232297118 1396.0780311928042 1315 1321 -1
1319 -11.04881742252555 -162.97308995713541 1333.2770591972605 1316 1322 -1
1320 -29.69226827218459 -146.19770892362786 1392.8713550569003 1317 1323 -1
1321 4.509179974869688 -148.41216522074907 1396.2207500413301 1318 1324 -1
1322 -11.038608585897322 -162.94716156938085 1333.1035431980968 1319 1325 -1
1323 -29.804105772170388 -146.09094717205312 1393.020771341481 1320 1326 -1
1324 4.580282036952234 -148.54456452769773 1396.3612508720564 1321 1327 -1
1325 -11.028427577833064 -162.92121988258205 1332.9300275521437 1322 1328 -1
1326 -29.915667225356035 -145.9839041847698 1393.1701927834602 1323 1329 -1
1327 4.6530209120501915 -148.6784509642259 1396.4994862545457 1324 1330 -1
1328 -11.018314535309443 -162.89527049904902 1332.7565090838239 1325 1331 -1
1329 -30.026968105622757 -145.87661259990904 1393.3196302555687 1326 1332 -1
1330 4.727362819877524 -148.81373204644268 1396.6354930292823 1327 1333 -1
1331 -11.008309056384881 -162.86931894171664 1332.5829847070556 1328 1334 -1
1332 -30.13802252106381 -145.76910362268345 1393.4690948552748 1329 1335 -1
1333 4.803340305650912 -148.95037394742363 1396.7692166139948 1330 1336 -1
1334 -10.998450257394412 -162.84337067291355 1332.4094514458961 1331 1337 -1
1335 -30.248845893824136 -145.66140954334398 1393.6185976871368 1332 1338 -1
1336 4.8809442402537515 -149.08830702225438 1396.9006609941641 1333 1339 -1
1337 -10.98877677493999 -162.81743110194154 1332.235906458981 1334 1340 -1
1338 -30.35945275309862 -145.55356185764472 1393.76815012632 1335 1341 -1
1339 4.960162524265289 -149.2274619864142 1397.02983517882 1336 1342 -1
1340 -10.979326773299197 -162.79150558955607 1332.0623470630167 1337 1343 -1
1341 -30.46985841583565 -145.4455926144102 1393.9177635143305 1338 1344 -1
1342 5.041042920359545 -149.36781290005587 1397.1566641635686 1339 1345 -1
1343 -10.970137951105599 -162.7655994522133 1331.8887707552929 1340 1346 -1
1344 -30.58007782485091 -145.337533605193 1394.0674494086252 1341 1347 -1
1345 5.123543270652795 -149.50926964955494 1397.2812002335722 1342 1348 -1
1346 -10.961247547212075 -162.7397179660743 1331.7151752352404 1343 1349 -1
1347 -30.690126162361217 -145.22941680363826 1394.2172194181508 1344 1350 -1
1348 5.207693163852596 -149.6517930860168 1397.4033946394504 1345 1351 -1
1349 -10.95269244263575 -162.71386637991893 1331.5415584190239 1346 1352 -1
1350 -30.800018754279353 -145.12127424452126 1394.3670851601696 1347 1353 -1
1351 5.293497510625085 -149.79532628839573 1397.5232336647991 1348 1354 -1
1352 -10.944509321436069 -162.6880499362998 1331.3679184505531 1349 1355 -1
1353 -30.909770646343546 -145.01313806153482 1394.5170585701721 1350 1356 -1
1354 5.380936790113072 -149.93979964016376 1397.6407387602405 1351 1357 -1
1355 -10.936733833966493 -162.66227379267474 1331.1942537724035 1352 1358 -1
1356 -31.01939746083721 -144.90504042947194 1394.6671512047733 1353 1359 -1
1357 5.470066094982284 -150.0851846880497 1397.7558247428499 1354 1360 -1
1358 -10.92940144763265 -162.63654310312705 1331.0205630902808 1355 1361 -1
1359 -31.128914221103813 -144.79701390207285 1394.8173753163846 1356 1362 -1
1360 5.560843696033193 -150.23140070597847 1397.8685450169974 1357 1363 -1
1361 -10.922547184339114 -162.61086299756792 1330.8468454069082 1358 1364 -1
1362 -31.238337488824907 -144.68909343337958 1394.9677437143905 1359 1365 -1
1363 5.653297730521838 -150.37840424225857 1397.978852866341 1360 1366 -1
1364 -10.916205620013129 -162.58523858411442 1330.6731000383115 1361 1367 -1
1365 -31.347691117888786 -144.58133699381435 1395.1182803058205 1362 1368 -1
1366 5.747439888202457 -150.52614200005874 1398.0867248703219 1363 1369 -1
1367 -10.910410882881173 -162.55967495116633 1330.4993266292286 1364 1370 -1
1368 -31.457003054202666 -144.47381466512886 1395.2690144348098 1365 1371 -1
1369 5.843248907564132 -150.67454810736865 1398.19218515048 1366 1372 -1
1370 -10.905196650462894 -162.53417716917545 1330.3255251676396 1367 1373 -1
1371 -31.566301271905267 -144.36659673983164 1395.4199751571873 1368 1374 -1
1372 5.940780630583294 -150.82358596771635 1398.295145797668 1369 1375 -1
1373 -10.900597392744544 -162.50875043868157 1330.15169594634 1370 1376 -1
1374 -31.675613725377485 -144.25975562858943 1395.5711924914947 1371 1377 -1
1375 6.039997071735789 -150.97318412357893 1398.3956546476613 1372 1378 -1
1376 -10.896645793486778 -162.48339979592822 1329.977839696644 1373 1379 -1
1377 -31.78496832133172 -144.15336331466997 1395.7226954891223 1374 1380 -1
1378 6.1409242507491 -151.12329418412253 1398.4936662050213 1375 1381 -1
1379 -10.893373412507382 -162.4581301817849 1329.8039575540427 1376 1382 -1
1380 -31.894392873108437 -144.0474932586007 1395.8745134753842 1377 1383 -1
1381 6.243578403354184 -151.27386245328688 1398.5891484527376 1378 1384 -1
1382 -10.89081209563635 -162.43294661119316 1329.6300510127046 1379 1385 -1
1383 -32.00391540662085 -143.94222172652297 1396.0266765844194 1380 1386 -1
1384 6.347936666990139 -151.42482618934972 1398.6821262903952 1381 1387 -1
1385 -10.888993817469597 -162.4078541615989 1329.4561219537395 1382 1388 -1
1386 -32.11356354618703 -143.83762433545485 1396.1792136362237 1383 1389 -1
1387 6.454053555519478 -151.57613899819782 1398.772510032098 1384 1390 -1
1388 -10.887951928873282 -162.38285813578207 1329.2821726408922 1385 1391 -1
1389 -32.223364907463804 -143.7337790284599 1396.3321537603688 1386 1392 -1
1390 6.561895598423779 -151.72773607415024 1398.8603389408852 1387 1393 -1
1391 -10.887714229731728 -162.35796319514722 1329.1082058902416 1388 1394 -1
1392 -32.333347085598255 -143.63076597901863 1396.4855261404787 1389 1395 -1
1393 6.671482799203005 -151.87956300291373 1398.9455726268334 1390 1396 -1
1394 -10.888310579699152 -162.33317430237562 1328.9342248664937 1391 1397 -1
1395 -32.44353775405198 -143.52866821309124 1396.6393601472862 1392 1398 -1
1396 6.78283857287055 -152.03156303032574 1399.0281642846417 1393 1399 -1
1397 -10.88977387496314 -162.30849686818533 1328.7602331410528 1394 1400 -1
1398 -32.55396387438587 -143.42756857587946 1396.7936836889778 1395 1401 -1
1399 6.895935561079085 -152.1836751700182 1399.1081422485556 1396 1402 -1
1400 -10.89213120860872 -162.28393561561222 1328.586234808992 1397 1403 -1
1401 -32.6646524534906 -143.32755342779453 1396.948524926531 1398 1404 -1
1402 7.010821914344978 -152.33584202727548 1399.1854202884206 1399 1405 -1
1403 -10.89540954076193 -162.25949529597284 1328.4122343739587 1400 1406 -1
1404 -32.775630227904394 -143.22871159337902 1397.1039115544456 1401 1407 -1
1405 7.127473931186786 -152.488002275904 1399.2600191910037 1402 1408 -1
1406 -10.899641553129982 -162.2351814771797 1328.2382368104206 1403 1409 -1
1407 -32.886923601357005 -143.13113451307962 1397.2598706965434 1404 1410 -1
1408 7.24589664330769 -152.64009593826015 1399.3319154722087 1405 1411 -1
1409 -10.904851131378582 -162.21099862154335 1328.0642475362954 1406 1412 -1
1410 -32.99855857264665 -143.0349163893357 1397.4164287884169 1407 1413 -1
1411 7.366126992137004 -152.7920584875881 1399.4010349270814 1408 1414 -1
1412 -10.911065200328409 -162.1869516474416 1327.8902724151446 1409 1415 -1
1413 -33.1105606530003 -142.94015432514334 1397.5736114454558 1410 1416 -1
1414 7.488127598046976 -152.94383058251708 1399.467416310055 1411 1417 -1
1415 -10.91831406166016 -162.16304600065018 1327.7163178717235 1412 1418 -1
1416 -33.22295477207929 -142.84694845292984 1397.7314433154022 1413 1419 -1
1417 7.61193313164641 -153.0953448476551 1399.5309856351237 1414 1420 -1
1418 -10.926617416080246 -162.13928573368403 1327.542390562279 1415 1421 -1
1419 -33.335765171815346 -142.75540205123255 1397.889947914443 1416 1422 -1
1420 7.73753750124488 -153.24653675146465 1399.5917301956656 1417 1423 -1
1421 -10.936007883002365 -162.1156767446451 1327.368497965876 1418 1424 -1
1422 -33.44901528730363 -142.66562164630392 1398.0491474459393 1419 1425 -1
1423 7.864921387476155 -153.3973453232263 1399.6496571858293 1420 1426 -1
1424 -10.946502638571395 -162.09222284441339 1327.1946475429734 1421 1427 -1
1425 -33.562727614060044 -142.57771709536752 1398.209062601027 1422 1428 -1
1426 7.994135161508456 -153.54769095969542 1399.7046607725104 1423 1429 -1
1427 -10.958132002325598 -162.0689297483518 1327.0208477157082 1424 1430 -1
1428 -33.67692356105427 -142.49180164783627 1398.3697123404922 1425 1431 -1
1429 8.125132031074083 -153.6975169359728 1399.7567883109923 1426 1432 -1
1430 -10.970913099744864 -162.04580136481113 1326.8471067964551 1427 1433 -1
1431 -33.79162328907637 -142.40799198038223 1398.531113657584 1428 1434 -1
1432 8.257923225646257 -153.84675091207592 1399.8059926848339 1429 1435 -1
1433 -10.984874930196424 -162.0228433620094 1326.6734341780107 1430 1436 -1
1434 -33.90684576446148 -142.32640920336223 1398.693281653978 1431 1437 -1
1435 8.392527238378385 -153.9953135614276 1399.8522115365388 1432 1438 -1
1436 -11.0 -162.0 1326.5 1433 -1 -1
1437 -34.022608707230155 -142.24717957368793 1398.856229437466 1434 1439 -1
1438 8.528903634667868 -154.14314705924517 1399.8954779480755 1435 1440 -1
1439 -34.138926769071304 -142.17042728264514 1399.0199655299134 1437 1441 -1
1440 8.667078014593205 -154.2901650101956 1399.9357128441934 1438 1442 -1
1441 -34.25581337740121 -142.0962833195283 1399.1844965350654 1439 1443 -1
1442 8.807030587418476 -154.43629781670901 1399.972910319898 1440 1444 -1
1443 -34.37328068921495 -142.0248867584246 1399.3498269781594 1441 1445 -1
1444 8.948732782986033 -154.58148138171373 1400.0070785308235 1442 1446 -1
1445 -34.49133593138369 -141.95636816991657 1399.515954303551 1443 1447 -1
1446 9.092220263810338 -154.7256118945647 1400.0381103113764 1444 1448 -1
1447 -34.60998619278702 -141.8908737842726 1399.682875407849 1445 1449 -1
1448 9.237435152495358 -154.86863827312925 1400.0660599550315 1446 1450 -1
1449 -34.7292331132982 -141.82854004534462 1399.8505794840567 1447 1451 -1
1450 9.384372920110179 -155.01047670976436 1400.090885802674 1448 1452 -1
1451 -34.84907722488739 -141.7695171228382 1400.019053768936 1449 1453 -1
1452 9.533032881847964 -155.15103539229239 1400.1125328056312 1450 1454 -1
1453 -34.96951306094171 -141.71394315347794 1400.1882771915523 1451 1455 -1
1454 9.683294708586343 -155.29031998827145 1400.1311450464411 1452 1456 -1
1455 -35.090534011163804 -141.66197311065199 1400.3582265505504 1453 1457 -1
1456 9.835052273264465 -155.42833839360722 1400.146828751521 1454 1458 -1
1457 -35.21212659886205 -141.61374526141913 1400.5288693446187 1455 1459 -1
1458 9.988160009464112 -155.5651438990083 1400.1597803368272 1456 1460 -1
1459 -35.33427447371714 -141.56940596980306 1400.7001687639863 1457 1461 -1
1460 10.142485687287913 -155.70079386337056 1400.170188421312 1458 1462 -1
1461 -35.456957042902204 -141.52910300181725 1400.8720819211005 1459 1463 -1
1462 10.297940512621883 -155.83531506861257 1400.1781632377435 1460 1464 -1
1463 -35.5801474761316 -141.49296964733983 1401.0445576490742 1461 1465 -1
1464 10.454384300044035 -155.96879830934327 1400.183940833901 1462 1466 -1
1465 -35.70381505940628 -141.46114202959998 1401.2175392550232 1463 1467 -1
1466 10.611732411951854 -156.10128888903589 1400.1876492975257 1464 1468 -1
1467 -35.82792470086076 -141.43375734937985 1401.390963857296 1465 1469 -1
1468 10.76988165058134 -156.23286202147034 1400.1894703655712 1466 1470 -1
1469 -35.95243492470555 -141.41093110963968 1401.5647605353474 1467 1471 -1
1470 10.928736420674012 -156.3635954805064 1400.1895817445961 1468 1472 -1
1471 -36.07730012654803 -141.39277454791048 1401.7388527083613 1469 1473 -1
1472 11.088224223069643 -156.49354792162663 1400.1881149972317 1470 1474 -1
1473 -36.20246702493189 -141.37929313218152 1401.9131531768019 1471 1475 -1
1474 11.24824836747843 -156.6228166243684 1400.18527288814 1472 1476 -1
1475 -36.32787817348209 -141.37034846724592 1402.0875701793168 1473 1477 -1
1476 11.408746086661214 -156.75146341256075 1400.1811808146472 1474 1478 -1
1477 -36.45348114800128 -141.36579251717583 1402.262019353466 1475 1479 -1
1478 11.569635071276611 -156.87958222295612 1400.1760235870547 1476 1480 -1
1479 -36.57922884432708 -141.36547973893926 1402.436423792733 1477 1481 -1
1480 11.73085029735457 -157.00725002110158 1400.1699474600807 1478 1482 -1
1481 -36.70507864031369 -141.36923975512423 1402.610714605807 1479 1483 -1
1482 11.892324825839047 -157.13455117245636 1400.163109670589 1480 1484 -1
1483 -36.830993506814615 -141.3769183614228 1402.7848300553974 1481 1485 -1
1484 12.053992386628943 -157.2615734864053 1400.1556719789523 1482 1486 -1
1485 -36.956941041089685 -141.38834015826632 1402.958716716249 1483 1487 -1
1486 12.215793367499181 -157.38839836084938 1400.1477790428962 1484 1488 -1
1487 -37.08289376504859 -141.4033482717842 1403.1323271325502 1485 1489 -1
1488 12.377663634624044 -157.5151163895775 1400.1395953601084 1486 1490 -1
1489 -37.208828681646516 -141.421766798237 1403.3056221108757 1487 1491 -1
1490 12.539543535533573 -157.641812829639 1400.1312689483455 1488 1492 -1
1491 -37.334727099902686 -141.44343087738662 1403.478568189951 1489 1493 -1
1492 12.701372321326042 -157.7685755298547 1400.1229575611499 1490 1494 -1
1493 -37.460574199099916 -141.46818076871062 1403.6511373794924 1491 1495 -1
1494 12.86308838116879 -157.89549299543387 1400.1148161906294 1492 1496 -1
1495 -37.58635897735061 -141.49585040148696 1403.8233083033074 1493 1497 -1
1496 13.024629262945746 -158.0226538417817 1400.1070024080072 1494 1498 -1
1497 -37.71207374711098 -141.52628103215508 1403.995064202683 1495 1499 -1
1498 13.185934071719627 -158.150142441064 1400.0996682658679 1496 1500 -1
1499 -37.83771387603894 -141.5593175534427 1404.16639291584 1497 1501 -1
1500 13.346930286090315 -158.27805620814095 1400.0929876987796 1498 1502 -1
1501 -37.96327750026736 -141.5948084907703 1404.3372864878193 1499 1503 -1
1502 13.507558272109396 -158.40647089881816 1400.0871035886626 1500 1504 -1
1503 -38.08876523901132 -141.63260630150367 1404.5077407446581 1501 1505 -1
1504 13.667737615898202 -158.53548557986082 1400.082198902542 1502 1506 -1
1505 -38.21417992034575 -141.67256759655726 1404.6777548844434 1503 1507 -1
1506 13.827397349755941 -158.66518047847634 1400.078430326637 1504 1508 -1
1507 -38.339526231595364 -141.71455601201467 1404.84733046469 1505 1509 -1
1508 13.986461375862188 -158.79563617583494 1400.0759589189306 1506 1510 -1
1509 -38.46481071535703 -141.75843538362406 1405.0164725366078 1507 1511 -1
1510 14.14482882120518 -158.926956017035 1400.0749912017855 1508 1512 -1
1511 -38.59004159637338 -141.80407282007312 1405.1851886702439 1509 1513 -1
1512 14.302425807243237 -159.05920092338116 1400.0756662324054 1510 1514 -1
1513 -38.71523203168016 -141.85131679836624 1405.3534922435445 1511 1515 -1
1514 14.459147320388167 -159.19245998565702 1400.078179649676 1512 1516 -1
1515 -38.840399835093805 -141.89999207353307 1405.5214044577453 1513 1517 -1
1516 14.614880373961299 -159.32681882968598 1400.0827309884132 1514 1518 -1
1517 -38.965564071993036 -141.9499344990727 1405.688946922134 1515 1519 -1
1518 14.769529017250782 -159.46233273253372 1400.0894725658322 1516 1520 -1
1519 -39.09074478731219 -142.00098121372852 1405.8561439964938 1517 1521 -1
1520 14.922962254799419 -159.59908170886285 1400.0986141341048 1518 1522 -1
1521 -39.21596285529409 -142.05297994548908 1406.0230194989972 1519 1523 -1
1522 15.075041578337359 -159.73713700639684 1400.1103631845258 1520 1524 -1
1523 -39.34123955660541 -142.10577960047962 1406.1895993021612 1521 1525 -1
1524 15.225650714211199 -159.8765344983789 1400.1248710128796 1522 1526 -1
1525 -39.46659651870973 -142.15923572345983 1406.3559091871473 1523 1527 -1
1526 15.374705788260062 -160.01726807150413 1400.1422493550606 1524 1528 -1
1527 -39.59205556580291 -142.2132086627634 1406.5219750327044 1525 1529 -1
1528 15.5221689640812 -160.15928063652 1400.1625570828685 1526 1530 -1
1529 -39.717638545602924 -142.26756287417842 1406.6878227332943 1527 1531 -1
1530 15.668065653475631 -160.3024655042076 1400.1857415464422 1528 1532 -1
1531 -39.84336722038918 -142.32216666422266 1406.8534779689342 1529 1533 -1
1532 15.81239454069204 -160.44674078860717 1400.211802161347 1530 1534 -1
1533 -39.96926302202809 -142.3768917978252 1407.018966156374 1531 1535 -1
1534 15.955141826287793 -160.5920330841133 1400.240764012466 1532 1536 -1
1535 -40.095347028661564 -142.43161347719237 1407.1843121398279 1533 1537 -1
1536 16.09631456763528 -160.73825563034285 1400.2726168496197 1534 1538 -1
1537 -40.22163999792263 -142.48620984574472 1407.3495400214522 1535 1539 -1
1538 16.235935760104308 -160.8853157971635 1400.3073239730245 1536 1540 -1
1539 -40.34816196491206 -142.54056187878987 1407.5146732207597 1537 1541 -1
1540 16.37401673621208 -161.03313049742616 1400.3448728258984 1538 1542 -1
1541 -40.47493235133852 -142.59455313466373 1407.679734212226 1539 1543 -1
1542 16.51055089735631 -161.18162504212742 1400.3852870327992 1540 1544 -1
1543 -40.60196983288798 -142.64806955125442 1407.8447444516128 1541 1545 -1
1544 16.645569332936674 -161.33070923087365 1400.4285233593441 1542 1546 -1
1545 -40.72929225790234 -142.700999259327 1408.0097242751842 1543 1547 -1
1546 16.77909928407237 -161.4802984688271 1400.4745480185625 1544 1548 -1
1547 -40.856916854218014 -142.75323169361656 1408.1746928119717 1545 1549 -1
1548 16.91116293939089 -161.63031246026236 1400.5233390836886 1546 1550 -1
1549 -40.984859950217775 -142.80465770346856 1408.339667951915 1547 1551 -1
1550 17.041759790910415 -161.78067667493963 1400.5749207907945 1548 1552 -1
1551 -41.11313600423411 -142.85517202504258 1408.5046661544661 1549 1553 -1
1552 17.170940175891438 -161.93130606609125 1400.629223210429 1550 1554 -1
1553 -41.24175926441518 -142.90466855352255 1408.6697024598182 1551 1555 -1
1554 17.29873498987326 -162.0821237667546 1400.6862151022185 1552 1556 -1
1555 -41.37074280553841 -142.95304232451787 1408.8347904210684 1553 1557 -1
1556 17.425168503580807 -162.23305514896705 1400.745880430485 1554 1558 -1
1557 -41.5 -143.0 1409.0 1555 1559 1560
1558 17.550259243958024 -162.38402548911222 1400.808217624747 1556 1561 -1
1559 -41.51786388286393 -143.07331302663547 1409.1794689872338 1557 1562 -1
1560 -41.56085342577757 -142.82485096054313 1409.0060932148765 1557 1563 -1
1561 17.674061867907234 -162.53496155286902 1400.8731548155563 1558 1564 -1
1562 -41.5350407021449 -143.14837283304203 1409.358446301782 1559 1565 -1
1563 -41.619905729845115 -142.64897198877244 1409.0052461550938 1560 1566 -1
1564 17.796611526939166 -162.68579367727062 1400.940660026657 1561 1567 -1
1565 -41.55143730489483 -143.2251729193791 1409.5367572264665 1562 1568 -1
1566 -41.677317844886545 -142.4726913299562 1408.9981057141563 1563 1569 -1
1567 17.917924382876198 -162.83644983557713 1401.010743253119 1564 1570 -1
1568 -41.567036808422 -143.30373032645653 1409.7143727329515 1565 1571 -1
1569 -41.733274970078085 -142.29626432904018 1408.9852634998047 1566 1572 -1
1570 18.03805281736257 -162.98686401183514 1401.0833410061757 1567 1573 -1
1571 -41.58182232007322 -143.38406117310376 1409.8912631291682 1568 1574 -1
1572 -41.78796822744794 -142.11988825162388 1408.967284475294 1569 1575 -1
1573 18.157041268017807 -163.13697294773692 1401.1584062613824 1570 1576 -1
1574 -41.595776963348094 -143.46618060104586 1410.0673980889849 1571 1577 -1
1575 -41.841590055167735 -141.9437116614755 1408.9447001185706 1572 1578 -1
1576 18.274914458933004 -163.28670855801133 1401.2359365939544 1573 1579 -1
1577 -41.608883904948 -143.55010272052172 1410.2427466852698 1574 1580 -1
1578 -41.89433195379334 -141.76784304369406 1408.9180089469207 1575 1581 -1
1579 18.39171574518928 -163.43600884060513 1401.315890643632 1576 1582 -1
1580 -41.621126382679535 -143.63584055691612 1410.4172774263693 1577 1583 -1
1581 -41.946382172910695 -141.59235865808725 1408.8876742766397 1578 1584 -1
1582 18.507497020822846 -163.58481919422235 1401.3982068857542 1579 1585 -1
1583 -41.6324862523641 -143.72340903407826 1410.5909568401007 1580 1586 -1
1584 -41.997925215562496 -141.4173089896446 1408.8541280244385 1581 1587 -1
1585 18.622284268486947 -163.73307358383457 1401.4828848832506 1582 1588 -1
1586 -41.64294749216687 -143.8128177053942 1410.763752861424 1583 1589 -1
1587 -42.0491412054761 -141.2427245174487 1408.8177715017805 1584 1590 -1
1588 18.736123271518583 -163.8807167150804 1401.569879122699 1585 1591 -1
1589 -41.6524916580203 -143.9040800930468 1410.9356303968764 1586 1592 -1
1590 -42.100206202402624 -141.06862009148725 1408.7789800345251 1587 1593 -1
1591 18.849065731027984 -164.02770159950978 1401.6591276428485 1588 1594 -1
1592 -41.661102658379505 -143.99720396348573 1411.1065560650318 1589 1595 -1
1593 -42.15129245845602 -140.8949989834632 1408.7381047811225 1590 1596 -1
1594 18.961133015143346 -164.17395858056383 1401.7506465005845 1591 1597 -1
1595 -41.66876313006676 -144.09219866780552 1411.2764945875097 1592 1598 -1
1596 -42.20256911610342 -140.72185588225386 1408.6954768378585 1593 1599 -1
1597 19.072382625773493 -164.31944875341193 1401.844358723497 1594 1600 -1
1598 -41.67545595727412 -144.189072052863 1411.4454103088938 1595 1601 -1
1599 -42.254202889329335 -140.54917949062335 1408.6514103781258 1596 1602 -1
1600 19.18285401144905 -164.46412136360254 1401.9402326531642 1597 1603 -1
1601 -41.681164309025085 -144.2878304114175 1411.6132672646395 1598 1604 -1
1602 -42.306359079985576 -140.3769548711383 1408.6062053930966 1599 1605 -1
1603 19.292577030054886 -164.60791373108276 1402.0382658539986 1600 1606 -1
1604 -41.6858716766611 -144.38847843629438 1411.7800292526413 1601 1607 -1
1605 -42.35920198330403 -140.20516494155362 1408.5601516322395 1602 1608 -1
1606 19.401609894167606 -164.7508002359518 1402.1383717585197 1603 1609 -1
1607 -41.6895619111512 -144.4910191789516 1411.9456599082027 1604 1610 -1
1608 -42.41289639950889 -140.033792585798 1408.5135304918751 1605 1611 -1
1609 19.50997461495689 -164.8927102638378 1402.2405704191376 1606 1612 -1
1610 -41.69221798607205 -144.59545631502854 1412.110121318952 1607 1613 -1
1611 -42.467607851156274 -139.86282176306258 1408.4666185932008 1608 1614 -1
1612 19.617723629362143 -165.03364548246586 1402.3447498487149 1609 1615 -1
1613 -41.69382487323929 -144.7017888885567 1412.2733773044924 1610 1616 -1
1614 -42.5235037092255 -139.69223914366071 1408.419690109073 1611 1617 -1
1615 19.724883103667995 -165.1735982257109 1402.4508444973924 1612 1618 -1
1616 -41.69436642161957 -144.81001702756845 1412.435389900254 1613 1619 -1
1617 -42.58075405045402 -139.52203554329404 1408.3730195360374 1614 1620 -1
1618 19.83149143810313 -165.31258207912774 1402.5587526227512 1615 1621 -1
1619 -41.69382824248921 -144.92013679327715 1412.5961227318628 1616 1622 -1
1620 -42.63953222559108 -139.35220737047047 1408.326884324997 1617 1623 -1
1621 19.937584794034205 -165.45060805242431 1402.6683842428458 1618 1624 -1
1622 -41.69219497142264 -145.03214503996165 1412.7555378316458 1619 1625 -1
1623 -42.70001497523541 -139.1827581484608 1408.2815671372084 1620 1626 -1
1624 20.043196431571797 -165.5876812154559 1402.7796641114537 1621 1627 -1
1625 -41.68945221413137 -145.14603600345853 1412.9135979645475 1622 1628 -1
1626 -42.76238388183618 -139.01370052666903 1408.2373588145429 1623 1629 -1
1627 20.148367197239647 -165.7238226701982 1402.892494658879 1624 1630 -1
1628 -41.68558666197919 -145.2618012152919 1413.0702668633003 1625 1631 -1
1629 -42.826824148627196 -138.8450579775254 1408.1945599882847 1626 1632 -1
1630 20.253129228226758 -165.85903479372035 1403.0068132246117 1627 1633 -1
1631 -41.680585101488475 -145.37943121852294 1413.225508064386 1628 1634 -1
1632 -42.8935261699987 -138.67686740913467 1408.1534844192495 1629 1635 -1
1633 20.357524053369975 -165.9933419532626 1403.1225261180944 1630 1636 -1
1634 -41.674434402316564 -145.4989155655265 1413.3792849033277 1631 1637 -1
1635 -42.962683426195326 -138.509181417078 1408.1144599303204 1632 1638 -1
1636 20.46158537843649 -166.12674922338485 1403.23957279226 1633 1639 -1
1637 -41.66712278365025 -145.62024082044502 1413.531562183165 1634 1640 -1
1638 -43.0344925274352 -138.3420713943655 1408.0778308969536 1635 1641 -1
1639 20.565352952850105 -166.25927815813557 1403.3578714804005 1636 1642 -1
1640 -41.6586394475703 -145.74339126991572 1413.6823058074701 1637 1643 -1
1641 -43.109151976042384 -138.1756308762688 1408.0439600220034 1638 1644 -1
1642 20.66886336196068 -166.39094126939318 1403.4773563900535 1639 1645 -1
1643 -41.64897309799434 -145.86835124549324 1413.831480878289 1640 1646 -1
1644 -43.186858359770014 -138.0099787393685 1408.013227607202 1641 1647 -1
1645 20.772153649137426 -166.52175212462456 1403.5979626944084 1642 1648 -1
1646 -41.63811407483156 -145.99510186997006 1413.9790545604824 1643 1649 -1
1647 -43.26780534617084 -137.845263533405 1407.986033662156 1644 1650 -1
1648 20.875263222348636 -166.65173462359715 1403.7196147623492 1645 1651 -1
1649 -41.626052961265984 -146.1236232550688 1414.1249943045702 1646 1652 -1
1650 -43.35217733732515 -137.6816667463856 1407.9627944294393 1647 1653 -1
1651 20.978226961861022 -166.7808901604703 1403.8422670852733 1648 1654 -1
1652 -41.612782015145804 -146.25389246837793 1414.2692698656028 1649 1655 -1
1653 -43.44014538360496 -137.51940675760335 1407.943940952382 1650 1656 -1
1654 21.081085699955846 -166.9092566534257 1403.9658325218577 1651 1657 -1
1655 -41.598292817765795 -146.38588698822636 1414.4118501325784 1652 1658 -1
1656 -43.53186055566263 -137.35874188659776 1407.9299144139381 1653 1659 -1
1657 21.183874175057618 -167.03682151953157 1404.0902834774272 1654 1660 -1
1658 -41.58257878099158 -146.519581154517 1414.5527066491225 1655 1661 -1
1659 -43.62744502943879 -137.1999716628134 1407.9211575088948 1656 1662 -1
1660 21.28663216577361 -167.16362839984947 1404.2155317174681 1657 1663 -1
1661 -41.5656342665743 -146.65494755752277 1414.691812497208 1658 1664 -1
1662 -43.72698499273999 -137.04343744643293 1407.918106754038 1659 1665 -1
1663 21.389396843834096 -167.2896763834766 1404.3415382554294 1660 1666 -1
1664 -41.547454111407326 -146.7919577458405 1414.8291416861282 1661 1667 -1
1665 -43.83052027427024 -136.88951899371577 1407.9211781516185 1662 1668 -1
1666 21.492206050801318 -167.41498832946337 1404.4682407100665 1663 1669 -1
1667 -41.52803407175411 -146.9305816836279 1414.9646698475942 1664 1670 -1
1668 -43.938037425276384 -136.73862945872185 1407.9307548740717 1665 1671 -1
1669 21.59509693276168 -167.53958426138954 1404.5955814298225 1666 1672 -1
1670 -41.507370817338064 -147.0707878449363 1415.0983743026936 1667 1673 -1
1671 -44.04946202377837 -136.59120535294224 1407.9471701163059 1668 1674 -1
1672 21.698109858030406 -167.66346532759889 1404.7235195588582 1669 1675 -1
1673 -41.485461748804376 -147.21254352235897 1415.2302338630498 1670 1676 -1
1674 -44.16465385381345 -136.44769229985585 1407.9706895102338 1671 1677 -1
1675 21.801279043919276 -167.7866665160803 1404.8519872102881 1672 1678 -1
1676 -41.46230462397182 -147.35581533213457 1415.3602283281477 1673 1679 -1
1677 -44.28340894348821 -136.30853107193337 1408.001501120469 1674 1680 -1
1678 21.90464713385804 -167.9091857940845 1404.980946199044 1675 1681 -1
1679 -41.43789943040081 -147.5005670558909 1415.4883413682062 1676 1682 -1
1680 -44.40546100211159 -136.1741362331366 1408.0396990836512 1677 1683 -1
1681 22.00824928804421 -168.0310493054845 1405.110337995724 1678 1684 -1
1682 -41.41224636957096 -147.64676219521465 1415.6145575875498 1679 1685 -1
1683 -44.530492421585535 -136.04488067988333 1408.08528242959 1680 1686 -1
1684 22.112123159994475 -168.15227275725996 1405.2401126362815 1681 1687 -1
1685 -41.38534491444564 -147.7943649983451 1415.7388610934534 1682 1688 -1
1686 -44.65814511368189 -135.92107647913917 1408.1381510509127 1683 1689 -1
1687 22.21631331452729 -168.27285896920827 1405.3702269850303 1684 1690 -1
1688 -41.35719812101005 -147.94333570425562 1415.8612421736998 1685 1691 -1
1689 -44.788037571104354 -135.80296633736234 1408.1981173064466 1686 1692 -1
1690 22.320849828512724 -168.39283896277465 1405.500623633891 1687 1693 -1
1691 -41.32780731226181 -148.09363655560625 1415.981689186005 1688 1694 -1
1692 -44.91977918781696 -135.6907131073167 1408.2649132966087 1689 1695 -1
1693 22.42578059420692 -168.51221230237954 1405.6312601858453 1690 1696 -1
1694 -41.297176485295324 -148.24522705783107 1416.1001954224757 1691 1697 -1
1695 -45.052986099528546 -135.5843999443591 1408.3382086492013 1692 1698 -1
1696 22.53113975353183 -168.63100106440686 1405.7620846670359 1693 1699 -1
1697 -41.265308314601356 -148.39806825694055 1416.2167529227115 1694 1700 -1
1698 -45.18729394110873 -135.48403501641246 1408.4176288100532 1695 1701 -1
1699 22.63696449865173 -168.74922114268244 1405.8930484212285 1696 1702 -1
1700 -41.23220849441476 -148.55211838177118 1416.3313593445112 1697 1703 -1
1701 -45.32236703586856 -135.38955861406407 1408.5027714454286 1698 1704 -1
1702 22.743306135161216 -168.8668731829395 1406.0241049767783 1699 1705 -1
1703 -41.19788125059795 -148.7073373988527 1416.444010922052 1700 1706 -1
1704 -45.457904431464705 -135.30085239001934 1408.5932211299994 1701 1707 -1
1705 22.85018999639015 -168.9839858247761 1406.1552035391453 1702 1708 -1
1706 -41.16233245348512 -148.86368398800354 1416.5547074245883 1703 1709 -1
1707 -45.59364305079074 -135.21775278600856 1408.688564319303 1704 1710 -1
1708 22.957669889266523 -169.10055885978977 1406.2862957219504 1705 1711 -1
1709 -41.12556882186243 -149.0211164488093 1416.6634509457142 1706 1712 -1
1710 -45.72935784274241 -135.14006270271778 1408.7883995401883 1707 1713 -1
1711 23.06577980820368 -169.21661087090263 1406.4173320954474 1708 1714 -1
1712 -41.08759705192258 -149.1795935299048 1416.7702445287862 1709 1715 -1
1713 -45.86486019110709 -135.06756009206745 1408.89234305195 1710 1716 -1
1714 23.174558191555217 -169.33215544745113 1406.5482636274542 1711 1717 -1
1715 -41.04842371018842 -149.3390744929599 1416.8750920015693 1712 1718 -1
1716 -46.0 -135.0 1409.0 1713 1719 1720
1717 23.28406128169142 -169.4471937338821 1406.6790367592514 1714 1721 -1
1718 -41.00805705708115 -149.4995176606503 1416.978000955578 1715 1722 -1
1719 -46.22926678481352 -134.96405114722063 1409.1006301909752 1716 1723 -1
1720 -46.27414685344343 -134.97588567989223 1409.1406789123625 1716 1724 -1
1721 23.39431083193819 -169.56175031779065 1406.809605383587 1717 1725 -1
1722 -40.96650527674002 -149.66088197423062 1417.0789799003348 1718 1726 -1
1723 -46.45719684194416 -134.92485151251557 1409.2030602859911 1719 1727 -1
1724 -46.546865740729444 -134.92975483035872 1409.2786187046818 1720 1728 -1
1725 23.505372295493412 -169.67582147358507 1406.9399106171506 1721 1729 -1
1726 -40.92377678528577 -149.8231267490679 1417.1780387696401 1722 1730 -1
1727 -46.68379872245211 -134.88259484219157 1409.307207936441 1723 1731 -1
1728 -46.81696759089585 -134.86256545764493 1409.4130207971177 1724 1732 -1
1729 23.617270799786645 -169.7894277306762 1407.0699054770766 1725 1733 -1
1730 -40.87988031850055 -149.98621163900413 1417.2751890721643 1726 1734 -1
1731 -46.909090892132234 -134.83747977130085 1409.4129858446465 1727 1735 -1
1732 -47.08337541727801 -134.77519564690644 1409.5431297432415 1728 1736 -1
1733 23.73005886845084 -169.9025734746406 1407.1995326426918 1729 1737 -1
1734 -40.834824887647386 -150.15009670546186 1417.3704438245243 1730 1738 -1
1735 -47.13310360458235 -134.78971372474717 1409.5203065428946 1731 1739 -1
1736 -47.34507803772083 -134.66840301124967 1409.6682011155551 1732 1740 -1
1737 23.84378259450047 -170.01526670223026 1407.328735777069 1733 1741 -1
1738 -40.78861973622735 -150.31474248047186 1417.463817482204 1734 1742 -1
1739 -47.355879835933585 -134.73951482273168 1409.6290813809546 1735 1743 -1
1740 -47.601078790135155 -134.54280388631832 1409.7874664020785 1736 1744 -1
1741 23.958475608509353 -170.12752066229157 1407.4574635881181 1737 1745 -1
1742 -40.74127429785648 -150.4801100236323 1417.5553258689079 1738 1746 -1
1743 -47.57747488830563 -134.68711106634447 1409.739221023291 1739 1747 -1
1744 -47.850337053359674 -134.3988579282101 1409.9000922609837 1740 1748 -1
1745 24.07420475584174 -170.2393335537288 1407.585646729044 1741 1749 -1
1746 -40.692798090600505 -150.64616101039087 1417.644985999099 1742 1750 -1
1747 -47.797955999297145 -134.63273995084504 1409.8506357228273 1743 1751 -1
1748 -48.09170239536353 -134.23686640045773 1410.0051350502933 1744 1752 -1
1749 24.19098586094292 -170.3507245516855 1407.713241729797 1745 1753 -1
1750 -40.64320081634414 -150.8128576919104 1417.7328162330282 1746 1754 -1
1751 -48.017402196589146 -134.57664882205532 1409.9632351477278 1747 1755 -1
1752 -48.32383550119064 -134.05697956705183 1410.1014867335916 1748 1756 -1
1753 24.308904166584572 -170.4616843462867 1407.84016472367 1749 1757 -1
1754 -40.59249233578843 -150.98016293820308 1417.818836224665 1750 1758 -1
1755 -48.23590404055116 -134.51909525437352 1410.076928180996 1751 1759 -1
1756 -48.545109323290184 -133.85921913091153 1410.1878091519516 1752 1760 -1
1757 24.427956533690352 -170.57222676383276 1407.966391285942 1753 1761 -1
1758 -40.54068244416936 -151.14804037637902 1417.9030665431965 1754 1762 -1
1759 -48.45356317279933 -134.46034740298757 1410.1916227841045 1755 1763 -1
1760 -48.7534846550085 -133.64353024348296 1410.2624560651923 1756 1764 -1
1761 24.5482179246482 -170.6823238171023 1408.091858652138 1757 1765 -1
1762 -40.48778093818156 -151.31645435770739 1417.9855287682458 1758 1766 -1
1763 -48.67049218590664 -134.40068508158762 1410.3072253043995 1759 1767 -1
1764 -48.94635140469237 -133.4098813496894 1410.323382023848 1760 1768 -1
1765 24.669676077526564 -170.79197826990918 1408.21655841259 1761 1769 -1
1766 -40.43379758302568 -151.48536998094391 1418.0662454202484 1762 1770 -1
1767 -48.886813964344356 -134.34040039140604 1410.4236402233819 1763 1771 -1
1768 -49.120344128210284 -133.15845795097172 1410.3680551524358 1764 1772 -1
1769 24.792404166981555 -170.90116057648896 1408.3404262302333 1765 1773 -1
1770 -40.378742081196016 -151.65475311077407 1418.145239892384 1766 1774 -1
1771 -49.10266140397236 -134.279799150738 1410.5407692153606 1767 1775 -1
1772 -49.27116786299623 -132.890006807281 1410.3934144630152 1768 1776 -1
1773 24.91638811205981 -171.00987292904853 1408.4634538415032 1769 1777 -1
1774 -40.32262404301801 -151.82457039163654 1418.222536384349 1770 1778 -1
1775 -49.31817673973653 -134.21920225371767 1410.6585104693684 1771 1779 -1
1776 -49.39354344111359 -132.60638688943953 1410.3959646961896 1772 1780 -1
1777 25.04170440723457 -171.11808282161184 1408.5855710662893 1773 1781 -1
1778 -40.26545295893202 -151.99478925719663 1418.2981598382269 1774 1782 -1
1779 -49.533511028910034 -134.1589475378599 1410.776757473047 1775 1783 -1
1780 -49.48152017155169 -132.3112990571532 1410.3721799322984 1776 1784 -1
1781 25.168333555723734 -171.2257931721442 1408.7067721186247 1777 1785 -1
1782 -40.20723817350382 -152.16537793575017 1418.3721358766747 1778 1786 -1
1783 -49.748823335120555 -134.09939150126857 1410.895397666017 1779 1787 -1
1784 -49.52946104749963 -132.01086991291592 1410.3193557259783 1780 1788 -1
1785 25.296351529770536 -171.33296972087908 1408.8269833020242 1781 1789 -1
1786 -40.147988806444246 -152.33630546829144 1418.4444906585843 1782 1790 -1
1787 -49.96427970203718 -134.04091179819096 1411.0143111473737 1783 1791 -1
1788 -49.533731315078406 -131.71339783418202 1410.23675981048 1784 1792 -1
1789 25.425742329697016 -171.43961265001764 1408.9461949660008 1785 1793 -1
1790 -40.087713831786445 -152.50754167146513 1418.5152509830132 1786 1794 -1
1791 -50.18005192564917 -133.98390943344455 1411.133368728696 1787 1795 -1
1792 -49.4942894431797 -131.42773507929894 1410.1263762489455 1788 1796 -1
1793 25.55656718542936 -171.5456912937872 1409.064340155528 1789 1797 -1
1794 -40.02642206833296 -152.67905713583932 1418.584444249966 1790 1798 -1
1795 -50.39631585205655 -133.92881121592254 1411.2524299562235 1791 1799 -1
1796 -49.414897061624195 -131.16098990014845 1409.99249319626 1792 1800 -1
1797 25.68882727094545 -171.6511975463549 1409.181394724141 1793 1801 -1
1798 -39.96412205134089 -152.85082324961698 1418.6520982404068 1794 1802 -1
1799 -50.61324943679853 -133.876073046633 1411.3713407265227 1795 1803 -1
1800 -49.30171345117898 -130.9171252270351 1409.840356880511 1796 1804 -1
1801 25.822558969845517 -171.75610844713427 1409.2973067959183 1797 1805 -1
1802 -39.9008220644671 -153.0228121714153 1418.7182411464125 1798 1806 -1
1803 -50.83102962292159 -133.82618119630501 1411.4899307187256 1799 1807 -1
1804 -49.161425405077786 -130.69711997172283 1409.6748784530741 1800 1808 -1
1805 25.95778775823198 -171.86040421616082 1409.412030825923 1801 1809 -1
1806 -39.83653012321657 -153.19499681692764 1418.7829015260747 1802 1810 -1
1807 -51.04982914441747 -133.77965585608354 1411.6080103840054 1803 1811 -1
1808 -49.0 -130.5 1409.5 1804 -1 -1
1809 26.09451741864392 -171.96407319917884 1409.5255375941947 1805 1812 -1
1810 -39.77125395973837 -153.36735084336175 1418.8461082613883 1806 1813 -1
1811 -51.26981191248952 -133.7370525606473 1411.7253677542435 1807 1814 -1
1812 26.23280448167133 -172.06708033105784 1409.6377527294323 1809 1815 -1
1813 -39.705001008894875 -153.53984863187824 1418.9078905191257 1810 1816 -1
1814 -51.49112701049774 -133.69896189814463 1411.8417653870501 1811 1817 -1
1815 26.372625619258443 -172.1694235021339 1409.7486667373116 1812 1818 -1
1816 -39.63777839552909 -153.71246526824112 1418.9682777146852 1813 1819 -1
1817 -51.7139021558809 -133.66601027103798 1411.956936863358 1814 1820 -1
1818 26.514036257981214 -172.2710654508392 1409.8582018191148 1815 1821 -1
1819 -39.56959292285421 -153.88517652187574 1419.0272994788827 1816 1822 -1
1820 -51.93823537753381 -133.6388573346011 1412.0705837535095 1817 1823 -1
1821 26.65702808533495 -172.37199560176592 1409.9663331201457 1818 1824 -1
1822 -39.500451061888384 -154.0579588235188 1419.0849856276404 1819 1825 -1
1823 -52.16418486044798 -133.6181884838345 1412.1823739616211 1820 1826 -1
1824 26.801616818957292 -172.47219185893084 1410.0730137694734 1821 1827 -1
1825 -39.43035894185994 -154.2307892416281 1419.1413661345211 1822 1828 -1
1826 -52.3917590829872 -133.60470878433662 1412.2919399404955 1823 1829 -1
1827 26.947836895989305 -172.57162178128576 1410.1781769490774 1824 1830 -1
1828 -39.359322341508864 -154.40364545770538 1419.1964711060507 1825 1831 -1
1829 -52.62090498092062 -133.59912609679495 1412.3988807259843 1826 1832 -1
1830 27.09566287994444 -172.67028017268495 1410.281810447874 1827 1833 -1
1831 -39.28734668121171 -154.5765057406736 1419.2503307597508 1828 1834 -1
1832 -52.85149813839964 -133.60213533509264 1412.5027648941839 1829 1835 -1
1833 27.24514190749589 -172.76812565356772 1410.3838309461946 1830 1836 -1
1834 -39.214437015860845 -154.74934892043188 1419.302975404819 1831 1837 -1
1835 -53.08333431620557 -133.61439568402778 1412.6031374817699 1832 1838 -1
1836 27.396252708443285 -172.865148936912 1410.4842194240898 1833 1839 -1
1837 -39.14059785584386 -154.9221543499103 1419.3544352100018 1834 1840 -1
1838 -53.316124456860045 -133.63650036743726 1412.699532252603 1835 1841 -1
1839 27.549000316115322 -172.96132697562345 1410.5829302040752 1836 1842 -1
1840 -39.06583351761568 -155.094901888722 1419.4047406480277 1837 1843 -1
1841 -53.54949617417148 -133.66895191733607 1412.7914849005688 1838 1844 -1
1842 27.70341159731972 -173.05662343112266 1410.6798918893041 1839 1845 -1
1843 -38.990148060983316 -155.2675718888487 1419.4539223904783 1840 1846 -1
1844 -53.78300140678319 -133.7121303736606 1412.8785525801075 1841 1847 -1
1845 27.859447982399143 -173.15103582550324 1410.7751008886037 1842 1848 -1
1846 -38.91354501800045 -155.440145145447 1419.502010969999 1843 1849 -1
1847 -54.01613211724113 -133.76627143671357 1412.9603328792334 1844 1850 -1
1848 28.017142717862747 -173.24452143457668 1410.8684744664115 1845 1851 -1
1849 -38.83602752850949 -155.61260287340596 1419.5490369512631 1846 1852 -1
1850 -54.24834255922905 -133.8314500709122 1413.0364833937917 1847 1853 -1
1851 28.17646716459202 -173.3370704605495 1410.9599957668693 1848 1854 -1
1852 -38.7575983362338 -155.78492667787134 1419.5950309258294 1849 1855 -1
1853 -54.47907597951387 -133.90757668780796 1413.1067374494692 1850 1856 -1
1854 28.337411279032533 -173.428662184646 1411.0496268595034 1851 1857 -1
1855 -38.678259785218344 -155.95709852447112 1419.640023509071 1852 1858 -1
1856 -54.70779279716805 -133.99440312507696 1413.170915731921 1853 1859 -1
1857 28.499990716235626 -173.51925863010922 1411.1372964582895 1854 1860 -1
1858 -38.5980134496791 -156.12910063354198 1419.6840449582526 1855 1861 -1
1859 -54.933996718553644 -134.09154006152588 1413.2289312739324 1856 1862 -1
1860 28.66415314730432 -173.60886268208324 1411.2230143157128 1857 1863 -1
1861 -38.51686103204812 -156.3009156180937 1419.7271261387716 1858 1864 -1
1862 -55.15725399674719 -134.19848759063916 1413.2807845543825 1859 1865 -1
1863 28.82992467310018 -173.69742691182134 1411.3066918192978 1860 1866 -1
1864 -38.434803814697446 -156.47252637118484 1419.7692979104334 1861 1867 -1
1865 -55.377208542908214 -134.31465946734014 1413.3265593872272 1862 1868 -1
1866 28.9972542165131 -173.78495240977907 1411.3883361557434 1863 1869 -1
1867 -38.351842509199926 -156.64391599465756 1419.8105909936194 1864 1870 -1
1868 -55.59358511962612 -134.4394218751222 1413.3664057861567 1865 1871 -1
1869 29.166136017052356 -173.871410056147 1411.4678957503904 1866 1872 -1
1870 -38.267977210045714 -156.8150677407378 1419.8510359622037 1867 1873 -1
1871 -55.8061910663061 -134.5721148984187 1413.400530307673 1868 1874 -1
1872 29.336549638814464 -173.95677910696278 1411.5453360061713 1869 1875 -1
1873 -38.18320743603729 -156.98596497584177 1419.8906633240683 1870 1876 -1
1874 -56.014907510765376 -134.71208276152942 1413.4291768569483 1871 1877 -1
1875 29.508454205939813 -174.04105207765164 1411.6206526060564 1872 1878 -1
1876 -38.097533157904785 -157.1565914615333 1419.929504419201 1873 1879 -1
1877 -56.21968278994415 -134.8586868203347 1413.4526168932196 1874 1880 -1
1878 29.681863101763927 -174.1241495182072 1411.6937951891753 1875 1881 -1
1879 -38.01095341449653 -157.32693093719573 1419.9675901739067 1876 1882 -1
1880 -56.420518713358305 -135.0113236811168 1413.471133535819 1877 1883 -1
1881 29.8567331590711 -174.20600742393674 1411.7648263519734 1878 1884 -1
1882 -37.923465862891526 -157.4969668855766 1420.0049508603902 1879 1885 -1
1883 -56.61746252219325 -135.16942845934778 1413.4850157405256 1880 1886 -1
1884 30.033108272352713 -174.28648382940665 1411.833681378839 1881 1887 -1
1885 -37.835069579816576 -157.6666834515576 1420.0416183218665 1882 1888 -1
1886 -56.81059509488756 -135.3324815263072 1413.4945488914273 1883 1889 -1
1887 30.210933003009938 -174.36552726063317 1411.9004356671057 1884 1890 -1
1888 -37.7457619146368 -157.83606435346945 1420.0776234841574 1885 1891 -1
1889 -57.0 -135.5 1413.5 1886 -1 -1
1890 30.390260528518553 -174.44297590769364 1411.9650030612922 1887 1892 -1
1891 -37.65553983592863 -158.00509328263814 1420.112997488049 1888 1893 -1
1892 30.57103224066613 -174.51878354738176 1412.0274557887844 1890 1894 -1
1893 -37.56440073989204 -158.1737542110235 1420.1477722011973 1891 1895 -1
1894 30.753296445300183 -174.59277920591873 1412.08770462713 1892 1896 -1
1895 -37.47234012097674 -158.34203041732903 1420.1819787279394 1893 1897 -1
1896 30.937000234621276 -174.6649095158221 1412.1458044734109 1894 1898 -1
1897 -37.379354735901195 -158.50990575558683 1420.2156494210753 1895 1899 -1
1898 31.122182526101042 -174.73499723236083 1412.2016672609195 1896 1900 -1
1899 -37.28543931352158 -158.67736322445543 1420.248815926109 1897 1901 -1
1900 31.308794480503135 -174.80297892970233 1412.2553310544256 1898 1902 -1
1901 -37.19058920763798 -158.8443860793143 1420.2815107442937 1899 1903 -1
1902 31.496862899455298 -174.86867307420155 1412.306710501975 1900 1904 -1
1903 -37.09479915724338 -159.01095726309288 1420.3137665239008 1901 1905 -1
1904 31.68634305736227 -174.93200016064964 1412.3558240111645 1902 1906 -1
1905 -36.99806231544858 -159.17705885575742 1420.3456157407368 1903 1907 -1
1906 31.877244851553797 -174.99278041717733 1412.4025938564323 1904 1908 -1
1907 -36.90037301746484 -159.3426734037054 1420.377091920969 1905 1909 -1
1908 32.06952883130837 -175.05090820675724 1412.4470127840245 1906 1910 -1
1909 -36.80172428438967 -159.507782649065 1420.4082285735612 1907 1911 -1
1910 32.263181702432625 -175.1062167113954 1412.4890189779887 1908 1912 -1
1911 -36.702108656252754 -159.67236788251373 1420.439059617161 1909 1913 -1
1912 32.45817078629944 -175.15855933116285 1412.5285704860853 1910 1914 -1
1913 -36.601518209243515 -159.83640990381969 1420.4696194224302 1911 1915 -1
1914 32.65445267252926 -175.20779947431643 1412.5656330728998 1912 1916 -1
1915 -36.5 -160.0 1420.5 1913 -1 -1
1916 32.85200224773777 -175.25372951205577 1412.6001182477637 1914 1917 -1
1917 33.05074043107329 -175.2962646441699 1412.6320325248232 1916 1918 -1
1918 33.250646119303056 -175.33511828533827 1412.6612320838144 1917 1919 -1
1919 33.45161534786103 -175.3702302693522 1412.6877412326055 1918 1920 -1
1920 33.65358782337853 -175.40135991810644 1412.7114532944536 1919 1921 -1
1921 33.85646925343186 -175.42833810657092 1412.732314695263 1920 1922 -1
1922 34.060147466101945 -175.4510440704198 1412.7503034463648 1921 1923 -1
1923 34.26452782373108 -175.469166413259 1412.765272053011 1922 1924 -1
1924 34.46946169424138 -175.48265934747576 1412.7772484815935 1923 1925 -1
1925 34.67481398777318 -175.49130305826313 1412.7861462261817 1924 1926 -1
1926 34.88042847213236 -175.4948874674327 1412.7918873183762 1925 1927 -1
1927 35.08613180173432 -175.49334698692908 1412.7944826943444 1926 1928 -1
1928 35.29174013091701 -175.486436045282 1412.7938326523858 1927 1929 -1
1929 35.49705536421183 -175.47406738056472 1412.789933845926 1928 1930 -1
1930 35.70187750559071 -175.45618468452042 1412.7828002140234 1929 1931 -1
1931 35.90598613732417 -175.43263467800725 1412.7724099412799 1930 1932 -1
1932 36.10921677519647 -175.403657527904 1412.7589812684064 1931 1933 -1
1933 36.3113804803655 -175.36924535490172 1412.7425906339554 1932 1934 -1
1934 36.5123014558022 -175.3294524499237 1412.7233507460917 1933 1935 -1
1935 36.71183591445188 -175.28441817327592 1412.7014161481668 1934 1936 -1
1936 36.909770299753184 -175.23402193700386 1412.6768101805842 1935 1937 -1
1937 37.1059886770705 -175.17845984784637 1412.6497139631663 1936 1938 -1
1938 37.30029779900498 -175.117672651336 1412.6201829155254 1937 1939 -1
1939 37.49252777598329 -175.0516808389018 1412.5883129171382 1938 1940 -1
1940 37.68253804551241 -174.98056594485996 1412.5542248713598 1939 1941 -1
1941 37.87007655226412 -174.90417249500575 1412.5179408085503 1940 1942 -1
1942 38.05502333679992 -174.82263776776384 1412.4796059045525 1941 1943 -1
1943 38.237157334887655 -174.73589577426344 1412.439282026152 1942 1944 -1
1944 38.416235377766604 -174.64387000142935 1412.3970325560222 1943 1945 -1
1945 38.59208782379405 -174.54662267788706 1412.3529718607613 1944 1946 -1
1946 38.764440116655244 -174.4440617462574 1412.3071618921351 1945 1947 -1
1947 38.933013849984526 -174.33612390970404 1412.259680097851 1946 1948 -1
1948 39.09758258899751 -174.222839105996 1412.2106343059972 1947 1949 -1
1949 39.25784817239021 -174.1041611832051 1412.1601113572224 1948 1950 -1
1950 39.413400865091646 -173.97994999757594 1412.1081809676602 1949 1951 -1
1951 39.56397818676785 -173.85027311242723 1412.0549707547075 1950 1952 -1
1952 39.709211030250025 -173.71510481372053 1412.0005880395568 1951 1953 -1
1953 39.84870445107396 -173.57443265949746 1411.9451494874972 1952 1954 -1
1954 39.982014173528924 -173.42824271418803 1411.888779784772 1953 1955 -1
1955 40.10867487808765 -173.27655347540622 1411.8316191422919 1954 1956 -1
1956 40.22827628615232 -173.11947189687064 1411.7738281035845 1955 1957 -1
1957 40.34034558510777 -172.95709859212508 1411.7155740572857 1956 1958 -1
1958 40.444403406135436 -172.78957792918013 1411.657038997017 1957 1959 -1
1959 40.539972949280575 -172.61710384506347 1411.598419224988 1958 1960 -1
1960 40.626594761240206 -172.43992635675818 1411.5399238568798 1959 1961 -1
1961 40.70400345249987 -172.2584279908274 1411.481753226479 1960 1962 -1
1962 40.77224943978717 -172.07313309326858 1411.4240739058778 1961 1963 -1
1963 40.83140577590898 -171.88454118412858 1411.3670407805455 1962 1964 -1
1964 40.8817068917704 -171.69316645099562 1411.3107855956905 1963 1965 -1
1965 40.92338409503983 -171.4994718647896 1411.2554262338324 1964 1966 -1
1966 40.95668975478366 -171.30388224126594 1411.2010661262445 1965 1967 -1
1967 40.981895316044934 -171.1067856211236 1411.1477947548763 1966 1968 -1
1968 40.99928298471725 -170.90853348784665 1411.095688986414 1967 1969 -1
1969 41.009016982860516 -170.70943323834217 1411.044836364339 1968 1970 -1
1970 41.011491786756736 -170.5097854785435 1410.9952771653157 1969 1971 -1
1971 41.006992311807956 -170.30984408156104 1410.9470585231709 1970 1972 -1
1972 40.99573174572745 -170.10983614651556 1410.9002342798951 1971 1973 -1
1973 40.97792181212635 -169.90997127694317 1410.8548538925118 1972 1974 -1
1974 40.95390699959948 -169.7104304168656 1410.8109286806068 1973 1975 -1
1975 40.923826684410265 -169.511385062259 1410.7685112845174 1974 1976 -1
1976 40.88790429522141 -169.3129879748499 1410.7276302167181 1975 1977 -1
1977 40.84641200423489 -169.11536592162244 1410.6882932335914 1976 1978 -1
1978 40.79937453199671 -168.91867226336558 1410.6505748424652 1977 1979 -1
1979 40.747135267112455 -168.72299443790135 1410.6144518575998 1978 1980 -1
1980 40.68969927569348 -168.52847451101005 1410.5800004904413 1979 1981 -1
1981 40.62732702763219 -168.33519122047815 1410.5472127791143 1980 1982 -1
1982 40.56005274597356 -168.14327093876238 1410.5161533078629 1981 1983 -1
1983 40.48806923516049 -167.95279162868422 1410.4868293997597 1982 1984 -1
1984 40.411414917020764 -167.7638725905381 1410.459302793951 1983 1985 -1
1985 40.33024753675158 -167.57659047444352 1410.433588373225 1984 1986 -1
1986 40.24458830912387 -167.39106826891268 1410.409754459875 1985 1987 -1
1987 40.15457971126502 -167.20738034385798 1410.3878182153676 1986 1988 -1
1988 40.06021647698286 -167.02566260965648 1410.3678608576781 1987 1989 -1
1989 39.961634551483606 -166.8459879384136 1410.3498997714107 1988 1990 -1
1990 39.85880343076296 -166.66851126554045 1410.3340315746434 1989 1991 -1
1991 39.7518560349914 -166.49330590996686 1410.320274237272 1990 1992 -1
1992 39.640799799082984 -166.3205141902996 1410.3087173391893 1991 1993 -1
1993 39.5258344813178 -166.15016375304205 1410.2993525170718 1992 1994 -1
1994 39.40701397793881 -165.98236810951687 1410.2922517397292 1993 1995 -1
1995 39.28452513206458 -165.81714977530592 1410.2874088479869 1994 1996 -1
1996 39.158446018849176 -165.65460172749525 1410.284882406631 1995 1997 -1
1997 39.02894220236692 -165.4947490919303 1410.2846744951273 1996 1998 -1
1998 38.896116756018955 -165.33765980147635 1410.2868267797326 1997 1999 -1
1999 38.76011124504957 -165.18336709066335 1410.2913535167943 1998 2000 -1
2000 38.621051317964906 -165.0319116465791 1410.2982777653172 1999 2001 -1
2001 38.47905525662729 -164.88333840875043 1410.3076282383797 2000 2002 -1
2002 38.33426695922247 -164.73766068158955 1410.3194091761288 2001 2003 -1
2003 38.18678433699084 -164.5949369331901 1410.3336646033645 2002 2004 -1
2004 38.03676434886271 -164.45515464912737 1410.3503809202548 2003 2005 -1
2005 37.88428866432116 -164.3183861280704 1410.3696171500007 2004 2006 -1
2006 37.729522010825164 -164.18459588877283 1410.3913437233841 2005 2007 -1
2007 37.57253442260911 -164.0538691511457 1410.415633435818 2006 2008 -1
2008 37.41349351949884 -163.9261511981704 1410.442443236686 2007 2009 -1
2009 37.252462260581524 -163.80153837193578 1410.4718577923409 2008 2010 -1
2010 37.089607019978736 -163.67996095828363 1410.5038234355548 2009 2011 -1
2011 36.92498785039364 -163.56152403246963 1410.538434337017 2010 2012 -1
2012 36.758766648435035 -163.4461473153925 1410.5756292517578 2011 2013 -1
2013 36.59100413515502 -163.33394189348235 1410.615509198702 2012 2014 -1
2014 36.42185545803587 -163.22482130082278 1410.6580084042657 2013 2015 -1
2015 36.25138489163843 -163.11889978259808 1410.7032319290163 2014 2016 -1
2016 36.079739496731044 -163.0160888306676 1410.75111240474 2015 2017 -1
2017 35.90698927698053 -162.91650300917945 1410.8017560773503 2016 2018 -1
2018 35.73327272501208 -162.82005556519965 1410.855096715226 2017 2019 -1
2019 35.558667067537804 -162.7268586371268 1410.9112389053626 2018 2020 -1
2020 35.38330249756028 -162.6368306257346 1410.97012003135 2019 2021 -1
2021 35.20726432873809 -162.5500786166644 1411.0318402107644 2020 2022 -1
2022 35.03067535795343 -162.46652917014995 1411.0963426574422 2021 2023 -1
2023 34.853629273333624 -162.38628177382293 1411.1637202232641 2022 2024 -1
2024 34.676242907768334 -162.30927382183913 1411.2339239338996 2023 2025 -1
2025 34.49861806816806 -162.23559389001747 1411.3070357931147 2024 2026 -1
2026 34.320866935668995 -162.1651669387975 1411.382991748029 2025 2027 -1
2027 34.14309459728357 -162.09800608444715 1411.4618026308865 2026 2028 -1
2028 33.96540343463692 -162.03401410272113 1411.5433850621766 2027 2029 -1
2029 33.78789511430768 -161.9731861230223 1411.6277389044274 2028 2030 -1
2030 33.61066426399872 -161.9154431509584 1411.7148013201277 2029 2031 -1
2031 33.433808896477466 -161.86076835366137 1411.8045661555773 2030 2032 -1
2032 33.2574192501835 -161.80909880609875 1411.896988544319 2031 2033 -1
2033 33.08159038580147 -161.76041098248353 1411.9920602692928 2032 2034 -1
2034 32.90641043591532 -161.71465301302433 1412.0897494861588 2033 2035 -1
2035 32.7319737524671 -161.67180236720844 1412.1900521349876 2034 2036 -1
2036 32.558366852350915 -161.63181037877723 1412.2929418879125 2035 2037 -1
2037 32.38568793106409 -161.59466568983842 1412.3984275791258 2036 2038 -1
2038 32.21401979707273 -161.56031218523356 1412.5064781120232 2037 2039 -1
2039 32.04347224758735 -161.52876239474074 1412.61712673724 2038 2040 -1
2040 31.87411879643179 -161.4999393242133 1412.7303242463001 2039 2041 -1
2041 31.70609287505304 -161.4738946978986 1412.8461429060424 2040 2042 -1
2042 31.53945774501571 -161.45053085962678 1412.9645144660342 2041 2043 -1
2043 31.374360444698155 -161.4299073843539 1413.0855207801928 2042 2044 -1
2044 31.21088373476341 -161.41195987333734 1413.2091252803707 2043 2045 -1
2045 31.04914920029193 -161.3966890143562 1413.3353538244196 2044 2046 -1
2046 30.889306617651975 -161.38412472996728 1413.4642618625953 2045 2047 -1
2047 30.731450392920788 -161.37421302634954 1413.5958211602756 2046 2048 -1
2048 30.57573928575657 -161.36698142564543 1413.7300839917466 2047 2049 -1
2049 30.422338866228998 -161.36245108299167 1413.867096320157 2048 2050 -1
2050 30.271377173753752 -161.3605929277868 1414.0068515001396 2049 2051 -1
2051 30.123026725328312 -161.3614212110275 1414.1493853455695 2050 2052 -1
2052 29.97750040060188 -161.3649772853951 1414.2947602889847 2051 2053 -1
2053 29.834987481138953 -161.37126637318582 1414.4429988680974 2052 2054 -1
2054 29.69568708984476 -161.38029410172035 1414.5941205943714 2053 2055 -1
2055 29.559832637245528 -161.39208438783228 1414.7481602900853 2054 2056 -1
2056 29.4276764875793 -161.40666281396204 1414.9051498553142 2055 2057 -1
2057 29.29949137469478 -161.42405611116212 1415.0651166496089 2056 2058 -1
2058 29.175571734227013 -161.4442914947037 1415.2280815448944 2057 2059 -1
2059 29.056234910554988 -161.46739631033088 1415.3940565618543 2058 2060 -1
2060 28.941824855763254 -161.49343580984544 1415.563037885659 2059 2061 -1
2061 28.83271623465486 -161.52255318126566 1415.7349954261242 2060 2062 -1
2062 28.729309975943284 -161.5549022888547 1415.9098727520302 2061 2063 -1
2063 28.63203089154712 -161.59063517980726 1416.0875829359557 2062 2064 -1
2064 28.541324640568444 -161.62989881770562 1416.2680033108777 2063 2065 -1
2065 28.45774398918988 -161.67287714622807 1416.4509987119047 2064 2066 -1
2066 28.381704616230028 -161.7196628069233 1416.6363315852693 2065 2067 -1
2067 28.31366819147624 -161.7703543817247 1416.823734782641 2066 2068 -1
2068 28.254161749938596 -161.82506089025551 1417.0129021931134 2067 2069 -1
2069 28.203671030638592 -161.88384884032976 1417.2034593481453 2068 2070 -1
2070 28.16250798522378 -161.94668881090547 1417.394962601684 2069 2071 -1
2071 28.131114134860205 -162.0135904626988 1417.586939283008 2070 2072 -1
2072 28.10977167613142 -162.08447914530782 1417.7788642401124 2071 2073 -1
2073 28.098584746155478 -162.15920084872477 1417.9701943265568 2072 2074 -1
2074 28.097719796603663 -162.23761801699672 1418.1603678427716 2073 2075 -1
2075 28.107190510376498 -162.31953167252288 1418.348825578638 2074 2076 -1
2076 28.126794863866444 -162.40467350962376 1418.535057146943 2075 2077 -1
2077 28.15632783738115 -162.4927833235151 1418.7185797308534 2076 2078 -1
2078 28.195493363962406 -162.58358334277347 1418.8989631219736 2077 2079 -1
2079 28.243915564494255 -162.67678710160334 1419.075840914038 2078 2080 -1
2080 28.301152958406917 -162.77210812957944 1419.248918053268 2079 2081 -1
2081 28.36671444514879 -162.86926785579575 1419.4179744589428 2080 2082 -1
2082 28.440075806109412 -162.9680022649266 1419.582864839482 2081 2083 -1
2083 28.52075741177206 -163.06807713345975 1419.7434757763751 2082 2084 -1
2084 28.608307852707625 -163.16928077169987 1419.8997237127276 2083 2085 -1
2085 28.702099737556804 -163.27139632363387 1420.0517004055705 2084 2086 -1
2086 28.801829999596457 -163.37427200776952 1420.1993228601796 2085 2087 -1
2087 28.906935779110086 -163.47773952039148 1420.3427432520443 2086 2088 -1
2088 29.017007646037218 -163.5816677238273 1420.4820481800498 2087 2089 -1
2089 29.13169055798399 -163.68594464417512 1420.617316963787 2088 2090 -1
2090 29.25066177490199 -163.79047252309667 1420.7486321550773 2089 2091 -1
2091 29.373539635506845 -163.89516341664026 1420.8761663081002 2090 2092 -1
2092 29.5 -164.0 1421.0 2091 -1 -1
