0 66.0 14.5 -193.5 -1 1 -1
1 65.945512228248 14.547065570683133 -193.32085869016657 0 2 -1
2 65.8868470626008 14.597220368458661 -193.14386819720195 1 3 -1
3 65.82408085869784 14.650428533866565 -192.96919084056537 2 4 -1
4 65.75742507817621 14.706608149759154 -192.7969007513787 3 5 -1
5 65.6871176025979 14.76565553260358 -192.62703753648347 4 6 -1
6 65.61326762980184 14.827570228297919 -192.45971700686977 5 7 -1
7 65.53618004733238 14.892192446094224 -192.29489904178502 6 8 -1
8 65.45597981710783 14.959510906268273 -192.132665321586 7 9 -1
9 65.37289963867026 15.029421895917816 -191.9729973411945 8 10 -1
10 65.28715232862406 15.101834784561714 -191.81587408636315 9 11 -1
11 65.1988595793168 15.176746355369232 -191.6613531460568 10 12 -1
12 65.1082784262097 15.254017940212943 -191.50933913994422 11 13 -1
13 65.01555609751128 15.333617791740279 -191.3598376794559 12 14 -1
14 64.92085294336593 15.41550169649857 -191.21283196910218 13 15 -1
15 64.82437082545121 15.499571717105148 -191.06823649081323 14 16 -1
16 64.72624315988178 15.585809559382191 -190.92604458928307 15 17 -1
17 64.6266262315605 15.674167417600765 -190.7862091532255 16 18 -1
18 64.52568937013257 15.764570612168436 -190.64864583122758 17 19 -1
19 64.42356129054846 15.857001653698456 -190.5133272265361 18 20 -1
20 64.32037467069964 15.951438220085375 -190.38021424459382 19 21 -1
21 64.21628092582671 16.047813497206658 -190.24921376700996 20 22 -1
22 64.11140634586016 16.14610080812499 -190.12027238767539 21 23 -1
23 64.0058600327469 16.24632427594595 -189.9933857085116 22 24 -1
24 63.89978190946189 16.348412609105864 -189.86844425402307 23 25 -1
25 63.79328870244516 16.452348463370594 -189.74539323130304 24 26 -1
26 63.686492501226056 16.558139299213746 -189.62419938771095 25 27 -1
27 63.57950917727925 16.665777085024583 -189.50481029046105 26 28 -1
28 63.472453494688374 16.775228101514713 -189.38714708240622 27 29 -1
29 63.36543499507803 16.886487013321602 -189.27115728606148 28 30 -1
30 63.25856778588251 16.999589107000087 -189.1568223687601 29 31 -1
31 63.151961108444574 17.11450531762208 -189.04406419945803 30 32 -1
32 63.045723016428106 17.23122960660355 -188.9328255471899 31 33 -1
33 62.93996652169593 17.349778101420537 -188.82306678403575 32 34 -1
34 62.83481411455633 17.470184871545932 -188.71476009970795 33 35 -1
35 62.73036805653899 17.59242234765999 -188.6078295930189 34 36 -1
36 62.626742567993425 17.71650195850118 -188.50223057782827 35 37 -1
37 62.524079998125224 17.842482530674936 -188.39795007790428 36 38 -1
38 62.42248543004724 17.970343080490128 -188.2949195413354 37 39 -1
39 62.3220784676347 18.100092255929297 -188.19309289797346 38 40 -1
40 62.22302058986935 18.231793010099608 -188.0924574559788 39 41 -1
41 62.125428523699384 18.365435445181223 -187.9929563882062 40 42 -1
42 62.02939071599793 18.501006543107593 -187.89455802798471 41 43 -1
43 61.934935006975415 18.638510220482665 -187.79731651781552 42 44 -1
44 61.84196139672504 18.77781847021814 -187.70122194629647 43 45 -1
45 61.75043120855431 18.91888274108634 -187.60631048067927 44 46 -1
46 61.66029103789993 19.061641160312007 -187.51260930877353 45 47 -1
47 61.57144627735359 19.20598605042232 -187.42010879386092 46 48 -1
48 61.483871261120065 19.3518991354017 -187.32886621686444 47 49 -1
49 61.39744719164932 19.49925156001165 -187.2388474693243 48 50 -1
50 61.31212453217845 19.648005202361126 -187.1500912904883 49 51 -1
51 61.22780690671302 19.79806707026454 -187.0625854810341 50 52 -1
52 61.14441454930643 19.949369548933472 -186.97633818731478 51 53 -1
53 61.061864311612695 20.10184502403287 -186.89135558209892 52 54 -1
54 60.98005689136028 20.25540665044975 -186.8076193535972 53 55 -1
55 60.898915289710665 20.410004555290925 -186.72515153235733 54 56 -1
56 60.818329474900665 20.5655400035164 -186.64391058624688 55 57 -1
57 60.73822295507636 20.721975223485806 -186.56393289787204 56 58 -1
58 60.658484147119665 20.879209250058125 -186.48516323315218 57 59 -1
59 60.579027301115374 21.03719886348741 -186.4076301195211 58 60 -1
60 60.4997488742042 21.195857312185517 -186.33128922790675 59 61 -1
61 60.42055415630259 21.355129850499974 -186.25614956408495 60 62 -1
62 60.34134481281572 21.51494348453141 -186.1821833117522 61 63 -1
63 60.26202345140064 21.675234121292494 -186.10937834283897 62 64 -1
64 60.182491595828054 21.835938784002412 -186.0377247882159 63 65 -1
65 60.10265688370027 21.996987306955795 -185.96718874978686 64 66 -1
66 60.02241416157514 22.158322659925464 -185.89778016846012 65 67 -1
67 59.9416822118264 22.319873079565646 -185.82944749336306 66 68 -1
68 59.860349791223754 22.48158044853904 -185.76220688964622 67 69 -1
69 59.77834057606175 22.643377199766963 -185.69601154336002 68 70 -1
70 59.695554920356805 22.805200782050292 -185.630856509321 69 71 -1
71 59.61190244806061 22.96698684952488 -185.566723555073 70 72 -1
72 59.527311872871316 23.128673260945913 -185.50357737699986 71 73 -1
73 59.4416649508205 23.290190880448435 -185.44143118332678 72 74 -1
74 59.35491370811681 23.451481241280074 -185.38023395414424 73 75 -1
75 59.26696122502699 23.612476590651198 -185.31998195417924 74 76 -1
76 59.177725003939706 23.7731103146682 -185.26065972743805 75 77 -1
77 59.087154190102105 23.933324694350127 -185.20223294496574 76 78 -1
78 58.99514624160126 24.093044168618068 -185.14470368058429 77 79 -1
79 58.901650631318766 24.252209077762725 -185.08804278869266 78 80 -1
80 58.80661692089796 24.41075992625945 -185.03222551593151 79 81 -1
81 58.709953168104114 24.568619724764552 -184.97725522787312 80 82 -1
82 58.61165735624504 24.725767113415042 -184.9231448501513 81 83 -1
83 58.511745555514764 24.882202822368292 -184.86993960396023 82 84 -1
84 58.41020341004304 25.03791357720442 -184.81770302743413 83 85 -1
85 58.30702195835919 25.192887163151042 -184.7664969707282 84 86 -1
86 58.202226916278065 25.347125902449616 -184.7163605535961 85 87 -1
87 58.09581619418252 25.500618477156465 -184.6673498106066 86 88 -1
88 57.987758264673104 25.65333818835696 -184.61954361441838 87 89 -1
89 57.87806572155799 25.805277344833712 -184.57298987883652 88 90 -1
90 57.76674521389364 25.956424214961608 -184.52774003354833 89 91 -1
91 57.653790860231894 26.106759445478495 -184.48385569698385 90 92 -1
92 57.53916359894814 26.25624458461561 -184.4414296408765 91 93 -1
93 57.42288139975273 26.40486789253172 -184.4005067836642 92 94 -1
94 57.30494398363569 26.552606631200483 -184.3611480154382 93 95 -1
95 57.185343649970086 26.699431892508446 -184.3234225132004 94 96 -1
96 57.06403497351005 26.845290197446158 -184.28744138090582 95 97 -1
97 56.941043494016384 26.99016515957426 -184.25324593022094 96 98 -1
98 56.816365506185214 27.134021445125413 -184.22090832887136 97 99 -1
99 56.689987179210426 27.276814092561626 -184.19051505738895 98 100 -1
100 56.56187164269431 27.418478325125623 -184.16218529809385 99 101 -1
101 56.43205033737371 27.55898984812314 -184.13596032075833 100 102 -1
102 56.30051926506506 27.698297877870083 -184.11192584373362 101 103 -1
103 56.16724476437337 27.836324078399496 -184.09021302848024 102 104 -1
104 56.03224041091154 27.9730185023117 -184.07089664676292 103 105 -1
105 55.89552400886193 28.108330584348018 -184.0540480913706 104 106 -1
106 55.75707834868904 28.242174731668577 -184.03979584274296 105 107 -1
107 55.61690271829474 28.37447006206813 -184.02825357377702 106 108 -1
108 55.475036604024474 28.50516579082211 -184.01947694117104 107 109 -1
109 55.3314717625896 28.634158184249248 -184.01360703594395 108 110 -1
110 55.18622054578772 28.76135190602585 -184.01076276033538 109 111 -1
111 55.03933623621818 28.886687939862156 -184.0109960347608 110 112 -1
112 54.890814246886954 29.010029651991047 -184.01447974538024 111 113 -1
113 54.74070590270686 29.131294031803108 -184.02129088738457 112 114 -1
114 54.58907080321354 29.25040177088869 -184.0314950384246 113 115 -1
115 54.43590878680313 29.36716789989872 -184.04531339386452 114 116 -1
116 54.28132705119112 29.48155704774591 -184.06272829288483 115 117 -1
117 54.125367150535546 29.59341387625484 -184.08389759824445 116 118 -1
118 53.968101766304436 29.702614939641066 -184.1089214113784 117 119 -1
119 53.80963515866659 29.80908954358888 -184.13781752813662 118 120 -1
120 53.65001964368756 29.912617933569955 -184.17080463122724 119 121 -1
121 53.48939405479481 30.013180686537307 -184.2078144531158 120 122 -1
122 53.32782249111925 30.110641333553744 -184.2487962901025 121 123 -1
123 53.16532968267999 30.20502437539702 -184.29320083917042 122 124 -1
124 53.001916178398794 30.29641153974554 -184.34040923554656 123 125 -1
125 52.837516085120804 30.384760716692345 -184.38992204228342 124 126 -1
126 52.67210506171256 30.470223384847433 -184.441107361312 125 127 -1
127 52.50558953162256 30.55279712821483 -184.4934418647422 126 128 -1
128 52.33788884891028 30.632551467743564 -184.54636191589 127 129 -1
129 52.168920399266156 30.709562848566954 -184.59931230972728 128 130 -1
130 51.99854980156324 30.7838082530776 -184.65171702878686 129 131 -1
131 51.82671868980053 30.8554072208548 -184.70302312279694 130 132 -1
132 51.65327649919296 30.92429730189725 -184.7525851664453 131 133 -1
133 51.478179410945884 30.990571444347786 -184.7998387354991 132 134 -1
134 51.30130696959962 31.054163511582715 -184.84406434433083 133 135 -1
135 51.12264501346477 31.115120858758893 -184.88465271397374 134 136 -1
136 50.94212689620675 31.173350110869148 -184.92078002391443 135 137 -1
137 50.75982452503106 31.228884373618296 -184.95182628015732 136 138 -1
138 50.57575584992988 31.281570690183813 -184.97680837335707 137 139 -1
139 50.39012253533962 31.33142140107547 -184.99511604933386 138 140 -1
140 50.203162409727994 31.37830386249857 -185.00646752984068 139 141 -1
141 50.0151862988408 31.422129992111184 -185.01154603216355 140 142 -1
142 49.82645190978583 31.462894238124935 -185.01122621492485 141 143 -1
143 49.637126991079555 31.500501507242724 -185.00622049740406 142 144 -1
144 49.447347172948156 31.535004036630124 -184.99745327994566 143 145 -1
145 49.25718778528051 31.56641828643785 -184.98575595889665 144 146 -1
146 49.06667907842912 31.594697512448377 -184.97192472092834 145 147 -1
147 48.875838969454755 31.61994177125933 -184.95684159175775 146 148 -1
148 48.684655020186995 31.642133815538834 -184.9413151751313 147 149 -1
149 48.493111380457115 31.661288407924378 -184.9261859909958 148 150 -1
150 48.30120263903833 31.67746973001711 -184.91226396413487 149 151 -1
151 48.10892391418438 31.69062372832576 -184.90042261148193 150 152 -1
152 47.91631079471558 31.70081274000663 -184.89146955545536 151 153 -1
153 47.723428813351475 31.70805423218953 -184.88622176714708 152 154 -1
154 47.530389018631155 31.71229487696062 -184.8856218073993 153 155 -1
155 47.33736746931631 31.713625760471796 -184.89037818163843 154 156 -1
156 47.14458244694017 31.712033880219735 -184.90103103978004 155 157 -1
157 46.95220718244057 31.707530950240475 -184.91697497816713 156 158 -1
158 46.76032810025295 31.700191319003626 -184.93727439513975 157 159 -1
159 46.56899704906473 31.68996163711219 -184.9611885586269 158 160 -1
160 46.37819293025235 31.676934329750296 -184.9878057060152 159 161 -1
161 46.18788169860104 31.66109048950714 -185.01636016716733 160 162 -1
162 45.99799984070508 31.642439158913824 -185.0460566468852 161 163 -1
163 45.80846884196501 31.621012147912968 -185.07612089866046 162 164 -1
164 45.619216455901835 31.596745547296514 -185.10577835487854 163 165 -1
165 45.43016387103603 31.569707180508473 -185.1342882092556 164 166 -1
166 45.24125867019433 31.539791411476592 -185.16082806368047 165 167 -1
167 45.052462314707284 31.50706526362935 -185.18468104313774 166 168 -1
168 44.86377534832353 31.471459549324532 -185.20500470729488 167 169 -1
169 44.67523773092099 31.432993413870133 -185.2210276335097 168 170 -1
170 44.48695233526712 31.391679190886585 -185.2321908484559 169 171 -1
171 44.29909755261476 31.347509288561152 -185.23873458918763 170 172 -1
172 44.1118144381929 31.30058136652058 -185.2412895902364 171 173 -1
173 43.92524471308248 31.250834067160284 -185.24027762332383 172 174 -1
174 43.73945427168181 31.198386193605806 -185.2363540597971 173 175 -1
175 43.5545266556201 31.143196855069863 -185.2299928235001 174 176 -1
176 43.37049423188881 31.0853256000686 -185.22176731684675 175 177 -1
177 43.18739305063619 31.024768673264525 -185.21219307421575 176 178 -1
178 43.00524250486888 30.961538614546274 -185.20179920557825 177 179 -1
179 42.82405073226483 30.89565905966101 -185.19110416904672 178 180 -1
180 42.64383946750831 30.827109979731556 -185.18062389527006 179 181 -1
181 42.46460836172892 30.755936167562396 -185.17085775334402 180 182 -1
182 42.286394041653445 30.68210084361475 -185.16232898005106 181 183 -1
183 42.109205013926555 30.60566697716848 -185.15550762095143 182 184 -1
184 41.933103846176664 30.526598491002744 -185.150931794831 183 185 -1
185 41.75812285724798 30.44497583819112 -185.14903932243016 184 186 -1
186 41.58435942909478 30.360783499454953 -185.15037471511295 185 187 -1
187 41.41188143080705 30.274119999992102 -185.1553191361507 186 188 -1
188 41.240790571219605 30.185022631546765 -185.1638921332592 187 189 -1
189 41.07111543651275 30.09360243237276 -185.17559372604327 188 190 -1
190 40.90288540230855 29.999919579731458 -185.18996899070171 189 191 -1
191 40.73610780498451 29.90403077972174 -185.2065600534904 190 192 -1
192 40.57075578223388 29.806013180055213 -185.22489377275622 191 193 -1
193 40.40684211153789 29.70586059972763 -185.24456027612578 192 194 -1
194 40.244299615685556 29.603667711860147 -185.26509400824082 193 195 -1
195 40.08313744042472 29.499402853084163 -185.2860875143246 194 196 -1
196 39.92329485706536 29.393131930493436 -185.3071107247741 195 197 -1
197 39.764747985536594 29.28486348720998 -185.32774959952283 196 198 -1
198 39.60748368436472 29.17459174966446 -185.3475779228907 197 199 -1
199 39.45145083614973 29.062378581907804 -185.36620506178943 198 200 -1
200 39.296669707797676 28.948186587218853 -185.38317220963378 199 201 -1
201 39.143106558543934 28.83208188318986 -185.39809781482194 200 202 -1
202 38.99077238855371 28.714083155442587 -185.41055403086327 201 203 -1
203 38.83970121114407 28.594203494175215 -185.4200776080133 202 204 -1
204 38.68989530533529 28.472534339190695 -185.42631687653864 203 205 -1
205 38.541440834222215 28.34908715286319 -185.42874203457433 204 206 -1
206 38.39437472098602 28.223979168754195 -185.42701132268363 205 207 -1
207 38.248783356119226 28.097293882749472 -185.42088250875466 206 208 -1
208 38.10475065444172 27.969098238241447 -185.41066499372215 207 209 -1
209 37.96228217158572 27.839491018793908 -185.39691866220096 208 210 -1
210 37.821444551091666 27.708480323695905 -185.38002180621066 209 211 -1
211 37.68220833505244 27.576127754292198 -185.360507739617 210 212 -1
212 37.54457110288447 27.442446245971432 -185.33882403510185 211 213 -1
213 37.408540753645816 27.30741966111837 -185.31540062733018 212 214 -1
214 37.27405441009726 27.171075214413733 -185.29072661193055 213 215 -1
215 37.1411223657958 27.033365173345167 -185.26522600281632 214 216 -1
216 37.0096919997319 26.89428820840839 -185.23936206515103 215 217 -1
217 36.87973169132594 26.753821053327982 -185.21358247072519 216 218 -1
218 36.75124365368239 26.611906811516587 -185.18835519099005 217 219 -1
219 36.62416678534379 26.46855594242411 -185.16412377809033 218 220 -1
220 36.49853002522635 26.323696755694193 -185.1414028774583 219 221 -1
221 36.37429332927258 26.177344290907428 -185.12064161997367 220 222 -1
222 36.25148597189155 26.029461365674663 -185.10237787564634 221 223 -1
223 36.13011835336344 25.880058498014968 -185.0871141958509 222 224 -1
224 36.01023215620542 25.729148075602104 -185.07539938459897 223 225 -1
225 35.891884106070975 25.5767691038967 -185.06778918734503 224 226 -1
226 35.77514725323742 25.422995210663885 -185.06471717595366 225 227 -1
227 35.66007046715238 25.267947526903722 -185.06590255146142 226 228 -1
228 35.546686462132556 25.111729736505982 -185.07082773250812 227 229 -1
229 35.434969536259096 24.954443683302905 -185.07889127765966 228 230 -1
230 35.324928658175175 24.796134649071842 -185.0895741352614 229 231 -1
231 35.21647734543775 24.63687658415841 -185.10223481450066 230 232 -1
232 35.10961078989964 24.476670703661334 -185.11633829330793 231 233 -1
233 35.004217726014204 24.315564477246063 -185.13125336957683 232 234 -1
234 34.90025361185095 24.153553697012153 -185.14639943555716 233 235 -1
235 34.79763382672788 23.99065367264255 -185.16116957668726 234 236 -1
236 34.69627688161452 23.826880548189475 -185.1749704949132 235 237 -1
237 34.596133982031745 23.662235683905447 -185.18716176249416 236 238 -1
238 34.49711051348165 23.49676978462408 -185.197178075376 237 239 -1
239 34.39917667799942 23.33051012274816 -185.2043442765845 238 240 -1
240 34.30226944693663 23.163539508573145 -185.20808789919397 239 241 -1
241 34.2063592279203 22.995953545547803 -185.20780077457917 240 242 -1
242 34.11144348608684 22.827877689399262 -185.20281664355323 241 243 -1
243 34.017501543839295 22.65948869354696 -185.19267051687066 242 244 -1
244 33.92458123552768 22.49098979791497 -185.17666060837269 243 245 -1
245 33.8326902395608 22.32261838836803 -185.15454269437757 244 246 -1
246 33.74183118143761 22.154534989798975 -185.1266918240805 245 247 -1
247 33.651939503111144 21.98681135767877 -185.09395119061207 246 248 -1
248 33.56293326814937 21.819469118559795 -185.05708932906688 247 249 -1
249 33.474709749812824 21.652488607384804 -185.01685392034005 248 250 -1
250 33.387154267859415 21.48581933682004 -184.97395244828408 249 251 -1
251 33.30013902417975 21.319386000382497 -184.92907831848635 250 252 -1
252 33.21354057930398 21.153101357779175 -184.8828647017272 251 253 -1
253 33.127220036579374 20.986864846786233 -184.83596224403618 252 254 -1
254 33.04105258547649 20.82057231997281 -184.7889767975708 253 255 -1
255 32.954904546203544 20.65412398149589 -184.74251095718586 254 256 -1
256 32.86865087606166 20.487419520327006 -184.69717440818158 255 257 -1
257 32.782171317744115 20.320371704640564 -184.65356726683586 256 258 -1
258 32.69535893193409 20.152913366198096 -184.61225916795098 257 259 -1
259 32.60809841813834 19.98497641130726 -184.57395157105944 258 260 -1
260 32.5203154329129 19.81654753788013 -184.53916501831358 259 261 -1
261 32.43192658298209 19.647619399250253 -184.50859641379702 260 262 -1
262 32.342881033143485 19.47823227011614 -184.48286522809494 261 263 -1
263 32.25322792555399 19.308474248951622 -184.46217838465674 262 264 -1
264 32.163090902763045 19.13843415106424 -184.44651578915105 263 265 -1
265 32.07262406723759 18.96820500014672 -184.43549285099948 264 266 -1
266 31.981952378496977 18.79785274071016 -184.42895901037625 265 267 -1
267 31.89119968469292 18.627433057118463 -184.4266810324624 266 268 -1
268 31.80047995635181 18.45698819514947 -184.42835575449794 267 269 -1
269 31.709902924798207 18.286547352950368 -184.43385232742983 268 270 -1
270 31.619565159951005 18.116128422026446 -184.44285501682967 269 271 -1
271 31.529556247208387 17.945738752461594 -184.4551241488399 270 272 -1
272 31.439974980454412 17.77537744778119 -184.47052290413092 271 273 -1
273 31.35088990958578 17.605033639490426 -184.48873760925318 272 274 -1
274 31.26237626697825 17.434690335604746 -184.50956018378724 273 275 -1
275 31.17452417923923 17.26432288261654 -184.53284352380862 274 276 -1
276 31.087384345925873 17.093902185845437 -184.55831183529668 275 277 -1
277 31.00102153263836 16.92339428401518 -184.5857674845383 276 278 -1
278 30.915520794752076 16.752756877937294 -184.61505656456654 277 279 -1
279 30.83092727687522 16.581949389395987 -184.64594521071484 278 280 -1
280 30.747298399948463 16.410926964248336 -184.67824004979587 279 281 -1
281 30.66471238152973 16.239636366884923 -184.71177408457265 280 282 -1
282 30.583226301253358 16.06802677402725 -184.7463519284632 281 283 -1
283 30.50288963426198 15.896048830557957 -184.7817790064215 282 284 -1
284 30.423776207383213 15.723644378726677 -184.81787964339392 283 285 -1
285 30.345965868400853 15.550751443756083 -184.8544728323953 284 286 -1
286 30.26950138157366 15.377322526474426 -184.8913652256017 285 287 -1
287 30.194458867684215 15.203298453284118 -184.92837459274392 286 288 -1
288 30.120943334058754 15.028608212757026 -184.9653097159072 287 289 -1
289 30.048995393456767 14.853211354701795 -185.00198120159754 288 290 -1
290 29.97870687095134 14.677048180696623 -185.03819430681472 289 291 -1
291 29.910197329001246 14.500049526454765 -185.07373558452656 290 292 -1
292 29.843515389653703 14.322184700686751 -185.1084170212075 291 293 -1
293 29.778791459344543 14.143390585330748 -185.14201127026874 292 294 -1
294 29.716096300508752 13.96364583513304 -185.17435656284383 293 295 -1
295 29.65535617554959 13.783021493632871 -185.205511719163 294 296 -1
296 29.596556204448994 13.601565186752381 -185.23553492732947 295 297 -1
297 29.53954762585803 13.419376708191745 -185.26456317316274 296 298 -1
298 29.484290161284676 13.236505879293592 -185.2926733769544 297 299 -1
299 29.430659730419723 13.053030972869252 -185.3199881527534 298 300 -1
300 29.37857519878687 12.869009481971574 -185.3466095415829 299 301 -1
301 29.327928893989863 12.684504354846823 -185.37265306807373 300 302 -1
302 29.278613726451226 12.499574432946538 -185.39823489600994 301 303 -1
303 29.230526770412567 12.314273829930702 -185.4234710531223 302 304 -1
304 29.18354768464713 12.128658939683053 -185.4484838061189 303 305 -1
305 29.13757087804918 11.942779322786107 -185.47339345130516 304 306 -1
306 29.092471103682623 11.756687749808627 -185.49832422913835 305 307 -1
307 29.04813632491132 11.570432027076144 -185.52340125136993 306 308 -1
308 29.004441001792458 11.38406196666594 -185.54874982777 307 309 -1
309 28.961265962427053 11.19762538937922 -185.5744977248742 308 310 -1
310 28.918486865831532 11.011171135326364 -185.60077301146916 309 311 -1
311 28.875979333169365 10.824748015941564 -185.62770168654384 310 312 -1
312 28.833619198231258 10.638406886175893 -185.65541823751073 311 313 -1
313 28.791280982659853 10.45219780987607 -185.6840406474791 312 314 -1
314 28.748837780519995 10.266177449226848 -185.713714785245 313 315 -1
315 28.70616883896575 10.080396643571458 -185.74454304022052 314 316 -1
316 28.66314040013274 9.89492231240824 -185.77668815940405 315 317 -1
317 28.61964233967597 9.70980557043907 -185.81023146965072 316 318 -1
318 28.57553281013815 9.525126176797261 -185.84534929255312 317 319 -1
319 28.530712098891538 9.340938680787916 -185.88211058274112 318 320 -1
320 28.485040628427875 9.157331165872922 -185.92068082451067 319 321 -1
321 28.438420831432285 8.974369082390659 -185.96113635311778 320 322 -1
322 28.39072371287012 8.792146003628941 -186.00361996856932 321 323 -1
323 28.341852492002133 8.610740554126433 -186.04821468086362 322 324 -1
324 28.29169324837248 8.430250647494264 -186.0950378620503 323 325 -1
325 28.240152263601857 8.250767831279987 -186.14417341897303 324 326 -1
326 28.187131523985627 8.072394624403916 -186.19571566031635 325 327 -1
327 28.13259259018087 7.895202297009025 -186.24968957213218 326 328 -1
328 28.07660705165614 7.719194955632165 -186.30600950617966 327 329 -1
329 28.019281414620675 7.544345168756153 -186.36454397329547 328 330 -1
330 27.960691830468868 7.370644480988596 -186.4252100449738 329 331 -1
331 27.90094840295397 7.198046335565733 -186.48786551111567 330 332 -1
332 27.840105817206464 7.026551248434321 -186.5524625836665 331 333 -1
333 27.778277107238537 6.856094996426644 -186.6188485240755 332 334 -1
334 27.715507732407477 6.686679055512283 -186.68699180270997 333 335 -1
335 27.651897231402973 6.518240496056102 -186.756758895105 334 336 -1
336 27.58750317099104 6.350759400802651 -186.8280948403586 335 337 -1
337 27.52239789208279 6.1841944381686735 -186.9009150390602 336 338 -1
338 27.456653330042798 6.018499847643281 -186.9751333523919 337 339 -1
339 27.39032172255228 5.85365401108967 -187.05070718211738 338 340 -1
340 27.323481916143972 5.689592898570743 -187.1275307120954 339 341 -1
341 27.256180348377818 5.526299704959051 -187.2055776193703 340 342 -1
342 27.188489822665957 5.363711495767968 -187.28475193569338 341 343 -1
343 27.120463647863907 5.201797141887064 -187.36501217828342 342 344 -1
344 27.052163736898397 5.04050740431166 -187.44629125225396 343 345 -1
345 26.983649255112752 4.8797970000237925 -187.5285317077346 344 346 -1
346 26.914978417822763 4.719623325744667 -187.61168391168985 345 347 -1
347 26.84621251296504 4.559933295292196 -187.6956835247094 346 348 -1
348 26.777411335421935 4.40068413161565 -187.7804874577721 347 349 -1
349 26.708637193436168 4.241820189037052 -187.86603263982178 348 350 -1
350 26.639953881791207 4.083293002480539 -187.95227276001714 349 351 -1
351 26.571427422811784 3.9250474062407306 -188.03915247469973 350 352 -1
352 26.503124032044187 3.7670262009509132 -188.12661436791657 351 353 -1
353 26.435121393365822 3.6091742800820694 -188.21461466229172 352 354 -1
354 26.367488097240894 3.4514271844793605 -188.30308629517035 353 355 -1
355 26.30030763202206 3.2937223890951377 -188.39197736651622 354 356 -1
356 26.23367134482428 3.135991166925858 -188.4812303790544 355 357 -1
357 26.16766513760994 2.978162076979304 -188.57077802243538 356 358 -1
358 26.10239057193913 2.8201591384668427 -188.66055503262226 357 359 -1
359 26.037959328585167 2.661900503494494 -188.7504906438189 358 360 -1
360 25.974494890128433 2.5032978042261935 -188.84050744702293 359 361 -1
361 25.912135451914523 2.3442550600812946 -188.9305199588992 360 362 -1
362 25.85101255832205 2.1846999564413845 -189.0204737721142 361 363 -1
363 25.791078429319455 2.0248635443076357 -189.1107276480987 362 364 -1
364 25.732149149083938 1.8651855092787697 -189.20191815310523 363 365 -1
365 25.674017041642784 1.706144804780906 -189.2947185743201 364 366 -1
366 25.616458395281946 1.5482568742177811 -189.38981453925254 365 367 -1
367 25.559242176516566 1.3920724004179246 -189.48788148475992 366 368 -1
368 25.502137697193856 1.2382068088110616 -189.58960777022352 367 369 -1
369 25.444924281769737 1.0872279815342385 -189.6955085254988 368 370 -1
370 25.38740814833508 0.9397257933174316 -189.80604026779346 369 371 -1
371 25.329417634575552 0.7962462628712924 -189.92150773377742 370 372 -1
372 25.270694517962294 0.6570380910821428 -190.04173726232753 371 373 -1
373 25.210925862741558 0.5220599612456387 -190.1662013546824 372 374 -1
374 25.14982008589298 0.3912511706444528 -190.2944122792326 373 375 -1
375 25.087106267732874 0.26454524539092583 -190.42592541924805 374 376 -1
376 25.022536967276096 0.14186337308698854 -190.56032531375385 375 377 -1
377 24.955882933917916 0.023127924401782584 -190.69722945332813 376 378 -1
378 24.886923636121594 -0.09172479874704574 -190.83628738166576 377 379 -1
379 24.81549420343911 -0.20281560538714322 -190.97714261982114 378 380 -1
380 24.74145467025446 -0.3102459802294757 -191.11948189269893 379 381 -1
381 24.664855652592774 -0.4141433180442957 -191.26308530077335 380 382 -1
382 24.58586915530106 -0.5146323437885352 -191.40781690506316 381 383 -1
383 24.50473264467602 -0.6119474837246041 -191.55352526363023 382 384 -1
384 24.42156166553368 -0.706161624030585 -191.7001225672441 383 385 -1
385 24.33654157095832 -0.7974684538216746 -191.84749695094237 384 386 -1
386 24.24977313258484 -0.8859433944669738 -191.99557841986652 385 387 -1
387 24.1614057907208 -0.9717522974325034 -192.14428228002427 386 388 -1
388 24.071505487586872 -1.0549316334049463 -192.2935605953054 387 389 -1
389 23.98021010803708 -1.1356504961590792 -192.44334228972644 388 390 -1
390 23.887571130607437 -1.2139342726561408 -192.5935909852371 389 391 -1
391 23.793684040253506 -1.289893753032032 -192.7442575053825 390 392 -1
392 23.698628661492183 -1.3636191807653544 -192.89530102692493 391 393 -1
393 23.602437984110843 -1.4351146058097801 -193.04669755640967 392 394 -1
394 23.50519662330772 -1.5044899049825586 -193.1984088946644 393 395 -1
395 23.40695935247331 -1.5718018075762425 -193.35040806546712 394 396 -1
396 23.307753452669672 -1.6370517163999352 -193.50267714340686 395 397 -1
397 23.207638218159865 -1.7003118144739946 -193.6551905071922 396 398 -1
398 23.10665943859541 -1.761629750611891 -193.8079277014785 397 399 -1
399 23.004842195469838 -1.8210089703492829 -193.96087423458636 398 400 -1
400 22.90220975220037 -1.8785420861076279 -194.11398158200174 399 401 -1
401 22.798767145659248 -1.9344911543258698 -194.26713097276337 400 402 -1
402 22.694493206714082 -1.9891052104669191 -194.4201987042302 401 403 -1
403 22.589361859093813 -2.0426439145836452 -194.57305985242655 402 404 -1
404 22.48337104532315 -2.095398231272645 -194.7255999326598 403 405 -1
405 22.376493743334155 -2.1476333758964214 -194.87769956500642 404 406 -1
406 22.26869452786263 -2.1996241521339153 -195.0292312436228 405 407 -1
407 22.159972054408875 -2.2516528018556303 -195.18008872467212 406 408 -1
408 22.050296277255363 -2.3039976442504284 -195.33014453417894 407 409 -1
409 21.93963582009165 -2.356949868389903 -195.4792611647956 408 410 -1
410 21.82799432479863 -2.4107772040861537 -195.62732926423743 409 411 -1
411 21.715342487519028 -2.4657775075351926 -195.77419590193392 410 412 -1
412 21.601670249828903 -2.5222391014579855 -195.91971520012964 411 413 -1
413 21.486990889675788 -2.5804166316478674 -196.06376055698908 412 414 -1
414 21.371282425981637 -2.640639385295125 -196.20613211716176 413 415 -1
415 21.254574929517208 -2.7031495590362584 -196.34669002392542 414 416 -1
416 21.13689339631285 -2.7682055322100934 -196.48526613489142 415 417 -1
417 21.018246525642535 -2.8361425397012603 -196.62161800903016 416 418 -1
418 20.898706722645393 -2.9071290328294284 -196.75561515755308 417 419 -1
419 20.778317775829176 -2.9814528885845353 -196.8870166104994 418 420 -1
420 20.65715169292062 -3.0593438622996194 -197.015606596937 419 421 -1
421 20.535294803035125 -3.140874127820444 -197.14125428964587 420 422 -1
422 20.412741635247933 -3.225871025055409 -197.26389271471498 421 423 -1
423 20.289477200140162 -3.313887713288371 -197.38365519504683 422 424 -1
424 20.165468318452394 -3.404535266657051 -197.50065615757154 423 425 -1
425 20.040642871931677 -3.497516825195436 -197.6149262172075 424 426 -1
426 19.914956481196807 -3.5924360508500848 -197.72663103692648 425 427 -1
427 19.788342616160033 -3.688960529407625 -197.83588684886612 426 428 -1
428 19.660695778451515 -3.786801631012472 -197.9427437465957 427 429 -1
429 19.531947648662648 -3.885617404589974 -198.0473591853974 428 430 -1
430 19.402009529577644 -3.9851007945794557 -198.14984946749323 429 431 -1
431 19.27074681477309 -4.084955345089471 -198.25027020416144 430 432 -1
432 19.138074020209395 -4.184865627913683 -198.3487638551557 431 433 -1
433 19.003886481527882 -4.284527884799359 -198.44544010159115 432 434 -1
434 18.86801339463611 -4.383608552603233 -198.5403434224159 433 435 -1
435 18.73037519207396 -4.48179687556909 -198.63361608000946 434 436 -1
436 18.590826371739773 -4.578747103292927 -198.72533142019168 435 437 -1
437 18.449207444382125 -4.674080016362924 -198.8155561371316 436 438 -1
438 18.305434001840304 -4.767461253185062 -198.90440321189743 437 439 -1
439 18.15928360593237 -4.858399208706737 -198.9918948112074 438 440 -1
440 18.01071461069247 -4.946557786701694 -199.0781472604064 439 441 -1
441 17.8595141128465 -5.031371636360937 -199.1631702302671 440 442 -1
442 17.705788716420322 -5.112715291790717 -199.24704855631006 441 443 -1
443 17.5495725571504 -5.190395605983192 -199.32979031916153 442 444 -1
444 17.391051384206595 -5.264437778716577 -199.4114763161893 443 445 -1
445 17.230337251429418 -5.334760548403908 -199.4921587469923 444 446 -1
446 17.06755841266794 -5.401302839093189 -199.5719028143496 445 447 -1
447 16.902894038836482 -5.464108006640662 -199.65080243392532 446 448 -1
448 16.736467503701892 -5.523117077239833 -199.7289324376913 447 449 -1
449 16.568438790623173 -5.578350645965111 -199.8063903187498 448 450 -1
450 16.39897767126396 -5.629874462985783 -199.88328261765332 449 451 -1
451 16.228221751604462 -5.6776848294069096 -199.95970877639166 450 452 -1
452 16.056324616615367 -5.721830279001307 -200.035780575209 451 453 -1
453 15.88344880158823 -5.762419173965482 -200.11161535378056 452 454 -1
454 15.70973137232908 -5.799494448733374 -200.18732708555922 453 455 -1
455 15.535311606031485 -5.8331184732132195 -200.26303555257905 454 456 -1
456 15.360336550127336 -5.863436748250252 -200.3388588559984 455 457 -1
457 15.18493160373385 -5.890512308983183 -200.41491669043663 456 458 -1
458 15.00922363397944 -5.91443898974387 -200.49133007392908 457 459 -1
459 14.833336437487786 -5.935375909677639 -200.56820784560094 458 460 -1
460 14.657359548898306 -5.953374397698049 -200.64562319887253 459 461 -1
461 14.481274877437235 -5.968604786540353 -200.7233869040259 460 462 -1
462 14.305024850565859 -5.981182790006217 -200.8012508531701 461 463 -1
463 14.128545188027482 -5.991192225305469 -200.87896720126406 462 464 -1
464 13.951779022865331 -5.998795699347601 -200.95630450574686 463 465 -1
465 13.774650447629053 -6.004015168079456 -201.0330077094184 464 466 -1
466 13.597107350885368 -6.007024669231183 -201.10886628634378 465 467 -1
467 13.419071703249823 -6.007847925965832 -201.18361758083762 466 468 -1
468 13.24049047071031 -6.006616820615569 -201.25704979911472 467 469 -1
469 13.061292266107065 -6.003377659194434 -201.32890068815252 468 470 -1
470 12.881421864806446 -5.998223003950496 -201.39893644739735 469 471 -1
471 12.700821971244642 -5.991221890067764 -201.46690380788567 470 472 -1
472 12.51943448726259 -5.98243206222211 -201.53252454981103 471 473 -1
473 12.337225433669976 -5.971947546932801 -201.59556934282466 472 474 -1
474 12.154132990113707 -5.959792792962175 -201.6556856589189 473 475 -1
475 11.970151013371341 -5.946093100399621 -201.71267117187563 474 476 -1
476 11.785236324908656 -5.930959541116881 -201.76616739442997 475 477 -1
477 11.599391220790771 -5.914588284833207 -201.81594311984242 476 478 -1
478 11.41261567552358 -5.897155247528104 -201.86171418567702 477 479 -1
479 11.224905148072619 -5.878827336692069 -201.90309764820353 478 480 -1
480 11.036307742182677 -5.859810359028609 -201.93987786998642 479 481 -1
481 10.846859333907357 -5.840288339465154 -201.97168223098876 480 482 -1
482 10.656624534010241 -5.820461813359037 -201.99814961340797 481 483 -1
483 10.465706426642901 -5.800539551558185 -202.01902729494168 482 484 -1
484 10.27421851824764 -5.780731478310933 -202.0339424066268 483 485 -1
485 10.082308664241458 -5.7612608371196545 -202.042511397753 484 486 -1
486 9.890164369177176 -5.742343814812639 -202.04451964656684 485 487 -1
487 9.697995599972211 -5.724200713535918 -202.0396788745473 486 488 -1
488 9.506054883521898 -5.7070788802461125 -202.02756798800897 487 489 -1
489 9.314615469655736 -5.691177968111121 -202.0081187337759 488 490 -1
490 9.123974019672719 -5.676706290144649 -201.98116171795706 489 491 -1
491 8.934439868389525 -5.663860643545183 -201.94662214757048 490 492 -1
492 8.74590764712653 -5.652424162355056 -201.90651513107377 491 493 -1
493 8.557943375082585 -5.642026341599259 -201.86354200945888 492 494 -1
494 8.369988222546361 -5.63231481327914 -201.82036729042738 493 495 -1
495 8.181469687257422 -5.62291080859201 -201.7796668632996 494 496 -1
496 7.991903553899109 -5.613459967474351 -201.74421196928066 495 497 -1
497 7.800993602547267 -5.60358826784687 -201.7171427193701 496 498 -1
498 7.60886734507238 -5.592938499831877 -201.70155365716704 497 499 -1
499 7.416185439918551 -5.581169702576823 -201.70019436902265 498 500 -1
500 7.223888479649638 -5.567949743429163 -201.71131438872453 499 501 -1
501 7.032348710382434 -5.552928862503945 -201.7305255732381 500 502 -1
502 6.841392836027395 -5.535747656501617 -201.75344922278646 501 503 -1
503 6.650627893347721 -5.515999599309633 -201.7758782572739 502 504 -1
504 6.459703064230394 -5.493232722566212 -201.7934859639025 503 505 -1
505 6.268607810438251 -5.467014051306866 -201.80172325225476 504 506 -1
506 6.077999967394575 -5.437057230713129 -201.79614591416572 505 507 -1
507 5.889253965627603 -5.403331877250141 -201.77385948053978 506 508 -1
508 5.703368925970069 -5.366213914283204 -201.73725619608663 507 509 -1
509 5.520573266558094 -5.3260212597338015 -201.6898466623994 508 510 -1
510 5.34045235933282 -5.283056531855307 -201.63515056189038 509 511 -1
511 5.162396695419567 -5.237422839362795 -201.5760091830348 510 512 -1
512 4.985643002476761 -5.189128861242248 -201.51509326517953 511 513 -1
513 4.809371307979459 -5.1382014598147485 -201.45493200333928 512 514 -1
514 4.632806224191126 -5.084486233695511 -201.39816525030838 513 515 -1
515 4.455291659587907 -5.027980767496985 -201.3474189947784 514 516 -1
516 4.276473346743483 -4.968660093796739 -201.30519318394894 515 517 -1
517 4.09675087926236 -4.906755500658084 -201.27131525374213 516 518 -1
518 3.916663705602522 -4.842636402409895 -201.24412530866974 517 519 -1
519 3.736574408976037 -4.776595331173382 -201.22198236788432 518 520 -1
520 3.5567275536767893 -4.708869016182197 -201.2031875090263 519 521 -1
521 3.3772657689778303 -4.639737956611742 -201.18587224342195 520 522 -1
522 3.198289371010639 -4.569430815324037 -201.1682719679371 521 523 -1
523 3.0199101092977965 -4.498170240913827 -201.1485846905883 522 524 -1
524 2.842278921330247 -4.426220889548008 -201.12504782687898 523 525 -1
525 2.6655648433362806 -4.353854352541531 -201.09644244915216 524 526 -1
526 2.4898370563438808 -4.281283757207785 -201.06272711357613 525 527 -1
527 2.315106978213952 -4.208706208278809 -201.02418538522073 526 528 -1
528 2.1413544801980477 -4.136301075582534 -200.9811573985311 527 529 -1
529 1.9685815007186682 -4.0642458570371645 -200.9338115133287 528 530 -1
530 1.7967389668499258 -3.992695900404196 -200.88248035150542 529 531 -1
531 1.6257893949598956 -3.9218034320457544 -200.82739057329135 530 532 -1
532 1.4556893597037979 -3.851719490296081 -200.768750294548 531 533 -1
533 1.2863688594103722 -3.7825647067561428 -200.70684055539985 532 534 -1
534 1.117783826736645 -3.714494485081553 -200.64180022677715 533 535 -1
535 0.9498489981641282 -3.6476018030947213 -200.5739174118594 534 536 -1
536 0.7825141219448315 -3.582046205088842 -200.50330311543215 535 537 -1
537 0.6156912872915444 -3.517904401573317 -200.43022162102568 536 538 -1
538 0.44932112211017505 -3.4553330642098565 -200.3547844473094 537 539 -1
539 0.2833203313028922 -3.3944091331206554 -200.27721501536237 538 540 -1
540 0.11762085643764388 -3.335274514877253 -200.19764239186296 539 541 -1
541 -0.04785375558331557 -3.278026112754248 -200.11624329655393 540 542 -1
542 -0.21317906673036424 -3.2227695060100494 -200.03318115443324 541 543 -1
543 -0.37849945654448147 -3.169466054968637 -199.94884132978214 542 544 -1
544 -0.544044324102535 -3.117823096137704 -199.8639099227699 543 545 -1
545 -0.7100790026768435 -3.0676312282120155 -199.77906453457064 544 546 -1
546 -0.8768415969682507 -3.018585505739547 -199.6949803363464 545 547 -1
547 -1.044617036646173 -2.970463430094266 -199.61239187953518 546 548 -1
548 -1.2136422340624728 -2.922997816211164 -199.53200305473172 547 549 -1
549 -1.3841894264713777 -2.8759484760169243 -199.45464453136626 548 550 -1
550 -1.556466317837551 -2.829064494462327 -199.3811170564793 549 551 -1
551 -1.7307048174078354 -2.7820995783617564 -199.31242970916117 550 552 -1
552 -1.9070078385695635 -2.7348182501077547 -199.2494735703181 551 553 -1
553 -2.085512264981486 -2.686973532510952 -199.19355040523763 552 554 -1
554 -2.266138127102443 -2.638359697522694 -199.14570773382886 553 555 -1
555 -2.4487193891040553 -2.5887887492312562 -199.1071926297579 554 556 -1
556 -2.632940518919083 -2.538086858894868 -199.07950881380037 555 557 -1
557 -2.818217508545789 -2.486174207247134 -199.06375299411997 556 558 -1
558 -3.003789745367377 -2.4330271983162834 -199.06076068527457 557 559 -1
559 -3.188861401826522 -2.3786446040162352 -199.06902888568058 558 560 -1
560 -3.372990963892108 -2.3229356410642588 -199.08558875481125 559 561 -1
561 -3.5561301117996766 -2.265759498065278 -199.1073800267221 560 562 -1
562 -3.7384128575896813 -2.206883101064924 -199.1317063496796 561 563 -1
563 -3.9200667561396827 -2.1460508654049004 -199.15592114834055 562 564 -1
564 -4.101307272202456 -2.083065430864514 -199.17757029479398 563 565 -1
565 -4.282222724130863 -2.017652633496966 -199.19407449918782 564 566 -1
566 -4.462738658031254 -1.9497715612111206 -199.20328286089355 565 567 -1
567 -4.642492334683733 -1.879323390379713 -199.20265042664403 566 568 -1
568 -4.820889363203942 -1.8065325528971046 -199.19051788321636 567 569 -1
569 -4.996937194942245 -1.731631654847169 -199.1647440850418 568 570 -1
570 -5.169585635621993 -1.65516917533496 -199.12463026795234 569 571 -1
571 -5.337652767588763 -1.5777364360236985 -199.0696670046045 570 572 -1
572 -5.5 -1.5 -199.0 571 573 574
573 -5.545322981538118 -1.377450386816193 -198.84467677321373 572 575 -1
574 -5.546244133284526 -1.5456701031354945 -199.15475243133693 572 576 -1
575 -5.592848318191048 -1.2565067107332935 -198.6889036817854 573 577 -1
576 -5.591941713827663 -1.5910250493021092 -199.3099036669977 574 578 -1
577 -5.642504481162705 -1.1371027850279989 -198.5326082836829 575 579 -1
578 -5.637097064514267 -1.6361122248041888 -199.46529152822967 576 580 -1
579 -5.694281162871458 -1.01926170442719 -198.37581560290815 577 581 -1
580 -5.681718515147178 -1.6809276686643002 -199.62091205718997 578 582 -1
581 -5.748166159357201 -0.9030052279590013 -198.21855104641654 579 583 -1
582 -5.725814153604932 -1.7254674695624195 -199.77676143326343 580 584 -1
583 -5.804147498415058 -0.7883553518138938 -198.06083990109195 581 585 -1
584 -5.769391878903935 -1.7697277856173228 -199.93283594701265 582 586 -1
585 -5.862208252318565 -0.6753302458760504 -197.9027083674938 583 587 -1
586 -5.812459406039768 -1.8137048412663204 -200.08913199537156 584 588 -1
587 -5.922329062899491 -0.5639459745939498 -197.74418286002353 585 589 -1
588 -5.855024270715169 -1.8573949242743508 -200.2456460770475 586 590 -1
589 -5.9844907093271225 -0.4542184794168634 -197.58528946474829 587 591 -1
590 -5.897093688871947 -1.9007942953965822 -200.4023748509329 588 592 -1
591 -6.048672354777462 -0.3461621534595038 -197.42605424814673 589 593 -1
592 -5.938673525881139 -1.9438985320872386 -200.55931557943236 590 594 -1
593 -6.114851619656684 -0.23978981909083208 -197.2665031795736 591 595 -1
594 -5.979772138454008 -1.9867048682472597 -200.71646446383102 592 596 -1
595 -6.18300465924187 -0.13511271259674743 -197.1066620560701 593 597 -1
596 -6.020396396999841 -2.0292098136478662 -200.87381836479423 594 598 -1
597 -6.2531062451098185 -0.03214047582814238 -196.94655642995852 595 599 -1
598 -6.060551758985897 -2.071409088407543 -201.0313747664348 596 600 -1
599 -6.32512984971376 0.0691188453149178 -196.78621153961515 597 601 -1
600 -6.1002451097157975 -2.113299458006111 -201.18913054753546 598 602 -1
601 -6.399047733465846 0.16865879576932016 -196.62565224376968 599 603 -1
602 -6.139483675766811 -2.154878100682512 -201.34708245064644 600 604 -1
603 -6.474831033688329 0.2664744998233291 -196.46490295963144 601 605 -1
604 -6.178271598333722 -2.196140176276743 -201.5052285568139 602 606 -1
605 -6.552449854809338 0.362562643563904 -196.30398760509257 603 607 -1
606 -6.216616705506611 -2.237083558983862 -201.66356536525882 604 608 -1
607 -6.6318733591983055 0.4569214516016396 -196.14292954520909 605 609 -1
608 -6.254523902772743 -2.2777041799808013 -201.82209064014282 606 610 -1
609 -6.713069858060967 0.5495506584518003 -195.98175154311087 607 611 -1
610 -6.291999090707732 -2.317998799859055 -201.98080172133058 608 612 -1
611 -6.796006901845064 0.6404514749785785 -195.8204757154442 609 613 -1
612 -6.32904803117744 -2.357964212928563 -202.13969601179264 610 614 -1
613 -6.88065136964108 0.7296265503293633 -195.65912349240224 611 615 -1
614 -6.365675837480276 -2.3975968238192333 -202.29877119514256 612 616 -1
615 -6.966971205991478 0.8170782038314399 -195.49771554635544 613 617 -1
616 -6.401888056979187 -2.43689349648049 -202.45802476942043 614 618 -1
617 -7.054930575715376 0.9028134804808943 -195.33627190644276 615 619 -1
618 -6.437690065527407 -2.4758510825224618 -202.6174543062936 616 620 -1
619 -7.14449478521812 0.9868391600360058 -195.17481174994984 617 621 -1
620 -6.4730862113125 -2.5144656787397675 -202.77705781676684 618 622 -1
621 -7.235628863416214 1.0691632170567718 -195.01335345047642 619 623 -1
622 -6.508082911732327 -2.5527352652682946 -202.9368324231397 620 624 -1
623 -7.328297587703984 1.1497948204148873 -194.8519145622357 621 625 -1
624 -6.542682970965927 -2.59065478736932 -203.09677679189787 622 626 -1
625 -7.422465558686598 1.228744277508071 -194.69051180673407 623 627 -1
626 -6.5768928720935715 -2.6282225319013293 -203.25688801080665 624 628 -1
627 -7.518097271462857 1.3060229770968943 -194.52916106337616 625 629 -1
628 -6.610717142049665 -2.6654351857530685 -203.4171640005138 626 630 -1
629 -7.615157183285873 1.3816433311658818 -194.3678773637925 627 631 -1
630 -6.644158857864683 -2.702288143162833 -203.5776032944004 628 632 -1
631 -7.7136097774714925 1.4556187161906224 -194.2066748896732 629 633 -1
632 -6.677224043287085 -2.738779672874614 -203.73820316167573 630 634 -1
633 -7.813419623461563 1.5279634141687148 -194.0455669738794 631 635 -1
634 -6.7099169616572185 -2.774906509859707 -203.89896161647906 632 636 -1
635 -7.914551432985087 1.598692553747572 -193.88456610459536 633 637 -1
636 -6.742240756965822 -2.81066434185304 -204.05987714091856 634 638 -1
637 -8.016970112294086 1.6678220517565296 -193.72368393227993 635 639 -1
638 -6.774200307389187 -2.846050669363684 -204.22094747030397 636 640 -1
639 -8.120640810480618 1.735368555423441 -193.56293127917363 637 641 -1
640 -6.805800002320659 -2.8810626274628137 -204.38217053960614 638 642 -1
641 -8.22552896390917 1.8013493855290192 -193.4023181511189 639 643 -1
642 -6.837043782791954 -2.9156969868909384 -204.54354446470822 640 644 -1
643 -8.331600336823405 1.8657824807253764 -193.2418537514529 641 645 -1
644 -6.867935131612088 -2.9499501022646113 -204.70506754482128 642 646 -1
645 -8.438821058207145 1.9286863432180488 -193.0815464967388 643 647 -1
646 -6.898477688252898 -2.9838185603486505 -204.86673800111413 644 648 -1
647 -8.54715765499893 1.9900799859853113 -192.9214040341067 645 649 -1
648 -6.92867580365497 -3.0172998355930285 -205.02855374318256 646 650 -1
649 -8.656577081775122 2.049982881683258 -192.7614332599852 647 651 -1
650 -6.958533124907703 -3.050390720553219 -205.19051296634987 648 652 -1
651 -8.767046747029509 2.1084149133609853 -192.60164034001326 649 653 -1
652 -6.988053230539707 -3.083088010915938 -205.3526138822373 650 654 -1
653 -8.878534536188692 2.16539632708779 -192.44203072993264 651 655 -1
654 -7.017239632039413 -3.115388504782641 -205.51485471756706 652 656 -1
655 -8.991008831510833 2.2209476865728393 -192.28260919727322 653 657 -1
656 -7.0460957753404 -3.147289001977394 -205.67723371299493 654 658 -1
657 -9.104438529020749 2.2750898298374946 -192.12337984365377 655 659 -1
658 -7.074625042272443 -3.178786303378527 -205.8397491219711 656 660 -1
659 -9.218793052640299 2.327843827982907 -191.96434612753544 657 661 -1
660 -7.102830403642215 -3.209876764880073 -206.00239935422513 658 662 -1
661 -9.334042365673515 2.3792309460777523 -191.80551088727435 659 663 -1
662 -7.130715529275531 -3.2405576998885417 -206.165182513701 660 664 -1
663 -9.450156979808375 2.429272606176495 -191.64687636433493 661 665 -1
664 -7.158283624073464 -3.2708259220788527 -206.32809688293605 662 666 -1
665 -9.567107961795406 2.4779903524642433 -191.48844422653582 663 667 -1
666 -7.185537824726342 -3.300678231565723 -206.49114075696843 664 668 -1
667 -9.684866937962079 2.525405818512374 -191.33021559121303 665 669 -1
668 -7.212481210670687 -3.330111426490032 -206.6543124382988 666 670 -1
669 -9.803406096718897 2.5715406966181993 -191.1721910481965 667 671 -1
670 -7.239116805348959 -3.359122302482322 -206.81761023589755 668 672 -1
671 -9.922699474954392 2.6164145181390217 -191.01437104356773 669 673 -1
672 -7.265447577440621 -3.387707652146501 -206.98103246423224 670 674 -1
673 -10.042719418347712 2.660050561040896 -190.85675493551028 671 675 -1
674 -7.291476442065146 -3.4158642645632136 -207.1445774423145 672 676 -1
675 -10.163439492264501 2.7024710354129375 -190.69934178237466 673 677 -1
676 -7.317206261957788 -3.4435889248126332 -207.30824349276548 674 678 -1
677 -10.284834112735137 2.743697613742248 -190.54213028305028 675 679 -1
678 -7.342639848618681 -3.4708784135161816 -207.4720289408989 676 680 -1
679 -10.40687824564127 2.7837519039859724 -190.38511871770442 677 681 -1
680 -7.3677799634361 -3.4977295063970426 -207.63593211382084 678 682 -1
681 -10.529547400212678 2.8226554303471976 -190.2283049680747 679 683 -1
682 -7.392629312481187 -3.5241389641255885 -207.7999513420484 680 684 -1
683 -10.652819045406833 2.860426882785369 -190.07168701194797 681 685 -1
684 -7.41719020948921 -3.5501030003055036 -207.96408509204346 682 686 -1
685 -10.776668794906438 2.897089266654111 -189.91526170010414 683 687 -1
686 -7.441465582633237 -3.575618841371628 -208.12833156661702 684 688 -1
687 -10.901073218941045 2.932664728271779 -189.75902566251625 685 689 -1
688 -7.46545800540044 -3.600683238385004 -208.29268909017128 686 690 -1
689 -11.026009906392378 2.967174310398508 -189.60297537099254 687 691 -1
690 -7.489170006358314 -3.625292935597128 -208.4571559846268 688 692 -1
691 -11.15145746379542 3.0006378095684156 -189.44710717946373 689 693 -1
692 -7.5126040701376695 -3.6494446701169223 -208.62173056860698 690 694 -1
693 -11.277395390156029 3.033073875763004 -189.29141731645228 691 695 -1
694 -7.535762638394025 -3.673135171594835 -208.7864111566341 692 696 -1
695 -11.403801190728622 3.06450620618964 -189.1359008269589 693 697 -1
696 -7.558648110747946 -3.6963611619239884 -208.95119605833736 694 698 -1
697 -11.530654366092648 3.0949551775850144 -188.98055304147422 695 699 -1
698 -7.581262845704964 -3.7191193549582926 -209.1160835776714 696 700 -1
699 -11.657935850681062 3.1244386989475212 -188.82536942687022 697 701 -1
700 -7.603608698704166 -3.7414056309887624 -209.28107218465348 698 702 -1
701 -11.785625941124806 3.1529767826758683 -188.67034481427294 699 703 -1
702 -7.625688127374005 -3.763216971294451 -209.44616009884783 700 704 -1
703 -11.913704426545582 3.1805915214989704 -188.51547343686164 701 705 -1
704 -7.647503624586003 -3.7845505036477456 -209.6113455070317 702 706 -1
705 -12.042152840660613 3.2073017140478313 -188.36074983690727 703 707 -1
706 -7.669057394537948 -3.80540290634507 -209.7766266816453 704 708 -1
707 -12.170953953266764 3.233123664977867 -188.2061687067288 705 709 -1
708 -7.690351604579659 -3.825770848496937 -209.94200188568558 706 710 -1
709 -12.30008813116616 3.258080539758344 -188.05172341957274 707 711 -1
710 -7.711388096044426 -3.8456504319382656 -210.10746947477384 708 712 -1
711 -12.429537948700109 3.2821907331860047 -187.8974079088292 709 713 -1
712 -7.732168617289689 -3.8650382468161566 -210.2730277339888 710 714 -1
713 -12.559287333106209 3.3054694646856184 -187.74321635644543 711 715 -1
714 -7.752695770598341 -3.8839366789688192 -210.43867416377685 712 716 -1
715 -12.68931774449005 3.3279395875721214 -187.58914161805177 713 717 -1
716 -7.772971509749293 -3.9023485119978893 -210.60440633827545 714 718 -1
717 -12.819612998304688 3.3496181268723526 -187.43517723431506 715 719 -1
718 -7.792997766398765 -3.920276495508109 -210.77022187526777 716 720 -1
719 -12.950157350380719 3.370521238108085 -187.28131665286566 717 721 -1
720 -7.812775414535301 -3.9377213233437356 -210.93611876731077 718 722 -1
721 -13.080933618301021 3.3906704090588966 -187.12755245714743 719 723 -1
722 -7.832307351484412 -3.954687625249913 -211.10209437959452 720 724 -1
723 -13.211926858538837 3.4100806316915118 -186.9738779084156 721 725 -1
724 -7.851595449408125 -3.9711780467764646 -211.26814645418034 722 726 -1
725 -13.343121238763981 3.4287704549243405 -186.82028565640562 723 727 -1
726 -7.870641304465439 -3.9871946967432925 -211.4342728498686 724 728 -1
727 -13.4745009981001 3.446759212139639 -186.66676815997607 725 729 -1
728 -7.88944609600171 -4.002738864902831 -211.60047157369334 726 730 -1
729 -13.606052237978519 3.464059605282753 -186.5133184012474 727 731 -1
730 -7.90801250497573 -4.017814790051914 -211.76674021758032 728 732 -1
731 -13.73775899454599 3.4806933841188035 -186.35992834253568 729 733 -1
732 -7.926342314887942 -4.0324249596132775 -211.9330766800109 730 734 -1
733 -13.869607238610426 3.496675074758566 -186.2065905088971 731 735 -1
734 -7.944436302458935 -4.046569874238136 -212.09947916535222 732 736 -1
735 -14.001582501197408 3.512021644707501 -186.05329706560337 733 737 -1
736 -7.96229694837023 -4.060253397759722 -212.26594542744658 734 738 -1
737 -14.133670271410603 3.5267514263647084 -185.90004001372117 735 739 -1
738 -7.97992620762545 -4.073478367179496 -212.43247340644342 736 740 -1
739 -14.265857111176922 3.5408772944893254 -185.74681152229113 737 741 -1
740 -7.99732493757305 -4.086245442328158 -212.59906135573604 738 742 -1
741 -14.398128530853983 3.5544194978671384 -185.59360332022587 739 743 -1
742 -8.014495214335332 -4.098557703158301 -212.76570723344986 740 744 -1
743 -14.530471240837375 3.567391153885907 -185.44040730823252 741 745 -1
744 -8.03143913948209 -4.110418291871753 -212.93240903008876 742 746 -1
745 -14.662871435741216 3.5798100719561803 -185.28721515762783 743 747 -1
746 -8.048157410641611 -4.121827547949287 -213.09916510305305 744 748 -1
747 -14.795315729707191 3.59169176963807 -185.1340185120581 745 749 -1
748 -8.064652192637242 -4.132788744898619 -213.26597347746613 746 750 -1
749 -14.927790838093992 3.603050992276113 -184.98080887478827 747 751 -1
750 -8.080925485076811 -4.143304837762452 -213.43283225543334 748 752 -1
751 -15.060283455555547 3.613905591321499 -184.82757779160758 749 753 -1
752 -8.096977610018506 -4.153375405233649 -213.59973993433056 750 754 -1
753 -15.192780498004563 3.6242677097910367 -184.67431643856665 751 755 -1
754 -8.11281126492834 -4.163004813088867 -213.76669450900079 752 756 -1
755 -15.325268910226525 3.634156242293872 -184.5210163387356 753 757 -1
756 -8.128427778805653 -4.1721946763841995 -213.93369430421052 754 758 -1
757 -15.457735639591123 3.6435838688023794 -184.36766846719593 755 759 -1
758 -8.14382794065339 -4.1809455103980975 -214.1007377677052 756 760 -1
759 -15.59016783037554 3.6525674384342226 -184.21426411480093 757 761 -1
760 -8.159014342553837 -4.189261496230681 -214.26782301092072 758 762 -1
761 -15.722552573399767 3.661121511441623 -184.06079426848925 759 763 -1
762 -8.173987483335171 -4.197142560762796 -214.43494857795875 760 764 -1
763 -15.854876925596885 3.6692606638242773 -183.90724979031052 761 765 -1
764 -8.188749362353676 -4.204591688967184 -214.6021127446285 762 766 -1
765 -15.987128319974994 3.6770012911737195 -183.7536218662508 763 767 -1
766 -8.20330159493585 -4.21161109130136 -214.76931388759013 764 768 -1
767 -16.119293425686724 3.684355951533233 -183.59990074833624 765 769 -1
768 -8.217644749190896 -4.2182008266483875 -214.936550579432 766 770 -1
769 -16.251360023056062 3.691342024280376 -183.44607780663063 767 771 -1
770 -8.231781428471725 -4.224365142975741 -215.10382107139824 768 772 -1
771 -16.38331470205133 3.6979722845896044 -183.29214310738178 769 773 -1
772 -8.2457118071256 -4.230103285797156 -215.27112403165137 770 774 -1
773 -16.515144980801985 3.704262740313103 -183.13808760672455 771 775 -1
774 -8.259438220380913 -4.235418964020018 -215.4384578038468 772 776 -1
775 -16.646837888565052 3.7102278285983017 -182.9839017262808 773 777 -1
776 -8.272961583085573 -4.240312953151992 -215.60582097200108 774 778 -1
777 -16.77838011434717 3.7158815620487737 -182.8295755515108 775 779 -1
778 -8.286283197878856 -4.244786830486816 -215.77321207550702 776 780 -1
779 -16.90975937075953 3.721239966683679 -182.67510008807162 777 781 -1
780 -8.2994048716154 -4.248843231153507 -215.94062960802088 778 782 -1
781 -17.040961465945813 3.726315882910388 -182.5204645950991 779 783 -1
782 -8.312327028228024 -4.25248189980944 -216.10807225774587 780 784 -1
783 -17.17197416915245 3.7311254829459193 -182.36566010713832 781 785 -1
784 -8.325052202003608 -4.255707006269731 -216.27553846911815 782 786 -1
785 -17.302783869723175 3.7356828926076004 -182.21067642273886 783 787 -1
786 -8.337580133495884 -4.258516853298668 -216.44302703338911 784 788 -1
787 -17.433376719849317 3.740002345142997 -182.05550316579607 785 789 -1
788 -8.349913632792378 -4.260916208218304 -216.6105364102992 786 790 -1
789 -17.563740114760634 3.744099457144257 -181.90013106886497 787 791 -1
790 -8.362052695242964 -4.2629039013513195 -216.77806538064888 788 792 -1
791 -17.693859268792743 3.747987929450908 -181.74454901725215 789 793 -1
792 -8.373999551627607 -4.264483494405645 -216.94561251188168 790 794 -1
793 -17.82372097221247 3.7516830917727737 -181.58874730904853 791 795 -1
794 -8.385754659173308 -4.265654788522375 -217.11317655759763 792 796 -1
795 -17.95331169769995 3.7551999819290747 -181.4327160188657 793 797 -1
796 -8.397319785485651 -4.266420373878634 -217.28075616750345 794 798 -1
797 -18.08261567825188 3.758552534869809 -181.27644340931175 795 799 -1
798 -8.408695739740477 -4.266780798446968 -217.44835008716115 796 800 -1
799 -18.21161989547737 3.7617564720873626 -181.11992014241946 797 801 -1
800 -8.419883932467052 -4.266737897279211 -217.6159570282072 798 802 -1
801 -18.340309898815068 3.7648267502817494 -180.9631357612045 799 803 -1
802 -8.430885424702993 -4.266292758599636 -217.783575742605 800 804 -1
803 -18.46866921950871 3.767777851166401 -180.8060782539563 801 805 -1
804 -8.44170136632218 -4.265446661512513 -217.95120498817036 802 806 -1
805 -18.59668414837438 3.770625463152374 -180.64873801012078 803 807 -1
806 -8.452332979623872 -4.264201044879203 -218.118843533488 804 808 -1
807 -18.7243395113321 3.7733848299282142 -180.4911043323537 805 809 -1
808 -8.462781240918375 -4.2625568142350385 -218.2864901708897 806 810 -1
809 -18.851618674971736 3.7760711108456717 -180.33316548517027 807 811 -1
810 -8.473047452309325 -4.260515586008538 -218.45414369205832 808 812 -1
811 -18.97850583295892 3.7786998948179233 -180.17491057101748 809 813 -1
812 -8.48313249464417 -4.25807805815259 -218.62180291579517 810 814 -1
813 -19.104985529544454 3.7812869119916375 -180.01632913754037 811 815 -1
814 -8.493037677182535 -4.255245867739244 -218.78946666006752 812 816 -1
815 -19.23104116862925 3.7838478914627447 -179.85740999697424 813 817 -1
816 -8.50276385474663 -4.252019655118341 -218.95713376526948 814 818 -1
817 -19.35665474251806 3.7863987424377106 -179.69814104959292 815 819 -1
818 -8.512312279588762 -4.248400936852021 -219.12480307597818 816 820 -1
819 -19.481809318456317 3.788955626070417 -179.5385112706083 817 821 -1
820 -8.521683841598348 -4.244390430022168 -219.29247345204908 818 822 -1
821 -19.606487822815826 3.791534804458374 -179.37850974680612 819 823 -1
822 -8.53087968002852 -4.239989404944107 -219.46014376254234 820 824 -1
823 -19.730672124028697 3.79415272264411 -179.21812498206484 821 825 -1
824 -8.53990077289111 -4.235198774462927 -219.62781288698417 822 826 -1
825 -19.854343654865882 3.7968260346627862 -179.05734541001493 823 827 -1
826 -8.548748098316102 -4.230019451995766 -219.79547971472755 824 828 -1
827 -19.977482961502908 3.7995716845225385 -178.8961590725933 825 829 -1
828 -8.557422767753703 -4.224452650195907 -219.96314314713422 826 830 -1
829 -20.100070159425417 3.8024068819907497 -178.7345539977006 827 831 -1
830 -8.565925557141009 -4.218498862633085 -220.13080208919592 828 832 -1
831 -20.222086150637466 3.805348840407842 -178.57251912914424 829 833 -1
832 -8.57425771653812 -4.212161822399805 -220.29845555106894 830 834 -1
833 -20.343510434497535 3.8084151458117845 -178.41004269037424 831 835 -1
834 -8.582419706097982 -4.2054470570627345 -220.4661026822034 832 836 -1
835 -20.46432207215197 3.811623523690713 -178.24711294191792 833 837 -1
836 -8.590412934923652 -4.198362523849645 -220.63374272770503 834 838 -1
837 -20.584504388544712 3.814986192012804 -178.08372154102048 835 839 -1
838 -8.598237612026878 -4.190913543478105 -220.80137492854354 836 840 -1
839 -20.704047337809616 3.8185071644455153 -177.91986510598755 837 841 -1
840 -8.605895395169833 -4.1831085521783375 -220.96899863973562 838 842 -1
841 -20.82294128644238 3.8221898213533025 -177.75554069837116 839 843 -1
842 -8.6133862209513 -4.174952309777894 -221.13661317301057 840 844 -1
843 -20.941176457681717 3.8260375806297446 -177.59074542673955 841 845 -1
844 -8.620712019115308 -4.166453751551683 -221.30421799443255 842 846 -1
845 -21.058742930549116 3.8300538975679093 -177.425476449908 843 847 -1
846 -8.627872430447786 -4.157617062283706 -221.47181247769774 844 848 -1
847 -21.175630638959973 3.834242264697321 -177.2597309802702 845 849 -1
848 -8.634869605488625 -4.148451543399832 -221.63939619584374 846 850 -1
849 -21.29182937091144 3.8386062115859962 -177.09350628723158 847 851 -1
850 -8.64170308334928 -4.138961227199682 -221.80696859108886 848 852 -1
851 -21.407328767751583 3.843149304605958 -176.92679970074494 849 853 -1
852 -8.648374938050232 -4.129155170476515 -221.97452932068038 850 854 -1
853 -21.522118323535924 3.847875146660628 -176.75960861494963 851 855 -1
854 -8.6548849619916 -4.119037954256177 -222.14207791776124 852 856 -1
855 -21.636187384476347 3.852787376872435 -176.5919304919147 853 857 -1
856 -8.661234860192222 -4.108617837883788 -222.3096140964179 854 858 -1
857 -21.74952514848847 3.857889670229004 -176.42376286548645 855 859 -1
858 -8.667424782978475 -4.097900122418496 -222.47713748872485 856 860 -1
859 -21.8621201623101 3.8631858689431837 -176.25510301555332 857 861 -1
860 -8.673456054684065 -4.086892294332449 -222.64464785662565 858 862 -1
861 -21.973960394392723 3.8686799654379382 -176.08594803619786 859 863 -1
862 -8.679329192441132 -4.075600347546713 -222.81214493241407 860 864 -1
863 -22.08503576590915 3.8743754349428534 -175.91629648126894 861 865 -1
864 -8.685045131634283 -4.064031029778702 -222.9796285180615 862 866 -1
865 -22.195334871627065 3.88027609405993 -175.74614621288742 863 867 -1
866 -8.690604761768814 -4.0521909918979535 -223.1470984463413 864 868 -1
867 -22.304846157394255 3.8863857927913523 -175.5754951859703 865 869 -1
868 -8.6960086244447 -4.040086285793681 -223.3145545526501 866 870 -1
869 -22.41355690433417 3.892708685436604 -175.40434082079935 867 871 -1
870 -8.701257983787032 -4.027724175367913 -223.48199676941402 868 872 -1
871 -22.52145406934893 3.8992490090880563 -175.2326805586438 869 873 -1
872 -8.706352986201447 -4.01511006762347 -223.64942496012318 870 874 -1
873 -22.628527559130255 3.906010202855829 -175.06051386423198 871 875 -1
874 -8.711295269361173 -4.002251788373772 -223.81683915491192 872 876 -1
875 -22.73476522027974 3.9129962458587446 -174.88783911120314 873 877 -1
876 -8.71608458648054 -3.989154157844462 -223.98423924131578 874 878 -1
877 -22.840151373641195 3.920212061400629 -174.7146527822902 875 879 -1
878 -8.720722868466305 -3.9758253927244747 -224.15162533706123 876 880 -1
879 -22.944675966400418 3.9276610453138785 -174.54095496250983 877 881 -1
880 -8.72520970854669 -3.9622701315242215 -224.31899737210455 878 882 -1
881 -23.048327064929317 3.9353470863299695 -174.36674479024742 879 883 -1
882 -8.729546981656187 -3.9484964269297507 -224.48635551592128 880 884 -1
883 -23.151087198037597 3.943275569495343 -174.19201842841917 881 885 -1
884 -8.733734546924742 -3.934509372803265 -224.6536997779709 882 886 -1
885 -23.252947676327164 3.9514494777722273 -174.01677735420924 883 887 -1
886 -8.737773877808225 -3.9203163730432498 -224.82103034367066 884 888 -1
887 -23.35389305041154 3.959873621849748 -173.84101937523076 885 889 -1
888 -8.741665205324068 -3.9059230928185187 -224.98834730916553 886 890 -1
889 -23.45390951500756 3.9685523516586114 -173.66474349552968 887 891 -1
890 -8.74540961535938 -3.8913363635348364 -225.15565087408294 888 892 -1
891 -23.552985201909195 3.977489469736958 -173.4879500188649 889 893 -1
892 -8.74900769489718 -3.8765623488940273 -225.32294121644745 890 894 -1
893 -23.651103086356702 3.9866901804426176 -173.3106366734673 891 895 -1
894 -8.75246015942583 -3.861607386838966 -225.49021854948546 892 896 -1
895 -23.748252948069474 3.9961577984752643 -173.13280512181134 893 897 -1
896 -8.75576793281474 -3.846478064929503 -225.65748312736585 894 898 -1
897 -23.84441655595978 4.005897829861279 -172.9544529922421 895 899 -1
898 -8.758931380528523 -3.831180308307453 -225.82473517729508 896 900 -1
899 -23.93958329288503 4.01591365976872 -172.77558219561877 897 901 -1
900 -8.76195174114014 -3.8157210529218704 -225.99197502305006 898 902 -1
901 -24.033735849813823 4.026210504540555 -172.59619140585673 899 903 -1
902 -8.764829053610388 -3.8001058922648254 -226.15920290704307 900 904 -1
903 -24.12686105871091 4.036792414270356 -172.41628170802332 901 905 -1
904 -8.767564845987852 -3.784342035559411 -226.32641921546863 902 906 -1
905 -24.2189447737655 4.04766368762822 -172.23585392705687 903 907 -1
906 -8.770158857329964 -3.76843482510786 -226.49362420784976 904 908 -1
907 -24.30996901605246 4.058829668062774 -172.05490729365007 905 909 -1
908 -8.772612861506849 -3.752391655460086 -226.6608183239513 906 910 -1
909 -24.399922797344523 4.070293730954024 -171.87344472165455 907 911 -1
910 -8.774926373617072 -3.7362177393950105 -226.82800184630455 908 912 -1
911 -24.488788034461084 4.082061202871553 -171.6914659670444 909 913 -1
912 -8.77710123606772 -3.7199204607399277 -226.99517524987772 910 914 -1
913 -24.576549678101966 4.0941365414832225 -171.5089725518061 911 915 -1
914 -8.7791370874773 -3.7035052388751035 -227.16233886470576 912 916 -1
915 -24.663194450435547 4.106523683531497 -171.3259670721126 913 917 -1
916 -8.781035523447681 -3.6869791670282193 -227.32949317467398 914 918 -1
917 -24.74870509594425 4.119227649603973 -171.14245058480458 915 919 -1
918 -8.782796387033013 -3.670347924408218 -227.49663855961046 916 920 -1
919 -24.8330646954204 4.132253339917509 -170.9584246420776 917 921 -1
920 -8.784421064100535 -3.653618382165517 -227.66377551404517 918 922 -1
921 -24.9162601486623 4.145604558484927 -170.7738927616448 919 923 -1
922 -8.785909563789717 -3.636796420734679 -227.83090446064267 920 924 -1
923 -24.99827547437312 4.159285885229953 -170.5888574699089 921 925 -1
924 -8.787263102057906 -3.619888751220251 -227.9980259061944 922 926 -1
925 -25.079093462794273 4.173302213933879 -170.40332109688043 923 927 -1
926 -8.788481813117539 -3.6029014040511615 -228.1651403095055 924 928 -1
927 -25.158697158354013 4.187658336478616 -170.21728642376604 925 929 -1
928 -8.789566785514324 -3.5858409844446855 -228.33224819091566 926 930 -1
929 -25.237072632998608 4.202358165593281 -170.03075776467253 927 931 -1
930 -8.790518234938661 -3.5687136303550715 -228.49935003913993 928 932 -1
931 -25.314203700896172 4.217406213152258 -169.84373880439543 929 933 -1
932 -8.791337167614085 -3.551525885980647 -228.66644638880413 930 934 -1
933 -25.390074150067655 4.2328069649301545 -169.65623353451525 931 935 -1
934 -8.792023834612563 -3.5342839645207746 -228.83353775297147 932 936 -1
935 -25.46466775381414 4.248564876576223 -169.46824625959982 933 937 -1
936 -8.792579207432235 -3.516994383279477 -229.0006246805249 934 938 -1
937 -25.537967917846675 4.26468447144567 -169.27978147153718 935 939 -1
938 -8.793003524011871 -3.4996634100729156 -229.16770770418216 936 940 -1
939 -25.60995744890375 4.281170404211282 -169.09084378480412 937 941 -1
940 -8.793297771142988 -3.482297557202083 -229.33478738607585 938 942 -1
941 -25.680621714954434 4.298026577190978 -168.90143904993317 939 943 -1
942 -8.793462122782687 -3.4649031396233854 -229.50186427494424 940 944 -1
943 -25.749944555301685 4.315257282982991 -168.71157287469492 941 945 -1
944 -8.793497633369908 -3.4474866727662934 -229.6689389439804 942 946 -1
945 -25.817909858312802 4.33286676263791 -168.52125120633644 943 947 -1
946 -8.793404359784171 -3.430054525939591 -229.83601195554908 944 948 -1
947 -25.88450175277775 4.350859195316669 -168.3304803965292 945 949 -1
948 -8.793183478713129 -3.4126132105094666 -230.0030838903422 946 950 -1
949 -25.94972746897233 4.369237948120801 -168.13927488462934 947 951 -1
950 -8.7928348747032 -3.395169173612219 -230.17015532336254 948 952 -1
951 -26.01364225583542 4.388004754147257 -167.94766475109324 949 953 -1
952 -8.792359903449835 -3.377728898434612 -230.33722683769136 950 954 -1
953 -26.076309089896196 4.407161020493985 -167.75568126981452 951 955 -1
954 -8.791758219840816 -3.3602989512908352 -230.50429902153513 952 956 -1
955 -26.1377927045403 4.426708022430732 -167.56335486372905 953 957 -1
956 -8.791031338937772 -3.3428857591432037 -230.67137245470485 954 958 -1
957 -26.19815942878485 4.4466469078596225 -167.37071509531313 955 959 -1
958 -8.790178862068181 -3.3254960244553056 -230.8384477373945 956 960 -1
959 -26.25747702864252 4.466978701041569 -167.17779066697182 957 961 -1
960 -8.789202183936588 -3.3081361466419557 -231.0055254450116 958 962 -1
961 -26.315814551712144 4.487704305532314 -166.98460943063293 959 963 -1
962 -8.788101184950685 -3.290812888690381 -231.1726061804431 960 964 -1
963 -26.373242175501353 4.508824506283039 -166.79119840581913 961 965 -1
964 -8.786876855471126 -3.2735321069219943 -231.33969045613577 962 966 -1
965 -26.42983105986097 4.530339970871567 -166.59758380544142 963 967 -1
966 -8.785529500007694 -3.256292054627874 -231.5067779927316 964 968 -1
967 -26.48565320379301 4.552251249840921 -166.4037910685407 965 969 -1
968 -8.784059655307892 -3.239085450864014 -231.67386794467663 966 970 -1
969 -26.540781306783657 4.574558776132059 -166.20984489919584 967 971 -1
970 -8.782468118654156 -3.2219048333336264 -231.84095945597932 968 972 -1
971 -26.595288634712755 4.597262863607218 -166.01576931081888 969 973 -1
972 -8.78075490304611 -3.2047428454117877 -232.00805167856626 970 974 -1
973 -26.6492488903011 4.620363704669619 -165.82158767506508 971 975 -1
974 -8.77892125120878 -3.187591940192182 -232.1751437609259 972 976 -1
975 -26.702736087978217 4.643861366994039 -165.62732277460097 973 977 -1
976 -8.776966911771273 -3.1704446701394935 -232.34223484842747 974 978 -1
977 -26.755824432984742 4.667755789391033 -165.43299685898998 975 979 -1
978 -8.774893082976478 -3.1532935000409723 -232.50932409530284 976 980 -1
979 -26.808588204467114 4.692046776835869 -165.2386317029779 977 981 -1
980 -8.77269998500134 -3.1361308815306717 -232.6764106437713 978 982 -1
981 -26.861101642275493 4.716733994700654 -165.04424866648276 979 983 -1
982 -8.770388112366822 -3.118949215458783 -232.84349363333325 980 984 -1
983 -26.913438837141605 4.741816962236059 -164.84986875561881 981 985 -1
984 -8.767958417742854 -3.101741000364245 -233.01057221879563 982 986 -1
985 -26.965673623887206 4.767295045355926 -164.65551268410834 983 987 -1
986 -8.765410630835904 -3.0844983770290377 -233.1776454975994 984 988 -1
987 -27.017879477300234 4.793167448785782 -164.46120093446086 985 989 -1
988 -8.762746080890238 -3.067213922121677 -233.34471263228403 986 990 -1
989 -27.070129410309633 4.819433207642875 -164.2669538183223 987 991 -1
990 -8.759964923479753 -3.049879820109713 -233.51177272246682 988 992 -1
991 -27.122495874094337 4.846091178522778 -164.07279153542152 989 993 -1
992 -8.75706763564499 -3.032488299785339 -233.67882487097967 990 994 -1
993 -27.17505065977454 4.873140030174392 -163.87873423056288 991 995 -1
994 -8.754055149235317 -3.01503183487242 -233.8458682075004 992 996 -1
995 -27.22786480135394 4.9005782338521735 -163.6848020481365 993 997 -1
996 -8.75092736977322 -2.9975022560038784 -234.0129017678922 994 998 -1
997 -27.281008479610556 4.928404053441209 -163.49101518363838 995 999 -1
998 -8.74768531950198 -2.979892049557908 -234.17992466765693 996 1000 -1
999 -27.33455092666874 4.956615535457412 -163.29739393171363 997 1001 -1
1000 -8.744329561237606 -2.962193423402972 -234.3469359749164 998 1002 -1
1001 -27.388560331027932 4.985210499031689 -163.10395873025706 999 1003 -1
1002 -8.74086007229055 -2.9443980181217824 -234.51393467342686 1000 1004 -1
1003 -27.443103742871273 5.014186525993193 -162.9107302001262 1001 1005 -1
1004 -8.737278000041355 -2.9264984465328054 -234.68091986150114 1002 1006 -1
1005 -27.49824758687939 5.043541294033674 -162.71772940723807 1003 1007 -1
1006 -8.733583688749716 -2.90848660995713 -234.84789053151232 1004 1008 -1
1007 -27.554056845460483 5.0732720339497375 -162.5249776148705 1005 1009 -1
1008 -8.729777357333354 -2.890354170939531 -235.01484563074567 1006 1010 -1
1009 -27.610593995695307 5.103375152251143 -162.33249596056396 1007 1011 -1
1010 -8.725860012734906 -2.872093631852588 -235.1817841990673 1008 1012 -1
1011 -27.667920648383507 5.133847190275328 -162.14030612001358 1009 1013 -1
1012 -8.721831998269147 -2.853696738831842 -235.34870516169912 1010 1014 -1
1013 -27.72609680641863 5.16468440780011 -161.94843007365614 1011 1015 -1
1014 -8.717693584400822 -2.835155037601424 -235.51560739946163 1012 1016 -1
1015 -27.785182785611003 5.195883520496795 -161.75689086153912 1013 1017 -1
1016 -8.7134457346163 -2.816460974225448 -235.68248989000566 1014 1018 -1
1017 -27.84523506339774 5.227440044070386 -161.56571108882503 1015 1019 -1
1018 -8.709088884779845 -2.7976062771516226 -235.84935149732289 1016 1020 -1
1019 -27.906307101216488 5.259348869495079 -161.37491324369282 1017 1021 -1
1020 -8.70462317221022 -2.7785821121057186 -236.01619098919878 1018 1022 -1
1021 -27.96845301515395 5.291605500537377 -161.1845210938546 1019 1023 -1
1022 -8.70004961146911 -2.759380985428013 -236.1830072847328 1020 1024 -1
1023 -28.031726493812812 5.3242055035946265 -160.99455933352547 1021 1025 -1
1024 -8.695368728814683 -2.7399946427370176 -236.3497991791835 1022 1026 -1
1025 -28.09617262052226 5.357142213566306 -160.80505043673517 1023 1027 -1
1026 -8.690580628191148 -2.720413982369413 -236.5165653285829 1024 1028 -1
1027 -28.16184246550426 5.3904110060716555 -160.61602027884183 1025 1029 -1
1028 -8.685686188494985 -2.7006312477418675 -236.68330453885906 1026 1030 -1
1029 -28.22877894723862 5.424005276226013 -160.4274926639688 1027 1031 -1
1030 -8.680686034600223 -2.6806382338417185 -236.85001552812128 1028 1032 -1
1031 -28.297025261274815 5.457918827687814 -160.23949258288886 1029 1033 -1
1032 -8.675580581469628 -2.660426267371385 -237.01669692071937 1030 1034 -1
1033 -28.366622918060116 5.49214528275709 -160.05204546163216 1031 1035 -1
1034 -8.670370144477115 -2.6399863566085537 -237.18334726398558 1032 1036 -1
1035 -28.437609399908556 5.526677593669735 -159.86517616175408 1033 1037 -1
1036 -8.665055620809381 -2.619310751494652 -237.34996524099077 1034 1038 -1
1037 -28.510019988757907 5.561508503157345 -159.67890968317596 1035 1039 -1
1038 -8.65963755253598 -2.5983909173949824 -237.51654939344849 1036 1040 -1
1039 -28.583891458545533 5.596631263408408 -159.4932727433801 1037 1041 -1
1040 -8.65411632944844 -2.5772178820481795 -237.6830981646445 1038 1042 -1
1041 -28.65924990864232 5.632037259413439 -159.30828846001992 1039 1043 -1
1042 -8.648492404858915 -2.5557827288396235 -237.84960996526326 1040 1044 -1
1043 -28.7361281754921 5.667719406537293 -159.1239838901798 1041 1045 -1
1044 -8.642766597071002 -2.534077456885051 -238.01608329597894 1042 1046 -1
1045 -28.814552302149764 5.703669545994644 -158.94038407947164 1043 1047 -1
1046 -8.636939461152732 -2.5120933698810153 -238.18251651856139 1044 1048 -1
1047 -28.894543383331712 5.739878927431498 -158.75751269443236 1045 1049 -1
1048 -8.63101153123367 -2.4898216575478647 -238.34890793485627 1046 1050 -1
1049 -28.976123247208054 5.776339172615196 -158.5753945840204 1047 1051 -1
1050 -8.62498306612389 -2.4672526017939176 -238.51525566647763 1048 1052 -1
1051 -29.059311211116043 5.813041706614333 -158.39405425891255 1049 1053 -1
1052 -8.61885497743533 -2.444378370020106 -238.68155806532948 1050 1054 -1
1053 -29.14412565678422 5.84997799342785 -158.2135166104047 1051 1055 -1
1054 -8.612627836501389 -2.421190106768748 -238.8478132861337 1052 1056 -1
1055 -29.230579065133995 5.887138856396886 -158.0338043613973 1053 1057 -1
1056 -8.606302219313712 -2.3976789168626564 -239.0140194274515 1054 1058 -1
1057 -29.318682266670788 5.924515135323754 -157.85494003669064 1055 1059 -1
1058 -8.59987866352018 -2.3738357143683184 -239.18017450631356 1056 1060 -1
1059 -29.40844442836742 5.962097675857949 -157.6769459086862 1057 1061 -1
1060 -8.593357552178851 -2.3496507759478553 -239.34627638441242 1058 1062 -1
1061 -29.5 6.0 -157.5 1059 1063 1064
1062 -8.586739737655927 -2.3251159777501393 -239.5123231172042 1060 1065 -1
1063 -29.595169057095436 6.085648194671123 -157.37034843014877 1061 1066 -1
1064 -29.438356056993968 5.923652159569036 -157.32333822034727 1061 1067 -1
1065 -8.580025816731132 -2.300222273405923 -239.67831256068766 1062 1068 -1
1066 -29.689844211422532 6.171099354933112 -157.24012395642552 1063 1069 -1
1067 -29.37543909803956 5.847340964442514 -157.14699468121228 1064 1070 -1
1068 -8.573216392037557 -2.274960579582754 -239.8442425055979 1065 1071 -1
1069 -29.784023007811868 6.256167658624355 -157.109290330213 1066 1072 -1
1070 -29.311067135112886 5.7708847775415455 -156.97124004606212 1067 1073 -1
1071 -8.566312072315146 -2.2493217767442455 -240.01011067554106 1068 1074 -1
1072 -29.877702549182235 6.34085438782969 -156.97785212853543 1069 1075 -1
1073 -29.245261634363047 5.6942755327112815 -156.7960839630262 1070 1076 -1
1074 -8.559313428891704 -2.2232965251147716 -240.17591469401196 1071 1077 -1
1075 -29.970880218273514 6.4251610463483955 -156.84581421854767 1072 1078 -1
1076 -29.17804305068888 5.617505242170625 -156.62153602678987 1073 1079 -1
1077 -8.552220954257091 -2.1968750556397802 -240.3416520445033 1074 1080 -1
1078 -30.063550881268306 6.5090872732988325 -156.71317848747054 1075 1081 -1
1079 -29.109430870358146 5.54056599198635 -156.4476058052887 1076 1082 -1
1080 -8.545035463557914 -2.1700489130842766 -240.50732036515967 1077 1083 -1
1081 -30.155713195660738 6.592635575943328 -156.57995127944463 1078 1084 -1
1082 -29.03944284211342 5.463449827332017 -156.27430324484456 1079 1085 -1
1083 -8.537757592350575 -2.142808845048057 -240.67291709254135 1080 1086 -1
1084 -30.247363190570766 6.675806515098981 -156.44613583129194 1081 1087 -1
1085 -28.96809702594101 5.386149005943435 -156.10163777761218 1082 1088 -1
1086 -8.530387983622655 -2.1151455679110915 -240.83843958663905 1083 1089 -1
1087 -30.33849703278521 6.758600796534536 -156.3117355691268 1084 1090 -1
1088 -28.895410430115458 5.308655826995384 -155.92961895913382 1085 1091 -1
1089 -8.522927288070171 -2.0870497680922466 -241.00388512896583 1086 1092 -1
1090 -30.429112767648455 6.841020512275409 -156.17675601599345 1087 1093 -1
1091 -28.821399068383933 5.230962622603112 -155.75825649167336 1088 1094 -1
1092 -8.515376164378193 -2.0585121034016884 -241.1692509206479 1089 1095 -1
1093 -30.51920639815291 6.923066296455447 -156.04120038699352 1090 1096 -1
1094 -28.746076452322246 5.1530614901404155 -155.58756106150787 1091 1097 -1
1095 -8.507735279504669 -2.029523204490246 -241.33453408051702 1092 1098 -1
1096 -30.608774472735277 7.004739213937171 -155.90507252120588 1093 1099 -1
1097 -28.669458412062692 5.074945054466213 -155.4175419097157 1094 1100 -1
1098 -8.5 -2.0 -241.5 1095 -1 -1
1099 -30.69781487761354 7.086041292982791 -155.76837768048603 1096 1101 -1
1100 -28.591558090564526 4.996605667084097 -155.2482094092393 1097 1102 -1
1101 -30.786324057941737 7.166973565761919 -155.63111954975392 1099 1103 -1
1102 -28.512387724999236 4.918035656888003 -155.07957423178925 1100 1104 -1
1103 -30.874298002704275 7.247536789867452 -155.49330135735653 1101 1105 -1
1104 -28.4319605726234 4.839227692573373 -154.91164628483162 1102 1106 -1
1105 -30.961734902580865 7.327733260606119 -155.3549286131367 1103 1107 -1
1106 -28.35028693783475 4.760174023217434 -154.7444369761459 1104 1108 -1
1107 -31.048631659202027 7.407564401239882 -155.21600545005546 1105 1109 -1
1108 -28.26737884087867 4.680867372696853 -154.57795658352225 1106 1110 -1
1109 -31.13498413070604 7.487030969012093 -155.0765349571798 1107 1111 -1
1110 -28.183246103735073 4.601300156794626 -154.41221654679072 1108 1112 -1
1111 -31.22078989540144 7.5661349047952156 -154.93652195533335 1109 1113 -1
1112 -28.09789834183724 4.521464867050896 -154.24722835017693 1110 1114 -1
1113 -31.30604637411523 7.644878055979372 -154.79597106945016 1111 1115 -1
1114 -28.01134579561559 4.4413542712679925 -154.08300299129098 1112 1116 -1
1115 -31.390750541794826 7.723261996809589 -154.65488646629274 1113 1117 -1
1116 -27.923595754497455 4.360960577731795 -153.91955329376188 1114 1118 -1
1117 -31.47489848501855 7.801287761246418 -154.5132714680291 1115 1119 -1
1118 -27.83465747307396 4.28027657057276 -153.7568907865598 1116 1120 -1
1119 -31.55848772702966 7.878957339287114 -154.3711307673229 1117 1121 -1
1120 -27.744539012239795 4.199294876468066 -153.59502773892862 1118 1122 -1
1121 -31.641515726289196 7.95627269293927 -154.22846896190683 1119 1123 -1
1122 -27.65324691983053 4.1180078429811395 -153.43397746798917 1120 1124 -1
1123 -31.723979523521265 8.033235540788484 -154.0852902415765 1121 1125 -1
1124 -27.56078821931294 4.0364080378798235 -153.27375301051615 1122 1126 -1
1125 -31.805876174480364 8.109847636620852 -153.94159880079832 1123 1127 -1
1126 -27.467170019546426 3.954488166388251 -153.114367371149 1124 1128 -1
1127 -31.887201747996276 8.186110162433389 -153.79739795696463 1125 1129 -1
1128 -27.372398397745016 3.872240757928468 -152.9558343539568 1126 1130 -1
1129 -31.967954276247465 8.262025528535805 -153.65269277089263 1127 1131 -1
1130 -27.276478632047382 3.7896582036837025 -152.79816846177326 1128 1132 -1
1131 -32.04813095597017 8.337595651591075 -153.5074875340229 1129 1133 -1
1132 -27.17941596041613 3.706732966823333 -152.6413843614553 1130 1134 -1
1133 -32.12772889816446 8.412822421493747 -153.36178645241125 1131 1135 -1
1134 -27.081216044243366 3.623457734733092 -152.48549651439652 1132 1136 -1
1135 -32.20674522609518 8.487707761311576 -153.215593734179 1133 1137 -1
1136 -26.981883600635058 3.5398250005908047 -152.33052026432853 1134 1138 -1
1137 -32.28517707470894 8.56225362688945 -153.06891358905736 1135 1139 -1
1138 -26.881423047850202 3.455827246844113 -152.1764713765643 1136 1140 -1
1139 -32.3630210141657 8.636461679157415 -152.92174976062924 1137 1141 -1
1140 -26.77983839572814 3.371456902628477 -152.02336616035544 1138 1142 -1
1141 -32.440274598417446 8.7103341725381 -152.77410679787644 1139 1143 -1
1142 -26.677132943623512 3.286706228849781 -151.87122177324602 1140 1144 -1
1143 -32.51693522094559 8.78387328839164 -152.62598909777404 1141 1145 -1
1144 -26.573311018873753 3.201567912935018 -151.72005473804452 1142 1146 -1
1145 -32.59300005793773 8.857081109118992 -152.47740087094508 1143 1147 -1
1146 -26.46837599266322 3.1160343942215367 -151.56988266496685 1144 1148 -1
1147 -32.668466294212315 8.929959747967667 -152.32834632771807 1145 1149 -1
1148 -26.36233101507248 3.0300981036471173 -151.42072366330729 1146 1150 -1
1149 -32.74333112258458 9.002511348659883 -152.17882967781196 1147 1151 -1
1150 -26.255179030937928 2.943751465325396 -151.27259635725292 1148 1152 -1
1151 -32.8175917432253 9.07473808502588 -152.02885513004478 1149 1153 -1
1152 -26.146922744037095 2.856986878483424 -151.1255199522504 1150 1154 -1
1153 -32.89124536301227 9.14664216064208 -151.87842689206556 1151 1155 -1
1154 -26.037564045526665 2.769796486295863 -150.9795148395987 1152 1156 -1
1155 -32.964289194875455 9.218225808474998 -151.72754917011005 1153 1157 -1
1156 -25.927106092297425 2.6821729821940594 -150.83460059119028 1154 1158 -1
1157 -33.0367204571357 9.289491290530469 -151.57622616877956 1155 1159 -1
1158 -25.815551167280187 2.594108785061367 -150.69079805816696 1156 1160 -1
1159 -33.10853637283729 9.36044089750875 -151.42446209084326 1157 1161 -1
1160 -25.702901432260216 2.5055963214774617 -150.54812868729525 1158 1162 -1
1161 -33.17973416907538 9.431076948465817 -151.27226113706428 1159 1163 -1
1162 -25.58915894595144 2.416628030180651 -150.406614537164 1160 1164 -1
1163 -33.2503110430449 9.501401774003954 -151.1196274831888 1161 1165 -1
1164 -25.474325268462287 2.327196188015857 -150.26627875118837 1162 1166 -1
1165 -33.3202641757478 9.57141772398814 -150.96656529118619 1163 1167 -1
1166 -25.35840217442793 2.237293205278025 -150.12714484085893 1164 1168 -1
1167 -33.389590942784146 9.641127269965242 -150.81307885121575 1165 1169 -1
1168 -25.24139203503577 2.146911804654737 -149.98923625363497 1166 1170 -1
1169 -33.45828858119975 9.710532840431162 -150.65917235350858 1167 1171 -1
1170 -25.123296685640405 2.056044527702591 -149.85257766553988 1168 1172 -1
1171 -33.52635432866065 9.779636890633915 -150.50484998578222 1169 1173 -1
1172 -25.00411795860532 1.9646839598628085 -149.71719444437966 1170 1174 -1
1173 -33.593785422753264 9.848441902274015 -150.35011593320465 1171 1175 -1
1174 -24.883856669742737 1.8728222517073514 -149.58311393889517 1172 1176 -1
1175 -33.660579008856054 9.916950341224979 -150.19497432078165 1173 1177 -1
1176 -24.76251556478623 1.7804524865526792 -149.4503619599686 1174 1178 -1
1177 -33.72673228491435 9.985164725910417 -150.03942930788335 1175 1179 -1
1178 -24.640096730413784 1.6875674927856361 -149.31896589673823 1176 1180 -1
1179 -33.79224255423104 10.05308764934714 -149.8834851184692 1177 1181 -1
1180 -24.516601932154337 1.5941599818177754 -149.1889544180908 1178 1182 -1
1181 -33.85710704638039 10.120721696942793 -149.72714592875545 1179 1183 -1
1182 -24.39203248717491 1.500222467873386 -149.0603577535257 1180 1184 -1
1183 -33.92132298730078 10.188069479172457 -149.57041591256112 1181 1185 -1
1184 -24.266391778641907 1.4057485232844782 -148.93320437050423 1182 1186 -1
1185 -33.98488759857763 10.255133631322796 -149.41329924140956 1183 1187 -1
1186 -24.139682081184194 1.3107312126386768 -148.8075252019272 1184 1188 -1
1187 -34.04779809672412 10.321916813243648 -149.2558000846526 1185 1189 -1
1188 -24.011904867359508 1.2151632045820184 -148.68335346114682 1186 1190 -1
1189 -34.11005169246055 10.38842170910731 -149.0979226096175 1187 1191 -1
1190 -23.883064420026678 1.1190386510983628 -148.56071952758222 1188 1192 -1
1191 -34.17164558999212 10.45465102717539 -148.93967098177615 1189 1193 -1
1192 -23.753163052874513 1.0223507105941771 -148.43965780380626 1190 1194 -1
1193 -34.232576986285565 10.520607499573392 -148.78104936493685 1191 1195 -1
1194 -23.6222041421472 0.9250931195824237 -148.32020246091247 1192 1196 -1
1195 -34.2928430703449 10.586293882072884 -148.6220619214586 1193 1197 -1
1196 -23.490192154822708 0.8272602365470955 -148.20238731920492 1194 1198 -1
1197 -34.352441022486595 10.651712953881558 -148.46271281248752 1195 1199 -1
1198 -23.357129824620802 0.7288454859870958 -148.08625038056294 1196 1200 -1
1199 -34.41136781953124 10.716867442062817 -148.30300609643496 1197 1201 -1
1200 -23.223023368976797 0.629844247713337 -147.97182556340897 1198 1202 -1
1201 -34.469620057832714 10.78175995950136 -148.1429456462813 1199 1203 -1
1202 -23.08787580356417 0.5302501179081338 -147.85915365238688 1200 1204 -1
1203 -34.527195578755936 10.8463936281968 -147.98253599100607 1201 1205 -1
1204 -22.95169448463506 0.4300591803902461 -147.74826980515041 1202 1206 -1
1205 -34.58409151982698 10.910771319977906 -147.8217812907687 1203 1207 -1
1206 -22.814486789516618 0.3292680402846593 -147.6392102107135 1204 1208 -1
1207 -34.64030500624197 10.974895929181695 -147.6606857060309 1205 1209 -1
1208 -22.67628130746635 0.22788830203585747 -147.53197120481144 1206 1210 -1
1209 -34.69583315014289 11.038770372489894 -147.49925339792802 1207 1211 -1
1210 -22.537110920175703 0.12593487038817996 -147.42653911949367 1208 1212 -1
1211 -34.75067276578679 11.102397488360646 -147.3374883936666 1209 1213 -1
1212 -22.397009535811613 0.023423109510997735 -147.32289658114954 1210 1214 -1
1213 -34.80482015337478 11.165779970026563 -147.17539449742105 1211 1215 -1
1214 -22.25601154908758 -0.07963145427927096 -147.2210232613837 1212 1216 -1
1215 -34.858273377310304 11.228921159069234 -147.01297635728346 1213 1217 -1
1216 -22.1141493289186 -0.18321466035369666 -147.12090088013778 1214 1218 -1
1217 -34.91102948941437 11.29182406093061 -146.85023814228484 1215 1219 -1
1218 -21.97145772029267 -0.28731095450351685 -147.02250403671644 1216 1220 -1
1219 -34.96308552483393 11.354491702699919 -146.68718402432262 1217 1221 -1
1220 -21.827969733357293 -0.3919060134390414 -146.92580885691328 1218 1222 -1
1221 -35.01443745422154 11.416926793095275 -146.5238177224628 1219 1223 -1
1222 -21.683717880176424 -0.49698593762714827 -146.83079037750846 1220 1224 -1
1223 -35.065082665421436 11.47913254360029 -146.36014360585654 1221 1225 -1
1224 -21.538735693784343 -0.6025362585177739 -146.7374190394503 1222 1226 -1
1225 -35.115018721569605 11.54111223906915 -146.19616611773822 1223 1227 -1
1226 -21.393054992410445 -0.7085436753948541 -146.64566673195904 1224 1228 -1
1227 -35.16424258301573 11.602868992973312 -146.03188944781436 1225 1229 -1
1228 -21.246707546451994 -0.8149949853473454 -146.55550309781538 1226 1230 -1
1229 -35.21274964410641 11.664405473547495 -145.86731716547135 1227 1231 -1
1230 -21.099725220633758 -0.9218769488871925 -146.46689501733195 1228 1232 -1
1231 -35.26053791204551 11.725725184409404 -145.70245393905168 1229 1233 -1
1232 -20.95213814470119 -1.0291775271548134 -146.3798111269175 1230 1234 -1
1233 -35.30760466143755 11.786831419307093 -145.5373041340241 1231 1235 -1
1234 -20.803976940247292 -1.136884348886131 -146.29421631049442 1232 1236 -1
1235 -35.35394580520337 11.847727103193067 -145.37187160008511 1233 1237 -1
1236 -20.65527133386797 -1.2449856387795826 -146.21007511246887 1234 1238 -1
1237 -35.39955788331607 11.908415384433711 -145.20616046678188 1235 1239 -1
1238 -20.506049666433945 -1.3534706035103665 -146.12735325598356 1236 1240 -1
1239 -35.444438911638215 11.96889984918165 -145.04017543291164 1237 1241 -1
1240 -20.356340987136686 -1.4623278542792602 -146.0460118723792 1238 1242 -1
1241 -35.488584664525305 12.029183484352995 -144.87392037376725 1239 1243 -1
1242 -20.206172315369216 -1.5715474628613932 -145.9660151916227 1240 1244 -1
1243 -35.53199150034465 12.089269479629952 -144.70739941923603 1241 1245 -1
1244 -20.05557100310268 -1.6811191371753176 -145.88732386243768 1242 1246 -1
1245 -35.57465752872878 12.149161510473286 -144.5406173365165 1243 1247 -1
1246 -19.90456307699935 -1.7910335170089975 -145.80989984511427 1244 1248 -1
1247 -35.61657769901045 12.208862456951952 -144.37357780596315 1245 1249 -1
1248 -19.753174176750633 -1.901281412907541 -145.7337036803828 1246 1250 -1
1249 -35.657749532078334 12.268375895556407 -144.20628543076168 1247 1251 -1
1250 -19.601429114261627 -2.011854164376243 -145.6586959093802 1248 1252 -1
1251 -35.69817021431494 12.327705332017254 -144.03874470536354 1249 1253 -1
1252 -19.44935210194268 -2.1227434353137906 -145.5848364178732 1250 1254 -1
1253 -35.73783417500716 12.386853642391058 -143.8709592600572 1251 1255 -1
1254 -19.29696649471802 -2.2339414588566977 -145.51208541880334 1252 1256 -1
1255 -35.77674048101607 12.445824837672438 -143.7029342464019 1253 1257 -1
1256 -19.14429531718185 -2.345440498795836 -145.44040162586677 1254 1258 -1
1257 -35.81488343721273 12.504621841055897 -143.5346733332922 1255 1259 -1
1258 -18.99136031909456 -2.457233857156895 -145.36974590993063 1256 1260 -1
1259 -35.85226098059809 12.563248441192306 -143.36618135057358 1257 1261 -1
1260 -18.838183337294744 -2.5693143757262207 -145.30007614581717 1258 1262 -1
1261 -35.88886878330425 12.621707944480654 -143.19746246502055 1259 1263 -1
1262 -18.684785011994116 -2.6816758867583106 -145.23135235955027 1260 1264 -1
1263 -35.92470325783348 12.680003854535256 -143.02852110196497 1261 1265 -1
1264 -18.53118551161774 -2.7943124089115154 -145.16353401041022 1262 1266 -1
1265 -35.95976114144581 12.738139769387095 -142.8593618077124 1263 1267 -1
1266 -18.377404566869796 -2.907218037981284 -145.0965797896488 1264 1268 -1
1267 -35.99403796998712 12.796119072334196 -142.6899888290699 1265 1269 -1
1268 -18.22346114176999 -3.0203874227961443 -145.03044926239778 1266 1270 -1
1269 -36.027530882565195 12.853945497494388 -142.52040688581334 1267 1271 -1
1270 -18.06937352999928 -3.133815735460941 -144.96510275395175 1268 1272 -1
1271 -36.06023520709411 12.911622454792083 -142.3506202499564 1269 1273 -1
1272 -17.915159768822658 -3.24749791084873 -144.900499158913 1270 1274 -1
1273 -36.092147800200955 12.969153676952569 -142.18063363164228 1271 1275 -1
1274 -17.760837200436345 -3.3614294353088865 -144.8365984280717 1272 1276 -1
1275 -36.12326447215858 13.026542729214265 -142.01045150907575 1273 1277 -1
1276 -17.606422667543573 -3.475606046870282 -144.77336070900506 1274 1278 -1
1277 -36.153581091106936 13.083793223962283 -141.840078423166 1275 1279 -1
1278 -17.451932534144873 -3.5900237201302527 -144.71074637313816 1276 1280 -1
1279 -36.18309621445902 13.140908911513314 -141.66951945581195 1277 1281 -1
1280 -17.29738270650876 -3.704678651154332 -144.6487160405663 1278 1282 -1
1281 -36.21181218574987 13.197892776796536 -141.49878006770473 1279 1283 -1
1282 -17.14278865045199 -3.8195672721462977 -144.58723066807357 1280 1284 -1
1283 -36.239737307507205 13.254748454490574 -141.32786685258068 1281 1285 -1
1284 -16.98816542749702 -3.9346861453755118 -144.5262513616003 1282 1286 -1
1285 -36.266875384342356 13.31147890375517 -141.1567853231045 1283 1287 -1
1286 -16.83352769645799 -4.0500320129814655 -144.4657395614653 1284 1288 -1
1287 -36.29323407640837 13.368087755797895 -140.98554173452212 1285 1289 -1
1288 -16.678889736681317 -4.165601808525349 -144.4056571049013 1286 1290 -1
1289 -36.318819699329104 13.42457847566241 -140.81414195209695 1287 1291 -1
1290 -16.524265479081972 -4.281392653570696 -144.34596623852525 1288 1292 -1
1291 -36.343636759986104 13.480954317850488 -140.6425914061886 1289 1293 -1
1292 -16.369668525708814 -4.397401772931747 -144.28662949785198 1290 1294 -1
1293 -36.36769362440485 13.537219166696373 -140.47089619201407 1291 1295 -1
1294 -16.21511215937822 -4.513626478867346 -144.227609739945 1292 1296 -1
1295 -36.390996053862345 13.593376571577316 -140.29906180466398 1293 1297 -1
1296 -16.060609369744896 -4.630064211508004 -144.168870242745 1294 1298 -1
1297 -36.41354940494933 13.649430092993784 -140.12709359842685 1295 1299 -1
1298 -15.906172870751893 -4.746712503887834 -144.11037467714598 1296 1300 -1
1299 -36.43536174543697 13.705383719980192 -139.95499732034997 1297 1301 -1
1300 -15.751815118901483 -4.863568968996088 -144.05208711652676 1298 1302 -1
1301 -36.456439551591515 13.761241271857774 -139.78277834036572 1299 1303 -1
1302 -15.597548361034193 -4.9806313465659136 -143.99397208542493 1300 1304 -1
1303 -36.47678769222957 13.817006430065579 -139.6104416977005 1301 1305 -1
1304 -15.443384682886238 -5.097897511825607 -143.9359945281269 1302 1306 -1
1305 -36.49641448583309 13.872683371444017 -139.43799290631048 1303 1307 -1
1306 -15.289335800999387 -5.2153650691769675 -143.87811961387857 1304 1308 -1
1307 -36.51532664942278 13.928276120503643 -139.26543713032814 1305 1309 -1
1308 -15.135413318336226 -5.333031828239555 -143.8203130906153 1306 1310 -1
1309 -36.53353078896075 13.983788748508639 -139.09277943881142 1307 1311 -1
1310 -14.981628915788257 -5.450895948728457 -143.76254114564733 1308 1312 -1
1311 -36.55103252736057 14.039225287865676 -138.9200246959642 1309 1313 -1
1312 -14.827993679880603 -5.5689549725687275 -143.7047702884805 1310 1314 -1
1313 -36.56784002008376 14.094590104308358 -138.7471780366824 1311 1315 -1
1314 -14.67451888910728 -5.687206904790119 -143.6469675247796 1312 1316 -1
1315 -36.58396012358929 14.149887477185336 -138.57424433268355 1313 1317 -1
1316 -14.521215632908907 -5.805649633180761 -143.5891002499946 1314 1318 -1
1317 -36.599399743209766 14.205121752536407 -138.4012283875584 1315 1319 -1
1318 -14.368094751455265 -5.924280883858669 -143.53113637319618 1316 1320 -1
1319 -36.6141658319096 14.260297343404746 -138.22813493754145 1317 1321 -1
1320 -14.215167253565964 -6.043098620776555 -143.47304408619377 1318 1322 -1
1321 -36.62826458733642 14.315418669894088 -138.05496856946698 1319 1323 -1
1322 -14.062443763788274 -6.162100478926428 -143.4147922165455 1320 1324 -1
1323 -36.64170390864091 14.370490354281928 -137.8817339848943 1321 1325 -1
1324 -13.909935039204028 -6.281284240644378 -143.35634989041543 1322 1326 -1
1325 -36.65449093422836 14.42551701558807 -137.70843572684805 1323 1327 -1
1326 -13.757651788577654 -6.4006476307734435 -143.29768664105356 1324 1328 -1
1327 -36.66663279471384 14.480503337357788 -137.53507826915396 1325 1329 -1
1328 -13.605604365991166 -6.520188082499911 -143.23877276944603 1326 1330 -1
1329 -36.67813666353651 14.535454072411342 -137.36166602313125 1327 1331 -1
1330 -13.453803617084207 -6.639903352122014 -143.17957844775958 1328 1332 -1
1331 -36.6890097562883 14.590374043469703 -137.18820333872847 1329 1333 -1
1332 -13.302259885423247 -6.759790773350367 -143.12007481297874 1330 1334 -1
1333 -36.69925933013924 14.645268143836425 -137.01469450571582 1331 1335 -1
1334 -13.150983561597826 -6.879847660882204 -143.06023340145202 1332 1336 -1
1335 -36.70889268336008 14.700141338136353 -136.8411437549331 1333 1337 -1
1336 -13.0 -7.0 -143.0 1334 -1 -1
1337 -36.7179171549425 14.754998663112437 -136.66755525959215 1335 1338 -1
1338 -36.72634012431729 14.809845228481425 -136.493933136633 1337 1339 -1
1339 -36.73416901117074 14.864686217849451 -136.32028144813322 1338 1340 -1
1340 -36.74141127535983 14.919526889688374 -136.1466042027698 1339 1341 -1
1341 -36.748074416926436 14.974372578374126 -135.97290535733313 1340 1342 -1
1342 -36.75416597621096 15.02922869528748 -135.79918881829315 1341 1343 -1
1343 -36.75969353406595 15.084100729978676 -135.62545844341687 1342 1344 -1
1344 -36.76466471216993 15.138994251396657 -135.4517180434384 1343 1345 -1
1345 -36.769087173442145 15.193914909183688 -135.27797138378043 1344 1346 -1
1346 -36.772968622558565 15.248868435036643 -135.10422218632849 1345 1347 -1
1347 -36.77631680656991 15.303860644135602 -134.9304741312581 1346 1348 -1
1348 -36.779139515622006 15.358897436640946 -134.75673085891538 1347 1349 -1
1349 -36.78144388265924 15.413984877029208 -134.58299598812556 1348 1350 -1
1350 -36.7832383853044 15.469128994516772 -134.4092730824045 1349 1351 -1
1351 -36.78453100218233 15.524335952084027 -134.23556567501262 1350 1352 -1
1352 -36.78532970824963 15.579612009448688 -134.06187726827986 1351 1353 -1
1353 -36.785642100481205 15.63496359297747 -133.88821135805122 1352 1354 -1
1354 -36.78547605194616 15.690397210198896 -133.7145714124036 1353 1355 -1
1355 -36.784840277634814 15.745919319856368 -133.54096082580077 1354 1356 -1
1356 -36.7837428047996 15.801536606225302 -133.36738300945674 1355 1357 -1
1357 -36.782190952877755 15.857256052964336 -133.19384142713704 1356 1358 -1
1358 -36.780194056842745 15.913084305149079 -133.02033936716737 1357 1359 -1
1359 -36.777759883305315 15.969028497452761 -132.84688023997583 1358 1360 -1
1360 -36.774896661929816 16.025095801107504 -132.67346741899775 1359 1361 -1
1361 -36.77161345589865 16.081293264453404 -132.50010417838655 1360 1362 -1
1362 -36.76791769918002 16.13762860421021 -132.32679399752539 1361 1363 -1
1363 -36.76381918892901 16.194108887806028 -132.15354005654368 1362 1364 -1
1364 -36.759325265820785 16.250742227574175 -131.98034589347773 1363 1365 -1
1365 -36.75444581561062 16.307535919915647 -131.80721468202478 1364 1366 -1
1366 -36.74918871821778 16.36449825182545 -131.6341499400835 1365 1367 -1
1367 -36.7435633766547 16.421637033889823 -131.46115495594464 1366 1368 -1
1368 -36.737578768929524 16.47896043035184 -131.28823311677786 1367 1369 -1
1369 -36.731243322099935 16.536477132111074 -131.11538798059914 1368 1370 -1
1370 -36.724566872557396 16.59419525653708 -130.94262284176105 1369 1371 -1
1371 -36.71755857064438 16.652123496805338 -130.7699411894578 1370 1372 -1
1372 -36.71022718303112 16.710271082073103 -130.59734669477683 1371 1373 -1
1373 -36.70258265911486 16.768646694931405 -130.42484278307634 1372 1374 -1
1374 -36.69463456389563 16.82725951099098 -130.25243304994402 1373 1375 -1
1375 -36.68639254275703 16.886118925393482 -130.0801211554183 1374 1376 -1
1376 -36.677866378904966 16.94523452239638 -129.90791081496255 1375 1377 -1
1377 -36.669065998834945 17.004616080509095 -129.73580580475036 1376 1378 -1
1378 -36.66000146306952 17.06427359460509 -129.56380997385818 1377 1379 -1
1379 -36.650683013661954 17.124217237466695 -129.39192723271478 1378 1380 -1
1380 -36.64112109668618 17.18445733183168 -129.2201615460219 1379 1381 -1
1381 -36.63132618643943 17.24500459145993 -129.0485170320082 1380 1382 -1
1382 -36.62130904903136 17.305869807245035 -128.87699784291496 1381 1383 -1
1383 -36.61108059837988 17.36706403820612 -128.7056082450712 1382 1384 -1
1384 -36.600651936540935 17.428598577108673 -128.53435261028173 1383 1385 -1
1385 -36.590034361137505 17.490484956590166 -128.36323542352375 1384 1386 -1
1386 -36.579239373065654 17.5527349553965 -128.19226129102262 1385 1387 -1
1387 -36.56827841990402 17.615361270783975 -128.02143521083264 1386 1388 -1
1388 -36.55716366435743 17.67837577766469 -127.85076189445688 1387 1389 -1
1389 -36.54590732086648 17.741790941976383 -127.68024632957113 1388 1390 -1
1390 -36.534521476501936 17.80562077069099 -127.50989416221498 1389 1391 -1
1391 -36.52301914193862 17.869877419463602 -127.3397103678124 1390 1392 -1
1392 -36.51141299864192 17.934575516633913 -127.16970096461215 1391 1393 -1
1393 -36.5 18.0 -127.0 1392 -1 -1
