0 33.5 -154.5 244.5 -1 1 -1
1 33.37063777625989 -154.3573189570035 244.4694504908301 0 2 -1
2 33.24198772645567 -154.21123945409403 244.45830979609605 1 3 -1
3 33.11530431820947 -154.06321155939446 244.46595323459735 2 4 -1
4 32.99172437911539 -153.91454336560767 244.49145807075348 3 5 -1
5 32.87189182273864 -153.7662876002494 244.53255776791318 4 6 -1
6 32.75613114073119 -153.61911770420946 244.5871044136983 5 7 -1
7 32.6445910276607 -153.47343341505376 244.65324348632666 6 8 -1
8 32.537058467679046 -153.3293260461235 244.72882038688547 7 9 -1
9 32.43324499998873 -153.1867176713898 244.81206726987486 8 10 -1
10 32.332812041662585 -153.04541491685117 244.90147251584384 9 11 -1
11 32.235385483810866 -152.90514188757325 244.9957046278096 10 12 -1
12 32.14057892181451 -152.76556839378034 245.09358310260393 11 13 -1
13 32.04801736250889 -152.62632743290897 245.19405297592266 12 14 -1
14 31.957311861761617 -152.48702021311522 245.2961129017805 13 15 -1
15 31.868087183499135 -152.34722963615474 245.3988159100581 14 16 -1
16 31.779981595925793 -152.20651743995552 245.50122571517838 15 17 -1
17 31.69263789637549 -152.0644229611881 245.60237009114172 16 18 -1
18 31.60570174044134 -151.92046378068486 245.70119898919268 17 19 -1
19 31.51882177820357 -151.7741398081018 245.7965378655341 18 20 -1
20 31.431646487305375 -151.6249061541677 245.88696236086878 19 21 -1
21 31.343832346163907 -151.4722292915005 245.970762817618 20 22 -1
22 31.255180930063183 -151.3158781696091 246.04651246573033 21 23 -1
23 31.165766092817805 -151.15601872952118 246.11354032764638 22 24 -1
24 31.075767953313022 -150.99317046808633 246.17205706019422 23 25 -1
25 30.985322926527935 -150.8277007653161 246.22189189858543 24 26 -1
26 30.894577479587056 -150.66015145323547 246.26356413461355 25 27 -1
27 30.803634202054447 -150.49096225916176 246.297473473623 26 28 -1
28 30.71256195627529 -150.32053535006293 246.3240630843972 27 29 -1
29 30.621395135993783 -150.14926793878922 246.34413959350536 28 30 -1
30 30.53012685275044 -149.9774758677411 246.35847123698014 29 31 -1
31 30.43870603550946 -149.80540204747345 246.3674503464914 30 32 -1
32 30.34705261156556 -149.63324567223725 246.37046330680752 31 33 -1
33 30.255111197931097 -149.46125916659602 246.36676753905817 32 34 -1
34 30.162865619230363 -149.2897542799824 246.35573094150658 33 35 -1
35 30.070336454622176 -149.11910376606875 246.33673728369996 34 36 -1
36 29.977584259543782 -148.94973482400763 246.3092626013156 35 37 -1
37 29.884707969825737 -148.7821446401694 246.2727832847266 36 38 -1
38 29.791845145496723 -148.61682983034063 246.22707267973485 37 39 -1
39 29.69915504546649 -148.45426623269424 246.172088559148 38 40 -1
40 29.606815833234283 -148.29496958466447 246.10774483530307 39 41 -1
41 29.514761373831337 -148.13885530397164 246.03562819601592 40 42 -1
42 29.42239110459734 -147.98482240140103 245.95952624472403 41 43 -1
43 29.328946743158912 -147.83156591521342 245.8831672671768 42 44 -1
44 29.233634899791536 -147.67780967317233 245.81021479406448 43 45 -1
45 29.135684279440177 -147.52239384042207 245.74470089602724 44 46 -1
46 29.03449145527936 -147.3644844509211 245.69127309685024 45 47 -1
47 28.929777516680144 -147.20386284513256 245.65599003736614 46 48 -1
48 28.822242437508674 -147.041709223771 245.64503102649894 47 49 -1
49 28.713580935545203 -146.8806404646693 245.66084240961828 48 50 -1
50 28.604829194774307 -146.72217093746784 245.69400082335048 49 51 -1
51 28.495435598596217 -146.56543488736858 245.7329486893457 50 52 -1
52 28.38429304809382 -146.40882157346178 245.76699823490375 51 53 -1
53 28.270691229159464 -146.25140738304805 245.78502290558433 52 54 -1
54 28.155571993338334 -146.09460222128214 245.77447170956293 53 55 -1
55 28.042565818070223 -145.9432118776378 245.7272697438227 54 56 -1
56 27.9339692065654 -145.8000299469801 245.6517038288317 55 57 -1
57 27.828420182322777 -145.66300341450503 245.56156961637942 56 58 -1
58 27.72346138964092 -145.52877358558428 245.46661593037177 57 59 -1
59 27.617716498549136 -145.39552142049868 245.37115765474292 58 60 -1
60 27.511100880620198 -145.26316001835417 245.27542896770768 59 61 -1
61 27.403604076693114 -145.13170665231465 245.17943491370133 60 62 -1
62 27.295242014637694 -145.00115141269717 245.08318840007834 61 63 -1
63 27.18601360442874 -144.87150191491847 244.9866970960356 62 64 -1
64 27.075897173338834 -144.74278771241106 244.88996325980577 63 65 -1
65 26.9649077309435 -144.61499990432654 244.79299926981977 64 66 -1
66 26.853046643460193 -144.48814391765256 244.69581360605955 65 67 -1
67 26.74030019664547 -144.36224158845587 244.5984111218329 66 68 -1
68 26.626664065900822 -144.23730500969845 244.50079926044094 67 69 -1
69 26.512148136943054 -144.11333088159694 244.40298870282146 68 70 -1
70 26.396744916530125 -143.99033498540564 244.30498613449572 69 71 -1
71 26.28043402173641 -143.86834788874148 244.2067959257779 70 72 -1
72 26.163232425232895 -143.7473588342911 244.1084302143693 71 73 -1
73 26.045136057096972 -143.62738054342816 244.00989672063798 72 74 -1
74 25.9261140808201 -143.508456739698 243.91119876464086 73 75 -1
75 25.806187632871744 -143.39057226123728 243.81234905103386 74 76 -1
76 25.68535204566599 -143.2737414397165 243.71335561505555 75 77 -1
77 25.56357507450719 -143.15801144851193 243.61422280135398 76 78 -1
78 25.44087655480456 -143.04336897631794 243.51496286879313 77 79 -1
79 25.31725162707759 -142.9298340650417 243.41557943419508 78 80 -1
80 25.192694485379075 -142.81748573863675 243.3160117394021 79 81 -1
81 25.0672676232236 -142.70635742932006 243.2161672222094 80 82 -1
82 24.940998347136073 -142.5965320848797 243.11594357808937 81 83 -1
83 24.813917370220707 -142.48809589217677 243.01523454555888 82 84 -1
84 24.6860820930665 -142.3810909265685 242.9139510317477 83 85 -1
85 24.557516065086407 -142.27562964062665 242.81197586292245 84 86 -1
86 24.42827560473833 -142.17176356568928 242.70921914550448 85 87 -1
87 24.29840685076688 -142.06957021312715 242.60558131155523 86 88 -1
88 24.167948792242633 -141.96916071135334 242.5009449719316 87 89 -1
89 24.0369679105046 -141.87056944670712 242.3952384239227 88 90 -1
90 23.90550370397652 -141.77393916937464 242.28832816139123 89 91 -1
91 23.773626218716966 -141.6793054775567 242.18014875213197 90 92 -1
92 23.64139101874429 -141.58678507377934 242.0705870835701 91 93 -1
93 23.508864369715692 -141.49646209320267 241.95955409274725 92 94 -1
94 23.37611671931885 -141.40840998510197 241.84697207403605 93 95 -1
95 23.24321794424169 -141.32276126535746 241.73272681227974 94 96 -1
96 23.11024732222759 -141.23954366376307 241.61678124378332 95 97 -1
97 22.977284942266287 -141.15893839417424 241.49899559627605 96 98 -1
98 22.84441402222128 -141.08094235376092 241.3793648499268 97 99 -1
99 22.711727121398482 -141.00572916857274 241.2577644467332 98 100 -1
100 22.57931154967449 -140.93332272303815 241.13418111796074 99 101 -1
101 22.447267363730862 -140.86385210021888 241.00853281773902 100 102 -1
102 22.315691395635167 -140.79738504194498 240.88078634799345 101 103 -1
103 22.184682036170596 -140.7339869340506 240.75091550269073 102 104 -1
104 22.05435304189828 -140.67378244936253 240.618858976205 103 105 -1
105 21.924790537271726 -140.6167607513236 240.48465309672045 104 106 -1
106 21.79612761775983 -140.56309157129857 240.3482179673209 105 107 -1
107 21.66844516492616 -140.512740531087 240.20961452656724 106 108 -1
108 21.541855647530134 -140.4657854909306 240.0688336041177 107 109 -1
109 21.416476631113472 -140.42230719500142 239.92586983382094 108 110 -1
110 21.29238343264033 -140.38226719528788 239.78079565274956 109 111 -1
111 21.16969056944385 -140.3457349241155 239.63361977181845 110 112 -1
112 21.048500458376825 -140.31274311250957 239.48437726099186 111 113 -1
113 20.928878361902008 -140.28324245686866 239.3331522198419 112 114 -1
114 20.810908398179823 -140.25723369722496 239.1800002810765 113 115 -1
115 20.694694722415026 -140.23475758379223 239.02495784259597 114 116 -1
116 20.58029455317882 -140.215762490473 238.86811191655343 115 117 -1
117 20.467761140779416 -140.2001979699207 238.70954725121885 116 118 -1
118 20.357152167324124 -140.1880283017695 238.5493400623557 117 119 -1
119 20.24844828611646 -140.1791857096837 238.38761721372285 118 120 -1
120 20.14137394742608 -140.17352102069793 238.22466838278348 119 121 -1
121 20.035598129290204 -140.17089189232976 238.0607961069122 120 122 -1
122 19.9308046870186 -140.17118895243632 237.89627264243336 121 123 -1
123 19.82668708301267 -140.17433353075393 237.73135001827538 122 124 -1
124 19.722942696954593 -140.18027608470553 237.56626914491065 123 125 -1
125 19.619266899627195 -140.18899541493818 237.40126839098943 124 126 -1
126 19.51534210212497 -140.20052206302034 237.23659697719285 125 127 -1
127 19.410836420775748 -140.214879925145 237.07251723731028 126 128 -1
128 19.305395086383246 -140.23213863299662 236.90931866078026 127 129 -1
129 19.198631093903934 -140.25240353315016 236.74733102399338 128 130 -1
130 19.090115978835172 -140.27581842620148 236.58694053079375 129 131 -1
131 18.979319960856323 -140.30263468999868 236.4286576418867 130 132 -1
132 18.86566439669358 -140.33311010356772 236.27309062233724 131 133 -1
133 18.748469779476455 -140.36758115844674 236.1210278426995 132 134 -1
134 18.62690362486877 -140.4065089102354 235.973546863707 133 135 -1
135 18.49988607004338 -140.4505472670986 235.83223814724116 134 136 -1
136 18.366279355223334 -140.50038054484793 235.69919291053998 135 137 -1
137 18.225723318012715 -140.5565485800468 235.5762064506013 136 138 -1
138 18.08068589037001 -140.61825947958113 235.46131610786895 137 139 -1
139 17.934266130933942 -140.68419426901178 235.35057763018645 138 140 -1
140 17.789571639070694 -140.75268009972157 235.2391250457931 139 141 -1
141 17.64934753460667 -140.82193681046985 235.12257262688397 140 142 -1
142 17.5159085695737 -140.89028594018134 234.9978278769801 141 143 -1
143 17.390668074724505 -140.95638376261286 234.86373019754936 142 144 -1
144 17.27435698915441 -141.0193106763467 234.72038707651046 143 145 -1
145 17.166754875072463 -141.07869902283247 234.56895500081487 144 146 -1
146 17.06682338760115 -141.13477222549332 234.41111722228285 145 147 -1
147 16.972139640539158 -141.18863271631557 234.24930981292425 146 148 -1
148 16.88075363788879 -141.2412143265683 234.08519629890623 147 149 -1
149 16.791257500399325 -141.29320730426127 233.91985572459893 148 150 -1
150 16.702517264856773 -141.3452043245557 233.75410885700433 149 151 -1
151 16.61344821057281 -141.39775627547587 233.5887143430485 150 152 -1
152 16.523038307871364 -141.45141370714782 233.424407283228 151 153 -1
153 16.430025622483466 -141.5068906266085 233.26217417406286 152 154 -1
154 16.333066568325496 -141.5649381465886 233.10319316659465 153 155 -1
155 16.23040744454607 -141.6265667094955 232.9492322859016 154 156 -1
156 16.12095022020117 -141.69241416100482 232.80184847769073 155 157 -1
157 16.00432134232493 -141.76269314039385 232.66221918576326 156 158 -1
158 15.88009365635602 -141.83764179263835 232.53188976474294 157 159 -1
159 15.748529080110075 -141.91706497069183 232.4118267600371 158 160 -1
160 15.609900452777888 -142.00074963235696 232.30314485175208 159 161 -1
161 15.464894213560388 -142.0882168672014 232.20641497016518 160 162 -1
162 15.314500820703042 -142.1787921016398 232.12147949218527 161 163 -1
163 15.159844432417001 -142.271713369609 232.04740864129246 162 164 -1
164 15.002020588376864 -142.36623448530864 231.9825936784397 163 165 -1
165 14.841921223095653 -142.46173011072256 231.92518838895504 164 166 -1
166 14.680234370896553 -142.55770385607383 231.8732746348245 165 167 -1
167 14.517520983317342 -142.65374650567875 231.82479662457095 166 168 -1
168 14.354235936366097 -142.74951474576258 231.77771216984536 167 169 -1
169 14.190794375364074 -142.84469041314526 231.72997632434135 168 170 -1
170 14.027614008612527 -142.93897990496592 231.67966753644237 169 171 -1
171 13.865144041311432 -143.03207454290623 231.62503463579756 170 172 -1
172 13.703894590124289 -143.12364417324466 231.56453862198563 171 173 -1
173 13.5444391237232 -143.2133387976701 231.4969130006066 172 174 -1
174 13.386739826829071 -143.30116573563583 231.42297711457854 173 175 -1
175 13.22775123217851 -143.38878608867486 231.35164753167035 174 176 -1
176 13.063908873040981 -143.4780702408496 231.29521374569134 175 177 -1
177 12.894104165695836 -143.5694798188568 231.26766558036056 176 178 -1
178 12.721935752543933 -143.6609540391458 231.26203278886817 177 179 -1
179 12.549462018281048 -143.7513312805575 231.2517356041379 178 180 -1
180 12.37934717104379 -143.83919938157254 231.21541814791377 179 181 -1
181 12.214501971945541 -143.92310600672587 231.15385758471476 180 182 -1
182 12.055745067098393 -144.0027390538425 231.07338717051874 181 183 -1
183 11.902705709695152 -144.07840153123567 230.979107281169 182 184 -1
184 11.754142380001841 -144.15076914674844 230.87548883058798 183 185 -1
185 11.607956090733316 -144.2209475737404 230.76707425439318 184 186 -1
186 11.462262981608468 -144.2898565313014 230.65718554906226 185 187 -1
187 11.315166697508548 -144.35834427671765 230.54892092192821 186 188 -1
188 11.164811587651267 -144.4272313953534 230.44551653247152 187 189 -1
189 11.009350546160011 -144.49726395520048 230.35084068904098 188 190 -1
190 10.846788149557065 -144.5691454270858 230.27069247877262 189 191 -1
191 10.676209214371886 -144.64311067490425 230.2123041665121 190 192 -1
192 10.498642164451237 -144.71849035393754 230.18558657278442 191 193 -1
193 10.319203498806703 -144.79298777161105 230.19874477270233 192 194 -1
194 10.143273496115201 -144.8645423385316 230.2427615763484 193 195 -1
195 9.970345860004603 -144.93370316457865 230.30070772185064 194 196 -1
196 9.797320731128352 -145.00196306091968 230.35944977540666 195 197 -1
197 9.620885119580668 -145.07080191422378 230.4057895079917 196 198 -1
198 9.440199315438786 -145.14074144595403 230.4264217629462 197 199 -1
199 9.258378159031373 -145.2107721150954 230.4202398188703 198 200 -1
200 9.077852182844481 -145.28017569569604 230.39522465717968 199 201 -1
201 8.898867332222117 -145.3490742202541 230.35967364513866 200 202 -1
202 8.72080594471716 -145.4179032782022 230.31959742428094 201 203 -1
203 8.543503495723103 -145.48692157724727 230.27658240877454 202 204 -1
204 8.36686270046949 -145.55636007542276 230.23156461957322 203 205 -1
205 8.190756712655396 -145.62643764847655 230.1854532688204 204 206 -1
206 8.015074424335456 -145.69741132904954 230.1390967923176 205 207 -1
207 7.83968420764364 -145.7694907903707 230.09334602491055 206 208 -1
208 7.664482910437706 -145.84292516945425 230.04905215704758 207 209 -1
209 7.489383362192962 -145.91794316014145 230.00707568724135 208 210 -1
210 7.314334246483976 -145.9947482411895 229.96824373582197 209 211 -1
211 7.139424780566916 -146.07355153595552 229.93294564019118 210 212 -1
212 6.964880473713213 -146.15440109223005 229.90058676296204 211 213 -1
213 6.790936110852032 -146.23744290933615 229.87063484369037 212 214 -1
214 6.617793857487274 -146.3227490826652 229.84245004990908 213 215 -1
215 6.445646695712682 -146.410413903197 229.81542957540492 214 216 -1
216 6.274703246681507 -146.50056984248874 229.78897073971518 215 217 -1
217 6.105117773222367 -146.5932416270098 229.7624666177364 216 218 -1
218 5.93712165184083 -146.6885804969109 229.73531115088272 217 219 -1
219 5.770864682348649 -146.78657671993128 229.70694380435773 218 220 -1
220 5.606578436348879 -146.88732050798518 229.676780218642 219 221 -1
221 5.444449981541222 -146.99080109815526 229.6443013624746 220 222 -1
222 5.2847118412116885 -147.09703115072742 229.60898331425415 221 223 -1
223 5.127574508056741 -147.20595812794124 229.57037209390722 222 224 -1
224 4.97329270762637 -147.31753839520798 229.5280082405643 223 225 -1
225 4.8220459133722375 -147.43162885279133 229.4815833015213 224 226 -1
226 4.674156942337269 -147.54816937945972 229.43064861127672 225 227 -1
227 4.529682321907815 -147.66692931787688 229.3752374467794 226 228 -1
228 4.388531425565752 -147.78775270923234 229.31585521432478 227 229 -1
229 4.250577108307015 -147.91054025359773 229.25308196279943 228 230 -1
230 4.115551193054309 -148.03514516653163 229.18758003985295 229 231 -1
231 3.9832610479271717 -148.16149563745148 229.11987415606993 230 232 -1
232 3.8535152299451885 -148.28954197924895 229.05045015590258 231 233 -1
233 3.7261265703083506 -148.41925306862953 228.97976088063083 232 234 -1
234 3.6009366689028015 -148.550631703119 228.9082270032438 233 235 -1
235 3.4777452998605924 -148.68365604436832 228.83626591712243 234 236 -1
236 3.3563868648886164 -148.81833304096023 228.76426424208623 235 237 -1
237 3.236706475403437 -148.9546798112163 228.69259720464942 236 238 -1
238 3.1185579820801346 -149.092720250212 228.6216342322948 237 239 -1
239 3.001804041048784 -149.232483334446 228.55174351377772 238 240 -1
240 2.8863161749167356 -149.37400141927998 228.48329636446195 239 241 -1
241 2.7719749042224278 -149.51730843818558 228.41667141177174 240 242 -1
242 2.6586700155654523 -149.66243790905577 228.35225859977467 241 243 -1
243 2.54630102645978 -149.8094206482823 228.2904629878189 242 244 -1
244 2.434777902463464 -149.95828208911342 228.23170828517007 243 245 -1
245 2.3240220776349325 -150.10903909896115 228.17644002057122 244 246 -1
246 2.2139754894460304 -150.26171847660962 228.12518053938538 245 247 -1
247 2.104579527353279 -150.416287884763 228.07839374363763 246 248 -1
248 1.9958002559469203 -150.57271134432347 228.03660511265196 247 249 -1
249 1.8876354820387669 -150.73090691839292 228.00024890555125 248 250 -1
250 1.780135207129447 -150.89071152790203 227.9693684972875 249 251 -1
251 1.6733546917632716 -151.05194643667878 227.94389239671779 250 252 -1
252 1.5673532963233925 -151.2144531810287 227.92381119799606 251 253 -1
253 1.462164905674629 -151.37804809598128 227.90897808824369 252 254 -1
254 1.3578163709095823 -151.54256159999926 227.89925123693183 253 255 -1
255 1.2543310665804888 -151.7078385629133 227.89450943666688 254 256 -1
256 1.1517327048540156 -151.87373608195614 227.89466602155278 255 257 -1
257 1.050035859496919 -152.0401144726433 227.89961389871334 256 258 -1
258 0.9492287203613161 -152.20683467910573 227.90914199020327 257 259 -1
259 0.8493061666033335 -152.37377516519172 227.923109030871 258 260 -1
260 0.750270980207571 -152.540822749164 227.94144007716298 259 261 -1
261 0.6521007580188414 -152.7078682760207 227.96396380926348 260 262 -1
262 0.5547642126543677 -152.87481351343118 227.99049467802357 261 263 -1
263 0.45823953146035423 -153.04156649307203 228.02091874455368 262 264 -1
264 0.3625054063949448 -153.208037126039 228.05515003572123 263 265 -1
265 0.26750798904829676 -153.37415284266257 228.09297012076573 264 266 -1
266 0.17320000051328052 -153.5398890928918 228.13404684199148 265 267 -1
267 0.07948508920918393 -153.70542000010198 228.1772601454749 266 268 -1
268 -0.013786525710857818 -153.8710092519384 228.22120489042854 267 269 -1
269 -0.10675429694482545 -154.03694600023212 228.2644753098792 268 270 -1
270 -0.19956638693023615 -154.2035177262926 228.30557850139104 269 271 -1
271 -0.292349979830049 -154.3709859333842 228.34291587735441 270 272 -1
272 -0.38519383576646876 -154.53955803830252 228.3746985440862 271 273 -1
273 -0.4781200640558516 -154.7093125544824 228.3990248663918 272 274 -1
274 -0.571050557839247 -154.8801462192382 228.41387525597264 273 275 -1
275 -0.6637590575101721 -155.05170407914554 228.41685167290103 274 276 -1
276 -0.7558821861836058 -155.22332219943698 228.40700692328193 275 277 -1
277 -0.8471301743625705 -155.3944854780704 228.38650706112 276 278 -1
278 -0.9374285729024648 -155.5650850625271 228.35841049345603 277 279 -1
279 -1.0269080624064841 -155.7353575830576 228.32600023328897 278 280 -1
280 -1.1157740842382786 -155.905713643785 228.29235292833795 279 281 -1
281 -1.2042595004390204 -156.0766469333004 228.26070672580386 280 282 -1
282 -1.2925669927092058 -156.24857571352317 228.23447759917215 281 283 -1
283 -1.3807670232101439 -156.42167844418174 228.2172973420471 282 284 -1
284 -1.4687010455496388 -156.5956901384654 228.212803654074 283 285 -1
285 -1.5560083041760489 -156.76992996965961 228.22050056965648 284 286 -1
286 -1.642511922004307 -156.94406354988556 228.23607163124979 285 287 -1
287 -1.728276747022868 -157.1182410799927 228.25496592798717 286 288 -1
288 -1.813474824028026 -157.29283197757118 228.2725349297314 287 289 -1
289 -1.898236412781679 -157.46812538801555 228.2840197645361 288 290 -1
290 -1.9824941766016702 -157.64401138769767 228.28458793708518 289 291 -1
291 -2.0659611003250813 -157.8199090715991 228.27302543523578 290 292 -1
292 -2.1484810393743428 -157.9954924616877 228.25284422712068 291 293 -1
293 -2.2301202088215515 -158.17090040782085 228.22800495472333 292 294 -1
294 -2.3111249018955897 -158.34666765282762 228.20364373300802 293 295 -1
295 -2.391748893125341 -158.523364827722 228.1857593874979 294 296 -1
296 -2.471993032059421 -158.70102099574507 228.18063844495887 295 297 -1
297 -2.551356875787434 -158.87853750976907 228.1946043471803 296 298 -1
298 -2.6286797826204102 -159.05326873449107 228.23299682232482 297 299 -1
299 -2.702508618792089 -159.22178541266635 228.29737867265965 298 300 -1
300 -2.773546150996884 -159.38551084161156 228.37607908572105 299 301 -1
301 -2.8443324486800288 -159.55024895187617 228.4528310615713 300 302 -1
302 -2.917263195800173 -159.72167360536315 228.50988525520717 301 303 -1
303 -2.99243860480618 -159.90017032381883 228.52949897655355 302 304 -1
304 -3.06704375716644 -160.07903397758224 228.51019904471292 303 305 -1
305 -3.1388660227383207 -160.25274281811937 228.4588145473061 304 306 -1
306 -3.2071546265800106 -160.4191810000552 228.38370692460197 305 307 -1
307 -3.2720671338900655 -160.57845001946382 228.2917948455841 306 308 -1
308 -3.3340830233242245 -160.73150163522072 228.1880265519074 307 309 -1
309 -3.393828227954031 -160.87968324115704 228.07614735941246 308 310 -1
310 -3.4518703832865776 -161.02425447903448 227.95876837719035 309 311 -1
311 -3.508744345319541 -161.16643345488117 227.83793724411385 310 312 -1
312 -3.5650300419127525 -161.30757866953894 227.7156242968403 311 313 -1
313 -3.6213076818589647 -161.44906480189093 227.59370307407025 312 314 -1
314 -3.6781484164286935 -161.59225708886575 227.47406208640086 313 315 -1
315 -3.7361442319289115 -161.7385817227706 227.35886097377312 314 316 -1
316 -3.795922519454454 -161.88955373457108 227.25081197409338 315 317 -1
317 -3.8582298747231656 -162.0469812800731 227.15405029791663 316 318 -1
318 -3.923618982348415 -162.21216028017247 227.0737535239917 317 319 -1
319 -3.99243688455288 -162.38583485066474 227.01830068641996 318 320 -1
320 -4.06371837455379 -162.56540712065018 226.99278782190584 319 321 -1
321 -4.135810799455662 -162.74654464529937 226.99287596960062 320 322 -1
322 -4.207829285819326 -162.92687018541875 227.0110160490601 321 323 -1
323 -4.279676258762166 -163.10600169351673 227.03924314169032 322 324 -1
324 -4.351693313475974 -163.28465614887693 227.070007629727 323 325 -1
325 -4.424329580708678 -163.46380275016858 227.0959712871859 324 326 -1
326 -4.497838319133487 -163.64390713875667 227.10955325031222 325 327 -1
327 -4.57192278898771 -163.82408495006877 227.10292821500684 326 328 -1
328 -4.645407337941723 -164.00136545430252 227.06921977623907 327 329 -1
329 -4.716511186716338 -164.17144694024987 227.00606112955884 328 330 -1
330 -4.784449477048192 -164.33253122347654 226.9197650649672 329 331 -1
331 -4.849519810997072 -164.4854563937596 226.8177392200393 330 332 -1
332 -4.912270263640891 -164.63160427449162 226.70485376054452 331 333 -1
333 -4.973341357246044 -164.77256666712583 226.58466748926745 332 334 -1
334 -5.033292865219087 -164.90968419056148 226.45955772696644 333 335 -1
335 -5.092641851041241 -165.0441637226897 226.33132947151546 334 336 -1
336 -5.151870238555619 -165.17709598599754 226.20143971739486 335 337 -1
337 -5.211443192780509 -165.3094967834624 226.07116462272617 336 338 -1
338 -5.271831548536881 -165.4423552003066 225.94173506135823 337 339 -1
339 -5.333469729557724 -165.576539555985 225.81427945722157 338 340 -1
340 -5.396490480564799 -165.71223230503674 225.68911744000297 339 341 -1
341 -5.460902857107299 -165.8493418557091 225.56622841040382 340 342 -1
342 -5.526711227415077 -165.9877664951252 225.44557350761363 341 343 -1
343 -5.5939159132396155 -166.12739662770184 225.32709680730804 342 344 -1
344 -5.662513293747809 -166.26811582049817 225.2107252165953 343 345 -1
345 -5.732495936595506 -166.4098018781492 225.09636864853414 344 346 -1
346 -5.80385281913723 -166.55232795340365 224.98392056810852 345 347 -1
347 -5.876596324017314 -166.69557518005652 224.87329176267963 346 348 -1
348 -5.950682414351702 -166.83939413275743 224.7643078712799 347 349 -1
349 -6.026089357176122 -166.98364922894746 224.65681628565102 348 350 -1
350 -6.1027923246943026 -167.12820409648162 224.5506522267569 349 351 -1
351 -6.1807859569306425 -167.27292284631932 224.44565796448828 350 352 -1
352 -6.2600245312906315 -167.41766376150963 224.34163075701144 351 353 -1
353 -6.340465411558835 -167.56229087685153 224.23837071546248 352 354 -1
354 -6.42207264918256 -167.70667051736052 224.1356809331111 353 355 -1
355 -6.504831961177911 -167.85065908437312 224.03336468167558 354 356 -1
356 -6.588671286209208 -167.99413424612484 223.93120666385713 355 357 -1
357 -6.673544486166616 -168.13696986418546 223.82900618919228 356 358 -1
358 -6.759408091422928 -168.27903738803704 223.72656271454156 357 359 -1
359 -6.846218795566331 -168.4202039386183 223.6236730499307 358 360 -1
360 -6.9339042281127385 -168.5603677241527 223.52015636074177 359 361 -1
361 -7.0224573333276545 -168.69949590749914 223.4159831635273 360 362 -1
362 -7.112021966575805 -168.83779025608908 223.3115645232206 361 363 -1
363 -7.202795903588639 -168.9754931881496 223.20740903063222 362 364 -1
364 -7.294964927209564 -169.11285105405773 223.1040265422189 363 365 -1
365 -7.388713235979609 -169.25009728169772 223.00192476068622 364 366 -1
366 -7.484238999353904 -169.38745281541998 222.9016348126064 365 367 -1
367 -7.581745238712507 -169.5251291353011 222.80372008375807 366 368 -1
368 -7.6814828010223755 -169.66333917402906 222.70885447690043 367 369 -1
369 -7.783639493809286 -169.80226633477537 222.61768654769418 368 370 -1
370 -7.888408478025372 -169.94207129373928 222.5309363483035 369 371 -1
371 -7.996016726978343 -170.0829005028505 222.44948509642265 370 372 -1
372 -8.106663685765588 -170.22484811253227 222.37429443041728 371 373 -1
373 -8.220402961372928 -170.36789780972327 222.3061434990261 372 374 -1
374 -8.33739881011269 -170.51201773921744 222.2462758862377 373 375 -1
375 -8.457559040326856 -170.65702788496938 222.19553515643614 374 376 -1
376 -8.580860664835079 -170.80268495254504 222.15529255697848 375 377 -1
377 -8.707005788281004 -170.94859298960918 222.12638637453074 376 378 -1
378 -8.835708710202592 -171.09422889124198 222.11023714313328 377 379 -1
379 -8.966380193610378 -171.23896835366247 222.10730742090658 378 380 -1
380 -9.098470026142127 -171.3820457842819 222.11812882673468 379 381 -1
381 -9.231607489581688 -171.52290809993195 222.1398967629136 380 382 -1
382 -9.365853686003529 -171.66123230059605 222.16973881184148 381 383 -1
383 -9.501441811299623 -171.7970685537715 222.20456573079286 382 384 -1
384 -9.638852939491322 -171.93042472124222 222.24176694687094 383 385 -1
385 -9.778521577361252 -172.0615058756441 222.27864088518945 384 386 -1
386 -9.921056945461968 -172.19030374096738 222.31243695747918 385 387 -1
387 -10.06685297960424 -172.31681616484954 222.34040614423688 386 388 -1
388 -10.216318642293478 -172.44068954563605 222.35920676828263 387 389 -1
389 -10.369346261912062 -172.56139445147934 222.36596304646233 388 390 -1
390 -10.525633986070218 -172.67790699984928 222.36001690370696 389 391 -1
391 -10.68475981974119 -172.78947387243406 222.34357475347596 390 392 -1
392 -10.846598944282496 -172.89545601213786 222.3187128546394 391 393 -1
393 -11.011282132336166 -172.9951962670651 222.28748253293784 392 394 -1
394 -11.178981995884486 -173.0883523850807 222.2522267047087 393 395 -1
395 -11.35004165062733 -173.17442765525237 222.21515652154355 394 396 -1
396 -11.524893483328965 -173.2527671036078 222.1786411316269 395 397 -1
397 -11.703846657839003 -173.32274739006576 222.1451824567306 396 398 -1
398 -11.886748725778014 -173.384171699366 222.11666426193722 397 399 -1
399 -12.073152620672385 -173.43714054367527 222.09462172846997 398 400 -1
400 -12.262467090869224 -173.4818588894868 222.0805934330705 399 401 -1
401 -12.45393956488728 -173.51863815574276 222.07606192437012 400 402 -1
402 -12.646650173313503 -173.5479029141488 222.0823690577521 401 403 -1
403 -12.839530539751907 -173.5701937959059 222.10061925859097 402 404 -1
404 -13.031416177432915 -173.58616175054357 222.13157616124286 403 405 -1
405 -13.221409859360431 -173.59649321694522 222.17441880924153 404 406 -1
406 -13.409667852008008 -173.60203972317927 222.22514749640135 405 407 -1
407 -13.59683906061591 -173.6035254533057 222.28004116275002 406 408 -1
408 -13.783748732164355 -173.60151144386415 222.33581133075006 407 409 -1
409 -13.971273485217713 -173.59650868172344 222.389269615592 408 410 -1
410 -14.160157673727824 -173.5890014444669 222.43735051308377 409 411 -1
411 -14.350964302952736 -173.57936437380403 222.47659632177778 410 412 -1
412 -14.54377797319485 -173.5680588405136 222.50355187716144 411 413 -1
413 -14.73795939627662 -173.55544327713125 222.5165389546665 412 414 -1
414 -14.932508171690692 -173.5416393363901 222.51725233747652 413 415 -1
415 -15.126785937460543 -173.52676350904915 222.50837827689313 414 416 -1
416 -15.320545149005735 -173.5109059807127 222.4924627150972 415 417 -1
417 -15.513778839699087 -173.49410103631635 222.4717800576622 416 418 -1
418 -15.706670729637931 -173.4764190257354 222.4487501424403 417 419 -1
419 -15.899457568549394 -173.45787279229341 222.42551901823998 418 420 -1
420 -16.09238508179333 -173.43849305566772 222.40423452745057 419 421 -1
421 -16.285629689251557 -173.41830349896156 222.3869993353411 420 422 -1
422 -16.479238561597015 -173.397335370518 222.3759758398801 421 423 -1
423 -16.67305513278023 -173.37565311567877 222.37318117922987 422 424 -1
424 -16.866658141475423 -173.35333516472477 222.38082449021846 423 425 -1
425 -17.059335791209215 -173.33052113284108 222.40057112824536 424 426 -1
426 -17.250028063566518 -173.30737786424402 222.43421222133324 425 427 -1
427 -17.437494000968865 -173.284121576326 222.48262031601698 426 428 -1
428 -17.620541907081403 -173.26096544034084 222.54577715618964 427 429 -1
429 -17.799489616535702 -173.23792050971844 222.61988104011814 428 430 -1
430 -17.97624569527953 -173.2147977460681 222.69907951980124 429 431 -1
431 -18.152834620265757 -173.19136656393405 222.77856107741331 430 432 -1
432 -18.331265937341104 -173.16738264037005 222.85360860150533 431 433 -1
433 -18.5133483822436 -173.14261704213126 222.9189342022972 432 434 -1
434 -18.700413507526637 -173.11689132531282 222.96746740627313 433 435 -1
435 -18.89196102985558 -173.0902913151271 222.99138774381973 434 436 -1
436 -19.084718794864997 -173.06329035826985 222.98316020011032 435 437 -1
437 -19.274835239217925 -173.03646054812626 222.94916134736235 436 438 -1
438 -19.462718905492956 -173.0097858419509 222.90403852144794 437 439 -1
439 -19.65098105686519 -172.98292470324 222.8606871095357 438 440 -1
440 -19.841917146738563 -172.95557928271836 222.8324307442706 439 441 -1
441 -20.034675222815785 -172.92789970638793 222.83390832123652 440 442 -1
442 -20.222128214805945 -172.9009410340085 222.87850869427845 441 443 -1
443 -20.39837227274095 -172.87558518560434 222.9577916625078 442 444 -1
444 -20.56919927766643 -172.85102387528 223.04869724784228 443 445 -1
445 -20.74240537014485 -172.8261547288266 223.13484517351623 444 446 -1
446 -20.919960564917584 -172.8006897083657 223.21143704884204 445 447 -1
447 -21.101350016206844 -172.77468527323728 223.27824290527204 446 448 -1
448 -21.285899756598607 -172.74821745695942 223.3355371705055 447 449 -1
449 -21.47294090468871 -172.7213601960727 223.38388317660628 448 450 -1
450 -21.661911287556183 -172.6941693892125 223.42382599155465 449 451 -1
451 -21.852265767973794 -172.66669856868353 223.45633030924134 450 452 -1
452 -22.043564077103138 -172.63898623364594 223.482490814403 451 453 -1
453 -22.235480469131836 -172.61105117668748 223.50338071240114 452 454 -1
454 -22.42775402847435 -172.58290886528104 223.5203638809005 453 455 -1
455 -22.620217557196675 -172.5545522903527 223.53464344997315 454 456 -1
456 -22.81274246318097 -172.52598101557578 223.54761835549823 455 457 -1
457 -23.005230850641748 -172.4971753065715 223.56061644206065 456 458 -1
458 -23.1975867165517 -172.46813330236213 223.57496835302666 457 459 -1
459 -23.38967345736155 -172.43883913658723 223.59211566524095 458 460 -1
460 -23.58133229923436 -172.40930421125736 223.61317363331887 459 461 -1
461 -23.772422678477486 -172.3795135908748 223.63859021535504 460 462 -1
462 -23.96290654514004 -172.34946275382444 223.66795043112185 461 463 -1
463 -24.15272047589248 -172.3191264536097 223.70111261639923 462 464 -1
464 -24.341856844369794 -172.2884953155272 223.73770037713012 463 465 -1
465 -24.530285431364213 -172.25754257941904 223.77752792560338 464 466 -1
466 -24.718015996442983 -172.22625266885643 223.8202824324586 465 467 -1
467 -24.90505123671582 -172.194600312206 223.86573392404145 466 468 -1
468 -25.091407895818325 -172.16256106078188 223.9136368357584 467 469 -1
469 -25.277119793211423 -172.13011510725755 223.9637214010607 468 470 -1
470 -25.46220346874595 -172.0972252770483 224.0158030211236 469 471 -1
471 -25.646714964819964 -172.06387753142823 224.06959616769734 470 472 -1
472 -25.830682358281837 -172.03003075457778 224.12491998771893 471 473 -1
473 -26.014161276135475 -171.99566326521804 224.18153041799943 472 474 -1
474 -26.19720136725807 -171.960744756532 224.23921445156137 473 475 -1
475 -26.379848506431408 -171.92523304026645 224.29777553571705 474 476 -1
476 -26.56216795531906 -171.88911033600473 224.35698071452387 475 477 -1
477 -26.744229023643754 -171.85232236755698 224.4165702992486 476 478 -1
478 -26.92612820829675 -171.81483638074812 224.47621920971304 477 479 -1
479 -27.107957639088873 -171.77660971992825 224.53561001348916 478 480 -1
480 -27.2898096209254 -171.73758081111512 224.5944066506233 479 481 -1
481 -27.471771924375936 -171.6977246325371 224.65229955671526 480 482 -1
482 -27.65393488294638 -171.6569681381823 224.70891981481748 481 483 -1
483 -27.836374735190525 -171.6152810013036 224.76394756948937 482 484 -1
484 -28.019168188252873 -171.57260343086074 224.81700600366932 483 485 -1
485 -28.202380411478163 -171.52888510870673 224.86771929118032 484 486 -1
486 -28.38606188237746 -171.48408392152717 224.91571510488774 485 487 -1
487 -28.570258012811557 -171.43813842647285 224.9605502867619 486 488 -1
488 -28.754983546841974 -171.39101973958626 225.00184653461375 487 489 -1
489 -28.940246924985118 -171.34267009489272 225.03911017701543 488 490 -1
490 -29.126018229872887 -171.29306758171373 225.07192674615837 489 491 -1
491 -29.312247062927632 -171.2421779400949 225.09980278462626 490 492 -1
492 -29.498824121428697 -171.1899866991806 225.1224566326463 491 493 -1
493 -29.68550043591248 -171.13654046232983 225.141028665844 492 494 -1
494 -29.87204045742616 -171.0818419644837 225.1571878075212 493 495 -1
495 -30.05827687189587 -171.02594544683672 225.17274336918308 494 496 -1
496 -30.244044548701584 -170.96884193815512 225.18946418814357 495 497 -1
497 -30.42916480706536 -170.91058314296754 225.20909646931685 496 498 -1
498 -30.613382733942686 -170.85122674134686 225.23335102271324 497 499 -1
499 -30.79632368729542 -170.79087038134153 225.26393422524964 498 500 -1
500 -30.977526520082957 -170.72968973617014 225.30222615365318 499 501 -1
501 -31.15631513411194 -170.6678936674046 225.3497365284169 500 502 -1
502 -31.332183445572976 -170.6057199728992 225.40671900668966 501 503 -1
503 -31.505096728426743 -170.5431958001027 225.47181042667233 502 504 -1
504 -31.67534993727644 -170.4802543875331 225.54322038414128 503 505 -1
505 -31.843349578688073 -170.4167903055086 225.6193584545846 504 506 -1
506 -32.009497670929896 -170.3526534064372 225.69892517572504 505 507 -1
507 -32.17425271422618 -170.28767351942156 225.78067800581988 506 508 -1
508 -32.338094112116615 -170.22167908276288 225.86344934930682 507 509 -1
509 -32.50147543961952 -170.1544754609062 225.946157094274 508 510 -1
510 -32.66483975971166 -170.0858486744215 226.0277204718835 509 511 -1
511 -32.82844272102555 -170.01570838722407 226.10749818081572 510 512 -1
512 -32.99229500924193 -169.94417131938545 226.18550427041168 511 513 -1
513 -33.15639673489434 -169.87134339331837 226.26177253861624 512 514 -1
514 -33.32075460142631 -169.79731586616847 226.33631513362712 513 515 -1
515 -33.485374168016335 -169.72220284334537 226.4091754926245 514 516 -1
516 -33.650260959263676 -169.64612764999865 226.48041547651258 515 517 -1
517 -33.81542821765623 -169.56919493370984 226.55006751609267 516 518 -1
518 -33.98089463443189 -169.49150780456404 226.61815476298753 517 519 -1
519 -34.146670219604395 -169.41319677882396 226.68475919088877 518 520 -1
520 -34.312776424463976 -169.33437124130796 226.7499175206059 519 521 -1
521 -34.479239643234244 -169.25514359988202 226.81366186807236 520 522 -1
522 -34.64607494240087 -169.17564059172253 226.87607686580415 521 523 -1
523 -34.8133148446664 -169.09597794673138 226.93719209994765 522 524 -1
524 -34.98098493956088 -169.01627968523252 226.99706971949462 523 525 -1
525 -35.149108061127464 -168.9366684302577 227.05578157063684 524 526 -1
526 -35.31772931761014 -168.85727693205726 227.1133513895141 525 527 -1
527 -35.48686338457957 -168.77822588557754 227.16987588112158 526 528 -1
528 -35.65655717863468 -168.69965849077232 227.22538799248872 527 529 -1
529 -35.82682154752649 -168.62170630926258 227.28001331508446 528 530 -1
530 -35.9976583793102 -168.54453384486092 227.33395417038997 529 531 -1
531 -36.16905539085177 -168.46829714417368 227.38744672680014 530 532 -1
532 -36.34100450744883 -168.39316408997846 227.44072825829616 531 533 -1
533 -36.51349245628517 -168.3192991511184 227.49404093390476 532 534 -1
534 -36.686505210734936 -168.24687824012017 227.54763287440147 533 535 -1
535 -36.86001942671781 -168.17606584612935 227.60174996363375 534 536 -1
536 -37.03401322614987 -168.10705829338582 227.65665210523855 535 537 -1
537 -37.20844516125361 -168.0400050329682 227.7125753527227 536 538 -1
538 -37.38328119745024 -167.97513925923607 227.76980032016604 537 539 -1
539 -37.55845700786582 -167.91258230616748 227.8285357244244 538 540 -1
540 -37.73391651345004 -167.8525992247898 227.88908011964625 539 541 -1
541 -37.90957353067134 -167.7953055172855 227.95162162729582 540 542 -1
542 -38.08533896144211 -167.74093471431752 228.01642588816955 541 543 -1
543 -38.261104135099345 -167.68965016036486 228.08369757969268 542 544 -1
544 -38.4367485718331 -167.64161726923174 228.15363149872385 543 545 -1
545 -38.61213865097089 -167.5970259618207 228.22642341902838 544 546 -1
546 -38.78721612552504 -167.55568309237978 228.30184087231225 545 547 -1
547 -38.96197729021088 -167.51736214199912 228.37955516054782 546 548 -1
548 -39.136462172513774 -167.48165102976952 228.4591132830864 547 549 -1
549 -39.31071144086061 -167.44832711893 228.5402101441591 548 550 -1
550 -39.48479901032434 -167.41699125249517 228.62243995242255 549 551 -1
551 -39.65879873138265 -167.38741138554855 228.7055028118595 550 552 -1
552 -39.832800814962454 -167.3592213299022 228.78904321282062 551 553 -1
553 -40.00690267233481 -167.33217119630314 228.87275286772112 552 554 -1
554 -40.18119919066287 -167.30592977688298 228.9563148963933 553 555 -1
555 -40.3558008839149 -167.28022689757316 229.03940585272082 554 556 -1
556 -40.53080001254314 -167.25475940133828 229.1217294290814 555 557 -1
557 -40.70630878530263 -167.2292390813914 229.20294373088254 556 558 -1
558 -40.88241070921389 -167.20337902871944 229.2827537795569 557 559 -1
559 -41.05920796203141 -167.17687653211678 229.36079516328803 558 560 -1
560 -41.23676669528072 -167.1494515899382 229.43676030292355 559 561 -1
561 -41.41516748661487 -167.12078823072724 229.51025342386873 560 562 -1
562 -41.59452330218282 -167.09076673276482 229.5808187899792 561 563 -1
563 -41.7753393040451 -167.05997636720153 229.64719335068477 562 564 -1
564 -41.95812490739678 -167.02930241577639 229.7079800366696 563 565 -1
565 -42.14340563080212 -166.99972227800905 229.76126880394926 564 566 -1
566 -42.33139768731394 -166.97225435147215 229.80535610351092 565 567 -1
567 -42.52214372221485 -166.94808450973136 229.83801999189447 566 568 -1
568 -42.71525258744232 -166.9285419825639 229.85685958786684 567 569 -1
569 -42.90973607744689 -166.91488874866124 229.85983208947266 568 570 -1
570 -43.10404368692177 -166.90834189332196 229.84509777470754 569 571 -1
571 -43.296030771285366 -166.9100096135446 229.8111879401663 570 572 -1
572 -43.48341888963823 -166.92024249414817 229.75838121311884 571 573 -1
573 -43.6640900270545 -166.93906007832115 229.68756247947542 572 574 -1
574 -43.83660681542056 -166.96587092507468 229.6007436740127 573 575 -1
575 -44.0 -167.0 229.5 574 576 577
576 -44.080268584770835 -166.875181029225 229.61918902096778 575 578 -1
577 -44.12473660577933 -167.03156147329247 229.3826399332501 575 579 -1
578 -44.16119745498626 -166.75150175131057 229.73919388042415 576 580 -1
579 -44.24750962987764 -167.06229981646112 229.26295084022058 577 581 -1
580 -44.242794290333926 -166.6290579410455 229.86001060251965 578 582 -1
581 -44.3681775015598 -167.09222576662586 229.14093761265815 579 583 -1
582 -44.32505264252867 -166.50786508763775 229.98163734062837 580 584 -1
583 -44.486692100378804 -167.12132037412854 229.0166342470421 581 585 -1
584 -44.40796464195167 -166.3879363761511 230.10407062848077 582 586 -1
585 -44.60300855017232 -167.14956579414962 228.89007899236094 583 587 -1
586 -44.49152592918393 -166.26929235492693 230.22731149646597 584 588 -1
587 -44.717085472596466 -167.17694537172306 228.76131412237245 585 589 -1
588 -44.57572666594366 -166.1519432358359 230.35135431267398 586 590 -1
589 -44.82888198867094 -167.20344246777606 228.63038273027036 587 591 -1
590 -44.660561549590824 -166.0359088518564 230.47619927349527 588 592 -1
591 -44.938367874238075 -167.22904437914377 228.49733776546935 589 593 -1
592 -44.74602163791667 -165.9212021240194 230.60184215847806 590 594 -1
593 -45.045514507208715 -167.253738828647 228.36223276835327 591 595 -1
594 -44.83209802979432 -165.80783634653525 230.72827891091205 592 596 -1
595 -45.15029630331122 -167.2775145094783 228.22512305296212 593 597 -1
596 -44.918785172070784 -165.69583286463813 230.8555100100668 594 598 -1
597 -45.25269194724274 -167.3003615544703 228.0860664551034 595 599 -1
598 -45.00607038596167 -165.58519751287318 230.98352680635207 596 600 -1
599 -45.35268444471714 -167.32227155061113 227.94512298557856 597 601 -1
600 -45.09394734179811 -165.47595103259417 231.11232913282794 598 602 -1
601 -45.45026113886401 -167.34323754134013 227.80235447911738 599 603 -1
602 -45.18240618084436 -165.36810669657098 231.2419123824532 600 604 -1
603 -45.545413213641176 -167.3632538291751 227.65782390912244 601 605 -1
604 -45.2714353721948 -165.26167396125922 231.37226981191623 602 606 -1
605 -45.63813360018683 -167.3823151479738 227.51159373153388 603 607 -1
606 -45.36102598314293 -165.15666913219292 231.50339836332472 604 608 -1
607 -45.728425438026406 -167.4004199909107 227.3637313904432 605 609 -1
608 -45.451169106519075 -165.0531094706157 231.6352952877774 606 610 -1
609 -45.816293054758816 -167.41756707488662 227.21430267836305 607 611 -1
610 -45.54185171142685 -164.95100182659004 231.76795225654107 608 612 -1
611 -45.90174471564069 -167.4337564216718 227.0633735225746 609 613 -1
612 -45.63306296514327 -164.85035912739457 231.90136414423964 610 614 -1
613 -45.98479246492008 -167.4489893012489 226.91100969259537 611 615 -1
614 -45.72479170015428 -164.75119390533695 232.0355255461099 612 616 -1
615 -46.065451948410285 -167.46326816899824 226.75727652754017 613 617 -1
616 -45.81702799102096 -164.65352305204485 232.17043312730283 614 618 -1
617 -46.143742220564086 -167.4765965978456 226.6022386849424 615 619 -1
618 -45.90975846027394 -164.55735382627284 232.30607868392266 616 620 -1
619 -46.219685539285194 -167.48897920647838 226.4459599121247 617 621 -1
620 -46.00297070578656 -164.46269660122906 232.4424555843062 618 622 -1
621 -46.293307151623814 -167.50042158469628 226.28850284075733 619 623 -1
622 -46.096652335834676 -164.36956221269392 232.57955740000642 620 624 -1
623 -46.364635073359764 -167.51093021690974 226.12992880482645 621 625 -1
624 -46.1907906724274 -164.27796104453344 232.7173774629604 622 626 -1
625 -46.43369986528867 -167.52051240472792 225.9702976818608 623 627 -1
626 -46.28537276215949 -164.18790301927874 232.8559088745731 624 628 -1
627 -46.50053440880435 -167.52917618949982 225.80966775693673 625 629 -1
628 -46.380385387369806 -164.09939758948886 232.99514451511922 626 630 -1
629 -46.56517368312203 -167.53693027558268 225.6480956087016 627 631 -1
630 -46.47581507757411 -164.01245372991238 233.1350770534346 628 632 -1
631 -46.627654546227056 -167.5437839550215 225.48563601642508 629 633 -1
632 -46.5716481211401 -163.9270799304604 233.2756989568685 630 634 -1
633 -46.68801552136128 -167.5497470342291 225.3223418869031 631 635 -1
634 -46.66787057717173 -163.8432841900009 233.41700250146727 632 636 -1
635 -46.7462954211468 -167.55482926427914 225.1582637785993 633 637 -1
636 -46.76446828757037 -163.7610740109813 233.5589797823593 634 638 -1
637 -46.802537093682886 -167.55904194880273 224.99345131535935 635 639 -1
638 -46.86142688923897 -163.68045639488219 233.70162272431136 636 640 -1
639 -46.8567830330086 -167.56239610619676 224.82795156344176 637 641 -1
640 -46.95873182639701 -163.60143783850384 233.84492309242611 638 642 -1
641 -46.90907643933304 -167.56490292595245 224.66180952692662 639 643 -1
642 -47.05636836297299 -163.52402433108284 233.98887250295041 640 644 -1
643 -46.959461231794926 -167.5665737874007 224.49506822116413 641 645 -1
644 -47.15432159504194 -163.4482213522334 234.13346243416467 642 646 -1
645 -47.00798069735927 -167.56741967205005 224.32776834876537 643 647 -1
646 -47.25257646327628 -163.37403387070566 234.27868423732326 644 648 -1
647 -47.05467993468435 -167.56745225387078 224.1599491111337 645 649 -1
648 -47.351117765378476 -163.30146634395135 234.42452914761697 646 650 -1
649 -47.09960461582561 -167.5666833806585 223.9916478604051 647 651 -1
650 -47.44993016846474 -163.23052271848152 234.57098829512879 648 652 -1
651 -47.142800126193066 -167.5651246987681 223.8228999428089 649 653 -1
652 -47.54899822137059 -163.16120643100277 234.71805271575496 650 654 -1
653 -47.18431190731107 -167.56278781511733 223.65373888244946 651 655 -1
654 -47.648306366848864 -163.09352041031303 234.8657133620645 652 656 -1
655 -47.224185356144126 -167.55968426183327 223.48419643401857 653 657 -1
656 -47.747838953633185 -163.0274670799367 235.01396111407007 654 658 -1
657 -47.2624657348523 -167.55582546429133 223.31430263942448 655 659 -1
658 -47.84758024833976 -162.96304836147743 235.16278678988624 656 660 -1
659 -47.29919809054628 -167.5512227123874 223.1440858874309 657 661 -1
660 -47.94751452011909 -162.90026635304918 235.3121813867091 658 662 -1
661 -47.334427184568305 -167.54588713487266 222.97357297549152 659 663 -1
662 -48.04762624021625 -162.839125567622 235.46213682276525 660 664 -1
663 -47.36819743079415 -167.53982967656884 222.80278917305571 661 665 -1
664 -48.1478990222072 -162.77962246837578 235.61264240673626 662 666 -1
665 -47.40055169788597 -167.53306049339602 222.63175809838336 663 667 -1
666 -48.24831691012917 -162.72175699876053 235.7636888037252 664 668 -1
667 -47.431529294297846 -167.52558785803535 222.46050154417574 665 669 -1
668 -48.3488639227956 -162.66552862698387 235.91526666824558 666 670 -1
669 -47.46117864765929 -167.51742472420972 222.2890415129213 667 671 -1
670 -48.449524064240734 -162.61093635315038 236.06736665372887 668 672 -1
671 -47.489542376498164 -167.50858113547807 222.11739780840517 669 673 -1
672 -48.550281460575384 -162.5579812637281 236.21998020717166 670 674 -1
673 -47.516662559349534 -167.49906687406533 221.94558902365577 671 675 -1
674 -48.65112009803635 -162.5066627872555 236.373098374963 672 676 -1
675 -47.54258071590489 -167.48889145139984 221.77363260247296 673 677 -1
676 -48.752023771081376 -162.45697485742042 236.52671069720188 674 678 -1
677 -47.56733086537898 -167.47806012131352 221.60154418609548 675 679 -1
678 -48.852976517257375 -162.4089146664639 236.68080790678314 676 680 -1
679 -47.590959878052445 -167.46658537014773 221.4293399090565 677 681 -1
680 -48.95396240720761 -162.3624789815937 236.83538077938778 678 682 -1
681 -47.613508183995755 -167.45447620493428 221.2570341853406 679 683 -1
682 -49.054965558723964 -162.31766954128724 236.9904216654485 680 684 -1
683 -47.63501502329589 -167.44174099920608 221.08464044017234 681 685 -1
684 -49.15597000957227 -162.27447880146866 237.14592040196524 682 686 -1
685 -47.65551334180109 -167.42838421186502 220.9121708565046 683 687 -1
686 -49.256959956455276 -162.23290051945006 237.30186742214008 684 688 -1
687 -47.675045269054 -167.41441593955716 220.7396375663832 685 689 -1
688 -49.3579196796542 -162.19292984787344 237.45825374332685 686 690 -1
689 -47.69365037414235 -167.3998449082819 220.5670516855417 687 691 -1
690 -49.45883335271677 -162.15456622079378 237.61507169059092 688 692 -1
691 -47.71136501501924 -167.38467785720965 220.39442343169864 689 693 -1
692 -49.559685347847015 -162.1178024795423 237.77231197432877 690 694 -1
693 -47.72821966909782 -167.36891734929208 220.22176221853346 691 695 -1
694 -49.66046026480448 -162.0826296590452 237.92996505264014 692 696 -1
695 -47.74425740232013 -167.35257471376121 220.04907730635418 693 697 -1
696 -49.761142706681966 -162.0490414734709 238.08802229012426 694 698 -1
697 -47.7595136908118 -167.33565624116576 219.87637702231 695 699 -1
698 -49.86171690381264 -162.01703730767272 238.24647663120297 696 700 -1
699 -47.774018588783576 -167.3181639985255 219.70366913957577 697 701 -1
700 -49.962167833393 -161.98660621868424 238.40531860139635 698 702 -1
701 -47.787810213773525 -167.3001061364451 219.53096103259267 699 703 -1
702 -50.06248053464843 -161.95773898459294 238.56453938575115 700 704 -1
703 -47.80092463639425 -167.28148954047273 219.35825948376626 701 705 -1
704 -50.162639954107036 -161.93042868238174 238.7241309229487 702 706 -1
705 -47.81339224382011 -167.2623163136235 219.18557091281036 703 707 -1
706 -50.26263038790692 -161.90467435455415 238.8840866987383 704 708 -1
707 -47.82524746352336 -167.24259183201409 219.0129012939662 705 709 -1
708 -50.36243782146676 -161.88046039906257 239.04439696117745 706 710 -1
709 -47.83652621053855 -167.2223231278304 218.84025607423507 707 711 -1
710 -50.462047618541796 -161.8577784583727 239.2050538680291 708 712 -1
711 -47.847258702900085 -167.20151185196104 218.66764057191452 709 713 -1
712 -50.56144465072948 -161.8366240412972 239.36605060400458 710 714 -1
713 -47.857477569899 -167.1801617229248 218.4950597038929 711 715 -1
714 -50.66061443259028 -161.81698814008587 239.5273795037339 712 716 -1
715 -47.8672179047949 -167.1582793457835 218.32251782632292 713 717 -1
716 -50.759543262864824 -161.79885767600612 239.68903222226646 714 718 -1
717 -47.876509742713786 -167.13586572549306 218.15001939911747 715 719 -1
718 -50.85821700997459 -161.78222336481454 239.8510014390948 716 720 -1
719 -47.885384855522155 -167.11292345060616 217.97756853064763 717 721 -1
720 -50.956620148181905 -161.76708369015304 240.0132816002266 718 722 -1
721 -47.893877393419224 -167.0894584232922 217.8051687364769 719 723 -1
722 -51.05474018378783 -161.7534209255289 240.17586395679328 720 724 -1
723 -47.902017491604994 -167.0654710880619 217.63282382228167 721 725 -1
724 -51.152563383738254 -161.74122519076477 240.33874159380565 722 726 -1
725 -47.90983642099451 -167.04096286685703 217.46053732961985 723 727 -1
726 -51.25007524962439 -161.73049045172354 240.5019085166454 724 728 -1
727 -47.91736762428603 -167.01593896479707 217.28831215493912 725 729 -1
728 -51.34726224617596 -161.72120625216058 240.66535800287957 726 730 -1
729 -47.92464172062752 -166.99039962238834 217.11615159751994 727 731 -1
730 -51.44411186085726 -161.7133583874443 240.82908279316302 728 732 -1
731 -47.93168963490956 -166.96434450844205 216.94405892820865 729 733 -1
732 -51.54061086034875 -161.70693648826645 240.99307655169537 730 734 -1
733 -47.93854450240077 -166.93777840842898 216.77203659667455 731 735 -1
734 -51.63674414953529 -161.7019318037024 241.15733427820348 732 736 -1
735 -47.94523770844284 -166.91070198500967 216.6000874769539 733 737 -1
736 -51.73250035349315 -161.69828935860522 241.32184794796808 734 738 -1
737 -47.951800186582155 -166.88311201994975 216.42821496650632 735 739 -1
738 -51.82786668342904 -161.69595039637468 241.4866116326285 736 740 -1
739 -47.95826513082838 -166.85501342490116 216.25642117991188 737 741 -1
740 -51.92282989634616 -161.69485914110447 241.651620997401 738 742 -1
741 -47.96466454330097 -166.82640641909234 216.08470886445346 739 743 -1
742 -52.017378243739806 -161.6949564720092 241.81687202887517 740 744 -1
743 -47.97103069760437 -166.79728850830745 215.9130812077049 741 745 -1
744 -52.111501762727585 -161.69618017429306 241.98236093482703 742 746 -1
745 -47.97739337026533 -166.76766063505278 215.74154072228956 743 747 -1
746 -52.20518988332436 -161.6984714941514 242.1480854374218 744 748 -1
747 -47.98375930060159 -166.7375272318763 215.57008843876807 745 749 -1
748 -52.298430362525366 -161.70177621454096 242.31404515052205 746 750 -1
749 -47.990124932555304 -166.7068922249359 215.39872505666335 747 751 -1
750 -52.39121530610736 -161.70603125223406 242.48023838117624 748 752 -1
751 -47.99648657136332 -166.67575740919295 215.22745162845004 749 753 -1
752 -52.48353564021407 -161.71117761983928 242.64666500228142 750 754 -1
753 -48.00284049474951 -166.64412809570968 215.0562685443912 751 755 -1
754 -52.57538177401112 -161.71715799076208 242.81332597948102 752 756 -1
755 -48.00918298240953 -166.61200973383708 214.8851761200553 753 757 -1
756 -52.66674373721198 -161.72391582116242 242.98022321849376 754 758 -1
757 -48.01551026806713 -166.57940660627452 214.71417484474478 755 759 -1
758 -52.75761496522594 -161.7313898348593 243.14735768253274 756 760 -1
759 -48.02181854989749 -166.54632308203833 214.54326515549664 757 761 -1
760 -52.84798728502056 -161.73952210405545 243.31473177410572 758 762 -1
761 -48.028103847844754 -166.51276110287316 214.3724479290098 759 763 -1
762 -52.93785124695887 -161.74825637127344 243.48234908570316 760 764 -1
763 -48.03436239327101 -166.47872780848044 214.20172300025945 761 765 -1
764 -53.02719927883829 -161.75753416368897 243.65021283346087 762 766 -1
765 -48.040590288959514 -166.4442279205842 214.03109062680898 763 767 -1
766 -53.11602483437306 -161.76729651355387 243.81832620813742 764 768 -1
767 -48.04678359919187 -166.4092661381471 213.86055103339743 765 769 -1
768 -53.20432031218062 -161.7774858823888 243.98669330461547 766 770 -1
769 -48.052938355329594 -166.3738472416507 213.69010439146015 767 771 -1
770 -53.29207574296428 -161.78804618267776 244.15531969964712 768 772 -1
771 -48.059050556339145 -166.33797609212422 213.51975081903376 769 773 -1
772 -53.37928558194265 -161.79891825683893 244.32420913076203 770 774 -1
773 -48.065115991281296 -166.3016560791216 213.34949070745503 771 775 -1
774 -53.46594268613863 -161.8100444036977 244.4933663200792 772 776 -1
775 -48.07113073667812 -166.26489374679286 213.17932375414478 773 777 -1
776 -53.55203885948368 -161.8213673220307 244.66279666465522 774 778 -1
777 -48.07709071954412 -166.22769437146462 213.00924987817385 775 779 -1
778 -53.63756474210849 -161.8328295726455 244.83250624487508 776 780 -1
779 -48.08299181726397 -166.1900631210658 212.83926898389882 777 781 -1
780 -53.72251492244214 -161.84437278345837 245.00249924963487 778 782 -1
781 -48.08882987738281 -166.15200523926174 212.66938092254435 779 783 -1
782 -53.80688157454572 -161.85593928466412 245.17278102867556 780 784 -1
783 -48.09460071811396 -166.1135260444981 212.49958549236865 781 785 -1
784 -53.890654567181414 -161.86747095520988 245.3433580063838 782 786 -1
785 -48.10030012884338 -166.07463092905135 212.32988243887198 783 787 -1
786 -53.97382672651736 -161.87890950514407 245.51423500274186 784 788 -1
787 -48.10592387063096 -166.03532535808588 212.1602714550474 785 789 -1
788 -54.0563907765429 -161.89019686980805 245.6854166802189 786 790 -1
789 -48.11146767670845 -165.99561486871903 211.99075218167377 787 791 -1
790 -54.138337278423876 -161.90127434569075 245.85690852118958 788 792 -1
791 -48.11692725297424 -165.95550506909473 211.82132420765024 789 793 -1
792 -54.219655541870196 -161.91208219865442 246.0287163130076 790 794 -1
793 -48.122298239363246 -165.9150014741528 211.65198710840428 791 795 -1
794 -54.30033907616195 -161.92256249597227 246.20084333682465 792 796 -1
795 -48.12757624044194 -165.87410967164942 211.48274040878812 793 797 -1
796 -54.38037849505202 -161.93265613987504 246.37329387353176 794 798 -1
797 -48.13275698162263 -165.83283589927734 211.31358344645355 795 799 -1
798 -54.45976021938797 -161.94230079551218 246.5460737751462 796 800 -1
799 -48.13783606683547 -165.7911860350138 211.14451560755026 797 801 -1
800 -54.53847786510338 -161.9514389418728 246.7191846945489 798 802 -1
801 -48.14280907507177 -165.74916602343026 210.97553622868247 799 803 -1
802 -54.61652108847743 -161.96001057338742 246.89262961515735 800 804 -1
803 -48.14767156086094 -165.70678187483446 210.80664459748218 801 805 -1
804 -54.69387527245207 -161.9679515232612 247.0664128760385 802 806 -1
805 -48.15241905474494 -165.66403966442545 210.63783995322066 803 807 -1
806 -54.770532428594485 -161.9752036347959 247.2405347505843 804 808 -1
807 -48.15704706375082 -165.62094553146255 210.4691214874584 805 809 -1
808 -54.84648145137322 -161.98170625388022 247.41499619166478 806 810 -1
809 -48.16155107186115 -165.5775056784485 210.30048834473246 807 811 -1
810 -54.92170581142197 -161.98739256282224 247.5897997499349 808 812 -1
811 -48.16592654048316 -165.53372637032663 210.13193962328103 809 813 -1
812 -54.99619713983655 -161.99220505293235 247.7649430950309 810 814 -1
813 -48.17016890891643 -165.48961393369328 209.96347437580482 811 815 -1
814 -55.069941997361845 -161.99608084081365 247.94042521428224 812 816 -1
815 -48.17427359481979 -165.44517475602467 209.79509161026456 813 817 -1
816 -55.142923335370774 -161.9989522977886 248.11624548107088 814 818 -1
817 -48.178235994677635 -165.40041528491955 209.62679029071384 815 819 -1
818 -55.21513159187889 -162.00076205065926 248.29239872422968 816 820 -1
819 -48.182051484266246 -165.35534202735656 209.45856933816776 817 821 -1
820 -55.286549740253875 -162.00144306470793 248.46888170951988 818 822 -1
821 -48.185715327572105 -165.30996137278626 209.2904276772712 819 823 -1
822 -55.35716266288539 -162.00093120353674 248.64568894086943 820 824 -1
823 -48.18922279769468 -165.26427985681343 209.12236416966385 821 825 -1
824 -55.426957986063066 -161.99916719177918 248.8228124349415 822 826 -1
825 -48.19256932229075 -165.21830439436923 208.95437755256484 823 827 -1
826 -55.49591428226915 -161.99607826300527 249.0002460916246 824 828 -1
827 -48.19575019697348 -165.17204172740432 208.7864665831574 825 829 -1
828 -55.5640204008011 -161.99160852751137 249.17797839881155 826 830 -1
829 -48.19876069902855 -165.12549865371903 208.6186299804272 827 831 -1
830 -55.631257233899454 -161.98569018110294 249.35599907172048 828 832 -1
831 -48.201596087889584 -165.07868202631246 208.45086642623394 829 833 -1
832 -55.69760687696712 -161.97825803905823 249.53429558630845 830 834 -1
833 -48.204251605617266 -165.03159875274588 208.28317456641489 831 835 -1
834 -55.76305517538846 -161.9692544364559 249.71285257736872 832 836 -1
835 -48.20672247738217 -164.98425579452075 208.11555301191942 833 837 -1
836 -55.82757771093832 -161.9586046374981 249.8916556755236 834 838 -1
837 -48.20900391195231 -164.9366601664705 207.94800033997456 835 839 -1
838 -55.89116290872423 -161.9462578562548 250.07068522666873 836 840 -1
839 -48.21109110218596 -164.88881893616593 207.78051509528063 837 841 -1
840 -55.953787160659374 -161.9321428216448 250.24992263592912 838 842 -1
841 -48.21297922553027 -164.84073922333414 207.61309579123682 839 843 -1
842 -56.01543414251164 -161.91620279479997 250.42934566021486 840 844 -1
843 -48.21466344452645 -164.79242819928905 207.44574091119603 841 845 -1
844 -56.07608459696721 -161.8983770142121 250.60893073933997 842 846 -1
845 -48.21613827302599 -164.7438924420652 207.27844909191288 843 847 -1
846 -56.135716582190035 -161.87860093209534 250.78865259820762 844 848 -1
847 -48.217399341893454 -164.6951398064014 207.1112185989809 845 849 -1
848 -56.19431593887713 -161.85682647488127 250.9684830316396 846 850 -1
849 -48.21844184494789 -164.64617769904405 206.9440478099436 847 851 -1
850 -56.25185517361288 -161.8329812144833 251.14839304675118 848 852 -1
851 -48.21926088875996 -164.5970134961833 206.776935100049 849 853 -1
852 -56.3083227617103 -161.80702549990477 251.32835042357024 850 854 -1
853 -48.21985156768479 -164.54765462286952 206.60987882121626 851 855 -1
854 -56.36369452151828 -161.77889649616134 251.50832167411755 852 856 -1
855 -48.220208964422426 -164.4981085525059 206.4428773034594 853 857 -1
856 -56.417952947564906 -161.74854621091765 251.68827105904973 854 858 -1
857 -48.220328150590106 -164.4483828063485 206.27592885633652 855 859 -1
858 -56.47108141713122 -161.71593020653881 251.86816114822958 856 860 -1
859 -48.22020323863757 -164.3984843232628 206.109031960409 857 861 -1
860 -56.52305529882243 -161.68098966672193 252.047951953926 858 862 -1
861 -48.219830033176564 -164.34842130715282 205.94218471584185 859 863 -1
862 -56.573863744415654 -161.64369528930462 252.2276029039597 860 864 -1
863 -48.21920369641965 -164.2982015095963 205.77538535318484 861 865 -1
864 -56.623485924219764 -161.60400116030337 252.40707111332998 862 866 -1
865 -48.21831926038668 -164.2478326420083 205.60863211428625 863 867 -1
866 -56.671921952062654 -161.56194634659323 252.5863256973682 864 868 -1
867 -48.21717174912853 -164.19732246118204 205.44192322819487 865 869 -1
868 -56.719193484840694 -161.5176537094179 252.76535216645289 866 870 -1
869 -48.21575585508355 -164.14667861952796 205.27525696119815 867 871 -1
870 -56.765316075805885 -161.4712328071671 252.94413910287204 868 872 -1
871 -48.2140658179765 -164.0959086705739 205.108631621132 869 873 -1
872 -56.810311840177675 -161.42280212145747 253.12267999370133 870 874 -1
873 -48.21209765570433 -164.0450210122003 204.9420452466609 871 875 -1
874 -56.85420482250864 -161.37247968572453 253.30097216411312 872 876 -1
875 -48.20984636622671 -163.99402358130152 204.77549603111584 873 877 -1
876 -56.89701556407899 -161.32037422884872 253.47901526512317 874 878 -1
877 -48.207306943079224 -163.94292435769592 204.60898216328124 875 879 -1
878 -56.93876370567848 -161.2665906334797 253.65681159575902 876 880 -1
879 -48.20447384081706 -163.8917312096637 204.44250188607046 877 881 -1
880 -56.97947615627086 -161.21124236639886 253.834367811838 878 882 -1
881 -48.20134139449247 -163.84045208269708 204.2760534367655 879 883 -1
882 -57.01917566744848 -161.15443355106174 254.0116920445474 880 884 -1
883 -48.197905690557825 -163.78909543718737 204.10963487441853 881 885 -1
884 -57.05788455143093 -161.0962654603037 254.1887945708394 882 886 -1
885 -48.19416171193802 -163.73766942273497 203.94324438638608 883 887 -1
886 -57.09562293312485 -161.03683471037843 254.36568729174797 884 888 -1
887 -48.19010444122134 -163.68618222926213 203.77688016425526 885 889 -1
888 -57.13241721300317 -160.97624402612396 254.5423853472751 886 890 -1
889 -48.185727144187545 -163.63464184794628 203.6105405263294 887 891 -1
890 -57.16829000046877 -160.91458918691964 254.71890474348064 888 892 -1
891 -48.181026191929455 -163.5830568399491 203.4442235569691 889 893 -1
892 -57.2032637052982 -160.85196412774366 254.89526300404634 890 894 -1
893 -48.175996813225574 -163.53143555590933 203.27792745240993 891 895 -1
894 -57.23736048953527 -160.78846105496552 255.07147901754314 892 896 -1
895 -48.17063399795914 -163.47978634421926 203.11165043907656 893 897 -1
896 -57.270600289617356 -160.72416894771644 255.24757266084123 894 898 -1
897 -48.16493106553475 -163.42811753548983 202.9453908330524 895 899 -1
898 -57.30300618930477 -160.65917858954452 255.4235654266205 896 900 -1
899 -48.15888406743834 -163.37643768156414 202.77914682018795 897 901 -1
900 -57.334600018016104 -160.593578339204 255.59947958374215 898 902 -1
901 -48.152488542374144 -163.32475527415323 202.61291664556876 899 903 -1
902 -57.36540259380474 -160.52745479769544 255.77533817033466 900 904 -1
903 -48.14573950393896 -163.2730788097438 202.44669860067776 901 905 -1
904 -57.3954343547869 -160.460893558833 255.9511649833095 902 906 -1
905 -48.13862980576425 -163.22141695552452 202.28049105073111 903 907 -1
906 -57.42471534927244 -160.39397937001098 256.12698448271755 904 908 -1
907 -48.131156263961564 -163.1697782666581 202.11429226625773 905 909 -1
908 -57.453265230004725 -160.3267962967578 256.30282170215486 906 910 -1
909 -48.123314215671144 -163.11817133155148 201.94810059934673 907 911 -1
910 -57.48110227628091 -160.25942774583925 256.4787022612518 908 912 -1
911 -48.115098215793125 -163.06660484768798 201.78191444272866 909 913 -1
912 -57.50824562900448 -160.19195727577284 256.65465217096704 910 914 -1
913 -48.10650001800536 -163.01508775777106 201.61573230412446 911 915 -1
914 -57.53471452099921 -160.12446812710212 256.83069764935027 912 916 -1
915 -48.09750633469523 -162.96362847556924 201.44955319294087 913 917 -1
916 -57.560527016023386 -160.05704334824057 257.0068652182718 914 918 -1
917 -48.088098609519044 -162.91223568363117 201.28337643300355 915 919 -1
918 -57.58570080059906 -159.98976617424336 257.1831815802452 916 920 -1
919 -48.078256164482355 -162.860918514388 201.1172014861207 917 921 -1
920 -57.61025319392816 -159.92272020347923 257.35967354260265 918 922 -1
921 -48.06796111826212 -162.80968569984367 200.9510279401956 919 923 -1
922 -57.634201159271456 -159.85598957498738 257.53636794000846 920 924 -1
923 -48.05719602378447 -162.75854590345838 200.78485553312694 921 925 -1
924 -57.657560966810955 -159.78965944341317 257.71329171070886 922 926 -1
925 -48.04594152706413 -162.70750821600018 200.61868416233696 923 927 -1
926 -57.68034776718222 -159.72381449529433 257.8904712416903 924 928 -1
927 -48.03417667851857 -162.65658218228035 200.45251389062187 925 929 -1
928 -57.70257708271857 -159.65849927040347 258.0679174561205 926 930 -1
929 -48.02188583180621 -162.60577623742978 200.2863449392271 927 931 -1
930 -57.72426152777662 -159.5937268511577 258.24562985904333 928 932 -1
931 -48.00905047753766 -162.55509947940664 200.12017771025828 929 933 -1
932 -57.74541375895728 -159.52950935273412 258.4236075988131 930 934 -1
933 -47.995648328264984 -162.50456203100924 199.95401280758696 931 935 -1
934 -57.76604652470808 -159.4658589677429 258.6018498451219 932 936 -1
935 -47.98166387341886 -162.45417242774136 199.78785100032812 933 937 -1
936 -57.78617143812674 -159.40278943899585 258.7803564380283 934 938 -1
937 -47.967079333866145 -162.40393979359322 199.62169325852537 935 939 -1
938 -57.80580193854646 -159.3403126947221 258.9591263464461 936 940 -1
939 -47.9518735589382 -162.35387423625053 199.45554078631042 937 941 -1
940 -57.82495180254939 -159.2784403300317 259.13815838962546 938 942 -1
941 -47.936028809187626 -162.303985047085 199.28939497848006 939 943 -1
942 -57.843634153809234 -159.21718488156665 259.31745177828657 940 944 -1
943 -47.91952894459701 -162.25428111435818 199.1232574214953 941 945 -1
944 -57.861861860995454 -159.15655948378887 259.49700592656984 942 946 -1
945 -47.902354107172094 -162.20477244796663 198.95712997165057 943 947 -1
946 -57.879646895517226 -159.09657898172608 259.67682086374066 944 948 -1
947 -47.884484295818616 -162.15546922023498 198.79101473638661 945 949 -1
948 -57.897004407446644 -159.03725378659897 259.8568947819853 946 950 -1
949 -47.865905157213454 -162.1063799933204 198.62491395371487 947 951 -1
950 -57.91394790178506 -158.97859682281538 260.0372268548442 948 952 -1
951 -47.846598358424664 -162.05751457368254 198.4588301686627 949 953 -1
952 -57.93049023119236 -158.9206224577397 260.21781672871714 950 954 -1
953 -47.82654150345415 -162.00888415714658 198.2927663022257 951 955 -1
954 -57.946644581036 -158.86334500704825 260.39866392308164 952 956 -1
955 -47.805722235013455 -161.96049687188705 198.12672526170064 953 957 -1
956 -57.962426091207156 -158.8067754307115 260.57976666356336 954 958 -1
957 -47.784123247566896 -161.91236245112503 197.96071032740073 955 959 -1
958 -57.97784865859342 -158.75092708089923 260.76112399749405 956 960 -1
959 -47.76172198219746 -161.8644924722117 197.7947252589822 957 961 -1
960 -57.99292432327174 -158.69581783239565 260.9427364159463 958 962 -1
961 -47.73850583798455 -161.81689532520716 197.62877372309134 959 963 -1
962 -58.007669233290834 -158.64145715049 261.12460141266234 960 964 -1
963 -47.714458925217734 -161.76958053522614 197.46285975584644 961 965 -1
964 -58.02209760384261 -158.58785870324303 261.3067178643647 962 966 -1
965 -47.689560872263804 -161.72255926699296 197.29698789862925 963 967 -1
966 -58.036221983840136 -158.53504110452212 261.48908610590104 964 968 -1
967 -47.66379634232223 -161.67584106298895 197.13116274981275 965 969 -1
968 -58.05005855803688 -158.48301405998586 261.6717034813874 966 970 -1
969 -47.6371519787452 -161.6294348277166 196.9653890561642 967 971 -1
970 -58.06362170114947 -158.431792133457 261.854568801246 968 972 -1
971 -47.60961043648379 -161.58335095815823 196.79967207593046 969 973 -1
972 -58.07692484376156 -158.38139371814023 262.03768186605294 970 974 -1
973 -47.58115247165677 -161.53760067073833 196.63401752863732 971 975 -1
974 -58.08998430317091 -158.33182843128597 262.22103971064814 972 976 -1
975 -47.55176801332752 -161.49219192056202 196.46843079089888 973 977 -1
976 -58.10281407731765 -158.28311406695101 262.4046416518144 974 978 -1
977 -47.521442160489734 -161.44713448664922 196.30291783704655 975 979 -1
978 -58.115429349526046 -158.23526500700137 262.58848584011344 976 980 -1
979 -47.490155194150795 -161.40244008202328 196.13748537015275 977 981 -1
980 -58.12784581845691 -158.1882936867849 262.7725697579598 978 982 -1
981 -47.45789620740685 -161.35811719631502 195.9721396731944 979 983 -1
982 -58.14007759562518 -158.142220727987 262.95689291641014 980 984 -1
983 -47.424653047930605 -161.3141748414302 195.80688738612992 981 985 -1
984 -58.15214132873865 -158.0970549832183 263.1414515258191 982 986 -1
985 -47.390411818967195 -161.27062278155563 195.64173559826585 983 987 -1
986 -58.16405152887143 -158.0528174502961 263.32624477336014 984 988 -1
987 -47.355153457672365 -161.22747294427054 195.47669229164518 985 989 -1
988 -58.17582451444983 -158.00951935904334 263.5112691670632 986 990 -1
989 -47.31887160014128 -161.1847323203933 195.31176438897938 987 991 -1
990 -58.18747563364127 -157.96717921666956 263.6965228195367 988 992 -1
991 -47.28155398344096 -161.14241029205292 195.14695969875888 989 993 -1
992 -58.19902095322306 -157.9258112936185 263.8820026036801 990 994 -1
993 -47.24318860228947 -161.10051622473608 194.9822862947127 991 995 -1
994 -58.210476399537455 -157.88543221676738 264.0677057274961 992 996 -1
995 -47.20375948198087 -161.05906173082028 194.81775297591153 993 997 -1
996 -58.221858101500025 -157.84605799880592 264.25362902602245 994 998 -1
997 -47.16328818722781 -161.01805182225877 194.6533613482579 995 999 -1
998 -58.23318676952429 -157.8077011242752 264.4397681035925 996 1000 -1
999 -47.121811911392086 -160.97749262091955 194.48910843081094 997 1001 -1
1000 -58.244518089065025 -157.7703460640106 264.626110667927 998 1002 -1
1001 -47.079368253447925 -160.9373900207503 194.32499055731606 999 1003 -1
1002 -58.255925100409044 -157.73396365964166 264.8126409749153 1000 1004 -1
1003 -47.03599263454259 -160.8977506844566 194.1610038346939 1001 1005 -1
1004 -58.26748121560131 -157.69852241147606 264.99934323217144 1002 1006 -1
1005 -46.99172125062523 -160.85858067527394 193.99714375517195 1003 1007 -1
1006 -58.27926108688767 -157.66399364889563 265.1862024302425 1004 1008 -1
1007 -46.94659344624444 -160.81988395246407 193.83340488221427 1005 1009 -1
1008 -58.29133815841085 -157.63034263243088 265.3732027409398 1006 1010 -1
1009 -46.90064523421149 -160.78166580905895 193.6697817992232 1007 1011 -1
1010 -58.30378930591389 -157.59754222935183 265.560329610237 1008 1012 -1
1011 -46.85391223589343 -160.74393142205082 193.50626872244416 1009 1013 -1
1012 -58.316687105289155 -157.56555481929362 265.7475669309168 1010 1014 -1
1013 -46.8064296845516 -160.7066858646993 193.34285952668802 1011 1015 -1
1014 -58.33011029808918 -157.53435306635913 265.93489986584285 1012 1016 -1
1015 -46.75823048702247 -160.66993554211348 193.17954802941298 1013 1017 -1
1016 -58.3441316859667 -157.5038997233689 266.1223121126239 1014 1018 -1
1017 -46.70935058405663 -160.63368447666906 193.01632728414302 1015 1019 -1
1018 -58.358828743368534 -157.47416362370421 266.30978774544104 1016 1020 -1
1019 -46.65982491432467 -160.59793690615015 192.85319017060704 1017 1021 -1
1020 -58.374277532101736 -157.44511105589262 266.4973100872395 1018 1022 -1
1021 -46.60968720022769 -160.56269760249535 192.69012943823233 1019 1023 -1
1022 -58.39055147341961 -157.41670632102662 266.6848618669181 1020 1024 -1
1023 -46.55897081457318 -160.52797128974893 192.52713761057151 1021 1025 -1
1024 -58.40773176365393 -157.38891906274387 266.872425290425 1022 1026 -1
1025 -46.50770879156708 -160.4937626539076 192.36420700571784 1023 1027 -1
1026 -58.42588811709964 -157.36171112159863 267.059981672169 1024 1028 -1
1027 -46.455933838669694 -160.46007635236202 192.20132975594248 1025 1029 -1
1028 -58.4451001061526 -157.33505055746946 267.24751147259497 1026 1030 -1
1029 -46.403678349219234 -160.42691702293615 192.03849782659006 1027 1031 -1
1030 -58.46544142098411 -157.30890200544997 267.43499422691536 1028 1032 -1
1031 -46.35097336831239 -160.39429063926218 191.8757031069476 1029 1033 -1
1032 -58.48698403747523 -157.2832299593053 267.6224086091241 1030 1034 -1
1033 -46.29785187760855 -160.36220054002678 191.712937169525 1031 1035 -1
1034 -58.509808957299896 -157.25800220879438 267.8097314810867 1032 1036 -1
1035 -46.244345489337306 -160.33065124163886 191.55019158033218 1033 1037 -1
1036 -58.533981352372344 -157.2331813895886 267.9969396019161 1034 1038 -1
1037 -46.19048546312153 -160.29964738693286 191.38745781545296 1035 1039 -1
1038 -58.559579255002795 -157.20873454962666 268.18400735290413 1036 1040 -1
1039 -46.136302816937786 -160.2691936387249 191.2247272688943 1037 1041 -1
1040 -58.58667208317636 -157.18462649560666 268.3709084099017 1038 1042 -1
1041 -46.0818283426416 -160.23929468652798 191.06199126788215 1039 1043 -1
1042 -58.61532702322592 -157.16082225920164 268.5576153014804 1040 1044 -1
1043 -46.02709262173258 -160.2099552529024 190.89924108772388 1041 1045 -1
1044 -58.645621170585756 -157.13728888461753 268.74409756901065 1042 1046 -1
1045 -45.97212604130133 -160.18118009944217 190.7364679662843 1043 1047 -1
1046 -58.67761147657801 -157.11399065334857 268.9303258800209 1044 1048 -1
1047 -45.91695881010389 -160.15297403240456 190.57366311812126 1045 1049 -1
1048 -58.71137296930163 -157.09089491069747 269.1162664640872 1046 1050 -1
1049 -45.861620974711386 -160.12534190798306 190.41081774832776 1047 1051 -1
1050 -58.74696251140999 -157.0679672982025 269.30188660775383 1048 1052 -1
1051 -45.80614243568552 -160.09828863722768 190.24792306612653 1049 1053 -1
1052 -58.7844445049019 -157.04517490038978 269.48715052028007 1050 1054 -1
1053 -45.750552963732275 -160.0718191906129 190.08497029826287 1051 1055 -1
1054 -58.82387915716766 -157.02248490983246 269.6720211757693 1052 1056 -1
1055 -45.694882215787814 -160.0459386022545 189.92195070224057 1053 1057 -1
1056 -58.865319102914974 -156.99986486093874 269.85646122690724 1054 1058 -1
1057 -45.63915975099225 -160.02065197377448 189.758855579446 1055 1059 -1
1058 -58.90882500994012 -156.9772831004069 270.040429553401 1056 1060 -1
1059 -45.5834150495414 -159.99596473484365 189.59567624876402 1057 1061 -1
1060 -58.954439642593734 -156.95470835724433 270.2238872091804 1058 1062 -1
1061 -45.52767756742982 -159.9718822729437 189.43240410549961 1059 1063 -1
1062 -59.00221971372429 -156.9321100590097 270.4067898737803 1060 1064 -1
1063 -45.471976674334385 -159.94840948529966 189.26903072275115 1061 1065 -1
1064 -59.05220164856629 -156.90945853607246 270.5890964738201 1062 1066 -1
1065 -45.416341688914386 -159.92555177748426 189.10554770929284 1063 1067 -1
1066 -59.1044320794056 -156.88672463551464 270.7707613126952 1064 1068 -1
1067 -45.36080190935954 -159.90331463656761 188.94194678306212 1065 1069 -1
1068 -59.15894649628069 -156.8638802565615 270.9517399107723 1066 1070 -1
1069 -45.30538662776592 -159.88170363278869 188.77821978449325 1067 1071 -1
1070 -59.21577348146554 -156.84089850161857 271.13198824070685 1068 1072 -1
1071 -45.25012514409728 -159.86072442084077 188.61435869002185 1069 1073 -1
1072 -59.27495506051194 -156.81775226631507 271.31145607012354 1070 1074 -1
1073 -45.19504677968717 -159.84038274076042 188.45035562579517 1071 1075 -1
1074 -59.33650309973115 -156.79441731537634 271.4901015408033 1072 1076 -1
1075 -45.14018089023538 -159.82068441840997 188.28620288162017 1073 1077 -1
1076 -59.40044217173836 -156.77086934432407 271.66787715261756 1074 1078 -1
1077 -45.08555687825146 -159.80163536554088 188.12189292517974 1075 1079 -1
1078 -59.466797922936706 -156.74708449277023 271.84473319436245 1076 1080 -1
1079 -45.03120420489567 -159.783241579425 187.9574184165456 1077 1081 -1
1080 -59.53557261051404 -156.72304197465863 272.02062759303624 1078 1082 -1
1081 -44.977152401166585 -159.76550914203943 187.79277222301332 1079 1083 -1
1082 -59.60677536380143 -156.6987211822236 272.19551469352064 1080 1084 -1
1083 -44.92342987382575 -159.74844425806705 187.6279478218445 1081 1085 -1
1084 -59.68041093189662 -156.67410273070632 272.36934958106 1082 1086 -1
1085 -44.87005077894585 -159.73205365255976 187.46294351125638 1083 1087 -1
1086 -59.7564822836116 -156.64916813743324 272.5420870972833 1084 1088 -1
1087 -44.8170194888863 -159.71634432819408 187.29776088347475 1085 1089 -1
1088 -59.83498424281193 -156.62390068107104 272.71368494856677 1086 1090 -1
1089 -44.76434014973091 -159.70132321924382 187.13240171822127 1087 1091 -1
1090 -59.91590497930737 -156.59828533871615 272.88410355669635 1088 1092 -1
1091 -44.71201689332199 -159.6869971803136 186.9668679138542 1089 1093 -1
1092 -59.99923177518024 -156.57230798395085 273.05330352991524 1090 1094 -1
1093 -44.66005383511749 -159.67337298233963 186.801161487641 1091 1095 -1
1094 -60.084947777939476 -156.54595583274906 273.2212473949345 1092 1096 -1
1095 -44.60845507200031 -159.66045730855595 186.63528457591553 1093 1097 -1
1096 -60.173032130625955 -156.5192174472221 273.387899807791 1094 1098 -1
1097 -44.557224680041635 -159.64825675043105 186.46923943411664 1095 1099 -1
1098 -60.2634663813303 -156.49208163708695 273.55322408771025 1096 1100 -1
1099 -44.506366712220164 -159.63677780358032 186.30302843670407 1097 1101 -1
1100 -60.35621956520257 -156.46453999808938 273.7171909004102 1098 1102 -1
1101 -44.455885196099295 -159.6260268636593 186.1366540769486 1099 1103 -1
1102 -60.45125877252839 -156.43658522024518 273.87977282929603 1100 1104 -1
1103 -44.4057841314648 -159.61601022224292 185.97011896659322 1101 1105 -1
1104 -60.54854894280625 -156.40821109960982 274.0409446389951 1102 1106 -1
1105 -44.35606748792502 -159.60673406269788 185.80342583538214 1103 1107 -1
1106 -60.64806376663581 -156.37941037236143 274.20067614105585 1104 1108 -1
1107 -44.30673920247643 -159.5982044560521 185.63657753045456 1105 1109 -1
1108 -60.74975933371956 -156.35017974841804 274.3589493650719 1106 1110 -1
1109 -44.257803177037395 -159.59042735686918 185.46957701560103 1107 1111 -1
1110 -60.85359202080823 -156.3205166165844 274.5157477122453 1108 1112 -1
1111 -44.2092632759527 -159.58340859913358 185.30242737037966 1109 1113 -1
1112 -60.95953045483926 -156.29041641898746 274.67104705101775 1110 1114 -1
1113 -44.161123323472275 -159.57715389215244 185.13513178908974 1111 1115 -1
1114 -61.06752056247813 -156.25987991865313 274.8248408278781 1112 1116 -1
1115 -44.11338710120721 -159.5716688164819 184.96769357960147 1113 1117 -1
1116 -61.17752204185625 -156.2289055909395 274.9771141063975 1114 1118 -1
1117 -44.0660583455664 -159.5669588198837 184.80011616203947 1115 1119 -1
1118 -61.28949379662404 -156.19749257314038 275.12785376174565 1116 1120 -1
1119 -44.01914074517731 -159.56302921331994 184.63240306731913 1117 1121 -1
1120 -61.40338074698913 -156.1656437072707 275.2770593703306 1118 1122 -1
1121 -43.97263793829478 -159.55988516699233 184.4645579355345 1119 1123 -1
1122 -61.51913776316251 -156.13336017789027 275.42472457111495 1120 1124 -1
1123 -43.92655351020135 -159.55753170643354 184.296584514197 1121 1125 -1
1124 -61.63671875139335 -156.10064389006124 275.570845445175 1122 1126 -1
1125 -43.88089099060323 -159.55597370865783 184.12848665632458 1123 1127 -1
1126 -61.756079177184915 -156.06749685013733 275.71541839165036 1124 1128 -1
1127 -43.83565385102596 -159.55521589837872 183.96026831838117 1125 1129 -1
1128 -61.87716712546035 -156.03392336204286 275.8584481658543 1126 1130 -1
1129 -43.79084550221384 -159.5552628443 183.79193355806655 1127 1131 -1
1130 -62.0 -156.0 276.0 1128 1132 1133
1131 -43.746469291537494 -159.5561189554888 183.62348653195752 1129 1134 -1
1132 -62.123946179117745 -155.8201262099046 276.0305822595735 1130 1135 -1
1133 -61.90941820459408 -156.12751591210682 276.1566102300518 1130 1136 -1
1134 -43.70252850041392 -159.55778847783753 183.45493149300117 1131 1137 -1
1135 -62.25698999321715 -155.6484996954479 276.0692347484163 1132 1138 -1
1136 -61.820694363012585 -156.2560859189903 276.3136429083264 1133 1139 -1
1137 -43.65902634174336 -159.56027549062173 183.28627278786144 1134 1140 -1
1138 -62.399007892635545 -155.4864859121941 276.1164628147188 1135 1141 -1
1139 -61.733572879821125 -156.38541503006087 276.47094919797195 1136 1142 -1
1140 -43.61596595736775 -159.56358390316197 183.1175148541213 1137 1143 -1
1141 -62.54950878076648 -155.33532913790336 276.1725683348431 1138 1144 -1
1142 -61.64801610829378 -156.51548128160823 276.6285063742979 1139 1145 -1
1143 -43.57335087447198 -159.567718300785 182.9486621250601 1140 1146 -1
1144 -62.707622689720516 -155.1959715329726 276.2375778604878 1141 1147 -1
1145 -61.56398442214632 -156.64626283137557 276.7862920905637 1142 1148 -1
1146 -43.53118421713446 -159.5726824805229 182.77971920253998 1143 1149 -1
1147 -62.87216066355506 -155.06887825197987 276.3112186539125 1144 1150 -1
1148 -61.48143520303334 -156.7777375135741 276.9442842382846 1145 1151 -1
1149 -43.489468416135665 -159.5784789256347 182.61069088540276 1146 1152 -1
1150 -63.041740608935754 -154.95392595186235 276.3929497762956 1147 1153 -1
1151 -61.40031924290433 -156.9098811929067 277.10246055988085 1148 1154 -1
1152 -43.448206309535465 -159.58511084271623 182.44158194710002 1149 1155 -1
1153 -63.21494056519129 -154.8503875776179 276.4820378609399 1150 1156 -1
1154 -61.32059051882519 -157.04267234827293 277.260799924315 1151 1157 -1
1155 -43.40740065218063 -159.592581253548 182.27239723616447 1152 1158 -1
1156 -63.390433203465925 -154.75701076518516 276.577652233103 1153 1159 -1
1157 -61.242192687633384 -157.17608577890678 277.41928073202536 1154 1160 -1
1158 -43.36705411338288 -159.60089299251504 182.10314167260518 1155 1161 -1
1159 -63.56706892720244 -154.6721502035187 276.67894902363685 1156 1162 -1
1160 -61.165074193243235 -157.31009967319252 277.57788262002003 1157 1163 -1
1161 -43.327169274650686 -159.61004870417867 181.93382024418108 1158 1164 -1
1162 -63.74390204853121 -154.59391094957016 276.7851282934904 1159 1165 -1
1163 -61.08917380424208 -157.44468883068063 277.73658500894254 1160 1166 -1
1164 -43.28774862747942 -159.62005084100576 181.76443800255674 1161 1167 -1
1165 -63.920172389921845 -154.520267414288 276.89545854453377 1162 1168 -1
1166 -61.01443162404842 -157.57982981551368 277.89536817821534 1163 1169 -1
1167 -43.24879457120453 -159.63090166126239 181.59500005934632 1164 1170 -1
1168 -64.09526166255492 -154.4491490073576 277.009276023105 1165 1171 -1
1169 -60.94078522884717 -157.7154991479768 278.05421284704295 1166 1172 -1
1170 -43.210309870700016 -159.64260405916576 181.42551153787815 1167 1173 -1
1171 -64.26864004952658 -154.37849514015002 277.1259669314251 1168 1174 -1
1172 -60.86816722957236 -157.8516720789843 278.2131001033259 1169 1175 -1
1173 -43.17229792050761 -159.65516203276005 181.25597757393388 1170 1176 -1
1174 -64.43981322863844 -154.3062905548812 277.24493993345214 1171 1177 -1
1175 -60.79650948616675 -157.98832458340317 278.3720116369157 1172 1178 -1
1176 -43.13475934402195 -159.66857454592332 181.08640360036676 1173 1179 -1
1177 -64.60827525740024 -154.23059375622194 277.36559526075183 1174 1180 -1
1178 -60.725741494216024 -158.12543254989393 278.53092961789366 1175 1181 -1
1179 -43.09769615758415 -159.68284307044516 180.91679493222424 1176 1182 -1
1180 -64.77347138871308 -154.14956985879212 277.48729473508 1177 1183 -1
1181 -60.65579087680226 -158.26297199148405 278.68983667564765 1178 1184 -1
1182 -43.0611102757435 -159.6979688759192 180.74715692349906 1179 1185 -1
1183 -64.93477416739802 -154.06153554692017 277.6093378583267 1180 1186 -1
1184 -60.586582425673306 -158.4009184717636 278.8487159048668 1181 1187 -1
1185 -43.02500350957153 -159.71395302871136 180.57749496262758 1182 1188 -1
1186 -65.09147744526842 -153.96501931545575 277.7309492347297 1183 1189 -1
1187 -60.518039160893636 -158.53924756992214 279.0075508567814 1184 1190 -1
1188 -42.98937874465525 -159.7307984935066 180.4078144362004 1185 1191 -1
1189 -65.24281281358039 -153.85883350136118 277.8512832251432 1186 1192 -1
1190 -60.45008251794269 -158.67793491984617 279.1663254869686 1187 1193 -1
1191 -42.95423825624611 -159.74850711245335 180.2381208194359 1188 1194 -1
1192 -65.38798954566585 -153.7421448755892 277.96944975918825 1189 1195 -1
1193 -60.38263224993707 -158.81695607389912 279.3250241248354 1190 1196 -1
1194 -42.91958187378368 -159.76707636511608 180.06841964756651 1191 1197 -1
1195 -65.52625504099002 -153.61452719338968 278.0845609273812 1192 1198 -1
1196 -60.315606570164576 -158.9562864874156 279.4836314343934 1193 1199 -1
1197 -42.8854109850893 -159.78650650573218 179.89871640732252 1194 1200 -1
1198 -65.65696270936441 -153.47597435943243 278.19579024414577 1195 1201 -1
1199 -60.24892229625843 -159.09590149836805 279.642132370019 1196 1202 -1
1200 -42.85172686747793 -159.80679758295554 179.72901659675617 1197 1203 -1
1201 -65.77963497915243 -153.32686996961195 278.30243323717303 1198 1204 -1
1202 -60.18249499606779 -159.23577630264427 279.8005121277384 1199 1205 -1
1203 -42.81853414799407 -159.8279555296878 179.55932582472013 1200 1206 -1
1204 -65.89399961034063 -153.1679081578444 278.40395144779797 1201 1207 -1
1205 -60.11623913535851 -159.37588592541883 279.9587560926013 1202 1208 -1
1206 -42.7858309156033 -159.84997473378388 179.389649595407 1203 1209 -1
1207 -66.0 -153.0 278.5 1204 1210 1211
1208 -60.050068227535924 -159.5162051902301 280.1168497817624 1205 1212 -1
1209 -42.75361783510709 -159.87285414084153 179.21999341460184 1206 1213 -1
1210 -65.99580509462015 -153.05856649150348 278.6718310321668 1207 1214 -1
1211 -66.10152554776192 -152.83764612044448 278.5616843154201 1207 1215 -1
1212 -59.98389492600852 -159.65670878465983 280.2747786712657 1208 1216 -1
1213 -42.72189659565248 -159.8965944855342 179.05036283991885 1209 1217 -1
1214 -65.99461086124693 -153.11766497291077 278.84370859155166 1210 1218 -1
1215 -66.20063498205224 -152.67441347350217 278.62498475022886 1211 1219 -1
1216 -59.91763122789437 -159.79737089182925 280.4325284504285 1212 1220 -1
1217 -42.690670742143915 -159.9211997143387 178.88076360451197 1213 1221 -1
1218 -65.9963711971985 -153.17732011416618 279.0153887464327 1214 1222 -1
1219 -66.29738320211226 -152.51045197828873 278.69003044025527 1215 1223 -1
1220 -59.85118869384934 -159.93816550078378 280.5900846755756 1216 1224 -1
1221 -42.65993742705383 -159.9466626193081 178.7112010117892 1217 1225 -1
1222 -66.00116623151533 -153.23752418483278 279.18681901200716 1218 1226 -1
1223 -66.39179553030509 -152.34581560966194 278.7567816222409 1219 1227 -1
1224 -59.7844785614966 -160.0790662486821 280.7474327919981 1220 1228 -1
1225 -42.62969713998442 -159.97298183690978 178.54168052158712 1221 1229 -1
1226 -66.00908259087736 -153.29826879973203 279.3579424586093 1222 1230 -1
1227 -66.48385319642087 -152.18054448224228 278.82523154772406 1223 1231 -1
1228 -59.71741191016499 -160.22004638106768 280.9045580709519 1224 1232 -1
1229 -42.59995525208173 -160.00016443857572 178.37220810718102 1225 1233 -1
1230 -66.0202052907896 -153.35954331475293 279.5286980914839 1226 1234 -1
1231 -66.5735782525978 -152.0146887665637 278.89534476048095 1227 1235 -1
1232 -59.649899829674304 -160.36107871269104 281.0614455473261 1228 1236 -1
1233 -42.57070746787003 -160.0282007502588 178.2027887995589 1229 1237 -1
1234 -66.0346225440975 -153.42133552095035 279.6990200890887 1230 1238 -1
1235 -66.66096307060926 -151.84829004200077 278.9671078085413 1231 1239 -1
1236 -59.58185348533216 -160.5021355890309 281.2180799120295 1232 1240 -1
1237 -42.54195423197628 -160.05708933362317 178.03342801853933 1233 1241 -1
1238 -66.05241417845662 -153.4836297849228 279.86883924778084 1234 1242 -1
1239 -66.74602815120244 -151.68139533686002 279.0404882154206 1235 1243 -1
1240 -59.513184007032734 -160.6431888163356 281.37444535387783 1236 1244 -1
1241 -42.513700476066774 -160.08683644188739 177.86413180622978 1237 1245 -1
1242 -66.07366548804002 -153.54640911313652 280.03808093129885 1238 1246 -1
1243 -66.82877523536641 -151.5140464762278 279.1154674427772 1239 1247 -1
1244 -59.443804014508764 -160.7842096773094 281.53052604876655 1240 1248 -1
1245 -42.48594099092884 -160.11743090910667 177.69490485782282 1241 1249 -1
1246 -66.09845341600415 -153.60965309566072 280.2066671403776 1242 1250 -1
1247 -66.90922383726834 -151.34628761139408 279.19201553398415 1243 1251 -1
1248 -59.37362643128759 -160.92516890909292 281.6863055042241 1244 1252 -1
1249 -42.458678637419965 -160.14887543438485 177.52575291848507 1245 1253 -1
1250 -66.12685567113598 -153.6733391677671 280.37451497294904 1246 1254 -1
1251 -66.98738430389213 -151.1781600256015 279.27010966195456 1247 1255 -1
1252 -59.30256511057327 -161.06603665920514 281.8417667166927 1248 1256 -1
1253 -42.43191360398488 -160.18116812484232 177.35668137657782 1249 1257 -1
1254 -66.1589447268603 -153.7374417931377 280.54153769968696 1250 1258 -1
1255 -67.06327469175667 -151.00970505211353 279.3497226429136 1251 1259 -1
1256 -59.2305459099164 -161.20678499077104 281.9968949097491 1252 1260 -1
1257 -42.405642741430114 -160.21430143078405 177.18769498781515 1253 1261 -1
1258 -66.1947871400058 -153.8019324691794 280.70764511754334 1254 1262 -1
1259 -67.13691409857068 -150.84096290314966 279.430827476292 1255 1263 -1
1260 -59.15754730395926 -161.34739753748528 282.15168809132547 1256 1264 -1
1261 -42.37987150587531 -160.24828242443422 177.01880002282127 1257 1265 -1
1262 -66.23445161529881 -153.86678049563147 280.87274148317505 1258 1266 -1
1263 -67.208317758539 -150.67197210439613 279.51340056814803 1259 1267 -1
1264 -59.083563333211146 -161.48786141922102 282.30614806233973 1260 1268 -1
1265 -42.354592977134466 -160.28309719900145 176.8500004346192 1261 1269 -1
1266 -66.27798737273339 -153.93195106107086 281.0367315070977 1262 1270 -1
1267 -67.2775144499215 -150.50277138131833 279.59741031011527 1263 1271 -1
1268 -59.0085895235349 -161.6281639553403 282.46027702524776 1264 1272 -1
1269 -42.32981294688682 -160.31875337454866 176.68130259359873 1265 1273 -1
1270 -66.32544854543562 -153.99740754313297 281.1995139913161 1266 1274 -1
1271 -67.34451448342425 -150.33339653815148 279.68283794065445 1267 1275 -1
1272 -58.93262095303363 -161.76829238193784 282.6140769275507 1268 1276 -1
1273 -42.3055253616438 -160.35523858333744 176.51271043347558 1269 1277 -1
1274 -66.37687690662219 -154.0631101062725 281.36098690244796 1270 1278 -1
1275 -67.40935789659227 -150.16388439520458 279.769646383892 1271 1279 -1
1276 -58.85565296384417 -161.9082339563436 282.767549703073 1272 1280 -1
1277 -42.28173451716686 -160.3925579016887 176.34423005231554 1273 1281 -1
1278 -66.43230439233561 -154.12901620662072 281.5210473322475 1274 1282 -1
1279 -67.47204740229022 -149.99426828912908 279.85782325438015 1275 1283 -1
1280 -58.777681166197446 -162.0479759635572 282.9206972713278 1276 1284 -1
1281 -42.25843507865426 -160.43070024471638 176.17586535114714 1277 1285 -1
1282 -66.49175688766996 -154.19508096725636 281.6795906155252 1278 1286 -1
1283 -67.53263511275394 -149.82458260290912 279.9473256314055 1279 1287 -1
1284 -58.698701442277226 -162.187505722786 283.07352153695496 1280 1288 -1
1285 -42.2356311662432 -160.4696703783832 176.0076224143562 1281 1289 -1
1286 -66.55524996848155 -154.26125716048497 281.836512330617 1282 1290 -1
1287 -67.59111686777761 -149.65485875845283 280.0381468562036 1283 1291 -1
1288 -58.61870994986723 -162.32681059408122 283.22602438923144 1284 1292 -1
1289 -42.213316245482154 -160.50945529083666 175.83950465275444 1285 1293 -1
1290 -66.62278483834325 -154.3274954952038 281.9917108443798 1286 1294 -1
1291 -67.6475482152534 -149.4851281309618 280.13024364110373 1287 1295 -1
1292 -58.53770312577734 -162.46587798506442 283.378207701655 1288 1296 -1
1293 -42.191496228357934 -160.55006271729647 175.67151863837827 1289 1297 -1
1294 -66.69435964402803 -154.39374507726632 282.1450831737467 1290 1298 -1
1295 -67.70193788858201 -149.31542051943097 280.2236026603184 1291 1299 -1
1296 -58.45567768903943 -162.60469535773672 283.53007333160025 1292 1300 -1
1297 -42.170163247214 -160.59147750898694 175.503667228843 1293 1301 -1
1298 -66.76995340034149 -154.45995364792586 282.29653293289607 1294 1302 -1
1299 -67.7543241297858 -149.14576448043243 280.3181930269221 1295 1303 -1
1300 -58.372630519256006 -162.74325020192273 283.68162308184793 1296 1304 -1
1301 -42.14932145341337 -160.63370447262275 175.33595652388328 1297 1305 -1
1302 -66.84954497314851 -154.52606781101994 282.4459622157764 1298 1306 -1
1303 -67.80473713947946 -148.97618737576173 280.41398958998826 1299 1307 -1
1304 -58.28855897411112 -162.881530123202 283.8328587976545 1300 1308 -1
1305 -42.128966618708816 -160.67673456208092 175.16839021196054 1301 1309 -1
1306 -66.93309164732187 -154.59203380959926 282.59328308333085 1302 1310 -1
1307 -67.85319431576993 -148.80671624715976 280.5109756703727 1303 1311 -1
1308 -58.20346078595258 -163.01952282991218 283.98378233229437 1304 1312 -1
1309 -42.10909704328442 -160.72056294808147 175.00097261560495 1305 1313 -1
1310 -67.02054569497041 -154.65779763315362 282.7384102982004 1306 1314 -1
1311 -67.89974452947784 -148.6373751797324 280.6091161666468 1307 1315 -1
1312 -58.11733383508499 -163.1572160757356 284.1343954775806 1308 1316 -1
1313 -42.08971544038023 -160.7651920542255 174.83370942252034 1309 1317 -1
1314 -67.11184899191142 -154.72330551767308 282.881264894177 1310 1318 -1
1315 -67.94439784987557 -148.46818987494552 280.7084001294295 1311 1319 -1
1316 -58.03017629623211 -163.2945977039359 284.2847000085685 1312 1320 -1
1317 -42.070815462590886 -160.81060946415997 174.6666033836203 1313 1321 -1
1318 -67.20693362470531 -154.78850437832787 283.02177485519996 1314 1322 -1
1319 -67.98719847797038 -148.29918235460633 280.8087966484789 1315 1323 -1
1320 -57.94198664016627 -163.431655654476 284.43469768363923 1316 1324 -1
1321 -42.05239768611489 -160.85681413902986 174.49965939784735 1317 1325 -1
1322 -67.30572265701522 -154.85334221846807 283.1598756595591 1318 1326 -1
1323 -68.02817901538023 -148.13037434240638 280.91028246398207 1319 1327 -1
1324 -57.85276339220849 -163.5683778895574 284.58439017342016 1320 1328 -1
1325 -42.03446248778964 -160.90380470639792 174.33288231298857 1321 1329 -1
1326 -67.40813098477307 -154.91776850834003 283.295510706699 1322 1330 -1
1327 -68.06735279022426 -147.96178908959226 281.01284639667085 1323 1331 -1
1328 -57.76250566387165 -163.70475257139074 284.7337792178914 1324 1332 -1
1329 -42.017004689836426 -160.95157078326565 174.16627496872803 1325 1333 -1
1330 -67.51406625874297 -154.98173452699527 283.4286316222479 1326 1334 -1
1331 -68.10477023517733 -147.7934442646105 281.11645571050036 1327 1335 -1
1332 -57.67121289675794 -163.84076799339343 284.8828665494976 1328 1336 -1
1333 -42.0 -161.0 174.0 1329 -1 -1
1334 -67.6234298524606 -155.045193662313 283.5591984406558 1330 1337 -1
1335 -68.1404556981832 -147.62535983311125 281.22109378791396 1331 1338 -1
1336 -57.57888475137087 -163.9764125477638 285.0316538611206 1332 1339 -1
1337 -67.73611785377865 -155.10810166559406 283.6871796683638 1334 1340 -1
1338 -68.174431063237 -147.4575556188481 281.3267459777257 1335 1341 -1
1339 -57.48552118812136 -164.11167475883522 285.1801428303521 1336 1342 -1
1340 -67.85202205927955 -155.1704168587284 283.81255223358164 1337 1343 -1
1341 -68.20674122993665 -147.29004666955785 281.43338450261086 1338 1344 -1
1342 -57.3911224671796 -164.2465432901321 285.3283351199528 1339 1345 -1
1343 -67.97103095250242 -155.2321002934179 283.93530133141206 1340 1346 -1
1344 -68.23741254048113 -147.12285021228442 281.54099308133414 1341 1347 -1
1345 -57.29568914801364 -164.38100695137405 285.4762323783667 1342 1348 -1
1346 -68.09303168143822 -155.29311561163084 284.055419231186 1343 1349 -1
1347 -68.26646486342756 -146.9559842630451 281.64955973010666 1344 1350 -1
1348 -57.19922208861356 -164.5150547054157 285.6238362402883 1345 1351 -1
1349 -68.21790766142526 -155.35342987644128 284.1729078933331 1346 1352 -1
1350 -68.29394239194107 -146.7894609915425 281.75905852513375 1347 1353 -1
1351 -57.10172131113402 -164.64867519407966 285.7711480084016 1348 1354 -1
1352 -68.34554276492275 -155.41301287556536 284.2877756683155 1349 1355 -1
1353 -68.31987460937957 -146.62329464221656 281.8694726756685 1350 1356 -1
1354 -57.00318899650096 -164.78185798679266 285.9181694999806 1351 1357 -1
1355 -68.47582112407129 -155.4718372936815 284.4000376419735 1352 1358 -1
1356 -68.3442787732008 -146.4575018796316 281.9807930622071 1353 1359 -1
1357 -56.90362713457683 -164.9145926421155 286.0649023814548 1354 1360 -1
1358 -68.60862772145056 -155.52987868750665 284.5097152325785 1355 1361 -1
1359 -68.36719406511163 -146.29209335447322 282.0929979659234 1356 1362 -1
1360 -56.80303775945013 -165.0468687959021 286.2113482380978 1357 1363 -1
1361 -68.74384900834951 -155.587115407998 284.6168356674538 1358 1364 -1
1362 -68.38865216381237 -146.12708063947576 282.20607047939734 1359 1365 -1
1363 -56.70142131575402 -165.17867538996467 286.3575081232084 1360 1366 -1
1364 -68.88137344442472 -155.64352849781977 284.7214314433685 1361 1367 -1
1365 -68.40868152435021 -145.96247545162004 282.31999596649507 1362 1368 -1
1366 -56.598781985427834 -165.31000312889987 286.5033840413937 1363 1369 -1
1367 -69.02109258946075 -155.6991013108853 284.8235390431303 1364 1370 -1
1368 -68.42729851441194 -145.7982926447635 282.43476739888405 1365 1371 -1
1369 -56.4951227590818 -165.4408422621623 286.6489775759791 1366 1372 -1
1370 -69.16290058949849 -155.7538196807287 284.92319936267046 1367 1373 -1
1371 -68.44454398151899 -145.6345391134771 282.5503634168916 1368 1374 -1
1372 -56.39044435456959 -165.57118196769775 286.7942895983546 1369 1375 -1
1373 -69.306693695833 -155.80767217275093 285.0204582266695 1370 1376 -1
1374 -68.46044560335015 -145.47122493169684 282.6667708373019 1371 1377 -1
1375 -56.28475253681882 -165.70101396771057 286.93932229016843 1372 1378 -1
1376 -69.45237225182497 -155.860649219866 285.1153638450715 1373 1379 -1
1377 -68.47503074933343 -145.30835969845154 282.78397696052156 1374 1380 -1
1378 -56.17804924692155 -165.83032815941732 287.0840766964278 1375 1381 -1
1379 -69.59984191838322 -155.91274232067383 285.2079648185258 1376 1382 -1
1380 -68.48832039485951 -145.14595480960642 282.9019732911509 1377 1383 -1
1381 -56.07033895605362 -165.95911578849353 287.2285544797879 1378 1384 -1
1382 -69.74900981849262 -155.96394581901973 285.2983147838262 1379 1385 -1
1383 -68.50034426820768 -144.9840180984351 283.02074629156544 1380 1386 -1
1384 -55.96162531045634 -166.0873677550272 287.3727569986717 1381 1387 -1
1385 -69.89978765745121 -156.01425530975504 285.38646816694154 1382 1388 -1
1386 -68.51113250717063 -144.82255654195475 283.14028238776064 1383 1389 -1
1387 -55.851912810210656 -166.21507549161333 287.5166857708402 1384 1390 -1
1388 -70.05209168561402 -156.06366739569125 285.4724797382288 1385 1391 -1
1389 -68.52071114502235 -144.6615780853632 283.2605707571071 1386 1392 -1
1390 -55.741205341647785 -166.34223017426865 287.6603420731289 1387 1393 -1
1391 -70.20584125584845 -156.112180362177 285.55640625982204 1388 1394 -1
1392 -68.52910587748184 -144.50109032477778 283.38160102031213 1389 1395 -1
1393 -55.62951127658546 -166.4688251806354 287.80372872858123 1390 1396 -1
1394 -70.36095900096421 -156.15979400105627 285.6383059771332 1391 1397 -1
1395 -68.53633918261555 -144.34110181187245 283.5033650672544 1392 1398 -1
1396 -55.51686122058873 -166.59486205388427 287.94685899646277 1393 1399 -1
1397 -70.51737312303104 -156.2065078512942 285.7182347692975 1394 1400 -1
1398 -68.54243493029239 -144.18162017362158 283.6258541671307 1395 1401 -1
1399 -55.40330532873267 -166.72035129793503 288.0897544807536 1396 1402 -1
1400 -70.6750139109411 -156.25232333527885 285.7962509700305 1397 1403 -1
1401 -68.54742234225652 -144.02265011926644 283.74905634746443 1398 1404 -1
1402 -55.28889010775333 -166.84530206419453 288.2324362333973 1399 1405 -1
1403 -70.83381527384726 -156.29724260618994 285.87241276892127 1400 1406 -1
1404 -68.55132572822531 -143.86419806467347 283.87296293506586 1401 1407 -1
1405 -55.17366010958356 -166.96972300526673 288.37492519406146 1402 1408 -1
1406 -70.9937149680273 -156.34126812965513 285.9467774308783 1403 1409 -1
1407 -68.554169061604 -143.70627018449545 283.99756565762846 1404 1410 -1
1408 -55.05766129913104 -167.09362446336533 288.5172429306892 1405 1411 -1
1409 -71.15465395971343 -156.38440294872908 286.01940192590115 1406 1412 -1
1410 -68.55597598235096 -143.54887243147977 284.12285663551637 1407 1413 -1
1411 -54.940937066276675 -167.21701583336704 288.6594106610696 1408 1414 -1
1412 -71.31657630640026 -156.42665059065183 286.0903427809425 1409 1415 -1
1413 -68.55676980058246 -143.39201055514513 284.2488283736616 1410 1416 -1
1414 -54.82352966221043 -167.33990638684912 288.80144959999024 1411 1417 -1
1415 -71.4794290326182 -156.46801498078824 286.15965595276754 1412 1418 -1
1416 -68.55656928884393 -143.2356924994503 284.3754766563627 1413 1419 -1
1417 -54.70548011116841 -167.46230511047958 288.94338095065683 1414 1420 -1
1418 -71.64316200215745 -156.5085003635307 286.2273967202053 1415 1421 -1
1419 -68.55540098769033 -143.07992163249492 284.50279214370204 1416 1422 -1
1420 -54.58682981362812 -167.58422192532015 289.08522612756184 1417 1423 -1
1421 -71.80772863810182 -156.54811029085178 286.29361801447453 1418 1424 -1
1422 -68.55328793114414 -142.92470281349122 284.6307679790449 1419 1425 -1
1423 -54.467618549853334 -167.70566610852492 289.22700640328316 1420 1426 -1
1424 -71.97308345337923 -156.58685003152203 286.3583746268783 1421 1427 -1
1425 -68.55025213702532 -142.77004115522016 284.75939814063906 1422 1428 -1
1426 -54.34788534508088 -167.82664687508074 289.3687430596181 1423 1429 -1
1427 -72.1391839234674 -156.62472448801793 286.42171955270356 1424 1430 -1
1428 -68.54631532138306 -142.61594165259592 284.8886769526766 1425 1431 -1
1429 -54.22766852410289 -167.94717336665096 289.51045738754146 1426 1432 -1
1430 -72.30599105800506 -156.66173710157975 286.4837024831587 1427 1433 -1
1431 -68.54149890546923 -142.46240919798134 285.0185990782316 1428 1434 -1
1432 -54.10700576507596 -168.06725464151538 289.65217068830714 1429 1435 -1
1433 -72.4734661322801 -156.6978936455815 286.5443758409171 1430 1436 -1
1434 -68.53582402311986 -142.30944859603582 285.14915951240624 1431 1437 -1
1435 -53.98593415257723 -168.18689966549212 289.7939042755784 1432 1438 -1
1436 -72.64157409753605 -156.73319780969138 286.60378792153074 1433 1439 -1
1437 -68.52931152851109 -142.1570645781227 285.28035357569024 1434 1440 -1
1438 -53.86449005769248 -168.30611708938233 289.93567951064995 1435 1441 -1
1439 -72.81028052769148 -156.76765497192932 286.6619886587866 1436 1442 -1
1440 -68.52198080432939 -142.00526269862706 285.41217784911385 1437 1443 -1
1441 -53.74270976194517 -168.42491591967678 290.0775177261623 1438 1444 -1
1442 -72.97955436978249 -156.80126816516497 286.71902385643494 1439 1445 -1
1443 -68.51385153996392 -141.8540481504981 285.5446288433912 1440 1446 -1
1444 -53.620628874481895 -168.5433047987809 290.2194402899015 1441 1447 -1
1445 -73.14936455036765 -156.83404284761497 286.77494190392855 1442 1448 -1
1446 -68.50494583395084 -141.70342407423215 285.6777012499284 1443 1449 -1
1447 -53.49828261274438 -168.66129224283375 290.36146859996336 1444 1450 -1
1448 -73.3196826615182 -156.86598274658184 286.8297880635579 1445 1451 -1
1449 -68.49528349115076 -141.55339504992108 285.8113916396349 1446 1452 -1
1450 -53.375705857093386 -168.7788866415704 290.5036240899607 1447 1453 -1
1451 -73.4904820942837 -156.89709079599294 286.88360600322363 1448 1454 -1
1452 -68.48488408110643 -141.4039656511999 285.94569687876447 1449 1455 -1
1453 -53.2529332001426 -168.89609625308643 290.6459282352136 1450 1456 -1
1454 -73.66173661697029 -156.92737150196282 286.9364406835163 1451 1457 -1
1455 -68.47376694750365 -141.25514045754755 286.0806141236498 1452 1458 -1
1456 -53.12999899566641 -169.01292919894365 290.7884025593028 1453 1459 -1
1457 -73.83342191373487 -156.95682813467425 286.98833490760444 1454 1460 -1
1458 -68.46195121784739 -141.1069240663334 286.2161408156621 1455 1461 -1
1459 -53.006937407143965 -169.1293934595437 290.93106864090623 1456 1462 -1
1460 -74.00551488027702 -156.9854637359752 287.0393306572622 1457 1463 -1
1461 -68.44945581333967 -140.95932110463696 286.3522746763939 1458 1464 -1
1462 -52.883782456003786 -169.24549686969874 291.0739481208404 1459 1465 -1
1463 -74.17799354684945 -157.01328110236548 287.08946911495235 1460 1466 -1
1464 -68.43629945894769 -140.8123362408656 286.48901370306174 1461 1467 -1
1465 -52.76056806963434 -169.36124711433135 291.2170627092301 1462 1468 -1
1466 -74.3508370046971 -157.0402827695598 287.1387906884995 1463 1469 -1
1467 -68.42250069365278 -140.66597419619677 286.6263561641257 1464 1470 -1
1468 -52.63732812922725 -169.47665172423896 291.36043419272977 1465 1471 -1
1469 -74.52402533581619 -157.06647099844753 287.1873350379925 1466 1472 -1
1470 -68.40807742241793 -140.52024023447044 286.7643010497242 1467 1473 -1
1471 -52.51409651751995 -169.59171807185953 291.5040844417192 1468 1474 -1
1472 -74.69753954590831 -157.09184776227966 287.23514110459257 1469 1475 -1
1473 -68.39304653279416 -140.37514069125186 286.9028485343582 1470 1476 -1
1474 -52.390907166504455 -169.70645336697643 291.6480354173975 1471 1477 -1
1475 -74.8713615003914 -157.1164147349282 287.2822471409648 1472 1478 -1
1476 -68.37742793952731 -140.23067863405922 287.04199587480144 1473 1479 -1
1477 -52.267794105168576 -169.8208646523037 291.7923091786957 1474 1480 -1
1478 -75.04547386331961 -157.14017328007353 287.3286907430808 1475 1481 -1
1479 -68.36123953803133 -140.08685911715577 287.18174239509284 1476 1482 -1
1480 -52.144791507334844 -169.934958798892 291.9369278889273 1477 1483 -1
1481 -75.21986003905691 -157.1631244411856 287.37450888317596 1478 1484 -1
1482 -68.34449909242413 -139.9436873035407 287.32208767174905 1479 1485 -1
1483 -52.021933739660675 -170.0487425012978 292.08191382209424 1480 1486 -1
1484 -75.39450411654308 -157.18526893217862 287.4197379436701 1481 1487 -1
1485 -68.32722424676143 -139.8011684758897 287.4630315305962 1482 1488 -1
1486 -51.899255409861574 -170.16222227245808 292.22728936876075 1483 1489 -1
1487 -75.56939081598847 -157.20660712862443 287.4644137518874 1484 1490 -1
1488 -68.30943253643068 -139.65930804750136 287.60457404377644 1485 1491 -1
1489 -51.77679141521611 -170.27540443821428 292.3730770414048 1486 1492 -1
1490 -75.74450543783051 -157.22713905942229 287.50857161543496 1487 1493 -1
1491 -68.29114139970785 -139.51811157327538 287.74671552692047 1488 1494 -1
1492 -51.654576991409066 -170.38829513142764 292.51929947915266 1489 1495 -1
1493 -75.91983381378449 -157.24686439882956 287.5522463581198 1490 1496 -1
1494 -68.27236818948066 -139.37758476074708 287.8894565364781 1491 1497 -1
1495 -51.53264776176431 -170.50090028562957 292.66597945179467 1492 1498 -1
1496 -76.09536240480962 -157.2657818308135 287.59547203441906 1493 1499 -1
1497 -68.25313015898021 -139.2377335210548 288.0327979023544 1494 1500 -1
1498 -51.411039786915225 -170.61322562815005 292.8131398629775 1495 1501 -1
1499 -76.27107785774066 -157.28389065664877 287.63828285971437 1496 1502 -1
1500 -68.23344249187575 -139.09856715404305 288.1767435054221 1497 1503 -1
1501 -51.289789614955005 -170.7252766726655 292.96080375245884 1498 1504 -1
1502 -76.44696726951497 -157.30118964842723 287.68071254814777 1499 1505 -1
1503 -68.21332450652679 -138.9600887819167 288.32129184515435 1500 1506 -1
1504 -51.16893449994826 -170.83705860864532 293.1089945107643 1501 1507 -1
1505 -76.62301814037733 -157.31767699281048 287.7227943643767 1502 1508 -1
1506 -68.19279333829759 -138.8223048501642 288.4664444290415 1503 1509 -1
1507 -51.04851219916685 -170.94857648235933 293.2577355250731 1504 1510 -1
1508 -76.79921832339426 -157.33335024475346 287.7645611898304 1505 1511 -1
1509 -68.1718660995402 -138.68522201453104 288.61220299428817 1506 1512 -1
1510 -50.92856090153889 -171.0598352125801 293.40705006460223 1507 1513 -1
1511 -76.97555598540363 -157.34820619571175 287.80604557245016 1508 1514 -1
1512 -68.15055989247846 -138.5488471529739 288.75856950588434 1509 1515 -1
1513 -50.809119635444304 -171.17083936925877 293.5569617249929 1510 1516 -1
1514 -77.15201929606978 -157.36224264396384 287.84728030523934 1511 1517 -1
1515 -68.12889182231703 -138.4131873778568 288.9055461547524 1512 1518 -1
1516 -50.690228177220185 -171.28159326061925 293.70749423120856 1513 1519 -1
1517 -77.32859676813607 -157.37545617087207 287.888297681626 1514 1520 -1
1518 -68.1068788085308 -138.27825049878996 289.0531357354569 1515 1521 -1
1519 -50.57192710471061 -171.39210092094268 293.85867143128877 1516 1522 -1
1520 -77.50527711123634 -157.38784258368733 287.9291297795649 1517 1523 -1
1521 -68.08453641432128 -138.14404799086785 289.2013441089209 1518 1524 -1
1522 -50.45425825895367 -171.50236595276382 294.0105177070523 1519 1525 -1
1523 -77.68204914567058 -157.39939715853487 287.96980860614894 1520 1526 -1
1524 -68.0618837619221 -138.01058373985987 289.3501707342524 1521 1527 -1
1525 -50.33726436142338 -171.61239170825945 294.1630574696122 1522 1528 -1
1526 -77.85890164818996 -157.41011598595875 288.01036629544365 1523 1529 -1
1527 -68.03893772013812 -137.87786581697068 289.49961852889 1524 1530 -1
1528 -50.22098818853094 -171.7221815289994 294.3163143008552 1525 1531 -1
1529 -78.03582354190549 -157.41999391791902 288.05083476595195 1526 1532 -1
1530 -68.01570479263549 -137.7458991828745 289.64968601652834 1527 1533 -1
1531 -50.105474098016735 -171.83173820853588 294.47031245052443 1528 1534 -1
1532 -78.21280378752662 -157.42902486982334 288.0912459225133 1529 1535 -1
1533 -67.99217950686906 -137.61468492403563 289.8003664582653 1530 1536 -1
1534 -49.99076875189364 -171.94106386027633 294.62507736123825 1531 1537 -1
1535 -78.38983127963496 -157.43720262783953 288.13163177929795 1532 1538 -1
1536 -67.96835363448622 -137.48422870687307 289.9516566443216 1533 1539 -1
1537 -49.87691837723642 -172.05016069940336 294.78063298922723 1534 1540 -1
1538 -78.56689481954533 -157.44452130347003 288.17202441103547 1535 1541 -1
1539 -67.94422235873472 -137.35452733453204 290.10354624116 1536 1542 -1
1540 -49.763970224843725 -172.15903055769652 294.9370031917503 1537 1543 -1
1541 -78.74398315252299 -157.4509738803431 288.21245596291976 1538 1544 -1
1542 -67.91977980994128 -137.2255801870863 290.256027085795 1539 1545 -1
1543 -49.651975587342605 -172.2676741918687 295.09421426625585 1540 1546 -1
1544 -78.92108488507341 -157.4565527520023 288.25295874442804 1541 1547 -1
1545 -67.89501969729295 -137.09738750164763 290.4090917382221 1542 1548 -1
1546 -49.54098336499982 -172.37609281048637 295.25228917567483 1543 1549 -1
1547 -79.09818843308902 -157.46124917746607 288.29356536762145 1544 1550 -1
1548 -67.86993422567343 -136.96995275633026 290.56273523016165 1545 1551 -1
1549 -49.431046711353524 -172.48428649740592 295.4112532994421 1546 1552 -1
1550 -79.27528199493435 -157.4650555164544 288.33430847212435 1547 1553 -1
1551 -67.84451689076079 -136.84327609126754 290.71695000881675 1548 1554 -1
1552 -49.3222190109138 -172.59225512263868 295.5711308402443 1549 1555 -1
1553 -79.45235352312544 -157.46796272681888 288.37522103624286 1550 1556 -1
1554 -67.81876281593372 -136.7173538518828 290.87172575636066 1551 1557 -1
1555 -49.21455563543557 -172.69999793864326 295.731946226853 1552 1558 -1
1556 -79.62939066791371 -157.46996123070488 288.4163363446237 1553 1559 -1
1557 -67.79266563750927 -136.5921856578501 291.02705469193705 1554 1560 -1
1558 -49.10811305040983 -172.80751373460237 295.8937232955918 1555 1561 -1
1559 -79.80638073293173 -157.47104090316202 288.4576880270152 1556 1562 -1
1560 -67.76621648469896 -136.4677762531034 291.1829327257474 1557 1563 -1
1561 -49.002950998758614 -172.91480042045578 296.05648687525047 1558 1564 -1
1562 -79.98331062908484 -157.47119106055882 288.4993100970048 1559 1565 -1
1563 -67.73941019794479 -136.3441221120864 291.339349775393 1560 1566 -1
1564 -48.89912780640037 -173.02185583049942 296.2202590934709 1561 1567 -1
1565 -80.16016682649209 -157.4704004488526 288.54123699068475 1562 1568 -1
1566 -67.71224143227586 -136.22122010815016 291.49629617639056 1563 1569 -1
1567 -48.79670793248502 -173.12867638465912 296.38506496710806 1564 1570 -1
1568 -80.33693528090228 -157.4686570112616 288.5835036909215 1565 1571 -1
1569 -67.68470275360983 -136.09907128510312 291.6537652412477 1566 1572 -1
1570 -48.69575419860576 -173.23525839011265 296.55092646079567 1567 1573 -1
1571 -80.51360146148943 -157.4659486750962 288.6261454647772 1568 1574 -1
1572 -67.65678557958428 -135.97767863086852 291.81175155332977 1569 1575 -1
1573 -48.59633192144471 -173.34159729021138 296.7178655007656 1570 1576 -1
1574 -80.6901502132719 -157.46226242218484 288.66919822491616 1571 1577 -1
1575 -67.62848644031043 -135.85703481635502 291.9702427106914 1572 1578 -1
1576 -48.49850919217853 -173.4476876004112 296.88590398971746 1573 1579 -1
1577 -80.86656572394473 -157.4575846043213 288.712698463443 1574 1580 -1
1578 -67.59979861932928 -135.7371389166144 292.129230773212 1575 1581 -1
1579 -48.402357609793334 -173.55352276983214 297.0550640942769 1576 1582 -1
1580 -81.04283139907182 -157.45190054657098 288.75668348812985 1577 1583 -1
1581 -67.57071156397735 -135.61799693364608 292.2887122871486 1578 1584 -1
1582 -48.3079477176979 -173.65909582819302 297.2253650772116 1579 1585 -1
1583 -81.21892995081527 -157.4451955591803 288.8011909638917 1580 1586 -1
1584 -67.54122298019766 -135.4995991296667 292.4486735423277 1581 1587 -1
1585 -48.215353333477914 -173.76439867392418 297.396826109017 1582 1588 -1
1586 -81.39484321085459 -157.43745407023295 288.8462593445772 1583 1589 -1
1587 -67.51132609211459 -135.38194418869398 292.60910643807586 1584 1590 -1
1588 -48.12465056620415 -173.8694221808673 297.5694654342855 1585 1591 -1
1589 -81.57055209033642 -157.42865984821196 288.89192780265824 1586 1592 -1
1590 -67.48100994778522 -135.26503794008954 292.77000728912157 1587 1593 -1
1591 -48.03591754236633 -173.97415618791604 297.7433000501247 1588 1594 -1
1592 -81.74603650474829 -157.41879599330505 288.938236262402 1589 1595 -1
1593 -67.45027266858237 -135.1488698789056 292.93136224736804 1590 1596 -1
1594 -47.94923438126687 -174.07858944829707 297.9183455516478 1591 1597 -1
1595 -81.92127517686538 -157.40784444337177 288.98522574920946 1592 1598 -1
1596 -67.41910659368662 -135.03343971691845 293.0931639076431 1593 1599 -1
1597 -47.86468315492911 -174.18270957919006 298.0946159679625 1594 1600 -1
1598 -82.096245544983 -157.39578609093346 289.0329383991045 1595 1601 -1
1599 -67.38750204246415 -134.91875024741447 293.2554066327176 1596 1602 -1
1600 -47.782347830799 -174.2865030122743 298.2721235889953 1597 1603 -1
1601 -82.27092426080567 -157.38260302246823 289.08141594819705 1598 1604 -1
1602 -67.3554567396709 -134.80479168157285 293.41807736489466 1599 1605 -1
1603 -47.70231419546379 -174.38995494587465 298.45087878367366 1600 1606 -1
1604 -82.44528600886912 -157.36827426418057 289.13070262288005 1601 1607 -1
1605 -67.32296127491297 -134.6915660156072 293.58117003169104 1602 1608 -1
1606 -47.62467188148613 -174.49304897822913 298.6308908921167 1603 1609 -1
1607 -82.61930432057572 -157.35277936957655 289.1808427460759 1604 1610 -1
1608 -67.29000899026929 -134.57907047288185 293.74467576268916 1605 1611 -1
1609 -47.549509212948564 -174.59576781594464 298.81216537301754 1606 1612 -1
1610 -82.79295106656376 -157.33609688342986 289.2318818048503 1607 1613 -1
1611 -67.25659635961757 -134.4672973018979 293.9085829941426 1608 1614 -1
1612 -47.47691619364701 -174.69809277520272 298.99470533149025 1609 1615 -1
1613 -82.96619640658277 -157.31820459185832 289.2838663001842 1610 1616 -1
1614 -67.22271132852458 -134.35625187664124 294.072887421706 1611 1617 -1
1615 -47.40698471556813 -174.80000368881562 299.1785114689186 1612 1618 -1
1616 -83.13900834751718 -157.29907868142578 289.33684447138177 1613 1619 -1
1617 -67.18835207550536 -134.24592364864162 294.2375760650543 1614 1620 -1
1618 -47.33981256636712 -174.9014781960917 299.36358368384043 1615 1621 -1
1619 -83.3113535879763 -157.27869645296062 289.39086409856833 1616 1622 -1
1620 -67.15351062183463 -134.13631143673067 294.402641091495 1617 1623 -1
1621 -47.275490265195934 -175.0024937717867 299.5499149553651 1618 1624 -1
1622 -83.4831961793424 -157.2570329644274 289.44597524516956 1619 1625 -1
1623 -67.11817829758773 -134.02741479594715 294.56807499221003 1620 1626 -1
1624 -47.214113081871226 -175.10302578424313 299.7374968306827 1621 1627 -1
1625 -83.65449749546103 -157.2340616820316 289.50222986231125 1622 1628 -1
1626 -67.08235303184384 -133.91922366198784 294.7338653937941 1623 1629 -1
1627 -47.1557804912588 -175.20304747346677 299.92631877267405 1624 1630 -1
1628 -83.82521741279348 -157.20975763141234 289.5596790019054 1625 1631 -1
1629 -67.04602209457038 -133.81174303488555 294.90000752166145 1626 1632 -1
1630 -47.10058192659685 -175.30253232261586 300.1163624302442 1627 1633 -1
1631 -83.99531270547456 -157.18409389921462 289.6183758698852 1628 1634 -1
1632 -67.00918438074605 -133.70496144074949 295.06648845723953 1629 1635 -1
1633 -47.048620568527085 -175.40144995143257 300.3076109034964 1630 1636 -1
1634 -84.16473739283347 -157.15704297804524 289.67837468103653 1631 1637 -1
1635 -66.97183072027543 -133.59887855886993 295.2333007917768 1632 1638 -1
1636 -47.0 -175.5 300.5 1633 -1 -1
1637 -84.33344257394536 -157.12857682258624 289.73973060597274 1634 1639 -1
1638 -66.93395434682333 -133.49349058677223 295.4004354217565 1635 1640 -1
1639 -84.50137615826813 -157.09866673682518 289.80249988223017 1637 1641 -1
1640 -66.89555165633202 -133.3887895337771 295.56788139278103 1638 1642 -1
1641 -84.66848214517826 -157.0672825609503 289.86674065276213 1639 1643 -1
1642 -66.85661054210951 -133.28477829782875 295.7356326467716 1640 1644 -1
1643 -84.83470230504528 -157.0343960135719 289.93250959436295 1641 1645 -1
1644 -66.81713134450068 -133.1814437878111 295.90367610262325 1642 1646 -1
1645 -85.0 -157.0 290.0 1643 -1 -1
1646 -66.77710086971688 -133.07878985344445 296.07200602341396 1644 1647 -1
1647 -66.73651823778647 -132.9768050115999 296.2406102138144 1646 1648 -1
1648 -66.6953735667604 -132.87548869024297 296.40948102368776 1647 1649 -1
1649 -66.65366183411074 -132.7748343837886 296.5786084121598 1648 1650 -1
1650 -66.61137724755876 -132.6748364787944 296.74798274564046 1649 1651 -1
1651 -66.56851095037446 -132.5754927383121 296.917595641285 1650 1652 -1
1652 -66.52506094722331 -132.4767932016418 297.08743595466774 1651 1653 -1
1653 -66.48101484546599 -132.378739259924 297.2574965299261 1652 1654 -1
1654 -66.43637412204644 -132.2813172777791 297.42776513557305 1653 1655 -1
1655 -66.3911232646529 -132.184531563379 297.5982354278022 1654 1656 -1
1656 -66.34526547161465 -132.08836686065837 297.7688948766072 1655 1657 -1
1657 -66.29878648464039 -131.99282577309222 297.93973643811006 1656 1658 -1
1658 -66.25168703287535 -131.89789576857805 298.11074863253157 1657 1659 -1
1659 -66.20395535940412 -131.80357660303315 298.28192344688085 1658 1660 -1
1660 -66.15558996009212 -131.7098580546433 298.45325020131384 1659 1661 -1
1661 -66.10658136689999 -131.61673743663977 298.6247201494647 1660 1662 -1
1662 -66.05692605447966 -131.52420648061866 298.79632320113245 1661 1663 -1
1663 -66.00661665674727 -131.43226040655912 298.96805007442737 1662 1664 -1
1664 -65.95564781241511 -131.34089259648724 299.139891093117 1663 1665 -1
1665 -65.90401409897355 -131.25009647404698 299.31183660516535 1664 1666 -1
1666 -65.8517084747514 -131.15986681959708 299.48387720195996 1665 1667 -1
1667 -65.79872733389978 -131.07019550788004 299.6560029995564 1666 1668 -1
1668 -65.74506207730634 -130.98107851325943 299.8282047347279 1667 1669 -1
1669 -65.69071082323386 -130.89250636265794 300.0004724079819 1668 1670 -1
1670 -65.63566350258918 -130.804476064687 300.17279679821087 1669 1671 -1
1671 -65.57991990242627 -130.71697695639097 300.34516789006403 1670 1672 -1
1672 -65.52346853281267 -130.630006962176 300.5175764151592 1671 1673 -1
1673 -65.46631083432962 -130.5435543472908 300.6900124304728 1672 1674 -1
1674 -65.40843390422353 -130.4576178714597 300.86246653976514 1673 1675 -1
1675 -65.34984086418592 -130.3721848096978 301.03492895416196 1674 1676 -1
1676 -65.29051736276807 -130.2872547111741 301.2073900727515 1675 1677 -1
1677 -65.23046827594918 -130.202813909096 301.3798403413998 1676 1678 -1
1678 -65.16967772109187 -130.11886272739517 301.55226987643414 1677 1679 -1
1679 -65.1081520984687 -130.03538679862658 301.7246694241587 1678 1680 -1
1680 -65.04587491685217 -129.95238656721844 301.8970287901246 1679 1681 -1
1681 -64.98285262889411 -129.86984796372636 302.0693389944264 1680 1682 -1
1682 -64.91907007230223 -129.78777035136628 302.24158964623786 1681 1683 -1
1683 -64.85453207703127 -129.7061409725796 302.4137718966838 1682 1684 -1
1684 -64.7892255550843 -129.62495774581757 302.5858752874688 1683 1685 -1
1685 -64.72315344186575 -129.54420929442884 302.7578909798945 1684 1686 -1
1686 -64.65630504014462 -129.46389203246287 302.92980858539215 1685 1687 -1
1687 -64.58868106043856 -129.38399604852435 303.1016191305061 1686 1688 -1
1688 -64.5202735726607 -129.30451617879697 303.2733124608341 1687 1689 -1
1689 -64.45108067125722 -129.2254440733409 303.44487929381006 1688 1690 -1
1690 -64.38109763184535 -129.14677290666395 303.61630990635354 1689 1691 -1
1691 -64.31031947851122 -129.0684959948588 303.78759449757257 1690 1692 -1
1692 -64.23874519546659 -128.9906047600748 303.95872401115565 1691 1693 -1
1693 -64.1663662169177 -128.91309429392925 304.1296878782516 1692 1694 -1
1694 -64.0931858048968 -128.8359541721194 304.30047798874756 1693 1695 -1
1695 -64.01919121699804 -128.7591813727459 304.47108271010114 1694 1696 -1
1696 -63.9443911192395 -128.68276647875345 304.6414967421609 1695 1697 -1
1697 -63.86878070388557 -128.60672593229685 304.81172051778935 1696 1698 -1
1698 -63.79238012780408 -128.53107226703318 304.98176377064397 1697 1699 -1
1699 -63.71519163956565 -128.45582660894624 305.1516321354794 1698 1700 -1
1700 -63.637229314848135 -128.38100403125392 305.32133390555816 1699 1701 -1
1701 -63.55850101682389 -128.30662280666914 305.49087599997364 1700 1702 -1
1702 -63.47901456916649 -128.23270132879946 305.66026535313966 1701 1703 -1
1703 -63.39878360327949 -128.15925427620627 305.82951001772574 1702 1704 -1
1704 -63.317809642948376 -128.0863041822717 305.998615710482 1703 1705 -1
1705 -63.23611071645308 -128.0138624307434 306.16759118699315 1704 1706 -1
1706 -63.153686367453204 -127.94195337462514 306.33644185332537 1705 1707 -1
1707 -63.07055304567261 -127.8705890379301 306.5051760052877 1706 1708 -1
1708 -62.98671487328764 -127.79979073650655 306.6737998253064 1707 1709 -1
1709 -62.90218170985818 -127.72957538957948 306.84232038691493 1708 1710 -1
1710 -62.81696381548388 -127.65995942531043 307.01074472672184 1709 1711 -1
1711 -62.73106473062015 -127.59096539655943 307.1790789199331 1710 1712 -1
1712 -62.64450012797539 -127.52260466699254 307.34733054591857 1711 1713 -1
1713 -62.55726899953958 -127.4549046949269 307.5155050753083 1712 1714 -1
1714 -62.46938832721625 -127.38787521843767 307.68360999087105 1713 1715 -1
1715 -62.380860516764606 -127.32154090127808 307.8516510864474 1714 1716 -1
1716 -62.291696629314266 -127.25591742666286 308.0196349654454 1715 1717 -1
1717 -62.20190463575809 -127.19102385692102 308.1875678219273 1716 1718 -1
1718 -62.1114901701639 -127.12688231001754 308.35545560162615 1717 1719 -1
1719 -62.02046631469142 -127.06350585958734 308.5233046497336 1718 1720 -1
1720 -61.92883381695712 -127.00092345097963 308.69112045780645 1719 1721 -1
1721 -61.836608965052484 -126.93914386687747 308.85890923997374 1720 1722 -1
1722 -61.743792430447414 -126.87819720628497 309.02667636744474 1721 1723 -1
1723 -61.650398406511975 -126.81809487846063 309.19442760348244 1722 1724 -1
1724 -61.55643113505329 -126.75886290022092 309.3621682753148 1723 1725 -1
1725 -61.46190083714653 -126.70051864963298 309.52990371299586 1724 1726 -1
1726 -61.36681559720676 -126.64308299878323 309.6976390599109 1725 1727 -1
1727 -61.27118230466474 -126.58657924005254 309.8653793343639 1726 1728 -1
1728 -61.175012312259156 -126.53102326203852 310.0331293406737 1727 1729 -1
1729 -61.07830983037122 -126.47644406816082 310.20089387151336 1728 1730 -1
1730 -60.981088900131574 -126.42285287165741 310.3686772688302 1729 1731 -1
1731 -60.88335170911106 -126.37028402528865 310.53648414897543 1730 1732 -1
1732 -60.785114309270035 -126.3187447451816 310.70431830718854 1731 1733 -1
1733 -60.68637781790875 -126.26827355968706 310.87218417654816 1732 1734 -1
1734 -60.58715894081304 -126.21887612937584 311.0400850096153 1733 1735 -1
1735 -60.48745993299696 -126.17059072643504 311.20802489535424 1734 1736 -1
1736 -60.38729641722323 -126.12342529651013 311.3760066389774 1735 1737 -1
1737 -60.28667205465061 -126.07741719875564 311.5440339048251 1736 1738 -1
1738 -60.185601965011635 -126.03257567510948 311.71210900929606 1737 1739 -1
1739 -60.08409073890604 -125.9889382358562 311.8802351704631 1738 1740 -1
1740 -59.98215353188124 -125.94651424558214 312.0484141487405 1739 1741 -1
1741 -59.87979543485245 -125.9053426020134 312.21664871262163 1740 1742 -1
1742 -59.77703212610281 -125.86543143352253 312.3849399794827 1741 1743 -1
1743 -59.67386882572955 -125.82682243126682 312.5532902770042 1742 1744 -1
1744 -59.57032217374059 -125.7895203453258 312.7216998572578 1743 1745 -1
1745 -59.46639837992398 -125.75356033447808 312.89016903228173 1744 1746 -1
1746 -59.36211577637025 -125.7189313112072 313.05869530997535 1745 1747 -1
1747 -59.25748261421477 -125.68565966068309 313.2272777386443 1746 1748 -1
1748 -59.15251564726237 -125.65373954439792 313.39591395814125 1747 1749 -1
1749 -59.04722523791339 -125.6231910583612 313.5646025849637 1748 1750 -1
1750 -58.9416264451274 -125.59401524655524 313.73334142332385 1749 1751 -1
1751 -58.83573180113877 -125.56622436714464 313.9021286313115 1750 1752 -1
1752 -58.72955466392014 -125.53982785591741 314.07096217540226 1751 1753 -1
1753 -58.623109694167866 -125.5148286061905 314.23983974706886 1752 1754 -1
1754 -58.51640864023454 -125.49124592692736 314.40875945405526 1753 1755 -1
1755 -58.409467975272484 -125.46907296153262 314.5777185618933 1754 1756 -1
1756 -58.30229855559138 -125.44833699936298 314.7467151911967 1755 1757 -1
1757 -58.19491720323112 -125.42902871010166 314.9157464140826 1756 1758 -1
1758 -58.087336432775686 -125.41116745682608 315.08480993488183 1757 1759 -1
1759 -57.97957118718899 -125.39475689519398 315.25390298671954 1758 1760 -1
1760 -57.8716361253545 -125.37980237451865 315.4230227752575 1759 1761 -1
1761 -57.763544710479856 -125.36632186169786 315.592166608093 1760 1762 -1
1762 -57.65531303870017 -125.35430841419866 315.76133131023073 1761 1763 -1
1763 -57.546954355489945 -125.34378639523418 315.9305140424838 1762 1764 -1
1764 -57.43848465480917 -125.33474996261744 316.09971148234854 1763 1765 -1
1765 -57.329918472004366 -125.3272115433016 316.268920424085 1764 1766 -1
1766 -57.22127072725302 -125.3211822151614 316.4381375014452 1765 1767 -1
1767 -57.112557095738424 -125.31665761199723 316.6073591961666 1766 1768 -1
1768 -57.0037921908362 -125.31366322974229 316.77658193624427 1767 1769 -1
1769 -56.89499194872045 -125.31218886362585 316.94580200572665 1768 1770 -1
1770 -56.78617162084035 -125.3122488323755 317.1150155812379 1769 1771 -1
1771 -56.67734684189188 -125.31385192451253 317.28421869344373 1770 1772 -1
1772 -56.568533185189644 -125.31699373921654 317.4534073935896 1771 1773 -1
1773 -56.45974668434634 -125.3216988395372 317.62257730055944 1772 1774 -1
1774 -56.351002880303625 -125.32795639300195 317.79172432966055 1773 1775 -1
1775 -56.24231782085396 -125.33577887204522 317.96084399062835 1774 1776 -1
1776 -56.13370775902638 -125.34517580912619 318.1299316580665 1775 1777 -1
1777 -56.02518810373199 -125.35614089786209 318.2989829538385 1776 1778 -1
1778 -55.916776120460135 -125.36869660352468 318.4679926732407 1777 1779 -1
1779 -55.80848704949193 -125.38283339119938 318.63695630410456 1778 1780 -1
1780 -55.700337403822395 -125.39856001920342 318.8058687428245 1779 1781 -1
1781 -55.592344231608465 -125.41588781377536 318.9747246032938 1780 1782 -1
1782 -55.48452250983873 -125.43480764857745 319.14351914055686 1781 1783 -1
1783 -55.376890518370786 -125.45533984657051 319.31224632696836 1782 1784 -1
1784 -55.269463297953756 -125.47747586540476 319.48090118298757 1783 1785 -1
1785 -55.16225752198263 -125.50122118516043 319.64947804292524 1784 1786 -1
1786 -55.0552910209749 -125.52658757312608 319.8179707293823 1785 1787 -1
1787 -54.9485780903644 -125.55356334739201 319.9863742013333 1786 1788 -1
1788 -54.8421373254514 -125.58216499545289 320.1546816116006 1787 1789 -1
1789 -54.735977086834126 -125.61235708982638 320.3228883830671 1788 1790 -1
1790 -54.63010557832037 -125.64411002541063 320.4909897382166 1789 1791 -1
1791 -54.52453119606876 -125.67739658764752 320.65898125701506 1790 1792 -1
1792 -54.419258155839444 -125.71217085787578 320.82686051432796 1791 1793 -1
1793 -54.31429669836581 -125.7484181770152 320.9946232659278 1792 1794 -1
1794 -54.20964923619328 -125.78608867689901 321.16226860850594 1793 1795 -1
1795 -54.10532350217951 -125.82515907533706 321.3297940538242 1794 1796 -1
1796 -54.001324312751834 -125.86559446129965 321.4971985984259 1795 1797 -1
1797 -53.89765557587757 -125.90735830930262 321.6644819464382 1796 1798 -1
1798 -53.79432452672579 -125.95042845031672 321.83164296831023 1797 1799 -1
1799 -53.691331755686306 -125.99475878796632 321.9986832885098 1798 1800 -1
1800 -53.588685731715884 -126.04033372736288 322.16560208339274 1799 1801 -1
1801 -53.486385999073185 -126.08710680201735 322.3324020016814 1800 1802 -1
1802 -53.38443893086846 -126.13505673652877 322.49908366095724 1801 1803 -1
1803 -53.28284600882106 -126.18414670163244 322.6656496644108 1802 1804 -1
1804 -53.181610710181545 -126.23434767746214 322.8321022527934 1803 1805 -1
1805 -53.080736315149906 -126.28563072329537 322.99844406176544 1804 1806 -1
1806 -52.98022366308046 -126.33796078896735 323.1646787454181 1805 1807 -1
1807 -52.88007766649408 -126.39131524734329 323.33080906916354 1806 1808 -1
1808 -52.78029680248952 -126.44565453166489 323.4968398829354 1807 1809 -1
1809 -52.68088743397961 -126.50096093269329 323.662774188428 1808 1810 -1
1810 -52.58184614597323 -126.55719213642806 323.8286177722664 1809 1811 -1
1811 -52.48317999952681 -126.61433276573962 323.9943741114003 1810 1812 -1
1812 -52.38488497436975 -126.67234118322283 324.1600495130198 1811 1813 -1
1813 -52.286967126055444 -126.73120003272051 324.3256483129911 1812 1814 -1
1814 -52.18942332650288 -126.79087168490214 324.49117696872895 1813 1815 -1
1815 -52.09225830895355 -126.85133622418844 324.65664067463183 1814 1816 -1
1816 -51.995469695490016 -126.9125592198099 324.82204608892965 1815 1817 -1
1817 -51.89906110854364 -126.97451887947662 324.98739913832924 1816 1818 -1
1818 -51.80303080011772 -127.03718331339255 325.1527067220924 1817 1819 -1
1819 -51.707381463752796 -127.10052937827736 325.317975390887 1818 1820 -1
1820 -51.61211188908194 -127.16452720521205 325.48321231506117 1819 1821 -1
1821 -51.51722398757733 -127.2291526856587 325.6484245773365 1820 1822 -1
1822 -51.42271702746001 -127.29437757234564 325.8136196410313 1821 1823 -1
1823 -51.32859224523718 -127.36017705606831 325.9788050421954 1822 1824 -1
1824 -51.23484936643955 -127.426524214326 326.14398855449764 1823 1825 -1
1825 -51.141489016152846 -127.49339370112475 326.30917809682563 1824 1826 -1
1826 -51.04851139753662 -127.56075970404702 326.47438177129743 1825 1827 -1
1827 -50.95591654105885 -127.62859642528637 326.6396078108861 1826 1828 -1
1828 -50.863705192689615 -127.69687900837508 326.8048646716189 1827 1829 -1
1829 -50.771876755700994 -127.76558123282729 326.9701608256439 1828 1830 -1
1830 -50.68043263172845 -127.83467908157238 327.1355051236403 1829 1831 -1
1831 -50.58937151265767 -127.90414590894348 327.30090618671795 1830 1832 -1
1832 -50.49869503019285 -127.97395831854891 327.4663730521092 1831 1833 -1
1833 -50.40839061731335 -128.04408718976222 327.63190956745325 1832 1834 -1
1834 -50.31844211542515 -128.11450606262895 327.79751673915973 1833 1835 -1
1835 -50.22882702939688 -128.18518368909102 327.9631944323047 1834 1836 -1
1836 -50.13952930695017 -128.25609388059456 328.1289440995694 1835 1837 -1
1837 -50.05052551149976 -128.32720519483462 328.29476568487024 1836 1838 -1
1838 -49.96179995316196 -128.39849150603538 328.4606612294342 1837 1839 -1
1839 -49.87332880539632 -128.46992164668245 328.62663076597977 1838 1840 -1
1840 -49.7850954468432 -128.54146861062168 328.7926765544116 1839 1841 -1
1841 -49.69707707994178 -128.61310230446384 328.9587990378766 1840 1842 -1
1842 -49.609255503817664 -128.6847946147523 329.12500037042423 1841 1843 -1
1843 -49.52160915250833 -128.75651627103016 329.2912815218703 1842 1844 -1
1844 -49.43411842350196 -128.8282384713435 329.4576443755828 1843 1845 -1
1845 -49.346762690169705 -128.89993215377496 329.62409044132534 1844 1846 -1
1846 -49.25952133589526 -128.97156842950952 329.7906211930881 1845 1847 -1
1847 -49.172374310320706 -129.04311773171705 329.9572387021043 1846 1848 -1
1848 -49.085300439830505 -129.1145517849264 330.1239438845448 1847 1849 -1
1849 -48.998279816444054 -129.18583970164005 330.29073940060516 1848 1850 -1
1850 -48.91129126497487 -129.25695415462005 330.45762566679105 1849 1851 -1
1851 -48.824314432862224 -129.32786342138715 330.62460532097157 1850 1852 -1
1852 -48.737328587727134 -129.39853990872447 330.79167893908505 1851 1853 -1
1853 -48.65031304377561 -129.4689526574503 330.9588484205727 1852 1854 -1
1854 -48.563247121513506 -129.5390721048547 331.1261149205045 1853 1855 -1
1855 -48.47611044199043 -129.60886934424613 331.29347930291783 1854 1856 -1
1856 -48.38888169350481 -129.6783116473889 331.46094333392824 1855 1857 -1
1857 -48.30154138153371 -129.74737270397236 331.6285068378766 1856 1858 -1
1858 -48.214067443440605 -129.81601728594947 331.7961717311088 1857 1859 -1
1859 -48.12644076285834 -129.88421918180762 331.96393748371446 1858 1860 -1
1860 -48.038640120787015 -129.95194543895175 332.1318049318809 1859 1861 -1
1861 -47.95064503910526 -130.01916507828287 332.2997741568905 1860 1862 -1
1862 -47.86243641048679 -130.0858500577219 332.4678444503371 1861 1863 -1
1863 -47.773991481987736 -130.15196304692287 332.6360164914446 1862 1864 -1
1864 -47.68529301607801 -130.2174796086366 332.80428837165084 1863 1865 -1
1865 -47.596318854477516 -130.28236316848373 332.97265993071505 1864 1866 -1
1866 -47.50705007776507 -130.34658427482256 333.1411294794868 1865 1867 -1
1867 -47.41746782993297 -130.41011295878766 333.30969512785146 1866 1868 -1
1868 -47.32754966237741 -130.47291095557748 333.4783556737706 1867 1869 -1
1869 -47.23727983540285 -130.53495401114566 333.6471077303799 1868 1870 -1
1870 -47.146636191043164 -130.59620348331566 333.8159492726039 1869 1871 -1
1871 -47.05560116338895 -130.65662997371538 333.9848767412461 1870 1872 -1
1872 -46.96415724931532 -130.7162035016666 334.15388629308484 1871 1873 -1
1873 -46.87228190389314 -130.77488302173342 334.32297458717767 1872 1874 -1
1874 -46.77996167879224 -130.8326456618482 334.49213623047916 1873 1875 -1
1875 -46.68717551785631 -130.88945214633262 334.6613667093241 1874 1876 -1
1876 -46.593906527040055 -130.94527107659502 334.8306603478353 1875 1877 -1
1877 -46.5 -131.0 335.0 1876 -1 -1
