0 -48.5 -138.0 1322.5 -1 1 -1
1 -48.53621767067481 -138.01864037740302 1322.6684636507962 0 2 -1
2 -48.571160824472415 -138.0394395422015 1322.8368173490855 1 3 -1
3 -48.60484332456315 -138.06219497601575 1323.0051750183875 2 4 -1
4 -48.63728802791407 -138.0868338836332 1323.1735107490545 3 5 -1
5 -48.66851807751884 -138.1132849617295 1323.3418012816362 4 6 -1
6 -48.69855678930081 -138.14147850140907 1323.5100258469217 5 7 -1
7 -48.727426987410176 -138.1713472599249 1323.6781659576095 6 8 -1
8 -48.755151818867574 -138.20282519491985 1323.8462053040798 7 9 -1
9 -48.78175505098565 -138.23584704950014 1324.0141296763527 8 10 -1
10 -48.80725791248151 -138.27035255696467 1324.1819264664946 9 11 -1
11 -48.83168429092 -138.30627932825476 1324.3495851232956 10 12 -1
12 -48.85505547813696 -138.34356983418894 1324.5170964043057 11 13 -1
13 -48.87739314377957 -138.3821673431087 1324.6844526107668 12 14 -1
14 -48.89871897289066 -138.4220163924988 1324.8516474530197 13 15 -1
15 -48.91905374467004 -138.46306386830642 1325.0186757994118 14 16 -1
16 -48.93841785750221 -138.5052582675033 1325.1855336534536 15 17 -1
17 -48.95683130563139 -138.54854967009302 1325.352218059442 16 18 -1
18 -48.97431366012832 -138.59288970678443 1325.5187270138501 17 19 -1
19 -48.99088379450833 -138.6382318005474 1325.6850593310007 18 20 -1
20 -49.00655986629761 -138.6845310978543 1325.8512145593747 19 21 -1
21 -49.02136068901156 -138.73174298991026 1326.0171931902728 20 22 -1
22 -49.03530315933309 -138.77982575768465 1326.1829960754415 21 23 -1
23 -49.048404703370956 -138.82873797418063 1326.3486248603097 22 24 -1
24 -49.06068147307058 -138.87844027692609 1326.5140815592056 23 25 -1
25 -49.07215016133372 -138.928893569975 1326.679368880884 24 26 -1
26 -49.08282563499506 -138.98006118831333 1326.8444896854703 25 27 -1
27 -49.092723325685974 -139.03190664272512 1327.0094474417588 26 28 -1
28 -49.101858056449956 -139.0843946790066 1327.1742459399495 27 29 -1
29 -49.1102439675822 -139.13749127259516 1327.3388892386738 28 30 -1
30 -49.11789479301721 -139.19116334477437 1327.5033816886287 29 31 -1
31 -49.12482386593126 -139.24537872373833 1327.6677279018265 30 32 -1
32 -49.13104412497556 -139.30010610616205 1327.831932723302 31 33 -1
33 -49.136568121037705 -139.35531501935466 1327.996001205118 32 34 -1
34 -49.141408024440594 -139.41097578406823 1328.1599385825161 33 35 -1
35 -49.14557563249677 -139.46705947801038 1328.3237502520608 34 36 -1
36 -49.149081907994585 -139.52353816512337 1328.4874416689568 35 37 -1
37 -49.151938071125166 -139.58038420664147 1328.651018527554 36 38 -1
38 -49.154155078969445 -139.63757059131606 1328.8144866400473 37 39 -1
39 -49.155742746806595 -139.69507132973624 1328.977851778722 38 40 -1
40 -49.156711208417676 -139.75286065863804 1329.1411199076604 39 41 -1
41 -49.157070311409655 -139.81091336410952 1329.3042970599745 40 42 -1
42 -49.1568288730081 -139.86920502825703 1329.4673892246237 41 43 -1
43 -49.155996446065046 -139.92771129955946 1329.630402584971 42 44 -1
44 -49.154581333752866 -139.98640862678718 1329.7933432345635 43 45 -1
45 -49.15259210508851 -140.04527367686242 1329.9562173711386 44 46 -1
46 -49.150037237262 -140.10428348419373 1330.1190312289598 45 47 -1
47 -49.14692375802981 -140.16341570928554 1330.2817909428281 46 48 -1
48 -49.143260041000985 -140.2226479891155 1330.4445028152227 47 49 -1
49 -49.13905339353132 -140.28195847037216 1330.607173068219 48 50 -1
50 -49.134310545145006 -140.34132559938146 1330.7698079064116 49 51 -1
51 -49.12903849529777 -140.40072800940425 1330.9324135676245 50 52 -1
52 -49.12324408645515 -140.46014459029936 1331.094996276427 51 53 -1
53 -49.116933712447214 -140.5195544658181 1331.2575622288782 52 54 -1
54 -49.11011355835615 -140.57893694816624 1331.4201176035633 53 55 -1
55 -49.102789517422245 -140.63827150539126 1331.5826685577688 54 56 -1
56 -49.094967296236504 -140.69753774032327 1331.7452212275048 55 57 -1
57 -49.086652697545155 -140.75671543410527 1331.9077817154962 56 58 -1
58 -49.077851126372856 -140.81578445618538 1332.0703560899483 57 59 -1
59 -49.068567807918654 -140.87472476558108 1332.232950382948 58 60 -1
60 -49.05880779298877 -140.93351639218022 1332.3955705871085 59 61 -1
61 -49.04857596333179 -140.9921394183218 1332.5582226522681 60 62 -1
62 -49.03787703687998 -141.05057396064169 1332.7209124822164 61 63 -1
63 -49.0267155729019 -141.10880015216262 1332.8836459314177 62 64 -1
64 -49.015095977071105 -141.16679812461538 1333.046428801701 63 65 -1
65 -49.0030225068567 -141.22454800603643 1333.2092668335924 64 66 -1
66 -48.99049944229622 -141.2820359533644 1333.372163583199 65 67 -1
67 -48.977531385787465 -141.33926370129944 1333.5351171262746 66 68 -1
68 -48.964122948626354 -141.39623546519707 1333.6981247190388 67 69 -1
69 -48.95027868741159 -141.45295544479475 1333.8611836784444 68 70 -1
70 -48.93600310462332 -141.50942782448442 1334.024291380533 69 71 -1
71 -48.92130064921461 -141.56565677361547 1334.1874452588215 70 72 -1
72 -48.90617571721586 -141.6216464468242 1334.3506428027192 71 73 -1
73 -48.89063265235023 -141.67740098439145 1334.5138815559772 72 74 -1
74 -48.87467574665945 -141.73292451262637 1334.6771591151683 73 75 -1
75 -48.85830924113916 -141.78822114427624 1334.8404731281958 74 76 -1
76 -48.84153732638314 -141.84329497896042 1335.0038212928323 75 77 -1
77 -48.82436414323534 -141.89815010362886 1335.1672013552877 76 78 -1
78 -48.8067937834488 -141.95279059304525 1335.3306111088045 77 79 -1
79 -48.788830290351704 -142.00722051029112 1335.4940483922815 78 80 -1
80 -48.77047765951853 -142.06144390729446 1335.657511088923 79 81 -1
81 -48.75173983944712 -142.11546482537887 1335.8209971249166 80 82 -1
82 -48.73262073223982 -142.16928729583503 1335.984504468134 81 83 -1
83 -48.71312419428938 -142.22291534051254 1336.1480311268592 82 84 -1
84 -48.69325403696797 -142.27635297243293 1336.3115751485389 83 85 -1
85 -48.673013964284074 -142.3296041650183 1336.4751346208927 84 86 -1
86 -48.65240774998124 -142.3826729414575 1336.6387076635217 85 87 -1
87 -48.631439091297146 -142.43556330057817 1336.802292433459 86 88 -1
88 -48.610111627040375 -142.48827922685248 1336.9658871228216 87 89 -1
89 -48.58842895446517 -142.5408246992595 1337.1294899569984 88 90 -1
90 -48.56639462997447 -142.59320369201566 1337.2930991935305 89 91 -1
91 -48.544012169824455 -142.64542017532335 1337.4567131210138 90 92 -1
92 -48.52128505082982 -142.6974781161391 1337.62033005802 91 93 -1
93 -48.49821671106983 -142.74938147896032 1337.7839483520343 92 94 -1
94 -48.47481055059534 -142.8011342266296 1337.947566378411 93 95 -1
95 -48.45106993213565 -142.85274032115987 1338.1111825393468 94 96 -1
96 -48.42699818180623 -142.9042037245759 1338.274795262868 95 97 -1
97 -48.40259858981623 -142.9555283997764 1338.4384030018352 96 98 -1
98 -48.377874411176464 -143.00671831141358 1338.6020042329594 97 99 -1
99 -48.35282886640718 -143.05777742679302 1338.7655974558347 98 100 -1
100 -48.327465142246304 -143.108709716791 1338.929181191983 99 101 -1
101 -48.301786392356924 -143.15951915679298 1339.0927539839086 100 102 -1
102 -48.27579573803594 -143.21020972765 1339.2563143941688 101 103 -1
103 -48.24949626892183 -143.26078541665572 1339.4198610044511 102 104 -1
104 -48.22289104370298 -143.31125021854336 1339.5833924146623 103 105 -1
105 -48.195983090826154 -143.36160813650292 1339.7469072420258 104 106 -1
106 -48.16877540920519 -143.41186318321894 1339.9104041201888 105 107 -1
107 -48.1412709689303 -143.46201938192968 1340.073881698335 106 108 -1
108 -48.11347265986769 -143.51208075124703 1340.2373386363738 107 109 -1
109 -48.0853833741243 -143.5620513337184 1340.4007736092933 108 110 -1
110 -48.05700606187493 -143.6119352114249 1340.5641853117995 109 111 -1
111 -48.02834358487478 -143.6617364613424 1340.7275724462556 110 112 -1
112 -47.99939877962924 -143.71145917666442 1340.8909337262098 111 113 -1
113 -47.97017445810842 -143.7611074679989 1341.0542678755385 112 114 -1
114 -47.94067340846394 -143.81068546458826 1341.2175736275901 113 115 -1
115 -47.91089837116515 -143.86019730993803 1341.3808497215305 114 116 -1
116 -47.88085190914794 -143.90964713657783 1341.5440948851606 115 117 -1
117 -47.850536934896944 -143.9590391841836 1341.707307895584 116 118 -1
118 -47.81995614847109 -144.00837767003742 1341.870487515205 117 119 -1
119 -47.78911222974549 -144.0576668365959 1342.0336325116095 118 120 -1
120 -47.75800764812654 -144.1069109226508 1342.1967416292475 119 121 -1
121 -47.726645120731334 -144.1561142446085 1342.3598136512542 120 122 -1
122 -47.69502737417381 -144.205281147613 1342.5228473694028 121 123 -1
123 -47.66315693116354 -144.2544159806866 1342.685841549332 122 124 -1
124 -47.631036191759655 -144.3035231207733 1342.8487949373143 123 125 -1
125 -47.5986679918485 -144.35260702685068 1343.0117063539265 124 126 -1
126 -47.56605472107588 -144.40167215037903 1343.1745745466708 125 127 -1
127 -47.53319885713666 -144.45072299639696 1343.3373982758726 126 128 -1
128 -47.5 -144.5 1343.5 127 129 130
129 -47.481523813460605 -144.38205375302468 1343.642616360536 128 131 -1
130 -47.35708442789551 -144.61260764458447 1343.4930292732636 128 132 -1
131 -47.461773647126215 -144.2676421157991 1343.7878341096496 129 133 -1
132 -47.213050072012116 -144.7233549029168 1343.4838372113304 130 134 -1
133 -47.440795479688056 -144.15681841948614 1343.9356389763568 131 135 -1
134 -47.067835533286484 -144.8323460899603 1343.4724800177685 132 136 -1
135 -47.4186322484792 -144.0496663132903 1344.0859568805067 133 137 -1
136 -46.921468764490854 -144.9395323422705 1343.4589455629357 134 138 -1
137 -47.39533393725984 -143.94625466304893 1344.238703430311 135 139 -1
138 -46.77397984207366 -145.04486584905794 1343.4432242736855 136 140 -1
139 -47.370955761267055 -143.84664176916456 1344.3937882846287 137 141 -1
140 -46.62540119987799 -145.14830059569232 1343.4253098594309 138 142 -1
141 -47.345558540638876 -143.75087299167126 1344.5511149044096 139 143 -1
142 -46.475764219566244 -145.2497862419167 1343.405192347141 140 144 -1
143 -47.31921377449183 -143.65895695038705 1344.710569387067 141 145 -1
144 -46.32510889116763 -145.3492867190646 1343.3828787758596 142 146 -1
145 -47.29199502524881 -143.570894715996 1344.8720394361549 143 147 -1
146 -46.17347020099952 -145.44675480515014 1343.358364639068 144 148 -1
147 -47.2639786368119 -143.48667747177728 1345.0354133386002 145 149 -1
148 -46.02089088243671 -145.54215807950715 1343.3316621671447 146 150 -1
149 -47.23524338389584 -143.40628895180888 1345.200581519187 147 151 -1
150 -45.867411425369596 -145.6354589228046 1343.3027784452368 148 152 -1
151 -47.205878166491175 -143.3296562943424 1345.3674159761297 149 153 -1
152 -45.71307443438039 -145.72662397541475 1343.2717255047548 150 154 -1
153 -47.175967329985006 -143.25672899920784 1345.5358073847008 151 155 -1
154 -45.55792510671631 -145.81562683339126 1343.2385225945065 152 156 -1
155 -47.14559902810689 -143.18743120188597 1345.7056437112801 153 157 -1
156 -45.40200842837049 -145.90244174015393 1343.20318957702 154 158 -1
157 -47.11486472556193 -143.12164933670087 1345.8768075340652 155 159 -1
158 -45.245370164969465 -145.98704666349153 1343.1657498780028 156 160 -1
159 -47.083851287861634 -143.05931109534336 1346.0492056437454 157 161 -1
160 -45.088056583938 -146.06942338257073 1343.1262303405415 158 162 -1
161 -47.05265092154245 -143.0002651706243 1346.2227256371655 159 163 -1
162 -44.93011417974325 -146.1495575437877 1343.084661057695 160 164 -1
163 -47.021351584104124 -142.94440585114037 1346.3972800739439 161 165 -1
164 -44.77158940560899 -146.22743868568824 1343.041075186211 162 166 -1
165 -46.990041786146804 -142.89158608382766 1346.5727765544439 163 167 -1
166 -44.612528414825505 -146.30306023370375 1342.9955087443043 164 168 -1
167 -46.958808299260276 -142.84166423550053 1346.7491330423038 165 169 -1
168 -44.45297681445067 -146.3764194659302 1342.948000396571 166 170 -1
169 -46.92773700466095 -142.7944978198735 1346.9262751185386 167 171 -1
170 -44.292979433832336 -146.44751745160056 1342.898591229144 168 172 -1
171 -46.89691038267115 -142.74991821303442 1347.1041286239206 169 173 -1
172 -44.13258010997935 -146.5163589642647 1342.847324518183 170 174 -1
173 -46.866413181399665 -142.70778951055533 1347.2826353573817 171 175 -1
174 -43.971821491390074 -146.58295237198737 1342.7942454947079 172 176 -1
175 -46.83632232292346 -142.66792890934911 1347.4617311151978 173 177 -1
176 -43.81074459787646 -146.647307403986 1342.7393994826862 174 178 -1
177 -46.806719348818945 -142.63019015014663 1347.6413672097008 175 179 -1
178 -43.64938942356707 -146.7094404049998 1342.6828359228102 176 180 -1
179 -46.777679142592554 -142.59440151709023 1347.821493731527 177 181 -1
180 -43.48779418919615 -146.76937049851495 1342.6246051549379 178 182 -1
181 -46.74927586379759 -142.56039793137631 1348.0020672162232 179 183 -1
182 -43.32599523183595 -146.82711901701632 1342.5647579404745 180 184 -1
183 -46.721587182682114 -142.52802520569006 1348.1830510722093 181 185 -1
184 -43.164027008621666 -146.88270990151062 1342.5033457233685 182 186 -1
185 -46.69467950453521 -142.49710817630952 1348.3644069572526 183 187 -1
186 -43.00192190769824 -146.93616699146963 1342.4404186887382 184 188 -1
187 -46.668626881477174 -142.46749098128643 1348.5461043856571 185 189 -1
188 -42.83971069599278 -146.98752255990843 1342.3760317071856 186 190 -1
189 -46.64349892988893 -142.43901164052463 1348.7281137431946 187 191 -1
190 -42.67742186265817 -147.03680796796846 1342.3102376204956 188 192 -1
191 -46.619359506312 -142.41150564536727 1348.9104064151225 189 193 -1
192 -42.5150818426763 -147.08405657895878 1342.2430893299581 190 194 -1
193 -46.59628010576709 -142.3848183735408 1349.092957924826 191 195 -1
194 -42.35271500828421 -147.12930161174714 1342.1746384019732 192 196 -1
195 -46.574326344828265 -142.35879142285162 1349.275743474242 193 197 -1
196 -42.19034373865848 -147.17258104920506 1342.1049382361377 194 198 -1
197 -46.55355912237555 -142.333267292945 1349.4587384701106 195 199 -1
198 -42.027988337246015 -147.21393408211097 1342.0340416679965 196 200 -1
199 -46.53404445760848 -142.30809338214547 1349.6419197445111 197 201 -1
200 -41.86566710202872 -147.2534001947572 1341.9620004371852 198 202 -1
201 -46.51585136365453 -142.28311801221176 1349.8252641205188 199 203 -1
202 -41.70339638109141 -147.2910199493809 1341.8888657099137 200 204 -1
203 -46.4990352024926 -142.25818982209825 1350.0087462803572 201 205 -1
204 -41.54119067869221 -147.32683357322196 1341.81468728876 202 206 -1
205 -46.48365774256126 -142.23316120197936 1350.1923409090148 203 207 -1
206 -41.379062592922864 -147.3608840339414 1341.7395154022663 204 208 -1
207 -46.46978278622912 -142.20788571794793 1350.3760213509295 205 209 -1
208 -41.21702291702719 -147.39321496679332 1341.663399471143 206 210 -1
209 -46.457474257069535 -142.18221775429387 1350.5597589298088 207 211 -1
210 -41.05508076232002 -147.4238697208606 1341.5863876276449 208 212 -1
211 -46.446784956245196 -142.15601690303203 1350.743522530589 209 213 -1
212 -40.893243600854916 -147.45289200857155 1341.5085271228097 210 214 -1
213 -46.43773921164245 -142.12917815106061 1350.927282343667 211 215 -1
214 -40.7315173381192 -147.48032579357007 1341.429864297552 212 216 -1
215 -46.43024265253876 -142.10171756333492 1351.1110201256752 213 217 -1
216 -40.56990638699165 -147.50621518859094 1341.35044456273 214 218 -1
217 -46.424176152751976 -142.07367757146247 1351.2947232815977 215 219 -1
218 -40.408413742185225 -147.53060436313282 1341.270312387428 216 220 -1
219 -46.41942269521134 -142.04509929745177 1351.478382228802 217 221 -1
220 -40.24704105449 -147.5535374606463 1341.1895112947218 218 222 -1
221 -46.41586020613923 -142.01602558911128 1351.661990434581 219 223 -1
222 -40.0857887042311 -147.57505852489277 1341.1080838642015 220 224 -1
223 -46.41337293544647 -141.9864964053836 1351.8455437204966 221 225 -1
224 -39.92465587343891 -147.59521143508616 1341.0260717405747 222 226 -1
225 -46.411846683075666 -141.9565507902951 1352.029040097105 223 227 -1
226 -39.763640616315236 -147.6140398493925 1340.9435156476984 224 228 -1
227 -46.41116875472218 -141.92622692725453 1352.2124794951737 225 229 -1
228 -39.602739927656636 -147.6315871563398 1340.8604554074218 226 230 -1
229 -46.411227895586855 -141.8955621993454 1352.3958635102326 227 231 -1
230 -39.44194980896019 -147.64789643367848 1340.7769299626852 228 232 -1
231 -46.41191420572454 -141.86459325444767 1352.5791951599094 229 233 -1
232 -39.28126533201216 -147.66301041422219 1340.6929774043263 230 234 -1
233 -46.413119040243444 -141.83335607416996 1352.7624786532524 231 235 -1
234 -39.12068069979917 -147.67697145820634 1340.6086350011356 232 236 -1
235 -46.41473512720115 -141.80188589633212 1352.945719143059 233 237 -1
236 -38.96018930465491 -147.68982153170126 1340.5239392326957 234 238 -1
237 -46.41665579773953 -141.77021762573085 1353.1289225792686 235 239 -1
238 -38.79978378357519 -147.70160219063462 1340.4389258246292 236 240 -1
239 -46.4187750450934 -141.73838593522413 1353.3120955139354 237 241 -1
240 -38.6394560706982 -147.7123545699874 1340.353629785875 238 242 -1
241 -46.42098809655451 -141.70642485850985 1353.4952448139363 239 243 -1
242 -38.47919744695841 -147.72211937775066 1340.2680854476916 240 244 -1
243 -46.42319079425374 -141.67436814114456 1353.6783775239471 241 245 -1
244 -38.318998586970935 -147.73093689324426 1340.182326504093 242 246 -1
245 -46.42527945885389 -141.6422493173781 1353.8615006831596 243 247 -1
246 -38.15884960321251 -147.73884696942673 1340.0963860534741 244 248 -1
247 -46.42715075460248 -141.61010178654308 1354.0446211450555 245 249 -1
248 -37.998740106220076 -147.7458884976965 1340.0102965650617 246 250 -1
249 -46.42870155786738 -141.5779588886039 1354.2277453989059 247 251 -1
250 -37.83865918195942 -147.75210066532938 1339.9240901468768 248 252 -1
251 -46.42984909605226 -141.5458539975475 1354.4108792828192 249 253 -1
252 -37.678595473512345 -147.75752251220194 1339.8377984445253 250 254 -1
253 -46.430608311316064 -141.5138206093268 1354.5940277160348 251 255 -1
254 -37.51853723245049 -147.76219228799505 1339.7514526121322 252 256 -1
255 -46.43102497789831 -141.48189222533722 1354.7771955891503 253 257 -1
256 -37.35847233282968 -147.7661478750318 1339.6650834268446 254 258 -1
257 -46.431144735150724 -141.45010235266136 1354.9603879914048 255 259 -1
258 -37.19838830053774 -147.76942678388198 1339.5787213354029 256 260 -1
259 -46.43101310119956 -141.4184845526211 1355.1436101651454 257 261 -1
260 -37.038272280604424 -147.77206539753254 1339.492396593583 258 262 -1
261 -46.43067552535282 -141.3870724896024 1355.3268674604883 259 263 -1
262 -36.87811121454239 -147.77410156090986 1339.406139112315 260 264 -1
263 -46.43017744119152 -141.35589998006157 1355.5101652901287 261 265 -1
264 -36.71789175317515 -147.77557190847446 1339.3199786157172 262 266 -1
265 -46.42956432021071 -141.32500104166817 1355.6935090839852 263 267 -1
266 -36.55760030723886 -147.77651282231506 1339.2339446776646 264 268 -1
267 -46.428881725879094 -141.2944099425358 1355.8769042433573 265 269 -1
268 -36.39722303551792 -147.77696029779014 1339.1480668333456 266 270 -1
269 -46.428175367985546 -141.2641612504887 1356.060356094269 267 271 -1
270 -36.23674582805351 -147.77694998591335 1339.0623747042657 268 272 -1
271 -46.42749115713767 -141.23428988230268 1356.24386983967 269 273 -1
272 -36.07615461462909 -147.77651826833278 1338.9768975025493 270 274 -1
273 -46.426875259270055 -141.2048311528478 1356.427450510152 271 275 -1
274 -35.91543507404149 -147.77570080637364 1338.8916646566165 272 276 -1
275 -46.42637415001016 -141.17582082404954 1356.6111029128506 273 277 -1
276 -35.754572756503826 -147.77453315611334 1338.8067056730079 274 278 -1
277 -46.42603490652737 -141.1472957476656 1356.7948316698967 275 279 -1
278 -35.59355298080932 -147.77305059953673 1338.7220504224576 276 280 -1
279 -46.42590496406372 -141.11929288989106 1356.9786409978617 277 281 -1
280 -35.43236107242845 -147.7712886583083 1338.6377287687305 278 282 -1
281 -46.426031926524075 -141.0918491989423 1357.162534628301 279 283 -1
282 -35.27098244428604 -147.76928300072348 1338.5537704946742 280 284 -1
283 -46.42646408483526 -141.06500274717783 1357.346515914586 281 285 -1
284 -35.109402349168114 -147.7670690830068 1338.470205871691 282 286 -1
285 -46.42725030658395 -141.03879229491397 1357.5305876902528 283 287 -1
286 -34.947606020489616 -147.7646824192597 1338.387065477954 284 288 -1
287 -46.428437405770296 -141.01325355806463 1357.7147517000794 285 289 -1
288 -34.785578645868505 -147.76215859441518 1338.3043803434555 286 290 -1
289 -46.43003905055811 -140.98837530935606 1357.8990029745382 287 291 -1
290 -34.62330529329254 -147.759533314148 1338.2221821948515 288 292 -1
291 -46.432044924863725 -140.96411213485604 1358.0833323162071 289 293 -1
292 -34.46077152363377 -147.75684259886276 1338.1405023369007 290 294 -1
293 -46.4344441746521 -140.94041744005162 1358.2677309139835 291 295 -1
294 -34.29796274866347 -147.75412252116746 1338.0593730219102 292 296 -1
295 -46.43722663731956 -140.91724500990898 1358.4521905004897 293 297 -1
296 -34.134864493524915 -147.7514093775916 1337.9788270364525 294 298 -1
297 -46.4403793967041 -140.89454451968308 1358.636702815162 295 299 -1
298 -33.971462428496274 -147.74873972112292 1337.898897746471 296 300 -1
299 -46.44389075703085 -140.87226706125395 1358.821260219957 297 301 -1
300 -33.80774240309572 -147.74615039313417 1337.8196191420186 298 302 -1
301 -46.447748848192134 -140.85036314862154 1359.005855421368 299 303 -1
302 -33.64369048278037 -147.74367855453852 1337.7410258815014 300 304 -1
303 -46.451941633190565 -140.82878274680036 1359.190481436705 301 305 -1
304 -33.47929298848977 -147.74136171599633 1337.6631533352906 302 306 -1
305 -46.45645846113881 -140.80747641090716 1359.3751316470039 303 307 -1
306 -33.31453655370856 -147.73923635373168 1337.586037635234 304 308 -1
307 -46.46128556647168 -140.78639162933797 1359.5597994436453 305 309 -1
308 -33.14940844702669 -147.7373079608625 1337.5097158429485 306 310 -1
309 -46.466410229074796 -140.76547666920686 1359.7444785394578 307 311 -1
310 -32.98389648432301 -147.7355512785434 1337.4342259407877 308 312 -1
311 -46.47181979561304 -140.74467953284932 1359.9291628206608 309 313 -1
312 -32.81798875896634 -147.7339395242081 1337.3596066124903 310 314 -1
313 -46.47750244818974 -140.7239478556888 1360.1138462641895 311 315 -1
314 -32.65167358549238 -147.73244569303776 1337.2858974520398 312 316 -1
315 -46.48344489208086 -140.703228288141 1360.2985228916846 313 317 -1
316 -32.48493962406802 -147.73104250910293 1337.2131388179682 314 318 -1
317 -46.48963333486363 -140.6824674514281 1360.4831868047465 315 319 -1
318 -32.31777588537687 -147.72970242215837 1337.1413719561215 316 320 -1
319 -46.496054582157456 -140.66161179583628 1360.6678320834408 317 321 -1
320 -32.15017178795374 -147.72839758729927 1337.0706390126495 318 322 -1
321 -46.50269648205047 -140.640606315248 1360.8524525693106 319 323 -1
322 -31.982117210867923 -147.72709984861643 1337.0009830628878 320 324 -1
323 -46.509544587027364 -140.6193969969497 1361.0370422100918 321 325 -1
324 -31.813602550107216 -147.72578072402408 1336.9324481377864 322 326 -1
325 -46.516585010749495 -140.5979296089678 1361.2215947741336 323 327 -1
326 -31.644618778818447 -147.72441139144897 1336.8650792474973 324 328 -1
327 -46.52380448467505 -140.57614853857524 1361.4061036547082 325 329 -1
328 -31.475157511541816 -147.72296267658558 1336.798922401693 326 330 -1
329 -46.53118950308298 -140.55399740113327 1361.5905619105386 327 331 -1
330 -31.305210373832224 -147.72140484598532 1336.7340264811828 328 332 -1
331 -46.53872525134662 -140.53142269351235 1361.774962698527 329 333 -1
332 -31.13477100212492 -147.7197080524529 1336.670438235034 330 334 -1
333 -46.54639779133015 -140.50836879269394 1361.959298537753 331 335 -1
334 -30.963833431549517 -147.71784200949594 1336.6082066061879 332 336 -1
335 -46.55419366569344 -140.48477642512412 1362.1435610444055 333 337 -1
336 -30.792392314898844 -147.71577591772694 1336.5473824881965 334 338 -1
337 -46.562097649978014 -140.46059364616346 1362.3277423703007 335 339 -1
338 -30.62044295255548 -147.71347834268738 1336.4880190165566 336 340 -1
339 -46.57009540195453 -140.4357649766523 1362.5118336758617 337 341 -1
340 -30.44798319888566 -147.7109181403594 1336.4301662141877 338 342 -1
341 -46.57817300436144 -140.41022886756687 1362.695824676648 339 343 -1
342 -30.275010693697663 -147.70806307467566 1336.373879326166 340 344 -1
343 -46.5863151552936 -140.38393528352248 1362.8797060870454 341 345 -1
344 -30.101524874216228 -147.70488072866328 1336.3192132626482 342 346 -1
345 -46.59450723268654 -140.35682879890396 1363.0634671886776 343 347 -1
346 -29.9275272114898 -147.701338762753 1336.2662218823598 344 348 -1
347 -46.602734679967895 -140.32884702365888 1363.2470954407072 345 349 -1
348 -29.75301913732772 -147.69740332018188 1336.2149652311487 346 350 -1
349 -46.61098230247029 -140.2999418863634 1363.4305796757242 347 351 -1
350 -29.578005884856978 -147.69304189764344 1336.1654968566902 348 352 -1
351 -46.61923523104715 -140.27005791981807 1363.6139067740532 349 353 -1
352 -29.402492082358624 -147.68821968766824 1336.1178795081084 350 354 -1
353 -46.62747834668908 -140.23913374975015 1363.797061691179 351 355 -1
354 -29.226486451810217 -147.68290363296433 1336.0721685054168 352 356 -1
355 -46.63569664530244 -140.20712324699315 1363.9800309552822 353 357 -1
356 -29.049997970147597 -147.67705876251043 1336.0284264158809 354 358 -1
357 -46.64387506762877 -140.17397145405155 1364.1627986438534 355 359 -1
358 -28.873038676737007 -147.67065088759637 1335.9867126276936 356 360 -1
359 -46.6520042359511 -140.1396610011635 1364.3453545891205 357 361 -1
360 -28.69562291827973 -147.6636459394436 1335.9470862312694 358 362 -1
361 -46.66008691212751 -140.1042662566918 1364.5277055115628 359 363 -1
362 -28.517766030487685 -147.65600787064758 1335.9096131087838 360 364 -1
363 -46.66812681339258 -140.06785974039826 1364.7098590648895 361 365 -1
364 -28.33948770863401 -147.64770338951146 1335.8743498970034 362 366 -1
365 -46.67612773309638 -140.0305140622402 1364.89182414125 363 367 -1
366 -28.16080916258009 -147.6386979487231 1335.8413578394961 364 368 -1
367 -46.68409383315537 -139.99230936713184 1365.07361236047 365 369 -1
368 -27.98175368267843 -147.62895595642598 1335.8107016876133 366 370 -1
369 -46.692028971927215 -139.9533170532452 1365.2552346562777 367 371 -1
370 -27.802348471762173 -147.61844441538472 1335.782438330805 368 372 -1
371 -46.699937145642586 -139.91361048498803 1365.4367033411393 369 373 -1
372 -27.622622944083982 -147.60712978320933 1335.7566269633926 370 374 -1
373 -46.70782253434312 -139.87326689665016 1365.6180324842321 371 375 -1
374 -27.442609230963367 -147.5949787403 1335.7333266238215 372 376 -1
375 -46.71568912868271 -139.8323571062718 1365.7992355640617 373 377 -1
376 -27.262342170037066 -147.58195781515025 1335.7125973040397 374 378 -1
377 -46.723541073327205 -139.79095506055637 1365.9803274584829 375 379 -1
378 -27.081860051040778 -147.56803637991038 1335.6944912799504 376 380 -1
379 -46.73138256269309 -139.74913580220945 1366.1613239304795 377 381 -1
380 -26.90120363332431 -147.5531836243003 1335.6790621852058 378 382 -1
381 -46.73921772862834 -139.70697034152568 1366.342240350295 379 383 -1
382 -26.720416481231624 -147.5373697976376 1335.666361393416 380 384 -1
383 -46.747050809410474 -139.66453318302595 1366.5230933313856 381 385 -1
384 -26.539544849030438 -147.52056513613292 1335.6564410765568 382 386 -1
385 -46.75488602229286 -139.62189801893086 1366.7038996510503 383 387 -1
386 -26.358637833007435 -147.5027433117103 1335.6493446352554 384 388 -1
387 -46.762727678010485 -139.57913724728638 1366.8846760309452 385 389 -1
388 -26.177746888534692 -147.48387884496458 1335.6451141093985 386 390 -1
389 -46.77058002157288 -139.5363255313367 1367.0654398907702 387 391 -1
390 -25.99692577896807 -147.46394766987547 1335.6437886254982 388 392 -1
391 -46.77844736332637 -139.49353655066062 1367.246208480682 389 393 -1
392 -25.816230664328007 -147.4429258798192 1335.645407788921 390 394 -1
393 -46.78633415280857 -139.45084536016932 1367.426999339118 391 395 -1
394 -25.635719342837643 -147.42079418618397 1335.6499997272138 392 396 -1
395 -46.79424460512309 -139.40832598414133 1367.607829642887 393 397 -1
396 -25.455451228222948 -147.39753456992958 1335.6575902566851 394 398 -1
397 -46.80218327450743 -139.36605520606363 1367.7887169746227 395 399 -1
398 -25.27548765959317 -147.37312910591407 1335.668205927374 396 400 -1
399 -46.81015450659225 -139.32410862932258 1367.9696783171885 397 401 -1
400 -25.095890511839293 -147.34756440567998 1335.681862310852 398 402 -1
401 -46.8181750803887 -139.28256257703543 1368.1507298386075 399 403 -1
402 -24.91672231829687 -147.32082918234954 1335.698570535638 400 404 -1
403 -46.82635402681134 -139.24149875172353 1368.331884230383 401 405 -1
404 -24.73804716657757 -147.2929117780002 1335.718343662317 402 406 -1
405 -46.83483971286846 -139.2009930108992 1368.5131500828086 403 407 -1
406 -24.559927264153412 -147.26380744971456 1335.741177828063 404 408 -1
407 -46.84378758592556 -139.16113211635184 1368.6945365608362 405 409 -1
408 -24.38242684970139 -147.23350887892494 1335.76707678413 406 410 -1
409 -46.853346822048024 -139.12199327160786 1368.8760489704237 407 411 -1
410 -24.205607453286987 -147.20201525196757 1335.7960285125591 408 412 -1
411 -46.8636754343092 -139.08366434766216 1369.05769192748 409 413 -1
412 -24.02953024197797 -147.16932667298045 1335.8280196055857 410 414 -1
413 -46.87492638352406 -139.04622771197185 1369.2394660377936 411 415 -1
414 -23.854256745200495 -147.13544314739252 1335.863037745042 412 416 -1
415 -46.88725812574945 -139.00977152841807 1369.4213691529385 413 417 -1
416 -23.67984423210315 -147.10037086987782 1335.9010557691772 414 418 -1
417 -46.90082767276922 -138.97438311858184 1369.6033948310287 415 419 -1
418 -23.506349201114915 -147.0641163371126 1335.942046589875 416 420 -1
419 -46.915793307742184 -138.9401516762603 1369.7855321444083 417 421 -1
420 -23.333825950112757 -147.0266881095968 1335.9859786894672 418 422 -1
421 -46.93231424363156 -138.907168126465 1369.967765092258 419 423 -1
422 -23.16232618472552 -146.98809685939605 1336.0328159808516 420 424 -1
423 -46.950548817904405 -138.87552378638858 1370.1500718915765 421 425 -1
424 -22.991898738881016 -146.94835527262399 1336.082518032361 422 426 -1
425 -46.97065460413973 -138.84531075114046 1370.3324245540437 423 427 -1
426 -22.822589323368994 -146.90747793853652 1336.1350403237432 424 428 -1
427 -46.99279049585534 -138.8166235524148 1370.5147882771328 425 429 -1
428 -22.654442772515583 -146.8654789644912 1336.1903401165805 426 430 -1
429 -47.01710700691823 -138.78955215252088 1370.69712107707 427 431 -1
430 -22.487496967146456 -146.82237752469024 1336.2483626940832 428 432 -1
431 -47.043763539353456 -138.7641948566752 1370.8793729532008 429 433 -1
432 -22.321788751477406 -146.77819188231467 1336.3090561402832 430 434 -1
433 -47.072897333666035 -138.74063575575204 1371.0614867020067 431 435 -1
434 -22.15735193759288 -146.73294127389468 1336.372366624962 432 436 -1
435 -47.10466397767263 -138.71897454666114 1371.2433954910498 433 437 -1
436 -21.994216694618554 -146.68664623613313 1336.4382375777375 434 438 -1
437 -47.13908414358214 -138.6992232970709 1371.425038880152 435 439 -1
438 -21.832408474967824 -146.63932921257194 1336.506608191651 436 440 -1
439 -47.17608768866469 -138.68133874796672 1371.6063676464032 437 441 -1
440 -21.671951215418737 -146.59101195379677 1336.577419760601 438 442 -1
441 -47.21555186558756 -138.66523902600736 1371.7873446653196 439 443 -1
442 -21.512865388434765 -146.54171701313047 1336.6506119860064 440 444 -1
443 -47.257397729237006 -138.65087269230415 1371.9679322997372 441 445 -1
444 -21.355168015956824 -146.49146762252906 1336.7261232641956 442 446 -1
445 -47.301503674751395 -138.63815598358508 1372.1481054591413 443 447 -1
446 -21.198872707331535 -146.4402875708349 1336.8038909685945 444 448 -1
447 -47.34778865260877 -138.62703349796425 1372.3278370955438 445 449 -1
448 -21.043989719752535 -146.38820108544303 1336.883851724227 446 450 -1
449 -47.39613812043315 -138.61742417496617 1372.5071120471807 447 451 -1
450 -20.89052952408991 -146.33523062200155 1336.9659467226963 448 452 -1
451 -47.44646630752447 -138.6092669265314 1372.6859138938817 449 453 -1
452 -20.73849598871655 -146.28140111321332 1337.0501114444057 450 454 -1
453 -47.49867071588016 -138.60248736027006 1372.8642348080896 451 455 -1
454 -20.587893814779328 -146.2267353804057 1337.1362867172393 452 456 -1
455 -47.552658453395715 -138.5970171633249 1373.042069165336 453 457 -1
456 -20.43872187481513 -146.17125810382552 1337.2244091456273 454 458 -1
457 -47.60834276280105 -138.59279161863316 1373.2194137451825 455 459 -1
458 -20.29098003341467 -146.11499189617703 1337.3144205317708 456 460 -1
459 -47.66562380615963 -138.58973558623074 1373.3962732405341 457 461 -1
460 -20.14466646760229 -146.05795896322041 1337.406263859502 458 462 -1
461 -47.72442688005618 -138.58779154864453 1373.572648391934 459 463 -1
462 -20.0 -146.0 1337.5 460 464 465
463 -47.78465642185007 -138.58688603048896 1373.7485500246637 461 466 -1
464 -20.03264793502466 -146.013194676598 1337.6885349982572 462 467 -1
465 -19.841308845325013 -145.96264594526443 1337.4030414094736 462 468 -1
466 -47.84622979660727 -138.58695437222437 1373.9239881981332 463 469 -1
467 -20.06648960819028 -146.0262493664807 1337.8768406589577 464 470 -1
468 -19.68116986314862 -145.9266149431354 1337.307977522955 465 471 -1
469 -47.90907400264925 -138.58793824244444 1374.0989724938888 466 472 -1
470 -20.101471918336582 -146.03921053958712 1338.0649442597519 467 473 -1
471 -19.519467633536717 -145.89209065976516 1337.2150242689042 468 474 -1
472 -47.97310073558887 -138.58976776341518 1374.2735208196873 469 475 -1
473 -20.137513042083153 -146.05212195283917 1338.2528513230866 470 476 -1
474 -19.356225943170262 -145.8591170985832 1337.124223815126 471 477 -1
475 -48.03823477448516 -138.5923820207088 1374.4476490441969 472 478 -1
476 -20.174556693096097 -146.06502647120067 1338.440563826006 473 479 -1
477 -19.1914644032805 -145.82774583059776 1337.0356276606576 474 480 -1
478 -48.10440715255151 -138.59572399806513 1374.6213729207336 475 481 -1
479 -20.212535972181186 -146.07796811841806 1338.62808674048 476 482 -1
480 -19.02521667718575 -145.79801664911395 1336.9492699952143 477 483 -1
481 -48.171537508179625 -138.59972833063935 1374.7947148803328 478 484 -1
482 -20.251381656835527 -146.0909914846488 1338.815426454821 479 485 -1
483 -18.857511281219985 -145.76997791522265 1336.8651955915614 480 486 -1
484 -48.23955487763512 -138.60433595407642 1374.9676957525512 481 487 -1
485 -20.29103243489479 -146.10414285865258 1339.0025885021814 482 488 -1
486 -18.688381452929406 -145.74367623516542 1336.7834455028417 483 489 -1
487 -48.30839407741042 -138.60949132465265 1375.1403357790036 484 490 -1
488 -20.331414011051443 -146.11746760441477 1339.1895819791723 485 491 -1
489 -18.517869880120372 -145.71914952035314 1336.7040479786726 486 492 -1
490 -48.37798306896477 -138.61513405139922 1375.31265970862 487 493 -1
491 -20.372463680691983 -146.1310146034285 1339.3764139703 488 494 -1
492 -18.346018787947656 -145.69643872377316 1336.627034171541 489 495 -1
493 -48.44825394698203 -138.6212063740876 1375.484692114316 490 496 -1
494 -20.414107360901067 -146.14483085620662 1339.5630947360476 491 497 -1
495 -18.172874156489964 -145.6755824676738 1336.5524309144907 492 498 -1
496 -48.519141733492994 -138.62765222660505 1375.6564576631902 493 499 -1
497 -20.456276480578175 -146.15896632220978 1339.7496336141648 494 500 -1
498 -17.998485466847693 -145.65661682201022 1336.480260464426 495 501 -1
499 -48.59058424164517 -138.63441690728172 1375.827980980178 496 502 -1
500 -20.498899709814708 -146.17347249098995 1339.9360407809306 497 503 -1
501 -17.822905411672572 -145.63957510265666 1336.4105402787154 498 504 -1
502 -48.66251441238504 -138.64144284269543 1375.9992898699836 499 505 -1
503 -20.541900848632196 -146.1883968401244 1340.1223281112486 500 506 -1
504 -17.646189574134382 -145.62448769226253 1336.3432828286282 501 507 -1
505 -48.734869574918875 -138.64867497974907 1376.170411122857 502 508 -1
506 -20.585210891075597 -146.20380039316635 1340.308504836979 503 509 -1
507 -17.468396079975054 -145.61138188621078 1336.278495452475 504 510 -1
508 -48.80758820896038 -138.65605868598982 1376.3413717735657 505 511 -1
509 -20.62874782675792 -146.21972458969796 1340.4945848110253 506 512 -1
510 -17.28958411624539 -145.60028412266627 1336.216183122618 507 513 -1
511 -48.8806092959441 -138.66353922536152 1376.5121992595818 508 514 -1
512 -20.672439485092678 -146.23624060968305 1340.6805769041252 509 515 -1
513 -17.109815081896304 -145.59121729294054 1336.1563450960678 510 516 -1
514 -48.95386996150005 -138.67106134051176 1376.682922320401 511 517 -1
515 -20.716203136543974 -146.25339173184543 1340.8664945523446 512 518 -1
516 -16.929154332518507 -145.5841952278907 1336.0989684279805 513 519 -1
517 -49.02730931425766 -138.678570492833 1376.8535691694578 514 520 -1
518 -20.75995928209976 -146.2712389193793 1341.0523484304588 515 521 -1
519 -16.747666452169923 -145.57923177385086 1336.0440391203433 516 522 -1
520 -49.100866685476724 -138.68601175367317 1377.024168157272 517 523 -1
521 -20.803623093658818 -146.28985113559267 1341.2381489460984 518 524 -1
522 -16.565415013257716 -145.5763420582529 1335.9915434115856 519 525 -1
523 -49.17448079029433 -138.69332956547058 1377.1947480112074 520 526 -1
524 -20.84711168405609 -146.30927479986204 1341.4239074583609 521 527 -1
525 -16.382465653467108 -145.57553351868273 1335.9414572473167 522 528 -1
526 -49.2480900423812 -138.70046908451522 1377.3653375090762 523 529 -1
527 -20.890335739102152 -146.32958176362777 1341.60963322673 524 530 -1
528 -16.19888525535658 -145.5768050837286 1335.8937457731959 525 531 -1
529 -49.32163299378344 -138.7073747848375 1377.5359652151674 526 532 -1
530 -20.9332024231335 -146.35084090896538 1341.7953352106792 527 533 -1
531 -16.01473703368436 -145.5801627627213 1335.848381151757 528 534 -1
532 -49.39504677826112 -138.71398900168913 1377.7066600668957 529 535 -1
533 -20.9756239682756 -146.37310568216895 1341.9810215034431 530 536 -1
534 -15.830085307481783 -145.58560297304552 1335.8053236110954 531 537 -1
535 -49.46826846428833 -138.72025525597599 1377.877450513105 532 538 -1
536 -21.017504593876986 -146.39644586148034 1342.1666985029658 533 539 -1
537 -15.644993900059303 -145.59311458273342 1335.7645242806946 534 540 -1
538 -49.541250073385115 -138.72611673791695 1378.0483580340608 535 541 -1
539 -21.058734065930036 -146.42095049177388 1342.3523711335317 536 542 -1
540 -15.459522235633134 -145.6026981487281 1335.725946011272 537 543 -1
541 -49.614025391425244 -138.73151289808587 1378.2193688111245 538 544 -1
542 -21.09922094272143 -146.4466711866449 1342.5380425708245 539 545 -1
543 -15.273731272193684 -145.61433362758203 1335.6895287316402 540 546 -1
544 -49.686658593545175 -138.7363815451452 1378.3904558118204 541 547 -1
545 -21.138860090543254 -146.4736814609607 1342.7237137161658 542 548 -1
546 -15.087678102164684 -145.6280077339452 1335.6552190220343 543 549 -1
547 -49.75921528928282 -138.7406651197002 1378.5615909020203 544 550 -1
548 -21.177542528139828 -146.5020567011203 1342.9093830259515 545 551 -1
549 -14.901417411649344 -145.64370854764078 1335.6229639996382 546 552 -1
550 -49.83176035378844 -138.74430216718952 1378.7327458668601 547 553 -1
551 -21.215142642449717 -146.53189028343152 1343.0950459829437 548 554 -1
552 -14.715002706667512 -145.66140849460504 1335.5926944800883 549 555 -1
553 -49.904359564357115 -138.74722881082428 1378.9038914703915 550 556 -1
554 -21.251552206674294 -146.56324811984337 1343.2806948529735 551 557 -1
555 -14.528483748524897 -145.68109229687263 1335.5643531109035 552 558 -1
556 -49.9770778544364 -138.74938934203922 1379.0749978714382 553 559 -1
557 -21.286666077223817 -146.5962062104401 1343.4663159575543 554 560 -1
558 -14.341908288296437 -145.70273427082557 1335.5378719027506 555 561 -1
559 -50.04998053854645 -138.75072192251048 1379.2460342158765 556 562 -1
560 -21.32047903852852 -146.63084175608446 1343.651873124995 557 563 -1
561 -14.155321145398533 -145.72630531227222 1335.5131796130922 558 564 -1
562 -50.12313350872343 -138.7511635888666 1379.4169682476431 559 565 -1
563 -21.353044535736768 -146.66723051302571 1343.8373178437425 560 566 -1
564 -13.968764441308789 -145.75178527120423 1335.4902130160672 561 567 -1
565 -50.19659943930011 -138.75066069599632 1379.5877677941019 562 568 -1
566 -21.384419894548415 -146.7054482819934 1344.0225997625287 563 569 -1
567 -13.782277464574122 -145.77914199488376 1335.4688978568875 564 570 -1
568 -50.270443012457896 -138.7491514281568 1379.758398436004 565 571 -1
569 -21.414665307113253 -146.7455706868688 1344.207666817068 566 572 -1
570 -13.595896572039374 -145.80834409016782 1335.4491608738463 567 573 -1
571 -50.34472781847205 -138.74657636667484 1379.9288246261917 568 574 -1
572 -21.443843724433684 -146.7876729043141 1344.3924651868 569 575 -1
573 -13.409655697650294 -145.83936395538385 1335.430932160001 570 576 -1
574 -50.41951311015203 -138.7428843246869 1380.0990111737187 571 577 -1
575 -21.472017630857216 -146.8318364635141 1344.5769379820015 572 578 -1
576 -13.223586254908222 -145.87217274722335 1335.4141407647937 573 579 -1
577 -50.4948614332853 -138.73801494296637 1380.2689194853363 574 580 -1
578 -21.499259157577544 -146.87812697817725 1344.7610288706337 575 581 -1
579 -13.037716360226247 -145.90673444201295 1335.3987103985987 576 582 -1
580 -50.57083191910096 -138.73191378932646 1380.4385106246925 577 583 -1
581 -21.525638861065747 -146.92661573686132 1344.944678774734 578 584 -1
582 -12.852072025798407 -145.9430172679609 1335.384568702434 579 585 -1
583 -50.647479056710914 -138.72453333182747 1380.6077460172232 580 586 -1
584 -21.551229148727 -146.9773730436397 1345.1278266352556 581 587 -1
585 -12.66667688377005 -145.98098908239834 1335.3716435045176 582 588 -1
586 -50.724860668554186 -138.71581782680002 1380.7765831606284 583 589 -1
587 -21.57610226977887 -147.03046722139862 1345.3104098022116 584 590 -1
588 -12.481552438694813 -146.02061833425375 1335.359863557257 585 591 -1
589 -50.80303092420978 -138.7057166836608 1380.944979147745 586 592 -1
590 -21.600326516072936 -147.08596437617902 1345.4923644673956 587 593 -1
591 -12.29671808744897 -146.06187339936304 1335.3491580838397 588 594 -1
592 -50.88203741596516 -138.6941886686698 1381.1128924737018 589 595 -1
593 -21.623970684941742 -147.14392784774242 1345.6736250827764 590 596 -1
594 -12.112190502858477 -146.10471913935484 1335.3394547846392 591 597 -1
595 -50.96192898041234 -138.68118820955786 1381.2802786092666 592 598 -1
596 -21.647104869713488 -147.20441777101814 1345.8541243191958 593 599 -1
597 -11.927984839079953 -146.14912300464673 1335.3306839279433 594 600 -1
598 -51.042757417126424 -138.66666331022074 1381.4470885638675 595 601 -1
599 -21.66980024930072 -147.26749066525431 1346.033793184211 596 602 -1
600 -11.744114432824398 -146.1950525610468 1335.3227767035535 597 603 -1
601 -51.124559927897934 -138.65058375315505 1381.6132798227893 598 604 -1
602 -21.692128861120498 -147.33319902038482 1346.2125611725046 599 605 -1
603 -11.560590922328783 -146.24247555733942 1335.3156653233887 600 606 -1
604 -51.20737678224804 -138.6329121322137 1381.778805647108 601 607 -1
605 -21.714163357739746 -147.40159088553247 1346.390356450952 602 608 -1
606 -11.377424365637868 -146.29135998435183 1335.3092831090967 603 609 -1
607 -51.291245242930074 -138.6136138697966 1381.9436187652855 604 610 -1
608 -21.735976747867525 -147.47270946519055 1346.5671060799016 605 611 -1
609 -11.194623357205291 -146.34167412602932 1335.303564567591 606 612 -1
610 -51.37620352818457 -138.59265118811388 1382.1076685878604 607 613 -1
611 -21.757642122700894 -147.54659272918866 1346.742736271578 608 614 -1
612 -11.012195141974672 -146.39338660307416 1335.2984454554273 609 615 -1
613 -51.462279236532446 -138.57000069154486 1382.2709094738598 610 616 -1
614 -21.77920918548524 -147.62327411315218 1346.9171750797325 611 617 -1
615 -10.830146400305194 -146.44646875623576 1335.2938636649296 612 618 -1
616 -51.54949848133969 -138.54563926613068 1382.4332946856603 613 619 -1
617 -21.800529523287587 -147.7027906424104 1347.0903703672107 614 620 -1
618 -10.648481801810235 -146.5008890612529 1335.289757040425 615 621 -1
619 -51.637885159403154 -138.51954531966965 1382.5947769237587 616 622 -1
620 -21.821353822199985 -147.78517911373086 1347.2622787528742 617 623 -1
621 -10.467204976576944 -146.5566165173791 1335.2860649700892 618 624 -1
622 -51.72745965862454 -138.49170076428547 1382.7553094305354 619 625 -1
623 -21.841433700319804 -147.8704709808059 1347.4328544007633 620 626 -1
624 -10.286318844202475 -146.61362137272377 1335.2827285703552 621 627 -1
625 -51.81823881891745 -138.46209109949788 1382.9148462417184 622 628 -1
626 -21.860523361266928 -147.9586914867881 1347.602048438331 623 629 -1
627 -10.105825605942913 -146.6718747106055 1335.279690467726 624 630 -1
628 -51.910235916569114 -138.43070547351812 1383.07334244461 625 631 -1
629 -21.878380376982975 -148.04985880212868 1347.769808593153 626 632 -1
630 -9.925728448816802 -146.7313532786598 1335.276895483405 627 633 -1
631 -52.003460672926884 -138.39753672110768 1383.2307544396956 628 634 -1
632 -21.89476660038013 -148.14398314237724 1347.936078960832 629 635 -1
633 -9.746026330165876 -146.79202328904745 1335.2742876934904 630 636 -1
634 -52.09791928792041 -138.36258137666536 1383.3870402020304 631 637 -1
635 -21.909449216696252 -148.24106588928376 1348.1007999195444 632 638 -1
636 -9.566719694157943 -146.85385792723855 1335.271814023647 633 639 -1
637 -52.19361449852779 -138.32583966158268 1383.5421595386588 634 640 -1
638 -21.92220193592449 -148.34109874321564 1348.2639082057813 635 641 -1
639 -9.387810208910862 -146.91683565900334 1335.2694227979493 636 642 -1
640 -52.29054566187674 -138.28731544532405 1383.696074338256 637 643 -1
641 -21.932806321040598 -148.444062939268 1348.4253371638963 638 644 -1
642 -9.209293225717643 -146.98091874284688 1335.2670628698033 639 645 -1
643 -52.38870886224664 -138.2470161801311 1383.8487488092107 640 646 -1
644 -21.941053238071 -148.54992856303036 1348.585017178875 641 647 -1
645 -9.031160930326301 -147.04606291674637 1335.2646843550324 642 648 -1
646 -52.4881000607299 -138.20494846043167 1384.000146458545 643 649 -1
647 -21.94674440460847 -148.65865400437363 1348.7428762970617 644 650 -1
648 -8.853398462039083 -147.11220720883037 1335.2622385740426 645 651 -1
649 -52.588713214379126 -138.16112082055653 1384.1502320029288 646 652 -1
650 -21.949694003609626 -148.77018558825148 1348.8988410334478 647 653 -1
651 -8.67599499600938 -147.1793041709707 1335.259677204754 648 654 -1
652 -52.69053020363953 -138.11555834208605 1384.2989830894546 649 655 -1
653 -21.949730319799848 -148.88445741993428 1349.0528373565533 650 656 -1
654 -8.49893562535426 -147.24729773481505 1335.256954209318 651 657 -1
655 -52.793536703393166 -138.06827990864053 1384.446373591036 652 658 -1
656 -21.94669734750169 -149.0013914779037 1349.2047918332382 653 659 -1
657 -8.322210288213936 -147.31614628634676 1335.254021920477 654 660 -1
658 -52.89772777202927 -138.01929016925604 1384.5923659746654 655 661 -1
659 -21.940444478964462 -149.12090674530512 1349.3546251524783 656 662 -1
660 -8.145804031609918 -147.38579723864723 1335.2508363867548 657 663 -1
661 -53.003070854659 -137.9686331164092 1384.736955897959 658 664 -1
662 -21.930832977426864 -149.24292017344928 1349.5022506605176 659 665 -1
663 -7.969705832847169 -147.45620927212016 1335.247351491119 660 666 -1
664 -53.10955525682068 -137.91632256084483 1384.8801140335408 661 667 -1
665 -21.91796144202696 -149.36725836490152 1349.647671660514 662 668 -1
666 -7.793903303137346 -147.52733864403484 1335.243522619532 663 669 -1
667 -53.217107128238474 -137.86248339714348 1385.0219011528766 664 670 -1
668 -21.90198283126202 -149.49376398216185 1349.7908992472794 665 671 -1
669 -7.618383701302176 -147.59914166291665 1335.2393064623395 666 672 -1
670 -53.325660983807445 -137.80724233287614 1385.1623796173924 667 673 -1
671 -21.883007747964367 -149.62231599422776 1349.9319229484404 668 674 -1
672 -7.443136738901181 -147.67158103571757 1335.2346565818302 669 675 -1
673 -53.43513308864226 -137.75075262525945 1385.3016438686025 670 676 -1
674 -21.861170117053405 -149.752782663538 1350.0707571454632 671 677 -1
675 -7.268150109361404 -147.74461513574812 1335.22953002066 672 678 -1
676 -53.54546341005515 -137.69313504001877 1385.4397642844726 673 679 -1
677 -21.836631686817345 -149.8850202785883 1350.2074486490633 674 680 -1
678 -7.093412449349251 -147.81820484685792 1335.2238831463062 675 681 -1
679 -53.65659558365507 -137.63450610462587 1385.5768122422123 676 682 -1
680 -21.80945700494977 -150.01895334414252 1350.3419741164475 677 683 -1
681 -6.918914026470184 -147.89231468243776 1335.2176690469967 678 684 -1
682 -53.76847081264674 -137.5749847559378 1385.7128674790329 679 685 -1
683 -21.77978638974946 -150.15446139823817 1350.474378209646 680 686 -1
684 -6.744643941802968 -147.96690646993068 1335.210843870279 681 687 -1
685 -53.881040952109075 -137.51467590688165 1385.8479997337706 682 688 -1
686 -21.747721707141334 -150.29145300262925 1350.604681404593 683 689 -1
687 -6.5705918579952085 -148.04194308411383 1335.2033634293257 684 690 -1
688 -53.99426256654752 -137.4536785038479 1385.982276069448 685 691 -1
689 -21.713325499971173 -150.42986369462292 1350.732873342266 686 692 -1
690 -6.396748748805042 -148.11738965559678 1335.195180236274 687 693 -1
691 -54.1080966852608 -137.39208629684344 1386.115760775753 688 694 -1
692 -21.676732884615536 -150.56958833420336 1350.8590157039635 689 695 -1
693 -6.223105695857813 -148.19321087028314 1335.1862468161396 690 696 -1
694 -54.22250222778369 -137.32999375362422 1386.2485232580225 691 697 -1
695 -21.637964151678577 -150.71059284154282 1350.983066661728 692 698 -1
696 -6.049653436427177 -148.26937017256498 1335.1765184009867 693 699 -1
697 -54.3374444851803 -137.26748792825205 1386.3806266386841 694 700 -1
698 -21.59715949259889 -150.85277515148584 1351.1051041660032 695 701 -1
699 -5.876384046873055 -148.34583267919612 1335.1659463653614 696 702 -1
700 -54.45289119812015 -137.20465272671606 1386.5121325761456 697 703 -1
701 -21.554323232659502 -150.9961138917863 1351.2250753001929 698 704 -1
702 -5.703290730015593 -148.42256423011673 1335.154477668438 699 705 -1
703 -54.56881227492757 -137.141569339287 1386.6431013498163 700 706 -1
704 -21.509580807056537 -151.14052059799488 1351.343053533881 701 707 -1
705 -5.530365658036747 -148.49952809116473 1335.1420666317651 702 708 -1
706 -54.68517953194887 -137.07831665224964 1386.773591956028 703 709 -1
707 -21.462939176737567 -151.28597496387647 1351.45899166847 704 710 -1
708 -5.357602594975705 -148.57668885419432 1335.128661950387 705 711 -1
709 -54.80196645336178 -137.0149716413751 1386.903662212017 706 712 -1
710 -21.414496323313944 -151.432408100765 1351.5729421700053 707 713 -1
711 -5.184996845362009 -148.65401144938295 1335.1142048504682 708 714 -1
712 -54.91914796770243 -136.95160974952745 1387.0333688656167 709 715 -1
713 -21.364278877954263 -151.57979471000107 1351.684877428117 710 716 -1
714 -5.012542619922384 -148.73145844504555 1335.0986476032015 711 717 -1
715 -55.036700238526194 -136.88830525079737 1387.1627677087074 712 718 -1
716 -21.312356795040532 -151.7280896894042 1351.794817545933 713 719 -1
717 -4.84023613813795 -148.80899307963747 1335.081933154144 714 720 -1
718 -55.15460046674793 -136.82513160353213 1387.2919136927785 715 721 -1
719 -21.258781543150175 -151.87725903524353 1351.9027635951015 716 722 -1
720 -4.668074812131203 -148.8865776922408 1335.063999675727 717 723 -1
721 -55.272826702310866 -136.76216179459075 1387.420861045209 718 724 -1
722 -21.203584698938784 -152.0272801409938 1352.0086935320821 719 725 -1
723 -4.496055716650646 -148.96417343172126 1335.0447949129893 720 726 -1
724 -55.391357662926694 -136.6994686771017 1387.5496633850382 721 727 -1
725 -21.146841546849682 -152.1781083539464 1352.1126419290774 722 728 -1
726 -4.324178554403462 -149.04174056753004 1335.0242508809422 723 729 -1
727 -55.5101725576879 -136.63712530394454 1387.678373837132 724 730 -1
728 -21.08854657072745 -152.32974185870552 1352.2145398937791 725 731 -1
729 -4.152442927306862 -149.11923835032627 1335.002309409241 726 732 -1
730 -55.62925091340471 -136.57520525911073 1387.807045143703 727 733 -1
731 -21.028788437256704 -152.48213060972063 1352.314444119281 728 734 -1
732 -3.9808504952322794 -149.1966244783698 1334.978902847496 729 735 -1
733 -55.74857240152972 -136.51378298903094 1387.9357297721729 730 736 -1
734 -20.96755621204217 -152.63527654484358 1352.4122764113365 731 737 -1
735 -3.8094040723705844 -149.2738552778143 1334.9539638891922 732 738 -1
736 -55.86811666353582 -136.45293413588172 1388.0644800183268 733 739 -1
737 -20.904918563468957 -152.78914112039155 1352.508070116285 734 740 -1
738 -3.6381080495778777 -149.35088541531331 1334.927422747735 735 741 -1
739 -55.98786313258254 -136.39273587479693 1388.1933481036313 736 742 -1
740 -20.84088055253746 -152.94371872288596 1352.601766992846 737 743 -1
741 -3.4669685104949184 -149.4276678311168 1334.8992075157355 738 744 -1
742 -56.10779084925811 -136.3332672568114 1388.3223862654686 739 745 -1
743 -20.775467742144112 -153.09898075680263 1352.6933588150323 740 746 -1
744 -3.2959938020026605 -149.50415275514055 1334.8692398959433 741 747 -1
745 -56.227878273772816 -136.27460958962195 1388.4516468481995 742 748 -1
746 -20.70854068517667 -153.25486388510544 1352.7827753804172 743 749 -1
747 -3.125193404458693 -149.58029010791103 1334.8374490704398 744 750 -1
748 -56.34810332636759 -136.21684893287485 1388.5811830913433 745 751 -1
749 -20.63988361184598 -153.41126938457333 1352.8699393395182 746 752 -1
750 -2.9545809331897996 -149.6560236465261 1334.803742766917 747 753 -1
751 -56.46844235024509 -136.16007086576198 1388.7110474290864 748 754 -1
752 -20.56927820925065 -153.5680899513736 1352.9547690713066 749 755 -1
753 -2.7841705909813146 -149.7312986803199 1334.768046243423 750 756 -1
754 -56.58887072554195 -136.10436578775042 1388.841292980819 751 757 -1
755 -20.496502038634315 -153.72521108308626 1353.037172887678 752 758 -1
756 -2.613980269507456 -149.8060559320711 1334.7302728032173 753 759 -1
757 -56.709362331864874 -136.04982786312385 1388.971973179479 754 760 -1
758 -20.42133591550193 -153.88250685850318 1353.1170585894486 755 761 -1
759 -2.444031669004285 -149.88023135469697 1334.690326962576 756 762 -1
760 -56.82988927447007 -135.99655543001666 1389.103141778185 757 763 -1
761 -20.343570768211816 -154.03984165690414 1353.1943365489926 758 764 -1
762 -2.2743493475883474 -149.95375899997543 1334.6481163626033 759 765 -1
763 -56.9504215857211 -135.9446514225562 1389.2348528327132 760 766 -1
764 -20.262974958153976 -154.1970665346417 1353.268888362972 761 767 -1
765 -2.1049613874309054 -150.02657010469477 1334.6035479342413 762 768 -1
766 -57.07092689864694 -135.89422380552278 1389.3671606554713 763 769 -1
767 -20.179379212602072 -154.35402488174287 1353.3406453194582 764 770 -1
768 -1.9359005643559548 -150.09859090923905 1334.5565216826503 765 771 -1
769 -57.191370089339976 -135.84538602018355 1389.5001197359204 766 772 -1
770 -20.092560061833968 -154.51054821766328 1353.4094636778138 767 773 -1
771 -1.7672043404174973 -150.16974346529386 1334.506934735822 768 774 -1
772 -57.31171170862439 -135.79827275684195 1389.6337909697438 769 775 -1
773 -20.002593143090806 -154.66653453095472 1353.4753985946707 770 776 -1
774 -1.5989153183979932 -150.2399454079703 1334.454681551239 771 777 -1
775 -57.431910155020354 -135.75299865404165 1389.7682241759828 772 778 -1
776 -19.90940781655046 -154.82186298896409 1353.5383490816273 773 779 -1
777 -1.431081721849395 -150.30910974287983 1334.3996541958604 774 780 -1
778 -57.5519193002238 -135.70969669589144 1389.903473528381 775 781 -1
779 -19.813148812992697 -154.97645735674553 1353.598414835405 776 782 -1
780 -1.2637578966107406 -150.37714465528165 1334.3417427100426 777 783 -1
781 -57.67168711202737 -135.6685172760672 1390.0395966842564 778 784 -1
782 -19.713776079839175 -155.13020001149496 1353.6555238014842 779 785 -1
783 -1.0970048279511078 -150.4439533497862 1334.2808355664667 780 786 -1
784 -57.791155480845546 -135.62962044987881 1390.1766508814376 781 787 -1
785 -19.61136764159364 -155.28300312381995 1353.7097159270184 782 788 -1
786 -0.9308906653702843 -150.50943393054538 1334.2168202352914 783 789 -1
787 -57.91026411151781 -135.59314782337364 1390.3146809858133 784 790 -1
788 -19.50595135741376 -155.43476648832035 1353.7609845149723 785 791 -1
789 -0.7654917053906426 -150.57347844016422 1334.1495819417205 786 792 -1
790 -58.02893845125551 -135.55929815824743 1390.4537490733135 787 793 -1
791 -19.39752716833921 -155.58537653882428 1353.8092950725306 788 794 -1
792 -0.6008947411353894 -150.6359695640633 1334.0789980218208 789 795 -1
793 -58.1471042994868 -135.52823025643266 1390.5938948656308 790 796 -1
794 -19.286187444192297 -155.73475712702427 1353.8547049595309 791 797 -1
795 -0.4371906517812636 -150.69679388348646 1334.0049667411354 792 798 -1
796 -58.264670153399386 -135.5001599748682 1390.7351726922377 793 799 -1
797 -19.171884804034946 -155.88277074179882 1353.897132021049 794 800 -1
798 -0.2744819891474321 -150.75582805380827 1333.9273779961725 795 801 -1
799 -58.38154427728943 -135.47526696106468 1390.87761483097 796 802 -1
800 -19.054710147944448 -156.02934092134672 1353.936632621618 797 803 -1
801 -0.1128866023876506 -150.81293445304513 1333.8461079952096 798 804 -1
802 -58.49760896633769 -135.45380844363436 1391.0212718827852 799 805 -1
803 -18.934681973240036 -156.17435788338184 1353.9731902646074 800 806 -1
804 0.0474789945749486 -150.86799051529798 1333.7610751303273 801 807 -1
805 -58.61275176973365 -135.4359783526155 1391.1661609180767 802 808 -1
806 -18.81178610371407 -156.31768701321465 1354.0067525343381 803 809 -1
807 0.20647443410947738 -150.92084705018888 1333.6721629655271 804 810 -1
808 -58.72683777783045 -135.4220221880925 1391.312305010336 805 811 -1
809 -18.686108530174145 -156.45925188818055 1354.0373711559662 806 812 -1
810 0.36396370572299813 -150.97137500046998 1333.5793047136515 807 813 -1
811 -58.83970843711155 -135.41222403191048 1391.4597244655588 808 814 -1
812 -18.55764179209608 -156.59891613308304 1354.0649983633305 809 815 -1
813 0.5197832462001176 -151.01941610810542 1333.4823987376321 810 816 -1
814 -58.95120610159743 -135.4068197826238 1391.6084088001514 811 817 -1
815 -18.426405505356968 -156.73655371922308 1354.0896124273959 812 818 -1
816 0.6737789593062476 -151.06483933666513 1333.3814021422074 813 819 -1
817 -59.0611487897366 -135.40608103725503 1391.7583412055483 814 820 -1
818 -18.292464289545304 -156.8720707603976 1354.1112396614496 815 821 -1
819 0.825774433166464 -151.10749375494484 1333.2762541122222 816 822 -1
820 -59.169336858898006 -135.41028541422128 1391.9094869485316 817 823 -1
821 -18.155820315265704 -157.00532084033372 1354.1298354887006 818 824 -1
822 0.9756183495622308 -151.14724828890814 1333.166963417233 819 825 -1
823 -59.275553360550006 -135.41971155252634 1392.0617901459525 820 826 -1
824 -18.01648975754365 -157.1361588582942 1354.145366736012 821 827 -1
825 1.123241131498787 -151.1840173441176 1333.0536776157687 822 828 -1
826 -59.37957756765225 -135.43461262938547 1392.2151647212793 823 829 -1
827 -17.87453925881972 -157.26448165002736 1354.1578555826222 824 830 -1
828 1.2685844026069018 -151.21771492750915 1332.9365537133926 825 831 -1
829 -59.48132194324566 -135.45499067062337 1392.369436669301 826 832 -1
830 -17.72999943649533 -157.3901487728932 1354.1672802453465 827 833 -1
831 1.4116023273648466 -151.24826688923469 1332.8157618041323 828 834 -1
832 -59.58080879104853 -135.48066402664463 1392.5243898446624 829 835 -1
833 -17.582860553323634 -157.51296338339822 1354.1735646714712 830 836 -1
834 1.5522646753339482 -151.2756152854417 1332.6914861018115 831 837 -1
835 -59.678089837987855 -135.51141548354295 1392.6798190484894 832 838 -1
836 -17.43320320205412 -157.63281778777647 1354.1767369099423 833 839 -1
837 1.6905428461195586 -151.2996996038052 1332.563902899863 834 840 -1
838 -59.77324302777477 -135.5470009986384 1392.8355345115547 835 841 -1
839 -17.28107224472613 -157.74955909881356 1354.1767780358673 836 842 -1
840 1.8264131414780571 -151.3204611939562 1332.4331869764806 837 843 -1
841 -59.866370255096754 -135.58715570250106 1392.991364442111 838 844 -1
842 -17.126513302513736 -157.86302418247843 1354.1736642393955 839 845 -1
843 1.9598737668524102 -151.33786720253318 1332.299531578923 840 846 -1
844 -59.957594638339884 -135.6315996561252 1393.1471565443417 841 847 -1
845 -16.969552680182098 -157.97300517494418 1354.167337717645 842 848 -1
846 2.090920963310293 -151.35187798688 1332.1631171285844 843 849 -1
847 -60.04705753048438 -135.68004313153645 1393.3027786040896 844 850 -1
848 -16.81026800324726 -158.07935187309167 1354.157800845593 845 851 -1
849 2.2195526134481947 -151.36245199240747 1332.0241181426447 846 852 -1
850 -60.134913580129314 -135.73219568597955 1393.4581177924376 847 853 -1
851 -16.64873297697233 -158.1818977046217 1354.1450444244963 848 854 -1
852 2.345789959949056 -151.36957735638765 1331.8827249355074 849 855 -1
853 -60.22133346683276 -135.78775683120702 1393.6130809851268 850 856 -1
854 -16.485020201806115 -158.2804579397497 1354.12904898287 851 857 -1
855 2.4696441730536822 -151.37322453206508 1331.7391088212821 852 858 -1
856 -60.306496172822214 -135.84643008063097 1393.7675930092785 853 859 -1
857 -16.319211154437358 -158.3748434966299 1354.109797624705 854 860 -1
858 2.591139189091371 -151.37337944261637 1331.5934457163687 855 861 -1
859 -60.390586185930495 -135.9079261071315 1393.9215945405479 856 862 -1
860 -16.151395256358548 -158.4648574463433 1354.0872736822325 857 863 -1
861 2.7103059106185596 -151.37003595404747 1331.4459093147354 858 864 -1
862 -60.47379232195894 -135.97196198158855 1394.075040470506 859 865 -1
863 -15.981661346699665 -158.5502686125999 1354.0614432810032 860 866 -1
864 2.827168987772045 -151.36317613568866 1331.2966615571102 861 867 -1
865 -60.55630574114644 -136.0382623952133 1394.2278980011445 862 868 -1
866 -15.810140743695888 -158.63092032984315 1354.0323316303025 863 869 -1
867 2.9417718581616072 -151.3528089800145 1331.1458713415925 864 870 -1
868 -60.638318258994886 -136.10656039758612 1394.3801447444148 865 871 -1
869 -15.636958355619575 -158.7066161526806 1353.9999398906066 866 872 -1
870 3.0541451903971217 -151.33892220278818 1330.9936924045203 867 873 -1
871 -60.72002075812231 -136.1765998961483 1394.531765968616 868 874 -1
872 -15.46225154532103 -158.77716143654237 1353.964275979485 869 875 -1
873 3.164335150974484 -151.32152678886584 1330.8402823303788 870 876 -1
874 -60.80160322792826 -136.2481310297015 1394.6827543222842 871 877 -1
875 -15.286170448678336 -158.84236529581503 1353.9253554977524 872 878 -1
876 3.2723844539951004 -151.30062771269732 1330.6857905338409 873 879 -1
877 -60.883252719772344 -136.3209102390604 1394.8331088218315 874 880 -1
878 -15.108878059517156 -158.90204279560197 1353.883202633491 875 881 -1
879 3.3783321730403824 -151.27622327358074 1330.530359896553 876 882 -1
880 -60.965152211469835 -136.39470416616143 1394.9828315265697 877 883 -1
881 -14.930553711732555 -158.956049207281 1353.837872852494 878 884 -1
882 3.4822315560301123 -151.24833547319105 1330.3741344314888 879 885 -1
883 -61.047480295189416 -136.46928714062904 1395.1319269436176 880 886 -1
884 -14.751400834226388 -159.00443144455338 1353.789551424975 881 887 -1
885 3.5841285183998886 -151.21697455039313 1330.2172498443733 882 888 -1
886 -61.13041059996226 -136.54444064986046 1395.2804008425383 883 889 -1
887 -14.571611639003386 -159.04729396086157 1353.7384581652777 884 890 -1
888 3.684063756443005 -151.1821417592042 1330.0598365797368 885 891 -1
889 -61.21411668715155 -136.6199536179818 1395.428255701466 886 892 -1
890 -14.391364067084782 -159.08481777906155 1353.6848417275137 887 893 -1
891 3.7820917364274966 -151.1438635975518 1329.9020246149948 888 894 -1
892 -61.298760784387454 -136.6956167655309 1395.5754984170073 889 895 -1
893 -14.210811447491103 -159.1171879188056 1353.6289403122266 890 896 -1
894 3.878260353666942 -151.10215633748672 1329.743937796075 891 897 -1
895 -61.38449741884952 -136.7712285811601 1395.72213403282 892 898 -1
896 -14.030084797804191 -159.144591186041 1353.5709820090628 893 899 -1
897 3.9726174032427632 -151.05703749713047 1329.5856961836269 894 900 -1
898 -61.47148170127831 -136.84659168294087 1395.8681615075857 895 901 -1
899 -13.84929483175461 -159.16722226889897 1353.5111880624881 896 902 -1
900 4.0652106357552675 -151.0085262028372 1329.4274162136155 897 903 -1
901 -61.55986279166107 -136.92151067807868 1396.0135773220888 898 904 -1
902 -13.668533188803677 -159.18528020078801 1353.4497715855618 899 905 -1
903 4.156088030279892 -150.9566461424909 1329.2692100343666 900 906 -1
904 -61.64976696722291 -136.9958006574967 1396.1583806913038 901 907 -1
905 -13.487874804010742 -159.19894269387203 1353.386930137415 902 908 -1
906 4.245303455044584 -150.90146376111653 1329.1111751779872 903 909 -1
907 -61.741339201604646 -137.06926903563692 1396.3025564178815 904 910 -1
908 -13.30737942516407 -159.20839459711158 1353.3228571789202 905 911 -1
909 4.332915513737495 -150.84307454444755 1328.9533956157252 906 912 -1
910 -61.83468857994571 -137.1417399592637 1396.4460956056641 907 913 -1
911 -13.127089450331466 -159.2138700981065 1353.2577506599584 908 914 -1
912 4.4189829703640395 -150.78157085775308 1328.7959494084414 909 915 -1
913 -61.929935355016255 -137.2130309725752 1396.5889774247491 910 916 -1
914 -12.947035429602371 -159.2155614319854 1353.1917871566914 911 917 -1
915 4.503564345539316 -150.71704104046847 1328.6389093948806 912 918 -1
916 -62.0271788272657 -137.28297012638262 1396.7311804867404 913 919 -1
917 -12.767237561841563 -159.21364469092165 1353.1251328039748 914 920 -1
918 4.586717677278428 -150.64956938783862 1328.4823436623774 915 921 -1
919 -62.126517129621526 -137.35138385028654 1396.8726756252008 916 922 -1
920 -12.587709308850163 -159.20825573658834 1353.0579434496155 917 923 -1
921 4.66850032499502 -150.57923617088852 1328.3263159976016 918 924 -1
922 -62.22802262049728 -137.418114710434 1397.0134341604703 919 925 -1
923 -12.4084472953944 -159.19962565584675 1352.9903822592867 920 926 -1
924 4.748963588967391 -150.50610642216205 1328.1708890458444 921 927 -1
925 -62.33178668560146 -137.48298637386304 1397.1534125163585 922 928 -1
926 -12.2294450027339 -159.18792089337984 1352.9225943834922 923 929 -1
927 4.828167957797111 -150.43026270759367 1328.0161174414332 924 930 -1
928 -62.43784630758643 -137.54586385049384 1397.292577682871 925 931 -1
929 -12.050693717219703 -159.17325254323012 1352.8547198788733 926 932 -1
930 4.9061680505329495 -150.3517737406346 1327.8620546076206 927 933 -1
931 -62.54626231907902 -137.60658852485852 1397.430880206362 928 934 -1
932 -11.87217203935892 -159.15580785106164 1352.786897806841 929 935 -1
933 4.983013823462723 -150.270696418781 1327.7087538445353 930 936 -1
934 -62.657075475203335 -137.66501475567782 1397.5682695700762 931 937 -1
935 -11.693855570828891 -159.13574982709022 1352.719257993157 932 938 -1
936 5.0587580743550955 -150.18709266247615 1327.5562639517816 933 939 -1
937 -62.770295668331094 -137.7210233819847 1397.7046995615706 934 940 -1
938 -11.515720279961348 -159.11317500296954 1352.6519340971613 935 941 -1
939 5.133455089229393 -150.1010274258036 1327.404629154015 936 942 -1
940 -62.88593563079084 -137.77448983990018 1397.840115999219 937 943 -1
941 -11.337733232080065 -159.08824467917884 1352.5850505921273 938 944 -1
942 5.207148404300436 -150.01253937598153 1327.2539003736679 939 945 -1
943 -63.00399552082803 -137.82529917075325 1397.9744630794246 940 946 -1
944 -11.159860113134382 -159.06110496469338 1352.5187258442115 941 947 -1
945 5.279892896595202 -149.9216941163466 1327.1041158778653 942 948 -1
946 -63.12446639603872 -137.87334291617486 1398.1076825057532 943 949 -1
947 -10.982066577891926 -159.031832708139 1352.453097962994 944 950 -1
948 5.351732097238141 -149.8285291010754 1326.9553225710865 945 951 -1
949 -63.24732073693707 -137.9185313010129 1398.2397189672004 946 952 -1
950 -10.804312641262587 -159.00058672807302 1352.3882779301262 947 953 -1
951 5.422715206537375 -149.73309598550838 1326.8075593459034 948 954 -1
952 -63.37251693125351 -137.9607904306416 1398.3705197657116 949 955 -1
953 -10.626559002992975 -158.9674862897664 1352.3243837080486 950 956 -1
954 5.492885625154446 -149.63543123678562 1326.6608699561368 951 957 -1
955 -63.5 -138.0 1398.5 952 958 959
956 -10.44876309763642 -158.93260091035185 1352.2615657091444 953 960 -1
957 5.562290068697009 -149.53558063536065 1326.5152919316756 954 961 -1
958 -63.61872432416331 -137.90591172898445 1398.6311730998427 955 962 -1
959 -63.37741290526057 -138.15565306195217 1398.4711062866063 955 963 -1
960 -10.27088345221712 -158.89608463444893 1352.1999228819618 956 964 -1
961 5.630969351293463 -149.43357335035589 1326.370869768062 957 965 -1
962 -63.736455965446844 -137.81210587412994 1398.7634782728169 958 966 -1
963 -63.25180679193244 -138.309423079041 1398.4448176128728 959 967 -1
964 -10.092876856678487 -158.85803214118786 1352.1395893435483 960 968 -1
965 5.6989698629585135 -149.32945588122737 1326.2276371303528 961 969 -1
966 -63.85317959455429 -137.718710044153 1398.896961406736 962 970 -1
967 -63.123220161266396 -138.46116604174816 1398.4213076290202 963 971 -1
968 -9.914696584345972 -158.8185283545344 1352.0807191813606 964 972 -1
969 5.7663284180144485 -149.22324516108924 1326.085643395127 965 973 -1
970 -63.96889275737887 -137.62574684777553 1399.031621125006 966 974 -1
971 -62.99169536963371 -138.6107889227172 1398.4006349143783 967 975 -1
972 -9.736302100852695 -158.77770461408025 1352.0234195561998 968 976 -1
973 5.833090564352442 -149.11498726076218 1325.944919713679 969 977 -1
974 -64.0835933145029 -137.53323936144554 1399.1674558702443 970 978 -1
975 -62.85728517334243 -138.75820251845846 1398.3828516998944 971 979 -1
976 -9.557652017740299 -158.73564830596663 1351.9678331241755 972 980 -1
977 5.899293901700128 -149.0047024602327 1325.8055120401957 973 981 -1
978 -64.19727886243089 -137.44121144277705 1399.3044645831587 974 982 -1
979 -62.72005328959592 -138.90332316387438 1398.3680024048203 975 983 -1
980 -9.378762145247457 -158.69236002727294 1351.9139909529158 976 984 -1
981 5.964978306259407 -148.89241948697887 1325.6674605623307 977 985 -1
982 -64.3099500144623 -137.34968612982198 1399.4426429324806 978 986 -1
983 -62.5800704381566 -139.04607068050956 1398.3561269503282 979 987 -1
984 -9.199704116101833 -158.647805942161 1351.8617646057041 980 988 -1
985 6.030183856604812 -148.77816977682411 1325.530802719844 981 989 -1
986 -64.42160482117443 -137.25868838377107 1399.581989768286 982 990 -1
987 -62.43741940462816 -139.1863740301269 1398.347254382591 983 991 -1
988 -9.020545324303775 -158.601928212595 1351.8110511460227 984 992 -1
989 6.094945773665644 -148.6619651698895 1325.3955898873087 985 993 -1
990 -64.532244981441 -137.1682419476465 1399.7224999850926 986 994 -1
991 -62.292189198576054 -139.3241676593643 1398.341408198346 987 995 -1
992 -8.8413536615113 -158.55463860513703 1351.7617708300297 988 996 -1
993 6.159303903582111 -148.54383900066227 1325.2618574841492 989 997 -1
994 -64.64187139987503 -137.07837160824255 1399.8641696507557 990 998 -1
995 -62.144477198586195 -139.45939483278568 1398.338602944976 991 999 -1
996 -8.662198020484281 -158.5059069829698 1351.7137816069944 992 1000 -1
997 6.223294835376355 -148.42381213656788 1325.1296499377268 993 1001 -1
998 -64.75048500796433 -136.98910286943612 1400.0069950664647 994 1002 -1
999 -61.9943863570476 -139.59200627584852 1398.338846510828 995 1003 -1
1000 -8.483144906846325 -158.4556750840855 1351.6669709514163 996 1004 -1
1001 6.286953208548636 -148.30189524583025 1324.9990206864452 997 1005 -1
1002 -64.85808881478964 -136.9004607114829 1400.1509704447667 998 1006 -1
1003 -61.84202751165106 -139.72196435784312 1398.3421359158815 999 1007 -1
1004 -8.304262651477337 -158.40387237259708 1351.6212309717166 1000 1008 -1
1005 6.35031670319651 -148.17811828940395 1324.8700073652228 1001 1009 -1
1006 -64.96468606736742 -136.81247064374384 1400.2960900270268 1002 1010 -1
1007 -61.68751508974192 -139.84923994711676 1398.3484616000833 1003 1011 -1
1008 -8.125620786270675 -158.35043292780554 1351.5764445674326 1004 1012 -1
1009 6.4134201258253345 -148.0524968414112 1324.7426601396367 1005 1013 -1
1010 -65.07028064737027 -136.72515848640464 1400.4423476431532 1006 1014 -1
1011 -61.53096741561683 -139.97381415545445 1398.3578059355957 1007 1015 -1
1012 -7.947284429129658 -158.29531705183084 1351.5324801282145 1008 1016 -1
1013 6.476297623806736 -147.9250418357974 1324.617034752527 1009 1017 -1
1014 -65.17487725030769 -136.6385502481919 1400.5897365219557 1010 1018 -1
1015 -61.37250554283399 -140.0956783970642 1398.3701436543272 1011 1019 -1
1016 -7.769321266282066 -158.23846733084343 1351.4892167495475 1012 1020 -1
1017 6.53898478814917 -147.7957791953964 1324.4931736613753 1013 1021 -1
1018 -65.2784813933437 -136.55267210498147 1400.7382492960978 1014 1022 -1
1019 -61.21225212223921 -140.21483430422904 1398.3854423565392 1015 1023 -1
1020 -7.591803756031883 -158.17981282145715 1351.4465354558256 1016 1024 -1
1021 6.601515305193231 -147.6647216050359 1324.371133014109 1017 1025 -1
1022 -65.38109861138426 -136.46755102605727 1400.8878789242622 1018 1026 -1
1023 -61.050329667422105 -140.33129236773343 1398.4036643130546 1019 1027 -1
1024 -7.414804042462135 -158.1192935347637 1351.4043099371265 1020 1028 -1
1025 6.663922725540049 -147.53188070864095 1324.2509719883858 1021 1029 -1
1026 -65.48273662551264 -136.3832130866088 1401.03861624982 1022 1030 -1
1027 -60.886861444662294 -140.4450746928291 1398.424763745471 1023 1031 -1
1028 -7.238388566359943 -158.056872279749 1351.3624100444679 1024 1032 -1
1029 6.726240983046475 -147.3972800691571 1324.1327385424718 1025 1033 -1
1030 -65.58340351911575 -136.29968480729383 1401.1904520759404 1026 1034 -1
1031 -60.721968931364614 -140.556212064294 1398.4486902019983 1027 1035 -1
1032 -7.062629384041988 -157.99249615516806 1351.3207105361598 1028 1036 -1
1033 6.788502930225089 -147.26092985521177 1324.0164969657887 1029 1037 -1
1034 -65.68310706145618 -136.21699382715678 1401.3433779405102 1030 1038 -1
1035 -60.555771236876886 -140.66474367360746 1398.475388939716 1031 1039 -1
1036 -6.887602914035783 -157.92610688505405 1351.2790855936687 1032 1040 -1
1037 6.850737762039753 -147.12285212418544 1323.9022980221355 1033 1041 -1
1038 -65.78185748156986 -136.13516648351913 1401.4973829867997 1034 1042 -1
1039 -60.388384026198786 -140.77071552694787 1398.504802650421 1035 1043 -1
1040 -6.7133934827054675 -157.857635631498 1351.2374063826899 1036 1044 -1
1041 6.912955365956808 -146.98311257621037 1323.7901289840686 1037 1045 -1
1042 -65.87966453710128 -136.05423037269583 1401.6524572890094 1038 1046 -1
1043 -60.21992086745533 -140.87418414809386 1398.536867524465 1039 1047 -1
1044 -6.540068895692921 -157.7870618248574 1351.1955465622539 1040 1048 -1
1045 6.975159817704813 -146.84177472302972 1323.6799731258134 1041 1049 -1
1046 -65.9765400643482 -135.97421197261883 1401.8085889693418 1042 1050 -1
1047 -60.05049056462795 -140.97521129830048 1398.5715187747387 1043 1051 -1
1048 -6.367708145319629 -157.7143420570394 1351.1533815360474 1044 1052 -1
1049 7.0373562496418245 -146.69891468069446 1323.5717939677904 1045 1053 -1
1050 -66.07249484954583 -135.89513971679733 1401.9657677560754 1046 1054 -1
1051 -59.88019727274471 -141.07386397634477 1398.6086905139373 1047 1055 -1
1052 -6.196388722635189 -157.6394347548636 1351.1108039443507 1048 1056 -1
1053 7.099550645285433 -146.55460404003873 1323.4655562601374 1049 1057 -1
1054 -66.16754270430016 -135.81703984063037 1402.1239803556214 1050 1058 -1
1055 -59.709141064892684 -141.1702160867756 1398.6483138254987 1051 1059 -1
1056 -6.0261957158464385 -157.5622639098339 1351.067754240358 1052 1060 -1
1057 7.161749918306083 -146.4089033154913 1323.3612359291337 1053 1061 -1
1058 -66.2616971029811 -135.7399397780459 1402.2832142769191 1054 1062 -1
1059 -59.53741711530602 -141.26434627000046 1398.6903188604617 1055 1063 -1
1060 -5.857184323999996 -157.48281427432298 1351.024198688336 1056 1064 -1
1061 7.223961770180874 -146.2618887912096 1323.2587829251634 1057 1065 -1
1062 -66.354972405369 -135.66386692845765 1402.4434564450587 1058 1066 -1
1063 -59.36511549282385 -141.3563367850904 1398.734635811234 1059 1067 -1
1064 -5.689421113986111 -157.40105229507174 1350.9801009287498 1060 1068 -1
1065 7.286194788516968 -146.11362262527808 1323.1581627051912 1061 1069 -1
1066 -66.44738370221367 -135.58884882050305 1402.6046933793043 1062 1070 -1
1067 -59.19232131720882 -141.4462734061943 1398.7811947891455 1063 1071 -1
1068 -5.522976298669571 -157.31694324421107 1350.93542502289 1064 1072 -1
1069 7.348458378799776 -145.96416818068082 1323.0593352222606 1065 1073 -1
1070 -66.53894728488214 -135.51491249250478 1402.766910649067 1066 1074 -1
1071 -59.01911470544404 -141.5342443539405 1398.829926746717 1067 1075 -1
1072 -5.357938667633492 -157.2304274812034 1350.8901288422962 1068 1076 -1
1073 7.4107624902705895 -145.8135930332409 1322.9622496616048 1069 1077 -1
1074 -66.62968022821553 -135.4420849386473 1402.9300933472423 1070 1078 -1
1075 -58.8455711868239 -141.62034144392408 1398.880761926714 1071 1079 -1
1076 -5.194374381623194 -157.14149105949843 1350.8441823260002 1072 1080 -1
1077 7.473118178026447 -145.66195316792997 1322.8668692210122 1073 1081 -1
1078 -66.71960032054118 -135.37039318818614 1403.0942261674668 1074 1082 -1
1079 -58.67176143379339 -141.70465771623333 1398.9336322072584 1075 1083 -1
1080 -5.032348411677223 -157.05012507122692 1350.7975580539726 1076 1084 -1
1081 7.535536799172242 -145.50931179733874 1322.7731416583053 1077 1085 -1
1082 -66.80872588828706 -135.29986457207147 1403.2592936079357 1078 1086 -1
1083 -58.497751597644616 -141.7872876761265 1398.9884705868444 1079 1087 -1
1084 -4.871933851018005 -156.95631160788386 1350.7502270515747 1080 1088 -1
1085 7.598030335295184 -145.3557285546919 1322.6810161925634 1081 1089 -1
1086 -66.89707653137853 -135.23052560251566 1403.425279096628 1082 1090 -1
1087 -58.32360351067541 -141.86832691128004 1399.0452113586684 1083 1091 -1
1088 -4.713232098349153 -156.8599976707799 1350.7021501278127 1084 1092 -1
1089 7.660612127096938 -145.2012540890955 1322.590453858837 1085 1093 -1
1090 -66.98467251140804 -135.1624027876178 1403.5921656950266 1086 1094 -1
1091 -58.14937490799857 -141.94787174474288 1399.1037902582616 1087 1095 -1
1092 -4.5562983358678 -156.76120312558194 1350.6533103218699 1088 1096 -1
1093 7.723294964499496 -145.04594893229202 1322.5013945372518 1089 1097 -1
1094 -67.07153485119719 -135.09552245159256 1403.7599359687238 1090 1098 -1
1095 -57.975119668932294 -142.02601872506008 1399.1641448497592 1091 1099 -1
1096 -4.401197677598446 -156.65993470956786 1350.603688101155 1092 1100 -1
1097 7.78609279314239 -144.88986529869783 1322.4137888993719 1093 1101 -1
1098 -67.15768521359581 -135.02991091212175 1403.9285721206347 1094 1102 -1
1099 -57.80088808870932 -142.10286468114916 1399.2262142339528 1095 1103 -1
1100 -4.248016697996533 -156.55617450026597 1350.5532566924667 1096 1104 -1
1101 7.849020641157833 -144.7330516097798 1322.327591528817 1097 1105 -1
1102 -67.24314559329767 -134.96559508923954 1404.0980563637222 1098 1106 -1
1103 -57.62672708966092 -142.17850676830952 1399.2899387048717 1099 1107 -1
1104 -4.09684072476367 -156.44991255362848 1350.5019919950548 1100 1108 -1
1105 7.912092730137811 -144.57556185708648 1322.2427426183697 1101 1109 -1
1106 -67.32793984103766 -134.90259948859367 1404.268369014866 1102 1110 -1
1107 -57.4526804866777 -142.25304167248197 1399.355260580728 1103 1111 -1
1108 -3.947708493819845 -156.3411981455835 1350.4498907511233 1104 1112 -1
1109 7.975324625415232 -144.4174435297948 1322.1591914998025 1105 1113 -1
1110 -67.41209146351427 -134.84095036290708 1404.4394911900758 1106 1114 -1
1111 -57.278789293496565 -142.3265654857505 1399.4221242574467 1107 1115 -1
1112 -3.8007031196854775 -156.23002830186687 1350.3969329087302 1108 1116 -1
1113 8.03873283075668 -144.25874181043798 1322.0768893363463 1109 1117 -1
1114 -67.49562505502618 -134.78067289933267 1404.6114030130955 1110 1118 -1
1115 -57.10509199956867 -142.39917377192785 1399.4904760143513 1111 1119 -1
1116 -3.655908842381939 -156.11640432064308 1350.3430999514055 1112 1120 -1
1117 8.102332775248158 -144.0995052542763 1321.9957766923162 1113 1121 -1
1118 -67.57856599396989 -134.72179164831326 1404.7840839523046 1114 1122 -1
1119 -56.931624555121715 -142.47096232313248 1399.5602624700948 1115 1123 -1
1120 -3.513345361321126 -156.00039863429149 1350.2883998861234 1116 1124 -1
1121 8.16614132189439 -143.93977759961345 1321.9158013441051 1117 1125 -1
1122 -67.66093991272103 -134.66433173657438 1404.9575134865624 1118 1126 -1
1123 -56.75842111374092 -142.5420252685838 1399.6314337222473 1119 1127 -1
1124 -3.3731158545078332 -155.88199586794317 1350.2328097224633 1120 1128 -1
1125 8.230176478666067 -143.77960040155645 1321.836913532774 1121 1129 -1
1126 -67.74277342135687 -134.60831703284586 1405.1316701287578 1122 1130 -1
1127 -56.58551367191997 -142.61245696399507 1399.7039398136308 1123 1131 -1
1128 -3.235214014468319 -155.76127984757184 1350.1763782651917 1124 1132 -1
1129 8.29445460096886 -143.61901794582207 1321.75905384763 1125 1133 -1
1130 -67.8240936178418 -134.55377119567555 1405.306532026228 1126 1134 -1
1131 -56.4129328448562 -142.68235050897215 1399.7777334978587 1127 1135 -1
1132 -3.099581876846676 -155.63834697771807 1350.119234913209 1128 1136 -1
1133 8.358993513606247 -143.45807094829186 1321.682168620021 1129 1137 -1
1134 -67.90492778425246 -134.50071864252413 1405.4820773731885 1130 1138 -1
1135 -56.240707574327445 -142.75179875254992 1399.8527679547506 1131 1139 -1
1136 -2.9661741792844656 -155.5132690691721 1350.0615124960339 1132 1140 -1
1137 8.42381295052838 -143.2967976875612 1321.6062085564158 1133 1141 -1
1138 -67.98530443372397 -134.4491811407678 1405.6582828879466 1134 1142 -1
1139 -56.06886594703787 -142.82089348016186 1399.9289989084973 1135 1143 -1
1140 -2.8348803698221414 -155.38617293100936 1350.003352530345 1136 1144 -1
1141 8.488929883399926 -143.13523911876212 1321.5311141070529 1137 1145 -1
1142 -68.06525195038597 -134.3991819719849 1405.8351257010868 1138 1146 -1
1143 -55.89743453841901 -142.8897262712844 1400.0063818138221 1139 1147 -1
1144 -2.705679961122277 -155.2570929711263 1349.9448739958884 1140 1148 -1
1145 8.554363099274614 -142.9734333235282 1321.4568311981434 1141 1149 -1
1146 -68.14479931059121 -134.35074364624333 1406.0125823076505 1142 1150 -1
1147 -55.726439675826164 -142.958387726781 1400.0848749035315 1143 1151 -1
1148 -2.578451010671586 -155.12615406007646 1349.8862056213802 1144 1152 -1
1149 8.620133420726766 -142.8114168114095 1321.3833091351087 1145 1153 -1
1150 -68.22397621605633 -134.30388691786095 1406.1906282673751 1146 1154 -1
1151 -55.5559066140011 -143.02696811341937 1400.1644362973461 1147 1155 -1
1152 -2.453175122911582 -154.99337845864963 1349.8274620165505 1148 1156 -1
1153 8.686259096246248 -142.6492273353424 1321.310490501874 1149 1157 -1
1154 -68.30281250118071 -134.25863296982973 1406.3692390696735 1150 1158 -1
1155 -55.38586020138544 -143.0955570595626 1400.2450253094985 1151 1159 -1
1156 -2.329742185932602 -154.85887056944267 1349.7687576916135 1152 1160 -1
1157 8.75275953127688 -142.48690123937612 1321.2383204170271 1153 1161 -1
1158 -68.38133824914162 -134.21500309983676 1406.548389951953 1154 1162 -1
1159 -55.216325322023984 -143.1642437624013 1400.3266027541003 1155 1163 -1
1160 -2.2081182299203657 -154.72265961554 1349.7102044926994 1156 1164 -1
1161 8.819656231346277 -142.32447395914437 1321.1667466388685 1157 1165 -1
1162 -68.45958406061268 -134.17301710233238 1406.7280553738112 1158 1166 -1
1163 -55.04732646157491 -143.23311698462467 1400.409129618325 1159 1167 -1
1164 -2.0882219618962155 -154.58481636830442 1349.6519083269736 1160 1168 -1
1165 8.88696918144221 -142.16198118450302 1321.0957138018866 1161 1169 -1
1166 -68.53758082568102 -134.13269395365947 1406.9082093095487 1162 1170 -1
1167 -54.87888805522381 -143.30226501143838 1400.4925674505319 1163 1171 -1
1168 -1.9699912091170775 -154.44539114746567 1349.5939735055629 1164 1172 -1
1169 8.954718098181804 -141.99945813814549 1321.0251663297818 1165 1173 -1
1170 -68.61535958658303 -134.09405248671897 1407.0888254541012 1166 1174 -1
1171 -54.71103487398016 -143.37177582330796 1400.5768786165258 1167 1175 -1
1172 -1.8533847649121833 -154.30441215234282 1349.5365084614948 1168 1176 -1
1173 9.022925094524666 -141.83693971158323 1320.9550509138544 1169 1177 -1
1174 -68.69295158846708 -134.05711088633583 1407.2698770716468 1170 1178 -1
1175 -54.54379223053022 -143.441737280485 1400.6620261650164 1171 1179 -1
1176 -1.7383083393549466 -154.16195699585552 1349.4796019848536 1172 1180 -1
1177 9.091611949314059 -141.6744609044871 1320.8853131238543 1173 1181 -1
1178 -68.77038823180472 -134.02188674504316 1407.4513370223392 1174 1182 -1
1179 -54.377185663173684 -143.5122368247495 1400.7479730809237 1175 1183 -1
1180 -1.6247550144220693 -154.01801750176085 1349.4233749506448 1176 1184 -1
1181 9.160798226662198 -141.51205624437455 1320.8158970433808 1177 1185 -1
1182 -68.84770101211903 -133.98839752051236 1407.6331778620481 1178 1186 -1
1183 -54.211241258482985 -143.5833615672387 1400.8346825056121 1179 1187 -1
1184 -1.512627215076071 -153.87267290274605 1349.3679068806086 1180 1188 -1
1185 9.230496667318652 -141.34975708578372 1320.7467470643733 1181 1189 -1
1186 -68.9249215946823 -133.95665856793198 1407.8153714465093 1182 1190 -1
1187 -54.045986001989554 -143.65519852643126 1400.9221178602957 1183 1191 -1
1188 -1.401888690991713 -153.72594200215147 1349.3133043334344 1184 1192 -1
1189 9.300708760750528 -141.18759085302506 1320.6778051664437 1185 1193 -1
1190 -69.00208160945492 -133.92668524745162 1407.9978894202993 1186 1194 -1
1191 -53.88144777778722 -143.72783454768697 1401.0102425478094 1187 1195 -1
1192 -1.2924989296434324 -153.57784708869275 1349.259674181475 1188 1196 -1
1193 9.371432544108382 -141.02558388945343 1320.6090119895828 1189 1197 -1
1194 -69.07921267498836 -133.89849214986458 1408.1807030514276 1190 1198 -1
1195 -53.71765573860751 -143.80135661256577 1401.0990200277122 1191 1199 -1
1196 -1.184382850019513 -153.42844590951086 1349.2070944856064 1192 1200 -1
1197 9.442669811739309 -140.8637637057039 1320.5403090707855 1193 1201 -1
1198 -69.15634635401608 -133.87209307205035 1408.363783245513 1194 1202 -1
1199 -53.5546398660576 -143.87585116353011 1401.1884132024113 1195 1203 -1
1200 -1.0775264668207218 -153.2777337795999 1349.1556942261939 1196 1204 -1
1201 9.51442189363498 -140.70215799966866 1320.4716370620254 1197 1205 -1
1202 -69.23351410873327 -133.8475009924849 1408.5471005612885 1198 1206 -1
1203 -53.39243140066393 -143.95140440762046 1401.2783846270374 1199 1207 -1
1204 -0.9718622595563413 -153.12576220000545 1349.1055533307879 1200 1208 -1
1205 9.586687786731222 -140.5407936128245 1320.4029363768911 1201 1209 -1
1206 -69.31074725576656 -133.82472804502868 1408.7306252273343 1202 1210 -1
1207 -53.23106310756902 -144.0281024960216 1401.3688964807927 1203 1211 -1
1208 -0.8673439577099848 -152.9725619740614 1349.056767850071 1204 1212 -1
1209 9.659471146407647 -140.37969997046494 1320.3341466430709 1205 1213 -1
1210 -69.388076826698 -133.80378255711435 1408.914326869939 1206 1214 -1
1211 -53.0705692736462 -144.10603134193047 1401.4599103459718 1207 1215 -1
1212 -0.7639583688130175 -152.8181290601479 1349.0094784400044 1208 1216 -1
1213 9.732772153865836 -140.21890524862914 1320.2652073742545 1209 1217 -1
1214 -69.46553315592695 -133.78465900194155 1409.0981737561967 1210 1218 -1
1215 -52.91098605528902 -144.18527691289736 1401.5513871975077 1211 1219 -1
1216 -0.6616340703970007 -152.66252454735664 1348.9637473822215 1212 1220 -1
1217 9.806591837094842 -140.05843848517628 1320.1960577419195 1213 1221 -1
1218 -69.54314639615099 -133.76734925921616 1409.2821341604056 1214 1222 -1
1219 -52.75235115591216 -144.26592454241998 1401.6432870528151 1215 1223 -1
1220 -0.5603503601695239 -152.50575597552879 1348.9197068666608 1216 1224 -1
1221 9.880934709126471 -139.8983318246525 1320.1266344815717 1217 1225 -1
1222 -69.62094656250822 -133.75184435940915 1409.466176565795 1218 1226 -1
1223 -52.594703858630346 -144.34805870094388 1401.7355688973612 1219 1227 -1
1224 -0.46007312653869015 -152.34784777923147 1348.8774719401413 1220 1228 -1
1225 9.955799350452793 -139.73861407009906 1320.0568769515953 1221 1229 -1
1226 -69.69896348372131 -133.73813442744208 1409.6502696820294 1222 1230 -1
1227 -52.43808560589308 -144.43176361131944 1401.828190780396 1223 1231 -1
1228 -0.36075124112348256 -152.18884671615993 1348.837121862812 1224 1232 -1
1229 10.031191306785571 -139.57932018385588 1319.9867193261812 1225 1233 -1
1230 -69.77722681295619 -133.72620905832437 1409.8343824671601 1226 1234 -1
1231 -52.28253985734117 -144.51712278702055 1401.921109593622 1227 1235 -1
1232 -0.2623802468130708 -152.02874913641557 1348.798831115213 1228 1236 -1
1233 10.107109793038981 -139.42048119536375 1319.9160996914638 1229 1237 -1
1234 -69.85576600178295 -133.71605725866618 1410.0184841218895 1230 1238 -1
1235 -52.12811276292989 -144.604219810146 1402.0142810760692 1231 1239 -1
1236 -0.1649066575375101 -151.8676114281594 1348.7626683474987 1232 1240 -1
1237 10.183559390824513 -139.2621339888501 1319.8449506537916 1233 1241 -1
1238 -69.93460994719653 -133.7076657180886 1410.202544160744 1234 1242 -1
1239 -51.97485156682178 -144.693135566911 1402.1076593619055 1235 1243 -1
1240 -0.06830886664204833 -151.7054572237216 1348.7287705854746 1236 1244 -1
1241 10.26054028795961 -139.10431285556106 1319.7732081571517 1237 1245 -1
1242 -70.0137873102515 -133.70102118890546 1410.3865324250705 1238 1246 -1
1243 -51.82280610191317 -144.78395028619786 1402.2011972633084 1239 1247 -1
1244 0.02743022650414568 -151.54230947460303 1348.6972909226938 1240 1248 -1
1245 10.338056716646848 -138.94705776626157 1319.700802475866 1241 1249 -1
1246 -70.09332655058662 -133.69611049913007 1410.5704190285148 1242 1250 -1
1247 -51.672028494143255 -144.8767428083099 1402.2948460843331 1243 1251 -1
1248 0.12235426140935612 -151.37822671691987 1348.6683015660958 1244 1252 -1
1249 10.416108152405677 -138.79040543207202 1319.627668691904 1245 1253 -1
1250 -70.17325557866916 -133.69291899646151 1410.754174448989 1246 1254 -1
1251 -51.52257382988775 -144.97159134039953 1402.3885555422285 1247 1255 -1
1252 0.216458802784884 -151.2132182882877 1348.6420223108692 1248 1256 -1
1253 10.494699821538317 -138.63440126523298 1319.5537324651796 1249 1257 -1
1254 -70.25360158217033 -133.69143031006024 1410.9377696427853 1250 1258 -1
1255 -51.374498186067754 -145.06857012422566 1402.4822736369958 1251 1259 -1
1256 0.3097879101277131 -151.0473544871119 1348.6185098115784 1252 1260 -1
1257 10.573829913587684 -138.47908455263135 1319.47892841002 1253 1261 -1
1258 -70.3343918291735 -133.6916296784034 1411.1211757221192 1254 1262 -1
1259 -51.22786019508295 -145.16775162789986 1402.5759467372636 1255 1263 -1
1260 0.4023444434837603 -150.88066664719142 1348.597959044773 1256 1264 -1
1261 10.653502185361015 -138.3245041524972 1319.4031807223391 1257 1265 -1
1262 -70.4156525430976 -133.69349963039292 1411.3043644076215 1258 1266 -1
1263 -51.08272074799427 -145.26920584255816 1402.669519509768 1259 1267 -1
1264 0.49414921832216613 -150.71321315262813 1348.5804940978308 1260 1268 -1
1265 10.733716747988124 -138.1707071838507 1319.3264175952113 1261 1269 -1
1266 -70.49740958766105 -133.69702286191753 1411.4873077574878 1262 1270 -1
1267 -50.939143777205025 -145.3730012093238 1402.7629347768307 1263 1271 -1
1268 0.5852153075574625 -150.54505214626866 1348.5662614942387 1264 1272 -1
1269 10.814473047640053 -138.0177427289722 1319.24856685799 1265 1273 -1
1270 -70.57968841641288 -133.7021819749286 1411.6699781604052 1266 1274 -1
1271 -50.79719314636048 -145.4791997833903 1402.8561338693357 1267 1275 -1
1272 0.6755481177627513 -150.37624289890198 1348.555440772222 1268 1276 -1
1273 10.895772831021553 -137.86566721810365 1319.1695491063358 1269 1277 -1
1274 -70.66251352658028 -133.70895792563803 1411.8523486273232 1270 1278 -1
1275 -50.65693540296338 -145.5878612316812 1402.9490564123614 1271 1279 -1
1276 0.7652130196074395 -150.2068924737431 1348.5480720421488 1272 1280 -1
1277 10.977614719009548 -137.71453631549826 1319.0892886098516 1273 1281 -1
1278 -70.74590902009447 -133.71733187816417 1412.034392495461 1274 1282 -1
1279 -50.5184386351599 -145.69904099341758 1403.0416404615646 1275 1283 -1
1280 0.8543074862132882 -150.03712459109482 1348.544232179426 1276 1284 -1
1281 11.05999635464631 -137.56440821487766 1319.007709317155 1277 1285 -1
1282 -70.82989848094375 -133.72728480882424 1412.216083475199 1278 1286 -1
1283 -50.38177302200421 -145.81279095008 1403.1338224122765 1279 1287 -1
1284 0.9429572673337981 -149.86708115485575 1348.5438528412171 1280 1288 -1
1285 11.142915480264433 -137.41534621496388 1318.9247317699965 1281 1289 -1
1286 -70.91450421864728 -133.73879568281825 1412.3973961133386 1282 1290 -1
1287 -50.24700830447184 -145.92915586252113 1403.2255376442884 1283 1291 -1
1288 1.0312716554976065 -149.69689204614573 1348.5470107137583 1284 1292 -1
1289 11.22636890514609 -137.26741755118175 1318.8402750063299 1285 1293 -1
1290 -70.9997485525805 -133.75184482903433 1412.5783050107427 1286 1294 -1
1291 -50.114215410126675 -146.04817573058938 1403.3167202987274 1287 1295 -1
1292 1.1193775218972546 -149.5266939834242 1348.5536209384118 1288 1296 -1
1293 11.310352898677438 -137.12069504511777 1318.7542548447238 1289 1297 -1
1294 -71.08565289028832 -133.7664115889333 1412.7587853725895 1290 1298 -1
1295 -49.983465762008656 -146.16988490044486 1403.4073035222257 1291 1299 -1
1296 1.2073935282755133 -149.35662243288152 1348.5637502884354 1292 1300 -1
1297 11.39486023074788 -136.97525061151202 1318.6665926759117 1293 1301 -1
1298 -71.17223750241008 -133.78247401866815 1412.9388131775322 1294 1302 -1
1299 -49.8548307240556 -146.29431146817316 1403.497219736962 1295 1303 -1
1300 1.295444131585632 -149.18680791891234 1348.5773093169264 1296 1304 -1
1301 11.479883398392722 -136.83116307111752 1318.577205740277 1297 1305 -1
1302 -71.2595222521704 -133.80001060110106 1413.1183646998 1298 1306 -1
1303 -49.72838116506261 -146.421476930729 1403.586400910704 1299 1307 -1
1304 1.3836549818003743 -149.01739030092583 1348.594346699607 1300 1308 -1
1305 11.56541314972544 -136.688515585941 1318.486010938683 1301 1309 -1
1306 -71.34752623132317 -133.81899943635295 1413.29741674134 1302 1310 -1
1307 -49.604186988821276 -146.55139587440556 1403.6747788599903 1303 1311 -1
1308 1.4721466105876626 -148.84849490526466 1348.6147745019973 1304 1312 -1
1309 11.651438286226846 -136.5473958043198 1318.3929251250324 1305 1313 -1
1310 -71.43626774391686 -133.83941826621026 1413.4759466448322 1306 1314 -1
1311 -49.482316634967084 -146.68407570968046 1403.7622855844909 1307 1315 -1
1312 1.5610479379589 -148.6802639196917 1348.63862055295 1308 1316 -1
1313 11.737945455748857 -136.40789598040197 1318.2978654475323 1309 1317 -1
1314 -71.52576429159956 -133.8612444986284 1413.653932306565 1310 1318 -1
1315 -49.36283655627704 -146.81951646109138 1403.8488536296325 1311 1319 -1
1316 1.6504745896840285 -148.5128186680049 1348.665798899833 1312 1320 -1
1317 11.824918937957314 -136.2701130612315 1318.2007497416866 1313 1321 -1
1318 -71.61603256048906 -133.88445523233287 1413.8313521891582 1314 1322 -1
1319 -49.245810679346484 -146.95771062028916 1403.934416473606 1315 1323 -1
1320 1.7405552382009188 -148.34630222860216 1348.69631895326 1316 1324 -1
1321 11.912340424533996 -136.13414873383874 1318.1014969774951 1317 1325 -1
1322 -71.7070884096268 -133.909027281514 1414.0081853341094 1318 1326 -1
1323 -49.13130019587004 -147.0986434276866 1404.0189087843512 1319 1327 -1
1324 1.8313986306856322 -148.18083155944748 1348.7300918961312 1320 1328 -1
1325 12.0 -136.0 1318.0 1321 -1 -1
1326 -71.79894686103664 -133.93493720061156 1414.1844113741354 1322 1329 -1
1327 -49.019364365196736 -147.24229419566603 1404.1022661997988 1323 1330 -1
1328 1.923131415474626 -148.01655131533946 1348.7671160236223 1324 1331 -1
1329 -71.89162244810167 -133.96216186342983 1414.3600102676496 1326 1332 -1
1330 -48.91005473575915 -147.38863092624297 1404.1844281002054 1327 1333 -1
1331 2.015851008594791 -147.85357038837367 1348.807289933002 1328 1334 -1
1332 -71.98512884656954 -133.99067785029712 1414.5349625773863 1329 1335 -1
1333 -48.80342363044375 -147.53761967868033 1404.265333940467 1330 1336 -1
1334 2.109683499170226 -147.69203939924137 1348.850612603199 1331 1337 -1
1335 -72.07947806281598 -134.02046031338023 1414.709250127913 1332 1338 -1
1336 -48.69951384002418 -147.68921484959392 1404.3449281746678 1333 1339 -1
1337 2.204706656211614 -147.53205028647392 1348.8969560506278 1334 1340 -1
1338 -72.17468283308857 -134.05148657814559 1414.882854114153 1335 1341 -1
1339 -48.59836607002601 -147.84336726920776 1404.4231569443548 1336 1342 -1
1340 2.301052118967696 -147.37376946039763 1348.946335723141 1337 1343 -1
1341 -72.27075346995376 -134.0837315077219 1415.0557576132367 1338 1344 -1
1342 -48.5 -148.0 1404.5 1339 -1 -1
1343 2.3987568861653696 -147.2172548987396 1348.998590854482 1340 1345 -1
1344 -72.36770114491776 -134.11717221915043 1415.2279429528103 1341 1346 -1
1345 2.4977727037994564 -147.06258368485842 1349.0537848456827 1343 1347 -1
1346 -72.46553450636996 -134.15178341511475 1415.3993944727404 1344 1348 -1
1347 2.5978513955030165 -146.90964831697883 1349.1118256678026 1345 1349 -1
1348 -72.56426279656145 -134.18754162033855 1415.5700959751334 1346 1350 -1
1349 2.698804133840594 -146.75842462751797 1349.1727657402819 1347 1351 -1
1350 -72.66389427812909 -134.22442302876271 1415.7400320168276 1348 1352 -1
1351 2.8004272192851234 -146.60885788250627 1349.2366117510653 1349 1353 -1
1352 -72.76443572366104 -134.2624029576511 1415.909188370859 1350 1354 -1
1353 2.902519477947481 -146.46088086267412 1349.3033485993942 1351 1355 -1
1354 -72.86589370530538 -134.3014574504861 1416.0775509415996 1352 1356 -1
1355 3.004896744878078 -146.31449664694122 1349.3730938180731 1353 1357 -1
1356 -72.9682740136986 -134.34156254599284 1416.2451062638615 1354 1358 -1
1357 3.107359325870542 -146.1696174544964 1349.4457934257189 1355 1359 -1
1358 -73.0715816652345 -134.38269429920447 1416.411841509374 1356 1360 -1
1359 3.209714169229687 -146.02624506733488 1349.521566820049 1357 1361 -1
1360 -73.175820910567 -134.42482880240033 1416.5777444926764 1358 1362 -1
1361 3.3117647991092074 -145.88433521841037 1349.6004399891513 1359 1363 -1
1362 -73.28099577973856 -134.46794275098213 1416.7428031883867 1360 1364 -1
1363 3.413310459367186 -145.74386381714532 1349.6824761296762 1361 1365 -1
1364 -73.38710921886046 -134.51201252365394 1416.9070065161166 1362 1366 -1
1365 3.514131386033681 -145.6048348169793 1349.767797177551 1363 1367 -1
1366 -73.49416283770485 -134.55701399870333 1417.0703446055963 1364 1368 -1
1367 3.614026019771597 -145.46720898468183 1349.856418389354 1365 1369 -1
1368 -73.60215932827157 -134.60292491020743 1417.2328065697877 1366 1370 -1
1369 3.712730859333712 -145.33102675081975 1349.9485334242142 1367 1371 -1
1370 -73.71109875292876 -134.64972123373275 1417.3943839551239 1368 1372 -1
1371 3.810037892542335 -145.1962529947968 1350.0441401726498 1369 1373 -1
1372 -73.82098271395479 -134.69738114696182 1417.5550668580056 1370 1374 -1
1373 3.9056342257547705 -145.0629512512507 1350.1434634739849 1371 1375 -1
1374 -73.93181003716538 -134.74588102662418 1417.7148480054645 1372 1376 -1
1375 3.999278883376667 -144.93111463509402 1350.2465295676375 1373 1377 -1
1376 -74.04358031380103 -134.79519869219786 1417.8737194162736 1374 1378 -1
1377 4.090626804972692 -144.8008137181751 1350.3535338914262 1375 1379 -1
1378 -74.15629287651709 -134.8453124079055 1418.031673360262 1376 1380 -1
1379 4.179347647764998 -144.67210165986472 1350.4645927303488 1377 1381 -1
1380 -74.269945642958 -134.89619992259304 1418.1887035039658 1378 1382 -1
1381 4.265101398545881 -144.54504131188506 1350.5798058004068 1379 1383 -1
1382 -74.38453623266433 -134.9478394323943 1418.3448038446725 1380 1384 -1
1383 4.347412488334332 -144.41976903436102 1350.6994031572142 1381 1385 -1
1384 -74.5 -135.0 1418.5 1382 -1 -1
1385 4.4259333191109445 -144.29638330093562 1350.82342584232 1383 1386 -1
1386 4.500444108355067 -144.1750139712675 1350.9518340623426 1385 1387 -1
1387 4.570758621861521 -144.0557979159961 1351.0845540623461 1386 1388 -1
1388 4.636680758760751 -143.93887919127437 1351.2215052192669 1387 1389 -1
1389 4.698040106459951 -143.82439004659184 1351.3625669495568 1388 1390 -1
1390 4.754708349251834 -143.71244057549487 1351.5075734402499 1389 1391 -1
1391 4.8065429607111705 -143.60314837384414 1351.6563654964957 1390 1392 -1
1392 4.853416571449744 -143.4966225510141 1351.808765340804 1391 1393 -1
1393 4.895218226595426 -143.3929624463606 1351.9645785770008 1392 1394 -1
1394 4.93185433115151 -143.2922565371442 1352.1235964113112 1393 1395 -1
1395 4.963249265370294 -143.19458156536854 1352.2855980618288 1394 1396 -1
1396 4.989345665769529 -143.10000190144223 1352.450353283118 1395 1397 -1
1397 5.010104380470163 -143.00856915251828 1352.617624932193 1396 1398 -1
1398 5.025504119313574 -142.92032201351412 1352.78717150542 1397 1399 -1
1399 5.035540829066901 -142.8352863497768 1352.9587495824455 1398 1400 -1
1400 5.040226831500427 -142.75347549265274 1353.1321161223582 1399 1401 -1
1401 5.039589767010168 -142.67489072318455 1353.3070305680878 1400 1402 -1
1402 5.0336713887741995 -142.59952191496663 1353.483256726674 1401 1403 -1
1403 5.0225262523736545 -142.5273483048593 1353.6605644046824 1402 1404 -1
1404 5.00622034372364 -142.45833935966687 1353.8387307890348 1403 1405 -1
1405 4.984829684477453 -142.39245570779102 1354.0175415733138 1404 1406 -1
1406 4.958438949256058 -142.32965010698737 1354.1967918378753 1405 1407 -1
1407 4.927140123571545 -142.26986842235993 1354.3762866986424 1406 1408 -1
1408 4.891031225569625 -142.21305059229908 1354.5558417442737 1407 1409 -1
1409 4.850200104590469 -142.1591407925273 1354.735282367191 1408 1410 -1
1410 4.804732024934573 -142.1080829010379 1354.9144419187228 1409 1411 -1
1411 4.754766464256996 -142.05978583283638 1355.0931683445458 1410 1412 -1
1412 4.70041467237132 -142.0141745065348 1355.2713194751689 1411 1413 -1
1413 4.641788981538432 -141.971172008767 1355.4487634816473 1412 1414 -1
1414 4.578963161050806 -141.9307238133508 1355.625369403395 1413 1415 -1
1415 4.5120426192239815 -141.8927550889087 1355.8010189316742 1414 1416 -1
1416 4.441179921401668 -141.85716207778825 1355.9756166657548 1415 1417 -1
1417 4.366477032510303 -141.8238805573029 1356.1490665425788 1416 1418 -1
1418 4.288059658405888 -141.79285694612457 1356.3212912530812 1417 1419 -1
1419 4.206172777445096 -141.76396594196098 1356.4922679774133 1418 1420 -1
1420 4.120905070649083 -141.7371745017875 1356.6619294134061 1419 1421 -1
1421 4.032448051918554 -141.71238278049182 1356.8302567750504 1420 1422 -1
1422 3.9409291163936704 -141.68952766697723 1356.9972162324882 1421 1423 -1
1423 3.8464680214396743 -141.66854849844978 1357.1627775278382 1422 1424 -1
1424 3.7492053695787337 -141.64936871971372 1357.3269292549119 1423 1425 -1
1425 3.649237029749657 -141.63193837551978 1357.489644445624 1424 1426 -1
1426 3.5466774066889806 -141.61619357231592 1357.6509126089313 1425 1427 -1
1427 3.4416354132862987 -141.60207214706088 1357.8107269308416 1426 1428 -1
1428 3.3341701180474543 -141.58954305051282 1357.9690561549073 1427 1429 -1
1429 3.224422261768947 -141.57852006328648 1358.125925144488 1428 1430 -1
1430 3.1124015767060547 -141.56900219106197 1358.28127891931 1429 1431 -1
1431 2.9982388835977822 -141.56090717161695 1358.4351469221383 1430 1432 -1
1432 2.8819946097811093 -141.55419831736737 1358.5875160196822 1431 1433 -1
1433 2.7636942043742336 -141.54886145074678 1358.7383491800592 1432 1434 -1
1434 2.643446745083287 -141.54482575712206 1358.887675551523 1433 1435 -1
1435 2.5212890545691025 -141.542067924785 1359.0354728961884 1434 1436 -1
1436 2.397248323017 -141.54057047649556 1359.1817118477036 1435 1437 -1
1437 2.271410625875366 -141.54027593255353 1359.3264148262267 1436 1438 -1
1438 2.1438113943834143 -141.54116020122868 1359.4695646891719 1437 1439 -1
1439 2.0144557724098773 -141.54321896744332 1359.6111172411888 1438 1440 -1
1440 1.883422944128724 -141.5463979994052 1359.7510975864623 1439 1441 -1
1441 1.75074628046747 -141.5506733719497 1359.889491531758 1440 1442 -1
1442 1.6164200602657515 -141.5560468293054 1360.026246299321 1441 1443 -1
1443 1.480503298462957 -141.56247672218308 1360.1613741171636 1442 1444 -1
1444 1.3430293325776306 -141.56993831840975 1360.2948637742625 1443 1445 -1
1445 1.20400137906776 -141.57842658599094 1360.4266721833862 1444 1446 -1
1446 1.0634406606284976 -141.58792434238813 1360.5567749836646 1445 1447 -1
1447 0.9213885748149488 -141.59840104753718 1360.685171601894 1446 1448 -1
1448 0.7778531471658774 -141.6098480023947 1360.8118240003662 1447 1449 -1
1449 0.6328276253721169 -141.62226594224757 1360.9366745683265 1448 1450 -1
1450 0.48635877891923496 -141.6356207090517 1361.0597304992705 1449 1451 -1
1451 0.33845190577049356 -141.6499051598651 1361.180948387037 1450 1452 -1
1452 0.18908866629136195 -141.66512725852192 1361.3002512052042 1451 1453 -1
1453 0.03831604984897827 -141.68124903153415 1361.4176476394368 1452 1454 -1
1454 -0.1138669478356034 -141.6982427867088 1361.5330849984362 1453 1455 -1
1455 -0.2674569977703217 -141.71606867989908 1361.6465158938329 1454 1456 -1
1456 -0.42240709996895903 -141.73466076835712 1361.7579566448344 1455 1457 -1
1457 -0.5787350968441227 -141.7539883264842 1361.8673286880442 1456 1458 -1
1458 -0.7363992063932263 -141.773987319582 1361.9746426952095 1457 1459 -1
1459 -0.895385627896861 -141.79460787178272 1362.079867908661 1458 1460 -1
1460 -1.0556922677331266 -141.81580357242123 1362.182954104773 1459 1461 -1
1461 -1.217270463160213 -141.83750763620608 1362.283927768401 1460 1462 -1
1462 -1.380145903101559 -141.85968113678595 1362.3826910666728 1461 1463 -1
1463 -1.5442533613879958 -141.88225154155475 1362.479301473203 1462 1464 -1
1464 -1.7096145286038984 -141.90517377272045 1362.5736651317948 1463 1465 -1
1465 -1.8761759791341064 -141.92838044852184 1362.6658224845385 1464 1466 -1
1466 -2.043947237710812 -141.9518184334744 1362.7556984910311 1465 1467 -1
1467 -2.2128832173106483 -141.97542321620048 1362.843320918805 1466 1468 -1
1468 -2.382987395250299 -141.99913621842455 1362.928623237373 1467 1469 -1
1469 -2.554215630312646 -142.02289389354183 1363.0116334977622 1468 1470 -1
1470 -2.726571942695385 -142.04663325469392 1363.092280660183 1469 1471 -1
1471 -2.900006882289688 -142.0702919550118 1363.1706057961394 1470 1472 -1
1472 -3.0745304179888397 -142.0938015362038 1363.2465206228521 1471 1473 -1
1473 -3.2500855807557443 -142.11710233209922 1363.3200847651049 1472 1474 -1
1474 -3.426683699028014 -142.14011975837494 1363.3912010734155 1473 1475 -1
1475 -3.604270940498742 -142.16279530447514 1363.459923513142 1474 1476 -1
1476 -3.7828424864928074 -142.1850541956449 1363.5261877356374 1475 1477 -1
1477 -3.9623633039322463 -142.20683146176563 1363.5900013703565 1476 1478 -1
1478 -4.142805549294816 -142.22805967722368 1363.6513540255369 1477 1479 -1
1479 -4.324154465303149 -142.24865992987841 1363.7101958010278 1478 1480 -1
1480 -4.506361987451264 -142.26857689733552 1363.7665686082132 1479 1481 -1
1481 -4.689421269273136 -142.2877202197439 1363.820392375802 1480 1482 -1
1482 -4.873284324982323 -142.30603405506588 1363.8717058867328 1481 1483 -1
1483 -5.057923425253507 -142.3234437444126 1363.9204854309392 1482 1484 -1
1484 -5.243314233315558 -142.33986469644827 1363.966688198602 1483 1485 -1
1485 -5.429407536323133 -142.35524523721742 1364.0103551309996 1484 1486 -1
1486 -5.616181173196522 -142.36949150053718 1364.0514252058372 1485 1487 -1
1487 -5.803591216226026 -142.38254115499953 1364.0899115934342 1486 1488 -1
1488 -5.991594772350194 -142.39433374750647 1364.125823586274 1487 1489 -1
1489 -6.18016720005472 -142.40476030295125 1364.1590769200593 1488 1490 -1
1490 -6.369252071877298 -142.41378337954993 1364.1897273876452 1489 1491 -1
1491 -6.5588090941285255 -142.42132478311592 1364.2177501331857 1490 1492 -1
1492 -6.748798895920873 -142.42728798841915 1364.2430933610626 1491 1493 -1
1493 -6.939164842931158 -142.4316357731319 1364.2658046597737 1492 1494 -1
1494 -7.129861613286865 -142.43428034901834 1364.2858469640043 1493 1495 -1
1495 -7.320837864245415 -142.43514369803538 1364.3032020197825 1494 1496 -1
1496 -7.512035861871225 -142.43418693865675 1364.3179079386168 1495 1497 -1
1497 -7.703403000432646 -142.4313130209429 1364.3299180259196 1496 1498 -1
1498 -7.89487950654656 -142.4264687594097 1364.3392489770208 1497 1499 -1
1499 -8.08640545169134 -142.41961372838838 1364.345931056602 1498 1500 -1
1500 -8.277919102059775 -142.4106382013253 1364.3499049757522 1499 1501 -1
1501 -8.469356857581847 -142.39952605851582 1364.3512832247454 1500 1502 -1
1502 -8.660658066791584 -142.38622077627423 1364.3503717576841 1501 1503 -1
1503 -8.851767692111244 -142.37062675531197 1364.347535588005 1502 1504 -1
1504 -9.04264924957398 -142.35274642861862 1364.3432125733902 1503 1505 -1
1505 -9.23326434130714 -142.33248583100544 1364.337767787213 1504 1506 -1
1506 -9.423585179998394 -142.30981034232317 1364.3316003419893 1505 1507 -1
1507 -9.613587471782857 -142.28468954274805 1364.3250922197835 1506 1508 -1
1508 -9.803236442396388 -142.25701897754684 1364.3186231719744 1507 1509 -1
1509 -9.992513002563975 -142.2268225823794 1364.3125613234095 1508 1510 -1
1510 -10.181373273656284 -142.1939874172086 1364.307291061402 1509 1511 -1
1511 -10.369785926259274 -142.1585248600625 1364.3031605457954 1510 1512 -1
1512 -10.557698213024189 -142.12036716460253 1364.300540424869 1511 1513 -1
1513 -10.745053709384138 -142.0794886449104 1364.2997814739856 1512 1514 -1
1514 -10.931786592198737 -142.03587243939856 1364.3012188960192 1513 1515 -1
1515 -11.117809721724704 -141.98947380545306 1364.305212217266 1514 1516 -1
1516 -11.303039321100913 -141.9403161625965 1364.3120515087012 1515 1517 -1
1517 -11.487356417631002 -141.88836017347356 1364.3220910797895 1516 1518 -1
1518 -11.670654610679358 -141.83365411994444 1364.3355775666957 1517 1519 -1
1519 -11.852817302921599 -141.7762314378156 1364.3526732025366 1518 1520 -1
1520 -12.033770686857125 -141.71620648613847 1364.3733091076408 1519 1521 -1
1521 -12.213451188734517 -141.65369575744165 1364.3974000888002 1520 1522 -1
1522 -12.39176599168558 -141.58875020202544 1364.4249504504924 1521 1523 -1
1523 -12.568683593464055 -141.52151773600494 1364.455823248905 1522 1524 -1
1524 -12.744098583981849 -141.45201788903157 1364.4900659440239 1523 1525 -1
1525 -12.917973084663352 -141.38036861388656 1364.5275788360868 1524 1526 -1
1526 -13.090246213535032 -141.30664497212524 1364.5683228996456 1525 1527 -1
1527 -13.260810854513725 -141.230864836764 1364.6123498866793 1526 1528 -1
1528 -13.429645868974463 -141.15314648485005 1364.6595497566364 1527 1529 -1
1529 -13.596661019355542 -141.07352524762746 1364.7099450429912 1528 1530 -1
1530 -13.761765935176353 -140.9920406976558 1364.7635538168436 1529 1531 -1
1531 -13.924923236047139 -140.90878198313956 1364.8203069851613 1530 1532 -1
1532 -14.086019737427359 -140.82376940708744 1364.8802572410134 1531 1533 -1
1533 -14.244974393804663 -140.73705524721964 1364.943402028565 1532 1534 -1
1534 -14.401731215315968 -140.64871044353424 1365.0097021033673 1533 1535 -1
1535 -14.556142981987781 -140.55874282457194 1365.079243535024 1534 1536 -1
1536 -14.708142869191096 -140.46722069706175 1365.1519951727157 1535 1537 -1
1537 -14.857646773400353 -140.37420039377753 1365.2279487540393 1536 1538 -1
1538 -15.004457456284698 -140.27967952505898 1365.307229953365 1537 1539 -1
1539 -15.14854055864444 -140.1837510535395 1365.3897568580792 1538 1540 -1
1540 -15.289724848513725 -140.08643916348566 1365.4756069416437 1539 1541 -1
1541 -15.42786111919826 -139.98778786603967 1365.5648204177678 1540 1542 -1
1542 -15.562858475602352 -139.88787035892972 1365.6573674768858 1541 1543 -1
1543 -15.694450179182732 -139.78669900834174 1365.7533915846182 1542 1544 -1
1544 -15.822588079371462 -139.68437352583155 1365.852803153904 1543 1545 -1
1545 -15.946984775432018 -139.58092082394413 1365.955736726529 1544 1546 -1
1546 -16.067537244705147 -139.47643297135002 1366.0621396618128 1545 1547 -1
1547 -16.183964997896005 -139.3709631805203 1366.1721063393315 1546 1548 -1
1548 -16.296122753983926 -139.26460661880458 1366.2855999697979 1547 1549 -1
1549 -16.403707164525787 -139.1574369760887 1366.4026976472617 1548 1550 -1
1550 -16.506572960623256 -139.04956555101188 1366.523337368744 1549 1551 -1
1551 -16.604349096068823 -138.94108372134858 1366.647606383092 1550 1552 -1
1552 -16.696925879824793 -138.83212450852517 1366.7753895564958 1551 1553 -1
1553 -16.783873949773447 -138.7228048239638 1366.9067675631914 1552 1554 -1
1554 -16.865062128412806 -138.6132751172171 1367.0416086066691 1553 1555 -1
1555 -16.94019927183561 -138.50369310108562 1367.1798720542 1554 1556 -1
1556 -17.009235974365563 -138.3942639373799 1367.3213984764427 1555 1557 -1
1557 -17.07234760253855 -138.28518929690554 1367.4659341443778 1556 1558 -1
1558 -17.129488034932443 -138.17667908185993 1367.613350946298 1557 1559 -1
1559 -17.180909125666393 -138.06890754637675 1367.7633918349284 1558 1560 -1
1560 -17.226736724446184 -137.96204754767976 1367.9158790726995 1559 1561 -1
1561 -17.267065938365153 -137.85627392949223 1368.0706601153538 1560 1562 -1
1562 -17.30219703008575 -137.75170655124654 1368.227514765571 1561 1563 -1
1563 -17.332189476236458 -137.64851160216364 1368.3863336748377 1562 1564 -1
1564 -17.357342440889706 -137.54678330571554 1368.5469290517235 1563 1565 -1
1565 -17.377812190807113 -137.44664432492223 1368.7091809579435 1564 1566 -1
1566 -17.393797021869567 -137.34819787152443 1368.872965406025 1565 1567 -1
1567 -17.40553804503833 -137.25151812996197 1369.038156200079 1566 1568 -1
1568 -17.413172436744443 -137.15671661139024 1369.2046713490315 1567 1569 -1
1569 -17.416974822741718 -137.06383145262893 1369.3723942734625 1568 1570 -1
1570 -17.41705764490144 -136.97297519315796 1369.5412679155475 1569 1571 -1
1571 -17.41368767762018 -136.88416798328964 1369.7111950272501 1570 1572 -1
1572 -17.40698247743338 -136.7975112458691 1369.882130746631 1571 1573 -1
1573 -17.39717090266121 -136.7130285397761 1370.0540024145826 1572 1574 -1
1574 -17.384397388017565 -136.63079482324102 1370.2267680906955 1573 1575 -1
1575 -17.36883402566355 -136.5508599934805 1370.4003820551104 1574 1576 -1
1576 -17.35066546330569 -136.4732554273085 1370.5747985474982 1575 1577 -1
1577 -17.329998442910973 -136.39808051810374 1370.7499994214818 1576 1578 -1
1578 -17.30705001221515 -136.32532056372145 1370.9259344842537 1577 1579 -1
1579 -17.281901391207583 -136.25510119086354 1371.102599724919 1578 1580 -1
1580 -17.254744287829546 -136.18741923062444 1371.2799565923112 1579 1581 -1
1581 -17.225704794058696 -136.12234436750055 1371.4579898091274 1580 1582 -1
1582 -17.194898767232374 -136.05996501124497 1371.636689772802 1581 1583 -1
1583 -17.162496417019753 -136.0002797225196 1371.816026465079 1582 1584 -1
1584 -17.12858637753256 -135.943425372819 1371.9960031025405 1583 1585 -1
1585 -17.093325371136668 -135.88941389295854 1372.176594583849 1584 1586 -1
1586 -17.056837635629666 -135.8383143473145 1372.3577888667362 1585 1587 -1
1587 -17.019227281480095 -135.79025700897193 1372.539584977901 1586 1588 -1
1588 -16.980646729952213 -135.74523826018898 1372.7219546427664 1587 1589 -1
1589 -16.94119828843299 -135.70341227784797 1372.9048978583342 1588 1590 -1
1590 -16.901011294887365 -135.66481233900703 1373.088388544913 1589 1591 -1
1591 -16.860171754672965 -135.62943148416502 1373.2723835530305 1590 1592 -1
1592 -16.81873873039522 -135.59731398343442 1373.4568439476936 1591 1593 -1
1593 -16.776799024694217 -135.56834589437722 1373.641710926075 1592 1594 -1
1594 -16.73441046984597 -135.54259279693878 1373.826951029377 1593 1595 -1
1595 -16.69165380701972 -135.51996076855113 1374.0125138727656 1594 1596 -1
1596 -16.648597146755442 -135.5004501428439 1374.198361635207 1595 1597 -1
1597 -16.605311378076983 -135.4840459082263 1374.3844562386118 1596 1598 -1
1598 -16.561870617399315 -135.47067244281232 1374.5707571948653 1597 1599 -1
1599 -16.518343697456565 -135.46038278117808 1374.7572338707043 1598 1600 -1
1600 -16.474803885315502 -135.45305103561157 1374.9438472876602 1599 1601 -1
1601 -16.431323761783357 -135.44874681665465 1375.130569004857 1600 1602 -1
1602 -16.387972873608156 -135.44735654358405 1375.3173651924233 1601 1603 -1
1603 -16.34482648339114 -135.44891227697414 1375.504207419647 1602 1604 -1
1604 -16.301954111816347 -135.45334877948252 1375.6910665743942 1603 1605 -1
1605 -16.259430264639402 -135.4606562474226 1375.8779151404153 1604 1606 -1
1606 -16.21732816889514 -135.47080744864152 1376.064726416286 1605 1607 -1
1607 -16.17571916330645 -135.48376177123887 1376.251474792092 1606 1608 -1
1608 -16.13468250050689 -135.49951944577774 1376.4381343490054 1607 1609 -1
1609 -16.09428555013415 -135.518020167138 1376.6246816643397 1608 1610 -1
1610 -16.054614304398896 -135.53928078436223 1376.8110905956478 1609 1611 -1
1611 -16.015733164518977 -135.56323256701208 1376.997339520357 1610 1612 -1
1612 -15.977733728783582 -135.58989776276624 1377.1834016647194 1611 1613 -1
1613 -15.94068047622327 -135.61921070337556 1377.369256152802 1612 1614 -1
1614 -15.904667340948935 -135.6511873906502 1377.5548757844947 1613 1615 -1
1615 -15.869764257812276 -135.6857769617763 1377.740238667369 1614 1616 -1
1616 -15.836061757157493 -135.72297708240973 1377.9253180500903 1615 1617 -1
1617 -15.803643262479994 -135.76276369452611 1378.1100884571392 1616 1618 -1
1618 -15.772587321060744 -135.8051036040876 1378.2945252403692 1617 1619 -1
1619 -15.743001814793077 -135.8500117677723 1378.4785958096982 1618 1620 -1
1620 -15.714912563534746 -135.8974104560257 1378.662276060064 1619 1621 -1
1621 -15.688321059289311 -135.94735958432915 1378.8455029188954 1620 1622 -1
1622 -15.663104321890893 -135.99975481242436 1379.0282402369464 1621 1623 -1
1623 -15.639208781015478 -136.0546151319609 1379.2104310353438 1622 1624 -1
1624 -15.616550249068442 -136.11191007152243 1379.3920294873087 1623 1625 -1
1625 -15.595032869723612 -136.17158511918603 1379.5729993209866 1624 1626 -1
1626 -15.57460251702423 -136.23368120317048 1379.7532793687642 1625 1627 -1
1627 -15.555148646119958 -136.29811880010516 1379.9328441698417 1626 1628 -1
1628 -15.536588920422858 -136.3648819783535 1380.1116526367748 1627 1629 -1
1629 -15.518851106261014 -136.43399566043482 1380.2896496268932 1628 1630 -1
1630 -15.501828186829536 -136.50538962747038 1380.46681436855 1629 1631 -1
1631 -15.485432026815605 -136.5790486320835 1380.643109055926 1630 1632 -1
1632 -15.469581336317601 -136.6550048302295 1380.8184764462776 1631 1633 -1
1633 -15.454169527859351 -136.73319300817124 1380.9928993253084 1632 1634 -1
1634 -15.43910211363527 -136.813600340831 1381.166340720664 1633 1635 -1
1635 -15.424283326407766 -136.89623241139643 1381.3387549617778 1634 1636 -1
1636 -15.409611124871146 -136.98108071774521 1381.5101019470787 1635 1637 -1
1637 -15.39498098297704 -137.0681125434643 1381.6803537651635 1636 1638 -1
1638 -15.38028803602285 -137.1573191903014 1381.8494707727216 1637 1639 -1
1639 -15.365424248181805 -137.2486928768927 1382.0174119302528 1638 1640 -1
1640 -15.350274000242624 -137.34224893958074 1382.1841213980251 1639 1641 -1
1641 -15.334723808708535 -137.43795869426378 1382.3495665151354 1640 1642 -1
1642 -15.318655540860684 -137.53581327209312 1382.5137021208618 1641 1643 -1
1643 -15.301946483540954 -137.6358074478876 1382.6764784837687 1642 1644 -1
1644 -15.284469492994855 -137.73793620131323 1382.8378427302262 1643 1645 -1
1645 -15.266092721143071 -137.842194468286 1382.9977384228703 1644 1646 -1
1646 -15.246679347009302 -137.9485768447052 1383.1561051119734 1645 1647 -1
1647 -15.226087320184545 -138.05707723640262 1383.312877859451 1646 1648 -1
1648 -15.204169124745746 -138.16768844866087 1383.467986735995 1647 1649 -1
1649 -15.180771573835292 -138.28040170821345 1383.6213562928685 1648 1650 -1
1650 -15.155735647154206 -138.3952061103599 1383.772905011254 1649 1651 -1
1651 -15.128896385928295 -138.51208798376354 1383.9225447338 1650 1652 -1
1652 -15.100082862437816 -138.63103016579385 1384.0701800852082 1651 1653 -1
1653 -15.069118243923825 -138.75201118198612 1384.215707891414 1652 1654 -1
1654 -15.03581997349192 -138.87500432453498 1384.3590166101776 1653 1655 -1
1655 -15.0 -139.0 1384.5 1654 -1 -1
