0 74.0 -131.0 854.5 -1 1 -1
1 74.00845143133955 -130.88981324764939 854.3375314125008 0 2 -1
2 74.00983031952303 -130.77456802759437 854.1784077289927 1 3 -1
3 74.00173294844899 -130.6531479177169 854.0241823856122 2 4 -1
4 73.98100823698795 -130.52451876181104 853.8772145308552 3 5 -1
5 73.94194422778664 -130.3873328737933 853.7423370378409 4 6 -1
6 73.87719547258385 -130.24191939622747 853.6277602068903 5 7 -1
7 73.77807030730277 -130.09320396201275 853.5477558461303 6 8 -1
8 73.64484684197559 -129.95380794220526 853.5142933287167 7 9 -1
9 73.48880268180393 -129.83578931846225 853.5258190642572 8 10 -1
10 73.32239772024629 -129.74064643963757 853.5679555698323 9 11 -1
11 73.15162098846041 -129.66416393054038 853.6276088224314 10 12 -1
12 72.97839953238206 -129.6016616280575 853.6960496831927 11 13 -1
13 72.80297598610753 -129.54976299989053 853.7677315459334 12 14 -1
14 72.62512453513789 -129.5057301685699 853.8387082271523 13 15 -1
15 72.44435035178459 -129.46796463795155 853.9058051297753 14 16 -1
16 72.26083113881532 -129.43501218720883 853.9677983666384 15 17 -1
17 72.07514595452979 -129.40592430079107 854.0251098257742 16 18 -1
18 71.88776986510666 -129.37984444789038 854.0782218042972 17 19 -1
19 71.69907089729305 -129.3559878825011 854.1275698943872 18 20 -1
20 71.509330525916 -129.33363460667715 854.1735160204533 19 21 -1
21 71.31879286292252 -129.31207775133558 854.2164466108192 20 22 -1
22 71.12765021130836 -129.29065677129395 854.2566721980594 21 23 -1
23 70.93607184830698 -129.26871656762495 854.294472606946 22 24 -1
24 70.74421761818373 -129.24558967398343 854.3301033465483 23 25 -1
25 70.55225102976493 -129.22057809446937 854.3638006923417 24 26 -1
26 70.36033512604692 -129.1930508852942 854.3957800859228 25 27 -1
27 70.16855224660257 -129.1629652731269 854.426218876985 26 28 -1
28 69.97694043168293 -129.13052225934285 854.4552858156445 27 29 -1
29 69.78552623058098 -129.09594038071432 854.483166637977 28 30 -1
30 69.5943188792125 -129.0595036875834 854.5100897051343 29 31 -1
31 69.403318832814 -129.0214773572776 854.536278283889 30 32 -1
32 69.21252022380678 -128.98211872387503 854.5619638674741 31 33 -1
33 69.02190159217152 -128.9417459845683 854.5874119425106 32 34 -1
34 68.83143519405282 -128.90068045474777 854.6128921425408 33 35 -1
35 68.64109369435188 -128.85924373478906 854.6387027029343 34 36 -1
36 68.45083902116582 -128.8177987889362 854.665132157745 35 37 -1
37 68.26064028528518 -128.77672279671478 854.6925211671368 36 38 -1
38 68.07046810132697 -128.73639581563177 854.7211761235064 37 39 -1
39 67.8803037093294 -128.69725743190094 854.7514798113847 38 40 -1
40 67.69014206231931 -128.6597028974147 854.7837382480753 39 41 -1
41 67.49999876785328 -128.62424878325172 854.8183880759244 40 42 -1
42 67.30991454075249 -128.59131165697073 854.8557338778157 41 43 -1
43 67.11996249575037 -128.5613961608277 854.896163155162 42 44 -1
44 66.93025763304394 -128.53503697670772 854.9400705597313 43 45 -1
45 66.7409493351531 -128.51266650535482 854.9877345282902 44 46 -1
46 66.55220584931644 -128.49475434281837 855.0393594837801 45 47 -1
47 66.36389084562667 -128.48128805899364 855.0938318031805 46 48 -1
48 66.17561670483957 -128.47190850313814 855.1492977637018 47 49 -1
49 65.98694981905138 -128.46635545473956 855.2039384745677 48 50 -1
50 65.79742837812339 -128.46441451385206 855.2557901771795 49 51 -1
51 65.60666682085645 -128.46577407103442 855.3028741230896 50 52 -1
52 65.41438238330821 -128.47019232441696 855.3430381972413 51 53 -1
53 65.22062857754592 -128.4774034021791 855.374904878838 52 54 -1
54 65.0266795211125 -128.4870600519741 855.4049377862748 53 55 -1
55 64.83444617649032 -128.4986713097601 855.4437527258116 54 56 -1
56 64.64616349432265 -128.5116605089237 855.4982455184763 55 57 -1
57 64.46201433729449 -128.5255911744876 855.5653124051697 56 58 -1
58 64.28097110854266 -128.54018846335583 855.6402798653506 57 59 -1
59 64.10154320172161 -128.55522618411536 855.7189696893087 58 60 -1
60 63.9222703176363 -128.57055667617965 855.7979573173388 59 61 -1
61 63.74184847325839 -128.5860122589079 855.874251403334 60 62 -1
62 63.55975584256831 -128.60135556945744 855.9464871077611 61 63 -1
63 63.37588592117696 -128.6163202566379 856.0141517638855 62 64 -1
64 63.19006961745338 -128.6306060942685 856.0764254438374 63 65 -1
65 63.00230599742314 -128.64394457623573 856.1327817916964 64 66 -1
66 62.812534506402244 -128.65599328406736 856.1822766077056 65 67 -1
67 62.62090818216143 -128.66649211230057 856.2244217108826 66 68 -1
68 62.427548464952295 -128.67507874231444 856.2582503764089 67 69 -1
69 62.23277819524218 -128.68150656131832 856.2833083021468 68 70 -1
70 62.036951077970556 -128.68544954501485 856.2988039950868 69 71 -1
71 61.84056065345231 -128.68671944759652 856.3045431823376 70 72 -1
72 61.644110578829505 -128.68523219362953 856.3011928715932 71 73 -1
73 61.44797654929929 -128.68106812020892 856.2901526586082 72 74 -1
74 61.25240271978785 -128.6741989325931 856.2724620019674 73 75 -1
75 61.05749287952985 -128.66472972300906 856.2494247180794 74 76 -1
76 60.863297324353915 -128.65262648850862 856.2219893202049 75 77 -1
77 60.66978733672038 -128.63791562371935 856.1911815367952 76 78 -1
78 60.47689199730249 -128.6206191323693 856.1579508757673 77 79 -1
79 60.28452974170021 -128.60067830724682 856.1231447779462 78 80 -1
80 60.09259579229321 -128.57805327190107 856.0876218940477 79 81 -1
81 59.900979831075375 -128.55272725609336 856.0522063297732 80 82 -1
82 59.7096539962514 -128.5246438195294 856.0173044167213 81 83 -1
83 59.51873132381317 -128.4936821034503 855.9826304270368 82 84 -1
84 59.32832194323913 -128.45986503363662 855.9478033286182 83 85 -1
85 59.1385477712173 -128.4231427738969 855.9124558728718 84 86 -1
86 58.949550858903244 -128.38341961859786 855.8762017676181 85 87 -1
87 58.76147567811815 -128.3406405123449 855.838657037633 86 88 -1
88 58.57446467686987 -128.29478964539695 855.7994612353856 87 89 -1
89 58.388694734939506 -128.24579265303836 855.7582249818015 88 90 -1
90 58.204380759802575 -128.19354531464083 855.7145225906442 89 91 -1
91 58.021701567852375 -128.13807159330366 855.6680262169432 90 92 -1
92 57.8408890276823 -128.0793236973236 855.618364061149 91 93 -1
93 57.66215477516926 -128.0172624762919 855.5653233960943 92 94 -1
94 57.48553436274389 -127.95206710594593 855.509060138194 93 95 -1
95 57.311111139036164 -127.88382409066585 855.4496428261818 94 96 -1
96 57.13899995606175 -127.81257546875992 855.38709332595 95 97 -1
97 56.96919694145431 -127.73850584848765 855.3215826740939 96 98 -1
98 56.801755384221806 -127.66171242499045 855.253191594712 97 99 -1
99 56.636763794539945 -127.58224920532216 855.1819546511142 98 100 -1
100 56.474186533787574 -127.5002947299218 855.1080399392357 99 101 -1
101 56.31404125267844 -127.415956527953 855.0315410540187 100 102 -1
102 56.156402614475326 -127.32928345492282 854.9524875564932 101 103 -1
103 56.00121032635077 -127.2404415665601 854.871038005217 102 104 -1
104 55.8484569686867 -127.14953646567669 854.7872862247069 103 105 -1
105 55.69816044954962 -127.05664670644133 854.7012962325769 104 106 -1
106 55.55030757916506 -126.96187073863697 854.613154836219 105 107 -1
107 55.4048443356138 -126.86532981025742 854.5229763378633 106 108 -1
108 55.26174568744333 -126.76711533972862 854.4308422416792 107 109 -1
109 55.12100240808294 -126.66730285483632 854.3368160466106 108 110 -1
110 54.98259017393946 -126.56597397981723 854.2409689270951 109 111 -1
111 54.84644340349011 -126.46323085331593 854.1433981838462 110 112 -1
112 54.71252479994173 -126.35915161042452 854.0441736030101 111 113 -1
113 54.580795103542535 -126.25381114154004 853.9433620113128 112 114 -1
114 54.45121989635646 -126.14727770694418 853.8410228085704 113 115 -1
115 54.323776198142454 -126.03961042273117 853.7372041440645 114 116 -1
116 54.19839204972776 -125.93089045986315 853.6319842855424 115 117 -1
117 54.07502365544471 -125.82118009527673 853.5254182520067 116 118 -1
118 53.953626732760995 -125.71053876957541 853.4175583340549 117 119 -1
119 53.83415671506742 -125.59902319760765 853.3084541725578 118 120 -1
120 53.716568930036274 -125.48668748386845 853.1981528431068 119 121 -1
121 53.60081875526699 -125.37358324103246 853.0866989444974 120 122 -1
122 53.4868617529463 -125.25975971018956 852.9741346897613 121 123 -1
123 53.37466374377888 -125.14526021673417 852.8604939678233 122 124 -1
124 53.26417313421315 -125.03013285922404 852.7458193751892 123 125 -1
125 53.155342792316105 -124.9144218829117 852.6301488350642 124 126 -1
126 53.04813016554191 -124.79816810365384 852.5135157955393 125 127 -1
127 52.942493299425294 -124.68141057119499 852.3959517853917 126 128 -1
128 52.83839087866213 -124.56418668046368 852.2774864992176 127 129 -1
129 52.735782257780215 -124.44653227988056 852.1581478796367 128 130 -1
130 52.63462748249759 -124.32848177653435 852.0379621962903 129 131 -1
131 52.534887302771004 -124.21006823816137 851.9169541214283 130 132 -1
132 52.43652317844185 -124.09132349192804 851.7951468019405 131 133 -1
133 52.33949727829803 -123.97227822007343 851.6725619277422 132 134 -1
134 52.24377247328486 -123.85296205251676 851.5492197964596 133 135 -1
135 52.14931232451561 -123.73340365657131 851.4251393744089 134 136 -1
136 52.05608106665911 -123.61363082394517 851.3003383538719 135 137 -1
137 51.96404358720814 -123.49367055523328 851.1748332067118 136 138 -1
138 51.87316540206887 -123.37354914213361 851.0486392343752 137 139 -1
139 51.783412627847376 -123.25329224763958 850.9217706143475 138 140 -1
140 51.69475195115481 -123.1329249844822 850.7942404431318 139 141 -1
141 51.607150595197176 -123.01247199211129 850.6660607758344 140 142 -1
142 51.52057628386833 -122.89195751252394 850.5372426624331 141 143 -1
143 51.434997203516794 -122.77140546526348 850.4077961808157 142 144 -1
144 51.350381962515335 -122.65083952193015 850.2777304666691 143 145 -1
145 51.26669954872139 -122.53028318056323 850.1470537402969 144 146 -1
146 51.18391928487611 -122.40975984027146 850.0157733304454 145 147 -1
147 51.10201078195658 -122.28929287651296 849.8838956952094 146 148 -1
148 51.02094389045702 -122.16890571744814 849.7514264400841 147 149 -1
149 50.9406912925706 -122.04862235132067 849.6183683629798 148 150 -1
150 50.86122423695188 -121.92846705892077 849.4847243845988 149 151 -1
151 50.78250948855324 -121.80846354389367 849.3505000863101 150 152 -1
152 50.704517285491754 -121.68863634181241 849.2156977354513 151 153 -1
153 50.62721781694335 -121.5690104672585 849.0803187932056 152 154 -1
154 50.550580510135944 -121.44961071912509 848.9443649723169 153 155 -1
155 50.47457041826215 -121.33045770220266 848.8078437334638 154 156 -1
156 50.39914952495642 -121.21157003712074 848.6707654900865 155 157 -1
157 50.324279707983685 -121.09296712366252 848.5331395414813 156 158 -1
158 50.249925277447396 -120.97467147502152 848.3949707921522 157 159 -1
159 50.176035790872774 -120.85669743504431 848.2562786406685 158 160 -1
160 50.102567183232274 -120.73906325331815 848.1170751634182 159 161 -1
161 50.029474099132095 -120.62178704544768 847.9773728277011 160 162 -1
162 49.956711349730796 -120.50488872066009 847.8371821689115 161 163 -1
163 49.88423353677714 -120.38839154992327 847.69651079936 162 164 -1
164 49.8119862205797 -120.27230680588939 847.5553806672884 163 165 -1
165 49.73991951547499 -120.15665196928357 847.413805925359 164 166 -1
166 49.66798299348005 -120.04144629750459 847.2717994013807 165 167 -1
167 49.59612499918646 -119.9267151703701 847.129369559192 166 168 -1
168 49.52429063254583 -119.81246630468368 846.9865407104967 167 169 -1
169 49.452427007721525 -119.6987164210191 846.8433288260474 168 170 -1
170 49.38047883096374 -119.58548967394789 846.699745317099 169 171 -1
171 49.308390562067736 -119.47280209721748 846.5558083574383 170 172 -1
172 49.23610925868571 -119.36066341297335 846.411539920414 171 173 -1
173 49.16357974015361 -119.24909154412735 846.2669569310044 172 174 -1
174 49.090740023569964 -119.1381147034758 846.1220722660311 173 175 -1
175 49.017542181112916 -119.02773464341071 845.9769124940242 174 176 -1
176 48.943932436282594 -118.9179665699876 845.8314971716118 175 177 -1
177 48.86984542686123 -118.80884029579079 845.6858413903257 176 178 -1
178 48.79523509987953 -118.70035962405046 845.5399706689221 177 179 -1
179 48.72005152828835 -118.59253587260096 845.3939073636142 178 180 -1
180 48.644233145827876 -118.48539343159669 845.2476709607932 179 181 -1
181 48.56772863921464 -118.3789454373806 845.1012848643453 180 182 -1
182 48.490496630818484 -118.27319672351048 844.9547740426892 181 183 -1
183 48.41249421382285 -118.16816157836762 844.8081580801122 182 184 -1
184 48.33372707767013 -118.06384876347032 844.6614352791903 183 185 -1
185 48.25425450390224 -117.96023229124441 844.5145995164165 184 186 -1
186 48.17411776375733 -117.85730205655138 844.3676420896096 185 187 -1
187 48.093347903032104 -117.75505891889759 844.2205516612763 186 188 -1
188 48.011991545915 -117.65348668588894 844.0733197026731 187 189 -1
189 47.93009431683499 -117.55256852672493 843.9259378942969 188 190 -1
190 47.84769575613128 -117.45229364409494 843.7783964950424 189 191 -1
191 47.76482524177877 -117.35266540810167 843.6306814431025 190 192 -1
192 47.68153239986856 -117.2536588851669 843.4827860291948 191 193 -1
193 47.59785631185038 -117.15526194833046 843.3347002390733 192 194 -1
194 47.51383493402487 -117.05746345286315 843.1864136351462 193 195 -1
195 47.42949959508719 -116.96026551151795 843.0379105428476 194 196 -1
196 47.344895437348576 -116.86364310388721 842.8891849485642 195 197 -1
197 47.260059428252845 -116.76758486688554 842.7402261482043 196 198 -1
198 47.17502815048011 -116.6720795827068 842.5910233151916 197 199 -1
199 47.08983576869296 -116.57712514021156 842.4415610215904 198 200 -1
200 47.004521143032854 -116.4827033232986 842.2918312682754 199 201 -1
201 46.919120747238196 -116.38880035214336 842.141824374898 200 202 -1
202 46.83367003259608 -116.2954051513705 841.9915294054479 201 203 -1
203 46.74820432189915 -116.20250926743395 841.840933801307 202 204 -1
204 46.662759657659215 -116.11010633368667 841.6900233122983 203 205 -1
205 46.57737099674078 -116.01817780637924 841.5387917412075 204 206 -1
206 46.492072907589304 -115.92671292138908 841.3872283031598 205 207 -1
207 46.40689978361909 -115.8357010110091 841.2353222877001 206 208 -1
208 46.321887694883436 -115.74513555963719 841.0830596498921 207 209 -1
209 46.23708003050505 -115.65502381018578 840.930414330949 208 210 -1
210 46.15252163015339 -115.56537696654641 840.7773575723387 209 211 -1
211 46.06825980979974 -115.47621263492886 840.6238560718772 210 212 -1
212 45.98434241632365 -115.387549214463 840.4698765047833 211 213 -1
213 45.900819488827125 -115.29940781188027 840.3153836278367 212 214 -1
214 45.817746938282454 -115.21181576150077 840.1603365104115 213 215 -1
215 45.73516904718356 -115.12478623899196 840.004709520271 214 216 -1
216 45.65313744372219 -115.0383416608481 839.8484688646868 215 217 -1
217 45.57170508157826 -114.95250563203896 839.6915805907946 216 218 -1
218 45.49093001846898 -114.86730639468287 839.5340069299796 217 219 -1
219 45.41087769008259 -114.78277823159802 839.375704765961 218 220 -1
220 45.33159594115881 -114.6989390626273 839.2166502840192 219 221 -1
221 45.25314496988133 -114.61581837176891 839.056808776662 220 222 -1
222 45.175587192634346 -114.53344734723628 838.8961454113913 221 223 -1
223 45.09901092854295 -114.45187775113969 838.7346048109134 222 224 -1
224 45.02346548522696 -114.37112922701523 838.5721689680939 223 225 -1
225 44.949020141871145 -114.29123797134078 838.4088040563563 224 226 -1
226 44.875758859640406 -114.21225123906811 838.2444669520287 225 227 -1
227 44.80377616980987 -114.13422361758302 838.0791099275559 226 228 -1
228 44.733130294665294 -114.05718257907112 837.9127171726738 227 229 -1
229 44.66391472559101 -113.98118197270507 837.7452483484765 228 230 -1
230 44.59625186290842 -113.90629598681589 837.5766468306092 229 231 -1
231 44.53019917549652 -113.83255235367592 837.4069073249908 230 232 -1
232 44.46588558761055 -113.7600297904892 837.2359781847254 231 233 -1
233 44.403421378688996 -113.6887937076712 837.063826769757 232 234 -1
234 44.34289298114218 -113.61889336478457 836.890440847129 233 235 -1
235 44.284480151138055 -113.55044242857275 836.7157560928508 234 236 -1
236 44.22823702672316 -113.48346892557944 836.5397914644961 235 237 -1
237 44.174386526205716 -113.41811616891172 836.3624744083147 236 238 -1
238 44.122942877120714 -113.35438058771754 836.1838588731615 237 239 -1
239 44.07399169865063 -113.29228626909256 836.0039691265689 238 240 -1
240 44.02741939836023 -113.2317194306618 835.8229306720648 239 241 -1
241 43.98323517244906 -113.17264363252404 835.6408039522508 240 242 -1
242 43.94136452915921 -113.11496653092861 835.4576850170448 241 243 -1
243 43.90173615511976 -113.0585969896979 835.2736618375095 242 244 -1
244 43.86433562660288 -113.0034726332958 835.0887969619461 243 245 -1
245 43.829038235554684 -112.94946716327676 834.9031897598641 244 246 -1
246 43.795781759566886 -112.896487301611 834.7169109983994 245 247 -1
247 43.764509623514186 -112.84443732931247 834.5300272575203 246 248 -1
248 43.73509786591303 -112.79318826065474 834.3426207830548 247 249 -1
249 43.70745711240833 -112.74262638972114 834.1547583870838 248 250 -1
250 43.68152590696059 -112.69264272317781 833.9664978044765 249 251 -1
251 43.65716798824014 -112.64310056198913 833.7779106353287 250 252 -1
252 43.634281304882585 -112.59387472826329 833.5890564124973 251 253 -1
253 43.61277002312036 -112.54483755138496 833.3999914312975 252 254 -1
254 43.59252793811751 -112.49585489171824 833.2107721816923 253 255 -1
255 43.57342859814825 -112.44679179271638 833.0214549620504 254 256 -1
256 43.55535940986397 -112.39751372437036 832.8320923982052 255 257 -1
257 43.53821166655262 -112.34788104350008 832.6427367210114 256 258 -1
258 43.521820133337236 -112.29780342501176 832.4534311322217 257 259 -1
259 43.505594197655235 -112.24764665735132 832.2641321554704 258 260 -1
260 43.48871952051146 -112.19802164555144 832.0747501961278 259 261 -1
261 43.47036319977101 -112.14955873146172 831.8852059999749 260 262 -1
262 43.44963715120924 -112.10294059011876 831.6954450221673 261 263 -1
263 43.42570078723478 -112.05882872180308 831.5054652756023 262 264 -1
264 43.39768110710375 -112.01793175192148 831.3153277823036 263 265 -1
265 43.364704162555235 -111.98098752859049 831.1251797110252 264 266 -1
266 43.325915611215535 -111.9487535680509 830.9352748292074 265 267 -1
267 43.28047922491511 -111.92201544664063 830.7459951263346 266 268 -1
268 43.227653863155716 -111.90152942296679 830.5578622520499 267 269 -1
269 43.16690694090308 -111.88792408940616 830.371512010311 268 270 -1
270 43.09785300723937 -111.88174542332264 830.1876824685434 269 271 -1
271 43.02033766609542 -111.88337160248413 830.0071590448086 270 272 -1
272 42.93453745341738 -111.89278747694725 829.8306603952067 271 273 -1
273 42.84162388357994 -111.90873784871923 829.658275206706 272 274 -1
274 42.742558362038025 -111.93008531695465 829.489939514206 273 275 -1
275 42.63815424975701 -111.95580497432923 829.3254815146054 274 276 -1
276 42.52912460866339 -111.98496130881085 829.1646341961697 275 277 -1
277 42.41609320798013 -112.01671396748885 829.0070710310384 276 278 -1
278 42.299441568860146 -112.05039632169367 828.8525747478108 277 279 -1
279 42.179641830728265 -112.08532016600964 828.7007857986946 278 280 -1
280 42.05702697567519 -112.12090531424002 828.5514165599697 279 281 -1
281 41.93187207001847 -112.15661774728625 828.4041988531457 280 282 -1
282 41.8044117480595 -112.19195206975834 828.2588793516221 281 283 -1
283 41.6748360677378 -112.22640934538983 828.1152293893957 282 284 -1
284 41.54335966795997 -112.25953848380759 827.9730012598004 283 285 -1
285 41.410132853004534 -112.29117321729368 827.8320674864959 284 286 -1
286 41.275275091355674 -112.32147057959449 827.6923964622696 285 287 -1
287 41.13889660050282 -112.35060467630298 827.5539597339649 286 288 -1
288 41.0011003611686 -112.37874644006037 827.416726625836 287 289 -1
289 40.86198278738724 -112.40606390101588 827.2806648327305 288 290 -1
290 40.72163439228859 -112.43272252657877 827.145740933998 289 291 -1
291 40.58014044519806 -112.45888561744732 827.0119208381709 290 292 -1
292 40.43758161797812 -112.48471474906157 826.8791701682887 291 293 -1
293 40.29403462043436 -112.51037024949066 826.7474545973681 292 294 -1
294 40.14957226940863 -112.5360118026159 826.6167407815327 293 295 -1
295 40.00426178668186 -112.56180048736145 826.4869995813989 294 296 -1
296 39.85817640849098 -112.58789614185822 826.3581933390369 295 297 -1
297 39.71138313614096 -112.61445953246943 826.2302907073149 296 298 -1
298 39.56394815375959 -112.64165298023403 826.1032616108638 297 299 -1
299 39.415937465389376 -112.66964093585057 825.9770774579428 298 300 -1
300 39.267417551630096 -112.69859055434095 825.8517113576852 299 301 -1
301 39.1184560525008 -112.7286722640282 825.7271383493016 300 302 -1
302 38.969122483433615 -112.76006032338229 825.6033356497198 301 303 -1
303 38.81948899140855 -112.79293335781036 825.4802829260824 302 304 -1
304 38.66963115815692 -112.82747486655167 825.3579625994503 303 305 -1
305 38.519628857014084 -112.86387368744965 825.2363601859744 304 306 -1
306 38.36956726765146 -112.90233136621765 825.1154668428243 305 307 -1
307 38.219539694342224 -112.94307300745604 824.9952818819361 306 308 -1
308 38.069645956765044 -112.98628394862263 824.8757950425186 307 309 -1
309 37.91999374398868 -113.03217875930288 824.7570088746303 308 310 -1
310 37.770700426851874 -113.08097840457283 824.6389315559214 309 311 -1
311 37.62189430858819 -113.13290997110474 824.5215775734678 310 312 -1
312 37.47372995296497 -113.18827001037342 824.4049818783006 311 313 -1
313 37.326328398467645 -113.2471117396103 824.2891273817454 312 314 -1
314 37.17980045725414 -113.30942275894898 824.1739808930234 313 315 -1
315 37.03426161036729 -113.37519987900932 824.0595093784419 314 316 -1
316 36.88984560975765 -113.44448096275298 823.945684703999 315 317 -1
317 36.74663517473915 -113.51714488073995 823.8324480120989 316 318 -1
318 36.6047319146768 -113.59313915358265 823.7197525463715 317 319 -1
319 36.46427027365202 -113.6724817062462 823.6075596407325 318 320 -1
320 36.325312688057075 -113.75502516335415 823.4958042672823 319 321 -1
321 36.18793819473495 -113.84067502017281 823.3844295559087 320 322 -1
322 36.052254070347196 -113.92939104553014 823.2733830630381 321 323 -1
323 35.9183180276617 -114.02104583679883 823.1626014809564 322 324 -1
324 35.786174049365556 -114.11550308720331 823.0520218881102 323 325 -1
325 35.655876579882104 -114.2126537663001 822.941584089932 324 326 -1
326 35.52751119010559 -114.31243407237073 822.8312280499326 325 327 -1
327 35.401069978749376 -114.41466168194746 822.7208907436998 326 328 -1
328 35.27658050416566 -114.51921490568814 822.6105131587149 327 329 -1
329 35.15391060809472 -114.62610498873154 822.500336838533 328 330 -1
330 35.032210446610144 -114.73602094688368 822.3920832869335 329 331 -1
331 34.910426230005775 -114.84999066921283 822.2882181552806 330 332 -1
332 34.787600645933075 -114.96896623275072 822.1914639747996 331 333 -1
333 34.66293559290343 -115.09391254106328 822.10520093749 332 334 -1
334 34.53587221299044 -115.22574436360392 822.0341076072449 333 335 -1
335 34.406533864125095 -115.36460182938868 821.983632186723 334 336 -1
336 34.27619392308017 -115.50939962794557 821.9593735348765 335 337 -1
337 34.14720944889498 -115.65750491638437 821.9591660497163 336 338 -1
338 34.02111648387787 -115.8070820552585 821.9770702315412 337 339 -1
339 33.898111447932244 -115.95748953651821 822.0062744593315 338 340 -1
340 33.77788765469326 -116.10893240187445 822.0412437022444 339 341 -1
341 33.65980503212829 -116.26192458873071 822.0767679371306 340 342 -1
342 33.54329968455575 -116.41699905882342 822.1081898183097 341 343 -1
343 33.42810534344046 -116.57445602690797 822.1315065875856 342 344 -1
344 33.31424018538235 -116.73386238832165 822.1467160015521 343 345 -1
345 33.20176250395909 -116.89477606641935 822.1547150831813 344 346 -1
346 33.09068632041425 -117.05685401119369 822.1563280457492 345 347 -1
347 32.98097203620841 -117.2198201327343 822.1523994662726 346 348 -1
348 32.8725179937468 -117.3834523780535 822.1438335538148 347 349 -1
349 32.765218006623215 -117.54759854957749 822.1314034674533 348 350 -1
350 32.65894802507525 -117.71214915913079 822.1158451290546 349 351 -1
351 32.553572008474326 -117.87702818270935 822.0978600839886 350 352 -1
352 32.448952480081886 -118.04218734417533 822.0781091931666 351 353 -1
353 32.34493392219236 -118.20759171082156 822.0572632722503 352 354 -1
354 32.24136537170194 -118.37321995766636 822.0359579510209 353 355 -1
355 32.13809860089972 -118.53905731047851 822.0148153038045 354 356 -1
356 32.03498757465752 -118.7050892589927 821.9944564968553 355 357 -1
357 31.93189015540764 -118.8712961100378 821.9755090336389 356 358 -1
358 31.828670003956475 -119.03764727772082 821.9586136756333 357 359 -1
359 31.725198895196396 -119.20409505950008 821.944430776989 358 360 -1
360 31.6213552709176 -119.37056698017672 821.9336839560309 359 361 -1
361 31.517035551825053 -119.53695588687833 821.9270988500055 360 362 -1
362 31.412160122420243 -119.70311431145203 821.9254041490044 361 363 -1
363 31.306673266188728 -119.86884344722368 821.9293792017451 362 364 -1
364 31.200552725016458 -120.03388268617486 821.9398271283126 363 365 -1
365 31.093810707753136 -120.19788110861381 821.9576689173149 364 366 -1
366 30.986521990422023 -120.36041087941472 821.9837303519345 365 367 -1
367 30.878820496286384 -120.52100688299652 822.018579962688 366 368 -1
368 30.770771259385118 -120.67964087415716 822.0606587403815 367 369 -1
369 30.662205626558308 -120.83691707217673 822.1063799813934 368 370 -1
370 30.552833408510566 -120.993705846539 822.1518498061643 369 371 -1
371 30.442347863239615 -121.1508630419424 822.1931289777577 370 372 -1
372 30.330518930039418 -121.30912634433817 822.225506471589 371 373 -1
373 30.217531268135616 -121.46872755711772 822.2442076085375 372 374 -1
374 30.104153932910325 -121.62910119282297 822.2437246327531 373 375 -1
375 29.99158203871146 -121.78909345083231 822.2257026467641 374 376 -1
376 29.880335565707153 -121.94854631262491 822.1972714686996 375 377 -1
377 29.7701900753781 -122.10828346782938 822.1662098548021 376 378 -1
378 29.66082899222561 -122.26943931712702 822.140242904109 377 379 -1
379 29.552229342899153 -122.4326022495076 822.1272464492083 378 380 -1
380 29.445307456914858 -122.59710566534834 822.1355002303843 379 381 -1
381 29.34163306171784 -122.76106239826305 822.166203630506 380 382 -1
382 29.242134924266995 -122.92334033317927 822.214732386518 381 383 -1
383 29.14711645489173 -123.08373531932462 822.276734093771 382 384 -1
384 29.05639769210578 -123.24267960632255 822.3482360320018 383 385 -1
385 28.969612969654946 -123.40090750825465 822.4259657868797 384 386 -1
386 28.886443476712852 -123.55928639956961 822.507271090618 385 387 -1
387 28.806518285702175 -123.71875213798121 822.5897007253338 386 388 -1
388 28.729511600732618 -123.88021401586828 822.6710104852469 387 389 -1
389 28.655209534842516 -124.0445482300592 822.7490038308681 388 390 -1
390 28.58349220178183 -124.21254896898121 822.8213877310279 389 391 -1
391 28.51439672298948 -124.3849313038115 822.8855201988865 390 392 -1
392 28.44804040686307 -124.56202765417667 822.9387159728665 391 393 -1
393 28.384646131618748 -124.74347888710203 822.9793668718182 392 394 -1
394 28.32435977916347 -124.92821727133942 823.0083070550539 393 395 -1
395 28.267233614163658 -125.11529753962336 823.026786250636 394 396 -1
396 28.213161346892058 -125.30395280330606 823.0363546919169 395 397 -1
397 28.16195094771594 -125.49363807674416 823.0385887672282 396 398 -1
398 28.113398246162717 -125.68400358005337 823.0349295398296 397 399 -1
399 28.06727689280009 -125.87483666847014 823.0267594133877 398 400 -1
400 28.02335262968904 -126.0660270016742 823.0153980580626 399 401 -1
401 27.981409546186484 -126.25753866414968 823.0021037445134 400 402 -1
402 27.941204231858826 -126.4493751258021 822.9881338322346 401 403 -1
403 27.902516913616523 -126.6415615228185 822.9747008231186 402 404 -1
404 27.8651443164021 -126.83412108194652 822.9630182007895 403 405 -1
405 27.828895166019155 -127.02705143838313 822.9543264458719 404 406 -1
406 27.7935909899973 -127.22029943112291 822.9499110300728 405 407 -1
407 27.759067470332642 -127.41373204809923 822.9511146528553 406 408 -1
408 27.725181306057717 -127.60709883085617 822.9594156381677 407 409 -1
409 27.691803144911734 -127.79998525298771 822.9763250106982 408 410 -1
410 27.658825284868552 -127.99179187137061 823.0032383909802 409 411 -1
411 27.626177657525243 -128.18169675354793 823.0415638453645 410 412 -1
412 27.593827203198185 -128.36864596090751 823.0925593923807 411 413 -1
413 27.561786046704896 -128.5512990949307 823.1574174585852 412 414 -1
414 27.53002167046089 -128.72933915849387 823.2341953131659 413 415 -1
415 27.49838092328433 -128.9037719104008 823.3189340844588 414 416 -1
416 27.46662591712697 -129.07604454399407 823.407962131961 415 417 -1
417 27.43445805097869 -129.2478406760959 823.4977633530065 416 418 -1
418 27.401505091522075 -129.42109103744266 823.5844136051735 417 419 -1
419 27.367391315148083 -129.59775897478494 823.6633158912163 418 420 -1
420 27.331692249889876 -129.7798289629195 823.7277635570728 419 421 -1
421 27.294214549385547 -129.96811965059527 823.7686371055785 420 422 -1
422 27.255384969267315 -130.160327492772 823.7765040994898 421 423 -1
423 27.21617385538274 -130.35169964267152 823.7563263398999 422 424 -1
424 27.17693203620427 -130.54073290380458 823.7198620676356 423 425 -1
425 27.13740646823445 -130.72887399920103 823.6792047156019 424 426 -1
426 27.097146461238985 -130.9184551233455 823.6471460763664 425 427 -1
427 27.056061600729016 -131.11015962919922 823.6358119087232 426 428 -1
428 27.014729409775576 -131.30202003727874 823.6442806967085 427 429 -1
429 26.973582390073606 -131.49301965160097 823.6650768192185 428 430 -1
430 26.932754139080554 -131.68353651035733 823.6905578486208 429 431 -1
431 26.89226860587304 -131.87450031519364 823.7129708334402 430 432 -1
432 26.852213724314733 -132.0664612920187 823.7249593055434 431 433 -1
433 26.812886641249346 -132.25896380203307 823.7248130305045 432 434 -1
434 26.774560164419434 -132.45150657607212 823.7165522672431 433 435 -1
435 26.737361231968585 -132.64406691549854 823.7043329001242 434 436 -1
436 26.70135358717916 -132.83683626879446 823.691835908047 435 437 -1
437 26.666575156407482 -133.02999703018756 823.6823232968798 436 438 -1
438 26.6330644406167 -133.22357252538845 823.678579056129 437 439 -1
439 26.600830505304113 -133.4173762713475 823.6817450070535 438 440 -1
440 26.569812913271164 -133.61119798806627 823.6907737636885 439 441 -1
441 26.539966230136795 -133.80492002808796 823.7046427669337 440 442 -1
442 26.51120630953039 -133.99849782515784 823.7223177245861 441 443 -1
443 26.483485373193933 -134.19192837220825 823.7430189840505 442 444 -1
444 26.456741781110924 -134.38523892622098 823.7660073867204 443 445 -1
445 26.430946318566967 -134.57847100235236 823.7906815240495 444 446 -1
446 26.406039015173658 -134.77167815794888 823.8164415590604 445 447 -1
447 26.381993142644262 -134.96491576865733 823.8427863021149 446 448 -1
448 26.358794180082835 -135.15824236519813 823.8692375861533 447 449 -1
449 26.33640376471186 -135.35171079328921 823.8953457953045 448 450 -1
450 26.31480587012663 -135.54537043961085 823.920691669368 449 451 -1
451 26.29398883412875 -135.73926458035857 823.9448696688786 450 452 -1
452 26.273945246010232 -135.93342857971345 823.9674833095552 451 453 -1
453 26.254679397183654 -136.1278911406677 823.9881181579213 452 454 -1
454 26.236186367158524 -136.32266402200625 824.0063935723059 453 455 -1
455 26.21846864522882 -136.5177462293237 824.0219249241035 454 456 -1
456 26.20153505572214 -136.71312180033053 824.0343171817977 455 457 -1
457 26.18539813358112 -136.90875629896172 824.0431697841948 456 458 -1
458 26.17007367081742 -137.10459391908765 824.0480807693887 457 459 -1
459 26.155566508818513 -137.3005539952712 824.0488580499449 458 460 -1
460 26.141858657118348 -137.49654769472642 824.0456642622192 459 461 -1
461 26.128927922433064 -137.69249727493602 824.0387059042671 460 462 -1
462 26.11675076920431 -137.88833710318787 824.0281912682486 461 463 -1
463 26.105306963516057 -138.08401173582354 824.0143097011738 462 464 -1
464 26.09456782804108 -138.2794781661204 823.9972853651786 463 465 -1
465 26.084505848434834 -138.4747035736323 823.9773320244872 464 466 -1
466 26.075094927136014 -138.66966386211013 823.9546531951413 465 467 -1
467 26.066308857733077 -138.86434324567142 823.9294494601288 466 468 -1
468 26.058121469190677 -139.05873346815312 823.9019181551025 467 469 -1
469 26.050506741826908 -139.2528330540784 823.8722532083699 468 470 -1
470 26.04343889750636 -139.44664659953023 823.8406451159191 469 471 -1
471 26.03689246659996 -139.64018410784215 823.8072810335844 470 472 -1
472 26.03084233423518 -139.8334603722215 823.7723449701168 471 473 -1
473 26.025263768251083 -140.02649440514918 823.7360180667553 472 474 -1
474 26.020132431109293 -140.21930891258725 823.6984789507562 473 475 -1
475 26.015424377815265 -140.4119298095906 823.6599041521472 474 476 -1
476 26.01111604169207 -140.60438577279072 823.6204685746658 475 477 -1
477 26.00718420963371 -140.79670782432567 823.5803460133712 476 478 -1
478 26.00360598825737 -140.9889289410642 823.5397097127403 477 479 -1
479 26.00035876218011 -141.1810836823664 823.498732960183 478 480 -1
480 25.99742014547145 -141.3732078290768 823.4575897107744 479 481 -1
481 25.99476952052791 -141.56533828369652 823.4164563477774 480 482 -1
482 25.992383368654316 -141.75751251425083 823.3755117904941 481 483 -1
483 25.99023931444853 -141.9497678645374 823.3349364772749 482 484 -1
484 25.988315262312586 -142.14214140836168 823.2949143635968 483 485 -1
485 25.986589018162245 -142.33466950386224 823.2556336450183 484 486 -1
486 25.98503821521334 -142.52738730893765 823.2172874998794 485 487 -1
487 25.983640237777095 -142.7203282394082 823.1800748340355 486 488 -1
488 25.98237214382133 -142.91352335776125 823.1442010190273 487 489 -1
489 25.981210587207883 -143.10700067982498 823.1098786125123 488 490 -1
490 25.980132411252306 -143.30078810596166 823.0773508267372 489 491 -1
491 25.979112267041423 -143.49490404718088 823.04684455052 490 492 -1
492 25.978124555817697 -143.68936019047632 823.0185891385233 491 493 -1
493 25.977143441576388 -143.88416293875778 822.9928336441438 492 494 -1
494 25.976142331784253 -144.07931035596224 822.9698370524626 493 495 -1
495 25.97509213237326 -144.27479784553046 822.9499438163565 494 496 -1
496 25.97396475324222 -144.47059458150446 822.9333818631341 495 497 -1
497 25.97273108854369 -144.666662473955 822.9204351719816 496 498 -1
498 25.97135870267321 -144.8629510481326 822.9114639530032 497 499 -1
499 25.969815211236874 -145.059387021624 822.9067955115306 498 500 -1
500 25.968071190842494 -145.25587612581452 822.9066828089966 499 501 -1
501 25.96608066414851 -145.45230643626945 822.9114167181319 500 502 -1
502 25.96369467755723 -145.64864071373555 822.9191654053393 501 503 -1
503 25.960671869615155 -145.8449803905953 822.9265281680282 502 504 -1
504 25.956734989363355 -146.0414070849262 822.9298204403199 503 505 -1
505 25.951653502128163 -146.23777543433357 822.9254956577689 504 506 -1
506 25.94512669010538 -146.4334656536401 822.9093862225427 505 507 -1
507 25.937005173761175 -146.6272776053786 822.8784257625668 506 508 -1
508 25.92712145280133 -146.81718089073266 822.8292635291444 507 509 -1
509 25.9155277166313 -147.00085522763118 822.7607094850762 508 510 -1
510 25.902367174231973 -147.17608938857984 822.6729931499514 509 511 -1
511 25.88765321858554 -147.34353507477775 822.5712767427393 510 512 -1
512 25.87108916422086 -147.50689062802255 822.4633323830012 511 513 -1
513 25.852188972831616 -147.6699848932751 822.3553763376409 512 514 -1
514 25.83024500690556 -147.8366391204314 822.2536601680563 513 515 -1
515 25.80421048603726 -148.01084231292157 822.16681307756 514 516 -1
516 25.772974867651154 -148.19528693628396 822.1076650044289 515 517 -1
517 25.73685373240843 -148.38662092050095 822.0835259613084 516 518 -1
518 25.697331309827078 -148.5787141795593 822.0921530443372 517 519 -1
519 25.655936486535797 -148.76762122180324 822.1263283062747 518 520 -1
520 25.61366424734295 -148.95229035677878 822.1783214262078 519 521 -1
521 25.571053506535417 -149.1334059073647 822.2414703700686 520 522 -1
522 25.52837317642786 -149.31255875406134 822.3099896489377 521 523 -1
523 25.485768787684627 -149.49163066911103 822.3787692101902 522 524 -1
524 25.44339201867304 -149.6725907470028 822.4425215003954 523 525 -1
525 25.401516233811698 -149.85711113248914 822.4953488310031 524 526 -1
526 25.360743195473525 -150.04613509413227 822.5296064570374 525 527 -1
527 25.322177994794774 -150.23846643740723 822.5369677176302 526 528 -1
528 25.286722856939996 -150.4305306154899 822.5168336452499 527 529 -1
529 25.25458965639845 -150.6195812700211 822.4743450311452 528 530 -1
530 25.22564291554035 -150.80453597818365 822.4147804786004 529 531 -1
531 25.199395686650146 -150.98576277229108 822.343571542882 530 532 -1
532 25.175435404748445 -151.1641321640038 822.2647073674505 531 533 -1
533 25.153309475385363 -151.3409031789237 822.1817939590366 532 534 -1
534 25.132627259951715 -151.51744132355245 822.098012104964 533 535 -1
535 25.113019519884073 -151.6951761641876 822.0165440797393 534 536 -1
536 25.094154268793584 -151.87550889921084 821.9408399221246 535 537 -1
537 25.075723512617365 -152.0597444454902 821.8751527108356 536 538 -1
538 25.057487022720785 -152.24823157531662 821.8228512806485 537 539 -1
539 25.039363176501443 -152.43944360532632 821.7814266650342 538 540 -1
540 25.021232860823382 -152.63180838449193 821.7456568689059 539 541 -1
541 25.002921356880584 -152.82411913106222 821.7096925433411 540 542 -1
542 24.984262362355715 -153.01515103328938 821.6676890359192 541 543 -1
543 24.96515653130025 -153.20325985447244 821.614360839648 542 544 -1
544 24.94561960226982 -153.38624556730431 821.5456749029174 543 545 -1
545 24.92578616518946 -153.56142817386112 821.4591066813618 544 546 -1
546 24.905880230062365 -153.7267560707074 821.3549550812716 545 547 -1
547 24.885973939488338 -153.88211237975798 821.2363448403661 546 548 -1
548 24.8656508618829 -154.03251417392875 821.1115324113355 547 549 -1
549 24.84434512489205 -154.18296442747663 820.9869451222078 548 550 -1
550 24.821354015912394 -154.33851846354037 820.8691751559969 549 551 -1
551 24.795772464452636 -154.50483247613212 820.7680537190269 550 552 -1
552 24.766641858968917 -154.68710467729107 820.7026720515627 551 553 -1
553 24.734747626323085 -154.87964582168044 820.7025870369616 552 554 -1
554 24.70342613553805 -155.06297015880062 820.7644144980779 553 555 -1
555 24.67373411580017 -155.23242190399796 820.8591119540346 554 556 -1
556 24.6449126831667 -155.39369386477276 820.9675785881911 555 557 -1
557 24.61600950693713 -155.55282131873227 821.0791839649332 556 558 -1
558 24.585986096945575 -155.71587615568708 821.1845779189664 557 559 -1
559 24.553736067310073 -155.88908476709983 821.2710956277972 558 560 -1
560 24.518576614416393 -156.0762789471387 821.3159588640858 559 561 -1
561 24.48227472894202 -156.2676964533691 821.2983676496095 560 562 -1
562 24.447270137198924 -156.4489644891212 821.2321503199314 561 563 -1
563 24.41381735638749 -156.61775394599894 821.1375116280966 562 564 -1
564 24.38113002465411 -156.77764427456057 821.0281269667364 563 565 -1
565 24.34830804247966 -156.93248774030582 820.9116922900203 564 566 -1
566 24.314406643227375 -157.08603977792959 820.7938572199641 565 567 -1
567 24.278422100897192 -157.2418487038393 820.679682405454 566 568 -1
568 24.239570270164116 -157.40189707771543 820.5725351497151 567 569 -1
569 24.19754382721861 -157.56574080734327 820.4725567905086 568 570 -1
570 24.152119066349496 -157.73256157889952 820.379200424004 569 571 -1
571 24.103174981736984 -157.90143199357112 820.2914709459735 570 572 -1
572 24.05051898192556 -158.07147333964878 820.2082614228675 571 573 -1
573 23.99413939378986 -158.2419082736903 820.1283601538628 572 574 -1
574 23.934099403684797 -158.41241481816235 820.0513276408893 573 575 -1
575 23.870478713884015 -158.58276904219707 819.9768744411735 574 576 -1
576 23.8034672667636 -158.75277177408555 819.9046231409704 575 577 -1
577 23.7330973721147 -158.92221778972655 819.8342808363897 576 578 -1
578 23.659597732635614 -159.0909475194752 819.7654327646954 577 579 -1
579 23.583069110371465 -159.2587920072752 819.6977292383272 578 580 -1
580 23.503661858722378 -159.42560277680224 819.6307898707151 579 581 -1
581 23.4215602468885 -159.59125997232002 819.564236371226 580 582 -1
582 23.33685995581997 -159.75561012311996 819.4976986562478 581 583 -1
583 23.249794660007307 -159.9185803589495 819.430819998416 582 584 -1
584 23.16044056436934 -160.08001024727318 819.3632282147147 583 585 -1
585 23.069025639083396 -160.23988955366463 819.2947129014349 584 586 -1
586 22.975572309356558 -160.39816237857883 819.2252243306002 585 587 -1
587 22.88024518141726 -160.55490373219627 819.1548156195578 586 588 -1
588 22.783068513825857 -160.71007875078934 819.0834717993927 587 589 -1
589 22.684173700657105 -160.86374668689987 819.0112324121565 588 590 -1
590 22.583616867603247 -161.0159058978609 818.9380991135162 589 591 -1
591 22.481472294220744 -161.1665736116871 818.8640833557869 590 592 -1
592 22.377837251424534 -161.31579336675833 818.7892108561166 591 593 -1
593 22.27274167672949 -161.4635456647685 818.713468833483 592 594 -1
594 22.16628078196207 -161.60987912798274 818.6368837999948 593 595 -1
595 22.058522483672057 -161.75481911539975 818.5594676221713 594 596 -1
596 21.949498291718083 -161.89835301257813 818.4812085297012 595 597 -1
597 21.839286757078753 -162.04052257913378 818.4021265221961 596 598 -1
598 21.727948350438893 -162.1813531497001 818.322231208553 597 599 -1
599 21.615528121040693 -162.32085393699546 818.241521772376 598 600 -1
600 21.50206477837969 -162.4590271446155 818.1599924243847 599 601 -1
601 21.387614005312596 -162.59592243376443 818.0776911498967 600 602 -1
602 21.272173506352882 -162.7315902589442 817.9947419770031 601 603 -1
603 21.155730470764173 -162.8660855098834 817.9112858291556 602 604 -1
604 21.038248953797854 -162.9994400354892 817.8274552660263 603 605 -1
605 20.919731580497327 -163.13172886847835 817.7433946608011 604 606 -1
606 20.800159158657536 -163.26300226276362 817.6592363508971 605 607 -1
607 20.67951007499156 -163.39330824664762 817.5751111491844 606 608 -1
608 20.557760526714034 -163.52269283632555 817.4911492765814 607 609 -1
609 20.434863920244837 -163.65118507193318 817.4074887460334 608 610 -1
610 20.310814103972188 -163.77884487539217 817.3242571404679 609 611 -1
611 20.185582590318177 -163.90571300801824 817.2415866842896 610 612 -1
612 20.05913950831939 -164.031828380263 817.1596116367335 611 613 -1
613 19.93145259374707 -164.1572273863263 817.078469825665 612 614 -1
614 19.802464435310508 -164.28193266378346 816.9983232713791 613 615 -1
615 19.67216605426956 -164.4059909954048 816.9193003943097 614 616 -1
616 19.540523383925226 -164.5294330129743 816.8415509251157 615 617 -1
617 19.4075135042103 -164.65227633993578 816.7651924537676 616 618 -1
618 19.273176772053915 -164.77444620162464 816.6900859920846 617 619 -1
619 19.137634753985466 -164.89585030124783 816.6159087560776 618 620 -1
620 19.001001444871573 -165.01639952303043 816.5423416525599 619 621 -1
621 18.863383462233067 -165.13600372926945 816.469067782961 620 622 -1
622 18.724869157995514 -165.25454671190482 816.3957582809575 621 623 -1
623 18.58559406702305 -165.3719671714022 816.3220848367372 622 624 -1
624 18.44567216363085 -165.48818117902442 816.2477274776653 623 625 -1
625 18.3052172695014 -165.60309279870134 816.1723581042633 624 626 -1
626 18.164352562923757 -165.71660674099252 816.0956481260486 625 627 -1
627 18.023213779542456 -165.82866125138796 816.0173142367038 626 628 -1
628 17.881933473526274 -165.93917313675044 815.9370679044374 627 629 -1
629 17.740651074206685 -166.0480427651963 815.8546114395775 628 630 -1
630 17.59951480555621 -166.15518054172958 815.7696746501226 629 631 -1
631 17.458670368133184 -166.2605274666425 815.6820568457138 630 632 -1
632 17.318152479537932 -166.36408912575695 815.5918240912808 631 633 -1
633 17.17780475380702 -166.46600883825192 815.4994799298164 632 634 -1
634 17.037440073014533 -166.56643935946212 815.4055424711371 633 635 -1
635 16.89685795421507 -166.66552417270051 815.310506869118 634 636 -1
636 16.755856051829248 -166.76343176161996 815.2148746941211 635 637 -1
637 16.614224150327743 -166.86030731065594 815.1191224953866 636 638 -1
638 16.47174447019376 -166.95629181542083 815.023731607913 637 639 -1
639 16.328191605712604 -167.05152190318634 814.9291979044383 638 640 -1
640 16.183315940933113 -167.14612410188687 814.8360629675866 639 641 -1
641 16.03686686429474 -167.24022784630438 814.744906523914 640 642 -1
642 15.888611340590398 -167.33395969477584 814.6563257746687 641 643 -1
643 15.738300209049385 -167.4274308044989 814.5709956127598 642 644 -1
644 15.585606636921597 -167.52073752540903 814.4898211832102 643 645 -1
645 15.43035990966153 -167.61396364047252 814.4135510234024 644 646 -1
646 15.272483232430188 -167.70704846681028 814.3426986239117 645 647 -1
647 15.112211881344672 -167.79979265402835 814.2769564603377 646 648 -1
648 14.949748646201085 -167.89198472258153 814.2159884242684 647 649 -1
649 14.785352327519556 -167.98344320902802 814.1592390021776 648 650 -1
650 14.619195304699465 -168.07396743310224 814.1062389470213 649 651 -1
651 14.451504986100554 -168.16340002555967 814.0563005889751 650 652 -1
652 14.282473067075985 -168.25158975555263 814.0087275552279 651 653 -1
653 14.112276083352983 -168.33839020918353 813.9627779852375 652 654 -1
654 13.941077801468099 -168.42364087017114 813.9176528218316 653 655 -1
655 13.76907262276593 -168.50722863911196 813.8724857991897 654 656 -1
656 13.596449527214888 -168.58901938395547 813.8263977696681 655 657 -1
657 13.423398238949378 -168.66885482811142 813.7785250836934 656 658 -1
658 13.250045856655346 -168.74648354736888 813.728180337519 657 659 -1
659 13.076523721286078 -168.82162667878418 813.6747478753523 658 660 -1
660 12.902998768775806 -168.89401114361021 813.6176458358648 659 661 -1
661 12.729675713849737 -168.96336666274522 813.5563301688776 660 662 -1
662 12.556796700047673 -169.02944048238814 813.4903210724699 661 663 -1
663 12.384050308706968 -169.09224155583624 813.4208473768097 662 664 -1
664 12.208073238099617 -169.1527824786577 813.357923883774 663 665 -1
665 12.025463345235536 -169.2118234930366 813.3168539005746 664 666 -1
666 11.837706555330973 -169.26841520857278 813.3078777064047 665 667 -1
667 11.648749870262176 -169.3210860254288 813.3188227666556 666 668 -1
668 11.458872453428029 -169.36964006569607 813.3328818616961 667 669 -1
669 11.267548093105855 -169.41411196183702 813.3364787810215 668 670 -1
670 11.075420127655613 -169.45428093297045 813.3279323915982 669 671 -1
671 10.88312945434677 -169.4900121303839 813.3092004881329 670 672 -1
672 10.691034341432731 -169.52129797853695 813.2822401076473 671 673 -1
673 10.499274395772956 -169.54821450759323 813.2488909452704 672 674 -1
674 10.307841049313124 -169.57085749196506 813.2108012989594 673 675 -1
675 10.116631254437491 -169.5893207522805 813.1694617320488 674 676 -1
676 9.925489615579332 -169.60381695470784 813.1262616494034 675 677 -1
677 9.734246949016777 -169.61439244648847 813.0823732855871 676 678 -1
678 9.542742924359159 -169.62123539304866 813.0388861071576 677 679 -1
679 9.350839796323632 -169.62439594934276 812.9967567903458 678 680 -1
680 9.158547650597297 -169.62422443304288 812.956314301903 679 681 -1
681 8.96593188895834 -169.62100090342187 812.9175729263249 680 682 -1
682 8.773053976872252 -169.61507372573877 812.8804891133515 681 683 -1
683 8.579959589728979 -169.60674867975604 812.8450265778146 682 684 -1
684 8.386681102413041 -169.59627985832 812.8111692062619 683 685 -1
685 8.19324174815531 -169.58389097016 812.7789148442448 684 686 -1
686 7.9996590670250995 -169.56980085352075 812.7482574212378 685 687 -1
687 7.805946581653529 -169.5542290982531 812.7191769344826 686 688 -1
688 7.61211205189133 -169.53736333800177 812.6916736612571 687 689 -1
689 7.4181599439680035 -169.51938030918754 812.6657520811756 688 690 -1
690 7.224092147548165 -169.5004475103007 812.6414209635202 689 691 -1
691 7.029908580178851 -169.48072473836805 812.6186934683706 690 692 -1
692 6.835607705166482 -169.4603655205722 812.5975872676273 691 693 -1
693 6.64118698515361 -169.43951845858504 812.5781246909597 692 694 -1
694 6.446643290803907 -169.41832850256895 812.560332900941 693 695 -1
695 6.251973281943063 -169.39693817110197 812.5442441010962 694 696 -1
696 6.0571737771484635 -169.37548873258467 812.5298957801992 695 697 -1
697 5.862242127072472 -169.3541213630126 812.5173309958433 696 698 -1
698 5.667176606676916 -169.33297829436 812.5065987000501 697 699 -1
699 5.471977411651876 -169.3122005789919 812.4977490228052 698 700 -1
700 5.276659559352189 -169.2918478922394 812.4907112045188 699 701 -1
701 5.081250323299465 -169.27188468036533 812.4852703186543 700 702 -1
702 4.8857724808210286 -169.25226819811243 812.4811994158501 701 703 -1
703 4.690243862282086 -169.23295528495228 812.4782702058483 702 704 -1
704 4.494678669822202 -169.21389832154708 812.4762381881748 703 705 -1
705 4.299087412538885 -169.1950505891627 812.4748627964174 704 706 -1
706 4.1034781455921046 -169.17636436928737 812.4738995296101 705 707 -1
707 3.9078573718292087 -169.1577910009997 812.4730997869462 706 708 -1
708 3.7122309943482206 -169.13928093145975 812.4722106547621 707 709 -1
709 3.51660532396249 -169.12078376423162 812.4709746682736 708 710 -1
710 3.320988146326002 -169.10224831066532 812.4691295728669 709 711 -1
711 3.125389890835173 -169.08362248763123 812.4664068074756 710 712 -1
712 2.929825534599525 -169.0648508291058 812.4625132351385 711 713 -1
713 2.7343143959267815 -169.04588136664003 812.4571829655844 712 714 -1
714 2.5388825945665543 -169.02666038620924 812.4501323044378 713 715 -1
715 2.3435641969460423 -169.00713391891932 812.4410726765362 714 716 -1
716 2.148402687296084 -168.9872479550221 812.4297111117456 715 717 -1
717 1.9534566190586178 -168.966941704478 812.4157074788003 716 718 -1
718 1.7587933422779987 -168.94616393994082 812.3987759117973 717 719 -1
719 1.5644932987188465 -168.9248649178593 812.3786316752706 718 720 -1
720 1.3706536160557146 -168.90299383016907 812.3549751226354 719 721 -1
721 1.177395949453063 -168.88049433596035 812.327463629398 720 722 -1
722 0.9848546668410634 -168.85731731736294 812.2958079942136 721 723 -1
723 0.7926311954046548 -168.8333594313942 812.262830893313 722 724 -1
724 0.5990820331899813 -168.8083373934194 812.2405411869112 723 725 -1
725 0.40447839626473475 -168.78216631336366 812.2423124271321 724 726 -1
726 0.21089814677707192 -168.75506574601886 812.2621393368458 725 727 -1
727 0.017907394236861822 -168.72690887450042 812.2860939733637 726 728 -1
728 -0.17582630776225644 -168.6973743062493 812.2994046824089 727 729 -1
729 -0.36955168155841694 -168.66651886326892 812.2904606246888 728 730 -1
730 -0.5612143400222896 -168.63456924097756 812.2615912180157 729 731 -1
731 -0.7504553414042554 -168.6015430702437 812.2203299524167 730 732 -1
732 -0.938222633062192 -168.56724375150782 812.1736471601517 731 733 -1
733 -1.1259797428901361 -168.5312650651017 812.1282229594648 732 734 -1
734 -1.3150345859228636 -168.49328988672275 812.0905532192891 733 735 -1
735 -1.505342209077623 -168.45312888717362 812.062703954301 734 736 -1
736 -1.6961549945209915 -168.4108280827496 812.042455033651 735 737 -1
737 -1.8869563124302373 -168.36630978127258 812.0274790971937 736 738 -1
738 -2.0774109701049914 -168.31957561745222 812.015013131291 737 739 -1
739 -2.2672586026248225 -168.27050131154485 812.0022897356403 738 740 -1
740 -2.4562333426825247 -168.2190614280184 811.986387712104 739 741 -1
741 -2.6439334419354954 -168.16526324454082 811.9644343723085 740 742 -1
742 -2.829631886220614 -168.1091443105546 811.9332978810227 741 743 -1
743 -3.0123625615880583 -168.05100211177458 811.8905726883424 742 744 -1
744 -3.191214503060382 -167.9910881968433 811.8356019930961 743 745 -1
745 -3.3657595858125595 -167.9295010143904 811.7697003120927 744 746 -1
746 -3.535994711319307 -167.8663425307782 811.6946294073889 745 747 -1
747 -3.7018701081832104 -167.8015909317798 811.6115681248889 746 748 -1
748 -3.863657555576414 -167.7352646350879 811.5219378629041 747 749 -1
749 -4.021592581083773 -167.6673156991438 811.4268123939138 748 750 -1
750 -4.1758923639526415 -167.5976422719181 811.3270751670084 749 751 -1
751 -4.32693771658439 -167.52619395462665 811.2236768180896 750 752 -1
752 -4.475023143508545 -167.45286645918364 811.1173513018967 751 753 -1
753 -4.620440920014654 -167.3775433540686 811.0087606899086 752 754 -1
754 -4.76346188372535 -167.30008340468598 810.8985014889868 753 755 -1
755 -4.9043649536565965 -167.22034979142356 810.7871411843919 754 756 -1
756 -5.043423740164476 -167.13821274923998 810.675210820377 755 757 -1
757 -5.180879712593685 -167.05351838903732 810.563206671205 756 758 -1
758 -5.316959257666543 -166.96610493838514 810.4516120346252 757 759 -1
759 -5.451873332521312 -166.8758033564283 810.340906196141 758 760 -1
760 -5.585817033918355 -166.78243824095887 810.2315727934059 759 761 -1
761 -5.718968873714431 -166.68582921042534 810.1241076406214 760 762 -1
762 -5.851489582762214 -166.58579296876843 810.0190260088056 761 763 -1
763 -5.983520291109151 -166.48214628806022 809.916869268099 762 764 -1
764 -6.115179960264062 -166.37471016656804 809.8182106805591 763 765 -1
765 -6.246561983406034 -166.26331542762506 809.723659984652 764 766 -1
766 -6.377729933445345 -166.14781000197252 809.6338662384197 765 767 -1
767 -6.508711466235016 -166.02804404823053 809.5495524009931 766 768 -1
768 -6.639493860710789 -165.9039260412737 809.4714597070124 767 769 -1
769 -6.770018580250012 -165.77544200647 809.4003156594478 768 770 -1
770 -6.900174700322191 -165.64262063682827 809.3368907099094 769 771 -1
771 -7.02979493002349 -165.50559226132728 809.2818828490325 770 772 -1
772 -7.158663546839135 -165.36480962778478 809.2352070030397 771 773 -1
773 -7.286604599709031 -165.22088626656057 809.1961646185385 772 774 -1
774 -7.413517784668597 -165.07437198685182 809.1639890637133 773 775 -1
775 -7.539368696607983 -164.92574343565647 809.1378927668237 774 776 -1
776 -7.6641770511154705 -164.7754072744751 809.1170885767265 775 777 -1
777 -7.788003626188249 -164.62370485889264 809.100810987177 776 778 -1
778 -7.9109450498331935 -164.470927178111 809.0883021652801 777 779 -1
779 -8.033122312263666 -164.3173190608481 809.078830526037 778 780 -1
780 -8.154671175729273 -164.16308627509673 809.0716992236801 779 781 -1
781 -8.275739219776941 -164.00840733726918 809.0662320961994 780 782 -1
782 -8.396481712090731 -163.85344159539042 809.0617685633516 781 783 -1
783 -8.517058303304927 -163.6983368537715 809.0576574580705 782 784 -1
784 -8.637630219638972 -163.54323670314406 809.0532502585775 783 785 -1
785 -8.75835762684092 -163.38828777106966 809.0478941022745 784 786 -1
786 -8.87939683866752 -163.23364712587687 809.0409249355222 785 787 -1
787 -9.000897039791486 -163.0794900569007 809.0316611868082 786 788 -1
788 -9.122996189672332 -162.92601841006578 809.0193984452246 787 789 -1
789 -9.245815780433437 -162.77346956863758 809.0034057801491 788 790 -1
790 -9.369454156192779 -162.6221260146858 808.9829245436296 789 791 -1
791 -9.493978191131008 -162.47232516302904 808.9571707318655 790 792 -1
792 -9.619413305451056 -162.32446880351966 808.9253421979838 791 793 -1
793 -9.745732112766442 -162.17903101251656 808.8866321178051 792 794 -1
794 -9.872842469376987 -162.03656283244658 808.8402499787604 793 795 -1
795 -10.000576327596725 -161.89769147225726 808.7854508164382 794 796 -1
796 -10.128681496933115 -161.7631114528289 808.7215722967446 795 797 -1
797 -10.25681856601024 -161.63357164794934 808.648066542774 796 798 -1
798 -10.384557420933191 -161.5098986682189 808.5644643762341 797 799 -1
799 -10.511414996419214 -161.39274922547304 808.4707482370036 798 800 -1
800 -10.63687530230301 -161.28276326233797 808.3670120099266 799 801 -1
801 -10.760425555500563 -161.18045034636884 808.2535853376868 800 802 -1
802 -10.881595578058816 -161.08614884648796 808.131012124745 801 803 -1
803 -11.0 -161.0 808.0 802 804 805
804 -10.889748161684937 -160.98890943838745 808.1428322438109 803 807 -1
805 -11.086046918470858 -160.81096318721845 808.0814074776165 803 808 -1
806 -11.016957139074094 -161.16187530908925 807.8851282939073 803 809 -1
807 -10.781594070886289 -160.97646610556185 808.287009285817 804 810 -1
808 -11.172458929639582 -160.6224550610796 808.1641392808257 805 811 -1
809 -11.038915880274645 -161.32358949210246 807.7709002379129 806 812 -1
810 -10.675621975394339 -160.9626002112309 808.4326691297515 807 813 -1
811 -11.259306067728426 -160.43457515547536 808.2478388318648 808 814 -1
812 -11.065714133542903 -161.48493138602768 807.6571790747951 809 815 -1
813 -10.571905277788792 -160.94726430393717 808.5797975363231 810 816 -1
814 -11.346588931017541 -160.24733060446138 808.332503331548 811 817 -1
815 -11.097226283895353 -161.64578276845148 807.5439721465104 812 818 -1
816 -10.47050374357572 -160.93042014431572 808.728367654727 813 819 -1
817 -11.434308099057043 -160.0607285308781 808.418129902487 814 820 -1
818 -11.13328883510118 -161.80603701154482 807.4312773051531 815 821 -1
819 -10.371481415005993 -160.91202702940254 808.8783520507229 816 822 -1
820 -11.522464132640309 -159.8747760454955 808.5047155894722 817 823 -1
821 -11.173734323659248 -161.965597559612 807.319086538595 818 824 -1
822 -10.27490463234419 -160.8920430862332 809.029721105051 819 825 -1
823 -11.611057573778226 -159.68948024616793 808.592257359868 820 826 -1
824 -11.218421127514665 -162.12437169605835 807.2073897692707 821 827 -1
825 -10.180834444898016 -160.87043020527676 809.1824387195346 822 828 -1
826 -11.700088945675022 -159.50484821699766 808.6807521040175 823 829 -1
827 -11.267184084133767 -162.28227854785115 807.096169369886 824 830 -1
828 -10.089325354434372 -160.8471548285578 809.3364624893713 825 831 -1
829 -11.78955875270508 -159.32088702750883 808.7701966356615 826 832 -1
830 -11.319848103375017 -162.43924855949598 806.9854020089873 827 833 -1
831 -10.000451058595656 -160.82217124427717 809.4917561895523 828 834 -1
832 -11.879467480390721 -159.13760373183086 808.8605876923652 829 835 -1
833 -11.376279407481636 -162.59520950180107 806.8750648614963 830 836 -1
834 -9.914253937616406 -160.79545431764697 809.6482655096519 831 837 -1
835 -11.969815595381037 -158.9550053678919 808.951921935959 832 838 -1
836 -11.436299226681736 -162.75010857790383 806.7651260023138 833 839 -1
837 -9.830788639672752 -160.76697119228763 809.8059396924828 834 840 -1
838 -12.060603545431489 -158.77309895662222 809.0441959529866 835 841 -1
839 -11.499757624140749 -162.903892814826 806.6555532092988 836 842 -1
840 -9.750108692120115 -160.736689957161 809.9647247215844 837 843 -1
841 -12.151831759384123 -158.5918915011677 809.1374062551656 838 844 -1
842 -11.566510736113095 -163.05651354639534 806.5463114631094 839 845 -1
843 -9.672264817867202 -160.70458070244385 810.1245627528143 840 846 -1
844 -12.243500647148641 -158.41138998611336 809.2315492798563 841 847 -1
845 -11.636393541927712 -163.20793696730513 806.4373607880038 842 848 -1
846 -9.597293103604468 -160.67062308141047 810.2853886075522 843 849 -1
847 -12.335610599683696 -158.23160137671724 809.3266213905399 844 850 -1
848 -11.709283487360972 -163.35811913183022 806.3286623666461 845 851 -1
849 -9.525232209890248 -160.6347951667018 810.447136560168 846 852 -1
850 -12.428162741515829 -158.05253385605343 809.4226204471915 847 853 -1
851 -11.785015983273182 -163.50703984113844 806.2201715884395 848 854 -1
852 -9.456115969878436 -160.59707817313196 810.6097378339509 849 855 -1
853 -12.521157331212144 -157.8741942236305 809.5195424481473 850 856 -1
854 -11.863478017201905 -163.6546618769982 806.1118455141129 851 857 -1
855 -9.389973125010068 -160.5574565698135 810.7731209677212 852 858 -1
856 -12.61459411004025 -157.69658841828874 809.617382293561 853 859 -1
857 -11.944517408673043 -163.80097211277078 806.0036370306645 854 860 -1
858 -9.326827101121511 -160.51591816413523 810.9372122122872 855 861 -1
859 -12.708473391809418 -157.51972332126428 809.7161360517593 856 862 -1
860 -12.02802118098355 -163.94594303804584 805.8954994124598 857 863 -1
861 -9.266695828798094 -160.4724541563251 811.1019359513064 858 864 -1
862 -12.802795471284467 -157.34360579071304 809.8157997197309 859 865 -1
863 -12.1138580579403 -164.08956167050619 805.7873839495388 860 866 -1
864 -9.209591610986392 -160.42705916389716 811.2672151405637 861 867 -1
865 -12.897560624168653 -157.16824266100627 809.9163692236534 862 868 -1
866 -12.201908021845865 -164.23181375501574 805.6792413138138 863 869 -1
867 -9.155521039982665 -160.37973121587095 811.432971759292 864 870 -1
868 -12.992769107085923 -156.99364074203632 810.0178404194306 865 871 -1
869 -12.292065953813264 -164.37267956951095 805.5710207660542 866 872 -1
870 -9.104484964951697 -160.33047171724047 811.5991272669424 867 873 -1
871 -13.088421396074217 -156.8198072349237 810.1202095732767 868 874 -1
872 -12.384207118143195 -164.51215755323005 805.4626729628192 869 875 -1
873 -9.056478510146379 -160.2792853847377 811.7656030587781 870 876 -1
874 -13.184519089817986 -156.6467513376373 810.2234751583196 871 877 -1
875 -12.478237304887605 -164.6502326084236 805.3541511405483 872 878 -1
876 -9.011491967179449 -160.22617963187577 811.9323209588878 873 879 -1
877 -13.281060826055297 -156.474477080726 810.3276296617648 874 880 -1
878 -12.57405183302118 -164.78690140358302 805.2454100683486 875 881 -1
879 -8.969510571581269 -160.17116466879372 812.099203539766 876 882 -1
880 -13.378046783714671 -156.3029911696536 810.4326686594544 877 883 -1
881 -12.671547706687052 -164.9221632985292 805.1364045349045 878 884 -1
882 -8.930511348127464 -160.11425546839146 812.2661744632545 879 885 -1
883 -13.475477122548766 -156.1323002820144 810.5385876597545 880 886 -1
884 -12.770639285100373 -165.05600575703806 805.0270861352444 881 887 -1
885 -8.894467803386268 -160.0554687558331 812.4331591331035 882 888 -1
886 -13.573351983114053 -155.9624110668991 810.6453821041266 883 889 -1
887 -12.871231122794281 -165.18842718791896 804.9174078949555 884 890 -1
888 -8.861348498067501 -159.99482389369692 812.6000849233924 885 891 -1
889 -13.671672071126117 -155.79333121496762 810.7530485057821 886 892 -1
890 -12.97323076367487 -165.31942649365843 804.8073227374502 887 893 -1
891 -8.831117321010023 -159.93234269325595 812.7668815081689 888 894 -1
892 -13.770438517255164 -155.62506923991432 810.8615841473907 889 895 -1
893 -13.076556298089256 -165.44899405760276 804.6967804956972 890 896 -1
894 -8.803733792006222 -159.86804921518245 812.9334811555995 891 897 -1
895 -13.869649841535848 -155.45762886219543 810.9709812109695 892 898 -1
896 -13.181125265936629 -165.57712194667639 804.5857305506996 893 899 -1
897 -8.779153388261765 -159.80196956290098 813.0998189845915 894 900 -1
898 -13.969306106304982 -155.2910166105513 811.0812348718981 895 901 -1
899 -13.286850168701235 -165.703810287554 804.4741248632866 896 902 -1
900 -8.75733107841116 -159.73412963232335 813.2658327304565 897 903 -1
901 -14.069407354586229 -155.12523898212694 811.1923402416095 898 904 -1
902 -13.393651132996183 -165.82905202926528 804.3619125766776 899 905 -1
903 -8.73822021629749 -159.6645558136642 813.4314627749571 900 906 -1
904 -14.169954115845698 -154.9603034051417 811.3042933248865 901 907 -1
905 -13.50145597575993 -165.95282931811627 804.2490372400597 902 908 -1
906 -8.721759454660624 -159.5932834036374 813.5966546440617 903 909 -1
907 -14.270947834014297 -154.79621909487773 811.4170917976538 904 910 -1
908 -13.610180477455659 -166.07514250520353 804.1354502512385 905 911 -1
909 -8.707891658022985 -159.52034454795802 813.7613565533613 906 912 -1
910 -14.372386592790773 -154.63298885788407 811.5307269642881 907 913 -1
911 -13.719747881302581 -166.1959821917057 804.0210986223591 908 914 -1
912 -8.696568944973642 -159.44576435623364 813.9255172679459 909 915 -1
913 -14.474270356446713 -154.47061905872178 811.6451936823364 910 916 -1
914 -13.830084881833326 -166.3153320595367 803.9059252746287 911 917 -1
915 -8.687561974157363 -159.36963560740196 814.0891101272123 912 918 -1
916 -14.576599069796032 -154.30911602749688 811.7604867484508 913 919 -1
917 -13.941115960927034 -166.43317833388858 803.7898740233161 914 920 -1
918 -8.680384096582625 -159.29212728136142 814.2521453405541 915 921 -1
919 -14.679374376937767 -154.14848945689724 811.8766040517015 916 922 -1
920 -14.05276303263827 -166.54951280539922 803.6728921797613 917 923 -1
921 -8.67453230886585 -159.21340519089145 814.4146515855932 918 924 -1
922 -14.782595421911951 -153.988744162242 811.9935388221668 919 925 -1
923 -14.16495151390014 -166.66431800628243 803.5549216709829 920 926 -1
924 -8.669514718254593 -159.13362811190632 814.5766708174024 921 927 -1
925 -14.88626117208888 -153.82988456524635 812.1112839800902 922 928 -1
926 -14.277607994201205 -166.7775674050456 803.4358980983641 923 929 -1
927 -8.664857891997011 -159.05294006108875 814.7382492727576 924 930 -1
928 -14.990371492875061 -153.67191685210923 812.2298340807696 925 931 -1
929 -14.390652799554017 -166.88925187860724 803.3157692048512 926 932 -1
930 -8.660098983791906 -158.97148153518597 814.8994377316344 927 933 -1
931 -15.094927473221052 -153.51484970193107 812.3491858434965 928 934 -1
932 -14.504009230428357 -166.99934846119035 803.1944738759174 929 935 -1
933 -8.654788718723186 -158.8893878583981 815.0602863056411 930 936 -1
934 -15.199929290488098 -153.35868999832914 812.4693342897648 931 937 -1
935 -14.61760147098344 -167.10782380026126 803.0719447628793 932 938 -1
936 -8.648480978058437 -158.80678830789748 815.220839412456 933 939 -1
937 -15.305375189926563 -153.2034406610535 812.5902709940913 934 940 -1
938 -14.73135868964069 -167.21467441402436 802.9481477316729 935 941 -1
939 -8.640748896333898 -158.7238168568161 815.3811379796069 936 942 -1
940 -15.411264956902826 -153.04910772388502 812.7119902806401 937 943 -1
941 -14.845215431390365 -167.3198794068037 802.8230397520276 938 944 -1
942 -8.631166329016763 -158.6406052386404 815.5412115810446 939 945 -1
943 -15.517599815430604 -152.89570023497438 812.8344889549089 940 946 -1
944 -14.959103998188409 -167.42341835464708 802.6965782219644 941 947 -1
945 -8.619306714979393 -158.55728928155895 815.7010777699561 942 948 -1
946 -15.624379575103674 -152.74322434571775 812.957761290677 943 949 -1
947 -15.072955238053826 -167.52528005670945 802.5687286389848 944 950 -1
948 -8.60476943209659 -158.4740102703054 815.8607413985914 945 951 -1
949 -15.731602467858929 -152.59168286600203 813.0817988313532 946 952 -1
950 -15.186696734785892 -167.62542370266826 802.4394323559429 947 953 -1
951 -8.587153341250351 -158.39091472810165 816.0201898272127 948 954 -1
952 -15.839268198283232 -152.44108166915686 813.2065956802853 949 955 -1
953 -15.30025596082301 -167.72384042372974 802.3086583745687 950 956 -1
954 -8.56605976722437 -158.30815755262884 816.1793912249283 951 957 -1
955 -15.947378743728926 -152.29143152247156 813.3321497638914 952 958 -1
956 -15.413553482610096 -167.82048025287543 802.1763414428133 953 959 -1
957 -8.541108984906833 -158.22590166723364 816.3382934939066 954 960 -1
958 -16.055932288455956 -152.14273510719093 813.4584525145776 955 961 -1
959 -15.526511729738381 -167.9153256808464 802.0424455720794 956 962 -1
960 -8.512123452142605 -158.14430294047378 816.4968495630735 957 963 -1
961 -16.164927687984076 -151.99499648679364 813.5854965353302 958 964 -1
962 -15.639042438874258 -168.00831925883767 801.906901018503 959 965 -1
963 -8.479418558532915 -158.06348007558324 816.6550798913029 960 966 -1
964 -16.27436504857882 -151.84822242850277 813.7132765178518 961 967 -1
965 -15.751059593223259 -168.09943000715006 801.7696631689801 962 968 -1
966 -8.443386567999069 -157.98353488485745 816.8130338741214 963 969 -1
967 -16.38424619738084 -151.7024235346933 813.841789937272 964 970 -1
968 -15.862468466911412 -168.18860559235304 801.6306704070312 965 971 -1
969 -8.404404635045609 -157.9045601967316 816.9707760410411 966 972 -1
970 -16.494568029135376 -151.557599558433 813.9710261114119 967 973 -1
971 -15.97316557163057 -168.27578229845273 801.4898530519711 968 974 -1
972 -8.362835568072574 -157.82664203679258 817.1283834961563 969 975 -1
973 -16.60533010463269 -151.41375607374383 814.1009787813541 970 976 -1
974 -16.083047585715953 -168.3609093043633 801.3471561221122 971 977 -1
975 -8.319027249295077 -157.74986291279976 817.2859438077089 972 978 -1
976 -16.71653421278495 -151.27090368481137 814.2316452431362 973 979 -1
977 -16.191999910433747 -168.443918017354 801.2025118668216 974 980 -1
978 -8.273320120567815 -157.6743008054525 817.4435533430142 975 981 -1
979 -16.828178659391718 -151.1290452166688 814.3630171290132 976 982 -1
980 -16.299899407728212 -168.52473309633274 801.0558504239475 977 983 -1
981 -8.226044828504463 -157.6000324932339 817.6013153960818 978 984 -1
982 -16.94026192447608 -150.98818382532423 814.4950863904937 979 985 -1
983 -16.40661347854861 -168.60327194577064 800.9071001427268 980 986 -1
984 -8.177524056178603 -157.5271361604807 817.7593391327086 981 987 -1
985 -17.05278457741339 -150.8483274181109 814.6278482838875 982 988 -1
986 -16.51199907760494 -168.67944418621295 800.7561880210972 983 989 -1
987 -8.128076493614339 -157.45569230199848 817.9177385516921 984 990 -1
988 -17.16574723572183 -150.7094840791959 814.7612980725821 985 991 -1
989 -16.615901667928757 -168.75315110856218 800.6030402813484 986 992 -1
990 -8.07801957228469 -157.3857852836755 818.0766315170764 987 993 -1
991 -17.279147094126863 -150.57165398380158 814.8954256818778 988 994 -1
992 -16.71815412231279 -168.82428512250902 800.4475831114408 989 995 -1
993 -8.02767232937882 -157.31750487295798 818.2361388152676 990 996 -1
994 -17.392983742559124 -150.43484279856298 815.0302247911263 991 997 -1
995 -16.81857558359977 -168.8927292135081 800.2897436026677 992 998 -1
996 -7.97735838278029 -157.25094775891537 818.3963831559108 993 999 -1
997 -17.5072596179681 -150.29906292908976 815.1656933625073 994 1000 -1
998 -16.916970302143348 -168.95835642766843 800.1294509174065 995 1001 -1
999 -7.927408998755563 -157.18621907630111 818.557488028218 996 1002 -1
1000 -17.621970879982264 -150.1643120393702 815.3018197829293 997 1003 -1
1001 -17.013126476835435 -169.02102940997102 799.9666377231026 998 1004 -1
1002 -7.878167755806915 -157.12343692158805 818.719577906055 999 1005 -1
1003 -17.73711687805457 -150.03059523822162 815.4385973311211 1000 1006 -1
1004 -17.10679530507962 -169.0805761527896 799.8012225877465 1001 1007 -1
1005 -7.8299946726661425 -157.0627323138951 818.8827759149409 1002 1008 -1
1006 -17.852699851309517 -149.89792459831693 815.576023527534 1003 1009 -1
1007 -17.197741605393208 -169.13685420366986 799.6331656641222 1004 1010 -1
1008 -7.783262173866179 -157.0042407079716 819.0471958171349 1005 1011 -1
1009 -17.968716727611298 -149.76629949432188 815.7140879855889 1006 1012 -1
1010 -17.285670684686956 -169.18966254466815 799.4623995974245 1007 1013 -1
1011 -7.738364777109624 -156.94811699134948 819.2129463804173 1008 1014 -1
1012 -18.085166264204076 -149.6357236250129 815.8527830753685 1009 1015 -1
1013 -17.370298735110985 -169.23882623397589 799.2889003429076 1010 1016 -1
1014 -7.695736786085948 -156.8945489413755 819.3801347308485 1011 1017 -1
1015 -18.20205014772361 -149.50620785395958 815.9921053775839 1012 1018 -1
1016 -17.451292321834273 -169.28412837099103 799.1126379521328 1013 1019 -1
1017 -7.6558158705216055 -156.84371533890294 819.5488372874936 1014 1020 -1
1018 -18.31936624289554 -149.3777537500109 816.1320459192286 1015 1021 -1
1019 -17.52829734976212 -169.32534489711253 798.933608094721 1016 1022 -1
1020 -7.619091691528938 -156.79583761670284 819.719122179909 1017 1023 -1
1021 -18.43711272237856 -149.25036356948664 816.2725962224646 1018 1024 -1
1022 -17.600948098414584 -169.3622532956741 798.7518406146862 1019 1025 -1
1023 -7.586061305104359 -156.75113732909887 819.8910185240636 1020 1026 -1
1024 -18.555290866575174 -149.1240472866576 816.4137521770127 1021 1027 -1
1025 -17.66884698456733 -169.39461275527148 798.5673903726588 1022 1028 -1
1026 -7.557046599746862 -156.7097448492068 820.064460874435 1023 1029 -1
1027 -18.673899172345372 -148.99880799587797 816.555505724027 1024 1030 -1
1028 -17.731577874238912 -169.42217833940924 798.3803509109276 1025 1031 -1
1029 -7.532061532525549 -156.6716031008016 820.239270630033 1026 1032 -1
1030 -18.79293538389782 -148.8746468485771 816.6978478067301 1027 1033 -1
1031 -17.78871100618278 -169.44470561911217 798.1908604290855 1028 1034 -1
1032 -7.511106624526917 -156.63664457556044 820.4152718628711 1029 1035 -1
1033 -18.912400494490306 -148.75157320080103 816.8407738183923 1030 1036 -1
1034 -17.839790344454205 -169.46193996314716 797.999101171988 1031 1037 -1
1035 -7.494163792936364 -156.6047826162912 820.5922902094153 1032 1038 -1
1036 -19.032293382760855 -148.62959110007768 816.9842762249166 1033 1039 -1
1037 -17.88438994472177 -169.47366512042225 797.8053218387528 1034 1040 -1
1038 -7.481173711889511 -156.57589521180967 820.770151377846 1035 1041 -1
1039 -19.152611493338735 -148.50870088299487 817.1283456038332 1036 1042 -1
1040 -17.92209064537573 -169.4796805549283 797.6098251829644 1037 1043 -1
1041 -7.472072469302729 -156.54985399124152 820.9486926181801 1038 1044 -1
1042 -19.27335554599726 -148.38891138510297 817.272976963034 1039 1045 -1
1043 -17.952474523789686 -169.47979672114843 797.4129679300617 1040 1046 -1
1044 -7.466779399620217 -156.5265152382556 821.127760766142 1041 1047 -1
1045 -19.39452186547943 -148.27022289438648 817.4181618303446 1042 1048 -1
1046 -17.97528362382886 -169.4739145341016 797.2151773545395 1043 1049 -1
1047 -7.465199402184107 -156.50572229682808 821.3072139690054 1044 1050 -1
1048 -19.51610172939352 -148.15262575305113 817.5638880527016 1045 1051 -1
1049 -17.9908105122097 -169.46215827133923 797.0169413593179 1046 1052 -1
1050 -7.467233418509214 -156.4873130578213 821.4869231765978 1047 1053 -1
1051 -19.63808962043428 -148.0361186182329 817.7101478526369 1048 1054 -1
1052 -17.999510161969248 -169.4447096862528 796.8187053945563 1049 1055 -1
1053 -7.4727546640228875 -156.47110529837295 821.6667713634241 1050 1056 -1
1054 -19.760478556614498 -147.9206959555487 817.856931520912 1051 1057 -1
1055 -18.001942825630806 -169.42183316913335 796.6208440820523 1052 1058 -1
1056 -7.481637804685439 -156.45691683773444 821.8466558986888 1053 1059 -1
1057 -19.88325979316656 -147.8063469778023 818.0042270385392 1054 1060 -1
1058 -17.99867252638068 -169.39379630793437 796.4236579005862 1055 1061 -1
1059 -7.493751536911481 -156.44456098857808 822.0264874590532 1056 1062 -1
1060 -20.006427868031373 -147.69306947779182 818.152026659034 1057 1063 -1
1061 -17.990264953009014 -169.36086917136404 796.227379967314 1058 1064 -1
1062 -7.508960402250355 -156.4338482556357 822.2061896100824 1059 1065 -1
1063 -20.12997606411616 -147.58085748258193 818.3003209843631 1060 1066 -1
1064 -17.977288891371025 -169.32332857118416 796.0321804598084 1061 1067 -1
1065 -7.527127886159547 -156.42458847030574 822.3856980130557 1062 1068 -1
1066 -20.25389588547523 -147.46969954464114 818.449098295711 1063 1069 -1
1067 -17.960308523928393 -169.28145554173423 795.8381718276004 1064 1070 -1
1068 -7.548121359469915 -156.41659306894394 822.5649590401922 1065 1071 -1
1069 -20.37818192009268 -147.35959254418052 818.5983508733201 1066 1072 -1
1070 -17.939858071892335 -169.23551132195706 795.6454222314669 1067 1073 -1
1071 -7.571793399289716 -156.40966782382372 822.7439308893041 1068 1074 -1
1072 -20.502827793401263 -147.25053030264695 818.7480697325126 1069 1075 -1
1073 -17.91644768192879 -169.18574380388065 795.453961901725 1070 1076 -1
1074 -7.598005601623772 -156.40362416318848 822.9225806248612 1071 1077 -1
1075 -20.627825256887615 -147.14250071488902 818.8982434559905 1072 1078 -1
1076 -17.890561203265452 -169.1323856263786 795.2637907542318 1073 1079 -1
1077 -7.626621998891599 -156.39827595061084 823.1008835151357 1074 1080 -1
1078 -20.753168907918003 -147.03549959684275 819.0488643014685 1075 1081 -1
1079 -17.862650870281854 -169.07564388609956 795.0748888378408 1076 1082 -1
1080 -7.657517070036669 -156.39344073498842 823.278820588904 1077 1083 -1
1081 -20.878852853830637 -146.9295210112653 819.1999238781538 1078 1084 -1
1082 -17.833152373538418 -169.0157242114974 794.8872130171319 1079 1085 -1
1083 -7.690548264609546 -156.38893463009518 823.4563823234007 1080 1086 -1
1084 -21.004869052576275 -146.8245520859973 819.3514110208821 1081 1087 -1
1085 -17.80247367415208 -168.95281384220485 794.7007082617356 1082 1088 -1
1086 -7.725586157391836 -156.38457989164627 823.6335629442535 1083 1089 -1
1087 -21.13121204608127 -146.72058733833768 819.5033178861993 1084 1090 -1
1088 -17.770996844787778 -168.88707404769295 794.5153152729122 1085 1091 -1
1089 -7.76251495671407 -156.3802007266379 823.8103586348305 1086 1092 -1
1090 -21.257876602117957 -146.61762168905247 819.6556369047589 1087 1093 -1
1091 -17.739088089772967 -168.81866047722085 794.3309661877332 1088 1094 -1
1092 -7.8011998902890936 -156.37562462580064 823.9867734577595 1089 1095 -1
1093 -21.38485481659119 -146.51564129838636 819.8083570800027 1090 1096 -1
1094 -17.70709544748705 -168.74772096199987 794.14758869348 1091 1097 -1
1095 -7.841523835005806 -156.37068178749823 824.1628110357792 1092 1098 -1
1096 -21.51214109644846 -146.41463908843522 819.9614703724349 1093 1099 -1
1097 -17.67535235914351 -168.67438090080302 793.9651142848543 1094 1100 -1
1098 -7.883370929413652 -156.36520392046876 824.3384769359596 1095 1101 -1
1099 -21.639731068880035 -146.31461158104224 820.1149702825734 1096 1102 -1
1100 -17.64417876941131 -168.59876804979368 793.7834711606488 1097 1103 -1
1101 -7.926619132332317 -156.35902957277494 824.513780034071 1098 1104 -1
1102 -21.767616881826445 -146.21554369784388 820.2688458788655 1099 1105 -1
1103 -17.61388252596643 -168.5210001486274 793.6025910256243 1100 1106 -1
1104 -7.971163475427036 -156.3519913966133 824.6887256619199 1101 1107 -1
1105 -21.895792805685865 -146.11742670818666 820.4230889328627 1102 1108 -1
1106 -17.584770307235356 -168.44117582591943 793.4224136896213 1103 1109 -1
1107 -8.016882622314888 -156.34393730953977 824.8633240424016 1104 1110 -1
1108 -22.024255276505823 -146.0202587183218 820.5776939408487 1105 1111 -1
1109 -17.557129372577037 -168.35940965855954 793.2428766574659 1106 1112 -1
1110 -8.063676073675827 -156.33470074025246 825.0375788866686 1107 1113 -1
1111 -22.152996654218036 -145.92402393443805 820.732650246333 1108 1114 -1
1112 -17.531246715791816 -168.27580049118487 793.0639274232665 1109 1115 -1
1113 -8.111427166763006 -156.3241696717966 825.2115002106073 1110 1116 -1
1114 -22.282011392466988 -145.8287130268523 820.887949841908 1111 1117 -1
1115 -17.507410986249177 -168.19044064380802 792.8855213425071 1112 1118 -1
1116 -8.160039107594065 -156.31234825475576 825.3850999152895 1113 1119 -1
1117 -22.41129545749512 -145.73432146544698 821.0435866073728 1114 1120 -1
1118 -17.485899373339855 -168.10342874990883 792.7076189350015 1115 1121 -1
1119 -8.209405054994331 -156.29929472312133 825.5583983717432 1116 1122 -1
1120 -22.540842800550365 -145.64083748260396 821.199551893241 1117 1123 -1
1121 -17.466983548147347 -168.0148633284422 792.5301891224678 1118 1124 -1
1122 -8.25942966922537 -156.2850513402214 825.7314140715872 1119 1125 -1
1123 -22.670647568608935 -145.54824950131228 821.3558373036243 1120 1126 -1
1124 -17.450935570663543 -167.9248410885995 792.3532107863399 1121 1127 -1
1125 -8.310014533642363 -156.26966783617883 825.9041691171548 1122 1128 -1
1126 -22.80070518299409 -145.45654998069577 821.5124360273545 1123 1129 -1
1127 -17.43802433242718 -167.8334608888647 792.1766726296136 1124 1130 -1
1128 -8.36106461435055 -156.25319057003 826.0766863436671 1125 1131 -1
1129 -22.931011349709593 -145.365732070581 821.6693415944363 1126 1132 -1
1130 -17.428515139284016 -167.74082469512228 792.0005739122868 1127 1133 -1
1131 -8.412488418022065 -156.23565925913323 826.2489885911375 1128 1134 -1
1132 -23.061559822790386 -145.2757815738811 821.8265451301294 1129 1135 -1
1133 -17.422668959363293 -167.64703846734866 791.8249251315635 1130 1136 -1
1134 -8.464192508232761 -156.21712269054814 826.4211016738935 1131 1137 -1
1135 -23.192345770605836 -145.18668888852633 821.9840395120907 1132 1138 -1
1136 -17.42074306930617 -167.55221256450633 791.6497488352459 1133 1139 -1
1137 -8.51608769437109 -156.19761910837144 826.5930503337182 1134 1140 -1
1138 -23.323365717354555 -145.09844901062024 822.1418192667721 1135 1141 -1
1139 -17.422866152209558 -167.45646001846094 791.4750793311114 1136 1142 -1
1140 -8.5680845918959 -156.1771898023245 826.7648607398594 1137 1143 -1
1141 -23.454614022723145 -145.0110486864157 822.2998762795742 1138 1144 -1
1142 -17.428602162940635 -167.3598764833459 791.3009484273406 1139 1145 -1
1143 -8.620095024093198 -156.15587731763222 826.9365597480559 1140 1146 -1
1144 -23.58608576253558 -144.924476838505 822.4582033215819 1141 1147 -1
1145 -17.43736317798754 -167.26253780447686 791.1273639235573 1142 1148 -1
1146 -8.672031439753892 -156.1337170147927 827.1081738250764 1143 1149 -1
1147 -23.71777666383734 -144.8387244243057 822.6167939555587 1144 1150 -1
1148 -17.448574938362412 -167.16450549383165 790.9543108752835 1145 1151 -1
1149 -8.723806880663556 -156.1107487001719 827.2797303006366 1146 1152 -1
1150 -23.849683353253173 -144.75378547047552 822.7756428152219 1147 1153 -1
1151 -17.46167895573128 -167.06582845130137 790.7817574036707 1148 1154 -1
1152 -8.775335409571099 -156.08701134779454 827.4512564344557 1149 1155 -1
1153 -23.981800232377996 -144.6696452358865 822.9347418785163 1150 1156 -1
1154 -17.476125731681517 -166.96654754290446 790.6096577496844 1151 1157 -1
1155 -8.826529439825716 -156.06253879041267 827.6227794096235 1152 1158 -1
1156 -24.114123082868918 -144.58629378737106 823.0940847867275 1153 1159 -1
1157 -17.49137987451849 -166.86669597425808 790.4379581529107 1154 1160 -1
1158 -8.877302733438691 -156.03736839595916 827.7943264496128 1155 1161 -1
1159 -24.24664820019008 -144.50372282898704 823.2536657889775 1156 1162 -1
1160 -17.506915954144066 -166.76630216660786 790.2666002810072 1157 1163 -1
1161 -8.9275697063679 -156.0115372791234 827.9659243643999 1158 1164 -1
1162 -24.379371928072224 -144.42192394400172 823.4134791857299 1159 1165 -1
1163 -17.52221612180228 -166.66539198346274 790.0955247705114 1160 1166 -1
1164 -8.977241290215934 -155.98507852989647 828.1375999973144 1161 1167 -1
1165 -24.51228963516556 -144.3408837605115 823.5735177418771 1162 1168 -1
1166 -17.53676766683431 -166.5639909138849 789.9246745318193 1163 1169 -1
1167 -9.026229668859624 -155.95802758843845 828.3093796000516 1164 1170 -1
1168 -24.64539926677051 -144.26059284229245 823.7337742995215 1165 1171 -1
1169 -17.550060720432732 -166.46212624177178 789.7539979181713 1166 1172 -1
1170 -9.074448228802124 -155.9304207287071 828.4812884990142 1167 1173 -1
1171 -24.778699960443312 -144.1810434544483 823.894241718275 1168 1174 -1
1172 -17.56158630599481 -166.35982922884656 789.5834518480242 1169 1175 -1
1173 -9.121804600966563 -155.9022907738396 828.6533521713164 1170 1176 -1
1174 -24.91219091490014 -144.10222776810716 824.0549128922327 1171 1177 -1
1175 -17.570829860779945 -166.25713669710518 789.4130050982366 1172 1178 -1
1176 -9.168207883969666 -155.87367261314736 828.8255948784524 1173 1179 -1
1177 -25.04587019994777 -144.0241333513669 824.2157795591174 1174 1180 -1
1178 -17.57727893553288 -166.15409495747707 789.242641206241 1175 1181 -1
1179 -9.21356895246768 -155.8446022770312 828.9980393300353 1176 1182 -1
1180 -25.179736745202753 -143.9467508479702 824.3768344308377 1177 1183 -1
1181 -17.58042529287287 -166.05076134607472 789.0723620048361 1178 1184 -1
1182 -9.257789382246875 -155.8151127534449 829.1707086826902 1179 1185 -1
1183 -25.31378962906106 -143.870071211407 824.5380703946796 1180 1186 -1
1184 -17.57975804151923 -165.9472056102579 788.9021910302862 1181 1187 -1
1185 -9.30077582786544 -155.78524004770034 829.3436235470066 1182 1188 -1
1186 -25.448028785093552 -143.79408831620563 824.6994811386128 1183 1189 -1
1187 -17.574830258774693 -165.8435119335315 788.7321747849084 1184 1190 -1
1188 -9.342434517544753 -155.75502038951166 829.5168028505075 1185 1191 -1
1189 -25.582452302003126 -143.71878890538156 824.8610586628347 1186 1192 -1
1190 -17.565568250441675 -165.7397719215141 788.5623675642528 1187 1193 -1
1191 -9.382656796845861 -155.7244875810566 829.6902665002385 1188 1194 -1
1192 -25.717059332134482 -143.6441635028552 825.022796034452 1189 1195 -1
1193 -17.552040418792586 -165.6360756711777 788.3928198297297 1190 1196 -1
1194 -9.421350993617997 -155.6936801271761 829.8640288475151 1191 1197 -1
1195 -25.85184908124463 -143.57020260990967 825.1846864070457 1192 1198 -1
1196 -17.534320255983754 -165.5325109725532 788.2235781944894 1193 1199 -1
1197 -9.458409302120726 -155.6626342904675 830.0381049920521 1194 1200 -1
1198 -25.986821325682943 -143.49689855263085 825.3467234189052 1195 1201 -1
1199 -17.512498762431804 -165.42916205716202 788.0546840812696 1196 1202 -1
1200 -9.493725298038559 -155.63138793595715 830.2125070568261 1197 1203 -1
1201 -26.12197530851634 -143.42424149886594 825.5089002940182 1198 1204 -1
1202 -17.486658911567524 -165.3261103372858 787.8861756651817 1199 1205 -1
1203 -9.527197050539053 -155.59998030064213 830.3872434459643 1200 1206 -1
1204 -26.257309917231908 -143.3522201937425 825.6712100627601 1201 1207 -1
1205 -17.4568853024543 -165.22343427250047 787.7180873745383 1202 1208 -1
1206 -9.55870408865357 -155.56845034481785 830.5623226716903 1203 1209 -1
1207 -26.39282456331142 -143.28082507646957 825.8336462192655 1204 1210 -1
1208 -17.42325506380692 -165.1212105728778 787.550451129687 1205 1211 -1
1209 -9.588154176878376 -155.53683760255313 830.7377446344487 1206 1212 -1
1210 -26.528518707246523 -143.21004657668314 825.9962023398264 1207 1213 -1
1211 -17.385851971914406 -165.0195128501298 787.3832949292262 1208 1214 -1
1212 -9.61548384736334 -155.50515958189746 830.9134976668373 1209 1215 -1
1213 -26.664392337299297 -143.13987672196785 826.1588723704594 1210 1216 -1
1214 -17.344773451914037 -164.91840961981146 787.2166416173777 1211 1217 -1
1215 -9.640705798534958 -155.47342128487557 831.089554672533 1212 1218 -1
1216 -26.800444918613362 -143.0703055656837 826.3216499505236 1213 1219 -1
1217 -17.300106021122886 -164.81796787758066 787.0505122227186 1214 1220 -1
1218 -9.663798301302153 -155.44162645017136 831.2658934382812 1215 1221 -1
1219 -26.936675644008247 -143.00132213487964 826.4845286394686 1216 1222 -1
1220 -17.25192179494034 -164.71825516119384 786.8849271686335 1217 1223 -1
1221 -9.68477618847769 -155.4097797857432 831.4424869089709 1218 1224 -1
1222 -27.073084161425303 -142.93291684528933 826.6475023345397 1219 1225 -1
1223 -17.20031121169308 -164.6193329359651 786.7199013799739 1220 1226 -1
1224 -9.703620557203491 -155.3778851636291 831.6193121321406 1221 1227 -1
1225 -27.209670163181972 -142.86508011385203 826.8105650097838 1222 1228 -1
1226 -17.145367225902046 -164.5212587520801 786.5554464611903 1223 1229 -1
1227 -9.720346786252724 -155.3459472199391 831.7963424554703 1224 1230 -1
1228 -27.34643338503729 -142.79780236059327 826.9737107148896 1225 1231 -1
1229 -17.087161582152884 -164.42409308605832 786.3915751743873 1226 1232 -1
1230 -9.73494274234337 -155.31396999660154 831.9735540592281 1227 1233 -1
1231 -27.483374347636122 -142.73107627776625 827.1369338740449 1228 1234 -1
1232 -17.025774055540342 -164.32789233170695 786.2282966825601 1229 1235 -1
1233 -9.747419557737555 -155.28195795690544 832.150921172952 1230 1236 -1
1234 -27.620492139108293 -142.6648899868331 827.3002283420844 1231 1237 -1
1235 -16.96129840103881 -164.23270555756193 786.0656151395992 1232 1238 -1
1236 -9.757775081642293 -155.2499152986594 832.328419260329 1233 1239 -1
1237 -27.757786590912517 -142.59923383879234 827.4635883780553 1234 1240 -1
1238 -16.8937946673394 -164.1385909089201 785.9035391225767 1235 1241 -1
1239 -9.766013804762588 -155.2178463031332 832.5060234305965 1236 1242 -1
1240 -27.895257603570066 -142.5340982858041 827.627008324545 1237 1243 -1
1241 -16.823384335506557 -164.04558993488718 785.7420578249332 1238 1244 -1
1242 -9.772145529869114 -155.18575525730847 832.6837088619392 1239 1245 -1
1243 -28.032905116315966 -142.46947379139945 827.7904825935997 1240 1246 -1
1244 -16.750223615046473 -163.9537392393857 785.5811415455286 1241 1247 -1
1245 -9.77616630679131 -155.15364628519563 832.861451356057 1242 1248 -1
1246 -28.170729106160273 -142.4053508318985 827.9540056654399 1243 1249 -1
1247 -16.674456235278953 -163.86307816226727 785.4207575623199 1244 1250 -1
1248 -9.778095898833145 -155.1215236549753 833.0392263894198 1245 1251 -1
1249 -28.308729894304957 -142.34172073795645 828.1175721533089 1246 1252 -1
1250 -16.59624997470152 -163.7736298789974 785.2608638433529 1247 1253 -1
1251 -9.777930696083688 -155.08939142831105 833.2170100978683 1248 1254 -1
1252 -28.446907556261674 -142.27857403487974 828.2811766473593 1249 1255 -1
1253 -16.515724079458543 -163.68543811366618 785.101424007703 1250 1256 -1
1254 -9.775688231861432 -155.05725372365433 833.3947787443093 1251 1257 -1
1255 -28.585261826374797 -142.21590027070687 828.4448137407641 1252 1258 -1
1256 -16.43304116857374 -163.59851915727117 784.942389610321 1253 1259 -1
1257 -9.771376683430105 -155.02511454959904 833.5725090024046 1254 1260 -1
1258 -28.723792823651745 -142.15368998854785 828.6084781755192 1255 1261 -1
1259 -16.348315101782973 -163.5129141263744 784.7837181737285 1256 1262 -1
1260 -9.765002799731839 -154.99297787765096 833.7501777095538 1257 1263 -1
1261 -28.862500700194346 -142.09193375040573 828.7721647551539 1258 1264 -1
1262 -16.261690151107466 -163.42864175771768 784.6253588638207 1259 1265 -1
1263 -9.756588077531504 -154.96084757413203 833.9277626339922 1260 1266 -1
1264 -29.001385640278663 -142.03062213819624 828.9358683433875 1261 1267 -1
1265 -16.173278229796733 -163.3457403138689 784.467263629012 1262 1268 -1
1266 -9.746131826631926 -154.92872752135628 834.1052409233411 1263 1269 -1
1267 -29.140447859440116 -141.96974575470804 829.0995838627798 1264 1270 -1
1268 -16.08321035478997 -163.26423121433976 784.3093792081429 1265 1271 -1
1269 -9.733660246281536 -154.89662139848772 834.2825915074512 1266 1272 -1
1270 -29.279687603563502 -141.9092952245052 829.2633062933784 1267 1273 -1
1271 -15.991595532708065 -163.18415198091628 784.1516531372224 1268 1274 -1
1272 -9.719181144044121 -154.8645329130772 834.4597927084403 1269 1275 -1
1273 -29.419105329550494 -141.84926160991145 829.4270306683558 1270 1276 -1
1274 -15.898554807351848 -163.10552764844323 783.9940297627999 1271 1277 -1
1275 -9.702710690090855 -154.83246564441797 834.6368237693606 1272 1278 -1
1276 -29.558701471127026 -141.78963584099324 829.5907520584797 1273 1279 -1
1277 -15.804195125788247 -163.02839605073615 783.8364528705155 1274 1280 -1
1278 -9.684269052468984 -154.80042302750877 834.8136648502618 1275 1281 -1
1279 -29.69847603165844 -141.7304078467909 829.7544656065596 1276 1282 -1
1280 -15.708629612836393 -162.95278782976197 783.6788643252627 1277 1283 -1
1281 -9.663863596687069 -154.7684085947816 834.9902952221 1278 1284 -1
1282 -29.83842936950821 -141.6715683498963 829.9181665108881 1279 1285 -1
1283 -15.61196512866471 -162.87874086927093 783.5212046986601 1280 1286 -1
1284 -9.64152375629299 -154.73642546522245 835.1666970700445 1281 1287 -1
1285 -29.978561868901533 -141.61310809839617 830.0818500204264 1282 1288 -1
1286 -15.514308376625255 -162.8062948168633 783.3634128621964 1283 1289 -1
1287 -9.617253807449135 -154.70447708335902 835.3428500637442 1284 1290 -1
1288 -30.11887345523261 -141.55501823958505 830.2455119806123 1285 1291 -1
1289 -15.415768542200123 -162.73548575913628 783.2054270378488 1286 1292 -1
1290 -9.591084596538815 -154.67256633142884 835.5187377696109 1287 1293 -1
1291 -30.25936113607583 -141.49729221922453 830.4091516114079 1288 1294 -1
1292 -15.31644756903122 -162.66636753724134 783.0471818030322 1289 1295 -1
1293 -9.563025583454065 -154.64069641344076 835.6943413447458 1290 1296 -1
1294 -30.400020795167578 -141.43992440456176 830.5727694751766 1291 1297 -1
1295 -15.216457740718676 -162.59897503108024 782.8886137839684 1292 1298 -1
1296 -9.533102875253833 -154.60887009366206 835.8696448972636 1293 1299 -1
1297 -30.54084835356576 -141.38290918967172 830.7363661616728 1294 1300 -1
1298 -15.115902994043699 -162.5333706571898 782.7296536171762 1295 1301 -1
1299 -9.501331368897585 -154.5770902980943 836.0446313007749 1296 1302 -1
1300 -30.681839773619654 -141.32624099173464 830.8999422820729 1297 1303 -1
1301 -15.014895356031198 -162.46960330824706 782.5702337766159 1298 1304 -1
1302 -9.467734719610174 -154.54535964605859 836.2192854171348 1299 1305 -1
1303 -30.8229910581804 -141.26991425096412 831.0634984684046 1300 1306 -1
1304 -14.91354724060254 -162.4077288375804 782.410285039111 1301 1307 -1
1305 -9.432330569529562 -154.51368082110477 836.3935915676258 1302 1308 -1
1306 -30.964298249814455 -141.21392343051735 831.2270353729895 1303 1309 -1
1307 -14.81197263229595 -162.3478211009847 782.2497324593427 1304 1310 -1
1308 -9.395142605285805 -154.48205624113604 836.5675357599418 1305 1311 -1
1309 -31.105757439682396 -141.15826303759184 831.3905536667284 1306 1312 -1
1310 -14.710291700001694 -162.28994497522896 782.0885035227698 1307 1313 -1
1311 -9.35618836167195 -154.45048841725634 836.7411032859216 1308 1314 -1
1312 -31.24736494526984 -141.1029280195421 831.5540540173529 1309 1315 -1
1313 -14.608628261427699 -162.23417311315475 781.9265238026996 1310 1316 -1
1314 -9.315494186554806 -154.41897947938105 836.914281874711 1311 1317 -1
1315 -31.389116691355476 -141.04791240168407 831.7175371633167 1312 1318 -1
1316 -14.507111625137165 -162.18058839574073 781.7637159560848 1313 1319 -1
1317 -9.27307454515261 -154.3875318703746 837.0870571047479 1314 1320 -1
1318 -31.53100887292673 -140.99321073972544 831.8810038326452 1315 1321 -1
1319 -14.405878019914997 -162.12928069192935 781.600001029386 1316 1322 -1
1320 -9.228961109422714 -154.35614731831194 837.2594191675578 1317 1323 -1
1321 -31.67303772075239 -140.9388176116005 832.0444547710492 1318 1324 -1
1322 -14.305071663144561 -162.0803474179456 781.4352986887665 1319 1325 -1
1323 -9.18316245118597 -154.32482832737293 837.4313530943284 1320 1326 -1
1324 -31.81519950061271 -140.88472761728787 832.207890741443 1321 1327 -1
1325 -14.20484608590261 -162.03389472275282 781.2695272832527 1322 1328 -1
1326 -9.135713026419863 -154.29357630322758 837.6028510138882 1323 1329 -1
1327 -31.957490512533344 -140.83093537861427 832.3713125234726 1324 1330 -1
1328 -14.10536449296061 -161.99003502140258 781.1026056596073 1325 1331 -1
1329 -9.086627913942133 -154.26239332643786 837.7739005784463 1326 1332 -1
1330 -32.099907090022164 -140.7774355390459 832.5347209130573 1327 1333 -1
1331 -14.006802828970875 -161.94889367109081 780.9344510739713 1328 1334 -1
1332 -9.035930325820646 -154.23128105918155 837.9444920928868 1329 1335 -1
1333 -32.24244559931017 -140.72422276346686 832.6981167219407 1330 1336 -1
1334 -13.909349425514566 -161.9106034256565 780.7649827047549 1331 1337 -1
1335 -8.983647023419403 -154.20024089815314 838.1146175058926 1332 1338 -1
1336 -32.385102438595865 -140.67129173794564 832.861500777253 1333 1339 -1
1337 -13.813207337997113 -161.87530799062668 780.5941213313044 1334 1340 -1
1338 -8.929790837019224 -154.16927479649266 838.2842651078488 1335 1341 -1
1339 -32.52787403729366 -140.61863716949003 833.0248739210847 1336 1342 -1
1340 -13.718595681030413 -161.84316183928456 780.4217909018789 1337 1343 -1
1341 -8.874391325529478 -154.13838383442047 838.4534287586156 1338 1344 -1
1342 -32.67075685528531 -140.56625378579096 833.1882370100702 1339 1345 -1
1343 -13.625757651589575 -161.8143417481178 780.2479149731925 1340 1346 -1
1344 -8.81747127704306 -154.10756930679221 838.6221008656977 1341 1347 -1
1345 -32.8137473821763 -140.51413633495545 833.3515909149821 1342 1348 -1
1346 -13.534954977121776 -161.78903167863632 780.0724260061327 1343 1349 -1
1347 -8.759045140237747 -154.07683285996677 838.7902715226123 1344 1350 -1
1348 -32.95684213655542 -140.46227958522914 833.5149365203341 1345 1351 -1
1349 -13.446465399849876 -161.7674180955582 779.8952698838442 1346 1352 -1
1350 -8.699140561756108 -154.04617537361568 838.9579356905016 1347 1353 -1
1351 -33.10003766525838 -140.41067832470938 833.6782747239961 1348 1354 -1
1352 -13.360605861426496 -161.7497233837432 779.7163939522945 1349 1355 -1
1353 -8.637780220423403 -154.0155978861642 839.1250872516621 1350 1356 -1
1354 -33.243330542635434 -140.3593273610482 833.8416064368165 1351 1357 -1
1355 -13.277633442071062 -161.73613450450316 779.5358052249358 1352 1358 -1
1356 -8.57498382309104 -153.98510151730883 839.2917195150452 1353 1359 -1
1357 -33.386717369823295 -140.3082215211466 834.0049325822557 1354 1360 -1
1358 -13.197616605843535 -161.72676305251278 779.3536217702894 1355 1361 -1
1359 -8.510769231291095 -153.95468742357903 839.4578255056458 1356 1362 -1
1360 -33.53019477402073 -140.2573556508396 834.1682540960267 1357 1363 -1
1361 -13.120584924136836 -161.72170378554947 779.1699865977955 1358 1364 -1
1362 -8.445162741832998 -153.92435618568877 839.6234018812269 1359 1365 -1
1363 -33.673759407767804 -140.20672461457355 834.3315719257469 1360 1366 -1
1364 -13.046556933403558 -161.72104137222757 778.9850520929859 1361 1367 -1
1365 -8.378185179196807 -153.8941086150366 839.7884437749034 1362 1368 -1
1366 -33.81740794822985 -140.1563232950744 834.4948870305967 1363 1369 -1
1367 -12.975525461791737 -161.72482879382315 778.7989835248031 1364 1370 -1
1368 -8.30985721358081 -153.8639454544635 839.9529467121405 1365 1371 -1
1369 -33.961137096485146 -140.10614659300893 834.6582003809868 1366 1372 -1
1370 -12.9074723340919 -161.73310869099794 778.6119499823053 1367 1373 -1
1371 -8.240197775313023 -153.83386748338327 840.1169059413684 1368 1374 -1
1372 -34.10494357681613 -140.05618942663853 834.8215129582347 1369 1375 -1
1373 -12.842364143672965 -161.74590721033147 778.4241242930811 1370 1376 -1
1374 -8.1692265646396 -153.80387536257172 840.2803174261944 1371 1377 -1
1375 -34.24882413600484 -140.00644673146516 834.9848257542484 1372 1378 -1
1376 -12.780151381806355 -161.76323248435057 778.2356810865683 1373 1379 -1
1377 -8.096966433147548 -153.77396946624071 840.4431789169589 1374 1380 -1
1378 -34.39277554263236 -139.95691345987137 835.1481397712168 1375 1381 -1
1379 -12.720772099755777 -161.78508018762258 778.0467941423585 1376 1382 -1
1380 -8.023437309123718 -153.74415028328755 840.6054873924522 1377 1383 -1
1381 -34.53679458638169 -139.90758458075302 835.3114560213106 1378 1384 -1
1382 -12.664144716961905 -161.8114215660483 777.8576354349644 1379 1385 -1
1383 -7.948658914500964 -153.71441824497518 840.7672401610832 1380 1386 -1
1384 -34.68087807734473 -139.85845507914638 835.4747755263865 1381 1387 -1
1385 -12.610173986955918 -161.84221199621908 777.6683718331542 1382 1388 -1
1386 -7.872650756954064 -153.6847737270626 840.9284348486601 1383 1389 -1
1387 -34.82502284533289 -139.80951995584854 835.638099317702 1384 1390 -1
1388 -12.558753173905465 -161.87739387281613 777.4791634423808 1385 1391 -1
1389 -7.795432122729204 -153.65521705191327 841.0890693862939 1386 1392 -1
1390 -34.9692257391911 -139.76077422703258 835.8014284356346 1387 1393 -1
1391 -12.509764352782787 -161.91689629031603 777.2901622960758 1388 1394 -1
1392 -7.717022070178759 -153.62574849057935 841.2491419984499 1389 1395 -1
1393 -35.113483626115894 -139.71221292385732 835.9647639294094 1390 1396 -1
1394 -12.4630798795698 -161.96063654452823 777.1015111761172 1391 1397 -1
1395 -7.637439423971119 -153.59636826485706 841.4086511911644 1392 1398 -1
1396 -35.25779339097626 -139.6638310920713 836.1281068568316 1393 1399 -1
1397 -12.418563915218417 -162.008521693672 776.9133427326949 1394 1400 -1
1398 -7.556714016926396 -153.56707552605812 841.5676012915249 1395 1401 -1
1399 -35.402151935638905 -139.61562379161217 836.2914582840255 1396 1402 -1
1400 -12.376073960147698 -162.06045013014497 776.725778894259 1397 1403 -1
1401 -7.47493171010401 -153.53786414002718 841.7260252858808 1398 1404 -1
1402 -35.54655617829602 -139.5675860962013 836.4548192851805 1399 1405 -1
1403 -12.33546236122776 -162.11631312043826 776.5389305481567 1400 1406 -1
1404 -7.392193978132022 -153.50872614089627 841.8839660255461 1401 1407 -1
1405 -35.69100305279664 -139.51971309293359 836.6181909423021 1402 1408 -1
1406 -12.296578690753096 -162.17599846860148 776.3528980002516 1403 1409 -1
1407 -7.308599267325535 -153.47965343227065 842.0414669836421 1404 1410 -1
1408 -35.83548950798124 -139.471999881863 836.7815743449675 1405 1411 -1
1409 -12.259267454791457 -162.23938346937155 776.1677691286885 1406 1412 -1
1410 -7.224243320461952 -153.4506378061336 842.1985721480875 1407 1413 -1
1411 -35.980012507019225 -139.42444157558435 836.9449705900882 1408 1414 -1
1412 -12.223373967943537 -162.30634629050027 775.9836218401186 1409 1415 -1
1413 -7.139219527046823 -153.42167095530735 842.355325949697 1410 1416 -1
1414 -36.1245690267498 -139.37703329881023 837.1083807816768 1411 1417 -1
1415 -12.188744651565177 -162.37676623453157 775.800524819026 1412 1418 -1
1416 -7.053619272225093 -153.39274448239857 842.5117732094494 1413 1419 -1
1417 -36.26915605702524 -139.32977018794526 837.2718060306181 1414 1420 -1
1418 -12.155225800193643 -162.45051891319088 775.6185364137516 1415 1421 -1
1419 -6.9675322844469845 -153.3638499057291 842.6679591021249 1416 1422 -1
1420 -36.413770600056814 -139.28264739065597 837.4352474544467 1417 1423 -1
1421 -12.122665455699613 -162.52747907741744 775.4377056308062 1418 1424 -1
1422 -6.8810469823526175 -153.3349786627247 842.8239291337227 1419 1425 -1
1423 -36.55840966976472 -139.23566006543754 837.5987061771266 1420 1426 -1
1424 -12.090914737724097 -162.60752307847014 775.258073422907 1421 1427 -1
1425 -6.794250821610539 -153.30612211119745 842.9797291302324 1422 1428 -1
1426 -36.70307029112851 -139.18880338117756 837.7621833288373 1423 1429 -1
1427 -12.059828197885198 -162.69052864058898 775.0796731469287 1424 1430 -1
1428 -6.707230642688744 -153.27727152894 843.1354052354744 1425 1431 -1
1429 -36.8477494995417 -139.14207251671633 837.9256800457626 1426 1432 -1
1430 -12.029264884474168 -162.7763789772753 774.9025329803704 1427 1433 -1
1431 -6.620073020722458 -153.24841811202708 843.2910039158253 1428 1434 -1
1432 -36.992444347866304 -139.0954627309878 838.089197483164 1429 1435 -1
1433 -11.999088076969967 -162.86496449976744 774.7266777797477 1430 1436 -1
1434 -6.532864618801791 -153.21955297221442 843.4465719697024 1431 1437 -1
1435 -37.13715188425568 -139.0489692040276 838.2527367889579 1432 1438 -1
1436 -11.96916328983701 -162.95615886014352 774.5521176804968 1433 1439 -1
1437 -6.445692546129185 -153.19066713382026 843.6021565397097 1434 1440 -1
1438 -37.281869163404636 -139.00258708056734 838.4162991058 1435 1441 -1
1439 -11.939394988289429 -163.04985156803795 774.3788585529435 1436 1442 -1
1440 -6.358644722581687 -153.16175153048187 843.7578051253151 1437 1443 -1
1441 -37.42659325572444 -138.95631157424054 838.5798855919185 1438 1444 -1
1442 -11.909789519920249 -163.14588916548587 774.2068598275761 1439 1445 -1
1443 -6.271810251284817 -153.13279700219383 843.9135655938659 1440 1446 -1
1444 -37.57132123886496 -138.91013790643237 838.7434974105348 1441 1447 -1
1445 -11.880373206028032 -163.24413119516106 774.0360777680855 1442 1448 -1
1446 -6.185279800832212 -153.10379429305945 844.0694861876282 1443 1449 -1
1447 -37.71605019707993 -138.86406130582512 838.9071357296733 1444 1450 -1
1448 -11.851169747383388 -163.3444338892191 773.866460802487 1445 1451 -1
1449 -6.09914599878486 -153.07473405022043 844.2256155243673 1446 1452 -1
1450 -37.86077722059538 -138.81807700794167 839.0708017219724 1447 1453 -1
1451 -11.82220356659738 -163.44667997659838 773.6979670780559 1448 1454 -1
1452 -6.013503838041001 -153.0456068244734 844.3820025887567 1449 1455 -1
1453 -38.00549940497842 -138.77218025468687 839.234496564499 1450 1456 -1
1454 -11.79349514531264 -163.55073694331878 773.530541127498 1451 1457 -1
1455 -5.928451097579925 -153.016403073141 844.5386967116264 1452 1458 -1
1456 -38.15021385050818 -138.72636629388748 839.3982214385633 1453 1459 -1
1457 -11.765065332974395 -163.65649178038066 773.3641344518891 1454 1460 -1
1458 -5.84408877893031 -152.98711316582708 844.6957475337086 1455 1461 -1
1459 -38.29491766154779 -138.6806303788299 839.5619775295384 1456 1462 -1
1460 -11.736935277697576 -163.7638429386519 773.1987017240078 1457 1463 -1
1461 -5.7605215595012575 -152.95772739377395 844.8532049501372 1458 1464 -1
1462 -38.439607945916634 -138.6349677677976 839.7257660266798 1459 1465 -1
1463 -11.709123075887419 -163.8726823485872 773.0341901777905 1460 1466 -1
1464 -5.677858263594673 -152.928235983623 845.011119031474 1461 1467 -1
1465 -38.58428181426561 -138.58937372360535 839.8895881229462 1462 1468 -1
1466 -11.68164699882703 -163.98291269792315 772.8705504936797 1463 1469 -1
1467 -5.596212351508021 -152.8986291164968 845.1695399165023 1464 1470 -1
1468 -38.72893637945094 -138.5438435131341 840.0534450148232 1465 1471 -1
1469 -11.654524927011032 -164.0944423828043 772.7077341562576 1466 1472 -1
1470 -5.5157061707799535 -152.86889655163415 845.3285194752301 1467 1473 -1
1471 -38.87356875591025 -138.4983724068632 840.217337902147 1468 1474 -1
1472 -11.627774261467131 -164.20718419876582 772.5456929690567 1469 1475 -1
1473 -5.436463810110894 -152.83902851486073 845.4881073299651 1470 1476 -1
1474 -39.01817605903879 -138.4529556784026 840.3812679879302 1471 1477 -1
1475 -11.601412012079905 -164.32105501427947 772.384379136502 1472 1478 -1
1476 -5.35861452969489 -152.80901538919974 845.6483521343275 1473 1479 -1
1477 -39.1627554045659 -138.40758860402343 840.5452364781866 1474 1480 -1
1478 -11.575454880912597 -164.43597545681823 772.2237453239366 1475 1481 -1
1479 -5.282298547386617 -152.77884723824587 845.8093037089816 1476 1482 -1
1480 -39.307303907932074 -138.36226646218824 840.7092445817584 1477 1483 -1
1481 -11.549919341004207 -164.55186961163028 772.0637446987205 1478 1484 -1
1482 -5.207669111909283 -152.7485137896397 845.9710131212432 1479 1485 -1
1483 -39.451818683666346 -138.31698453308036 840.8732935101432 1480 1486 -1
1484 -11.524821711115639 -164.66866473313362 771.9043309550628 1481 1487 -1
1485 -5.134871917371656 -152.71800654868758 846.1335228932766 1482 1488 -1
1486 -39.59629684476335 -138.27173809813272 841.0373844773205 1483 1489 -1
1487 -11.500178226891796 -164.78629096860774 771.7454583249299 1484 1490 -1
1488 -5.064085352777631 -152.68731513454185 846.2968837912729 1485 1491 -1
1489 -39.7407355020604 -138.22652243955582 841.2015186995797 1486 1492 -1
1490 -11.4760051088928 -164.90468109368288 771.587081577096 1487 1493 -1
1491 -4.995471055423525 -152.65643204248053 846.4611327701645 1488 1494 -1
1492 -39.88513176361484 -138.18133283986626 841.3656973953456 1489 1495 -1
1493 -11.45231862793186 -165.02377025899307 771.4291560061524 1490 1496 -1
1494 -4.92923361101125 -152.62534752640002 846.626316558916 1491 1497 -1
1495 -40.02948273408052 -138.13616458141362 841.5299217850057 1492 1498 -1
1496 -11.429135168139053 -165.14349574725463 771.2716374130653 1493 1499 -1
1497 -4.865557007731808 -152.59405532128804 846.7924650210379 1494 1500 -1
1498 -40.173785486605965 -138.09101295229723 841.6941931166217 1495 1501 -1
1499 -11.406471288152252 -165.2637967399517 771.1144820786749 1496 1502 -1
1500 -4.804655054952555 -152.56254857546335 846.9596099051896 1497 1503 -1
1501 -40.31803710213032 -138.0458732268023 841.8585126253927 1498 1504 -1
1502 -11.384343780815668 -165.38461409276027 770.9576467313609 1499 1505 -1
1503 -4.746764514918532 -152.53082094079528 847.1277796371477 1500 1506 -1
1504 -40.462234707411014 -138.00074067177783 842.0228815015029 1501 1507 -1
1505 -11.36276973174803 -165.50589011879885 770.8010885099446 1502 1508 -1
1506 -4.692096710088833 -152.4988701175385 847.2969821087742 1503 1509 -1
1507 -40.60637538749396 -137.95561056442637 842.1873009712721 1504 1510 -1
1508 -11.341766577122408 -165.627568378767 770.6447649227775 1505 1511 -1
1509 -4.640636769704524 -152.46670821833985 847.4671482296479 1506 1512 -1
1510 -40.750456220917 -137.91047817945875 842.3517722620895 1507 1513 -1
1511 -11.321352401279416 -165.74959359255763 770.4886338633515 1508 1514 -1
1512 -4.5921553667802275 -152.43435820611836 847.6381517306097 1509 1515 -1
1513 -40.894474279081344 -137.8653387886226 842.5162966022347 1510 1516 -1
1514 -11.301546994478166 -165.8719116951866 770.3326536454646 1511 1517 -1
1515 -4.546391899044022 -152.4018421154758 847.8098716145582 1512 1518 -1
1516 -41.03842662562261 -137.82018766023117 842.680875220694 1513 1519 -1
1517 -11.282367641922535 -165.99446785754625 770.1767820953864 1514 1520 -1
1518 -4.503062882092359 -152.3691805581119 847.9821947524869 1515 1521 -1
1519 -41.1823103157805 -137.77502005869258 842.8455093469769 1516 1522 -1
1520 -11.263833738047563 -166.11720862025462 770.0209777321219 1517 1523 -1
1521 -4.4618646331837555 -152.3363926713715 848.1550161291539 1518 1524 -1
1522 -41.32612239576654 -137.72983124403996 843.010200210929 1519 1525 -1
1523 -11.24596531297143 -166.2400807986901 769.8651992158694 1520 1526 -1
1524 -4.422475857089951 -152.30349615940068 848.3282385987056 1521 1527 -1
1525 -41.46985990213026 -137.68461647146296 843.1749490425434 1522 1528 -1
1526 -11.228783091516169 -166.36303129409222 769.7094052994103 1523 1529 -1
1527 -4.3845602292188595 -152.27050740830302 848.5017722285057 1524 1530 -1
1528 -41.61351986112383 -137.63937099083918 843.3397570717682 1525 1531 -1
1529 -11.212308553278561 -166.48600690483872 769.5535547803254 1526 1532 -1
1530 -4.347770333438764 -152.23744154009302 848.6755335456671 1527 1533 -1
1531 -41.757099288065056 -137.59409004626758 843.5046255283121 1528 1534 -1
1532 -11.19656488503766 -166.60895403884487 769.3976062895847 1529 1535 -1
1533 -4.311741893835437 -152.20431323338445 848.8494425966561 1530 1536 -1
1534 -41.90059526035579 -137.5487689777972 843.669555605477 1531 1537 -1
1535 -11.18157572177205 -166.7318184540809 769.2415183404495 1532 1538 -1
1536 -4.276105480983575 -152.17113641041664 849.0234232321037 1533 1539 -1
1537 -42.0440086489084 -137.5034083954899 843.834546639691 1534 1540 -1
1538 -11.167363815782485 -166.85454557369926 769.0852498013843 1535 1541 -1
1539 -4.240484810576454 -152.13792482138598 849.1974004614833 1536 1542 -1
1540 -42.18734625100182 -137.45801711964629 843.9995950807831 1537 1543 -1
1541 -11.153954254077293 -166.97707990249785 768.9287592435576 1538 1544 -1
1542 -4.204496103083387 -152.10469241248325 849.371297882907 1539 1545 -1
1543 -42.33061543053386 -137.4126047349464 844.1646971149222 1540 1546 -1
1544 -11.141373195948868 -167.09936487569018 768.772005083834 1541 1547 -1
1545 -4.167754068142006 -152.07145391384017 849.5450363819808 1542 1548 -1
1546 -42.473823572559574 -137.3671808356406 844.329848929103 1543 1549 -1
1547 -11.129647941886333 -167.2213426515232 768.614945555151 1544 1550 -1
1548 -4.129873650199829 -152.03822500923107 849.7185318489787 1545 1551 -1
1549 -42.616978080495066 -137.32175502415333 844.4950467102955 1546 1552 -1
1550 -11.118807004121937 -167.3429538974986 768.4575386826807 1547 1553 -1
1551 -4.090467175793356 -152.00502292514793 849.8916919247004 1548 1554 -1
1552 -42.76008637331579 -137.2763369096927 844.6602866445828 1549 1555 -1
1553 -11.108880178711445 -167.46413756931034 768.2997422668093 1550 1556 -1
1554 -4.049151867960321 -151.97186680428857 850.0644149532758 1551 1557 -1
1555 -42.903155882751825 -137.23093610686297 844.8255649162894 1552 1558 -1
1556 -11.09989861897623 -167.58483068164978 768.141513874106 1553 1559 -1
1557 -4.005559280642169 -151.93877780664218 850.2365897957873 1554 1560 -1
1558 -43.04619405047821 -137.18556223427976 844.9908777071007 1555 1561 -1
1559 -11.091894910048795 -167.7049680700829 767.9828108376012 1556 1562 -1
1560 -3.959326322402976 -151.90577972289339 850.4080915406495 1557 1563 -1
1561 -43.18920832530385 -137.14022491318437 845.1562211951756 1558 1564 -1
1562 -11.084903144162556 -167.82448214327601 767.8235902678699 1559 1565 -1
1563 -3.9100964940036858 -151.87289943479811 850.5787793426829 1560 1566 -1
1564 -43.33220616035607 -137.0949337660573 845.321591554257 1561 1567 -1
1565 -11.078958996208062 -167.94330262494069 767.663809076603 1562 1568 -1
1566 -3.8575527547267563 -151.84016581736773 850.7485040032973 1563 1569 -1
1567 -43.475195010262624 -137.04969841522865 845.4869849527787 1564 1570 -1
1568 -11.074099798938706 -168.06135628499416 767.5034240145671 1565 1571 -1
1569 -3.8013923428011336 -151.80761080717943 850.917100463441 1566 1572 -1
1570 -43.61818232833351 -137.00452848148285 845.6523975529719 1567 1573 -1
1571 -11.070364617046868 -168.17856665959164 767.3423917260837 1568 1574 -1
1572 -3.7413412750596398 -151.77526886349457 851.0843914314844 1569 1575 -1
1573 -43.76117556373818 -136.95943358265765 845.8178255099756 1570 1576 -1
1574 -11.067794319143292 -168.29485375989353 767.1806688224082 1571 1577 -1
1575 -3.677154839556602 -151.74317687701065 851.2501877520523 1572 1578 -1
1576 -43.90418215868298 -136.91442333223475 845.9832649709497 1573 1579 -1
1577 -11.066431646454943 -168.41013376968647 767.0182119766595 1574 1580 -1
1578 -3.6086350958234346 -151.71137280844098 851.4142961444263 1575 1581 -1
1579 -44.047209545587855 -136.86950733791969 846.1487120741939 1576 1582 -1
1580 -11.066321276807194 -168.52431873230137 766.8549780432286 1577 1583 -1
1581 -3.5356267929278924 -151.6798953283157 851.576520684353 1578 1584 -1
1582 -44.190265144260984 -136.82469520021124 846.3141629482768 1579 1585 -1
1583 -11.067510791178139 -168.63731536134463 766.6909236232127 1580 1586 -1
1584 -3.4580165139003123 -151.64878324458974 851.7366656446371 1581 1587 -1
1585 -44.33335635907459 -136.77999651095718 846.4796137111729 1582 1588 -1
1586 -11.070053828094942 -168.74902146405526 766.5260032071797 1583 1589 -1
1587 -3.3757250113257378 -151.61807552215816 851.8945350614157 1584 1590 -1
1588 -44.476490593534834 -136.73542089767892 846.6450604666795 1585 1591 -1
1589 -11.073996760856154 -168.85933859378332 766.3601780111366 1586 1592 -1
1590 -3.2887366366361235 -151.58780780731277 852.0499518010298 1587 1593 -1
1591 -44.61967522768091 -136.69097795862695 846.8104993034586 1588 1594 -1
1592 -11.079392628379864 -168.9681586377869 766.1934073564655 1589 1595 -1
1593 -3.197080132317087 -151.5580127831684 852.2027548668542 1590 1596 -1
1594 -44.762917583836966 -136.64667719639544 846.9759263041344 1591 1597 -1
1595 -11.08630493423173 -169.07535842132557 766.0256463904116 1592 1598 -1
1596 -3.1007978096281725 -151.52872262124862 852.352785659272 1593 1599 -1
1597 -44.90622497710499 -136.60252815467805 847.1413375355711 1594 1600 -1
1598 -11.094786788232941 -169.1808216476423 765.8568600884176 1595 1601 -1
1599 -3.0 -151.5 852.5 1596 -1 -1
1600 -45.04960469312598 -136.55854036116983 847.3067290498988 1597 1602 -1
1601 -11.104900602644346 -169.28441756899008 765.6870107987336 1598 1603 -1
1602 -45.193063985264345 -136.5147233260118 847.4720968837548 1600 1604 -1
1603 -11.11671319497388 -169.3860052540318 765.516061921942 1601 1605 -1
1604 -45.336610071793544 -136.47108654021184 847.637437057552 1602 1606 -1
1605 -11.13028738111018 -169.48544320948196 765.3439838533219 1603 1607 -1
1606 -45.48025013308806 -136.42763947404038 847.802745574772 1604 1608 -1
1607 -11.14569266032331 -169.5825762752279 765.1707476153575 1605 1609 -1
1608 -45.62399130881797 -136.38439157540012 847.9680184212885 1606 1610 -1
1609 -11.163003389516078 -169.67723655674402 764.9963268228316 1607 1611 -1
1610 -45.76784069515066 -136.3413522681682 848.1332515647223 1608 1612 -1
1611 -11.182285591060639 -169.76926047456837 764.8207064200398 1609 1613 -1
1612 -45.9118053419588 -136.29853095050905 848.2984409538265 1610 1614 -1
1613 -11.203615118188733 -169.85846439031974 764.6438721583866 1611 1615 -1
1614 -46.055892250035214 -136.25593699315857 848.4635825179099 1612 1616 -1
1615 -11.227073980264336 -169.94464758927694 764.4658141445727 1613 1617 -1
1616 -46.20010836831722 -136.21357973767627 848.6286721662952 1614 1618 -1
1617 -11.252731063476864 -170.0276194745282 764.2865385692987 1615 1619 -1
1618 -46.34446059111828 -136.1714684946672 848.7937057878182 1616 1620 -1
1619 -11.280662632205333 -170.1071700718703 764.1060566615193 1617 1621 -1
1620 -46.488955755373375 -136.12961254196966 848.9586792503649 1618 1622 -1
1621 -11.310943822247214 -170.1830812354669 763.9243905713291 1619 1623 -1
1622 -46.6336006378927 -136.08802112281114 849.1235884004556 1620 1624 -1
1623 -11.343647677875234 -170.25512757492612 763.7415747260121 1621 1625 -1
1624 -46.77840195263178 -136.0467034439289 849.2884290628698 1622 1626 -1
1625 -11.378844054752497 -170.32307770670536 763.5576571782022 1623 1627 -1
1626 -46.923366347972284 -136.005668673657 849.4531970403215 1624 1628 -1
1627 -11.416598394351528 -170.3866958644904 763.3727008966489 1625 1629 -1
1628 -47.068500404021464 -135.96492593997783 849.6178881131802 1626 1630 -1
1629 -11.456970383158225 -170.44574389564383 763.1867849394063 1627 1631 -1
1630 -47.21381062992741 -135.924484328538 849.7824980392444 1628 1632 -1
1631 -11.5 -170.5 763.0 1629 -1 -1
1632 -47.35930346121355 -135.8843528806284 849.9470225535651 1630 1633 -1
1633 -47.50498525713244 -135.84454059112923 850.1114573683266 1632 1634 -1
1634 -47.65086249539317 -135.8050567365509 850.2757980764278 1633 1635 -1
1635 -47.79694143532119 -135.7659103093715 850.440040310292 1634 1636 -1
1636 -47.943227983237065 -135.7271098023289 850.6041798128105 1635 1637 -1
1637 -48.08972816969987 -135.68866400755488 850.7682122024995 1636 1638 -1
1638 -48.236447936185336 -135.65058166009297 850.9321330751608 1637 1639 -1
1639 -48.383393132598066 -135.61287143562967 851.0959380041137 1638 1640 -1
1640 -48.5305695148155 -135.57554194819176 851.2596225404944 1639 1641 -1
1641 -48.677982742269734 -135.53860174780968 851.4231822136193 1640 1642 -1
1642 -48.82563837556568 -135.50205931814943 851.5866125314163 1641 1643 -1
1643 -48.97354187414132 -135.46592307411265 851.7499089809247 1642 1644 -1
1644 -49.12169859396903 -135.43020135940694 851.9130670288628 1643 1645 -1
1645 -49.27011444759954 -135.39490352687415 852.0760817515592 1644 1646 -1
1646 -49.41879422228068 -135.36003718922944 852.2389487648138 1645 1647 -1
1647 -49.5677427227133 -135.32561009060382 852.4016636025448 1646 1648 -1
1648 -49.716964871711156 -135.29163027076146 852.5642216538387 1647 1649 -1
1649 -49.86646547786595 -135.25810568585155 852.7266182912302 1648 1650 -1
1650 -50.01624923355241 -135.22504420582956 852.8888488717001 1649 1651 -1
1651 -50.166320712997674 -135.19245361185898 853.0509087377438 1650 1652 -1
1652 -50.316684864210124 -135.16034240335333 853.2127929185956 1651 1653 -1
1653 -50.46734646662036 -135.1287189129964 853.3744964456434 1652 1654 -1
1654 -50.61830888946009 -135.09758926664136 853.5360151263023 1653 1655 -1
1655 -50.76957621903705 -135.06696087058893 853.6973442528416 1654 1656 -1
1656 -50.921152414817676 -135.0368410292852 853.858479109342 1655 1657 -1
1657 -51.07304130791145 -135.00723694266577 854.0194149732026 1656 1658 -1
1658 -51.22524773245134 -134.97815757939478 854.180146378497 1657 1659 -1
1659 -51.3777749399399 -134.94960940641536 854.3406687770724 1658 1660 -1
1660 -51.530625673505554 -134.92159814938165 854.5009778795811 1659 1661 -1
1661 -51.68380323970888 -134.8941305708614 854.6610689477753 1660 1662 -1
1662 -51.837310810341464 -134.86721331578948 854.8209372451495 1661 1663 -1
1663 -51.991153362022864 -134.84085616290767 854.9805766966861 1662 1664 -1
1664 -52.145332360306845 -134.81506313226782 855.1399835287126 1663 1665 -1
1665 -52.29985019409377 -134.78983988078517 855.2991532718543 1664 1666 -1
1666 -52.454709489008145 -134.76519256458025 855.4580812101786 1665 1667 -1
1667 -52.60991469717429 -134.74113054629285 855.6167612131128 1666 1668 -1
1668 -52.76546712082094 -134.71765797420719 855.7751893038778 1667 1669 -1
1669 -52.92136819143481 -134.694779298091 855.9333613591763 1668 1670 -1
1670 -53.07762017355257 -134.67250048160457 856.0912725696023 1669 1671 -1
1671 -53.23422782831182 -134.65083189624323 856.2489161286362 1670 1672 -1
1672 -53.39119006701776 -134.6297739770339 856.4062895489883 1671 1673 -1
1673 -53.54850853792767 -134.60933193289105 856.5633882310298 1672 1674 -1
1674 -53.706187545554585 -134.58951570158868 856.7202053908488 1673 1675 -1
1675 -53.864226616817206 -134.5703270394925 856.8767378744934 1674 1676 -1
1676 -54.022626182155825 -134.5517693328118 857.0329817890357 1675 1677 -1
1677 -54.18139042403144 -134.53385266345276 857.1889301133907 1676 1678 -1
1678 -54.340518260106506 -134.51657796865257 857.3445799940158 1677 1679 -1
1679 -54.5 -134.5 857.5 1678 1680 1681
1680 -54.62303267756767 -134.352282883645 857.5492840028184 1679 1682 -1
1681 -54.51910863709848 -134.65039619660223 857.6245901925166 1679 1683 -1
1682 -54.746716571298236 -134.20524511795864 857.5990512474629 1680 1684 -1
1683 -54.53939179555887 -134.80187001455582 857.747657652236 1681 1685 -1
1684 -54.87104996306763 -134.05894521299027 857.6493715490922 1682 1686 -1
1685 -54.560679694515365 -134.9544708753207 857.8691530516973 1683 1687 -1
1686 -54.99603387762129 -133.91339208042808 857.7002428837916 1684 1688 -1
1687 -54.58294120055384 -135.10817372944217 857.9890746739784 1685 1689 -1
1688 -55.12166929518696 -133.768594693765 857.7516631476935 1686 1690 -1
1689 -54.606144746429784 -135.2629537424005 858.1074220065956 1687 1691 -1
1690 -55.247957150531704 -133.62456208808698 857.8036301561951 1688 1692 -1
1691 -54.630258380444175 -135.4187863379656 858.2241957028384 1689 1693 -1
1692 -55.37489833199739 -133.48130335984771 857.856141643175 1690 1694 -1
1693 -54.655250370908945 -135.57564790007973 858.3393965069324 1691 1695 -1
1694 -55.5024936805143 -133.338827666625 857.9091952602015 1692 1696 -1
1695 -54.6810887276275 -135.73351522925822 858.453026027864 1693 1697 -1
1696 -55.630743988592485 -133.1971442268608 857.9627885757387 1694 1698 -1
1697 -54.707739376884696 -135.89236329896792 858.5650903891229 1695 1699 -1
1698 -55.75965065986261 -133.05626313551886 858.0169196123646 1696 1700 -1
1699 -54.73516926884533 -136.05216892390337 858.6755945016972 1697 1701 -1
1700 -55.88921389452397 -132.91619314300414 858.071585361747 1698 1702 -1
1701 -54.76334518454861 -136.21290934412855 858.7845442238313 1699 1703 -1
1702 -56.019434298425026 -132.77694361115812 858.126783107408 1700 1704 -1
1703 -54.79223377138033 -136.37456224826437 858.8919463148642 1701 1705 -1
1704 -56.15031245831318 -132.6385240025446 858.1825100740435 1702 1706 -1
1705 -54.82180302287376 -136.53710774040678 858.9978049595919 1703 1707 -1
1706 -56.28184890707891 -132.50094383897675 858.2387633991515 1704 1708 -1
1707 -54.852017891653055 -136.70052252251585 859.1021318757189 1705 1709 -1
1708 -56.414045053756126 -132.36421391387302 858.2955408673373 1706 1710 -1
1709 -54.88284474435052 -136.86478565409809 859.2049364023768 1707 1711 -1
1710 -56.54690095605104 -132.22834342543413 858.352839139593 1708 1712 -1
1711 -54.91424999428824 -137.02987678918973 859.306228452623 1709 1713 -1
1712 -56.68041653621763 -132.0933415068309 858.4106547335497 1710 1714 -1
1713 -54.94620006186253 -137.1957761032873 859.4060186103547 1711 1715 -1
1714 -56.814592771870466 -131.95921882248038 858.4689849473548 1712 1716 -1
1715 -54.97866250955508 -137.36246609475228 859.5043146401204 1713 1717 -1
1716 -56.949430448275294 -131.82598595190672 858.5278268719528 1714 1718 -1
1717 -55.01160259703944 -137.52992617673317 859.6011317301713 1715 1719 -1
1718 -57.08492865306167 -131.69365131512004 858.5871762454728 1716 1720 -1
1719 -55.044986842404285 -137.69813806428962 859.6964823306378 1717 1721 -1
1720 -57.221089140316785 -131.5622271158508 858.6470308033856 1718 1722 -1
1721 -55.078781876263605 -137.86708406356058 859.7903792850728 1719 1723 -1
1722 -57.357910956167835 -131.4317219969419 858.7073861635424 1720 1724 -1
1723 -55.11295445813568 -138.03674709770434 859.8828357260271 1721 1725 -1
1724 -57.495394836063944 -131.30214708897512 858.7682391797211 1722 1726 -1
1725 -55.14747206131502 -138.20711199930642 859.9738623506602 1723 1727 -1
1726 -57.63354069153874 -131.17351253473524 858.8295860327968 1724 1728 -1
1727 -55.182300749430624 -138.378161033539 860.0634765514052 1725 1729 -1
1728 -57.7723486539625 -131.04582895089996 858.8914230177932 1726 1730 -1
1729 -55.21740755364027 -138.54987861295632 860.1516927948704 1727 1731 -1
1730 -57.911818413924166 -130.9191064792938 858.9537460555464 1728 1732 -1
1731 -55.25275961946881 -138.72224965946717 860.2385258641009 1729 1733 -1
1732 -58.05195055777438 -130.79335674648942 859.0165516683479 1730 1734 -1
1733 -55.28832423550517 -138.89525968704717 860.3239906272345 1731 1735 -1
1734 -58.19274368198174 -130.6685886095352 859.0798348844008 1732 1736 -1
1735 -55.32406906937222 -139.06889585041864 860.4080996797036 1733 1737 -1
1736 -58.334199305202105 -130.54481545900987 859.1435927849549 1734 1738 -1
1737 -55.35996115222345 -139.24314313714527 860.4908715795797 1735 1739 -1
1738 -58.476315728310574 -130.42204604487256 859.2078200887584 1736 1740 -1
1739 -55.395968095458336 -139.41798840583135 860.5723220714294 1737 1741 -1
1740 -58.61909253280405 -130.30029119514637 859.2725123894488 1738 1742 -1
1741 -55.43205762090256 -139.59341896727534 860.6524670712464 1739 1743 -1
1742 -58.762530616058385 -130.1795639932101 859.3376661371224 1740 1744 -1
1743 -55.468197555983025 -139.76942257034798 860.7313226422046 1741 1745 -1
1744 -58.906628341507044 -130.05987378476766 859.4032759565154 1742 1746 -1
1745 -55.50435579911917 -139.9459885895804 860.8089022230853 1743 1747 -1
1746 -59.05138506773885 -129.94123163326148 859.4693371208509 1744 1748 -1
1747 -55.54050025779577 -140.1231044064992 860.8852248053918 1745 1749 -1
1748 -59.19680019757908 -129.8236488736994 859.5358448779684 1746 1750 -1
1749 -55.5765990355759 -140.30075893900633 860.9603068911547 1747 1751 -1
1750 -59.34287361240128 -129.7071378431142 859.6027947347598 1748 1752 -1
1751 -55.61262031343986 -140.47894153720833 861.0341649171537 1749 1753 -1
1752 -59.4896040722841 -129.59170927205278 859.6701813851348 1750 1754 -1
1753 -55.64853233823395 -140.65764190919208 861.1068153674775 1751 1755 -1
1754 -59.63699042891642 -129.47737423176713 859.7379995352629 1752 1756 -1
1755 -55.68430311651787 -140.83685095925273 861.1782727402582 1753 1757 -1
1756 -59.785031690346706 -129.3641442651776 859.8062439391261 1754 1758 -1
1757 -55.71990107124918 -141.01655844331623 861.2485549969432 1755 1759 -1
1758 -59.933726760003964 -129.25203096379374 859.8749092236975 1756 1760 -1
1759 -55.7552946592537 -141.1967547586194 861.3176793302092 1757 1761 -1
1760 -60.08307443447301 -129.1410459658438 859.9439898879446 1758 1762 -1
1761 -55.79045227923509 -141.37743086887542 861.385662264686 1759 1763 -1
1762 -60.233073401241285 -129.0312009543175 860.0134803018494 1760 1764 -1
1763 -55.825342337213996 -141.55857800424914 861.4525203050475 1761 1765 -1
1764 -60.3837222364168 -128.92250765492082 860.0833747054468 1762 1766 -1
1765 -55.859932796298004 -141.7401882428961 861.5182684813966 1763 1767 -1
1766 -60.53501940241898 -128.8149778339392 860.153667207884 1764 1768 -1
1767 -55.894192030469654 -141.92225311494266 861.5829236383504 1765 1769 -1
1768 -60.686963245643504 -128.70862329600735 860.224351786503 1766 1770 -1
1769 -55.928088680510946 -142.1047640786849 861.6465032551704 1767 1771 -1
1770 -60.83955199410311 -128.60345588178197 860.2954222859444 1768 1772 -1
1771 -55.96159104433144 -142.28771323570112 861.7090236634328 1769 1773 -1
1772 -60.99278375504477 -128.49948746551573 860.3668724172811 1770 1774 -1
1773 -55.9946673583466 -142.47109285409064 861.7705011340954 1771 1775 -1
1774 -61.1466565125457 -128.39672995252945 860.4386957571793 1772 1776 -1
1775 -56.027285123835924 -142.6548959072847 861.8309505103961 1773 1777 -1
1776 -61.30116812508963 -128.29519527657996 860.510885747089 1774 1778 -1
1777 -56.0594124122668 -142.83911480448532 861.8903882331982 1775 1779 -1
1778 -61.45631686620817 -128.19489646464774 860.5834359949113 1776 1780 -1
1779 -56.09101767640986 -143.0237417344614 861.9488314604961 1777 1781 -1
1780 -61.61210013238279 -128.0958451367547 860.6563395437206 1778 1782 -1
1781 -56.12206875870116 -143.20876942007195 862.0062961713799 1779 1783 -1
1782 -61.76851514153769 -127.99805282071297 860.7295892812302 1780 1784 -1
1783 -56.152533368664315 -143.39419064258414 862.0627982642701 1781 1785 -1
1784 -61.925559221777256 -127.90153153767251 860.8031780959511 1782 1786 -1
1785 -56.18237764055907 -143.5799990513997 862.1183515110404 1783 1787 -1
1786 -62.083230038013625 -127.80629430876847 860.8770989848354 1784 1788 -1
1787 -56.21156995002463 -143.76618678468105 862.1729733317162 1785 1789 -1
1788 -62.241524948507 -127.71235387056632 860.9513447028856 1786 1790 -1
1789 -56.24007777529357 -143.95274650072642 862.226679764524 1787 1791 -1
1790 -62.40044015291263 -127.6197208355056 861.0259073434382 1788 1792 -1
1791 -56.267868150548104 -144.1396709831718 862.2794863690281 1789 1793 -1
1792 -62.5599728662884 -127.52840825329761 861.1007794569057 1790 1794 -1
1793 -56.294906808594895 -144.32695344863848 862.3314073970586 1791 1795 -1
1794 -62.72012029473152 -127.43842953676992 861.1759535018173 1792 1796 -1
1795 -56.32116017966317 -144.51458652935537 862.382458242652 1793 1797 -1
1796 -62.880877907428754 -127.34979463100115 861.2514210233127 1794 1798 -1
1797 -56.346595719116685 -144.7025622476264 862.4326554622052 1795 1799 -1
1798 -63.042243289705866 -127.2625184934754 861.327174509513 1796 1800 -1
1799 -56.37117958515499 -144.89087299572486 862.482014277017 1797 1801 -1
1800 -63.20421175324828 -127.17661136598205 861.4032053005303 1798 1802 -1
1801 -56.39487617890792 -145.07951152903274 862.5305484962215 1799 1803 -1
1802 -63.366779870802524 -127.0920866850031 861.479505250644 1800 1804 -1
1803 -56.417651130044234 -145.26846980479436 862.5782733624458 1801 1805 -1
1804 -63.52994337675022 -127.00895634077513 861.5560657566689 1802 1806 -1
1805 -56.439471104927065 -145.45773917194128 862.6252050422914 1803 1807 -1
1806 -63.69369811763745 -126.9272328582993 861.6328781893338 1804 1808 -1
1807 -56.46030122801742 -145.64731120385713 862.6713584434224 1805 1809 -1
1808 -63.858039513904245 -126.84692812411149 861.7099336630365 1806 1810 -1
1809 -56.4801030613665 -145.8371780844718 862.7167460753399 1807 1811 -1
1810 -64.02296337268012 -126.76805537385583 861.7872233674349 1808 1812 -1
1811 -56.49884385840519 -146.02732996616086 862.7613848513469 1809 1813 -1
1812 -64.18846412298453 -126.6906248188707 861.8647378696413 1810 1814 -1
1813 -56.51648819158821 -146.21775742023888 862.8052896871039 1811 1815 -1
1814 -64.35453815953542 -126.61465204192207 861.9424684078662 1812 1816 -1
1815 -56.53299747757778 -146.40845130184243 862.8484736588483 1813 1817 -1
1816 -64.5211790677423 -126.54014590355958 862.0204050789715 1814 1818 -1
1817 -56.54833603662905 -146.59940126501274 862.8909519142624 1815 1819 -1
1818 -64.68838210397004 -126.46711994884001 862.0985385240953 1816 1820 -1
1819 -56.562468915876984 -146.7905963864362 862.9327400009422 1817 1821 -1
1820 -64.85614208559322 -126.39558708739426 862.1768591217522 1818 1822 -1
1821 -56.57535648999566 -146.98202614533682 862.9738509476264 1819 1823 -1
1822 -65.02445266403309 -126.32555751354235 862.2553567836104 1820 1824 -1
1823 -56.586961846974184 -147.17367889674443 863.0142994752993 1821 1825 -1
1824 -65.19330820920374 -126.25704379601136 862.3340215780469 1822 1826 -1
1825 -56.59724975624459 -147.36554219857632 863.0541011271514 1823 1827 -1
1826 -65.36270329034566 -126.19005961797122 862.4128435189567 1824 1828 -1
1827 -56.60617838092826 -147.5576040119317 863.0932683633437 1825 1829 -1
1828 -65.53263091349554 -126.12461469740134 862.4918120779381 1826 1830 -1
1829 -56.61371198685239 -147.74985072706167 863.1318166386401 1827 1831 -1
1830 -65.7030846840073 -126.0607208961047 862.5709168216891 1828 1832 -1
1831 -56.61981364617009 -147.94226832195423 863.1697607801482 1829 1833 -1
1832 -65.87405799907495 -125.99838997222099 862.6501471662529 1830 1834 -1
1833 -56.62443909624116 -148.1348428441969 863.2071127489797 1831 1835 -1
1834 -66.04554459446571 -125.93763529330724 862.7294924913558 1832 1836 -1
1835 -56.62755569366907 -148.3275583879761 863.2438891976284 1833 1837 -1
1836 -66.21753685377232 -125.8784666024014 862.8089417749683 1834 1838 -1
1837 -56.62912061412416 -148.5203992971878 863.2801028415872 1835 1839 -1
1838 -66.39002751210059 -125.8208952051416 862.8884839888565 1836 1840 -1
1839 -56.62909554441891 -148.7133486883442 863.3157681647607 1837 1841 -1
1840 -66.56300912187452 -125.76493236935083 862.9681079689693 1838 1842 -1
1841 -56.627443238042574 -148.90638884904305 863.3508999432723 1839 1843 -1
1842 -66.73647402018211 -125.71058922013746 863.0478024107632 1840 1844 -1
1843 -56.624119279731076 -149.0995015432289 863.3855106994918 1841 1845 -1
1844 -66.9104143277983 -125.65787673162812 863.12755587177 1842 1846 -1
1845 -56.61909106264426 -149.29266717765 863.4196165817216 1843 1847 -1
1846 -67.08482194838419 -125.6068057185757 863.2073567743491 1844 1848 -1
1847 -56.612311345635874 -149.48586567493481 863.4532294094712 1845 1849 -1
1848 -67.25968858991736 -125.55738690921874 863.2871934097959 1846 1850 -1
1849 -56.60374814399588 -149.67907571602524 863.486365281272 1847 1851 -1
1850 -67.43500581730491 -125.50963114821458 863.3670539400204 1848 1852 -1
1851 -56.59335634589205 -149.87227512667775 863.519036699224 1849 1853 -1
1852 -67.61076471623039 -125.46354812074624 863.4469263904671 1850 1854 -1
1853 -56.581101264036214 -150.06544075840333 863.5512587928779 1851 1855 -1
1854 -67.78695632147858 -125.41914792101826 863.526798677289 1852 1856 -1
1855 -56.56694071035106 -150.2585483162577 863.5830447895412 1853 1857 -1
1856 -67.96357144964112 -125.3764404405601 863.6066585980079 1854 1858 -1
1857 -56.55083848048526 -150.45157261153977 863.6144092211774 1855 1859 -1
1858 -68.1406006995462 -125.33543535926654 863.6864938354404 1856 1860 -1
1859 -56.53275465362411 -150.64448722100406 863.6453657063017 1857 1861 -1
1860 -68.31803445292505 -125.29614213637765 863.7662919618255 1858 1862 -1
1861 -56.51265271108571 -150.83726479585727 863.6759284584009 1859 1863 -1
1862 -68.49586287532034 -125.2585700014118 863.8460404431651 1860 1864 -1
1863 -56.490494430022245 -151.02987673867617 863.706111234637 1861 1865 -1
1864 -68.67407591724816 -125.22272794506192 863.9257266437664 1862 1866 -1
1865 -56.46624413401081 -151.22229351073346 863.7359281202303 1863 1867 -1
1866 -68.85266331561724 -125.18862471006982 864.005337830999 1864 1868 -1
1867 -56.43986488207705 -151.41448427381377 863.7653928346664 1865 1869 -1
1868 -69.03161472033928 -125.15626940290063 864.084861144651 1866 1870 -1
1869 -56.41132287675552 -151.60641735094435 863.7945194415418 1867 1871 -1
1870 -69.2109193354891 -125.12566973919549 864.1642836926056 1868 1872 -1
1871 -56.38058226910583 -151.79805960262925 863.8233215155258 1869 1873 -1
1872 -69.39056626312376 -125.09683364845696 864.243592480634 1870 1874 -1
1873 -56.34761197389632 -151.98937732850203 863.8518131290873 1871 1875 -1
1874 -69.57054440213362 -125.06976878486306 864.3227744383877 1872 1876 -1
1875 -56.31237734930626 -152.1803350712998 863.8800076651438 1873 1877 -1
1876 -69.75084244912806 -125.04448250893319 864.4018164256679 1874 1878 -1
1877 -56.274850560155045 -152.370897254764 863.9079191690054 1875 1879 -1
1878 -69.93144890155565 -125.02098187857764 864.480705238436 1876 1880 -1
1879 -56.234998673986425 -152.56102618178542 863.9355608341939 1877 1881 -1
1880 -70.11235206112676 -124.99927364023206 864.5594276150202 1878 1882 -1
1881 -56.19279724954988 -152.75068453549417 863.9629465881693 1879 1883 -1
1882 -70.29354003754037 -124.97936422009442 864.637970242523 1880 1884 -1
1883 -56.14821603623233 -152.93983261539358 863.9900894738971 1881 1885 -1
1884 -70.47500075251882 -124.96125971548284 864.716319763423 1882 1886 -1
1885 -56.101233634665874 -153.12843142588125 864.0170031697414 1883 1887 -1
1886 -70.6567219441545 -124.94496588633085 864.7944627823638 1884 1888 -1
1887 -56.05183192103615 -153.31644150290785 864.0437030683042 1885 1889 -1
1888 -70.8386913449081 -124.93048948703449 864.8723857014721 1886 1890 -1
1889 -56.00004304561135 -153.50383430818246 864.0702185098232 1887 1891 -1
1890 -71.02089616213432 -124.91783436080458 864.9500752071677 1888 1892 -1
1891 -55.945912357933764 -153.69058547183258 864.0965834110903 1889 1893 -1
1892 -71.2033235996632 -124.90700512081484 865.0275178426994 1890 1894 -1
1893 -55.88948412902745 -153.87667183676453 864.1228316827219 1891 1895 -1
1894 -71.3859607090218 -124.8980060881716 865.1047001332419 1892 1896 -1
1895 -55.83080738606408 -154.06207319400266 864.1489974132722 1893 1897 -1
1896 -71.56879438473904 -124.8908412066286 865.1816086029645 1894 1898 -1
1897 -55.76992079032359 -154.2467675666429 864.1751143527182 1895 1899 -1
1898 -71.75181137057999 -124.88551403531548 865.2582297828349 1896 1900 -1
1899 -55.70687702513651 -154.4307389282524 864.2012164580227 1897 1901 -1
1900 -71.93499826608978 -124.8820277417366 865.3345502185598 1898 1902 -1
1901 -55.64171132072544 -154.61396674510232 864.227337522121 1899 1903 -1
1902 -72.11834164342679 -124.88038651650366 865.4105562265156 1900 1904 -1
1903 -55.57447427844858 -154.7964371321439 864.25351116305 1901 1905 -1
1904 -72.30182771219269 -124.88059142928553 865.4862346152103 1902 1906 -1
1905 -55.50520653302594 -154.97813395776794 864.2797709977172 1903 1907 -1
1906 -72.48544266954347 -124.88264428918602 865.5615720484615 1904 1908 -1
1907 -55.43394807970631 -155.15904191871866 864.3061507041149 1905 1909 -1
1908 -72.66917260936124 -124.88654662466966 865.6365552148684 1906 1910 -1
1909 -55.36074594845699 -155.33914973946875 864.3326833014883 1907 1911 -1
1910 -72.85300351873643 -124.8922995422007 865.7111708594784 1908 1912 -1
1911 -55.285635653436714 -155.5184424976981 864.3594025805944 1909 1913 -1
1912 -73.03692128625605 -124.89990372126952 865.7854057923483 1910 1914 -1
1913 -55.208660591166655 -155.69690961210242 864.3863414977333 1911 1915 -1
1914 -73.22091171055314 -124.9093594098164 865.8592468971674 1912 1916 -1
1915 -55.12986269112512 -155.87454100445342 864.4135328125808 1913 1917 -1
1916 -73.40496052877481 -124.92066724543021 865.9326809527339 1914 1918 -1
1917 -55.04927559535223 -156.05132364041498 864.4410103921509 1915 1919 -1
1918 -73.58905336049772 -124.93382618542685 866.0056950958177 1916 1920 -1
1919 -54.96694174334692 -156.22724950987455 864.468806570824 1917 1921 -1
1920 -73.77317577454318 -124.94883467197043 866.078276591975 1918 1922 -1
1921 -54.882900125993125 -156.40230991850655 864.4969538899514 1919 1923 -1
1922 -73.95731330175711 -124.96569118069212 866.1504127101709 1920 1924 -1
1923 -54.79718411009494 -156.57649403213722 864.5254859684158 1921 1925 -1
1924 -74.14145142961031 -124.98439373932125 866.222090836781 1922 1926 -1
1925 -54.7098318169111 -156.74979417931138 864.5544352326119 1923 1927 -1
1926 -74.32557561207618 -125.00493992582341 866.2932984842763 1924 1928 -1
1927 -54.62088112002909 -156.9222033665072 864.583833789842 1925 1929 -1
1928 -74.50967127967857 -125.02732686703239 866.3640232998679 1926 1930 -1
1929 -54.53036636719805 -157.09371331700146 864.613714471992 1927 1931 -1
1930 -74.6937238496945 -125.05155123778567 866.4342530740937 1928 1932 -1
1931 -54.43831896076755 -157.26431450861153 864.644111042402 1929 1933 -1
1932 -74.87771873649433 -125.07760926057233 866.5039757493307 1930 1934 -1
1933 -54.34477711738271 -157.43400203300314 864.6750547227228 1931 1935 -1
1934 -75.06164136200171 -125.10549670570065 866.5731794282199 1932 1936 -1
1935 -54.2497742796193 -157.60276870641675 864.7065780445491 1933 1937 -1
1936 -75.24547716625533 -125.13520889199187 866.6418523819842 1934 1938 -1
1937 -54.15334204465411 -157.77060657212203 864.7387141666637 1935 1939 -1
1938 -75.42921161805374 -125.16674068800518 866.7099830586263 1936 1940 -1
1939 -54.05551165340672 -157.93750773369732 864.7714963861439 1937 1941 -1
1940 -75.61283022566327 -125.20008651379725 866.7775600909902 1938 1942 -1
1941 -53.95631788633423 -158.10346706981898 864.8049560915135 1939 1943 -1
1942 -75.79631854757042 -125.23524034321902 866.8445723046689 1940 1944 -1
1943 -53.85579228521105 -158.2684776329175 864.8391259207777 1941 1945 -1
1944 -75.97966220325776 -125.2721957067503 866.9110087257451 1942 1946 -1
1945 -53.75396554978569 -158.43253210366342 864.8740388350002 1943 1947 -1
1946 -76.1628468839829 -125.31094569487195 866.9768585883502 1944 1948 -1
1947 -53.650866038165674 -158.5956215062408 864.9097292134292 1945 1949 -1
1948 -76.34585836354118 -125.3514829619736 867.0421113420211 1946 1950 -1
1949 -53.546527222484734 -158.7577409140796 864.9462281391341 1947 1951 -1
1950 -76.52868250898938 -125.39379973079362 867.1067566588496 1948 1952 -1
1951 -53.44097920591307 -158.91888300569246 864.9835685300889 1949 1953 -1
1952 -76.71130529131054 -125.43788779738632 867.1707844404024 1950 1954 -1
1953 -53.334251815565736 -159.07904028196575 865.0217833973096 1951 1955 -1
1954 -76.8937127960001 -125.4837385366107 867.2341848244007 1952 1956 -1
1955 -53.2263729309821 -159.2382035121248 865.0609072835605 1953 1957 -1
1956 -77.07589123355001 -125.53134290813239 867.2969481911484 1954 1958 -1
1957 -53.11737264073428 -159.39636524698744 865.1009730393955 1955 1959 -1
1958 -77.25782682845332 -125.58069228399019 867.3590648593173 1956 1960 -1
1959 -53.00728130373542 -159.5535182640762 865.1420130836154 1957 1961 -1
1960 -77.43950597723868 -125.6317772817239 867.4205255135786 1958 1962 -1
1961 -52.89612798514089 -159.709654041051 865.1840608685197 1959 1963 -1
1962 -77.62091546735512 -125.68458660035127 867.4813216836668 1960 1964 -1
1963 -52.78394165329696 -159.86476372956201 865.2271499667295 1961 1965 -1
1964 -77.80204210398816 -125.73910961317351 867.541444771653 1962 1966 -1
1965 -52.670749078776 -160.01883583849906 865.2713165020424 1963 1967 -1
1966 -77.98287282789705 -125.79533553124386 867.6008863620124 1964 1968 -1
1967 -52.556581135384825 -160.171862726132 865.3165923416011 1965 1969 -1
1968 -78.16339428677631 -125.85325564811724 867.6596372893608 1966 1970 -1
1969 -52.44146701935543 -160.32383470268448 865.3630111149307 1967 1971 -1
1970 -78.34359428878086 -125.9128555958453 867.7176908282559 1968 1972 -1
1971 -52.32543569531842 -160.47474135083004 865.4106068793924 1969 1973 -1
1972 -78.52346038682344 -125.97412329239013 867.7750394818828 1970 1974 -1
1973 -52.20851587438081 -160.62457135575622 865.4594143146592 1971 1975 -1
1974 -78.70297951693219 -126.03705010747741 867.8316743794779 1972 1976 -1
1975 -52.0907353692854 -160.77331147384893 865.509469930639 1973 1977 -1
1976 -78.88214033821212 -126.10161985682069 867.8875900424162 1974 1978 -1
1977 -51.97212544115026 -160.92095213751412 865.5608055357734 1975 1979 -1
1978 -79.0609305801065 -126.16782146170947 867.9427789324685 1976 1980 -1
1979 -51.85271570064981 -161.06748099309752 865.6134555761023 1977 1981 -1
1980 -79.23933849220546 -126.23564206939487 867.9972344197329 1978 1982 -1
1981 -51.73253602385229 -161.21288515524688 865.6674545603653 1979 1983 -1
1982 -79.41735287498064 -126.30506724551097 868.0509507585691 1980 1984 -1
1983 -51.61161544879373 -161.35714933048772 865.7228393292269 1981 1985 -1
1984 -79.59496205428498 -126.37608511243553 868.1039211713301 1982 1986 -1
1985 -51.48998502226168 -161.500260082667 865.7796438341263 1983 1987 -1
1986 -79.7721554018823 -126.44868034512447 868.1561406534273 1984 1988 -1
1987 -51.36767644035505 -161.64220400666576 865.8379012155673 1985 1989 -1
1988 -79.94892194516339 -126.52283963962454 868.207603411993 1986 1990 -1
1989 -51.244721246215555 -161.78296611955543 865.8976459314148 1987 1991 -1
1990 -80.1252509811229 -126.59854928704881 868.2583039983982 1988 1992 -1
1991 -51.12115191182604 -161.92253086942517 865.9589132081297 1989 1993 -1
1992 -80.30113277513526 -126.6757928944421 868.3082384742145 1990 1994 -1
1993 -50.997001674214815 -162.06088209490434 866.0217385667786 1991 1995 -1
1994 -80.47655644904388 -126.7545585935942 868.3574008015 1992 1996 -1
1995 -50.87230606161295 -162.1980068942789 866.0861524556042 1993 1997 -1
1996 -80.65151269404936 -126.83482988650867 868.4057874504828 1994 1998 -1
1997 -50.74709997802462 -162.3338895012023 866.152188061862 1995 1999 -1
1998 -80.82599212289668 -126.9165913028096 868.4533945744801 1996 2000 -1
1999 -50.62141862903752 -162.46851273656424 866.2198794601431 1997 2001 -1
2000 -81.0 -127.0 868.5 1998 -1 -1
2001 -50.49529759903924 -162.60185770076762 866.2892620014818 1999 2002 -1
2002 -50.36877477713065 -162.73390987718557 866.3603641346785 2001 2003 -1
2003 -50.24188767942114 -162.8646514032886 866.4332175757919 2002 2004 -1
2004 -50.1146742294212 -162.99406245702258 866.5078554770344 2003 2005 -1
2005 -49.98717329519369 -163.12212285710956 866.5843102388668 2004 2006 -1
2006 -49.85942525749874 -163.2488158833778 866.6626082869016 2005 2007 -1
2007 -49.73147062583148 -163.37412172777385 866.742778838928 2006 2008 -1
2008 -49.603350473038546 -163.4980176134418 866.8248537200412 2007 2009 -1
2009 -49.475107139604184 -163.62048341995416 866.908859711325 2008 2010 -1
2010 -49.34678372588394 -163.74149998389288 866.9948208046299 2009 2011 -1
2011 -49.21842390239046 -163.86104592797543 867.0827624491767 2010 2012 -1
2012 -49.0900722475682 -163.97909590408835 867.1727138457456 2011 2013 -1
2013 -48.96177412833392 -164.09563061549343 867.2646944471717 2012 2014 -1
2014 -48.83357550771901 -164.21062885559846 867.3587246586089 2013 2015 -1
2015 -48.70552307402207 -164.3240683247178 867.454824698534 2014 2016 -1
2016 -48.57766480418617 -164.4359226156218 867.5530185089395 2015 2017 -1
2017 -48.45004843842244 -164.54617272767632 867.6533185477384 2016 2018 -1
2018 -48.32272252098158 -164.65479684160667 867.755739340104 2017 2019 -1
2019 -48.19573620716215 -164.76177267895744 867.8602943277496 2018 2020 -1
2020 -48.06913969874508 -164.86707595434882 867.9669978190784 2019 2021 -1
2021 -47.94298311703783 -164.97068514586255 868.0758588550125 2020 2022 -1
2022 -47.817316351444596 -165.07258076976166 868.1868822727823 2021 2023 -1
2023 -47.69218999346281 -165.17274179808848 868.3000732781375 2022 2024 -1
2024 -47.56765478178849 -165.27114772516933 868.4154348333747 2023 2025 -1
2025 -47.44376150143247 -165.36777865957308 868.5329675916921 2024 2026 -1
2026 -47.320561594041365 -165.46261366563286 868.6526719330261 2025 2027 -1
2027 -47.198105185565936 -165.55563561895505 868.7745421677138 2026 2028 -1
2028 -47.076442140307385 -165.6468279566765 868.8985706153452 2027 2029 -1
2029 -46.95562222949886 -165.73617424694572 869.0247481594075 2028 2030 -1
2030 -46.83569466668776 -165.82365914849203 869.1530631836898 2029 2031 -1
2031 -46.716707973601586 -165.90926850292206 869.2835015670607 2030 2032 -1
2032 -46.59870984319005 -165.9929894243617 869.4160466906999 2031 2033 -1
2033 -46.48174700084914 -166.0748103855953 869.550679458223 2032 2034 -1
2034 -46.36586506490517 -166.1547212998478 869.6873783290188 2033 2035 -1
2035 -46.25110840749351 -166.2327135973677 869.826119364965 2034 2036 -1
2036 -46.13752125386227 -166.3087783225823 869.9668783212478 2035 2037 -1
2037 -46.025145701452736 -166.38290935594057 870.1096273477087 2036 2038 -1
2038 -45.914020593054474 -166.45510478256278 870.2543338779283 2037 2039 -1
2039 -45.804184074858625 -166.52536267108633 870.4009651166322 2038 2040 -1
2040 -45.69567358267548 -166.5936812041846 870.5494879037645 2039 2041 -1
2041 -45.588527584861374 -166.66005635436343 870.6998708860957 2040 2042 -1
2042 -45.48277412289333 -166.72449775922396 870.8520696905229 2041 2043 -1
2043 -45.37844811193484 -166.78700431807383 871.0060501763664 2042 2044 -1
2044 -45.27557770188211 -166.84758318142244 871.161770628317 2043 2045 -1
2045 -45.174190148813224 -166.90624147703917 871.3191896762947 2044 2046 -1
2046 -45.07431034355524 -166.96298826750927 871.478264581258 2045 2047 -1
2047 -44.97596394825256 -167.01783059788787 871.6389546926853 2046 2048 -1
2048 -44.87916753269987 -167.0707855792835 871.801211405389 2047 2049 -1
2049 -44.78394362276129 -167.12186188216097 871.9649937431581 2048 2050 -1
2050 -44.69031000862381 -167.171072887172 872.130257370077 2049 2051 -1
2051 -44.59827868135733 -167.21843756149363 872.2969543076427 2050 2052 -1
2052 -44.507863011001504 -167.26397206566895 872.4650396230355 2051 2053 -1
2053 -44.419074199982504 -167.30769394014405 872.6344681228485 2052 2054 -1
2054 -44.33192129284142 -167.34962205011507 872.8051944833059 2053 2055 -1
2055 -44.24641119462605 -167.38977652548758 872.9771733775591 2054 2056 -1
2056 -44.16254869764062 -167.42817869645182 873.1503595992914 2055 2057 -1
2057 -44.08033651617922 -167.4648510252048 873.3247081819204 2056 2058 -1
2058 -44.0 -167.5 873.5 2057 -1 -1
