0 -30.0 -163.5 -479.5 -1 1 -1
1 -29.993691327799347 -163.48503373252913 -479.31637519090776 0 2 -1
2 -29.987339379281472 -163.46960164981016 -479.13276923991424 1 3 -1
3 -29.98097719155715 -163.45368605229518 -478.94920492456316 2 4 -1
4 -29.97459246325974 -163.437286900388 -478.7656839597053 3 5 -1
5 -29.968173035524806 -163.4204040615067 -478.58220806969615 4 6 -1
6 -29.9617068119261 -163.40303671922598 -478.3987790513384 5 7 -1
7 -29.9551819121995 -163.38518497988886 -478.215398621138 6 8 -1
8 -29.94858656309777 -163.3668485440995 -478.0320685433523 7 9 -1
9 -29.9419090017393 -163.34802644847105 -477.84879066779746 8 10 -1
10 -29.935137626524018 -163.32871811296124 -477.6655668235684 9 11 -1
11 -29.928261033923302 -163.30892328743647 -477.48239881990327 10 12 -1
12 -29.921267614968883 -163.2886403625974 -477.2992886482189 11 13 -1
13 -29.914146183948322 -163.26786911168733 -477.11623816379995 12 14 -1
14 -29.90688541214749 -163.24660832461726 -476.93324936821506 13 15 -1
15 -29.89947403701784 -163.22485677560542 -476.75032430055063 14 16 -1
16 -29.89190104981254 -163.20261374861187 -476.5674649666726 15 17 -1
17 -29.884155139764193 -163.17987739345995 -476.3846735638797 16 18 -1
18 -29.876225522742033 -163.1566471313873 -476.201952154246 17 19 -1
19 -29.868100911465955 -163.13292084094493 -476.01930306237136 18 20 -1
20 -29.85977061302374 -163.10869774478968 -475.83672846359144 19 21 -1
21 -29.851223472860138 -163.0839757823829 -475.65423077374714 20 22 -1
22 -29.84244872312313 -163.05875366242822 -475.47181234365246 21 23 -1
23 -29.833435483501237 -163.03302969698652 -475.28947563929677 22 24 -1
24 -29.824172717295422 -163.0068017856157 -475.1072232544066 23 25 -1
25 -29.814649950272155 -162.98006883526654 -474.92505767129626 24 26 -1
26 -29.804855770976683 -162.95282786885707 -474.74298176266143 25 27 -1
27 -29.794779868062566 -162.92507789643045 -474.5609981176619 26 28 -1
28 -29.784411227863316 -162.89681654523238 -474.37910963943966 27 29 -1
29 -29.773738822347102 -162.86804139648845 -474.19731931814584 28 30 -1
30 -29.76275221606974 -162.83875095667491 -474.0156300390316 29 31 -1
31 -29.75144015510069 -162.80894233960706 -473.8340450386107 30 32 -1
32 -29.739791913201316 -162.7786134800926 -473.6525674738998 31 33 -1
33 -29.72779686386494 -162.7477623971356 -473.4712005628826 32 34 -1
34 -29.7154436098441 -162.71638593597126 -473.2899478639731 33 35 -1
35 -29.702721514111502 -162.6844820449267 -473.10881279024596 34 36 -1
36 -29.689619819238043 -162.65204844407444 -472.92779889256667 35 37 -1
37 -29.676127047628476 -162.61908185036563 -472.74691005410307 36 38 -1
38 -29.662232438641446 -162.58557995851177 -472.5661500339306 37 39 -1
39 -29.647925170331003 -162.55154034308475 -472.38552271754423 38 40 -1
40 -29.633193741719296 -162.51695969771527 -472.2050323196386 39 41 -1
41 -29.618027074074107 -162.48183527014757 -472.0246830329729 40 42 -1
42 -29.60241434443037 -162.44616460780315 -471.8444790826893 41 43 -1
43 -29.586344071019653 -162.409944450573 -471.6644250278458 42 44 -1
44 -29.569804698406077 -162.37317148068894 -471.484525576523 43 45 -1
45 -29.552785454678553 -162.3358433016615 -471.30478530377445 44 46 -1
46 -29.535274897784067 -162.29795673383637 -471.12520913443956 45 47 -1
47 -29.517260889280365 -162.25950785122916 -470.945802362835 46 48 -1
48 -29.498732741095566 -162.22049436155734 -470.76656993176437 47 49 -1
49 -29.479678935559573 -162.18091305111432 -470.58751720156806 48 50 -1
50 -29.460087032747165 -162.1407597600485 -470.4086499969343 49 51 -1
51 -29.439946114550995 -162.1000319730389 -470.229973766932 50 52 -1
52 -29.419244598082834 -162.05872647687698 -470.05149433898856 51 53 -1
53 -29.397969942048793 -162.01683911790386 -469.8732180377404 52 54 -1
54 -29.376110814658613 -161.97436700731052 -469.69515092188027 53 55 -1
55 -29.353655614421825 -161.9313069950592 -469.51729930641153 54 56 -1
56 -29.330591599002457 -161.88765485242425 -469.3396700922231 55 57 -1
57 -29.30690719495993 -161.8434075310366 -469.1622699302309 56 58 -1
58 -29.282590702790237 -161.79856187706602 -468.985105690728 57 59 -1
59 -29.257629032968893 -161.75311347298853 -468.808184951543 58 60 -1
60 -29.23201065117826 -161.7070594004945 -468.6315148949548 59 61 -1
61 -29.205723635878286 -161.6603964023485 -468.45510303663616 60 62 -1
62 -29.17875435479089 -161.6131197279376 -468.2789577609851 61 63 -1
63 -29.15109171069881 -161.56522695204006 -468.1030866669885 62 64 -1
64 -29.12272297343024 -161.5167142235886 -467.9274982005023 63 65 -1
65 -29.09363496538528 -161.4675773662321 -467.752201211766 64 66 -1
66 -29.063816303674766 -161.417813801018 -467.57720404084637 65 67 -1
67 -29.033253279489035 -161.3674190035009 -467.4025162094262 66 68 -1
68 -29.001933960763044 -161.31639001561695 -467.2281467384219 67 69 -1
69 -28.96984577766594 -161.26472338328648 -467.0541051482826 68 70 -1
70 -28.936975154817553 -161.2124148862685 -466.8804016419955 69 71 -1
71 -28.903310756991438 -161.15946218888467 -466.7070457004266 70 72 -1
72 -28.868838098279937 -161.10586046051893 -466.5340484457865 71 73 -1
73 -28.83354601023432 -161.05160759448316 -466.3614197935227 72 74 -1
74 -28.797420565144513 -160.9966993428946 -466.18917116553115 73 75 -1
75 -28.76044962294346 -160.9411329312954 -466.01731345107675 74 76 -1
76 -28.722620061274625 -160.88490487706738 -465.84585827348656 75 77 -1
77 -28.68391904678417 -160.82801198761427 -465.67481741499194 76 78 -1
78 -28.64433402193388 -160.77045134201958 -465.5042028217021 77 79 -1
79 -28.60385177151717 -160.71221958974533 -465.33402706301416 78 80 -1
80 -28.56246003789766 -160.65331416234312 -465.16430255059385 79 81 -1
81 -28.520145565693337 -160.59373181928157 -464.99504250884473 80 82 -1
82 -28.476896111366525 -160.5334701326155 -464.8262599795565 81 83 -1
83 -28.43269874768209 -160.47252624434287 -464.6579686825666 82 84 -1
84 -28.387540942706117 -160.41089765556657 -464.49018247604516 83 85 -1
85 -28.341410487938667 -160.34858216436868 -464.32291538767646 84 86 -1
86 -28.294294248781114 -160.28557699348465 -464.15618229927725 85 87 -1
87 -28.246181143127437 -160.22188086776845 -463.9899973307402 86 88 -1
88 -28.19705711332735 -160.15749053200878 -463.82437661444516 87 89 -1
89 -28.146912151802567 -160.09240558418549 -463.6593343901104 88 90 -1
90 -28.09573236941267 -160.0266230551128 -463.4948874731106 89 91 -1
91 -28.043507364215507 -159.96014240992199 -463.3310510672523 90 92 -1
92 -27.990225013568185 -159.8929620297094 -463.16784175528363 91 93 -1
93 -27.93587332317391 -159.82508047118762 -463.00527645987967 92 94 -1
94 -27.880442421494653 -159.7564977503894 -462.84337121089743 93 95 -1
95 -27.823919119181742 -159.6872118153642 -462.6821444895159 94 96 -1
96 -27.766294420840172 -159.6172233967212 -462.5216125907198 95 97 -1
97 -27.70755717460102 -159.54653191349635 -462.36179356197084 96 98 -1
98 -27.647696228073873 -159.47513688068886 -462.20270590171464 97 99 -1
99 -27.586703051545886 -159.40303952651786 -462.04436681260097 98 100 -1
100 -27.52456624436683 -159.33023937936147 -461.88679582780054 99 101 -1
101 -27.46127722834486 -159.25673779092793 -461.7300110348345 100 102 -1
102 -27.39682752839627 -159.1825362372559 -461.57403085298415 101 103 -1
103 -27.33120608448261 -159.10763473369116 -461.41887596848824 102 104 -1
104 -27.264406761995332 -159.03203631667847 -461.2645640385828 103 105 -1
105 -27.196420736039613 -158.95574249195144 -461.11111505256537 104 106 -1
106 -27.127239536339694 -158.87875506966088 -460.9585492225962 105 107 -1
107 -27.056857551412847 -158.8010775868091 -460.8068850712193 106 108 -1
108 -26.985266360885497 -158.72271204246533 -460.6561436722987 107 109 -1
109 -26.912460443154362 -158.64366216976768 -460.5063443486602 108 110 -1
110 -26.838434633515952 -158.5639319589262 -460.3575065449582 109 111 -1
111 -26.763181302162216 -158.48352411555908 -460.20965212451404 110 112 -1
112 -26.68669802151983 -158.40244428538838 -460.0627992088512 111 113 -1
113 -26.608978986341253 -158.32069632591674 -459.9169690695118 112 114 -1
114 -26.53002066379193 -158.2382854038209 -459.7721815507958 113 115 -1
115 -26.449820631518925 -158.15521733078845 -459.62845594445645 114 116 -1
116 -26.368374209947053 -158.07149679949276 -459.4858139128774 115 117 -1
117 -26.285681783175903 -157.98713120626803 -459.3442730985479 116 118 -1
118 -26.201739136343136 -157.90212562512352 -459.20385560330385 117 119 -1
119 -26.116547770949296 -157.8164881127167 -459.06457877904967 118 120 -1
120 -26.030105316704574 -157.73022481153424 -458.9264638696136 119 121 -1
121 -25.942413782640436 -157.64334410551393 -458.78952841779204 120 122 -1
122 -25.853472371688703 -157.55585303394128 -458.65379295683346 121 123 -1
123 -25.76328445480088 -157.46776070964322 -458.5192743433686 122 124 -1
124 -25.671849948430612 -157.37907461889594 -458.3859931322391 123 125 -1
125 -25.579174141455383 -157.2898048351179 -458.2539648349965 124 126 -1
126 -25.48525792132999 -157.19995938924768 -458.12320968854283 125 127 -1
127 -25.3901072412972 -157.10954869270444 -457.9937430141777 126 128 -1
128 -25.2937265063416 -157.0185824456235 -457.86558193878335 127 129 -1
129 -25.19611962525265 -156.92707015683558 -457.7387443994951 128 130 -1
130 -25.097294298719664 -156.8350230265189 -457.6132444327757 129 131 -1
131 -24.99725692462167 -156.7424516640678 -457.4890976294614 130 132 -1
132 -24.896012898041423 -156.64936626580774 -457.3663209330598 131 133 -1
133 -24.79357159690258 -156.55577871705418 -457.244926909419 132 134 -1
134 -24.689941340148025 -156.4617004226949 -457.12492940168335 133 135 -1
135 -24.585130959214407 -156.36714297906138 -457.0063417465557 134 136 -1
136 -24.479149867446544 -156.27211819318066 -456.88917665854115 135 137 -1
137 -24.37200796558815 -156.17663803547154 -456.7734463098302 136 138 -1
138 -24.26371559976072 -156.08071461567627 -456.6591623531227 137 139 -1
139 -24.15428437031682 -155.98436047580986 -456.54633484153453 138 140 -1
140 -24.043725883807088 -155.88758809899917 -456.43497375959953 139 141 -1
141 -23.93205225203027 -155.7904100943922 -456.32508836669535 140 142 -1
142 -23.819275422705637 -155.69283895211558 -456.2166880716679 141 143 -1
143 -23.70540884545021 -155.5948876249233 -456.1097801465776 142 144 -1
144 -23.590466034166624 -155.49656899774996 -456.0043715992023 143 145 -1
145 -23.47446092100296 -155.39789600579914 -455.9004686649818 144 146 -1
146 -23.357407838907406 -155.2988816175027 -455.7980767902776 145 147 -1
147 -23.239320020436885 -155.19953835805364 -455.697202830664 146 148 -1
148 -23.120213222197215 -155.0998794516499 -455.5978496975878 147 149 -1
149 -23.0 -155.0 -455.5 148 150 151
150 -22.81056703238447 -155.03505790463672 -455.4628653014707 149 152 -1
151 -23.041808293430908 -154.84421124955284 -455.37585135745155 149 153 -1
152 -22.620475715517134 -155.06918485669587 -455.42801650198106 150 154 -1
153 -23.080249963650914 -154.6886496790941 -455.2502999778198 151 155 -1
154 -22.429805675135178 -155.1023383590055 -455.39546496933303 152 156 -1
155 -23.11543668226743 -154.53337747433577 -455.1234427744009 153 157 -1
156 -22.238607391592446 -155.13460216117394 -455.3651977135083 154 158 -1
157 -23.147423367346654 -154.37846081441973 -454.99531001612485 155 159 -1
158 -22.04692975246255 -155.16606044307153 -455.3371990866576 156 160 -1
159 -23.176279221421524 -154.2239637187012 -454.8659332346303 157 161 -1
160 -21.854819023499264 -155.19679578941071 -455.3114563402696 158 162 -1
161 -23.202079977479865 -154.06994882260173 -454.73534165055054 159 163 -1
162 -21.66232026083286 -155.2268912635717 -455.28795339516756 160 164 -1
163 -23.224909646636437 -153.91647736426378 -454.60356230545256 161 165 -1
164 -21.46947626125178 -155.2564283916061 -455.2666774711244 162 166 -1
165 -23.244898377018977 -153.76360066502974 -454.47063485808894 163 167 -1
166 -21.276328722217762 -155.28548879904474 -455.24761313213276 164 168 -1
167 -23.26214110237295 -153.61137677450787 -454.33657822913375 165 169 -1
168 -21.082917703903362 -155.3141530846116 -455.23074666657214 166 170 -1
169 -23.276798988188247 -153.45984720064416 -454.20143169148076 167 171 -1
170 -20.889282007915195 -155.34250121273467 -455.2160649690192 168 172 -1
171 -23.289011648488156 -153.3090575203908 -454.0652184196185 169 173 -1
172 -20.695459477393488 -155.370612713425 -455.2035537725452 170 174 -1
173 -23.298941781806374 -153.15904667461356 -453.927963438614 171 175 -1
174 -20.501486891188176 -155.39856633749693 -455.1932000935544 172 176 -1
175 -23.306775468854156 -153.0098449064969 -453.7896944438428 173 177 -1
176 -20.307400207563603 -155.42644023762935 -455.1849915791507 174 178 -1
177 -23.312703291948957 -152.861480432822 -453.6504329570991 175 179 -1
178 -20.113234732736675 -155.45431201435636 -455.17891607550706 176 180 -1
179 -23.316930549716293 -152.713976228924 -453.51019877789054 177 181 -1
180 -19.919025242602213 -155.48225867477046 -455.17496130651404 178 182 -1
181 -23.319676895289884 -152.56735013583605 -453.36900992784797 179 183 -1
182 -19.724806084320317 -155.51035666073744 -455.17311586502467 180 184 -1
183 -23.321176018748083 -152.42161508648798 -453.22688271579676 181 185 -1
184 -19.53061133051286 -155.53868188420032 -455.1733687542644 182 186 -1
185 -23.321675381529438 -152.2767794469697 -453.0838319305515 183 187 -1
186 -19.336474906215507 -155.56730974498984 -455.1757093801728 184 188 -1
187 -23.321436004410373 -152.1328474689488 -452.9398711681972 185 189 -1
188 -19.142430712767293 -155.59631514716963 -455.18012753696166 186 190 -1
189 -23.32073230388198 -151.989819849797 -452.79501330056365 187 191 -1
190 -18.948512748508637 -155.62577251305268 -455.18661338614686 188 192 -1
191 -23.31985196444733 -151.84769439764136 -452.64927109166314 189 193 -1
192 -18.754755226145743 -155.6557557940563 -455.1951574292817 190 194 -1
193 -23.319097731173688 -151.70647075733172 -452.502654170235 191 195 -1
194 -18.561192686616483 -155.6863384775903 -455.20575047459573 192 196 -1
195 -23.318786107263815 -151.56614147567086 -452.3551794972492 193 197 -1
196 -18.367860109260093 -155.71759358919684 -455.21838359771345 194 198 -1
197 -23.319245501120786 -151.42670001880316 -452.20686559267074 195 199 -1
198 -18.174793018051712 -155.74959368918545 -455.23304809661755 196 200 -1
199 -23.32082709807544 -151.28814746495513 -452.057728843114 197 201 -1
200 -17.98202758361344 -155.7824108630308 -455.2497354410051 198 202 -1
201 -23.323880947540154 -151.1504755901318 -451.9078017833249 199 203 -1
202 -17.789600720656374 -155.81611670482448 -455.2684372161811 200 204 -1
203 -23.32879006011176 -151.0136914953934 -451.7571137182287 201 205 -1
204 -17.597550210202602 -155.85078236699147 -455.28914520488155 202 206 -1
205 -23.33593153912822 -150.87779748950356 -451.60571178091055 203 207 -1
206 -17.405914815323133 -155.88647858793735 -455.3118513805595 204 208 -1
207 -23.345699447916036 -150.74280591407864 -451.45365115421345 205 209 -1
208 -17.214734142349315 -155.92327511561066 -455.33654686570486 206 210 -1
209 -23.35851462846 -150.60874184281926 -451.30099807498783 207 211 -1
210 -17.02404895579789 -155.96124125883335 -455.36322304277707 208 212 -1
211 -23.37477538793609 -150.47563092956915 -451.1478407289413 209 213 -1
212 -16.83390116680404 -156.0004456258587 -455.3918710534783 210 214 -1
213 -23.394896169851453 -150.34351416592597 -450.9942824702047 211 215 -1
214 -16.644334060429227 -156.0409564230989 -455.42248223937275 212 216 -1
215 -23.419288767567263 -150.21244445104978 -450.8404472577518 213 217 -1
216 -16.45539202809071 -156.0828406481868 -455.45504693968047 214 218 -1
217 -23.44835605914468 -150.08248752070725 -450.68648120110186 215 219 -1
218 -16.26712063111804 -156.12616408584427 -455.4895546556773 216 220 -1
219 -23.4824927425547 -149.95372429349987 -450.53255377545224 217 221 -1
220 -16.07956698570861 -156.17099196262285 -455.5259949607234 218 222 -1
221 -23.52205625073646 -149.82624583017764 -450.37885756527817 219 223 -1
222 -15.89277974832509 -156.21738871068604 -455.56435710985767 220 224 -1
223 -23.567286230404203 -149.70014298725033 -450.2255905925986 221 225 -1
224 -15.706808305342333 -156.26541620565476 -455.6046280262119 222 226 -1
225 -23.6180372185239 -149.57545610712899 -450.0728943105351 223 227 -1
226 -15.52170410822626 -156.31513633774105 -455.646795423122 224 228 -1
227 -23.674057499184936 -149.45219872591656 -449.92088051271253 225 229 -1
228 -15.337519525174498 -156.36660860469584 -455.6908450360268 226 230 -1
229 -23.735088074027715 -149.33037009018125 -449.7696451527533 227 231 -1
230 -15.154308257574248 -156.41989087799612 -455.7367616257614 228 232 -1
231 -23.800866430902435 -149.20995634647304 -449.61926871080004 229 233 -1
232 -14.972125586584607 -156.4750397611232 -455.78452935409393 230 234 -1
233 -23.871146288602414 -149.09093716240747 -449.4698207142152 231 235 -1
234 -14.79102749209776 -156.5321089478589 -455.83413023036934 232 236 -1
235 -23.945651562234257 -148.97327179637148 -449.3213502018208 233 237 -1
236 -14.611071414648725 -156.59115058084316 -455.88554553219586 234 238 -1
237 -24.024126462691623 -148.85691516074496 -449.1738962439849 235 239 -1
238 -14.432315849944997 -156.65221450234407 -455.9387551252461 236 240 -1
239 -24.10633120006137 -148.74181782916517 -449.0274892289542 237 241 -1
240 -14.254819580314038 -156.71534702557054 -455.9937365085296 238 242 -1
241 -24.192026907761907 -148.62792183932945 -448.8821478641772 239 243 -1
242 -14.078642917569459 -156.78059303425923 -456.05046670760936 240 244 -1
243 -24.280969014468745 -148.515158930669 -448.73787680317946 241 245 -1
244 -13.903846467724609 -156.84799400442395 -456.1089206412903 242 246 -1
245 -24.372955783890557 -148.4034684318676 -448.5946842600831 243 247 -1
246 -13.730490855224472 -156.91758773779864 -456.16907107188575 244 248 -1
247 -24.467753342865965 -148.29277173342956 -448.4525568205011 245 249 -1
248 -13.558637274481173 -156.98940934219937 -456.2308894712513 246 250 -1
249 -24.56517723699663 -148.18300177561906 -448.31149020377444 247 251 -1
250 -13.388346904709119 -157.0634904713106 -456.29434550479556 248 252 -1
251 -24.665016929615717 -148.07407715418634 -448.17146091278505 249 253 -1
252 -13.219680673210187 -157.13985915969135 -456.35940701419923 250 254 -1
253 -24.76710371444409 -147.96592658637792 -448.0324552773568 251 255 -1
254 -13.052699002702553 -157.21853966971761 -456.4260400152994 252 256 -1
255 -24.87125189610916 -147.85846903245883 -447.8944446996683 253 257 -1
256 -12.887461544520518 -157.29955235314816 -456.49420871217444 254 258 -1
257 -24.97729442215301 -147.75162665719049 -447.75740218396555 255 259 -1
258 -12.724027343587068 -157.3829140930347 -456.56387587615177 256 260 -1
259 -25.085081309917324 -147.64532423996124 -447.62130367657215 257 261 -1
260 -12.562454271997712 -157.46863778461116 -456.6350025892428 258 262 -1
261 -25.19445412206354 -147.53948168381268 -447.4861148977974 259 263 -1
262 -12.402797417694897 -157.55673064827675 -456.70754736886107 260 264 -1
263 -25.30526844526731 -147.43402152523396 -447.35180388159205 261 265 -1
264 -12.245112912175907 -157.6471991981558 -456.78146920819376 262 266 -1
265 -25.417387065943547 -147.32886694375406 -447.2183382342047 263 267 -1
266 -12.089451774953002 -157.74004206210333 -456.8567234701067 264 268 -1
267 -25.530678598494603 -147.2239415620915 -447.0856850015593 265 269 -1
268 -11.935864652012706 -157.83525602794953 -456.9332655107248 266 270 -1
269 -25.645018372305287 -147.1191695766773 -446.9538120981343 267 271 -1
270 -11.784399684708784 -157.93283375738773 -457.0110494228918 268 272 -1
271 -25.76028164411384 -147.01447510897395 -446.8226835981583 269 273 -1
272 -11.63510222890684 -158.03276380564552 -457.0900281597084 270 274 -1
273 -25.876351026607875 -146.90978346267246 -446.6922657565801 271 275 -1
274 -11.488014602299188 -158.13503068803686 -457.17015368323206 272 276 -1
275 -25.993112867556857 -146.80502051428678 -446.5625249815929 273 277 -1
276 -11.343175846830226 -158.23961497367927 -457.2513771255345 274 278 -1
277 -26.110456806473653 -146.70011270398422 -446.43342798145255 275 279 -1
278 -11.200621679931867 -158.34649357283845 -457.33364903398865 276 280 -1
279 -26.228275342000323 -146.594987014054 -446.304941890983 277 281 -1
280 -11.060386673380089 -158.45564212752785 -457.41692048779015 278 282 -1
281 -26.34646341060637 -146.48957093828685 -446.1770343812439 279 283 -1
282 -10.922498779436077 -158.56702994854882 -457.50114095551 280 284 -1
283 -26.464917976803314 -146.38379244526217 -446.0496737555473 281 285 -1
284 -10.786984422521336 -158.68062529609435 -457.58626070644505 282 286 -1
285 -26.583537634803125 -146.27757993830767 -445.92282903473875 283 287 -1
286 -10.653866369630707 -158.79639353303685 -457.67223004618074 284 288 -1
287 -26.70222222136609 -146.17086221471246 -445.7964700344097 285 289 -1
288 -10.523163459713073 -158.91429716110554 -457.7589994214183 286 290 -1
289 -26.820872439481064 -146.06356842663544 -445.67056743647635 287 291 -1
290 -10.394890530085075 -159.03429603920222 -457.84651959778813 288 292 -1
291 -26.939389492495554 -145.95562804605026 -445.54509285735946 289 293 -1
292 -10.269060577825831 -159.15634942482146 -457.9347424240994 290 294 -1
293 -27.0576749125178 -145.84697100404443 -445.42001894234807 291 295 -1
294 -10.14568048633353 -159.28041258717641 -458.0236197314066 292 296 -1
295 -27.1756690174559 -145.7375629419017 -445.295325123849 293 297 -1
296 -10.024756609424339 -159.40644162080625 -458.11310498157565 294 298 -1
297 -27.29340406956501 -145.62745294639336 -445.1710048204197 295 299 -1
298 -9.90628995867748 -159.5343896699516 -458.20315208146064 296 300 -1
299 -27.41092603221837 -145.51670132088486 -445.04705335398194 297 301 -1
300 -9.790279481003077 -159.66420971361745 -458.293716287517 298 302 -1
301 -27.528281141538105 -145.4053675947459 -444.9234657853879 299 303 -1
302 -9.676720297304032 -159.79585331923062 -458.3847538677789 300 304 -1
303 -27.645516050605657 -145.29351145641502 -444.80023635057574 301 305 -1
304 -9.565603879070677 -159.9292709560248 -458.4762222545311 302 306 -1
305 -27.762677371557597 -145.1811912952024 -444.6773594831472 303 307 -1
306 -9.456921527685536 -160.0644145641845 -458.56808064762384 304 308 -1
307 -27.879811893399932 -145.0684649618249 -444.55482948613235 305 309 -1
308 -9.350659545013908 -160.2012341627644 -458.6602892252869 306 310 -1
309 -27.99696658377144 -144.95538987242665 -444.43264057999875 307 311 -1
310 -9.246802219836502 -160.33968008820221 -458.75280969372426 308 312 -1
311 -28.114188592905876 -144.84202311408998 -444.31078694898923 309 313 -1
312 -9.145332182131206 -160.47970324553089 -458.8456053055766 310 314 -1
313 -28.231525259253512 -144.7284215516935 -444.1892627861046 311 315 -1
314 -9.046230372899334 -160.62125508682175 -458.93864082077505 312 316 -1
315 -28.349024116223337 -144.61464193600236 -444.0680623370477 313 317 -1
316 -8.949473409551858 -160.7642859934461 -459.0318822848679 314 318 -1
317 -28.46673289950484 -144.50074101289877 -443.94717994344455 315 319 -1
318 -8.855038562864816 -160.90874846447858 -459.12529748320264 316 320 -1
319 -28.584699554421714 -144.38677563367418 -443.82661008565657 317 321 -1
320 -8.762901312415957 -161.05459552103656 -459.21885565256923 318 322 -1
321 -28.702972242760808 -144.27280286631296 -443.7063474254945 319 323 -1
322 -8.673034883873632 -161.201780458168 -459.3125274585034 320 324 -1
323 -28.821599348504975 -144.1588801076963 -443.58638684914183 321 325 -1
324 -8.585411291603341 -161.35025748199482 -459.40628504872745 322 326 -1
325 -28.940629481881356 -144.0450651966465 -443.46672351058993 323 327 -1
326 -8.5 -161.5 -459.5 324 328 329
327 -29.06011170858121 -143.9314166300714 -443.3473530068294 325 330 -1
328 -8.303801772596351 -161.51225170025054 -459.46690582319184 326 331 -1
329 -8.587285289244479 -161.62398009667376 -459.62590211217537 326 332 -1
330 -29.180095107416815 -143.81799352675395 -443.2282711283615 327 333 -1
331 -8.10783112876899 -161.53922091084547 -459.4423209522684 328 334 -1
332 -8.67386993187796 -161.7655326363066 -459.73214740892337 329 335 -1
333 -29.30062869946129 -143.70485561839283 -443.1094739501532 330 336 -1
334 -7.913608082113708 -161.58123363066682 -459.4265830126364 331 337 -1
335 -8.758719460410607 -161.9234569263677 -459.81382056182696 332 338 -1
336 -29.42176194962576 -143.59206361886734 -442.9909581510757 333 339 -1
337 -7.722673040680186 -161.6380866331858 -459.4196878596167 334 340 -1
338 -8.840844041027555 -162.09426263741602 -459.8675876754373 335 341 -1
339 -29.54354451915772 -143.4796792534803 -442.87272091268665 336 342 -1
340 -7.536391556876738 -161.709042896672 -459.42127578798863 337 343 -1
341 -8.919800740498026 -162.27298134855778 -459.8930393685622 338 344 -1
342 -29.6660262459819 -143.367765373797 -442.7547599715135 339 345 -1
343 -7.3557967457980045 -161.79293807572907 -459.4306741476876 340 346 -1
344 -8.995971019460018 -162.45474492802035 -459.8926232518552 341 347 -1
345 -29.78925711847197 -143.25638607183703 -442.6370736737027 342 348 -1
346 -7.181509787244163 -161.88834628656795 -459.44698689751635 343 349 -1
347 -9.070428240603995 -162.63590070369773 -459.8703785800984 344 350 -1
348 -29.913287241804717 -143.1456067931594 -442.51966103223145 345 351 -1
349 -7.013747508223159 -161.99375341234293 -459.4692005968795 346 352 -1
350 -9.144611473343963 -162.8141836051364 -459.8306329010876 347 353 -1
351 -30.038166796012757 -143.03549444828195 -442.4025217868593 348 354 -1
352 -6.852386690857883 -162.107688482181 -459.4962730693815 349 355 -1
353 -9.220062217459077 -162.98835900033544 -459.7772936691656 350 356 -1
354 -30.163945984812372 -142.92611752176848 -442.28565646695324 351 357 -1
355 -6.697052229740722 -162.2288046601374 -459.52719447880315 352 358 -1
356 -9.298293122696794 -163.15779731169633 -459.71365658049797 353 359 -1
357 -30.29067585053501 -142.81754694700209 -442.1690667005648 354 360 -1
358 -6.5472028013595756 -162.35591536244362 -459.56102008409795 355 361 -1
359 -9.38074729941507 -163.3221580173335 -459.6424672262431 356 362 -1
360 -30.41840629674366 -142.70985460708866 -442.0527547297307 357 363 -1
361 -6.402198304988423 -162.48799695174293 -459.59687976100514 358 364 -1
362 -9.468797135053094 -163.48118892372412 -459.56606116629655 359 365 -1
363 -30.547186910797997 -142.6031141305079 -441.93672377606833 360 366 -1
364 -6.261347010179959 -162.6241731584812 -459.6339731753795 361 367 -1
365 -9.56374767674826 -163.6346051627809 -459.48650857612245 362 368 -1
366 -30.677067304365043 -142.49740138886548 -441.82097822620165 363 369 -1
367 -6.123935666095414 -162.76369161422812 -459.6715571107317 364 370 -1
368 -9.66682653453547 -163.78201485766985 -459.4057359564021 365 371 -1
369 -30.80809668210741 -142.39279430909878 -441.7055236171918 366 372 -1
370 -5.989246068711505 -162.90589744380432 -459.7089285083828 367 373 -1
371 -9.779148577405952 -163.92287482034703 -459.3256183948045 368 374 -1
372 -30.940323713741513 -142.28937294639178 -441.5903667167619 369 375 -1
373 -5.856561560172365 -163.05020604627086 -459.74540574999764 370 376 -1
374 -9.901648083760206 -164.05647253057418 -459.2480363658377 371 377 -1
375 -31.073796389996282 -142.18721954582566 -441.4755156056488 372 378 -1
376 -5.725168351245274 -163.19607732519697 -459.7803091318339 373 379 -1
377 -10.03497937049757 -164.18193958903822 -459.17488784821114 374 380 -1
378 -31.20856186164465 -142.0864185907589 -441.36097976159425 375 381 -1
379 -5.594352811964303 -163.34298956510676 -459.81294083924433 376 382 -1
380 -10.179400177463151 -164.2983063771193 -459.1080458734529 377 383 -1
381 -31.344668096616473 -141.98705886228495 -441.24677059348073 378 384 -1
382 -5.463397577442673 -163.49041262365958 -459.84256438174697 379 385 -1
383 -10.334669262495307 -164.40460383447558 -459.0492582989095 380 386 -1
384 -31.482161872998116 -141.88923167346783 -441.13290110126076 381 387 -1
385 -5.331578049695493 -163.63777869166765 -459.8683829593425 382 388 -1
386 -10.5 -164.5 -459.0 383 -1 -1
387 -31.621083694870816 -141.7930252180252 -441.0193847632493 384 389 -1
388 -5.198161892622185 -163.78444893601437 -459.8895185422496 385 390 -1
389 -31.76147538369051 -141.69853315601728 -440.90623752358465 387 391 -1
390 -5.062414161706304 -163.9296744256224 -459.9049908250024 388 392 -1
391 -31.903376833185053 -141.6058513410232 -440.79347714306334 389 393 -1
392 -4.92361316698661 -164.07255066764674 -459.9137017987356 390 394 -1
393 -32.046832439797754 -141.51508623054798 -440.68112508440504 391 395 -1
394 -4.781082759254718 -164.21196714615354 -459.9144307397752 392 396 -1
395 -32.19187252954508 -141.4263321388444 -440.56920177483454 393 397 -1
396 -4.634248343322224 -164.3465582069574 -459.90585117626205 394 398 -1
397 -32.3385283454383 -141.33968952465747 -440.45773058807583 395 399 -1
398 -4.482722296365276 -164.47467077259014 -459.8865861950955 396 400 -1
399 -32.48683163568735 -141.25526573532917 -440.34673772270276 397 401 -1
400 -4.326416271236521 -164.59437780204567 -459.855321078183 398 402 -1
401 -32.636779918618316 -141.17316134016346 -440.23621614373496 399 403 -1
402 -4.165656324303033 -164.70357196726764 -459.81097645416827 400 404 -1
403 -32.78830152470061 -141.09344497390808 -440.1260929067691 401 405 -1
404 -4.001254635930852 -164.80017064467182 -459.7529241509298 402 406 -1
405 -32.941327960598464 -141.01619885744944 -440.0162904921024 403 407 -1
406 -3.834474868492323 -164.8824086042903 -459.68117101935684 404 408 -1
407 -33.09579334456638 -140.94151458765356 -439.9067308794579 405 409 -1
408 -3.666864224983799 -164.94913525687804 -459.5964256473042 406 410 -1
409 -33.25161935145047 -140.86946529403215 -439.7973337461447 407 411 -1
410 -3.5 -165.0 -459.5 408 412 413
411 -33.40873937121555 -140.80015188852659 -439.68801994847513 409 417 -1
412 -3.359217063038941 -164.88174511228902 -459.49119138128714 410 418 -1
413 -3.3010413750681593 -165.07563199935973 -459.4960031271387 410 419 -1
414 -3.2554990386049245 -165.3399136401822 -459.553166731667 410 420 -1
415 -3.336462443093056 -165.1582467820613 -459.5181272206583 410 421 -1
416 -3.3487965766092342 -165.1834386278925 -459.48263150162245 410 422 -1
417 -33.56707870727014 -140.7336665777032 -439.57870902756605 411 423 -1
418 -3.2297286905832703 -164.75172587831426 -459.47678356947375 412 424 -1
419 -3.1037753804621384 -165.15541386019927 -459.48957245250693 413 425 -1
420 -3.004420721844291 -165.6762589189771 -459.5976366478109 414 426 -1
421 -3.1789280666325257 -165.32264605117734 -459.53412816184635 415 427 -1
422 -3.1956251585190287 -165.36521960220978 -459.4652330725897 416 428 -1
423 -33.72656057198787 -140.6701043440643 -439.46932043500016 417 429 -1
424 -3.1126164020112945 -164.6111737963685 -459.4565276824333 418 430 -1
425 -2.908344730606097 -165.23936086967558 -459.4806283378958 419 431 -1
426 -2.7460641434476685 -166.0082110686052 -459.63230858349675 420 432 -1
427 -3.0284455295098662 -165.49373588568585 -459.54759299096213 421 433 -1
428 -3.0402588852245658 -165.5451224208515 -459.4477791116364 422 434 -1
429 -33.88711196262505 -140.60958230893743 -439.35977237171966 423 435 -1
430 -3.008442565684427 -164.4616936910986 -459.4303369630928 424 436 -1
431 -2.7149313339438517 -165.32755040899363 -459.4690433554746 425 437 -1
432 -2.4796370972088067 -166.33470607746264 -459.6558723512389 426 438 -1
433 -2.886368486608657 -165.67206099118448 -459.55804613005023 427 439 -1
434 -2.8824356231505335 -165.72286476437873 -459.43024099217035 428 440 -1
435 -34.048647297989014 -140.55219512171723 -439.2499842130919 429 441 -1
436 -2.9172097763093494 -164.30506109408196 -459.3982731205835 430 442 -1
437 -2.5237575812769832 -165.42010138440773 -459.45465091585305 431 443 -1
438 -2.2042557029864276 -166.65435781672818 -459.6667650448899 432 444 -1
439 -2.7543746717774846 -165.85812917209878 -459.56490937235407 433 445 -1
440 -2.721837960785194 -165.8980912450307 -459.4125817117691 434 446 -1
441 -34.21108760494676 -140.4980758823045 -439.1398724786723 435 447 -1
442 -2.838421698105268 -164.1430295648174 -459.36050164323865 436 448 -1
443 -2.3348770089995106 -165.51679652605506 -459.43749650358376 437 449 -1
444 -1.9189560646882113 -166.96534341319617 -459.66312193266083 438 450 -1
445 -2.634546443930917 -166.05234496273948 -459.56748138940696 439 451 -1
446 -2.558075471857089 -166.07034473564497 -459.39475261696754 440 452 -1
447 -34.37434043800195 -140.4473314344539 -439.0293565165973 441 453 -1
448 -2.771212144610626 -163.9771901740129 -459.31723824014887 442 454 -1
449 -2.1485737995930014 -165.6178172015739 -459.417351326413 443 455 -1
450 -1.622731320124343 -167.26524766693612 -459.6427291840641 444 456 -1
451 -2.529413300800633 -166.25487440390668 -459.56493423628007 445 457 -1
452 -2.3906661211501823 -166.2390289406926 -459.3766889028905 446 458 -1
453 -34.538314407622124 -140.40009810135734 -438.91835312590024 447 459 -1
454 -2.7144869756492915 -163.8089020723575 -459.26870321345086 448 460 -1
455 -1.9649202331900546 -165.72296939392055 -459.39423607159364 449 461 -1
456 -1.314624343513206 -167.5508706815284 -459.6030091896866 450 462 -1
457 -2.441946717542074 -166.4654535938735 -459.55632959884804 451 463 -1
458 -2.219000617197825 -166.40334038267403 -459.35830222869674 452 464 -1
459 -34.702909924215525 -140.3565108538656 -438.80677994228665 453 465 -1
460 -2.667047191400233 -163.63928063616902 -459.2150881641423 454 466 -1
461 -1.7841503325537595 -165.83229919007928 -459.3679901738109 455 467 -1
462 -0.9938963109755191 -167.81799638577647 -459.54105551197034 456 468 -1
463 -2.375425722779465 -166.68313890761985 -459.5406799816448 457 469 -1
464 -2.0422967678265023 -166.56216248234588 -459.33946928540735 458 470 -1
465 -34.86801935830375 -140.31669937851433 -438.69455718930334 459 471 -1
466 -2.627673651230397 -163.46922227106762 -459.1565373559602 460 472 -1
467 -1.6063408411160092 -165.94561829578066 -459.3386215544815 461 473 -1
468 -0.6603346106521223 -168.0612078361259 -459.453825468439 462 474 -1
469 -2.3330889380398547 -166.90606481324286 -459.51707514946804 463 475 -1
470 -1.8595281967501922 -166.71387576163832 -459.32001239920936 464 476 -1
471 -35.03353049708944 -140.2808243089454 -438.58160152585384 465 477 -1
472 -2.595179191301472 -163.29944512078276 -459.0931378180984 466 478 -1
473 -1.4317570815583858 -166.06297290539112 -459.3059396663347 467 479 -1
474 -0.3146958028469438 -168.27387271047243 -459.33855708043507 468 480 -1
475 -2.317541744359698 -167.1313603890973 -459.4848702070515 469 481 -1
476 -1.6693385926593338 -166.85602690344442 -459.29966775142276 470 482 -1
477 -35.199319874399315 -140.24903341211268 -438.46783411270377 471 483 -1
478 -2.5684320965858234 -163.1305336929864 -459.02491631671404 472 484 -1
479 -1.2603958227608583 -166.18407212969163 -459.270024125807 473 485 -1
480 0.04078779735475211 -168.44859020932833 -459.1935136410074 474 486 -1
481 -2.330103387884015 -167.35540180881193 -459.44386265343326 475 487 -1
482 -1.4699281780364433 -166.9846553355003 -459.27802723080816 476 488 -1
483 -35.365255065031405 -140.2214791082759 -438.3531783726642 477 489 -1
484 -2.5463608501619546 -162.96298076213714 -458.9518397467782 478 490 -1
485 -1.0925004833458372 -166.30891121233697 -459.23070002345196 479 491 -1
486 0.40214392457568354 -168.5783382527326 -459.0189161870049 480 492 -1
487 -2.370357021628201 -167.5744190121524 -459.39437738304684 481 493 -1
488 -1.2590656992695555 -167.09292718899002 -459.25444034712683 482 494 -1
489 -35.531193564363555 -140.19832631449717 -438.2375586914493 483 495 -1
490 -2.5279472736706983 -162.79722460464063 -458.87381713752205 484 496 -1
491 -0.9281417039243083 -166.43728120529028 -459.1879582495974 485 497 -1
492 0.7640616416694426 -168.65818582164587 -458.81759950327853 486 498 -1
493 -2.4362594937924724 -167.78520629342103 -459.33717337899657 487 499 -1
494 -1.0348673237643695 -167.16825187454984 -459.22787856327 488 500 -1
495 -35.696981079475876 -140.1797443571922 -438.1209025781236 489 501 -1
496 -2.512213135424801 -162.633682241314 -458.7907018366717 490 502 -1
497 -0.7673642385217104 -166.56896191754677 -459.14180240057965 491 503 -1
498 1.1210731605154072 -168.68675647926946 -458.5948036628306 492 504 -1
499 -2.524693162236891 -167.98558122973583 -459.27324088411547 493 505 -1
500 -0.8002405906363773 -167.1878601298197 -459.19703158051874 494 506 -1
501 -35.86245004759203 -140.16591167849 -438.0031402243955 495 507 -1
502 -2.4982023788441965 -162.47277997548608 -458.702294467884 496 508 -1
503 -0.6102646513798763 -166.7037848303438 -459.09217586480855 497 509 -1
504 1.4689358981704523 -168.6664463970062 -458.3570329876796 498 510 -1
505 -2.6321552475376824 -168.1744462742338 -459.2035932303443 499 511 -1
506 -0.5750122317726317 -167.1240193571926 -459.1617685332054 500 512 -1
507 -36.027420198890226 -140.15699719677787 -437.88420963164583 501 513 -1
508 -2.4849610409135225 -162.31498271318208 -458.6083476100748 502 514 -1
509 -0.4569904158759931 -166.84161005269408 -459.0389635797452 503 515 -1
510 1.8054001154862438 -168.6023415700128 -458.1106841048284 504 516 -1
511 -2.7552879437538444 -168.35156705772815 -459.12913088580893 505 517 -1
512 -0.3912566324502066 -166.97876559501492 -459.1248792788762 506 518 -1
513 -36.19169731420807 -140.15317396042784 -437.76405424399485 507 519 -1
514 -2.471516544553355 -162.1608240479715 -458.5085729180862 508 520 -1
515 -0.30747616724546845 -166.98213520475525 -458.98223585976837 509 521 -1
516 2.1301253053584617 -168.50065488611912 -457.8611605511142 510 522 -1
517 -2.891149165352016 -168.51727200084682 -459.0505890962868 511 523 -1
518 -0.25645402278736373 -166.78619187973737 -459.0886764269442 512 524 -1
519 -36.35507239936254 -140.1546160057537 -437.6426244003704 513 525 -1
520 -2.456857299544522 -162.0109387654571 -458.4026526484775 514 526 -1
521 -0.16174148150073817 -167.12513538872645 -458.92196827203645 515 527 -1
522 2.4441291220759847 -168.36752996059474 -457.61264309874167 516 528 -1
523 -3.037292222468372 -168.67219227506803 -458.96853724243323 517 529 -1
524 -0.15843542617336226 -166.57207461988125 -459.05313632921207 518 530 -1
525 -36.51732162915421 -140.16149384961514 -437.5198791831113 519 531 -1
526 -2.439914430177838 -161.86609805938804 -458.290259504246 520 532 -1
527 -0.019782574439430677 -167.27037300476115 -458.85814237954185 521 533 -1
528 2.7492048858392306 -168.20843632862238 -457.3682608953623 522 534 -1
529 -3.1917407729319707 -168.8170782554134 -458.88340067088933 523 535 -1
530 -0.08546591451101013 -166.3480656374944 -459.0175620331206 524 536 -1
531 -36.67820647672416 -140.17397191249506 -437.3957877833404 525 537 -1
532 -2.4195497612883474 -161.72724556979935 -458.1710900878223 526 538 -1
533 0.11842768734474471 -167.41760004716562 -458.79074453410243 527 539 -1
534 3.047503306123495 -168.0280011118783 -457.1303929545715 528 540 -1
535 -3.3529074923598583 -168.95270660145275 -458.7954935551624 529 541 -1
536 -0.029844895596465595 -166.11918914825984 -458.9813355450745 530 542 -1
537 -36.83747400307051 -140.1922064058046 -437.2703306855863 531 543 -1
538 -2.394555885662147 -161.59553041643466 -458.04491620217107 532 544 -1
539 0.25293941223287214 -167.56656014730123 -458.71976460513577 533 545 -1
540 3.341293791419635 -167.8300744268479 -456.90095527183155 534 546 -1
541 -3.5195294231150744 -169.07980841415946 -458.70504025069096 535 547 -1
542 0.013320090467366109 -165.88779918766662 -458.9439887040904 536 548 -1
543 -36.99486201113236 -140.21632769682353 -437.1435033527417 537 549 -1
544 -2.363678264548711 -161.47232545003288 -457.911660002611 538 550 -1
545 0.38382501812530534 -167.71699029353243 -458.64519469098235 539 551 -1
546 3.6328506379946766 -167.61788063506265 -456.6816312028712 540 552 -1
547 -3.6905890432664856 -169.19905826651762 -458.61220076653706 541 553 -1
548 0.047254579074654114 -165.65511013273257 -458.9051585179869 542 554 -1
549 -37.15020225988275 -140.2461393977601 -437.0153667684228 543 555 -1
550 -2.325669532246366 -161.35921449145368 -457.7714905602057 544 556 -1
551 0.5111783519700533 -167.86862217757295 -458.56702785494264 545 557 -1
552 3.9244115917829356 -167.39418896845717 -456.4740483081199 546 558 -1
553 -3.865264620434649 -169.31105593251564 -458.51708388071444 547 559 -1
554 0.0741899281875491 -165.42180611082924 -458.86454545319754 548 560 -1
555 -37.303418390209046 -140.281213356921 -436.88600949866253 549 561 -1
556 -2.279388847599437 -161.25791835418414 -457.624932377799 550 562 -1
557 0.6351136693869458 -168.02118313410193 -458.48525692289587 551 563 -1
558 4.218170450550722 -167.16148005797461 -456.27991565343416 552 564 -1
559 -4.042883637657512 -169.4163302686678 -458.4197600220477 553 565 -1
560 0.0957433803997245 -165.18830564710558 -458.8218856205622 554 566 -1
561 -37.45446574887493 -140.32110816592345 -436.75550234529254 555 567 -1
562 -2.2239389759970813 -161.1701435479557 -457.47294787485 556 568 -1
563 0.7557645441257393 -168.17439665551902 -458.3998733741838 557 569 -1
564 4.516278090745572 -166.92210324411204 -456.10113755930155 558 570 -1
565 -4.222888823532417 -169.51534361187328 -458.3202698677523 559 571 -1
566 0.11313653433812611 -164.95488723428707 -458.77693170305463 560 572 -1
567 -37.60332643729985 -140.36538021464102 -436.62389750460983 561 573 -1
568 -2.158813493832792 -161.09735671796724 -457.3169458516848 562 574 -1
569 0.8732827685663023 -168.3279824756732 -458.3108663530828 563 575 -1
570 4.8208329221278134 -166.67843178672143 -455.93991042659053 564 576 -1
571 -4.404811997060975 -169.60849791591727 -458.21863060240815 565 577 -1
572 0.12733007454302533 -164.72175415744525 -458.72944072813925 566 578 -1
573 -37.75000581872732 -140.4135877496514 -436.49122927173835 567 579 -1
574 -2.0840009200746374 -161.04053577417932 -457.1586749384093 568 580 -1
575 0.9878372958314755 -168.48165622523692 -458.21822182517866 569 581 -1
576 5.133840676590743 -166.43302165977627 -455.79879922833743 570 582 -1
577 -4.588253853869658 -169.69614161577502 -458.11484062109463 571 583 -1
578 0.13910801608461365 -164.4890705258653 -458.67916500494806 572 584 -1
579 -37.89452903592824 -140.4652936418936 -436.35751504184475 573 585 -1
580 -2.0 -161.0 -457.0 574 -1 -1
581 1.099613262212955 -168.63512866740496 -458.1219219017343 575 586 -1
582 5.457123628833204 -166.1887737621393 -455.6807837410643 576 587 -1
583 -4.772868729469654 -169.77857439089058 -458.00888226034937 577 588 -1
584 0.14913308180120224 -164.25698336920536 -458.6258440835202 578 589 -1
585 -38.03693768545448 -140.5200669939727 -436.2227564873703 579 590 -1
586 1.2088111161311614 -168.78810452631538 -458.0219443559331 581 591 -1
587 5.792154743230592 -165.9490879953402 -455.5892382715573 582 592 -1
588 -4.958351867082344 -169.85605520255092 -457.90072522401044 583 593 -1
589 0.15798585085134778 -164.02563761415152 -458.56919808444053 584 594 -1
590 -38.17728314687063 -140.57748775297512 -436.0869388709183 585 595 -1
591 1.3156458671398386 -168.94028092282775 -457.91826235792695 586 596 -1
592 6.139800813764933 -165.71796847174593 -455.52778861090724 587 597 -1
593 -5.14443040490163 -169.92880390546856 -457.7903268974269 588 598 -1
594 0.16619324594608278 -163.7951875508245 -458.5089217040157 589 599 -1
595 -38.315634219942595 -140.63713352856212 -435.9500376728908 590 600 -1
596 1.4203464556585974 -169.0913454339638 -457.8108444609322 591 601 -1
597 6.5 -165.5 -455.5 592 -1 -1
598 -5.330855161349577 -169.9970074868405 -457.67763444219486 593 602 -1
599 0.17425018266928774 -163.56580706728306 -458.4446779634245 594 603 -1
600 -38.45206506423488 -140.69859174438602 -435.81201512834696 595 604 -1
601 1.5231552310818202 -169.24097379454312 -457.699654878265 596 605 -1
602 -5.517394410356841 -170.06082416821704 -457.5625860684554 598 606 -1
603 0.1826375666512738 -163.33770080626593 -458.37608932627006 599 607 -1
604 -38.58665528889941 -140.76145436499093 -435.6728225179919 600 608 -1
605 1.6243106872540307 -169.38880122515752 -457.584606888554 601 609 -1
606 -5.703828712815189 -170.120384648017 -457.44511079810786 602 610 -1
607 0.19183793837390514 -163.1111155414234 -458.3027327216846 603 611 -1
608 -38.71948853498549 -140.82531517158537 -435.53240161329126 604 612 -1
609 1.724090317981634 -169.53445867672764 -457.4656567938304 605 613 -1
610 -5.889946191557724 -170.1757944449139 -457.32512872256075 606 614 -1
611 0.20235027824984056 -162.88635566140772 -458.22412899659037 607 615 -1
612 -38.850650786867156 -140.8897672574093 -435.3906858640224 608 616 -1
613 1.822792865899766 -169.6775836711166 -457.3427992324012 609 617 -1
614 -6.075538511346503 -170.22713683910527 -457.2025518110877 610 618 -1
615 0.21470483492427064 -162.66380226357478 -458.1397339669256 611 619 -1
616 -38.98022465837216 -140.9543995511053 -435.2475975752647 612 620 -1
617 1.92071177208105 -169.81776617807824 -457.21598568898787 613 621 -1
618 -6.260397403664154 -170.2744749229431 -457.07728446563885 614 622 -1
619 0.2294776349477483 -162.44393746168737 -458.0489307996492 615 623 -1
620 -39.10829956018223 -141.01879264370388 -435.10305932114755 616 624 -1
621 2.018148084447614 -169.95445950115618 -457.0850593517012 617 625 -1
622 -6.444310947643219 -170.31785115628426 -456.9492225259408 618 626 -1
623 0.24730800965142388 -162.2273793429836 -457.95101742294116 619 627 -1
624 -39.23495739329498 -141.08253398071386 -434.95699169842965 620 628 -1
625 2.115440936611328 -170.0872797945107 -456.9501039951036 621 629 -1
626 -6.627060310124125 -170.35728926074265 -456.81825395298705 622 630 -1
627 0.26891276170954537 -162.01492354705377 -457.8452065489918 623 631 -1
628 -39.36022876072612 -141.14541502913303 -434.8093638852397 624 632 -1
629 2.212925833116749 -170.21562797228322 -456.8110248128675 625 633 -1
630 -6.80841639081361 -170.39279486029199 -456.68425892354736 626 634 -1
631 0.2951043005580956 -161.80760385412057 -457.7306216277193 627 635 -1
632 -39.484107097980726 -141.20738539330358 -434.66018366373925 628 636 -1
633 2.3109529461830465 -170.33892362734687 -456.6678189920769 629 637 -1
634 -6.988136272404926 -170.42435573072723 -456.5471098411085 630 638 -1
635 0.3267986308764963 -161.60676177405696 -457.60631972580927 631 639 -1
636 -39.606594584884256 -141.2684042217775 -434.5094706252889 632 640 -1
637 2.40987634778967 -170.456549021037 -456.5205212785064 633 641 -1
638 -7.16595935596579 -170.4519417760915 -456.4066713577644 634 642 -1
639 0.3650183358179839 -161.41413681387561 -457.47132956777375 635 643 -1
640 -39.727682623462854 -141.3284220705693 -434.35723251495466 636 644 -1
641 2.5100586494861554 -170.56778699784553 -456.3691700316798 637 645 -1
642 -7.3416046162629645 -170.4755073495872 -456.26280273163843 638 646 -1
643 0.4108657317838137 -161.2319516536608 -457.3247462858966 639 647 -1
644 -39.847373691751166 -141.3873961202798 -434.2034892159919 640 648 -1
645 2.611857920435269 -170.67188604097237 -456.21387500464454 641 649 -1
646 -7.514765533499434 -170.49498923175904 -456.1153569427289 642 650 -1
647 0.46545470034070074 -161.062968226249 -457.1658897514179 643 651 -1
648 -39.965662766914285 -141.44527672825336 -434.04825256997344 644 652 -1
649 2.7155881645058586 -170.76816313509116 -456.05485749744287 645 653 -1
650 -7.685104048136803 -170.51030488452705 -455.9641802086185 646 654 -1
651 0.5297802780648164 -160.9104525512438 -456.99453868930965 647 655 -1
652 -40.08255336042802 -141.50201967513723 -433.89154356542815 648 656 -1
653 2.8216236583190955 -170.8555716779105 -455.892282035963 649 657 -1
654 -7.852250107970985 -170.52135903526474 -455.8091195936312 650 658 -1
655 0.6045185672609642 -160.7779566844931 -456.8112130239089 651 659 -1
656 -40.19803993557045 -141.55757195167254 -433.7333738013377 652 660 -1
657 2.93018141345482 -170.93350784586002 -455.7265909520414 653 661 -1
658 -8.015792266853051 -170.528037670864 -455.6500199370895 654 662 -1
659 0.6897959247834631 -160.66884815234195 -456.6173981641874 655 663 -1
660 -40.31212947827092 -141.61188987748054 -433.5737680072562 656 664 -1
661 3.04148263619907 -171.00116027405582 -455.5582238783507 657 665 -1
662 -8.175274235892154 -170.53021162300368 -455.4867300535736 658 666 -1
663 0.7850370286403259 -160.58566457003604 -456.41553717383766 659 667 -1
664 -40.42482023868247 -141.66492089712693 -433.41274200381037 660 668 -1
665 3.1557379844811497 -171.05754851084833 -455.38770389429675 661 669 -1
666 -8.330190211282462 -170.52773829743083 -455.3191081208016 662 670 -1
667 0.8890026824828469 -160.52954611945708 -456.2086954609911 663 671 -1
668 -40.53611433746356 -141.71661435707594 -433.2503158054555 664 672 -1
669 3.2729483341453802 -171.10227718670862 -455.2157455190188 665 673 -1
670 -8.47997855055499 -170.52046223147943 -455.1470267992054 666 674 -1
671 1.0 -160.5 -456.0 667 -1 -1
672 -40.646017798361754 -141.7669221484399 -433.08651346705716 668 675 -1
673 3.3930864229729942 -171.13487754471495 -455.0430798095748 669 676 -1
674 -8.624019348824264 -170.5082197703234 -454.970383043763 670 677 -1
675 -40.75453428900511 -141.81579260357512 -432.9213568726684 672 678 -1
676 3.516110662694013 -171.15471666970006 -454.8705101052102 673 679 -1
677 -8.761629308806446 -170.4908412900477 -454.7891064822642 674 680 -1
678 -40.86166694293976 -141.8631716896061 -432.75486763428677 675 681 -1
679 3.6417423596435534 -171.16206677436242 -454.6988408785541 676 682 -1
680 -8.892064880974505 -170.4681599568276 -454.60317438338274 677 683 -1
681 -40.96742459736906 -141.9089822210335 -432.58706555773824 678 684 -1
682 3.769769301961508 -171.15681139167967 -454.52887013616834 679 685 -1
683 -9.014526891673304 -170.4400199515454 -454.4126261226444 680 686 -1
684 -41.071823557323455 -141.9530989511782 -432.4179639433286 681 687 -1
685 3.8997558458283517 -171.13969958740554 -454.3611756701504 682 688 -1
686 -9.128164402665034 -170.40628316728387 -454.21757609682345 683 689 -1
687 -41.174878617467016 -141.99538588606737 -432.2475755185791 684 690 -1
688 4.031090052240559 -171.11191777196962 -454.1959686434085 685 691 -1
689 -9.232099103567728 -170.36684692847226 -454.0182342078358 686 692 -1
690 -41.276604013237126 -142.03570365985232 -432.07591560736057 687 693 -1
691 4.163206046693605 -171.07507472140247 -454.033168849394 688 694 -1
692 -9.325443156983958 -170.32165372925974 -453.81491682454555 689 695 -1
693 -41.377013329528005 -142.07390957738048 -431.90300251834356 690 696 -1
694 4.295707784114222 -171.03033062931297 -453.8726714585087 691 697 -1
695 -9.407335349436211 -170.2707076701058 -453.6080584202784 692 698 -1
696 -41.47611940992647 -142.10985770310856 -431.72885795923065 693 699 -1
697 4.428290453143788 -170.97862276583214 -453.7143437630579 694 700 -1
698 -9.476980818387135 -170.21408718227173 -453.398213826763 695 701 -1
699 -41.57393426731014 -142.1433990040447 -431.5535074749041 696 702 -1
700 4.560722837065763 -170.92101029992887 -453.5579385860619 697 703 -1
701 -9.533695224051147 -170.15195445131224 -453.18605049030623 698 704 -1
702 -41.67046899686565 -142.17438155483848 -431.3769809066175 699 705 -1
703 4.692834278019667 -170.85827792737877 -453.4032389567858 700 706 -1
704 -9.576943429728209 -170.08455747746982 -452.9723287466691 701 707 -1
705 -41.765733692858404 -142.20265081343496 -431.19931286817604 702 708 -1
706 4.8244936967281395 -170.79111564469443 -453.25001898455724 703 709 -1
707 -9.606388747700896 -170.01223142806896 -452.7578724071879 704 710 -1
708 -41.85973737078343 -142.2280499758194 -431.0205432336821 705 711 -1
709 4.955598943316905 -170.72013253861547 -453.0980498463693 706 712 -1
710 -9.621894512814226 -169.9353795588511 -452.54352863633636 707 713 -1
711 -41.95248531886291 -142.250413828944 -430.8407155502628 708 714 -1
712 5.086068480124241 -170.64586983798287 -452.94710306749164 709 715 -1
713 -9.623548999599064 -169.85446222344626 -452.3301272534327 710 716 -1
714 -42.04398621133209 -142.2695868397727 -430.65988355684203 711 717 -1
715 5.21583487983387 -170.56881291754235 -452.7969518697075 712 718 -1
716 -9.611647369497263 -169.76997237220505 -452.1184405365752 713 719 -1
717 -42.134245663377385 -142.28540886625447 -430.47810612426855 714 720 -1
718 5.344839688096429 -170.48940220161717 -452.6473711508737 715 721 -1
719 -9.586656921896031 -169.68241094715754 -451.9091533620696 716 722 -1
720 -42.22326780376913 -142.2977194362891 -430.29544913297343 717 723 -1
721 5.473029271555734 -170.40804306608302 -452.49813649142106 718 724 -1
722 -9.54919096512699 -169.59226890926612 -451.7028411908878 719 725 -1
723 -42.31105264914276 -142.30635037898864 -430.1119843864957 720 726 -1
724 5.60035133582469 -170.32511492168416 -452.34902245589774 721 727 -1
725 -9.5 -169.5 -451.5 722 -1 -1
726 -42.3976029163626 -142.31114704366746 -429.92779447467854 723 728 -1
727 5.726751847534775 -170.24097970927573 -452.19980036450227 724 729 -1
728 -42.48292024304693 -142.31195915607734 -429.7429700081825 726 730 -1
729 5.852172128145395 -170.15599006720782 -452.0502356442684 727 731 -1
730 -42.56700121870798 -142.3086281348831 -429.5576082068069 728 732 -1
731 5.976545904332907 -170.07049745539734 -451.9000848270606 729 733 -1
732 -42.64984379891813 -142.3010088796023 -429.37181624871715 730 734 -1
733 6.099796100304766 -169.98486054803843 -451.74909223899056 731 735 -1
734 -42.73144731929931 -142.28897209270048 -429.18571012530117 732 736 -1
735 6.221831140629486 -169.89945424308056 -451.5969864232199 733 737 -1
736 -42.81180468774623 -142.27237693870637 -428.99941273758094 734 738 -1
737 6.342540496680816 -169.8146796853569 -451.44347635883173 735 739 -1
738 -42.890912958409146 -142.2511098566 -428.81305579215757 736 740 -1
739 6.461789153262578 -169.73097576348144 -451.28824759061297 737 741 -1
740 -42.968769083293054 -142.2250704626335 -428.626777450223 738 742 -1
741 6.57941059169468 -169.64883261736185 -451.13095848269995 739 743 -1
742 -43.045364821851805 -142.19415194175534 -428.44072284776 740 744 -1
743 6.695197867350994 -169.56880758071472 -450.9712371353011 741 745 -1
744 -43.12069762453375 -142.15828319430608 -428.2550417043879 742 746 -1
745 6.808945218594224 -169.4914290183785 -450.8087703941824 743 747 -1
746 -43.194764590987816 -142.11740583803808 -428.0698873051559 744 748 -1
747 6.9205754814627465 -169.41691317303946 -450.64352063203455 745 749 -1
748 -43.26756407665977 -142.0715093534073 -427.8854072636224 746 750 -1
749 7.030091354333396 -169.34534311741137 -450.4755759473428 747 751 -1
750 -43.33911764841209 -142.0209913141336 -427.7016474737996 748 752 -1
751 7.137569747679049 -169.27671195391642 -450.30510694092493 749 753 -1
752 -43.409477629289036 -141.96650587897517 -427.5185604028485 750 754 -1
753 7.243013233003176 -169.21114171356868 -450.1321796171022 751 755 -1
754 -43.47870454423632 -141.90867279159318 -427.33606822842046 752 756 -1
755 7.3465823796264225 -169.14853922802536 -449.957033896494 753 757 -1
756 -43.54686696234849 -141.84808665578078 -427.1540684338144 754 758 -1
757 7.448379857396493 -169.08892398729859 -449.7798187498882 755 759 -1
758 -43.61403884488895 -141.78531862317547 -426.97243951953874 756 760 -1
759 7.548585808364335 -169.0322213802319 -449.60075009625257 757 761 -1
760 -43.68029739401342 -141.7209192808676 -426.79104589120334 758 762 -1
761 7.647424730194392 -168.97830318050757 -449.42006841543156 759 763 -1
762 -43.74572132879216 -141.6554223535906 -426.60974202336814 760 764 -1
763 7.745139364889781 -168.927038269646 -449.23800742340825 761 765 -1
764 -43.81038950489845 -141.5893489217528 -426.42837604230186 762 766 -1
765 7.842005162515387 -168.87827573307143 -449.05480840082384 763 767 -1
766 -43.87437979276399 -141.52321192586308 -426.24679289328265 764 768 -1
767 7.938343755972734 -168.83179104979888 -448.87074097080773 765 769 -1
768 -43.937768132310076 -141.45752077706547 -426.06483726779584 766 770 -1
769 8.034486149815256 -168.78725327845973 -448.68608996545237 767 771 -1
770 -44.00062768806758 -141.39278592199432 -425.8823564679885 768 772 -1
771 8.13074709640015 -168.74396534171436 -448.5012031168354 769 773 -1
772 -44.0630280352342 -141.32952321850567 -425.69920338288085 770 774 -1
773 8.227444516758256 -168.70110525432028 -448.31644431209173 771 775 -1
774 -44.125034314554306 -141.26825796793162 -425.51523974370514 772 776 -1
775 8.324896146363262 -168.6578392516856 -448.1321774205614 773 777 -1
776 -44.186706302173945 -141.20952842051244 -425.3303398128582 774 778 -1
777 8.423406182814551 -168.61334423306477 -447.94876875730847 775 779 -1
778 -44.24809714847864 -141.15388559628738 -425.1443954229265 776 780 -1
779 8.523252215158662 -168.56683015945163 -447.76658854127226 777 781 -1
780 -44.30923802139489 -141.10167297203782 -424.95737702814273 778 782 -1
781 8.624690803889449 -168.517532876186 -447.58602844174516 779 783 -1
782 -44.37013205712646 -141.05284803667897 -424.76936544886735 780 784 -1
783 8.727842965574164 -168.46513617315912 -447.4073218877981 781 785 -1
784 -44.430781899000216 -141.00731959610368 -424.5804497526715 782 786 -1
785 8.83272298299307 -168.4098175732955 -447.2305115918279 783 787 -1
786 -44.491192550920395 -140.96498775307444 -424.3907156659623 784 788 -1
787 8.939333578273054 -168.35178619326078 -447.05561574623925 785 789 -1
788 -44.551371303708564 -140.92574486260952 -424.200245083433 786 790 -1
789 9.047701590484293 -168.29120640378375 -446.88267468477426 787 791 -1
790 -44.61132763530784 -140.88947649957572 -424.00911568345066 788 792 -1
791 9.157810509701164 -168.22829580304193 -446.71167639907185 789 793 -1
792 -44.6710729809941 -140.8560639131688 -423.8174003630641 790 794 -1
793 9.269636012994544 -168.16326260278498 -446.5425964396935 791 795 -1
794 -44.73062090791001 -140.8253807308441 -423.62516790288015 792 796 -1
795 9.383222635126078 -168.0962253309871 -446.3754843868464 793 797 -1
796 -44.78998672110374 -140.79729701327759 -423.4324821599651 794 798 -1
797 9.49849567569728 -168.02742476508433 -446.21025422946354 795 799 -1
798 -44.84918727528746 -140.7716805022937 -423.23940202957033 796 800 -1
799 9.615502494700381 -167.9569622385132 -446.0469542068552 797 801 -1
800 -44.90824086496095 -140.74839663667973 -423.04598166124924 798 802 -1
801 9.734169997495282 -167.885044983471 -445.88549699936874 799 803 -1
802 -44.96716688729123 -140.72729041554945 -422.8522725064999 800 804 -1
803 9.85452811027203 -167.8117783643914 -445.72590854378325 801 805 -1
804 -45.025983846031124 -140.7078985062737 -422.65835060167916 802 806 -1
805 9.976529786179459 -167.73732236961712 -445.56812877492337 803 807 -1
806 -45.08471180089391 -140.6895088613547 -422.464303811541 804 808 -1
807 10.100146056017115 -167.66181024824493 -445.4121173532223 805 809 -1
808 -45.14337350294977 -140.67141198539372 -422.2702093715358 806 810 -1
809 10.225379183453095 -167.58534846588972 -445.2578677210033 807 811 -1
810 -45.201992248084785 -140.6529095945934 -422.0761403081275 808 812 -1
811 10.352199796807877 -167.5080562041151 -445.10533859206384 809 813 -1
812 -45.260589801953884 -140.63331856419748 -421.88217203908874 810 814 -1
813 10.480569917515732 -167.43004731949284 -444.95447965340105 811 815 -1
814 -45.319184298430926 -140.61197251761718 -421.6883886519518 812 816 -1
815 10.610466394232132 -167.35142032597335 -444.8052569390195 813 817 -1
816 -45.37778847396295 -140.5882242152749 -421.4948885950095 814 818 -1
817 10.741864671948198 -167.2722680256003 -444.6576352696087 815 819 -1
818 -45.43640802370859 -140.5614491840053 -421.30178955257304 816 820 -1
819 10.874738918760263 -167.1926775992807 -444.5115784910675 817 821 -1
820 -45.49504017858007 -140.53103644800703 -421.10923472981716 818 822 -1
821 11.008997992510245 -167.11269895667772 -444.3670073456394 819 823 -1
822 -45.5536723678282 -140.49642713869602 -420.9173909155138 820 824 -1
823 11.143994640675034 -167.03209508080383 -444.22347327064466 821 825 -1
824 -45.612281616745804 -140.45710055908648 -420.72645228506536 822 826 -1
825 11.278794590895771 -166.95046199958003 -444.08033677850784 823 827 -1
826 -45.670833586660265 -140.4125484579113 -420.53664841298473 824 828 -1
827 11.412478742889299 -166.8673883765074 -443.9369840577034 825 829 -1
828 -45.72928388711768 -140.3623809302709 -420.34822048689233 826 830 -1
829 11.544096954612375 -166.78244913074815 -443.7928176014496 827 831 -1
830 -45.787576587562505 -140.30619900690155 -420.1614493896417 828 832 -1
831 11.672612947096146 -166.69519623688294 -443.64724465610857 829 833 -1
832 -45.84564849425228 -140.24374113120922 -419.9766139737478 830 834 -1
833 11.796844601599023 -166.60515234243135 -443.49967133340544 831 835 -1
834 -45.903428735341244 -140.17478992921357 -419.79400960443604 832 836 -1
835 11.915396321301788 -166.51180981179493 -443.3495060212928 833 837 -1
836 -45.96084168752977 -140.09920824943924 -419.61393141998093 834 838 -1
837 12.026582171673 -166.41463971788258 -443.19617805437525 835 839 -1
838 -46.017809891891794 -140.01694310946684 -419.4366635272432 836 840 -1
839 12.128343047672049 -166.31311806364647 -443.03918072957595 837 841 -1
840 -46.07425722967786 -139.9280252620081 -419.2624681623523 838 842 -1
841 12.217884746922548 -166.20668046595944 -442.8780705781422 839 843 -1
842 -46.13011216025714 -139.83256539666692 -419.09157531282534 840 844 -1
843 12.292160846617685 -166.0950505980247 -442.7128017784589 841 845 -1
844 -46.18530656478759 -139.73071118869905 -418.92419509566594 842 846 -1
845 12.347757766261724 -165.97827954294536 -442.5438169195978 843 847 -1
846 -46.23978431114402 -139.62270274945578 -418.7604776258814 844 848 -1
847 12.37998880472492 -165.85674289251352 -442.3721847920335 845 849 -1
848 -46.293491512078994 -139.5087662318413 -418.60056730772334 846 850 -1
849 12.387157297564299 -165.73188608074176 -442.2000611764588 847 851 -1
850 -46.34639157385303 -139.3892183950344 -418.4445307801661 848 852 -1
851 12.371448307834187 -165.6052048798624 -442.029785685157 849 853 -1
852 -46.398453389836256 -139.26436231535018 -418.2924179523599 850 854 -1
853 12.33892583021705 -165.47767237517235 -441.86251171725206 851 855 -1
854 -46.449654284272206 -139.13450820164752 -418.14424791591745 852 856 -1
855 12.294381055268348 -165.34949355547278 -441.69849980180294 853 857 -1
856 -46.5 -139.0 -418.0 854 858 859
857 12.242316581804541 -165.22044477610444 -441.53739254874796 855 860 -1
858 -46.61153116800397 -138.82503218868192 -417.9764749259325 856 861 -1
859 -46.457265005223476 -139.116626877966 -417.8614965495459 856 862 -1
860 12.186692656533252 -165.09008457357632 -441.378538892385 857 863 -1
861 -46.7241858410113 -138.65121184643576 -417.9502918258897 858 864 -1
862 -46.411513988725645 -139.22999055848905 -417.72126409809823 859 865 -1
863 12.130945138080909 -164.9578661882397 -441.2212717429872 860 866 -1
864 -46.83788783119874 -138.4784667514591 -417.9216365476215 861 867 -1
865 -46.36292019900151 -139.34012548178126 -417.57942374304156 862 868 -1
866 12.078349932622734 -164.8232338903213 -441.0649751994774 863 869 -1
867 -46.95262526774256 -138.30683855261918 -417.8905044009167 864 870 -1
868 -46.311654114169585 -139.44706636739403 -417.4360874059449 865 871 -1
869 12.031749099978763 -164.68569289915257 -440.90931606704726 866 872 -1
870 -47.06838445654912 -138.13636766646843 -417.8568947905213 867 873 -1
871 -46.25788887674581 -139.55086138973476 -417.29136046194765 868 874 -1
872 11.991300247724734 -164.5450159742619 -440.75474355099885 869 875 -1
873 -47.1851506754085 -137.96709389187865 -417.82080947860163 870 876 -1
874 -46.20179902060224 -139.65157094273246 -417.14534117630893 871 877 -1
875 11.956501855230975 -164.400937583931 -440.60193924228446 872 878 -1
876 -47.302908329596384 -137.79905643213812 -417.7822523177511 873 879 -1
877 -46.14355980554464 -139.74926702995532 -416.9981205768472 874 880 -1
878 11.926900748832319 -164.25314313079977 -440.4516089958172 875 881 -1
879 -47.421641601297395 -137.63229463045948 -417.74122769475866 876 882 -1
880 -46.08334478768555 -139.8440298587953 -416.84978141133297 877 883 -1
881 11.902084839473288 -164.1012696728683 -440.3045126893607 878 884 -1
882 -47.54133367436867 -137.46684689126118 -417.6977425494086 879 885 -1
883 -46.0213268377389 -139.93594913820297 -416.700399090797 880 886 -1
884 11.881776553032445 -163.94478447490795 -440.1616217226411 881 887 -1
885 -47.66196516084982 -137.3027480989269 -417.65181068161655 882 888 -1
886 -45.95767577552825 -140.0251201305544 -416.5500407327903 883 889 -1
887 11.865518991572282 -163.78331324713636 -440.0238581310434 884 890 -1
888 -47.783519213463926 -137.1400368556907 -417.6034395160063 885 891 -1
889 -45.892559406285464 -140.11164481242503 -416.39876617347096 886 892 -1
890 11.852967212264135 -163.61636524012084 -439.8923830516424 887 893 -1
891 -47.905974287873676 -136.9787445240812 -417.5526492992278 888 894 -1
892 -45.82614214743115 -140.19562887371742 -416.24662752672 889 895 -1
893 11.843899183430334 -163.44318522983252 -439.768938861003 890 896 -1
894 -48.02931225736572 -136.81890754506819 -417.49945159940984 891 897 -1
895 -45.75858591199509 -140.27718261064416 -416.09367012387446 892 898 -1
896 11.837843937201123 -163.26348198152306 -439.65501501469055 893 899 -1
897 -48.15351058549255 -136.6605546485168 -417.4438706034526 894 900 -1
898 -45.69004929945941 -140.35641836181557 -415.93993227254253 895 901 -1
899 11.83468520037209 -163.07721176580165 -439.5520419824113 896 902 -1
900 -48.278549411417565 -136.50371848241744 -417.385923844765 897 903 -1
901 -45.6206886101144 -140.43345174948246 -415.78544629262126 898 904 -1
902 11.83425595606011 -162.8856938741886 -439.4591310531895 899 905 -1
903 -48.404406492044835 -136.34842672591247 -417.32563632311843 900 906 -1
904 -45.550657350128915 -140.50839916663793 -415.63023825743426 901 907 -1
905 11.836395289630314 -162.69012641294736 -439.37508056110534 902 908 -1
906 -48.53105946355405 -136.19470569794348 -417.2630344191444 903 909 -1
907 -45.480107288626236 -140.58137926907648 -415.4743290713991 904 910 -1
908 11.84088295126771 -162.49162630275686 -439.29829097765656 905 911 -1
909 -48.658486828599386 -136.0425823619938 -417.19814300956864 906 912 -1
910 -45.409188470597904 -140.6525113687517 -415.3177344534365 907 913 -1
911 11.84741771906742 -162.29122732660136 -439.22674560616275 908 914 -1
912 -48.78666580688904 -135.89207980993248 -417.1309918837548 909 915 -1
913 -45.3380498971383 -140.7219153839566 -415.16046539735447 910 916 -1
914 11.855661578325115 -162.08982223049907 -439.15825752049693 911 917 -1
915 -48.915573382496746 -135.7432189972087 -417.06161289111844 912 918 -1
916 -45.26684020953735 -140.7897125438352 -415.002528922587 913 919 -1
917 11.865447198022613 -161.88800797001133 -439.0911898395448 914 920 -1
918 -49.04518690741427 -135.5960199573893 -416.99003818577773 915 921 -1
919 -45.19570822357943 -140.85602447880512 -414.843928163392 916 922 -1
920 11.877102869773461 -161.68582093695528 -439.02556066168097 917 923 -1
921 -49.17548391539048 -135.4505013401618 -416.9163008314094 918 924 -1
922 -45.12480370945083 -140.92097359165749 -414.68466292048663 919 925 -1
923 11.891088397486337 -161.4831951996988 -438.961767687005 920 926 -1
924 -49.30644199436475 -135.30667997444115 -416.8404352820921 921 927 -1
925 -45.05427815621919 -140.98468315994393 -414.52473009801577 922 928 -1
926 11.907792242480275 -161.28010072384342 -438.90016020121124 923 929 -1
927 -49.43803818476132 -135.16456899133152 -416.7624794989442 924 930 -1
928 -44.98428558552187 -141.04727749118152 -414.3641241548799 925 931 -1
929 11.927622512381964 -161.0765288621987 -438.8411115216659 926 932 -1
930 -49.57025021116794 -135.02418083223645 -416.68247107009006 927 933 -1
931 -44.91498362814041 -141.10888190536554 -414.20283740542203 928 934 -1
932 11.951007892319167 -160.87249841490254 -438.78502328266126 929 935 -1
933 -49.70305605200423 -134.8855260518803 -416.6004486480812 930 936 -1
934 -44.846533991597866 -141.1696236053533 -414.04086096362136 931 937 -1
935 11.97836907948913 -160.66806588711938 -438.7323044570505 932 938 -1
936 -49.83643399799427 -134.748613340717 -416.51645182895135 933 939 -1
937 -44.77910419038926 -141.22963113995806 -413.8781846653652 934 940 -1
938 12.010029927634264 -160.46333312707353 -438.68329482673073 935 941 -1
939 -49.9703627064079 -134.6134495548079 -416.4305210329638 936 942 -1
940 -44.71286796836031 -141.28903540021315 -413.71479821018306 937 943 -1
941 12.046337007912971 -160.25843574606586 -438.6383664765734 938 944 -1
942 -50.10482158219267 -134.4800408960148 -416.34269618359843 939 945 -1
943 -44.64800684170601 -141.34796961879243 -413.5506915499487 940 946 -1
944 12.087728556304375 -160.05355608678505 -438.5979911464267 941 947 -1
945 -50.23978983086769 -134.3483896254458 -416.2530201601438 942 948 -1
946 -44.58471132436628 -141.4065698215839 -413.3858557131518 943 949 -1
947 12.134362563625471 -159.8489599565848 -438.56215039521555 944 950 -1
948 -50.37524746639774 -134.21849725434583 -416.16153525839786 945 951 -1
949 -44.52318180782898 -141.4649752465808 -413.22028389391966 946 952 -1
950 12.186413971677165 -159.6451810286469 -438.5292103469055 947 953 -1
951 -50.51117507154093 -134.09036374119034 -416.0682840449713 948 954 -1
952 -44.46363050858641 -141.52332860026476 -413.0539722580003 949 955 -1
953 12.244059471542217 -159.44283331444083 -438.4967668810876 950 956 -1
954 -50.64755379974105 -133.96398744906304 -415.97330936370673 951 957 -1
955 -44.40628242071812 -141.58177644718936 -412.88692139708013 952 958 -1
956 12.307141680717288 -159.24240425472445 -438.462586750995 953 959 -1
957 -50.78436540302748 -133.83936520708008 -415.8766542385686 954 960 -1
958 -44.35137689014861 -141.6404694539699 -412.71913775043663 955 961 -1
959 12.375754019486491 -159.0445110477106 -438.42452623866524 956 962 -1
960 -50.92159225573207 -133.71649237486176 -415.77836178158896 957 963 -1
961 -44.29916897832461 -141.69956256906482 -412.5506353786647 958 964 -1
962 12.449522958990018 -158.84963564701832 -438.38096017042244 959 965 -1
963 -51.05921770515998 -133.5953644148801 -415.6784737614086 960 966 -1
964 -44.24993076601914 -141.7592150680802 -412.38143804272266 961 967 -1
965 12.528279104469048 -158.6584750980049 -438.33026753587274 962 968 -1
966 -51.197225095205006 -133.47597256297323 -415.57703451498054 963 969 -1
967 -44.20395249924796 -141.8195904142465 -412.21158163603525 964 970 -1
968 12.611071805856312 -158.47109563142183 -438.27237099550274 965 971 -1
969 -51.33559876427637 -133.35830815353918 -415.4740869457551 966 972 -1
970 -44.161543461864085 -141.88085586926118 -412.0411170041927 967 973 -1
971 12.695914175025957 -158.28619529813196 -438.20963996589785 968 974 -1
972 -51.47432373662302 -133.242361359375 -415.3696737027388 969 975 -1
973 -44.123032191498886 -141.9431817093627 -411.8701131959517 970 976 -1
974 12.780938235845866 -158.10222191509123 -438.1444655720117 971 977 -1
975 -51.61338572050477 -133.12812123047578 -415.2638371451873 972 978 -1
976 -44.08876742237576 -142.0067404127297 -411.69866096592216 973 979 -1
977 12.86440712206704 -157.91763341968772 -438.07902414601926 974 980 -1
978 -51.75277142940385 -133.01557749225265 -415.15661790784793 975 981 -1
979 -44.05911524908188 -142.07170449329058 -411.526876959506 976 982 -1
980 12.944435428403178 -157.73085085366174 -438.0155599970558 977 983 -1
981 -51.8924676888406 -132.90471590117062 -415.0480586733909 978 984 -1
982 -44.03445827409351 -142.13824460257405 -411.3549077433281 979 985 -1
983 13.018972589683237 -157.54040903023648 -437.9564828416654 980 986 -1
984 -52.03246219757995 -132.79552221313418 -414.93820088557726 981 987 -1
985 -44.0151917367022 -142.20652650009453 -411.1829340802843 982 988 -1
986 13.085478294091958 -157.3449790010916 -437.9046345085275 983 989 -1
987 -52.17274339998935 -132.6879816910212 -414.82708520715875 984 990 -1
988 -44.00171814692813 -142.27670734217352 -411.01117488125215 985 991 -1
989 13.14057885118308 -157.14355057649348 -437.86366045328083 986 992 -1
990 -52.31330083038478 -132.58208137722673 -414.71474991061706 987 993 -1
991 -43.99443897319015 -142.3489309260653 -410.83989032790055 988 994 -1
992 13.181431097796063 -156.9364597179728 -437.8366484528664 989 995 -1
993 -52.454123854554986 -132.47780266344924 -414.60123637726394 990 996 -1
994 -43.993746804187424 -142.42332317862312 -410.66938390392477 991 997 -1
995 13.20882853639957 -156.7258490185125 -437.8230601047978 992 998 -1
996 -52.59520289499672 -132.37512861709948 -414.4865836177821 993 999 -1
997 -44.0 -142.5 -410.5 994 1000 1001
998 13.224461603936053 -156.5135856987188 -437.8215232959198 995 1002 -1
999 -52.736529427719056 -132.2740444294746 -414.3708281808062 996 1003 -1
1000 -44.12027565689181 -142.5285419604279 -410.3222059303166 997 1004 -1
1001 -43.83603015982521 -142.4341875144576 -410.3846478593685 997 1005 -1
1002 13.230814429539652 -156.30098543546669 -437.8299179176452 998 1006 -1
1003 -52.87809480422464 -132.17452994269465 -414.25400932944615 999 1007 -1
1004 -44.23995945839601 -142.56101698681482 -410.1446580955996 1000 1008 -1
1005 -43.67375094052063 -142.36674630153425 -410.26791636644015 1001 1009 -1
1006 13.230391966527884 -156.08872767041117 -437.8461314705257 1002 1010 -1
1007 -53.0198913918362 -132.07656707627962 -414.13616387862174 1003 1011 -1
1008 -44.358937734631844 -142.59742419258384 -409.9673991521949 1004 1012 -1
1009 -43.51300563261206 -142.2975559252252 -410.15009129355235 1005 1013 -1
1010 13.225747436647568 -155.87702083201518 -437.86801771336667 1006 1014 -1
1011 -53.16191236890139 -131.980138836083 -414.0173270452439 1007 1015 -1
1012 -44.47714154627038 -142.63778290709257 -409.7904780917593 1008 1016 -1
1013 -43.353808311345084 -142.22663872391178 -410.0311960402248 1009 1017 -1
1014 13.219332649391642 -155.66576202190967 -437.89353465685804 1010 1018 -1
1015 -53.30415084839997 -131.88522338755521 -413.8975362272182 1011 1019 -1
1016 -44.59450063149081 -142.68210815134213 -409.61394445062956 1012 1020 -1
1017 -43.19617141460172 -142.15401813419575 -409.91125444720075 1013 1021 -1
1018 13.213509526671047 -155.45469523882215 -437.9207337350869 1014 1022 -1
1019 -53.44660136159937 -131.79180450243848 -413.7768244164501 1015 1023 -1
1020 -44.71094538198258 -142.73040286419263 -409.4378472231338 1016 1024 -1
1021 -43.04010632297301 -142.07971799706917 -409.7902903531689 1017 1025 -1
1022 13.210560016814926 -155.24355008069577 -437.9477665040775 1018 1026 -1
1023 -53.58925810321615 -131.69985941951313 -413.6552277739507 1019 1027 -1
1024 -44.826404651622994 -142.7826689189552 -409.2622357257071 1020 1028 -1
1025 -42.885621773286054 -142.00376416624408 -409.668328549931 1021 1029 -1
1026 13.211655795787525 -155.03224459042622 -437.9736586876858 1022 1030 -1
1027 -53.73211660501116 -131.6093708629941 -413.5327783264647 1023 1031 -1
1028 -44.94080866223581 -142.83889606138405 -409.0871580269858 1024 1032 -1
1029 -42.732725197495036 -141.9261829818541 -409.54539382731303 1025 1033 -1
1030 13.216809690369416 -154.8208720532409 -437.998496107248 1026 1034 -1
1031 -53.8751722038135 -131.5203162278541 -413.40951042826237 1027 1035 -1
1032 -45.05408773346227 -142.89906864872071 -408.9126613892732 1028 1036 -1
1033 -42.58142241160772 -141.8470015450618 -409.42151112449903 1029 1037 -1
1034 13.225713582857766 -154.6095278906317 -438.0225025698232 1030 1038 -1
1035 -54.01842145248634 -131.43267795140005 -413.2854547894067 1031 1039 -1
1036 -45.16617320894639 -142.9631632943963 -408.73879164302133 1032 1040 -1
1037 -42.431717600767286 -141.76624767209233 -409.2967054853935 1033 1041 -1
1038 13.238284602670934 -154.39829588876725 -438.0458499052123 1034 1042 -1
1039 -54.16186062103352 -131.34643274285474 -413.16064455694794 1035 1043 -1
1040 -45.276997409045244 -143.03115017691317 -408.56559305570795 1036 1044 -1
1041 -42.28361333931559 -141.6839498175356 -409.17100199725326 1037 1045 -1
1042 13.254272885226605 -154.18724480040328 -438.0687407939799 1038 1046 -1
1043 -54.305487256986964 -131.26156315711395 -413.03510899759345 1039 1047 -1
1044 -45.38649473255029 -143.10299081871335 -408.3931075952459 1040 1048 -1
1045 -42.137110616236896 -141.600136998566 -409.0444257318509 1041 1049 -1
1046 13.273505187737715 -153.97643499440687 -438.09136081875965 1042 1050 -1
1047 -54.44929861930457 -131.17804626352842 -412.90887959650064 1043 1051 -1
1048 -45.49460167107452 -143.1786394535837 -408.22137477475724 1044 1052 -1
1049 -41.99220886558317 -141.51483872046782 -408.9170016893844 1045 1053 -1
1050 13.295861802417967 -153.76592411351564 -438.11389461192795 1046 1054 -1
1051 -54.59329284059979 -131.09586231962817 -412.7819854937491 1047 1055 -1
1052 -45.601256246939485 -143.25804547303687 -408.05043183267315 1048 1056 -1
1053 -41.848906001461536 -141.42808490382106 -408.78875474531475 1049 1057 -1
1054 13.321098941389423 -153.55574945050986 -438.1365260371471 1050 1058 -1
1055 -54.737468484510224 -131.0149916448899 -412.6544552044487 1051 1059 -1
1056 -45.70639979556156 -143.34114973665078 -407.88031264919454 1052 1060 -1
1057 -41.70719883354906 -141.33990548357 -408.6597094171574 1053 1061 -1
1058 13.349105328032064 -153.34595619258803 -438.15943884297195 1054 1062 -1
1059 -54.881824172193596 -130.9354120818635 -412.52631780690746 1055 1063 -1
1060 -45.809976356635005 -143.42788732729366 -407.71104797446384 1056 1064 -1
1061 -41.56708301309909 -141.25033045339052 -408.5298898882051 1057 1065 -1
1062 13.379711112471442 -153.13657731879653 -438.18281362758194 1058 1066 -1
1063 -55.026359274129256 -130.85710411156128 -412.39760052773676 1059 1067 -1
1064 -45.911932751177865 -143.51818816405807 -407.54266530244735 1060 1068 -1
1065 -41.42855108774546 -141.15939150380794 -408.39932089706076 1061 1069 -1
1066 13.4127281929123 -152.9276364970785 -438.2068192861274 1062 1070 -1
1067 -55.171073481847216 -130.78004785937958 -412.268330228267 1063 1071 -1
1068 -46.01221906754885 -143.61197670450588 -407.3751885365462 1064 1072 -1
1069 -41.29159530153781 -141.06711954253367 -408.2680263559905 1065 1073 -1
1070 13.448057320621016 -152.71917055819728 -438.231648943305 1066 1074 -1
1071 -55.31596658425576 -130.7042217118054 -412.1385339711417 1067 1075 -1
1072 -46.110788729962756 -143.70917259879016 -407.2086378999555 1068 1076 -1
1073 -41.156206607778834 -140.97354556169503 -408.1360298334109 1069 1077 -1
1074 13.485522582599863 -152.5111985926615 -438.25746987618754 1070 1078 -1
1075 -55.461038912217255 -130.62960553517132 -412.00823762797967 1071 1079 -1
1076 -46.207598905677145 -143.80969064056055 -407.0430296829284 1072 1080 -1
1077 -41.02237472229016 -140.87870058052104 -408.0033545202685 1073 1081 -1
1078 13.524964564834361 -152.30373925851623 -438.28444562528756 1074 1082 -1
1079 -55.60629129162316 -130.5561803490878 -411.87746612540866 1075 1083 -1
1080 -46.30261002985325 -143.9134423319745 -406.87837648156824 1076 1084 -1
1081 -40.890088178210746 -140.7826155911831 -407.8700231996976 1077 1085 -1
1082 13.566283652955063 -152.09682695048082 -438.3127788949176 1078 1086 -1
1083 -55.751724601871295 -130.4839255046294 -411.74624458640704 1079 1087 -1
1084 -46.39578621826911 -144.02033566184573 -406.71468697618633 1080 1088 -1
1085 -40.75933438193777 -140.68532150786749 -407.736058219896 1081 1089 -1
1086 13.609317728519633 -151.89047841901217 -438.34262955150604 1082 1090 -1
1087 -55.897340054726605 -130.41282068808025 -411.6145975106466 1083 1091 -1
1088 -46.48709520435809 -144.13027575984734 -406.55196598343383 1084 1092 -1
1089 -40.63009966983858 -140.58684911912732 -407.60148147014434 1085 1093 -1
1090 13.653919236884194 -151.6847130340925 -438.3741576294588 1086 1094 -1
1091 -56.04313923363276 -130.34284622390112 -411.4825487057704 1087 1095 -1
1092 -46.576508220230764 -144.24316554229893 -406.39021455129273 1088 1096 -1
1093 -40.50237016627944 -140.4872284424723 -407.466314053527 1089 1097 -1
1094 13.699982056381554 -151.47956836109213 -438.4075727312685 1090 1098 -1
1095 -56.1891240059061 -130.27398257710345 -411.3501215061746 1091 1099 -1
1096 -46.663999954185996 -144.3589061546714 -406.2294300273646 1092 1100 -1
1097 -40.376129447220364 -140.38649049901036 -407.3305771998152 1093 1101 -1
1098 13.747360685219535 -151.27506898888802 -438.44303958151505 1094 1102 -1
1099 -56.335296581616596 -130.20621075393495 -411.21733866782097 1095 1103 -1
1100 -46.74954845449713 -144.47739744022599 -406.0696061676668 1096 1104 -1
1101 -40.25136085189086 -140.28466554143708 -407.1942913542757 1097 1105 -1
1102 13.795910555168751 -151.07123988702213 -438.48071176635506 1098 1106 -1
1103 -56.48165937445265 -130.13951154362792 -411.0842226410205 1099 1107 -1
1104 -46.83313501164958 -144.59853837959383 -405.9107332671851 1100 1108 -1
1105 -40.12804700207833 -140.18178344400775 -407.05747638783646 1101 1109 -1
1106 13.845516547727614 -150.86812787470438 -438.5208029293018 1102 1110 -1
1107 -56.62821599967958 -130.07386966037697 -410.95079465109285 1103 1111 -1
1108 -46.91474402247337 -144.7222274986447 -405.7527983086637 1104 1112 -1
1109 -40.0061697345196 -140.0778737653452 -406.9201516356289 1105 1113 -1
1110 13.896042697774591 -150.66577390625974 -438.56349286678704 1106 1114 -1
1111 -56.77497433125737 -130.00928707103282 -410.81707176559433 1107 1115 -1
1112 -46.994362839557844 -144.84836324281056 -405.5957851261686 1108 1116 -1
1113 -39.88571015571959 -139.97296572019374 -406.7823358895158 1109 1117 -1
1114 13.9473438012717 -150.4642135187134 -438.6089238807366 1110 1118 -1
1115 -56.92194318263209 -129.94577002733283 -410.6830700122935 1111 1119 -1
1116 -47.0719816092085 -144.9768443167812 -405.4396745800859 1112 1120 -1
1117 -39.76664869560295 -139.8670881541507 -406.64404739287016 1113 1121 -1
1118 13.99929448542135 -150.26350975828316 -438.65731227835334 1114 1122 -1
1119 -57.06913131211439 -129.88332509550494 -410.548805302872 1115 1123 -1
1120 -47.14759297677266 -145.1075701216036 -405.2844447932841 1116 1124 -1
1121 -39.64896515982204 -139.76026952127071 -406.5053038374545 1117 1125 -1
1122 14.051757843984245 -150.06372686057594 -438.70885422799233 1118 1126 -1
1123 -57.2165474237812 -129.821959159629 -410.41429345123856 1119 1127 -1
1124 -47.221192333329725 -145.2404405640395 -405.13007115711974 1120 1128 -1
1125 -39.53263878056848 -139.65253786442867 -406.3661223622502 1121 1129 -1
1126 14.104587163659112 -149.8649161809361 -438.7636760642496 1122 1130 -1
1127 -57.364200168184745 -129.7616794250497 -410.2795501915863 1123 1131 -1
1128 -47.29277721679097 -145.37535677304848 -404.97652671048917 1124 1132 -1
1129 -39.41764826575781 -139.5439207983191 -406.22651955408776 1125 1133 -1
1130 14.157645076348944 -149.6671649313302 -438.821996538948 1126 1134 -1
1131 -57.51209814285457 -129.70249342183968 -410.1445911962232 1127 1135 -1
1132 -47.36234721285581 -145.51222119697582 -404.82378229269005 1128 1136 -1
1133 -39.30397184647822 -139.43444549496502 -406.0865114499294 1129 1137 -1
1134 14.210785395512726 -149.47056533330624 -438.8840168320198 1130 1138 -1
1135 -57.66024989257533 -129.6444090083097 -410.00943209320343 1131 1139 -1
1136 -47.42990358073377 -145.65093793616617 -404.6718068022517 1132 1140 -1
1137 -39.19158732261471 -139.32413867160636 -405.9461135406609 1133 1141 -1
1138 14.2638599728117 -149.27518974580465 -438.9498432521779 1134 1142 -1
1139 -57.80866390942496 -129.58743437456266 -409.87408848378783 1135 1143 -1
1140 -47.495449625653045 -145.79141237746916 -404.5205671724839 1136 1144 -1
1141 -39.08047210657855 -139.2130265808343 -405.8053407762509 1137 1145 -1
1142 14.316716920135052 -149.08115762313253 -439.0196946855873 1138 1146 -1
1143 -57.957348632556865 -129.53157804608455 -409.7385759597594 1139 1147 -1
1144 -47.55899016439389 -145.93355166400812 -404.37002869908645 1140 1148 -1
1145 -38.97060326508951 -139.10113500283805 -405.6642075721439 1141 1149 -1
1146 14.369198407225296 -148.88859047793045 -439.0937549828503 1142 1150 -1
1147 -58.10631244770694 -129.47684888736816 -409.60291012061685 1143 1151 -1
1148 -47.620531386705515 -146.0772647512563 -404.22015520292234 1144 1152 -1
1149 -38.861957558974694 -138.98848923963033 -405.52272781675566 1145 1153 -1
1150 14.421155322837418 -148.69758556853554 -439.1721052195607 1146 1154 -1
1151 -58.255563686411946 -129.42325610555832 -409.467106590675 1147 1155 -1
1152 -47.68008072711889 -146.22246244425207 -404.07090918686777 1148 1156 -1
1153 -38.754512084527576 -138.87511374930025 -405.38091471557823 1149 1157 -1
1154 14.472423355357124 -148.50829792249397 -439.2549474749653 1150 1158 -1
1155 -58.40511062491665 -129.37080925411192 -409.3311810360886 1151 1159 -1
1156 -47.73764629954485 -146.3690577162144 -403.9222521115007 1152 1160 -1
1157 -38.648242956057565 -138.7610329689006 -405.2387811775719 1153 1161 -1
1158 14.522945979423191 -148.3208149673662 -439.34223330962897 1154 1162 -1
1159 -58.55496148275425 -129.31951823645954 -409.1951491818261 1155 1163 -1
1160 -47.79323727947241 -146.51696532210744 -403.7741443708047 1156 1164 -1
1161 -38.54312587064221 -138.64627097268144 -405.09633966616394 1157 1165 -1
1162 14.572817268686144 -148.13510892825667 -439.4335983386809 1158 1166 -1
1163 -58.7051244209805 -129.26939330965737 -409.0590268286121 1159 1167 -1
1164 -47.84686453922858 -146.66610137816508 -403.6265452602717 1160 1168 -1
1165 -38.439136715513136 -138.53085113349692 -404.9536020569645 1161 1169 -1
1166 14.622126327958513 -147.95118175578344 -439.5287884168536 1162 1170 -1
1167 -58.85560754003957 -129.22044508801434 -408.9228298698566 1163 1171 -1
1168 -47.898538001572284 -146.81638490412422 -403.47941375033633 1164 1172 -1
1169 -38.33625124051709 -138.41479634225664 -404.8105797482925 1165 1173 -1
1170 14.67097544476778 -147.76899734569022 -439.6275027921141 1166 1174 -1
1171 -59.00641887724369 -129.1726845466789 -408.7865743085904 1167 1175 -1
1172 -47.94826979268694 -146.96773581538807 -403.3327077950444 1168 1176 -1
1173 -38.23444508603573 -138.29812901132377 -404.6672836729062 1169 1177 -1
1174 14.719475589143999 -147.58847596771213 -439.7293942207859 1170 1178 -1
1175 -59.15756640384444 -129.12612302516706 -408.6502762744241 1171 1179 -1
1176 -47.99607109817386 -147.1200766373841 -403.1863851544702 1172 1180 -1
1177 -38.133694592259275 -138.1808706464995 -404.52372411765515 1173 1181 -1
1178 14.7677301149833 -147.40956857687237 -439.8342082034456 1174 1182 -1
1179 -59.30905802167234 -129.08077223081287 -408.5139520405425 1175 1183 -1
1180 -48.04195494397843 -147.2733309331609 -403.0404029026487 1176 1184 -1
1181 -38.03397534480048 -138.06304268749918 -404.37991110800846 1177 1185 -1
1182 14.815848137362421 -147.2322138302063 -439.9416903928042 1178 1186 -1
1183 -59.46090159367568 -129.03664436009348 -408.37761804140246 1179 1187 -1
1184 -48.08593249715027 -147.42742497582185 -402.89471816890426 1180 1188 -1
1185 -37.935261975195814 -137.94466660691518 -404.23585445993103 1181 1189 -1
1186 14.863942662014885 -147.05629877492902 -440.05152382311627 1182 1190 -1
1187 -59.61310485114828 -128.99375179492202 -408.2412908919379 1183 1191 -1
1188 -48.128017485932155 -147.58228564248336 -402.7492874888731 1184 1192 -1
1189 -37.83752991814252 -137.82576296356353 -404.0915633689993 1185 1193 -1
1190 14.912123822897989 -146.88173540309035 -440.16345660934945 1186 1194 -1
1191 -59.76567546017546 -128.9521073555602 -408.10498740010473 1187 1195 -1
1192 -48.168222526519436 -147.73784196725197 -402.6040674706393 1188 1196 -1
1193 -37.74075544435391 -137.70635143338237 -403.94704643366634 1189 1197 -1
1194 14.960511057983576 -146.70845847079104 -440.2772837993605 1190 1198 -1
1195 -59.91862100415958 -128.91172425971828 -407.9687245862523 1191 1199 -1
1196 -48.20656011473248 -147.894024534287 -402.45901466232385 1192 1200 -1
1197 -37.644914276443096 -137.5864515713219 -403.8023120019243 1193 1201 -1
1198 15.00921447863629 -146.5363323043966 -440.3927110731784 1194 1202 -1
1199 -60.07194897306889 -128.87261610833136 -407.8325197006178 1195 1203 -1
1200 -48.24304295715507 -148.05076526670015 -402.3140855827806 1196 1204 -1
1201 -37.549980811658344 -137.4660832031132 -403.6573683561863 1197 1205 -1
1202 15.058348144606352 -146.3652534600868 -440.5095052996139 1198 1206 -1
1203 -60.225666756976224 -128.8347968880105 -407.6963902407794 1199 1207 -1
1204 -48.27768415956698 -148.20799732658938 -402.1692368030607 1200 1208 -1
1205 -37.4559309168188 -137.34526499158798 -403.51222308295695 1201 1209 -1
1206 15.108038625130888 -146.19512967275702 -440.62745357359734 1202 1210 -1
1207 -60.37978163899235 -128.79828097321564 -407.56035396920606 1203 1211 -1
1208 -48.31049637072061 -148.36565527055063 -402.0244250541844 1204 1212 -1
1209 -37.36274160446796 -137.22401466409906 -403.3668831767192 1205 1213 -1
1210 15.158403322090525 -146.0258424699145 -440.746316157072 1206 1214 -1
1211 -60.534300787564455 -128.7630831281106 -407.42442893090333 1207 1215 -1
1212 -48.34149214083339 -148.52367483899573 -401.879607248322 1208 1216 -1
1213 -37.270386766130365 -137.10235114848456 -403.22135601307104 1209 1217 -1
1214 15.20955525204666 -145.8572721619811 -440.8658595720465 1210 1218 -1
1215 -60.68923124811327 -128.72921850805994 -407.28863347115197 1211 1219 -1
1216 -48.37068389054824 -148.68199287747106 -401.73474053135556 1212 1220 -1
1217 -37.17884284782875 -136.9802917466925 -403.07564808214164 1213 1221 -1
1218 15.261620854011223 -145.68931059954176 -440.9858645869797 1214 1222 -1
1219 -60.84457993397964 -128.6967026607223 -407.152986253335 1215 1223 -1
1220 -48.39808388522548 -148.84054725813166 -401.58978233195006 1216 1224 -1
1221 -37.088086437462174 -136.8578533814056 -402.9297655520123 1217 1225 -1
1222 15.314742803782176 -145.52185081360216 -441.10610763133445 1218 1226 -1
1223 -61.00035361665114 -128.6655515266924 -407.01750627684305 1219 1227 -1
1224 -48.42370421426023 -148.99927680189168 -401.4446904075872 1220 1228 -1
1225 -36.99809196394967 -136.7350536868364 -402.78371478698347 1221 1229 -1
1226 15.36902573359774 -145.3547685421381 -441.2263572089019 1222 1230 -1
1227 -61.156558915241014 -128.63578143964136 -406.88221289504787 1223 1231 -1
1228 -48.44755615863697 -149.15812122094354 -401.29942281165387 1224 1232 -1
1229 -36.90883715920053 -136.6119084315423 -402.63750115444645 1225 1233 -1
1230 15.424596237009293 -145.18795310761925 -441.34638884684654 1226 1234 -1
1231 -61.31320228518906 -128.60740912590055 -406.7471258333262 1227 1235 -1
1232 -48.46965188549226 -149.3170209438315 -401.1539381121491 1228 1236 -1
1233 -36.82029692327875 -136.48843442515948 -402.4911303910835 1229 1237 -1
1234 15.481625415798014 -145.02129655155056 -441.46595588390613 1230 1238 -1
1235 -61.47029000615649 -128.58045170343118 -406.61226520711745 1231 1239 -1
1236 -48.49000288615492 -149.47591716959582 -401.0081952959755 1232 1240 -1
1237 -36.73244791782316 -136.36464737900417 -402.3446076032721 1233 1241 -1
1238 15.540195824764734 -144.85468125669422 -441.58483309481977 1234 1242 -1
1239 -61.627828198439175 -128.5549267734017 -406.47765155721976 1235 1243 -1
1240 -48.50862021500467 -149.6347517355464 -400.86215379813245 1236 1244 -1
1241 -36.645266822690346 -136.24056274472977 -402.1979376625635 1237 1245 -1
1242 15.600317902027102 -144.68797854814477 -441.7028096952608 1238 1246 -1
1243 -61.78582309670374 -128.5308533317626 -406.343306053409 1239 1247 -1
1244 -48.52551420043447 -149.79346698074335 -400.7157734472651 1240 1248 -1
1245 -36.558729295643126 -136.11619617074098 -402.0511254474402 1241 1249 -1
1246 15.662001348260786 -144.52104073066639 -441.8196420985154 1242 1250 -1
1247 -61.944280042188296 -128.5082486117696 -406.2092499142471 1243 1251 -1
1248 -48.540696511479105 -149.95200587686017 -400.5690149466068 1244 1252 -1
1249 -36.47281312127069 -135.9915621417448 -401.9041751572554 1245 1253 -1
1250 15.725175406324054 -144.3537306526357 -441.93513750491394 1246 1254 -1
1251 -62.103204474965196 -128.4871312820226 -406.07550500283304 1247 1255 -1
1252 -48.55417676222902 -150.1103116466811 -400.42183918130434 1248 1256 -1
1253 -36.38749358608404 -135.8666759863775 -401.7570913505535 1249 1257 -1
1254 15.78981198326453 -144.1859063866517 -442.0490668346502 1250 1258 -1
1255 -62.262601585523754 -128.4675203861713 -405.94209366254785 1251 1259 -1
1256 -48.565965927970865 -150.2683280877873 -400.27420802972387 1252 1260 -1
1257 -36.30274902614464 -135.74155153121276 -401.6098777158516 1253 1261 -1
1258 15.8559126943245 -144.01740810572153 -442.16114579478216 1254 1262 -1
1259 -62.422476297233096 -128.4494353367655 -405.8090387346537 1255 1263 -1
1260 -48.5760734749492 -150.4259990932482 -400.1260836730992 1256 1264 -1
1261 -36.21855485813713 -135.61620360675397 -401.462538425124 1257 1265 -1
1262 15.923404586832314 -143.8481115157901 -442.2711733325264 1258 1266 -1
1263 -62.58283364453209 -128.43289718442165 -405.676363904558 1259 1267 -1
1264 -48.58451012664755 -150.5832691243734 -399.97742941038325 1260 1268 -1
1265 -36.1348895334613 -135.49064561579087 -401.31507679068625 1261 1269 -1
1266 15.992289677665099 -143.677850075144 -442.37882223982194 1262 1270 -1
1267 -62.74367785016319 -128.4179257194361 -405.544093015677 1263 1271 -1
1268 -48.59128445449063 -150.74008235004527 -399.8282086162061 1264 1272 -1
1269 -36.05172897584827 -135.36489178266095 -401.1674965521844 1265 1273 -1
1270 16.062511391262813 -143.50649498508426 -442.483839296375 1266 1274 -1
1271 -62.90501268808274 -128.40454067376783 -405.4122503312405 1267 1275 -1
1272 -48.596407136329745 -150.89638371348985 -399.6783861865966 1268 1276 -1
1273 -35.96905142721922 -135.23895525378288 -401.0198007578777 1269 1277 -1
1274 16.13404223924623 -143.3338948340813 -442.58589096102213 1270 1278 -1
1275 -63.06684181791675 -128.3927628591771 -405.2808608639248 1271 1279 -1
1276 -48.59988755242505 -151.05211798231122 -399.52792743088634 1272 1280 -1
1277 -35.886833578252634 -135.11284960185992 -400.8719926863453 1273 1281 -1
1278 16.20683669250997 -143.15991350828457 -442.6846497068456 1274 1282 -1
1279 -63.22916915551863 -128.3826154715824 -405.1499508394299 1275 1283 -1
1280 -48.601734270336955 -151.20722969518093 -399.3767981740548 1276 1284 -1
1281 -35.80505324112612 -134.98658782466342 -400.72407521510115 1277 1285 -1
1282 16.280847887985328 -142.98441421722083 -442.77974876122335 1278 1286 -1
1283 -63.391997234873415 -128.37411879575723 -405.01954615555906 1279 1287 -1
1284 -48.60195741192183 -151.36166405946403 -399.22496578248615 1280 1288 -1
1285 -35.72368802473961 -134.8601828530024 -400.5760511467236 1281 1289 -1
1286 16.356013684769607 -142.8072797714776 -442.87082438698366 1282 1290 -1
1287 -63.55532832177561 -128.36729387869417 -404.8896734225591 1283 1291 -1
1288 -48.600566222461545 -151.51536601331622 -399.07239821224243 1284 1292 -1
1289 -35.642715188254805 -134.73364759097865 -400.4279232655548 1285 1293 -1
1290 16.4322806466193 -142.62837382298522 -442.9574086297787 1286 1294 -1
1291 -63.719165067352435 -128.36216482577515 -404.7603607962045 1287 1295 -1
1292 -48.597569954615665 -151.66828050194619 -398.9190643849184 1288 1296 -1
1293 -35.56211331040534 -134.60699438550935 -400.2796938944278 1289 1297 -1
1294 16.50955026357327 -142.44763251344165 -443.03915517277454 1290 1298 -1
1295 -63.883508839347336 -128.35875330465942 -404.63163621696333 1291 1299 -1
1296 -48.5929779031476 -151.82035246599847 -398.7649342352662 1292 1300 -1
1297 -35.48185930990061 -134.48023598550196 -400.13136571573364 1293 1301 -1
1298 16.587753889526244 -142.26492757472047 -443.11546520064906 1294 1302 -1
1299 -64.04836031915926 -128.3570805476398 -404.5035280034678 1295 1303 -1
1300 -48.586799437437875 -151.97152683431233 -398.6099787584959 1296 1304 -1
1301 -35.4019319555447 -134.35338446485463 -399.98294079750735 1297 1305 -1
1302 16.666765167831347 -142.08023725583962 -443.18593482438854 1298 1306 -1
1303 -64.21372112096695 -128.35717306202645 -404.37606699187404 1299 1307 -1
1304 -48.57904403527242 -152.1217485226724 -398.45417005866017 1300 1308 -1
1305 -35.32230876090896 -134.2264521598969 -399.8344214899209 1301 1309 -1
1306 16.746458647164108 -141.89363921201482 -443.25035574503636 1302 1310 -1
1307 -64.37959024299157 -128.35905042148335 -404.2492820912513 1303 1311 -1
1308 -48.569721317744985 -152.27096243877475 -398.297481398002 1304 1312 -1
1309 -35.24296787305666 -134.09945112301835 -399.685809884442 1305 1313 -1
1310 16.826724885620912 -141.70555037603103 -443.30952702684954 1306 1314 -1
1311 -64.54596771479801 -128.36273802548575 -404.1232050149583 1307 1315 -1
1312 -48.558841085101484 -152.419113493621 -398.1398872471063 1308 1316 -1
1313 -35.16388787017384 -133.97239323262042 -399.53710784726513 1309 1317 -1
1314 16.907466793613086 -141.5164736995452 -443.36478036708144 1310 1318 -1
1315 -64.7128521476963 -128.36825861431961 -403.9978671177932 1311 1319 -1
1316 -48.54641335334173 -152.56614661953765 -397.9813633356554 1312 1320 -1
1317 -35.085046438562685 -133.84529047046303 -399.3883174990563 1313 1321 -1
1318 16.98861691065164 -141.3268373150631 -443.41746403242337 1314 1322 -1
1319 -64.8802416765443 -128.3756356585444 -403.87330069828323 1315 1323 -1
1320 -48.532448391380825 -152.71200679500106 -397.82188670355043 1316 1324 -1
1321 -35.00642233700097 -133.71815453781446 -399.23944051163033 1317 1325 -1
1322 17.070128030364444 -141.13702113699043 -443.468932060597 1318 1326 -1
1323 -65.04813395245631 -128.3848934700404 -403.74953910064437 1319 1327 -1
1324 -48.516956758557605 -152.8566390764235 -397.661435752119 1320 1328 -1
1325 -34.92799372171621 -133.5909971782377 -399.0904787344151 1321 1329 -1
1326 17.151963189430756 -140.94739240220363 -443.52057602513304 1322 1330 -1
1327 -65.21652551464479 -128.3960549380901 -403.6266157611329 1323 1331 -1
1328 -48.5 -153.0 -397.5 1324 -1 -1
1329 -34.84973885476525 -133.4638300306201 -398.9414339561755 1325 1332 -1
1330 17.234072300227016 -140.75830496442242 -443.57374332468754 1326 1333 -1
1331 -65.3854124898411 -128.40914424642975 -403.50456539512714 1327 1334 -1
1332 -34.77163663193173 -133.33666468386758 -398.7923075953246 1329 1335 -1
1333 17.316399707884113 -140.57012013130046 -443.62969681573554 1330 1336 -1
1334 -65.5547900944572 -128.42418509946907 -403.3834232533856 1331 1337 -1
1335 -34.69366512412936 -133.20951267382588 -398.643101479869 1332 1338 -1
1336 17.39887166865708 -140.38326718374333 -443.6897430134897 1333 1339 -1
1337 -65.72465239568913 -128.44119976766706 -403.2632246390288 1334 1340 -1
1338 -34.615802985076755 -133.08238550373545 -398.4938171040005 1335 1341 -1
1339 17.481381187739206 -140.19814823099722 -443.75488159202075 1336 1342 -1
1340 -65.89499351799061 -128.46021419171956 -403.14400741261414 1337 1343 -1
1341 -34.53803392794184 -132.95529479990066 -398.3444531804488 1338 1344 -1
1342 17.56379725971421 -140.01524312744752 -443.82610127764656 1339 1345 -1
1343 -66.06580526413038 -128.4812481183309 -403.0258071550009 1340 1346 -1
1344 -34.46035854043149 -132.8282523446334 -398.1949994977026 1341 1347 -1
1345 17.646004280455966 -139.83496072645528 -443.903942267689 1342 1348 -1
1346 -66.23708000040267 -128.5043274359041 -402.90866332641724 1343 1349 -1
1347 -34.38278144551668 -132.70127016393073 -398.04544357411913 1344 1350 -1
1348 17.72817940594803 -139.65701806408953 -443.98703744610935 1345 1351 -1
1349 -66.40880804524214 -128.52947302094788 -402.79261364520084 1346 1352 -1
1350 -34.305307136919275 -132.57436023989447 -397.8957730814792 1347 1353 -1
1351 17.810654585543485 -139.48083254193298 -444.07351833984205 1348 1354 -1
1352 -66.5809788661113 -128.55670585602974 -402.6776966329928 1349 1355 -1
1353 -34.227940011863396 -132.44753447579396 -397.74597586288894 1350 1356 -1
1354 17.893788611840755 -139.30578975559854 -444.1616761524181 1351 1357 -1
1355 -66.75358180910938 -128.58605091563587 -402.5639538698735 1352 1358 -1
1356 -34.150684893998296 -132.32080514228977 -397.59603929162455 1353 1359 -1
1357 17.97793079375957 -139.13126457130687 -444.2499038047116 1354 1360 -1
1358 -66.92660388869962 -128.61752648198637 -402.45142407343803 1355 1361 -1
1359 -34.07354620782578 -132.1941841938536 -397.4459512825379 1356 1362 -1
1360 18.063503548175067 -138.9566587296553 -444.33657904745127 1357 1363 -1
1361 -67.10003154706125 -128.65115259934618 -402.34014772786077 1358 1364 -1
1362 -33.99652855841031 -132.06768374247605 -397.29569959770674 1359 1365 -1
1363 18.15084448872886 -138.78140745552417 -444.42012474295865 1360 1366 -1
1364 -67.27385057856566 -128.68695127145554 -402.23016736799366 1361 1367 -1
1365 -33.919636942941665 -131.94131634221935 -397.14527150792816 1362 1368 -1
1366 18.24036704430974 -138.60497889179345 -444.49872510572493 1363 1369 -1
1367 -67.44804500878858 -128.72494035510752 -402.1215239510675 1364 1370 -1
1368 -33.84287577350902 -131.8150939486948 -396.99465517421174 1365 1371 -1
1369 18.33242568031723 -138.4269440173887 -444.57045709756534 1366 1372 -1
1370 -67.62259773589975 -128.76513680376456 -402.0142586859653 1367 1373 -1
1371 -33.76625000375827 -131.68902912371843 -396.8438380656721 1368 1374 -1
1372 18.427171166625463 -138.24731286345033 -444.63427606736536 1369 1375 -1
1373 -67.7974906891762 -128.8075577694486 -401.9084137409589 1370 1376 -1
1374 -33.68976455467517 -131.56313443757227 -396.6928077638935 1371 1377 -1
1375 18.524470121874014 -138.06664328041967 -444.69093417338877 1372 1378 -1
1376 -67.97270500583623 -128.85222234313594 -401.8040334755038 1373 1379 -1
1377 -33.613424088870374 -131.43742215643368 -396.5415523418911 1374 1380 -1
1378 18.62417934870445 -137.88548990074102 -444.74154544653834 1375 1381 -1
1379 -68.14821975422562 -128.89914238776248 -401.7011583904848 1376 1382 -1
1380 -33.53723394429574 -131.3119054310457 -396.390058911274 1377 1383 -1
1381 18.72614585917422 -137.70432741702896 -444.787417931913 1378 1384 -1
1382 -68.32401327551786 -128.94833160700426 -401.5998309788822 1379 1385 -1
1383 -33.46119886600777 -131.1865966725973 -396.2383156189296 1380 1386 -1
1384 18.830315917469836 -137.52356970702266 -444.82981362321954 1381 1387 -1
1385 -68.5 -129.0 -401.5 1382 -1 -1
1386 -33.385324014872076 -131.06150885771277 -396.08631006223857 1383 1388 -1
1387 18.93654342900125 -137.34354934875577 -444.87019927277026 1384 1389 -1
1388 -33.30961477223061 -130.93665531105043 -395.93402958107345 1386 1390 -1
1389 19.04480016579097 -137.16459772245753 -444.90994298527926 1387 1391 -1
1390 -33.23407602313262 -130.81204867065355 -395.78146246869414 1388 1392 -1
1391 19.154962218455672 -136.9869862393801 -444.95045205025264 1389 1393 -1
1392 -33.15871358700912 -130.68770296017036 -395.62859557441266 1390 1394 -1
1393 19.266947105027903 -136.81101227764725 -444.9930502680774 1391 1395 -1
1394 -33.08353245507363 -130.56363100696018 -395.47541729206563 1392 1396 -1
1395 19.380708383081263 -136.63685002248698 -445.03830379208944 1393 1397 -1
1396 -33.00853837408774 -130.43984679380176 -395.32191487104035 1394 1398 -1
1397 19.496266174439235 -136.46454000015828 -445.0860297457494 1395 1399 -1
1398 -32.93373689848328 -130.31636404313386 -395.16807604373264 1396 1400 -1
1399 19.613663876023296 -136.29413148991108 -445.1360383626761 1397 1401 -1
1400 -32.859133598331155 -130.19319651872289 -395.0138886831052 1398 1402 -1
1401 19.732922234590937 -136.1256464960308 -445.1881196911596 1399 1403 -1
1402 -32.78473455712508 -130.07035883261258 -394.8593399288931 1400 1404 -1
1403 19.854072646166284 -135.9591150550205 -445.242083619966 1401 1405 -1
1404 -32.71054524406925 -129.9478646232405 -394.7044181917891 1402 1406 -1
1405 19.97715735224256 -135.7945761841435 -445.2977559594007 1403 1407 -1
1406 -32.63657221329186 -129.82572933346606 -394.54911014327206 1404 1408 -1
1407 20.10216706603183 -135.63201449258827 -445.3549279447708 1405 1409 -1
1408 -32.562820934847295 -129.7039666265514 -394.39340459291145 1406 1410 -1
1409 20.229194863562576 -135.47151783888063 -445.41346990048174 1407 1411 -1
1410 -32.489298348164006 -129.58259265790045 -394.2372879275976 1408 1412 -1
1411 20.35821680860793 -135.31300147651228 -445.47303774476364 1409 1413 -1
1412 -32.416010054400964 -129.46162132832518 -394.08074916097473 1410 1414 -1
1413 20.489326167094344 -135.15639853281036 -445.5331074172281 1411 1415 -1
1414 -32.34296326326455 -129.34106932163522 -393.9237746414506 1412 1416 -1
1415 20.622635098320153 -135.00164137146606 -445.59311941533696 1413 1417 -1
1416 -32.270163868572524 -129.22095105774807 -393.7663533335794 1414 1418 -1
1417 20.758190042336285 -134.84861445973743 -445.6525333300954 1415 1419 -1
1418 -32.19761920267412 -129.10128349227776 -393.6084718584711 1416 1420 -1
1419 20.89611226837131 -134.69727216781018 -445.71080219129743 1417 1421 -1
1420 -32.1253356477713 -128.98208192102834 -393.450118818245 1418 1422 -1
1421 21.036527896008376 -134.54758120447767 -445.76735417647717 1419 1423 -1
1422 -32.05332047554562 -128.86336323556748 -393.29128148500826 1420 1424 -1
1423 21.179488767715206 -134.39947877852612 -445.82166454715093 1421 1425 -1
1424 -31.98158078944939 -128.74514404609275 -393.1319477237788 1422 1426 -1
1425 21.325121721433085 -134.25297301303885 -445.87312869607325 1423 1427 -1
1426 -31.91012357832016 -128.62744075807385 -392.97210590440085 1424 1428 -1
1427 21.473540486461903 -134.1080905316035 -445.9211068834926 1425 1429 -1
1428 -31.838956939917033 -128.51027182289826 -392.81174271842235 1426 1430 -1
1429 21.624767321152245 -133.96483972490842 -445.9650397545606 1427 1431 -1
1430 -31.768087724786007 -128.39365340605622 -392.65084742000147 1428 1432 -1
1431 21.778919202580017 -133.8233271965688 -446.0041702217757 1429 1433 -1
1432 -31.697524114656222 -128.2776041374467 -392.4894072170814 1430 1434 -1
1433 21.93600287874971 -133.68364708433123 -446.0378322344465 1431 1435 -1
1434 -31.627274024624935 -128.16214216701457 -392.32741015073753 1432 1436 -1
1435 22.095964044175194 -133.54595113174938 -446.0656047555311 1433 1437 -1
1436 -31.557345134367917 -128.04728519977817 -392.16484503976454 1434 1438 -1
1437 22.258729196682154 -133.410558973856 -446.0878838841809 1435 1439 -1
1438 -31.487746172954683 -127.93305292204116 -392.0016992278183 1436 1440 -1
1439 22.42407284475452 -133.27764677436988 -446.10566939040984 1437 1441 -1
1440 -31.418485424348354 -127.81946418534149 -391.8379612418504 1438 1442 -1
1441 22.591969796979765 -133.14751374093765 -446.1197067050188 1439 1443 -1
1442 -31.349571181875902 -127.70653784993658 -391.6736199917185 1440 1444 -1
1443 22.762273851258307 -133.0202712999915 -446.1309887497085 1441 1445 -1
1444 -31.281012402462657 -127.59429403997848 -391.508663651535 1442 1446 -1
1445 22.934979821208128 -132.89615041986127 -446.1403839785541 1443 1447 -1
1446 -31.212818445898066 -127.48275365807496 -391.34308014867105 1444 1448 -1
1447 23.110013259418334 -132.77526465019903 -446.14884839593907 1445 1449 -1
1448 -31.144997922931967 -127.37193615338998 -391.1768591475717 1446 1450 -1
1449 23.2873643896861 -132.65780705626742 -446.1573267265315 1447 1451 -1
1450 -31.077560188722654 -127.26186239934268 -391.009989496801 1448 1452 -1
1451 23.466976165574426 -132.543913834399 -446.166777810745 1449 1453 -1
1452 -31.010514811896158 -127.15255367411152 -390.8424601674594 1450 1454 -1
1453 23.648815038830328 -132.4337807640506 -446.1780208308584 1451 1455 -1
1454 -30.94387207796398 -127.04403264820786 -390.6742594409887 1452 1456 -1
1455 23.832836775933746 -132.32754209753298 -446.1910770891217 1453 1457 -1
1456 -30.87764134600091 -126.93632016378095 -390.505377658957 1454 1458 -1
1457 24.019040023912332 -132.22539347110546 -446.20574005601077 1455 1459 -1
1458 -30.811832756296987 -126.82943857125031 -390.3358043867141 1456 1460 -1
1459 24.207377627535138 -132.12744924776356 -446.22176846009023 1457 1461 -1
1460 -30.746456650839896 -126.72341059810537 -390.16552940738836 1458 1462 -1
1461 24.3978619013955 -132.03395441997367 -446.23895380252907 1459 1463 -1
1462 -30.681523574589143 -126.6182593499814 -389.9945427394311 1460 1464 -1
1463 24.590416533913512 -131.94497990451612 -446.25704141205705 1461 1465 -1
1464 -30.617044276387148 -126.51400831092108 -389.8228346549591 1462 1466 -1
1465 24.78507432374909 -131.86085753480506 -446.27581761161605 1463 1467 -1
1466 -30.553029832600533 -126.41068158811397 -389.65039550742245 1464 1468 -1
1467 24.98173141890252 -131.78162547311456 -446.29502154538216 1465 1469 -1
1468 -30.48949143562279 -126.3083034903483 -389.4772160879376 1466 1470 -1
1469 25.180384951260883 -131.70759920534238 -446.314447271021 1467 1471 -1
1470 -30.426440243729452 -126.20689822379717 -389.3032878656741 1468 1472 -1
1471 25.380934172214502 -131.63892584629176 -446.33404478019605 1469 1473 -1
1472 -30.36388781891459 -126.10649076330313 -389.12860232905024 1470 1474 -1
1473 25.583279952654596 -131.57579971255186 -446.35382955951843 1471 1475 -1
1474 -30.301845925047513 -126.00710644903077 -388.95315132322804 1472 1476 -1
1475 25.78734476519488 -131.51854780825144 -446.3738209799607 1473 1477 -1
1476 -30.240326525918743 -125.90877098048736 -388.7769270730406 1474 1478 -1
1477 25.992964402766418 -131.46724701212418 -446.3940283806828 1475 1479 -1
1478 -30.1793417826795 -125.81151040925151 -388.59992220661445 1476 1480 -1
1479 26.200020275243034 -131.4221949610348 -446.414467742665 1477 1481 -1
1480 -30.118904050636313 -125.71535113033649 -388.42212977964977 1478 1482 -1
1481 26.40835115359506 -131.38359951129956 -446.4351505248803 1479 1483 -1
1482 -30.05902587536135 -125.62031987211344 -388.2435433003163 1480 1484 -1
1483 26.617763099300323 -131.35154017126806 -446.4560799409812 1481 1485 -1
1484 -29.999719988079175 -125.5264436847205 -388.0641567547142 1482 1486 -1
1485 26.82803965821077 -131.3259158851151 -446.47722545311444 1483 1487 -1
1486 -29.940999300290787 -125.4337499268853 -387.8839646328425 1484 1488 -1
1487 27.03892914102936 -131.3061054147288 -446.49852077089633 1485 1489 -1
1488 -29.88287689759549 -125.34226625108775 -387.7029619550095 1486 1490 -1
1489 27.25023574525678 -131.29150173476555 -446.51990627517864 1487 1491 -1
1490 -29.825366219051794 -125.25202096461571 -387.5211440543829 1488 1492 -1
1491 27.461814609298376 -131.28164775091292 -446.5413278943974 1489 1493 -1
1492 -29.76848076343131 -125.16304243299925 -387.3385069932176 1490 1494 -1
1493 27.673545334489827 -131.2758377155648 -446.56273401950585 1491 1495 -1
1494 -29.71223389710176 -125.07535868692402 -387.15504781113344 1492 1496 -1
1495 27.885350499931196 -131.27353196234924 -446.58407843729094 1493 1497 -1
1496 -29.65663932440908 -124.9889983730363 -386.9707639237351 1494 1498 -1
1497 28.097178544872587 -131.2741793689688 -446.605316559469 1495 1499 -1
1498 -29.60171087927281 -124.90399032966988 -386.7856534133388 1496 1500 -1
1499 28.309001491614183 -131.27716445333442 -446.62641096961687 1497 1501 -1
1500 -29.547462513403882 -124.82036356064908 -386.5997150561798 1498 1502 -1
1501 28.52080939259525 -131.28199156066003 -446.6473188962124 1499 1503 -1
1502 -29.49390828348443 -124.73814720702894 -386.4129483493555 1500 1504 -1
1503 28.732603968350123 -131.28816427905468 -446.6680084115577 1501 1505 -1
1504 -29.441062547351983 -124.65737094384198 -386.2253532968652 1502 1506 -1
1505 28.944391097904795 -131.29536790143064 -446.68844087654674 1503 1507 -1
1506 -29.388940044448983 -124.57806514210348 -386.0369303542043 1504 1508 -1
1507 29.156181209070276 -131.30327501839912 -446.7085810987884 1505 1509 -1
1508 -29.337554413154173 -124.50025785143465 -385.8476820990645 1506 1510 -1
1509 29.367987310512536 -131.31156578248206 -446.7283968066589 1507 1511 -1
1510 -29.286919979118434 -124.42397843420456 -385.6576111789715 1508 1512 -1
1511 29.579824625916896 -131.31992545331872 -446.7478465472529 1509 1513 -1
1512 -29.23705109211913 -124.34925621586757 -385.4667210884753 1510 1514 -1
1513 29.791706789338193 -131.3280447229034 -446.7669053230107 1511 1515 -1
1514 -29.187962471032293 -124.27612118511337 -385.27501581984797 1512 1516 -1
1515 30.0036491819203 -131.33559409572837 -446.7855226368358 1513 1517 -1
1516 -29.139668956098138 -124.20460348829133 -385.0825001556978 1514 1518 -1
1517 30.2156604127474 -131.3422835705752 -446.8036778191709 1515 1519 -1
1518 -29.09218405087745 -124.13473046239896 -384.889181097932 1516 1520 -1
1519 30.427748968562224 -131.34783488496097 -446.82130518158715 1517 1521 -1
1520 -29.045521992735466 -124.0665308458932 -384.6950657455592 1518 1522 -1
1521 30.639915044165306 -131.35244900607557 -446.8382578692877 1519 1523 -1
1522 -29.0 -124.0 -384.5 1520 -1 -1
1523 30.852161921659526 -131.356498950803 -446.8543202272975 1521 1524 -1
1524 31.064492272335382 -131.3603770189756 -446.869282992516 1523 1525 -1
1525 31.276906283852682 -131.36446879173533 -446.8829428569039 1524 1526 -1
1526 31.48940084278149 -131.36917651783463 -446.8950602719749 1525 1527 -1
1527 31.70196202277489 -131.37487313749617 -446.90545786763437 1526 1528 -1
1528 31.914568206552936 -131.38199901601695 -446.9138524097709 1527 1529 -1
1529 32.127180865810985 -131.39091347487022 -446.9200780343466 1528 1530 -1
1530 32.33974545986227 -131.402052044529 -446.92387003712497 1529 1531 -1
1531 32.5521858364048 -131.41582027068742 -446.92500385581496 1530 1532 -1
1532 32.76440593491715 -131.4325900598107 -446.9232827464709 1531 1533 -1
1533 32.97627028417757 -131.45285740631311 -446.9183966409454 1532 1534 -1
1534 33.18763346724808 -131.47692340549636 -446.9102100209349 1533 1535 -1
1535 33.39830338543352 -131.50522506503026 -446.8984790778983 1534 1536 -1
1536 33.60814214857329 -131.53785200261206 -446.8835163517661 1535 1537 -1
1537 33.81710702061575 -131.5746105702927 -446.86608607194205 1536 1538 -1
1538 34.025154610507954 -131.61546783203212 -446.84688861627814 1537 1539 -1
1539 34.2323200246586 -131.66015962399112 -446.82671651633393 1538 1540 -1
1540 34.43861154882632 -131.70862063626868 -446.8062881658483 1539 1541 -1
1541 34.6440685894833 -131.7606933311183 -446.78634415421067 1540 1542 -1
1542 34.84873132733883 -131.81622437906117 -446.76759810695 1541 1543 -1
1543 35.05261313163875 -131.8751504634159 -446.7508154299409 1542 1544 -1
1544 35.25574940887215 -131.93725301059968 -446.7366587730041 1543 1545 -1
1545 35.45811373909557 -132.0024822107901 -446.7259357568401 1544 1546 -1
1546 35.65969056569837 -132.07062203600978 -446.7192781746552 1545 1547 -1
1547 35.86040512302233 -132.14154651496398 -446.71736647847956 1546 1548 -1
1548 36.0601581171855 -132.21507552950703 -446.7208025622607 1547 1549 -1
1549 36.25882617692903 -132.29099407217487 -446.7301107301712 1548 1550 -1
1550 36.45621645236125 -132.36912563645834 -446.74595599644596 1549 1551 -1
1551 36.652156917828506 -132.4491828058543 -446.7686796030684 1550 1552 -1
1552 36.846356862671826 -132.53095834470886 -446.79895584007164 1551 1553 -1
1553 37.03860644134198 -132.6141222914773 -446.83691627848106 1552 1554 -1
1554 37.22864340810869 -132.69845714046858 -446.88264899098147 1553 1555 -1
1555 37.41646326250792 -132.78373965436543 -446.93527287865885 1554 1556 -1
1556 37.60204215957817 -132.86982007097185 -446.9941809668371 1555 1557 -1
1557 37.78542448314113 -132.95656442737706 -447.0587296189766 1556 1558 -1
1558 37.96672728499909 -133.04385359316709 -447.1282326506807 1557 1559 -1
1559 38.14602567091511 -133.13160712846428 -447.2022106641383 1558 1560 -1
1560 38.32345489515673 -133.21975145793007 -447.2801281250407 1559 1561 -1
1561 38.499176699877744 -133.3082262122858 -447.3614671418599 1560 1562 -1
1562 38.67333794348546 -133.39698845772716 -447.44579656904074 1561 1563 -1
1563 38.846076959932084 -133.48600800012105 -447.5327410549373 1562 1564 -1
1564 39.01756402099281 -133.5752582983012 -447.621899977203 1563 1565 -1
1565 39.18797200204685 -133.6647197881607 -447.7128979284319 1564 1566 -1
1566 39.357464392172425 -133.75438056000635 -447.8053980164515 1565 1567 -1
1567 39.52620616553671 -133.84423326031643 -447.899077270132 1566 1568 -1
1568 39.69436240449086 -133.93427466321924 -447.99362459480426 1567 1569 -1
1569 39.86209843301055 -134.02450617652184 -448.0887356481321 1568 1570 -1
1570 40.02958712279004 -134.11492621673713 -448.1841032863776 1569 1571 -1
1571 40.196911557408384 -134.20552941801282 -448.27958535332505 1570 1572 -1
1572 40.36405828787484 -134.2963015648441 -448.37521807769474 1571 1573 -1
1573 40.53100706803659 -134.3872276433806 -448.47105012767645 1572 1574 -1
1574 40.69773501954108 -134.47829364326444 -448.5671334273736 1573 1575 -1
1575 40.864220820895966 -134.56948362837045 -448.6635185253075 1574 1576 -1
1576 41.03044523862882 -134.6607806189718 -448.7602527986086 1575 1577 -1
1577 41.19638667981434 -134.75216861775678 -448.85738613090246 1576 1578 -1
1578 41.36202314450753 -134.84363134263958 -448.9549686141244 1577 1579 -1
1579 41.52732770114758 -134.93515274156601 -449.05305756291307 1578 1580 -1
1580 41.69227821153164 -135.0267151727862 -449.1517026139677 1579 1581 -1
1581 41.85685389522733 -135.11830088415974 -449.25095022123037 1580 1582 -1
1582 42.02103076505373 -135.2098922315877 -449.3508509719059 1581 1583 -1
1583 42.18478243341606 -135.30147106613197 -449.4514585487105 1582 1584 -1
1584 42.34807654796786 -135.39301804276917 -449.5528358093054 1583 1585 -1
1585 42.510895139542 -135.48451454425012 -449.65502017560465 1584 1586 -1
1586 42.673211762720925 -135.57594127226753 -449.75806194198844 1585 1587 -1
1587 42.83499820398265 -135.6672782667534 -449.8620130750721 1586 1588 -1
1588 42.996214745016175 -135.75850260793248 -449.96694386399867 1587 1589 -1
1589 43.15684445924141 -135.84959557913578 -450.0728837718112 1588 1590 -1
1590 43.31685807634326 -135.94053598886808 -450.1798817681393 1589 1591 -1
1591 43.47622197320101 -136.0313011047112 -450.28799248360866 1590 1592 -1
1592 43.63489475882062 -136.12186527422108 -450.39728175525613 1591 1593 -1
1593 43.792857593341296 -136.2122092249065 -450.5077749657856 1592 1594 -1
1594 43.95007820050784 -136.30230973958072 -450.6195184509796 1593 1595 -1
1595 44.10651323024792 -136.39213938087468 -450.7325747961769 1594 1596 -1
1596 44.26212754683807 -136.4816729953718 -450.84699030670873 1595 1597 -1
1597 44.41689666610064 -136.5708893102921 -450.9627915718344 1596 1598 -1
1598 44.570785407415784 -136.65976312114947 -451.0800207108502 1597 1599 -1
1599 44.723736526807706 -136.7482599178994 -451.1987524457674 1598 1600 -1
1600 44.87572997864646 -136.83635988519325 -451.31899924843555 1599 1601 -1
1601 45.02673188796277 -136.92403777533332 -451.4407937519328 1600 1602 -1
1602 45.176697716606704 -137.01126357779862 -451.5641825850603 1601 1603 -1
1603 45.325574592249644 -137.0980031151293 -451.68922176333956 1602 1604 -1
1604 45.473344035419274 -137.1842375554325 -451.81591285138495 1603 1605 -1
1605 45.6199672374292 -137.26993906624082 -451.9442861677722 1604 1606 -1
1606 45.76538745171909 -137.35507109660895 -452.0743950203812 1605 1607 -1
1607 45.909568827565316 -137.43960672401394 -452.20625946074136 1606 1608 -1
1608 46.05248486886981 -137.52352371442765 -452.3398845998442 1607 1609 -1
1609 46.19409635741462 -137.6067937591606 -452.47529153834216 1608 1610 -1
1610 46.33434055503424 -137.68937656835462 -452.6125299811516 1609 1611 -1
1611 46.47319654159016 -137.77125769250705 -452.75158824292566 1610 1612 -1
1612 46.61065234948333 -137.85244361141994 -452.8924336838228 1611 1613 -1
1613 46.746688847147794 -137.9329408023278 -453.0350415474086 1612 1614 -1
1614 46.88126702064537 -138.01274639462193 -453.1794109848716 1613 1615 -1
1615 47.0143673862413 -138.09186699023647 -453.3255169352322 1614 1616 -1
1616 47.145979583528394 -138.17031303022867 -453.4733247212305 1615 1617 -1
1617 47.27607697235841 -138.24808726811486 -453.6228190269774 1616 1618 -1
1618 47.404622044119385 -138.32518780396794 -453.77399580267553 1617 1619 -1
1619 47.531564639605804 -138.4016077353332 -453.92686273704044 1618 1620 -1
1620 47.65689730376972 -138.47735820409704 -454.0813821973556 1619 1621 -1
1621 47.780583857991516 -138.55243800066378 -454.23754664203085 1620 1622 -1
1622 47.90257922235133 -138.62684245152235 -454.39535608160355 1621 1623 -1
1623 48.02281024871153 -138.70055628946525 -454.55483479492534 1622 1624 -1
1624 48.14126649749631 -138.77358881042457 -454.7159465249445 1623 1625 -1
1625 48.25789956109423 -138.84593430808002 -454.87869013427104 1624 1626 -1
1626 48.37263178570856 -138.91757648263373 -455.0430876480954 1625 1627 -1
1627 48.4854027746822 -138.98850584076737 -455.2091427899874 1626 1628 -1
1628 48.59617850855509 -139.05872229723184 -455.3768357393789 1627 1629 -1
1629 48.70487470625118 -139.12820779266283 -455.5461858052063 1628 1630 -1
1630 48.8113927895876 -139.19693978713755 -455.7172188706953 1629 1631 -1
1631 48.91570194984782 -139.26491908798965 -455.8899060480742 1630 1632 -1
1632 49.017677985372785 -139.33211461033963 -456.0642851221737 1631 1633 -1
1633 49.117259383774666 -139.39850430213048 -456.2403485832807 1632 1634 -1
1634 49.21446555433077 -139.46405823540974 -456.41804512732375 1633 1635 -1
1635 49.309236835312106 -139.528709033706 -456.597380319445 1634 1636 -1
1636 49.40165836442897 -139.59244213246023 -456.77826371366365 1635 1637 -1
1637 49.4916442088108 -139.65517412112507 -456.9607183615212 1636 1638 -1
1638 49.57929187161984 -139.71689533150285 -457.1446499555204 1637 1639 -1
1639 49.66451720815013 -139.77751568460937 -457.33007993041076 1638 1640 -1
1640 49.74740101672967 -139.83702397783605 -457.51692599973376 1639 1641 -1
1641 49.82788693767599 -139.8954609054871 -457.70515363373323 1640 1642 -1
1642 49.90597527784323 -139.95300602451664 -457.8946615789338 1641 1643 -1
1643 49.981673045895384 -140.00984866019854 -458.0853480774859 1642 1644 -1
1644 50.05491658532373 -140.0661722986264 -458.2771439615885 1643 1645 -1
1645 50.12573489796321 -140.12219260337733 -458.46993681281606 1644 1646 -1
1646 50.19412489229394 -140.17812383620787 -458.66363019080563 1645 1647 -1
1647 50.26007281795433 -140.23419137004555 -458.8581295217063 1646 1648 -1
1648 50.32354568295623 -140.29064028815296 -459.05334067318694 1647 1649 -1
1649 50.384587266956416 -140.34759141929774 -459.24918026612363 1648 1650 -1
1650 50.443266301065 -140.40475819034847 -459.4456781475145 1649 1651 -1
1651 50.49968677037097 -140.4617497205004 -459.6428872135339 1650 1652 -1
1652 50.553976336129566 -140.51816826898863 -459.840857746699 1651 1653 -1
1653 50.6062830238379 -140.57361785858592 -460.03963426991123 1652 1654 -1
1654 50.656764868206956 -140.62770599779682 -460.23925590051334 1653 1655 -1
1655 50.70559626425293 -140.68005488702693 -460.43974965863083 1654 1656 -1
1656 50.75297149766641 -140.7303286413344 -460.6411216297065 1655 1657 -1
1657 50.79907823385111 -140.77821665464128 -460.843367351244 1656 1658 -1
1658 50.844103064678016 -140.82344699208497 -461.0464667570133 1657 1659 -1
1659 50.88821668876286 -140.86574467402409 -461.2503962533808 1658 1660 -1
1660 50.93160020072094 -140.90492375564406 -461.45510351219895 1659 1661 -1
1661 50.97442305475015 -140.94087089610142 -461.66052069314713 1660 1662 -1
1662 51.01682296438749 -140.9733626982652 -461.86660003340205 1661 1663 -1
1663 51.05895100180291 -141.00244762117512 -462.073243291308 1662 1664 -1
1664 51.10092290246986 -141.0279474627186 -462.2803911697354 1663 1665 -1
1665 51.14285275945477 -141.04995015901903 -462.4879479377097 1664 1666 -1
1666 51.18483956414778 -141.06846105302185 -462.695833952485 1665 1667 -1
1667 51.22706498106779 -141.0835009059164 -462.90395186330323 1666 1668 -1
1668 51.26977470275789 -141.0951569394738 -463.1121878667518 1667 1669 -1
1669 51.31319327242908 -141.10348629813495 -463.32043669761595 1668 1670 -1
1670 51.35753588840147 -141.10848736589955 -463.52859711748846 1669 1671 -1
1671 51.40301168494065 -141.11012940617692 -463.7365663325658 1670 1672 -1
1672 51.4498282885743 -141.10835372799892 -463.94423642977 1671 1673 -1
1673 51.498195917009205 -141.10307402672603 -464.1514907726543 1672 1674 -1
1674 51.54833117390938 -141.09417601411064 -464.35820013207314 1673 1675 -1
1675 51.600460646507194 -141.08151642714444 -464.56421833049086 1674 1676 -1
1676 51.6548243698419 -141.0649214952352 -464.7693771668881 1675 1677 -1
1677 51.71167917511832 -141.04418495214622 -464.9734803650591 1676 1678 -1
1678 51.77130188349398 -141.01906570636854 -465.176296255425 1677 1679 -1
1679 51.8339922326322 -140.98928533742583 -465.3775488648535 1678 1680 -1
1680 51.90007532214776 -140.95452567519837 -465.57690705995134 1679 1681 -1
1681 51.96990322469297 -140.9144268568285 -465.7739713837111 1680 1682 -1
1682 52.0438552206145 -140.86858645525447 -465.9682582719195 1681 1683 -1
1683 52.12233255207487 -140.81652302752096 -466.1591710342191 1682 1684 -1
1684 52.20526268765917 -140.75817740448352 -466.346347030324 1683 1685 -1
1685 52.29239539474949 -140.6936577335575 -466.52954503996676 1684 1686 -1
1686 52.38349200287346 -140.62304860024975 -466.70852206889407 1685 1687 -1
1687 52.47831376014434 -140.54641894323532 -466.88303293011165 1686 1688 -1
1688 52.57643914311064 -140.46413825972755 -467.05308820005445 1687 1689 -1
1689 52.677568623823234 -140.3763803776375 -467.2185857753611 1688 1690 -1
1690 52.78133857484664 -140.28343861475818 -467.3795583434831 1689 1691 -1
1691 52.887347955710005 -140.1857107799494 -467.5361804975817 1690 1692 -1
1692 52.99529913290103 -140.08339176053423 -467.68848655816004 1691 1693 -1
1693 53.10480563434076 -139.97691730563199 -467.8367822176372 1692 1694 -1
1694 53.21554778224358 -139.8666158222294 -467.98131776476475 1693 1695 -1
1695 53.32725005504531 -139.7527032532392 -468.1222707532623 1694 1696 -1
1696 53.4396060368789 -139.63558156721876 -468.2600388572647 1695 1697 -1
1697 53.55236482337379 -139.5155273131187 -468.3949249288249 1696 1698 -1
1698 53.665294625927196 -139.39277121008163 -468.5272123542868 1697 1699 -1
1699 53.778176718726506 -139.2675780669861 -468.65723798636236 1698 1700 -1
1700 53.89081613265181 -139.1402055562116 -468.78534383248746 1699 1701 -1
1701 54.00303524860941 -139.01086964513206 -468.9118418940349 1700 1702 -1
1702 54.11467062448804 -138.87977309753245 -469.0370379537315 1701 1703 -1
1703 54.22557149139735 -138.747106556595 -469.1612294057971 1702 1704 -1
1704 54.3355980251772 -138.61304933620477 -469.2847034201905 1703 1705 -1
1705 54.44461568146249 -138.47776653003612 -469.4077349479323 1704 1706 -1
1706 54.55258844830081 -138.3413300842419 -469.53041334429076 1705 1707 -1
1707 54.65972610248603 -138.20346818810492 -469.65222669340636 1706 1708 -1
1708 54.76627176802812 -138.0638357879294 -469.7725323241545 1707 1709 -1
1709 54.87244782505554 -137.92208151207137 -469.8906620910427 1708 1710 -1
1710 54.97845864386362 -137.77784370621015 -470.0058962459717 1709 1711 -1
1711 55.08449123541638 -137.6307485182813 -470.11743580327794 1710 1712 -1
1712 55.1907132066163 -137.480411220325 -470.22437232169557 1711 1713 -1
1713 55.29726708953391 -137.32644260384598 -470.3256545436937 1712 1714 -1
1714 55.4042597343992 -137.16846316415968 -470.4200522743297 1713 1715 -1
1715 55.51174509639783 -137.0061288361025 -470.50611960519575 1714 1716 -1
1716 55.619668888174296 -136.83921937340338 -470.582313240303 1715 1717 -1
1717 55.727690641722475 -136.66780121148955 -470.6475696250422 1716 1718 -1
1718 55.83533847144216 -136.49238143993415 -470.7018844524566 1717 1719 -1
1719 55.94212213120926 -136.3133526650792 -470.74496840237737 1718 1720 -1
1720 56.04753419758852 -136.13116164005672 -470.77667691721456 1719 1721 -1
1721 56.151099795819476 -135.94632654088554 -470.79718930192655 1720 1722 -1
1722 56.252326354931064 -135.75930525544996 -470.8065608968273 1721 1723 -1
1723 56.35077423912361 -135.5705794363229 -470.8051139543793 1722 1724 -1
1724 56.44606825922343 -135.38060114106295 -470.793270000294 1723 1725 -1
1725 56.538019226309956 -135.1898762055123 -470.7712979186478 1724 1726 -1
1726 56.62682699540235 -134.99896220716568 -470.7399968025007 1725 1727 -1
1727 56.71262116616173 -134.8083293655872 -470.6998132367861 1726 1728 -1
1728 56.79569385577556 -134.61836341788955 -470.6515560979378 1727 1729 -1
1729 56.87633713726013 -134.42936434042423 -470.5959297670299 1728 1730 -1
1730 56.95485317954371 -134.24157357998862 -470.53356859742127 1729 1731 -1
1731 57.03162143221963 -134.05512449862937 -470.4652798056878 1730 1732 -1
1732 57.106960682975 -133.8701518173843 -470.3915930382969 1731 1733 -1
1733 57.181258801326024 -133.68667418669588 -470.31325438180335 1732 1734 -1
1734 57.25485462726431 -133.50473860922915 -470.2307634393983 1733 1735 -1
1735 57.328108163982705 -133.32431632838293 -470.1447184809063 1734 1736 -1
1736 57.401361758662425 -133.14537298149824 -470.055636951275 1735 1737 -1
1737 57.47495991051417 -132.9678906211772 -469.96395340624906 1736 1738 -1
1738 57.54922215019947 -132.7917809333534 -469.8701815384336 1737 1739 -1
1739 57.62447753785432 -132.61700329458495 -469.7747238149614 1738 1740 -1
1740 57.7010549813996 -132.44350827888613 -469.67798616878787 1739 1741 -1
1741 57.77923855507776 -132.27121784348992 -469.58038443954655 1740 1742 -1
1742 57.85932555825326 -132.1000828097473 -469.4822945448851 1741 1743 -1
1743 57.94164154740788 -131.93009007352256 -469.3840639798499 1742 1744 -1
1744 58.02612685936574 -131.7612034894954 -469.2857672158942 1743 1745 -1
1745 58.11260863156538 -131.59343061792043 -469.1872993082507 1744 1746 -1
1746 58.20091726519936 -131.42677671452213 -469.08855256425477 1745 1747 -1
1747 58.290918796767166 -131.26126751398206 -468.9894095794742 1746 1748 -1
1748 58.382417237836385 -131.09688179140784 -468.88976888239716 1747 1749 -1
1749 58.47525566294063 -130.93361820751963 -468.78952445800735 1748 1750 -1
1750 58.56928278528597 -130.7714759144174 -468.6885703835496 1749 1751 -1
1751 58.664350700440224 -130.61045373845184 -468.58680132332324 1750 1752 -1
1752 58.760327596291674 -130.45056995490464 -468.4840948989783 1751 1753 -1
1753 58.85705306672485 -130.2918041094584 -468.38036178237496 1752 1754 -1
1754 58.95438688650286 -130.13415608563176 -468.2754991206089 1753 1755 -1
1755 59.052190675298036 -129.97762710426036 -468.1694046597337 1754 1756 -1
1756 59.15032728026615 -129.8222197409243 -468.06197704449056 1755 1757 -1
1757 59.24866038412392 -129.66793818968966 -467.95311591758576 1756 1758 -1
1758 59.347053380238485 -129.51480023398804 -467.8427052812009 1757 1759 -1
1759 59.44536783350423 -129.36280676398064 -467.73065564852163 1758 1760 -1
1760 59.543467648273015 -129.21196376411456 -467.6168768498963 1759 1761 -1
1761 59.64121641012692 -129.06228434098938 -467.5012741339679 1760 1762 -1
1762 59.738487007549544 -128.91378340813083 -467.3837640983278 1761 1763 -1
1763 59.83526091663434 -128.76646806639067 -467.2643666299272 1762 1764 -1
1764 59.93159776223146 -128.6203373909709 -467.1431731613872 1763 1765 -1
1765 60.027560561247746 -128.47538820016484 -467.0202758027768 1764 1766 -1
1766 60.12321065904276 -128.331626904144 -466.8957500188607 1765 1767 -1
1767 60.21861582820164 -128.18903681969198 -466.7696990558018 1766 1768 -1
1768 60.31384144693442 -128.047607707487 -466.6422125200413 1767 1769 -1
1769 60.408952761507514 -127.90733008686462 -466.51337553389214 1768 1770 -1
1770 60.50401533497261 -127.76819336365463 -466.38327157725695 1769 1771 -1
1771 60.59909496942481 -127.63018598887429 -466.2519825484782 1770 1772 -1
1772 60.694257637128594 -127.49329560839588 -466.11958883727016 1771 1773 -1
1773 60.78956941955462 -127.35750920369722 -465.9861694080135 1772 1774 -1
1774 60.88509645334622 -127.22281322390826 -465.8518018918427 1773 1775 -1
1775 60.98090488221832 -127.0891937094537 -465.71656268609155 1774 1776 -1
1776 61.07706081378705 -126.95663640765503 -465.5805270597966 1775 1777 -1
1777 61.17363343751925 -126.8251336970626 -465.4437649790328 1776 1778 -1
1778 61.27068663957118 -126.69466456465715 -465.30635472199606 1777 1779 -1
1779 61.36828580151967 -126.56521367088783 -465.16836935238297 1778 1780 -1
1780 61.46649646533214 -126.43676662875393 -465.02988068563417 1779 1781 -1
1781 61.56538396275124 -126.30930923201244 -464.8909599963234 1780 1782 -1
1782 61.66501338098806 -126.18282753132216 -464.75167813828557 1781 1783 -1
1783 61.76544952647731 -126.05730790553248 -464.6121056642584 1782 1784 -1
1784 61.86675688579691 -125.9327371285172 -464.47231294433413 1783 1785 -1
1785 61.96899958287434 -125.80910243192079 -464.33237028253046 1784 1786 -1
1786 62.07224133162488 -125.68639156414964 -464.1923480307879 1785 1787 -1
1787 62.17654538319401 -125.56459284589724 -464.05231669969095 1786 1788 -1
1788 62.281974467004474 -125.44369522245 -463.9123470651848 1787 1789 -1
1789 62.388590724846274 -125.32368831297067 -463.77251027052836 1788 1790 -1
1790 62.49645563728705 -125.20456245690605 -463.63287792268085 1789 1791 -1
1791 62.6056299417327 -125.08630875761163 -463.49352218226875 1790 1792 -1
1792 62.71617354152574 -124.96891912323035 -463.3545158462249 1791 1793 -1
1793 62.82814540554049 -124.85238630480447 -463.21593242212714 1792 1794 -1
1794 62.94160345782026 -124.73670393153915 -463.0778461932031 1793 1795 -1
1795 63.056604456897965 -124.6218665430772 -462.94033227290106 1794 1796 -1
1796 63.17320386456057 -124.50786961858277 -462.8034666478629 1795 1797 -1
1797 63.29145570395206 -124.39470960236963 -462.6673262080809 1796 1798 -1
1798 63.41141240706175 -124.28238392575295 -462.531988762967 1797 1799 -1
1799 63.533124651824835 -124.17089102474377 -462.39753304202844 1798 1800 -1
1800 63.65664307627127 -124.06023120196045 -462.2640397407744 1799 1801 -1
1801 63.782013992854345 -123.95040473724531 -462.1315893349682 1800 1802 -1
1802 63.90927972885059 -123.84141223850261 -462.0002620285119 1801 1803 -1
1803 64.03848201331648 -123.73325621293797 -461.8701397686188 1802 1804 -1
1804 64.16965986387063 -123.62594017555611 -461.74130513028416 1803 1805 -1
1805 64.30284937897214 -123.51946863073977 -461.6138411954687 1804 1806 -1
1806 64.43808352829602 -123.41384704590014 -461.48783140864526 1805 1807 -1
1807 64.57539194352742 -123.30908181665835 -461.3633594081149 1806 1808 -1
1808 64.71480071218528 -123.20518022306395 -461.2405088327734 1807 1809 -1
1809 64.85633217735116 -123.10215037642864 -461.11936310433657 1808 1810 -1
1810 65.0 -123.0 -461.0 1809 -1 -1
