0 85.0 -125.5 850.5 -1 1 -1
1 84.84842706815945 -125.62697050776964 850.5224255561237 0 2 -1
2 84.70002290044155 -125.75695073922202 850.5482805631952 1 3 -1
3 84.5548486457297 -125.88988331776699 850.5772745106312 2 4 -1
4 84.41300153622507 -126.02572385777621 850.6091200356858 3 5 -1
5 84.2745403938252 -126.16441313074306 850.6434884121668 4 6 -1
6 84.13950260872602 -126.30589408828519 850.6800300821144 5 7 -1
7 84.00791146746 -126.4501176263197 850.7183798956054 6 8 -1
8 83.87977380156852 -126.59703977893552 850.7581549154531 7 9 -1
9 83.75508174265734 -126.74662190520367 850.7989551159818 8 10 -1
10 83.63381460504968 -126.89883044109466 850.8403636276569 9 11 -1
11 83.51600341307216 -127.05368417233701 850.8819416617283 10 12 -1
12 83.4015650693868 -127.21112489642798 850.9232217437902 11 13 -1
13 83.2904357417355 -127.37111584762238 850.9637295889341 12 14 -1
14 83.18258965348593 -127.53365257270258 851.0029567089757 13 15 -1
15 83.0780155062597 -127.69874068264346 851.0403429941675 14 16 -1
16 82.97658600073419 -127.86628795975356 851.0753759193074 15 17 -1
17 82.87830917938174 -128.03629409724115 851.1074171691484 16 18 -1
18 82.78311163904591 -128.20867388336964 851.135866041833 17 19 -1
19 82.69093733394521 -128.3833262488326 851.1600876715238 18 20 -1
20 82.60178102412404 -128.56014802783073 851.1793485786004 19 21 -1
21 82.51556821783151 -128.73893710125287 851.1930170212736 20 22 -1
22 82.4323085080743 -128.91948933544813 851.200308637788 21 23 -1
23 82.35196334225677 -129.10150014868884 851.200547248846 22 24 -1
24 82.27451599980002 -129.28460848238151 851.193055585256 23 25 -1
25 82.19999640573435 -129.46838266653563 851.17706970762 24 26 -1
26 82.12833184305892 -129.65231863309367 851.152300758042 25 27 -1
27 82.05956133510827 -129.83595359844435 851.118665314092 26 28 -1
28 81.99350922276474 -130.0189118181579 851.0768779332773 27 29 -1
29 81.93010753054766 -130.20085198359638 851.0272620624539 28 30 -1
30 81.8691756884734 -130.3815175195746 850.9704164229373 29 31 -1
31 81.8105703678274 -130.56068276670126 850.9067754515276 30 32 -1
32 81.7540949491313 -130.73819577052174 850.8368820426176 31 33 -1
33 81.69958982812959 -130.9139133035814 850.7611288396173 32 34 -1
34 81.64682826163063 -131.08779018551496 850.6800756746243 33 35 -1
35 81.59567782813835 -131.25970661734942 850.5939632076062 34 36 -1
36 81.54590230050528 -131.42969476667227 850.5033344688424 35 37 -1
37 81.49733378122214 -131.5977278337732 850.4085001879537 36 38 -1
38 81.44980862984876 -131.76378076680848 850.309729791037 37 39 -1
39 81.40313086522438 -131.92791310320817 850.2074082957848 38 40 -1
40 81.35713484059767 -132.0901490993565 850.1018049674379 39 41 -1
41 81.31166426239702 -132.2504893475735 849.9931226558344 40 42 -1
42 81.26655004470506 -132.40899225087895 849.8816326728875 41 43 -1
43 81.2216329853036 -132.56570970217717 849.7675684002594 42 44 -1
44 81.1767595666035 -132.72068324809064 849.6511284111104 43 45 -1
45 81.13177799541903 -132.87395514017658 849.5324977244727 44 46 -1
46 81.08653053657603 -133.02553952633963 849.411817301421 45 47 -1
47 81.04086951675856 -133.17550916152086 849.2892893751083 46 48 -1
48 80.99464477583166 -133.3239042282851 849.1650673628257 47 49 -1
49 80.9477051133342 -133.47076306002887 849.03929726038 48 50 -1
50 80.89990763719865 -133.61611817261127 848.9121111565946 49 51 -1
51 80.85118433730494 -133.75996946943158 848.7835736124672 50 52 -1
52 80.80149770112907 -133.90228577845403 848.6537030722424 51 53 -1
53 80.75083639787988 -134.0430762660536 848.5225524894091 52 54 -1
54 80.69917533964714 -134.18232787924362 848.3901549610736 53 55 -1
55 80.64648914344708 -134.32002714376694 848.2565433523006 54 56 -1
56 80.5927521263919 -134.4561601299312 848.1217503416041 55 57 -1
57 80.53793361807412 -134.59070564490318 847.9858037284538 56 58 -1
58 80.48199683797102 -134.7236340559523 847.8487265738873 57 59 -1
59 80.4249292583913 -134.854950520551 847.7105663001095 58 60 -1
60 80.36670392627309 -134.9846389072841 847.5713553244558 59 61 -1
61 80.30729358099015 -135.1126824722331 847.431126130142 60 62 -1
62 80.24667065769543 -135.23906383145888 847.2899113197958 61 63 -1
63 80.18479018132322 -135.3637420131983 847.1477312479786 62 64 -1
64 80.12163335402114 -135.4867113833397 847.0046273698871 63 65 -1
65 80.05717811503018 -135.60796111468468 846.8606379372889 64 66 -1
66 79.99139570776249 -135.7274709399064 846.7157966278752 65 67 -1
67 79.92425712031684 -135.84521983146232 846.5701375323888 66 68 -1
68 79.85571442369134 -135.9611621454064 846.4236853264327 67 69 -1
69 79.78574552137675 -136.07528514308132 846.2764806476512 68 70 -1
70 79.71433044452026 -136.18757785383988 846.1285647490384 69 71 -1
71 79.6414393262715 -136.29801595887616 845.9799740660733 70 72 -1
72 79.56704115278224 -136.40657304297187 845.8307453763144 71 73 -1
73 79.49107331721164 -136.51318300050826 845.6809050630629 72 74 -1
74 79.41353741104822 -136.6178585400383 845.5305054316111 73 75 -1
75 79.33440325017442 -136.72057188725816 845.379586365754 74 76 -1
76 79.25364069765266 -136.8212944228998 845.2281887638127 75 77 -1
77 79.17118743590304 -136.9199574769052 845.0763470509789 76 78 -1
78 79.08703648485401 -137.01655869353382 844.9241117275639 77 79 -1
79 79.00117300876344 -137.11107792681065 844.7715262624258 78 80 -1
80 78.91359140036346 -137.2034891978474 844.6186262159615 79 81 -1
81 78.82424854249915 -137.29371611510797 844.4654408536516 80 82 -1
82 78.7331767705587 -137.3817750911514 844.3120124687304 81 83 -1
83 78.64037626518746 -137.46764251051363 844.1583779351186 82 84 -1
84 78.54582851669089 -137.5512699623361 844.0045731224857 83 85 -1
85 78.44951206530764 -137.63260350544638 843.850635753276 84 86 -1
86 78.35145477027102 -137.7116525688853 843.6966075935075 85 87 -1
87 78.25165280670979 -137.78838494139927 843.5425282865457 86 88 -1
88 78.15005244039418 -137.86269947609173 843.3884392868121 87 89 -1
89 78.04669826154353 -137.93462596006844 843.2343837542497 88 90 -1
90 77.941587446204 -138.0041299469638 843.0804046419942 89 91 -1
91 77.8346685748044 -138.07110693412275 842.9265505744684 90 92 -1
92 77.72598003717597 -138.1355762259897 842.7728656149726 91 93 -1
93 77.6155249049248 -138.19750720224226 842.6193963190866 92 94 -1
94 77.5032441896957 -138.25677633561537 842.4662010418954 93 95 -1
95 77.38919254637668 -138.313423920499 842.313322783308 94 96 -1
96 77.27335168045505 -138.36738189384525 842.1608172911288 95 97 -1
97 77.15569617392968 -138.41856754792343 842.0087460113311 96 98 -1
98 77.03626899831366 -138.46700109358883 841.8571551819712 97 99 -1
99 76.91502617347966 -138.51256500967224 841.7061170688839 98 100 -1
100 76.79199950005376 -138.55525821324264 841.5556841017731 99 101 -1
101 76.66719018298556 -138.59502885460276 841.405920076282 100 102 -1
102 76.54057877316981 -138.63178680727296 841.2569009165815 101 103 -1
103 76.41221727098277 -138.66555936371358 841.1086745407025 102 104 -1
104 76.28205008898043 -138.69618681853217 840.9613424284709 103 105 -1
105 76.15016406872098 -138.7237839309433 840.814943141505 104 106 -1
106 76.01654580878558 -138.74832639650504 840.6695742190296 105 107 -1
107 75.88126610480701 -138.7699451200253 840.5252815797829 106 108 -1
108 75.7443362627081 -138.78867120485515 840.382145627655 107 109 -1
109 75.60580479705564 -138.80460580323944 840.240217738756 108 110 -1
110 75.46569760921699 -138.81781531846175 840.099562483346 109 111 -1
111 75.3240477313819 -138.82838306318357 839.9602351286435 110 112 -1
112 75.1808887702123 -138.8363977334058 839.8222867202751 111 113 -1
113 75.03624328783107 -138.84193351601854 839.6857744997715 112 114 -1
114 74.89014757249548 -138.8450915829175 839.5507388667504 113 115 -1
115 74.74261744354588 -138.84594321331582 839.4172370046891 114 116 -1
116 74.59368822370872 -138.84459481448576 839.2853018525923 115 117 -1
117 74.44337184022949 -138.84111909340305 839.1549884850025 116 118 -1
118 74.29169997263823 -138.83562248618603 839.0263257410554 117 119 -1
119 74.13868295581823 -138.82818208008027 838.899364511636 118 120 -1
120 73.98434678725026 -138.81890072013746 838.7741330419897 119 121 -1
121 73.82870221418565 -138.80786182096764 838.6506758638818 120 122 -1
122 73.67176788840943 -138.79516226160698 838.5290243239743 121 123 -1
123 73.51355687886836 -138.78089298227712 838.4092141948935 122 124 -1
124 73.35407899652847 -138.76514353154093 838.2912839051212 123 125 -1
125 73.19335160093226 -138.74801296799333 838.1752576911301 124 126 -1
126 73.03137417680603 -138.729583023556 838.061185458569 125 127 -1
127 72.8681705220807 -138.70996090396028 837.9490765853355 126 128 -1
128 72.70372820626274 -138.68922082716796 837.8389974184413 127 129 -1
129 72.53808110272978 -138.66746449159024 837.7309392213454 128 130 -1
130 72.37120891958934 -138.64470152150963 837.6249940555618 129 131 -1
131 72.20316194078578 -138.62098884675297 837.521134583494 130 132 -1
132 72.03391086313576 -138.59631907968895 837.4194766393408 131 133 -1
133 71.8635094667328 -138.57075077885878 837.3199856897788 132 134 -1
134 71.6919407291549 -138.544286741785 837.2227609189423 133 135 -1
135 71.51924036871704 -138.51697037295833 837.1278020517093 134 136 -1
136 71.34541230824718 -138.48882056975364 837.035172666693 135 137 -1
137 71.17047273226903 -138.4598654626252 836.9449146572013 136 138 -1
138 70.99444831626765 -138.43014015584663 836.8570476766961 137 139 -1
139 70.81733455093712 -138.3996577829371 836.7716644089109 138 140 -1
140 70.63917737531145 -138.36846604200517 836.6887436254294 139 141 -1
141 70.45996654630568 -138.33656824240867 836.6084020533507 140 142 -1
142 70.2797606323217 -138.30391239698116 836.5306325789388 141 143 -1
143 70.09859979704477 -138.2703381015638 836.4555180677221 142 144 -1
144 69.9165370358873 -138.23568339810976 836.3831248470821 143 145 -1
145 69.73364616654803 -138.19981407362818 836.3134619630272 144 146 -1
146 69.54996759668914 -138.1625335766503 836.2466721131024 145 147 -1
147 69.36559502641788 -138.12373389651432 836.1827210166141 146 148 -1
148 69.18059101763262 -138.08323880172284 836.1217123346479 147 149 -1
149 68.99503990250133 -138.04090766565764 836.0636854869671 148 150 -1
150 68.80903211791465 -137.99661902298317 836.0086591248838 149 151 -1
151 68.62265160058978 -137.95018743699939 835.9567496508125 150 152 -1
152 68.43600569986442 -137.90154403118078 835.9079109003966 151 153 -1
153 68.24918944312861 -137.85054632614978 835.8622261269105 152 154 -1
154 68.06229544766344 -137.797331260078 835.8194821103975 153 155 -1
155 67.87539760517386 -137.74201150864548 835.7795147918526 154 156 -1
156 67.68855945773599 -137.6847272850786 835.7421171618138 155 157 -1
157 67.50183244966556 -137.62561395989604 835.7070834475596 156 158 -1
158 67.31526012670147 -137.56478170682607 835.6742350273408 157 159 -1
159 67.1288735043577 -137.50236998907977 835.6433523575383 158 160 -1
160 66.94270061618742 -137.4384737229659 835.6142673484537 159 161 -1
161 66.75675655981239 -137.37322345431465 835.5867661800663 160 162 -1
162 66.57105632852084 -137.30670980888502 835.5606792490948 161 163 -1
163 66.38560439691797 -137.23904675693333 835.5358090414321 162 164 -1
164 66.20040425362902 -137.1703276558983 835.5119788758237 163 165 -1
165 66.01545465773499 -137.10064698224755 835.4890097015189 164 166 -1
166 65.83074899123136 -137.03010417515262 835.466718510782 165 167 -1
167 65.64628418930204 -136.95877527438364 835.4449395350067 166 168 -1
168 65.46204524685294 -136.88676596335878 835.4234897738381 167 169 -1
169 65.27802998912821 -136.81413809648245 835.4022056436978 168 170 -1
170 65.09421945790896 -136.7409961208935 835.3809128645029 169 171 -1
171 64.91060733867374 -136.66740949859974 835.3594409649139 170 172 -1
172 64.72717968228179 -136.59346537383806 835.3376235438055 171 173 -1
173 64.54392550611544 -136.5192436900242 835.3152969127981 172 174 -1
174 64.36080845619139 -136.4448113360224 835.2925497768721 173 175 -1
175 64.17773930654336 -136.3702212483818 835.2699343837111 174 176 -1
176 63.99462479859632 -136.29551562776183 835.2480823469889 175 177 -1
177 63.811380244506545 -136.22074748845063 835.2275793738679 176 178 -1
178 63.62792512624221 -136.14597047942493 835.2090974319724 177 179 -1
179 63.444202487507134 -136.07124751525842 835.193250618998 178 180 -1
180 63.26017174697796 -135.9966536316076 835.1807347855207 179 181 -1
181 63.07582574545927 -135.92227689669647 835.1722272418909 180 182 -1
182 62.89119388920283 -135.84822417956693 835.1684449847081 181 183 -1
183 62.70635241417636 -135.77462224199888 835.1701119461079 182 184 -1
184 62.52143399844946 -135.70162374124754 835.1779746692054 183 185 -1
185 62.33661197856228 -135.6293918736326 835.192429374182 184 186 -1
186 62.15204226391525 -135.55809576305265 835.2133254141523 185 187 -1
187 61.96784214913318 -135.48786421157774 835.2402346786536 186 188 -1
188 61.784119643506344 -135.41886246307226 835.2729656706159 187 189 -1
189 61.60093162864391 -135.3511791626215 835.3110177426748 188 190 -1
190 61.41834459615986 -135.2849768256807 835.354219369175 189 191 -1
191 61.2363687508173 -135.22032465997438 835.4020956757815 190 192 -1
192 61.055022397362315 -135.1573555584418 835.4544022088729 191 193 -1
193 60.87429058409941 -135.09615891024623 835.5107817926641 192 194 -1
194 60.694144874708904 -135.03682416056932 835.5709056743005 193 195 -1
195 60.51455380065841 -134.97948161789415 835.6345214312229 194 196 -1
196 60.335458964159876 -134.92417049402854 835.7012593223552 195 197 -1
197 60.156921350280136 -134.8708371916486 835.7710322344789 196 198 -1
198 59.979059026538266 -134.81918169881752 835.843730886549 197 199 -1
199 59.80199015994586 -134.76892338316307 835.9192906871468 198 200 -1
200 59.62584668269968 -134.71979201268942 835.9977011778726 199 201 -1
201 59.45071215540382 -134.67146587237195 836.0788252691757 200 202 -1
202 59.27669908272176 -134.62365670549525 836.1626254417142 201 203 -1
203 59.103904362915664 -134.57605854316373 836.2490263573218 202 204 -1
204 58.93239659200256 -134.5283715994444 836.3379071820267 203 205 -1
205 58.7622927009195 -134.48028949172698 836.4292392874881 204 206 -1
206 58.59364805338564 -134.43152338969384 836.5228851470276 205 207 -1
207 58.42654480230633 -134.3817861095897 836.6187570774696 206 208 -1
208 58.261082187406494 -134.33077779772947 836.716782159466 207 209 -1
209 58.097296654053295 -134.27826103534994 836.816806690238 208 210 -1
210 57.93531763012727 -134.22392236890587 836.9187805208455 209 211 -1
211 57.77516605835602 -134.1675694687339 837.0225314757596 210 212 -1
212 57.61696060057478 -134.10891910016554 837.1279807420582 211 213 -1
213 57.46073742176344 -134.04779873197344 837.2349708457614 212 214 -1
214 57.30660755187082 -133.9839598902654 837.3433995487964 213 215 -1
215 57.15459607455795 -133.91728260568064 837.453102694524 214 216 -1
216 57.00483535313492 -133.84752014105337 837.563976388035 215 217 -1
217 56.857324675749304 -133.77462515719296 837.6758462559793 216 218 -1
218 56.71217953359716 -133.69840616525852 837.788591273471 217 219 -1
219 56.569440607074114 -133.6187927413849 837.9020596488372 218 220 -1
220 56.42909365652183 -133.5358686716249 838.0161398823874 219 221 -1
221 56.29106788076029 -133.44993241695403 838.1308226594598 220 222 -1
222 56.155255499427845 -133.36132876225594 838.2461173349809 221 223 -1
223 56.02151065614691 -133.27041659178434 838.3620305397646 222 224 -1
224 55.889721900096106 -133.17748842864137 838.4785844288122 223 225 -1
225 55.75977931926724 -133.0828167619248 838.5958068207672 224 226 -1
226 55.63157538045334 -132.9866563723419 838.713730365789 225 227 -1
227 55.50502048472338 -132.8892365506916 838.8323994567719 226 228 -1
228 55.379996866341315 -132.79079718071966 838.9518479158628 227 229 -1
229 55.256404783939516 -132.6915537536243 839.0721181026423 228 230 -1
230 55.134150936355894 -132.5917104337312 839.1932565113246 229 231 -1
231 55.01314566258237 -132.4914639945403 839.3153122470176 230 232 -1
232 54.893302902916794 -132.3910055182009 839.4383368339782 231 233 -1
233 54.77454012297739 -132.29052202019437 839.5623840662215 232 234 -1
234 54.65677821751064 -132.1901980126553 839.6875098869508 233 235 -1
235 54.53994140831677 -132.0902170199647 839.8137722838089 234 236 -1
236 54.42395714870255 -131.99076305992227 839.9412311870683 235 237 -1
237 54.30875604556524 -131.8920221030275 840.0699483575746 236 238 -1
238 54.19427180942127 -131.79418352118972 840.1999872505202 237 239 -1
239 54.08044124234692 -131.69744153550906 840.3314128399404 238 240 -1
240 53.967204273826525 -131.6019966705499 840.4642913872048 239 241 -1
241 53.8545040548385 -131.50805721963425 840.5986901347279 240 242 -1
242 53.74228712106133 -131.41584072193243 840.7346769036623 241 243 -1
243 53.63050363678322 -131.3255754473181 840.8723195715561 242 244 -1
244 53.51911017884865 -131.23751914156207 841.0116980455922 243 245 -1
245 53.40806368288048 -131.1519240913024 841.1528743732947 244 246 -1
246 53.29732657709402 -131.06905489435113 841.2959070531363 245 247 -1
247 53.18686815748143 -130.9891992370684 841.440855735843 246 248 -1
248 53.07666450091092 -130.91266141013543 841.5877740571565 247 249 -1
249 52.966713877198195 -130.8396674512257 841.7366721122733 248 250 -1
250 52.85704931520426 -130.77024721576794 841.8874786000546 249 251 -1
251 52.74771351046366 -130.70445810243692 842.0401402660915 250 252 -1
252 52.638733628495764 -130.64220710626566 842.1945300127767 251 253 -1
253 52.53013931717608 -130.58346034302406 842.3505560421153 252 254 -1
254 52.42195690768367 -130.52817448698957 842.508125880164 253 255 -1
255 52.31421973831131 -130.47637482253714 842.6671786262222 254 256 -1
256 52.206938650564815 -130.42793024913877 842.827590966649 255 257 -1
257 52.10012782148802 -130.38276288608498 842.9892686287344 256 258 -1
258 51.993804060310985 -130.34082984422258 843.1521345475676 257 259 -1
259 51.88797833178307 -130.30206413406307 843.316105907972 258 260 -1
260 51.782646311486374 -130.2663222981899 843.4810792017978 259 261 -1
261 51.6778100159992 -130.23351993797377 843.6469767378519 260 262 -1
262 51.57347634333542 -130.20361439952205 843.8137365765664 261 263 -1
263 51.46962599494062 -130.17642871213792 843.9812619500581 262 264 -1
264 51.36624878400263 -130.1518553239329 844.1494824373182 263 265 -1
265 51.2633441982653 -130.12985227262135 844.3183474940993 264 266 -1
266 51.16088277916197 -130.11023404167423 844.4877750094886 265 267 -1
267 51.058845254586025 -130.0928841264782 844.6577053313841 266 268 -1
268 50.95721957837232 -130.0777366852323 844.8280926127654 267 269 -1
269 50.85597307386058 -130.0646273217737 844.9988742252624 268 270 -1
270 50.75507795545291 -130.05342825375914 845.1699995815097 269 271 -1
271 50.65451225064274 -130.04405456392325 845.34142844537 270 272 -1
272 50.55424159204466 -130.03636318348794 845.5131137591738 271 273 -1
273 50.454231800831074 -130.03021947023046 845.685013574169 272 274 -1
274 50.35445289253165 -130.025523307507 845.8570932284674 273 275 -1
275 50.25486949450928 -130.0221517313243 846.0293172043781 274 276 -1
276 50.15544313117325 -130.01996616920914 846.2016510809699 275 277 -1
277 50.05613815627266 -130.01885543594406 846.3740653012189 276 278 -1
278 49.95691742918732 -130.01871191796582 846.5465315970226 277 279 -1
279 49.85774052260321 -130.0193961546718 846.7190218393005 278 280 -1
280 49.75856885625494 -130.02079156260075 846.8915108635509 279 281 -1
281 49.65936139197939 -130.0227947303959 847.0639733505226 280 282 -1
282 49.56007831893244 -130.02527168358978 847.2363861874936 281 283 -1
283 49.46067968577694 -130.02810586496423 847.4087269443669 282 284 -1
284 49.36112177876584 -130.03118394362383 847.5809715665738 283 285 -1
285 49.261363840550274 -130.03438461064638 847.7530981801267 284 286 -1
286 49.161366907205235 -130.03758989175134 847.9250859669042 285 287 -1
287 49.061087531384686 -130.04068211230742 848.0969112840647 286 288 -1
288 48.96048051264246 -130.04353913484397 848.2685490158591 287 289 -1
289 48.85951090688297 -130.04604710578158 848.4399791243828 288 290 -1
290 48.758138142004306 -130.0480888765597 848.6111773047162 289 291 -1
291 48.65630985481504 -130.04952904530478 848.7821110081728 290 292 -1
292 48.5539979341034 -130.05026317572523 848.9527600934357 291 293 -1
293 48.451163835812864 -130.050173362772 849.1230965315054 292 294 -1
294 48.34775560547435 -130.0491160754486 849.293081692447 293 295 -1
295 48.24375278219942 -130.04701801629218 849.4626939829046 294 296 -1
296 48.13916071789441 -130.04393808237108 849.6319286039492 295 297 -1
297 48.033980200686266 -130.0399603656909 849.800779425419 296 298 -1
298 47.928228989804985 -130.0351977774729 849.9692530848343 297 299 -1
299 47.821923255474665 -130.02975920464328 850.1373569316388 298 300 -1
300 47.7150634352461 -130.02373690970373 850.3050892047183 299 301 -1
301 47.607662770643 -130.01723944861 850.4724579387134 300 302 -1
302 47.49973684271247 -130.01037514439466 850.6394737979417 301 303 -1
303 47.39128512176375 -130.0032428753481 850.8061374837722 302 304 -1
304 47.28231935354555 -129.99595043774335 850.9724586009416 303 305 -1
305 47.1728541114301 -129.98860371965756 851.1384490277884 304 306 -1
306 47.06288752378142 -129.98130892667683 851.30411004172 305 307 -1
307 46.95243280188448 -129.97417310880618 851.4694529194375 306 308 -1
308 46.84150326097733 -129.96729984743868 851.6344887508664 307 309 -1
309 46.730095520304765 -129.96080574434959 851.7992175159659 308 310 -1
310 46.618227204980144 -129.9547927943279 851.9636521159478 309 311 -1
311 46.50591010659716 -129.94936476605773 852.1278008701133 310 312 -1
312 46.39313989281559 -129.94465362591896 852.2916608044493 311 313 -1
313 46.27994097702665 -129.94074748548695 852.4552460141267 312 314 -1
314 46.166320099782254 -129.93776433233631 852.6185578506836 313 315 -1
315 46.05228377810842 -129.93583092084538 852.7815956271954 314 316 -1
316 45.937854343663226 -129.93503493016325 852.9443672028691 315 317 -1
317 45.82303735627347 -129.93551623452072 853.106866793721 316 318 -1
318 45.70785230075288 -129.93737671146937 853.2690956387548 317 319 -1
319 45.59231907325984 -129.94071659910495 853.431052910475 318 320 -1
320 45.47644646504996 -129.94569728879185 853.5927252233406 319 321 -1
321 45.360264984168246 -129.9523812401359 853.7541140381076 320 322 -1
322 45.243790157961726 -129.96089507653633 853.915204899192 321 323 -1
323 45.12704582306861 -129.97130920461098 854.0759886446849 322 324 -1
324 45.01005901174063 -129.98367324837108 854.2364576912514 323 325 -1
325 44.89284845869031 -129.99812294300656 854.3965887726006 324 326 -1
326 44.77544794353327 -130.01466534160605 854.5563776844238 325 327 -1
327 44.65788178843101 -130.0334204054168 854.7157999028454 326 328 -1
328 44.5401814889728 -130.05444158950053 854.8748398680553 327 329 -1
329 44.422379079960024 -130.0777831238289 855.0334800638196 328 330 -1
330 44.30450603494431 -130.1035674410803 855.191688883729 329 331 -1
331 44.18659857614571 -130.13179144742827 855.3494549089273 330 332 -1
332 44.06869241494029 -130.16258519467016 855.5067404104187 331 333 -1
333 43.95082524030491 -130.19596789836243 855.6635260112829 332 334 -1
334 43.833035813380434 -130.23199954761608 855.8197827108269 333 335 -1
335 43.71536659345641 -130.27077970514918 855.9754708870845 334 336 -1
336 43.59785583890216 -130.31229232705337 856.1305729576897 335 337 -1
337 43.48055115556328 -130.35665746084084 856.2850399201672 336 338 -1
338 43.36349333903133 -130.40387411586252 856.4388472568971 337 339 -1
339 43.246725411431825 -130.45396947371887 856.5919627863335 338 340 -1
340 43.130301553290884 -130.5070538931671 856.744331293169 339 341 -1
341 43.01425811542451 -130.5630748567288 856.8959364867114 340 342 -1
342 42.89864533737234 -130.6220900769792 857.0467325883995 341 343 -1
343 42.78351555986726 -130.68415378630834 857.1966718211731 342 344 -1
344 42.66890553282833 -130.7492209380982 857.3457332303111 343 345 -1
345 42.554865516922426 -130.81732653602054 857.4938718091364 344 346 -1
346 42.44144371958344 -130.88850649153264 857.6410364853419 345 347 -1
347 42.32863176162348 -130.96263539128287 857.7872106289927 346 348 -1
348 42.216420132482504 -131.03963383761158 857.9323602122994 347 349 -1
349 42.10480864647372 -131.11947268073254 858.0764341621656 348 350 -1
350 41.99377970240459 -131.20204612706877 858.2194126310911 349 351 -1
351 41.88331799177053 -131.2872652636102 858.3612736687801 350 352 -1
352 41.77341199120306 -131.37506381099385 858.5019890012458 351 353 -1
353 41.664054371517054 -131.4653990932903 858.641521202944 352 354 -1
354 41.55523431783395 -131.55821613232447 858.7798395922241 353 355 -1
355 41.44693317653767 -131.6534273746016 858.9169323721989 354 356 -1
356 41.33913873283349 -131.750978114455 859.0527740868627 355 357 -1
357 41.23183872842719 -131.85081619597878 859.1873396035417 356 358 -1
358 41.12502090349405 -131.95289191245456 859.3206039861476 357 359 -1
359 41.01868011898795 -132.05719109810423 859.4525214955622 358 360 -1
360 40.91279673527108 -132.16363398037785 859.5830875060806 359 361 -1
361 40.80735852218718 -132.27217684248583 859.7122775494669 360 362 -1
362 40.70235358619576 -132.38277900060098 859.8400662970986 361 363 -1
363 40.59777018056021 -132.49540171802337 859.9664280615259 362 364 -1
364 40.493596725865885 -132.61000811227635 860.0913367010265 363 365 -1
365 40.38982182852322 -132.72656306376481 860.214765527279 364 366 -1
366 40.286438483451946 -132.84505406404298 860.3366701589648 365 367 -1
367 40.18343180918359 -132.96543023127887 860.4570368222564 366 368 -1
368 40.08079047025048 -133.0876582530903 860.5758390164774 367 369 -1
369 39.978504002685064 -133.2117093173865 860.6930468991895 368 370 -1
370 39.876562200536966 -133.33755592903202 860.8086296429934 369 371 -1
371 39.774955128780114 -133.46517182552506 860.922555353115 370 372 -1
372 39.673673136238385 -133.5945318929334 861.0347909854554 371 373 -1
373 39.57270686876547 -133.72561208176896 861.1453022648725 372 374 -1
374 39.472048889456616 -133.8583983529332 861.254043916459 373 375 -1
375 39.37169080475454 -133.99287079832197 861.3609754759598 374 376 -1
376 39.271622171278516 -134.12899658834667 861.4660703237768 375 377 -1
377 39.17183498816702 -134.26675515567663 861.5692882803146 376 378 -1
378 39.07232162894931 -134.40612655491748 861.670587513316 377 379 -1
379 38.97307486116098 -134.54709136971238 861.7699244542099 378 380 -1
380 38.87408786777609 -134.68963061671394 861.8672537141227 379 381 -1
381 38.7753542706745 -134.83372564588885 861.9625279996845 380 382 -1
382 38.676870801552155 -134.97937463639875 862.055674489189 381 383 -1
383 38.57863035484872 -135.12654903106107 862.1466543749475 382 384 -1
384 38.48062707387009 -135.27522444017725 862.2354222828222 383 385 -1
385 38.38285664633335 -135.42538246546076 862.3219222076316 384 386 -1
386 38.28531535761319 -135.5770044551662 862.4060958118556 385 387 -1
387 38.18800013166968 -135.73007136862302 862.4878823471668 386 388 -1
388 38.09091153659592 -135.88458238154345 862.5671850369281 387 389 -1
389 37.994046284765574 -136.0405064638117 862.643954071579 388 390 -1
390 37.89740232644871 -136.19781468031437 862.7181340834513 389 391 -1
391 37.80097967774316 -136.35648482529484 862.7896536391198 390 392 -1
392 37.70477926338976 -136.51649346918526 862.8584385595141 391 393 -1
393 37.608808015494574 -136.67784434348107 862.924347816181 392 394 -1
394 37.513064363127185 -136.84048314219345 862.9873577595491 393 395 -1
395 37.417552290963485 -137.00438039389843 863.0473874847718 394 396 -1
396 37.32227759762545 -137.16950763079984 863.1043455091614 395 397 -1
397 37.22725276305931 -137.33585845664675 863.1580681043517 396 398 -1
398 37.13248024473814 -137.50336759242833 863.2085373163218 397 399 -1
399 37.03796969179828 -137.6719962591076 863.2556586765438 398 400 -1
400 36.94373853775949 -137.84172490683054 863.2992582733001 399 401 -1
401 36.84979666919943 -138.01249219126075 863.3392780145607 400 402 -1
402 36.75615710362014 -138.18423931538416 863.3756467517362 401 403 -1
403 36.66285189854839 -138.35691929063822 863.4082651829513 402 404 -1
404 36.56990449377243 -138.53042977303383 863.4373016108542 403 405 -1
405 36.47733911654317 -138.70468718088551 863.46288235139 404 406 -1
406 36.38518860166249 -138.87963199102285 863.4850420850111 405 407 -1
407 36.293458628959925 -139.05517183520067 863.5040124547434 406 408 -1
408 36.20217211146795 -139.23125143787135 863.5198659459553 407 409 -1
409 36.11133709948527 -139.40780540913258 863.5327640002114 408 410 -1
410 36.02095635775352 -139.58477371612452 863.542878515881 409 411 -1
411 35.93104458488748 -139.76211438292987 863.5502952768494 410 412 -1
412 35.841588028417014 -139.93977113141452 863.555246655037 411 413 -1
413 35.75259734497409 -140.11771220771973 863.5578180529105 412 414 -1
414 35.66405652096464 -140.29589581188532 863.5582201543913 413 415 -1
415 35.575962428963166 -140.47429385791622 863.5565879806035 414 416 -1
416 35.48830400654194 -140.65287965147562 863.553084854616 415 417 -1
417 35.40106442427263 -140.83162938239198 863.5478888754419 416 418 -1
418 35.314236339611426 -141.01052744234568 863.5411339207812 417 419 -1
419 35.22779230361423 -141.189555213967 863.5330227537645 418 420 -1
420 35.14172713903254 -141.36870533741157 863.5236757800668 419 421 -1
421 35.05600759508136 -141.54796462967107 863.5133008373265 420 422 -1
422 34.970624134466554 -141.72733037931496 863.5020316579705 421 423 -1
423 34.885545272826 -141.9067950524219 863.4900550304013 422 424 -1
424 34.800758940381044 -142.0863510986236 863.4773934179012 423 425 -1
425 34.71624336787963 -142.26597877802254 863.4639615906594 424 426 -1
426 34.631988158310676 -142.4456594367846 863.4496332905403 425 427 -1
427 34.547974400750455 -142.62537118947233 863.4343121498013 426 428 -1
428 34.46419151672879 -142.8050913990243 863.4178679671027 427 429 -1
429 34.38062232069852 -142.9847954426917 863.400205499791 428 430 -1
430 34.29725742905591 -143.16445583749115 863.381186554451 429 431 -1
431 34.21408084846895 -143.34404468250506 863.3607228355214 430 432 -1
432 34.13108548602702 -143.52352807624118 863.3386615251927 431 433 -1
433 34.04825631543337 -143.70287506554791 863.3149300619207 432 434 -1
434 33.96558942046995 -143.88204285950312 863.2893519648753 433 435 -1
435 33.88307145650765 -144.06099740448838 863.2618717267922 434 436 -1
436 33.80070028523238 -144.23968735836328 863.2323089480581 435 437 -1
437 33.718466931573666 -144.4180718504639 863.2005970795625 436 438 -1
438 33.636369777796176 -144.59609458835808 863.1665834663859 437 439 -1
439 33.55440569480064 -144.7737021659969 863.1301648707794 438 440 -1
440 33.472573587236894 -144.95083772849236 863.0912372788925 439 441 -1
441 33.39087671682831 -145.12742956377167 863.0496473892011 440 442 -1
442 33.30931493649309 -145.30342423385463 863.0053495846162 441 443 -1
443 33.22789760874167 -145.4787300704031 862.9581503261525 442 444 -1
444 33.146627827599154 -145.65329044938403 862.9080258671156 443 445 -1
445 33.065517004450896 -145.82701423434352 862.8548316338955 444 446 -1
446 32.98457586549319 -145.99982012579778 862.798483818138 445 447 -1
447 32.90381045357786 -146.17164675369418 862.7389767255031 446 448 -1
448 32.823194163777465 -146.34251459362778 862.6765750284831 447 449 -1
449 32.74267192496677 -146.51254701806903 862.6118128952392 448 450 -1
450 32.66218646387932 -146.68183430566162 862.5450814898236 449 451 -1
451 32.58167202945209 -146.85051909715258 862.4768747836055 450 452 -1
452 32.50105849930218 -147.01872555060385 862.4076112410785 451 453 -1
453 32.420271238261925 -147.18659594890417 862.3377371365883 452 454 -1
454 32.339236139305875 -147.35427588678803 862.2676927913199 453 455 -1
455 32.25786515413609 -147.52191177322362 862.1979331757669 454 456 -1
456 32.176085695407075 -147.68965272351787 862.1289081720938 455 457 -1
457 32.09380962583166 -147.85764751627653 862.0611022289104 456 458 -1
458 32.01095218695984 -148.02604389201244 861.9950238219179 457 459 -1
459 31.927442760812852 -148.1949698003967 861.9311563589753 458 460 -1
460 31.843254058004785 -148.36444687787574 861.8696848189451 459 461 -1
461 31.75842331380259 -148.53436853209402 861.810359864187 460 462 -1
462 31.673002070917917 -148.70461769711972 861.752848124579 461 463 -1
463 31.587031859607915 -148.87508860430736 861.6968296341763 462 464 -1
464 31.500551799364704 -149.0456789866982 861.6419708371163 463 465 -1
465 31.413600632123174 -149.21628770687002 861.5879192234601 464 466 -1
466 31.32622487056783 -149.38681668043876 861.5343021523744 465 467 -1
467 31.238466069791766 -149.55717040175813 861.4807535591469 466 468 -1
468 31.150367126392396 -149.72725354274903 861.4269044204009 467 469 -1
469 31.061971769697827 -149.89696775021784 861.3723816255263 468 470 -1
470 30.973326938672642 -150.06621095886632 861.3168105656844 469 471 -1
471 30.88446985993915 -150.23491584328178 861.259956761858 470 472 -1
472 30.79540912054136 -150.4030629782678 861.2017846595274 471 473 -1
473 30.70615067711496 -150.5706391982445 861.1422832313749 472 474 -1
474 30.61669870399684 -150.7376249676591 861.081427823362 473 475 -1
475 30.527061024383386 -150.90401103771038 861.0192182880595 474 476 -1
476 30.437245593846548 -151.06978905258754 860.9556565690219 475 477 -1
477 30.347259610358215 -151.23494827285535 860.8907395097488 476 478 -1
478 30.257107827394616 -151.39946771807806 860.8244425901458 477 479 -1
479 30.166800007041846 -151.56334536273633 860.7567826528152 478 480 -1
480 30.076344557029763 -151.72657523031256 860.6877675909502 479 481 -1
481 29.98574746528999 -151.8891402107362 860.6173824869861 480 482 -1
482 29.89501727183174 -152.05103451180275 860.5456362609345 481 483 -1
483 29.804163498336585 -152.21225940933348 860.4725514705776 482 484 -1
484 29.713191624604416 -152.37279396066475 860.3981065526723 483 485 -1
485 29.622111683988976 -152.5326440393018 860.3223328636681 484 486 -1
486 29.530931346237548 -152.69180343162742 860.2452374386842 485 487 -1
487 29.439657566442737 -152.8502603445158 860.1668169775668 486 488 -1
488 29.34829995502067 -153.00802578852358 860.0871104637065 487 489 -1
489 29.256864106937364 -153.16507818934818 860.0060962332282 488 490 -1
490 29.165359859440596 -153.32143720492596 859.9238276932886 489 491 -1
491 29.07379271848878 -153.47708077690905 859.8402823765767 490 492 -1
492 28.982171540912955 -153.6320272060286 859.7555094566649 491 493 -1
493 28.890502500401624 -153.78626455471678 859.6695041423668 492 494 -1
494 28.798792417265734 -153.9397988258879 859.5822930282911 493 495 -1
495 28.707034071663323 -154.0926523653236 859.493944154073 494 496 -1
496 28.615197016221437 -154.24483665759882 859.4045280314514 495 497 -1
497 28.523253977348975 -154.3964042240242 859.314178120856 496 498 -1
498 28.431176223709183 -154.54738545516798 859.2229874608837 497 499 -1
499 28.338930163836146 -154.6977963270972 859.1310275202949 498 500 -1
500 28.246490979026884 -154.84768142095174 859.0384053993208 499 501 -1
501 28.153830519257937 -154.99706967355095 858.9452034563212 500 502 -1
502 28.06091901396576 -155.14598640637976 858.8514981523396 501 503 -1
503 27.967724443831887 -155.29445448149195 858.7573629625696 502 504 -1
504 27.87422320047862 -155.44250853302978 858.6628804331209 503 505 -1
505 27.780387203550728 -155.59017423806287 858.5681224139435 504 506 -1
506 27.686188335922147 -155.7374766103927 858.4731591251389 505 507 -1
507 27.591593479324967 -155.88443628805285 858.3780585981993 506 508 -1
508 27.496575628893744 -156.03107921306227 858.2828908357859 507 509 -1
509 27.40110922861026 -156.17743081922515 858.1877235455174 508 510 -1
510 27.30516567715119 -156.32351343109428 858.0926228499746 509 511 -1
511 27.20871616076387 -156.46934873792847 857.9976544909902 510 512 -1
512 27.111731350124924 -156.61495769711246 857.9028841785207 511 513 -1
513 27.014172522906833 -156.7603578157286 857.8083828034593 512 514 -1
514 26.91601879382283 -156.90557251614487 857.7142129884223 513 515 -1
515 26.817240128069695 -157.05062089266076 857.6204411876029 514 516 -1
516 26.717806118781073 -157.19552138791067 857.5271345861612 515 517 -1
517 26.61768596323107 -157.34029177634727 857.4343613131531 516 518 -1
518 26.516847666356636 -157.48494904250543 857.3421913532704 517 519 -1
519 26.415247554503683 -157.62950835184253 857.2507069381647 518 520 -1
520 26.31286497365444 -157.77398708421958 857.1599707703897 519 521 -1
521 26.209667271045593 -157.91840002752136 857.0700571304726 520 522 -1
522 26.105621335389504 -158.06276112090828 856.9810423642306 521 523 -1
523 26.000697449558462 -158.20707618075502 856.8929886494742 522 524 -1
524 25.894869755170852 -158.35131784996202 856.8059015531352 523 525 -1
525 25.78813582165915 -158.49545006660452 856.7197442217939 524 526 -1
526 25.680492775777896 -158.6394374172031 856.6344803623256 525 527 -1
527 25.571932197069497 -158.78324391537538 856.5500789000874 526 528 -1
528 25.462443621167832 -158.9268328950797 856.4665098387845 527 529 -1
529 25.35200151997719 -159.0701626764327 856.3837544899947 528 530 -1
530 25.24061611550879 -159.21320125854643 856.3017631858136 529 531 -1
531 25.128279212236034 -159.35591212972537 856.2205022061772 530 532 -1
532 25.014982718425525 -159.49825865029484 856.1399372749106 531 533 -1
533 24.900694918550986 -159.6401934191703 856.0600488795466 532 534 -1
534 24.78543103738376 -159.7816883003983 855.9807850415829 533 535 -1
535 24.669183482895274 -159.92270621696744 855.9021099268833 534 536 -1
536 24.551939417818165 -160.06320693573048 855.8239901001198 535 537 -1
537 24.433676500385523 -160.20314370948614 855.7463955905664 536 538 -1
538 24.314407797001774 -160.34248937109686 855.6692783059917 537 539 -1
539 24.194126711970803 -160.48120618509483 855.5926009015042 538 540 -1
540 24.072809431127023 -160.61924419530592 855.5163320093384 539 541 -1
541 23.950457264687863 -160.75656888896782 855.4404295541871 540 542 -1
542 23.827074574180237 -160.89314846075288 855.3648515604212 541 543 -1
543 23.702650142701717 -161.02893959832855 855.2895612186961 542 544 -1
544 23.577162875804436 -161.16388953751047 855.2145228272204 543 545 -1
545 23.45063112251362 -161.29797648694878 855.1396917600905 544 546 -1
546 23.323051450381342 -161.43116153983692 855.0650294451566 545 547 -1
547 23.194394495651014 -161.56338099671547 854.990499654641 546 548 -1
548 23.0646812766845 -161.6946153866815 854.9160598839491 547 549 -1
549 22.9339134632991 -161.82482821014256 854.8416712812462 548 550 -1
550 22.80207126944728 -161.95396022791374 854.7672950829522 549 551 -1
551 22.669163591614808 -162.08198656824075 854.6929038648876 550 552 -1
552 22.535205855903502 -162.20891871767532 854.6185210310542 551 553 -1
553 22.400191350580954 -162.33475403580974 854.5441851761295 552 554 -1
554 22.26411959719409 -162.45949681243619 854.4699357432366 553 555 -1
555 22.127013329499533 -162.583175511754 854.3958094543145 554 556 -1
556 21.988871718178704 -162.7057944953454 854.3218449236693 555 557 -1
557 21.84968133997986 -162.82734568320768 854.2480843732961 556 558 -1
558 21.709470626519856 -162.9478637429315 854.1745615023464 557 559 -1
559 21.568244001144134 -163.06735892301373 854.1013138292572 558 560 -1
560 21.425976670042758 -163.1858125017078 854.0283889629167 559 561 -1
561 21.282702182715376 -163.30326423682078 853.95581643076 560 562 -1
562 21.138424736829034 -163.41972440083404 853.8836338608489 561 563 -1
563 20.993124355815475 -163.53517967759703 853.8118901928993 562 564 -1
564 20.846824606521714 -163.64965956465096 853.7406160760422 563 565 -1
565 20.699534454575897 -163.76317898191135 853.6698472860555 564 566 -1
566 20.5512380376829 -163.87572888085265 853.5996335895421 565 567 -1
567 20.401950837743673 -163.98733039743058 853.5300082237296 566 568 -1
568 20.251685920248004 -164.09800198945433 853.4610044975809 567 569 -1
569 20.100430809117995 -164.20773774348277 853.3926728151026 568 570 -1
570 19.94819493507563 -164.31655236696102 853.3250498242955 569 571 -1
571 19.794994751916725 -164.424466753597 853.2581660422377 570 572 -1
572 19.64082043167396 -164.5314770211702 853.1920726571238 571 573 -1
573 19.48567749983601 -164.63759336507013 853.1268098347318 572 574 -1
574 19.329585052807957 -164.74283804174726 853.0624052902712 573 575 -1
575 19.172535190635823 -164.84720815066314 852.9989114861152 574 576 -1
576 19.01453174091001 -164.95071121970008 852.9363714504781 575 577 -1
577 18.855595684710433 -165.0533698480589 852.8748104151549 576 578 -1
578 18.695720388996275 -165.15518114874416 852.8142829341833 577 579 -1
579 18.534910173227786 -165.25615169766368 852.7548334740368 578 580 -1
580 18.373187167561678 -165.35630349615732 852.6964854236741 579 581 -1
581 18.210545456558688 -165.45563281199767 852.6392965267555 580 582 -1
582 18.046991917026585 -165.55414679823332 852.5833105456657 581 583 -1
583 17.88254916142459 -165.65186602448708 852.5285499550089 582 584 -1
584 17.717211616260908 -165.74878519273267 852.4750769787765 583 585 -1
585 17.55099052559313 -165.8449133186103 852.4229319415434 584 586 -1
586 17.38390844250132 -165.94026884122144 852.3721375488338 585 587 -1
587 17.21595999942339 -166.03484434466858 852.3227618502923 586 588 -1
588 17.047162213492605 -166.12865169111697 852.2748386309429 587 589 -1
589 16.87753722376264 -166.22170665492652 852.2283920718722 588 590 -1
590 16.707080034476068 -166.31399935162133 852.1834972504118 589 591 -1
591 16.53581428476663 -166.405545111824 852.1401782829404 590 592 -1
592 16.36376159296762 -166.49635670716654 852.0984619970893 591 593 -1
593 16.190917850193088 -166.58642167238452 852.0584312911383 592 594 -1
594 16.017313472244883 -166.67575900010232 852.0200979334084 593 595 -1
595 15.842969748061583 -166.7643783526582 851.9834922585985 594 596 -1
596 15.667884337317497 -166.85226485375776 851.9487050326194 595 597 -1
597 15.492093798685929 -166.93944084655084 851.9157340738595 596 598 -1
598 15.315619606955034 -167.02591304951832 851.8846134679185 597 599 -1
599 15.138462407995322 -167.1116646786767 851.8554407362676 598 600 -1
600 14.960664753711246 -167.19671707083313 851.828180438499 599 601 -1
601 14.782255824418371 -167.28105267003286 851.802746710234 600 602 -1
602 14.603249229602092 -167.36462662643567 851.7790572774029 601 603 -1
603 14.423689835231519 -167.44743939898441 851.7569295814488 602 604 -1
604 14.243601990131328 -167.5294717395093 851.7362344764805 603 605 -1
605 14.062993389616341 -167.61068192957953 851.7168774351396 604 606 -1
606 13.881899562736717 -167.69107715154368 851.698686840793 605 607 -1
607 13.700338512240313 -167.77064253707778 851.6815335632393 606 608 -1
608 13.518315955516602 -167.84934351204672 851.6653079974706 607 609 -1
609 13.335856429954811 -167.92718437369513 851.6498596269074 608 610 -1
610 13.15297536488974 -168.00415682556508 851.6350573798242 609 611 -1
611 12.96967948898948 -168.08023676844198 851.6207805283798 610 612 -1
612 12.785982033423181 -168.1554157421754 851.6068976142288 611 613 -1
613 12.601899244937528 -168.22969493282122 851.5932777771287 612 614 -1
614 12.417441913010325 -168.30306496170184 851.5797976156331 613 615 -1
615 12.232611745552147 -168.37549340661639 851.5663323849359 614 616 -1
616 12.047428985916579 -168.44699480226063 851.5527579331721 615 617 -1
617 11.861904600500075 -168.51756063836984 851.5389546639408 616 618 -1
618 11.6760489949581 -168.58717950700398 851.5248028652786 617 619 -1
619 11.48986911145612 -168.65582663925764 851.5101749237324 618 620 -1
620 11.303384600878367 -168.7235130762822 851.4949629935326 619 621 -1
621 11.116609344235442 -168.79023041870693 851.4790534492203 620 622 -1
622 10.929558270502406 -168.85597005111848 851.4623349450137 621 623 -1
623 10.742230797569036 -168.92068958636852 851.4447533337211 622 624 -1
624 10.554610462896457 -168.9843422526128 851.4264162158344 623 625 -1
625 10.366676144937857 -169.04687061274302 851.4074375748884 624 626 -1
626 10.178405833430267 -169.1082129867663 851.3879261610595 625 627 -1
627 9.989778010852751 -169.16830768188547 851.3679894203925 626 628 -1
628 9.80076666834082 -169.2270750063757 851.3477308349452 627 629 -1
629 9.611354716533375 -169.2844627201968 851.3272605667674 628 630 -1
630 9.421525277852572 -169.3404149054547 851.3066844546419 629 631 -1
631 9.231260917082718 -169.39486874543155 851.2861060636983 630 632 -1
632 9.040545719172945 -169.44776093894586 851.2656283618583 631 633 -1
633 8.849365498653725 -169.499027656111 851.2453538245676 632 634 -1
634 8.65770187432257 -169.54858242595265 851.2253896242073 633 635 -1
635 8.46554931856169 -169.59637568971058 851.2058362626152 634 636 -1
636 8.272901722500599 -169.64234721065307 851.1867941705095 635 637 -1
637 8.079754112182743 -169.68643100284382 851.168364494 636 638 -1
638 7.8861043580706545 -169.72856063992072 851.1506481483542 637 639 -1
639 7.691953404453071 -169.76866934341183 851.1337458014729 638 640 -1
640 7.497305498637841 -169.80669009782304 851.1177578307974 639 641 -1
641 7.302162233868799 -169.84252708253382 851.1027986247298 640 642 -1
642 7.1065415106392615 -169.87613936657863 851.0889563255919 641 643 -1
643 6.910459320676501 -169.90746185389446 851.0763290315098 642 644 -1
644 6.7139371100648315 -169.93643582541148 851.0650042210469 643 645 -1
645 6.517013698647198 -169.96306912110393 851.0549742793725 644 646 -1
646 6.319735116244208 -169.98741090741066 851.046173105535 645 647 -1
647 6.122144422231514 -170.00951171398867 851.0385333739353 646 648 -1
648 5.924281591563155 -170.02942227446812 851.0319880301585 647 649 -1
649 5.726182504970422 -170.04718153608528 851.0264758234242 648 650 -1
650 5.527882083067561 -170.06284346708463 851.0219283179633 649 651 -1
651 5.3294128530715135 -170.0764687092191 851.0182748898948 650 652 -1
652 5.130803673641695 -170.08810717146537 851.0154504202462 651 653 -1
653 4.932081007588761 -170.0978082703933 851.0133903600821 652 654 -1
654 4.733269062202088 -170.10562084396574 851.0120307453549 653 655 -1
655 4.534389928057755 -170.11159307942705 851.0113082000577 654 656 -1
656 4.335463715465093 -170.11577245421293 851.0111599287148 655 657 -1
657 4.136508687894543 -170.1182056888366 851.0115236991957 656 658 -1
658 3.937541391894912 -170.1189387107412 851.0123378167561 657 659 -1
659 3.7385767831530226 -170.11801662815483 851.0135410901692 658 660 -1
660 3.539628348480211 -170.1154837130374 851.0150727907089 659 661 -1
661 3.3407082236203176 -170.11138339226562 851.016872604713 660 662 -1
662 3.1418274006168687 -170.10575541240263 851.0188808640764 661 663 -1
663 2.942995823383528 -170.09863863240471 851.0210377801925 662 664 -1
664 2.7442220563170237 -170.0900802909142 851.0232831025561 663 665 -1
665 2.5455139133412406 -170.08012040910475 851.0255576144982 664 666 -1
666 2.3468783897918883 -170.06879822191456 851.0278021909494 665 667 -1
667 2.1483217572589766 -170.05615220453635 851.0299577234641 666 668 -1
668 1.9498496556903813 -170.04222010288012 851.0319650421324 667 669 -1
669 1.7514671831489796 -170.02703896764814 851.0337648346659 668 670 -1
670 1.5531789836467231 -170.01064519171388 851.0352975629086 669 671 -1
671 1.3549893335057142 -169.99307455054276 851.036503376997 670 672 -1
672 1.1569022267202385 -169.97436224543807 851.0373220273852 671 673 -1
673 0.958921459816547 -169.9545429494374 851.0376927749289 672 674 -1
674 0.7610507167289615 -169.93365085572222 851.0375542992264 673 675 -1
675 0.5632936542301434 -169.91171972843938 851.0368446054147 674 676 -1
676 0.3656539884750402 -169.8887829558666 851.0355009296222 675 677 -1
677 0.16813558323609 -169.86487360588157 851.0334596433106 676 678 -1
678 -0.029257165483933874 -169.84002242813528 851.0306542805689 677 679 -1
679 -0.22651912169664817 -169.81425787575085 851.0270143008646 678 680 -1
680 -0.42364623949999847 -169.787618730353 851.0224778592435 679 681 -1
681 -0.6206330948184955 -169.760137401091 851.0169767119836 680 682 -1
682 -0.8174736208059618 -169.73184629382973 851.0104412580422 681 683 -1
683 -1.0141608258681112 -169.70277380925486 851.0028112291632 682 684 -1
684 -1.210686424733092 -169.67293071490863 850.9940725237528 683 685 -1
685 -1.407041892762519 -169.6423221139514 850.9842267746141 684 686 -1
686 -1.6032188276890285 -169.6109533276071 850.9732759820074 685 687 -1
687 -1.799207096541598 -169.57882275348678 850.9612119312927 686 688 -1
688 -1.9949990603460972 -169.5459389513754 850.9480411527453 687 689 -1
689 -2.1905877572931587 -169.51231209333525 850.9337726089298 688 690 -1
690 -2.3859653611262357 -169.4779484510666 850.9184095301098 689 691 -1
691 -2.581124210695439 -169.44285451314175 850.9019554349444 690 692 -1
692 -2.776056817140947 -169.40703697967464 850.8844141258838 691 693 -1
693 -2.9707527733325896 -169.37049361832317 850.8657757926105 692 694 -1
694 -3.1652063362544864 -169.33323645113563 850.8460520662144 693 695 -1
695 -3.359411928974071 -169.29527694676958 850.8252538602453 694 696 -1
696 -3.5533628231157803 -169.25662262412297 850.8033860956212 695 697 -1
697 -3.747052494794406 -169.2172811844436 850.7804539498676 696 698 -1
698 -3.9404702052251794 -169.17724964343643 850.756445808791 697 699 -1
699 -4.133612579659195 -169.13654354342586 850.7313788560958 698 700 -1
700 -4.326475096422978 -169.09517454368 850.705264369785 699 701 -1
701 -4.519052108702607 -169.0531510395532 850.6781085239322 700 702 -1
702 -4.711335451678909 -169.01047566765268 850.6499081806521 701 703 -1
703 -4.903318354008013 -168.96715430637346 850.6206651903119 702 704 -1
704 -5.09499997265494 -168.92320466426767 850.5904012406984 703 705 -1
705 -5.286379439809723 -168.87863482704898 850.5591479652903 704 706 -1
706 -5.477459530151914 -168.8334452730114 850.5269662687034 705 707 -1
707 -5.6682466341472555 -168.78763967100485 850.4939284812002 706 708 -1
708 -5.85875362783022 -168.74123291637014 850.460122087178 707 709 -1
709 -6.048990099787998 -168.69423080756934 850.4256217000955 708 710 -1
710 -6.238961947121331 -168.6466280969764 850.3904922123984 709 711 -1
711 -6.428683613646652 -168.59843643211738 850.3548178638501 710 712 -1
712 -6.618169279509943 -168.54966550102893 850.3186793463857 711 713 -1
713 -6.807430388502819 -168.50031639455113 850.2821509749392 712 714 -1
714 -6.996477811015587 -168.45038573777217 850.2453076551211 713 715 -1
715 -7.1853302215378285 -168.39989006745932 850.2082349581553 714 716 -1
716 -7.374002080813375 -168.34883370746468 850.1710111149894 715 717 -1
717 -7.562503839201935 -168.2972048493639 850.1337151775953 716 718 -1
718 -7.750855840174824 -168.24502384634206 850.0964310878607 717 719 -1
719 -7.9390734523435285 -168.192294791287 850.0592394772086 718 720 -1
720 -8.127169003658386 -168.13900539700097 850.0222294699502 719 721 -1
721 -8.315161882831205 -168.08517553875055 849.9854809418821 720 722 -1
722 -8.50306732944004 -168.030807505381 849.9490791799941 721 723 -1
723 -8.690899356579804 -167.97589248730486 849.9131223755343 722 724 -1
724 -8.878675348877502 -167.92044973172224 849.8776866741375 723 725 -1
725 -9.066408425190788 -167.86447092037395 849.8428719643576 724 726 -1
726 -9.254091584968897 -167.8078650043544 849.8088108596152 725 727 -1
727 -9.441697020245297 -167.75047173593418 849.7756517705917 726 728 -1
728 -9.629186523221824 -167.6920811705575 849.7435975955159 727 729 -1
729 -9.816523400446544 -167.63254332520785 849.7127869565778 728 730 -1
730 -10.003658833131706 -167.5716625203796 849.6834114411255 729 731 -1
731 -10.190538734709783 -167.50926078853257 849.6556466128327 730 732 -1
732 -10.377105723413555 -167.4451867380842 849.6296439071099 731 733 -1
733 -10.563280044275855 -167.37922410569115 849.6056273470574 732 734 -1
734 -10.748995817864422 -167.3112702444312 849.5837061325572 733 735 -1
735 -10.934149468087043 -167.2411075528657 849.5641156867943 734 736 -1
736 -11.11865603538848 -167.16863946532334 849.5469691964871 735 737 -1
737 -11.302402212232199 -167.0937082062662 849.53245027957 736 738 -1
738 -11.485268281558167 -167.01618113414136 849.5207220531773 737 739 -1
739 -11.66714921317961 -166.93600031877872 849.5118726747629 738 740 -1
740 -11.84787554556919 -166.85297667084734 849.5061395847833 739 741 -1
741 -12.027349114919424 -166.76712779416926 849.5035395908511 740 742 -1
742 -12.205417013545924 -166.67836478079158 849.5042117570863 741 743 -1
743 -12.381917690610216 -166.58661357067172 849.5082854747719 742 744 -1
744 -12.55674086299386 -166.49191345490752 849.5157652506023 743 745 -1
745 -12.72974246975869 -166.39425176581233 849.5267181491553 744 746 -1
746 -12.900748742995445 -166.2935887638029 849.5412481459438 745 747 -1
747 -13.069826760159371 -166.19022128389997 849.5590124518108 746 748 -1
748 -13.23729208988104 -166.084703866044 849.5792591155272 747 749 -1
749 -13.403512455450665 -165.97757175716004 849.6012253821824 748 750 -1
750 -13.5688652261052 -165.86931060881926 849.6241886040422 749 751 -1
751 -13.733736148997778 -165.76037765478276 849.6474401619749 750 752 -1
752 -13.898522896214434 -165.65122971339053 849.6702757266282 751 753 -1
753 -14.06361176513895 -165.5423115470775 849.691994483037 752 754 -1
754 -14.22938680866006 -165.4340875109442 849.7118697904311 753 755 -1
755 -14.396225697244317 -165.32705891149388 849.7291330311468 754 756 -1
756 -14.564528437708251 -165.2218307195192 849.7428702923853 755 757 -1
757 -14.734623489043008 -165.1190360218264 849.7521979020013 756 758 -1
758 -14.906798721188407 -165.0194129398854 849.7561318819452 757 759 -1
759 -15.081327774950259 -164.9239434854689 849.7534099729666 758 760 -1
760 -15.25829514847916 -164.83366588056413 849.7428428701462 759 761 -1
761 -15.437626577819234 -164.74985355562708 849.7230749058449 760 762 -1
762 -15.618988225879704 -164.67398859359605 849.6926853276921 761 763 -1
763 -15.801678134490484 -164.607667944098 849.6503692100813 762 764 -1
764 -15.984604286970441 -164.5523707414589 849.5952147852424 763 765 -1
765 -16.166259001069953 -164.50980854909116 849.5263163766842 764 766 -1
766 -16.34498598468333 -164.480608994557 849.4441006122128 765 767 -1
767 -16.51891648643177 -164.46568148543219 849.3488048951505 766 768 -1
768 -16.686715894900793 -164.46441181739993 849.2420405036894 767 769 -1
769 -16.84728968095481 -164.47619114410767 849.1252454470971 768 770 -1
770 -17.0 -164.5 849.0 769 771 772
771 -17.017606763128203 -164.3624580887868 849.1466654308549 770 773 -1
772 -16.94166825011689 -164.58073251714444 848.852969876265 770 774 -1
773 -17.047052969842078 -164.2176461559507 849.2841425936865 771 775 -1
774 -16.88417097732365 -164.66140773601725 848.7055971348142 772 776 -1
775 -17.087729385948816 -164.06682269867952 849.4119617737534 773 777 -1
776 -16.827426863249226 -164.7420763143953 848.5579291323503 774 778 -1
777 -17.13865279864078 -163.91130636974086 849.5301347119782 775 779 -1
778 -16.771434746789563 -164.8227335048724 848.4099681449394 776 780 -1
779 -17.198616085709805 -163.75233138869714 849.639122401261 777 781 -1
780 -16.716189771768935 -164.90337461082765 848.2617178199941 778 782 -1
781 -17.266326346106478 -163.59095319329984 849.7397341729455 779 783 -1
782 -16.66169289986222 -164.98399477486694 848.113179492804 780 784 -1
783 -17.34051373104971 -163.42801100529766 849.8330041513342 781 785 -1
784 -16.607937500138537 -165.06458933477424 847.964357354835 782 786 -1
785 -17.419995883748495 -163.26413489327186 849.9200829552396 783 787 -1
786 -16.55492383021964 -165.14515337695443 847.8152528907195 784 788 -1
787 -17.503706921129513 -163.0997764753896 850.0021561750204 785 789 -1
788 -16.502645584376165 -165.22568223682026 847.6658700147033 786 790 -1
789 -17.590700147282643 -162.9352480629041 850.0803933376466 787 791 -1
790 -16.45110246896488 -165.30617094197757 847.5162102940055 788 792 -1
791 -17.680136528771648 -162.77076065788762 850.1559202897485 789 793 -1
792 -16.400287564787046 -165.3866148667534 847.3662777175767 790 794 -1
793 -17.77126658690148 -162.60645689157133 850.2298077828785 791 795 -1
794 -16.350200311960624 -165.4670089768788 847.2160738168335 792 796 -1
795 -17.86341024405583 -162.4424380148757 850.3030699231282 793 797 -1
796 -16.300833902147566 -165.54734864180256 847.0656023790434 794 798 -1
797 -17.955937880836103 -162.2787857254624 850.3766670308687 795 799 -1
798 -16.25218545718136 -165.6276289387626 846.9148656501536 796 800 -1
799 -18.04825293707044 -162.1155798171477 850.4515103390493 797 801 -1
800 -16.20425057153719 -165.7078450343803 846.7638663662411 798 802 -1
801 -18.13977717194527 -161.95291287236674 850.5284658901135 799 803 -1
802 -16.15702319237657 -165.78799224973687 846.6126077847956 800 804 -1
803 -18.22993880454756 -161.79090263111004 850.6083558369626 801 805 -1
804 -16.11050063815134 -165.86806555150451 846.4610918481472 802 806 -1
805 -18.31816344054802 -161.62970273569084 850.6919571155064 803 807 -1
806 -16.06467631994773 -165.94806029234908 846.3093218440345 804 808 -1
807 -18.403869048511485 -161.4695114360731 850.7799949666539 805 809 -1
808 -16.019544565799094 -166.0279717396067 846.1573006374409 806 810 -1
809 -18.48646441513969 -161.3105783501024 850.8731332840515 807 811 -1
810 -15.975101518394487 -166.10779491111433 846.0050303525304 808 812 -1
811 -18.565352436509936 -161.153208155889 850.9719603943314 809 813 -1
812 -15.93134065033975 -166.1875251429819 845.8525139941665 810 814 -1
813 -18.639938715209095 -160.99776017143358 851.0769713672304 811 815 -1
814 -15.888255552142208 -166.26715776784187 845.6997544346228 812 816 -1
815 -18.709645710065978 -160.8446425913004 851.1885484994184 813 817 -1
816 -15.845840295498649 -166.34668804571237 845.5467542843138 814 818 -1
817 -18.773930106626253 -160.69430144071052 851.306944781924 815 819 -1
818 -15.804090325660423 -166.42611098559547 845.3935155735844 816 820 -1
819 -18.832304556231026 -160.54720298914046 851.432269778863 817 821 -1
820 -15.762997548954802 -166.50542215737968 845.240041511869 818 822 -1
821 -18.884358771656217 -160.40381193474718 851.5644844377417 819 823 -1
822 -15.722555433910632 -166.58461688411697 845.0863346573525 820 824 -1
823 -18.92977839550352 -160.2645669321875 851.7034050777816 821 825 -1
824 -15.68275725908722 -166.66369051156596 844.9323975456131 822 826 -1
825 -18.968358066304454 -160.12985688194843 851.8487179248132 823 827 -1
826 -15.643596468092845 -166.74263833701372 844.7782325620875 824 828 -1
827 -19.0 -160.0 852.0 825 829 830
828 -15.605066362897082 -166.8214556605835 844.6238420509304 826 831 -1
829 -18.826951081786664 -159.90979723543686 852.0278958652289 827 832 -1
830 -19.076073817216002 -159.85732096395353 852.1536343451862 827 833 -1
831 -15.56715881615854 -166.90013807693498 844.4692287752847 828 834 -1
832 -18.653505678018334 -159.82087706295232 852.0575388193828 829 835 -1
833 -19.151504142860826 -159.7145033552085 852.3073333308566 830 836 -1
834 -15.529866384396907 -166.97868103969762 844.314395161748 831 837 -1
835 -18.479732493240682 -159.73322618900832 852.0889876652525 832 838 -1
836 -19.22628723249011 -159.57131945772187 852.4610078097727 833 839 -1
837 -15.493181450877543 -167.05708003257885 844.1593436066829 834 840 -1
838 -18.305680990133926 -159.64679303036476 852.1222175528045 835 841 -1
839 -19.300436437923885 -159.4277801664667 852.6146579119425 836 842 -1
840 -15.457096229166158 -167.13533057063853 844.0040764749559 837 843 -1
841 -18.131398557403312 -159.56152639040516 852.1572045916407 838 844 -1
842 -19.373968595052126 -159.28389816173137 852.7682840137898 839 845 -1
843 -15.421602766738468 -167.21342820148925 843.8485960987728 840 846 -1
844 -17.956930644110574 -159.4773755083683 852.1939258693363 841 847 -1
845 -19.44689743131944 -159.13968422892404 852.9218864790826 842 848 -1
846 -15.386692988422462 -167.29136849524286 843.6929047621838 843 849 -1
847 -17.78232089180663 -159.39429009820358 852.2323594640552 844 850 -1
848 -19.519237736773345 -158.9951495951553 853.0754658156695 845 851 -1
849 -15.352359072122184 -167.36914693417177 843.5370045643466 846 852 -1
850 -17.607611264006746 -159.31222037800387 852.2724844521409 847 853 -1
851 -19.591004792225263 -158.85030559784255 853.2290226492836 848 854 -1
852 -15.318592022399448 -167.44675932487522 843.3808979383127 849 855 -1
853 -17.432842172667563 -159.2311170909179 852.3142809113104 850 856 -1
854 -19.662211652658037 -158.7051622384597 853.3825576129085 851 857 -1
855 -15.28538326389396 -167.5242013565455 843.2245870743733 852 858 -1
856 -17.25805260142745 -159.15093151838744 852.3577299200142 853 859 -1
857 -19.732874531096343 -158.55973106335924 853.536071552494 854 860 -1
858 -15.252724073734967 -167.60146875577513 843.0680741258818 855 861 -1
859 -17.08328022546246 -159.0716154865032 852.4028135534805 856 862 -1
860 -19.803005487494083 -158.41402129277796 853.6895652402798 857 863 -1
861 -15.220605585357168 -167.67855728733247 842.9113612086745 858 864 -1
862 -16.90856152788517 -158.9931213662158 852.4495148769025 859 865 -1
863 -19.872620957992837 -158.26804430973615 853.8430396968951 860 866 -1
864 -15.189018792333457 -167.7554627548699 842.7544504005872 861 867 -1
865 -16.733931912677768 -158.91540206808241 852.49781793617 862 868 -1
866 -19.941732693403242 -158.12180894537946 853.9964958469976 863 869 -1
867 -15.157954552220353 -167.83218100156404 842.5973437410677 864 870 -1
868 -16.559425814206165 -158.83841103217713 852.5477077465063 865 871 -1
869 -20.0103567455007 -157.97532611967867 854.1499348462588 866 872 -1
870 -15.12740359041078 -167.90870791069239 842.4400432308843 867 873 -1
871 -16.38507707522198 -158.76210312224637 852.5991725064861 868 874 -1
872 -20.0785050236627 -157.82860453419167 854.3033577756825 869 875 -1
873 -15.097356503990703 -167.9850394061446 842.2825508319276 870 876 -1
874 -16.210918619122715 -158.68643252257272 852.6521988881951 871 877 -1
875 -20.14619277735242 -157.68165446026052 854.4567658974955 872 878 -1
876 -15.067803765594919 -168.06117145287303 842.1248684671052 873 879 -1
877 -16.036982446732097 -158.61135340215077 852.7067730468698 874 880 -1
878 -20.21343253821127 -157.5344847099167 854.6101604495605 875 881 -1
879 -15.038735727258295 -168.13710005728169 841.9669980203289 876 882 -1
880 -15.863300157833867 -158.53682110153633 852.7628836982809 877 883 -1
881 -20.28023831033976 -157.38710472123842 854.7635427772426 878 884 -1
882 -15.010142624259021 -168.21282126755713 841.8089413365909 879 885 -1
883 -15.689902880939695 -158.46279138999031 852.820520449566 880 886 -1
884 -20.346623619501568 -157.2395235952704 854.9169142675132 881 887 -1
885 -14.98201457894987 -168.2883311739424 841.65070022213 882 888 -1
886 -15.516821365427921 -158.3892204369359 852.8796737802911 883 889 -1
887 -20.41260091925132 -157.09174983400555 855.0702763378556 884 890 -1
888 -14.954341604574893 -168.36362590895595 841.4922764446835 885 891 -1
889 -15.344086071434871 -158.31606478170517 852.940335022765 886 892 -1
890 -20.478184479206735 -156.94379270310316 855.2236304978918 887 893 -1
891 -14.927113609067915 -168.43870164755796 841.3336717338265 888 894 -1
892 -15.171727257728296 -158.2432813018888 853.0024963416664 889 895 -1
893 -20.543386541042732 -156.79566043366052 855.3769782639241 890 896 -1
894 -14.900320398830656 -168.5135546072648 841.174887781392 891 897 -1
895 -14.999775067795106 -158.17082718057438 853.066150713017 892 898 -1
896 -20.608220341513096 -156.64736163734278 855.530321218623 893 899 -1
897 -14.873951682487343 -168.5881810482158 841.0159262419751 894 900 -1
898 -14.828261325258183 -158.09866076299747 853.1312973207332 895 901 -1
899 -20.672699200647855 -156.49890487375163 855.6836609836464 896 902 -1
900 -14.847997074613756 -168.6625772731927 840.8567887335157 897 903 -1
901 -14.657214917248133 -158.0267386183784 853.1979258528543 898 904 -1
902 -20.736835124127307 -156.350298045388 855.8369992121887 899 905 -1
903 -14.8224460994387 -168.73673962759463 840.6974768379592 900 906 -1
904 -14.486665989605187 -157.95501853323432 853.266031047509 901 907 -1
905 -20.800641246561238 -156.20154947964474 855.990337603296 902 908 -1
906 -14.797288194515735 -168.8106644993704 840.537992101992 903 909 -1
907 -14.316645053104617 -157.88345856497494 853.3356088761882 904 910 -1
908 -20.864130420867472 -156.05266730110264 856.143677884336 905 911 -1
909 -14.772512714363634 -168.8843483189112 840.3783360378518 906 912 -1
910 -14.147182913390346 -157.81201690836306 853.406656006199 907 913 -1
911 -20.927314725071195 -155.9036592424501 856.2970218217895 908 914 -1
912 -14.748108934073999 -168.95778755890473 840.2185101242071 909 915 -1
913 -13.978310751077247 -157.74065186114552 853.4791697749238 910 916 -1
914 -20.990206571044446 -155.7545331166288 856.4503712137632 911 917 -1
915 -14.724066052884915 -169.0309787341539 840.0585158071077 912 918 -1
916 -13.81006020156601 -157.66932179018139 853.5531481629797 913 919 -1
917 -21.052818696270098 -155.60529679848014 856.603727874892 914 920 -1
918 -14.700373197719205 -169.10391840136214 839.8983545010002 915 921 -1
919 -13.642465602119671 -157.59798494316357 853.6285943776384 916 922 -1
920 -21.115163319406204 -155.45595789090342 856.7570936526666 917 923 -1
921 -14.677019528545523 -169.1766030787107 839.7380275388176 918 924 -1
922 -13.475558340060445 -157.5265995424134 853.7055041101718 919 925 -1
923 -21.177252118576945 -155.3065237433767 856.9104704448107 920 926 -1
924 -14.653994058339594 -169.24902937775275 839.5775362606851 921 927 -1
925 -13.309371317968733 -157.45512398648756 853.7838758188875 922 928 -1
926 -21.239097581845815 -155.1570019543293 857.063860136804 923 929 -1
927 -14.631285589109659 -169.32119407514512 839.4168820554161 924 930 -1
928 -13.143938770200512 -157.3835166145243 853.863709735265 925 931 -1
929 -21.300711823026983 -155.00739992288803 857.2172646424576 926 932 -1
930 -14.60888299136796 -169.39309389289556 839.2560662228958 927 933 -1
931 -12.97929578416635 -157.31173568371668 853.9450065771318 928 934 -1
932 -21.362106764264162 -154.85772492847565 857.3706859013552 929 935 -1
933 -14.586775080568296 -169.46472559344107 839.0950900373849 930 936 -1
934 -12.815478381332149 -157.2397393430388 854.0277675113274 931 937 -1
935 -21.423294061646413 -154.70798412040656 857.5241258928645 932 938 -1
936 -14.564950620420971 -169.53608597927828 838.9339547488864 933 939 -1
937 -12.65252359871738 -157.16748560912674 854.1119941137842 934 940 -1
938 -21.484285547144783 -154.5581846637517 857.6775865975005 935 941 -1
939 -14.543398326170516 -169.6071718925749 838.7726615845627 936 942 -1
940 -12.490469570894131 -157.09493234461402 854.1976883267341 937 943 -1
941 -21.54509315207658 -154.40833370125873 857.8310699874708 938 944 -1
942 -14.522106867836094 -169.6779802147658 838.6112117501983 939 945 -1
943 -12.329357227881687 -157.0220366055155 854.2848548372317 940 946 -1
944 -21.605728531476565 -154.25843824791428 857.984578068657 941 947 -1
945 -14.501064873415068 -169.74850786613604 838.4496064317096 942 948 -1
946 -12.169226613831002 -156.94875598982878 854.3734951207227 943 949 -1
947 -21.666203279157966 -154.10850526192542 858.1381128599237 944 950 -1
948 -14.480260932050628 -169.81875180539114 838.2878467966943 945 951 -1
949 -12.010118525744817 -156.87504823128808 854.4636101996998 946 952 -1
950 -21.726528877944457 -153.9585416392043 858.2916764032808 947 953 -1
951 -14.459683597164013 -169.888709029219 838.1259339960224 948 954 -1
952 -11.852076276160712 -156.80087046072381 854.5552029608826 949 955 -1
953 -21.786716712821505 -153.80855422798712 858.4452707688769 950 956 -1
954 -14.439321389552155 -169.95837657184336 837.9638691654625 951 957 -1
955 -11.695144686517535 -156.72617959788252 854.6482763893035 952 958 -1
956 -21.846778392189993 -153.65854987372487 858.598897969402 953 959 -1
957 -14.419162905048827 -170.0277513437104 837.8016533457954 954 960 -1
958 -11.539370169463014 -156.65093235196238 854.7428335013128 955 961 -1
959 -21.906725281376694 -153.50853533971673 858.752560061813 956 962 -1
960 -14.399196559529122 -170.09683049787984 837.639287674185 957 963 -1
961 -11.384800810259698 -156.57508522740932 854.8388772722318 958 964 -1
962 -21.96656869416304 -153.35851734922358 858.9062591094505 959 965 -1
963 -14.379410717624019 -170.16561128838737 837.4767733078264 960 966 -1
964 -11.23148644680503 -156.49859453549658 854.9364105582576 961 967 -1
965 -22.026319894715922 -153.20850258868376 859.0599971808082 962 968 -1
966 -14.359793799498501 -170.23409089578038 837.314111339317 963 969 -1
967 -11.07947874769299 -156.42141641224364 855.0354360122413 964 970 -1
968 -22.085990099519645 -153.0584977108917 859.213776348326 965 971 -1
969 -14.340334207811356 -170.30226653588537 837.1513028547556 966 972 -1
970 -10.928831287635823 -156.34350684325645 855.1359559929612 967 973 -1
971 -22.145590460561802 -152.90850934551392 859.3675987016486 968 974 -1
972 -14.32102033062957 -170.3701354593564 836.9883489355408 969 975 -1
973 -10.779599619457223 -156.26482169609613 855.2379724675405 970 976 -1
974 -22.20513209140568 -152.7585441084471 859.5214663431499 971 977 -1
975 -14.301840544316839 -170.43769495123001 836.8252506601896 972 978 -1
976 -10.631841341747586 -156.18531676080596 855.3414869066917 973 979 -1
977 -22.26462613595454 -152.60860855474047 859.6753813120972 974 980 -1
978 -14.282783216398295 -170.50494233048605 836.6620091061715 975 981 -1
979 -10.48561616114152 -156.1049477992368 855.446500172501 976 982 -1
980 -22.32408363731184 -152.45870923273318 859.8293456848279 977 983 -1
981 -14.263836708402641 -170.57187494961826 836.4986253517591 978 984 -1
982 -10.340985948046402 -156.0236706038226 855.5530123985396 979 985 -1
983 -22.383515600596382 -152.30885267258958 859.9833615358923 980 986 -1
984 -14.244989378683677 -170.6384901942149 836.335100477889 981 987 -1
985 -10.198014784504597 -155.94144106644848 855.6610228621391 982 988 -1
986 -22.442932994833974 -152.15904538928822 860.1374309369503 983 989 -1
987 -14.22622958522257 -170.7047854825514 836.1714355700337 984 990 -1
988 -10.05676900273112 -155.85821525804334 855.7705298487781 985 991 -1
989 -22.502346754836402 -152.00929388558157 860.2915559556748 986 992 -1
990 -14.207545729020218 -170.7707580600207 836.0076316330582 987 993 -1
991 -9.917317212715423 -155.77394951949452 855.8815305086152 988 994 -1
992 -22.561767783065324 -151.8596046549302 860.4457386546651 989 995 -1
993 -14.188926130840212 -170.83640554694063 835.8436898287385 990 996 -1
994 -9.77973031713322 -155.6886005644369 855.994020705347 991 997 -1
995 -22.621206951479937 -151.70998418441053 860.5999810903645 992 998 -1
996 -14.170359148463247 -170.90172552765642 835.6796112975919 993 999 -1
997 -9.644081511668332 -155.60212559439904 856.1079948577064 994 1000 -1
998 -22.680675103366124 -151.56043895759916 860.7542853119827 995 1001 -1
999 -14.151833166779832 -170.9667155483285 835.5153971622988 996 1002 -1
1000 -9.510452268778415 -155.51447895550282 856.2234499886684 997 1003 -1
1001 -22.740183055145582 -151.41097545743372 860.9086533604208 998 1004 -1
1002 -14.133336584197194 -171.03137318601335 835.3510485594849 999 1005 -1
1003 -9.378916330390158 -155.42562155554845 856.340373910461 1000 1006 -1
1004 -22.799741620258136 -151.2616002031595 861.0630872916461 1001 1007 -1
1005 -14.114857815363411 -171.095696048357 835.186566641598 1002 1008 -1
1006 -9.249552851297498 -155.33551334039936 856.4587550445314 1003 1009 -1
1007 -22.85936157348872 -151.11231968518078 861.2175891242258 1004 1010 -1
1008 -14.09638529388478 -171.15968177330973 835.0219525787766 1005 1011 -1
1009 -9.122443904690671 -155.24411486787398 856.578580264251 1006 1012 -1
1010 -22.919053643842258 -150.96314037224562 861.3721608460842 1007 1013 -1
1011 -14.077907475038186 -171.22332802886245 834.8572075607068 1008 1014 -1
1012 -8.997673557967302 -155.1513879629627 856.6998341118161 1009 1015 -1
1013 -22.97882855709685 -150.81406877256723 861.526804454047 1010 1016 -1
1014 -14.059412838479915 -171.2866325128068 834.6923327984688 1011 1017 -1
1015 -8.875327737714844 -155.05729591110173 856.8224986138122 1012 1018 -1
1016 -23.038697020948064 -150.66511140776015 861.6815219312349 1013 1019 -1
1017 -14.040889890952641 -171.34959295251969 834.5273295263654 1014 1020 -1
1018 -8.755501399231534 -154.96179962001128 856.9465569542609 1015 1021 -1
1019 -23.09866972666292 -150.51627481557895 861.8363152459624 1016 1022 -1
1020 -14.022327168992419 -171.41220710477182 834.3621990037341 1017 1023 -1
1021 -8.63828356133072 -154.86486612196498 857.0719849468277 1018 1024 -1
1022 -23.158757350701983 -150.36756555263997 861.9911863506256 1019 1025 -1
1023 -14.003713241636714 -171.47447275556368 834.1969425167381 1020 1026 -1
1024 -8.523758885589482 -154.76646759389396 857.1987527272308 1021 1027 -1
1025 -23.218970556308722 -150.2189901971254 862.1461371805785 1022 1028 -1
1026 -13.985036713135479 -171.53638771998698 834.0315613801346 1023 1029 -1
1027 -8.412018743039964 -154.66657536620878 857.3268303789863 1024 1030 -1
1028 -23.279319995063165 -150.07055535147313 862.3011696529956 1025 1031 -1
1029 -13.966286225666202 -171.59794984211462 833.8660569390169 1026 1032 -1
1030 -8.303155173044054 -154.56516335443456 857.4561846136822 1027 1033 -1
1031 -23.339816308399747 -149.92226764504912 862.4562856657176 1028 1034 -1
1032 -13.947450462054727 -171.65915699491785 833.7004305705291 1029 1035 -1
1033 -8.197277519838593 -154.46219961983087 857.5867853042857 1030 1036 -1
1034 -23.400470129085857 -149.77413373680662 862.6114870960828 1031 1037 -1
1035 -13.928518148502615 -171.7200070802132 833.5346836855497 1032 1038 -1
1036 -8.09446394917041 -154.35767152184405 857.7185855873956 1033 1039 -1
1037 -23.461292082660716 -149.62616031792996 862.7667757997372 1034 1040 -1
1038 -13.909478034576013 -171.78049795956608 833.3688177078536 1035 1041 -1
1039 -7.994804697373128 -154.25156303296495 857.8515406120925 1036 1042 -1
1040 -23.522292788831955 -149.47835411446394 862.9221536094249 1037 1043 -1
1041 -13.890318956194813 -171.84062765027483 833.2028341404268 1038 1044 -1
1042 -7.89839051004816 -154.14386088667942 857.9856023788955 1039 1045 -1
1043 -23.58348286282815 -149.33072188993052 863.0776223337582 1040 1046 -1
1044 -13.87102979729792 -171.90039417179585 833.0367345150776 1041 1047 -1
1045 -7.8053266116517035 -154.03454805759264 858.1207237614883 1042 1048 -1
1046 -23.644872916705815 -149.18327044793043 863.2331837559616 1043 1049 -1
1047 -13.851599487316962 -171.95979554262007 832.8705203937831 1044 1050 -1
1048 -7.715690351730543 -153.92362403556623 858.2568453984923 1045 1051 -1
1049 -23.706473560608078 -149.03600663473296 863.3888396325934 1046 1052 -1
1050 -13.832017012931566 -172.0188298102869 832.7041933800981 1047 1053 -1
1051 -7.62956106487246 -153.81108998483006 858.3939062480912 1048 1054 -1
1052 -23.768295403974005 -148.88893734185086 863.5445916922394 1049 1055 -1
1053 -13.812271420858242 -172.07749505151202 832.5377551205983 1050 1056 -1
1054 -7.54702013113578 -153.6969488372986 858.5318432815543 1051 1057 -1
1055 -23.830349056695738 -148.74206950860273 863.7004416341783 1052 1058 -1
1056 -13.792351820651724 -172.13578937234837 832.3712073062754 1053 1059 -1
1057 -7.468154976433812 -153.5812037491859 858.6705919205556 1054 1060 -1
1058 -23.892645130221773 -148.59541012466144 863.8563911270195 1055 1061 -1
1059 -13.772247387519785 -172.1937109083762 832.204551673881 1056 1062 -1
1060 -7.3930400749364935 -153.46386635189796 858.8100819086436 1057 1063 -1
1061 -23.95519423860389 -148.4489662325896 864.012441807308 1058 1064 -1
1062 -13.751947365769935 -172.25125782494987 832.0377900071481 1059 1065 -1
1063 -7.321732350549127 -153.34495791564927 858.9502378910954 1060 1066 -1
1064 -24.018006999485905 -148.30274493035992 864.1685952780983 1061 1067 -1
1065 -13.731444838472843 -172.3084284288944 831.8709237122753 1062 1068 -1
1066 -7.254294353639179 -153.22449933965632 859.0909842170504 1063 1069 -1
1067 -24.081094134227552 -148.15675345636626 864.3248531443663 1064 1070 -1
1068 -13.710745881565364 -172.36522149430138 831.7039527775325 1065 1071 -1
1069 -7.1907825614583505 -153.10251596378808 859.2322428175585 1066 1072 -1
1070 -24.14446619991713 -148.0109989671041 864.4812169096966 1067 1073 -1
1071 -13.689859417968993 -172.4216360944382 831.5368769240706 1068 1074 -1
1072 -7.131246855871594 -152.97903747188658 859.3739335839728 1069 1075 -1
1073 -24.20813381334875 -147.865488727597 864.6376880612011 1070 1076 -1
1074 -13.668794291922785 -172.47767124760225 831.3696958411844 1071 1077 -1
1075 -7.075739340554434 -152.85409448161883 859.5159754025558 1072 1078 -1
1076 -24.272107616002263 -147.72023008309318 864.7942680531833 1073 1079 -1
1077 -13.6475593137866 -172.53332600020906 831.2024092107414 1074 1080 -1
1078 -7.024286424285735 -152.7277282423716 859.6582843968688 1075 1081 -1
1079 -24.336398256994705 -147.5752304466772 864.9509582987934 1076 1082 -1
1080 -13.626163259238455 -172.58859942623485 831.035016708412 1077 1083 -1
1081 -6.976912143513079 -152.5999815383632 859.8007768843798 1078 1084 -1
1082 -24.401016393666218 -147.43049730169415 865.107760168378 1079 1085 -1
1083 -13.604614868497812 -172.64349062667452 830.8675180048882 1080 1086 -1
1084 -6.933634651020323 -152.47090001393536 859.94336953221 1081 1087 -1
1085 -24.465972692089657 -147.28603820415577 865.2646749877906 1082 1088 -1
1086 -13.58292284557328 -172.69799872901672 830.6999127670917 1083 1089 -1
1087 -6.894406990870248 -152.34057235285948 860.0860006984183 1084 1090 -1
1088 -24.531277827501935 -147.14186078512523 865.4217040366576 1085 1091 -1
1089 -13.561095857533468 -172.75212288673586 830.5322006593689 1086 1092 -1
1090 -6.859071207592261 -152.2091584033127 860.2286529476495 1087 1093 -1
1091 -24.59694248465329 -146.99797275308154 865.5788485466031 1088 1094 -1
1092 -13.53914253379944 -172.8058622788009 830.3643813446729 1089 1095 -1
1093 -6.827457991780515 -152.07681575950502 860.3713206833826 1090 1096 -1
1094 -24.66297735807254 -146.8543818962598 865.7361096994275 1091 1097 -1
1095 -13.517071465457477 -172.8592161092013 830.1964544857329 1092 1098 -1
1096 -6.799400440507198 -151.94369112667073 860.5140049634874 1093 1099 -1
1097 -24.729393152244697 -146.7110960849669 865.8934886252422 1094 1100 -1
1098 -13.494891204590818 -172.91218360649071 830.0284197462095 1095 1101 -1
1099 -6.774746023140503 -151.80991918071115 860.6567128189954 1096 1102 -1
1100 -24.796200581698173 -146.56812327387107 866.0509864005564 1097 1103 -1
1101 -13.472610263629099 -172.96476402334724 829.8602767918351 1098 1104 -1
1102 -6.753328627451413 -151.6756286445034 860.7994563584575 1099 1105 -1
1103 -24.863410370998146 -146.42547150426262 866.2086040463191 1100 1106 -1
1104 -13.450237018117086 -173.0169561875708 829.6920251658304 1101 1107 -1
1105 -6.7349905926821005 -151.54093818795505 860.9422521352717 1102 1108 -1
1106 -24.93103325464346 -146.28314890628408 866.3663425259111 1103 1109 -1
1107 -13.42777999159951 -173.06875972179017 829.5236646315875 1104 1110 -1
1108 -6.719581703395378 -151.40595782555226 861.08512055443 1105 1111 -1
1109 -24.999079976863147 -146.14116370112717 866.5242027430896 1106 1112 -1
1110 -13.405247596689422 -173.12017403519582 829.3551948919514 1107 1113 -1
1111 -6.706956993306191 -151.27079010096173 861.2280853094521 1108 1114 -1
1112 -25.067561291309406 -145.99952420319576 866.6821855398844 1109 1115 -1
1113 -13.382648183171652 -173.17119847226428 829.186615631835 1110 1116 -1
1114 -6.696998894263913 -151.13553083149233 861.3711742552047 1111 1117 -1
1115 -25.136487961615973 -145.85823882519622 866.8402916966661 1112 1118 -1
1116 -13.359990058169258 -173.22183239966384 829.0179265437049 1113 1119 -1
1117 -6.689551680525158 -151.00027136553314 861.5144157493396 1114 1120 -1
1118 -25.205871340263407 -145.71731784681555 866.9985232477019 1115 1121 -1
1119 -13.337281485572424 -173.27207520591926 828.8491273286288 1116 1122 -1
1120 -6.684485526792334 -150.86509611438282 861.6578408509066 1117 1123 -1
1121 -25.27572475719152 -145.57677681074827 867.1568858514315 1118 1124 -1
1122 -13.31453064986099 -173.32192588949263 828.6802175811556 1119 1125 -1
1123 -6.681697677063553 -150.730087091409 861.8014848996647 1120 1126 -1
1124 -25.34606118270458 -145.43663173251232 867.3153855002464 1121 1127 -1
1125 -13.291745754265275 -173.37138390070163 828.5111970276357 1122 1128 -1
1126 -6.6810506898989015 -150.5953195592772 861.9453811759491 1123 1129 -1
1127 -25.416893954903134 -145.29689909491876 867.4740281808341 1124 1130 -1
1128 -13.268934969724754 -173.42044904137316 828.3420654995879 1125 1131 -1
1129 -6.682433372136496 -150.46086636811535 862.089566182832 1126 1132 -1
1130 -25.488236488058966 -145.1575956258055 867.632819791004 1127 1133 -1
1131 -13.246106383961376 -173.46912078380973 828.1728227424358 1128 1134 -1
1132 -6.6857466570903235 -150.32679989452646 862.2340795600237 1129 1135 -1
1133 -25.560102261120427 -145.01873829824603 867.7917661324818 1130 1136 -1
1134 -13.22326803874737 -173.51739862075507 828.0034685151851 1131 1137 -1
1135 -6.690865628401913 -150.19318309852548 862.378956375822 1132 1138 -1
1136 -25.632504818852574 -144.88034434119515 867.9508729070075 1133 1139 -1
1137 -13.200427940987266 -173.56528134377274 827.8340023869079 1134 1140 -1
1138 -6.697712615307807 -150.0600883704875 862.5242418786952 1135 1141 -1
1139 -25.705457772680074 -144.74243125012296 868.1101457121181 1136 1142 -1
1140 -13.177594067547938 -173.61276891650618 827.6644242683321 1137 1143 -1
1141 -6.706164382772137 -149.9275715034067 862.6699704833509 1138 1144 -1
1142 -25.77897480121473 -144.6050167976341 868.269590036611 1139 1145 -1
1143 -13.154774322681362 -173.65986113606786 827.4947340340415 1140 1146 -1
1144 -6.716145866779057 -149.79570277300905 862.8161895045555 1141 1147 -1
1145 -25.853069650452703 -144.46811904405715 868.4292112556684 1142 1148 -1
1146 -13.131976561487873 -173.70655757416085 827.3249315064627 1143 1149 -1
1147 -6.727547023160005 -149.66453576555818 862.9629349764446 1144 1150 -1
1148 -25.92775638536915 -144.33175657819876 868.5890147035063 1145 1151 -1
1149 -13.10920867143409 -173.75285697162633 827.1550162847034 1146 1152 -1
1150 -6.7402942555338194 -149.5341400565555 863.1102559866233 1147 1153 -1
1151 -26.003049241107302 -144.19594840327397 868.7490056231464 1148 1154 -1
1152 -13.086478401766167 -173.79875945172546 826.9849883737385 1149 1155 -1
1153 -6.754284373255815 -149.40456662436438 863.2581884740147 1150 1156 -1
1154 -26.078961643286004 -144.06071303799007 868.9091888555376 1151 1157 -1
1155 -13.063793441079603 -173.84426493256902 826.814847734807 1152 1158 -1
1156 -6.7694482100211655 -149.27588779572835 863.4067847010343 1153 1159 -1
1157 -26.15550760748565 -143.9260698061579 869.0695692666374 1154 1160 -1
1158 -13.041161498908085 -173.88937273876343 826.6445941758318 1155 1161 -1
1159 -6.785686353665899 -149.1481516100186 863.5560790804644 1156 1162 -1
1160 -26.23270121210868 -143.7920383717865 869.2301515788981 1157 1163 -1
1161 -13.018590320170473 -173.93408186062206 826.474227425938 1158 1164 -1
1162 -6.80293266695571 -149.0214347070409 863.7061271075078 1159 1165 -1
1163 -26.31055659616255 -143.65863874922917 869.3909403641197 1160 1166 -1
1164 -12.996087339563926 -173.9783929328926 826.3037476979756 1161 1167 -1
1165 -6.821093209201463 -148.89578542486814 863.8569629934044 1162 1168 -1
1166 -26.389088137976458 -143.52589149004774 869.551940092431 1163 1169 -1
1167 -12.973660102139139 -174.02230548783797 826.1331549093396 1164 1170 -1
1168 -6.840099029744773 -148.77128048059785 864.0086412742969 1165 1171 -1
1169 -26.46831106850766 -143.39381830911861 869.7131553156538 1166 1172 -1
1170 -12.951316330438024 -174.06581812613834 825.9624487319263 1167 1173 -1
1171 -6.859864751960348 -148.64797543439724 864.1612000286682 1168 1174 -1
1172 -26.548238650334575 -143.26243933145736 869.8745897808526 1169 1175 -1
1173 -12.929063196042186 -174.10893182949195 825.7916295318086 1170 1176 -1
1174 -6.88031724212417 -148.52594513034646 864.3146903482984 1171 1177 -1
1175 -26.6288852384909 -143.1317760807715 870.0362473776755 1172 1178 -1
1176 -12.906908161698297 -174.15164594317778 825.6206972308587 1173 1179 -1
1177 -6.901377140612809 -148.40525500321732 864.4691550226131 1174 1180 -1
1178 -26.7102652298515 -143.00185047956066 870.1981318027414 1175 1181 -1
1179 -12.884858772300928 -174.19395945976657 825.4496516723432 1176 1182 -1
1180 -6.922968016427334 -148.28597802558843 864.6246406453266 1177 1183 -1
1181 -26.792393965124877 -142.87268578966388 870.3602468279526 1178 1184 -1
1182 -12.862921995271078 -174.23587331968815 825.2784932711154 1179 1185 -1
1183 -6.945013597667477 -148.16819119490896 864.7811947128836 1180 1186 -1
1184 -26.87528597968702 -142.74430486044844 870.5225957511504 1181 1187 -1
1185 -12.841105363511245 -174.27738626799314 825.1072218439118 1182 1188 -1
1186 -6.967435241175006 -148.0519667052523 864.938859018758 1183 1189 -1
1187 -26.9589549308559 -142.6167300249279 870.6851813715258 1184 1190 -1
1188 -12.819415948540424 -174.31849850894025 824.9358376418921 1185 1191 -1
1189 -6.990156913077597 -147.9373934858153 865.0976846204356 1186 1192 -1
1190 -27.04341532698142 -142.48998489742402 870.8480065101032 1187 1193 -1
1191 -12.797860743784113 -174.35921024725008 824.7643409385138 1188 1194 -1
1192 -7.013098601784931 -147.8245454967107 865.2577091352118 1189 1195 -1
1193 -27.128683330337335 -142.36409529390988 871.011074231291 1190 1196 -1
1194 -12.7764472721687 -174.3995200586672 824.5927315743183 1191 1197 -1
1195 -7.0361821896650385 -147.71352225644557 865.4189846456865 1192 1198 -1
1196 -27.21477256990871 -142.23908481175133 871.1743865750027 1193 1199 -1
1197 -12.755181996898358 -174.43942935446628 824.4210102083432 1194 1200 -1
1198 -7.0593264807231275 -147.60440385693244 865.5815462484092 1195 1201 -1
1199 -27.301696960515226 -142.11497778760543 871.3379454038964 1196 1202 -1
1200 -12.734072506122281 -174.4789363792839 824.2491766389081 1197 1203 -1
1201 -7.082449920828558 -147.4972969174161 865.7454429520212 1198 1204 -1
1202 -27.389472293554608 -141.99180108718295 871.501752850484 1199 1205 -1
1203 -12.713125199749802 -174.51804234821464 824.0772315184345 1200 1206 -1
1204 -7.105469260579246 -147.39229421823066 865.9107100252353 1201 1207 -1
1205 -27.47811324237338 -141.8695808889607 871.6658104207054 1202 1208 -1
1206 -12.692347352892874 -174.55674615948953 823.9051748800033 1203 1209 -1
1207 -7.128299560667764 -147.28950337359825 866.0773876776275 1204 1210 -1
1208 -27.5676328769165 -141.74834209380063 871.8301188626639 1205 1211 -1
1209 -12.671745516730933 -174.5950483477643 823.7330072372513 1206 1212 -1
1210 -7.150853237428857 -147.18903894634545 866.2455149549215 1207 1213 -1
1211 -27.658047484578557 -141.62811374863506 871.9946795258993 1208 1214 -1
1212 -12.651326659448765 -174.63294836865762 823.5607288317356 1209 1215 -1
1213 -7.173043843906959 -147.0910003350141 866.4151160073213 1210 1216 -1
1214 -27.7493707749927 -141.5089225797393 872.1594926991722 1211 1217 -1
1215 -12.63109734880781 -174.67044646687978 823.3883401496822 1212 1218 -1
1216 -7.194775464000795 -146.99553579985206 866.5862378840129 1213 1219 -1
1217 -27.841615857570893 -141.39079516633913 872.324558181183 1214 1220 -1
1218 -12.611064398676879 -174.70754225985564 823.2158415324833 1215 1221 -1
1219 -7.215960374729291 -146.90274065889938 866.7588895678601 1216 1222 -1
1220 -27.934800256779955 -141.27376383959893 872.4898766106563 1217 1223 -1
1221 -12.591234213244887 -174.74423610476472 823.0432335513345 1218 1224 -1
1222 -7.236499981410119 -146.8127610178649 866.9331022962225 1219 1225 -1
1223 -28.028934628448468 -141.1578535380743 872.6554464148116 1220 1226 -1
1224 -12.571613650311727 -174.7805273734459 822.8705165377849 1221 1227 -1
1225 -7.256295576865131 -146.72573434896495 867.1088938459449 1222 1228 -1
1226 -28.124035350465043 -141.043096574409 872.8212671678498 1223 1229 -1
1227 -12.552208724281398 -174.81641694993633 822.6976912606433 1224 1230 -1
1228 -7.275252773120934 -146.64176250124837 867.286256427302 1225 1231 -1
1229 -28.220115128715406 -140.92952158157607 872.9873370890115 1226 1232 -1
1230 -12.533026581354111 -174.8519035412224 822.5247579316703 1227 1233 -1
1231 -7.293270245287641 -146.56088929769135 867.4651504090001 1228 1234 -1
1232 -28.31718794338149 -140.81715940540693 873.153654325793 1229 1235 -1
1233 -12.514072712846554 -174.88698874590344 822.3517175660913 1230 1236 -1
1234 -7.310250038177202 -146.48311439757657 867.6455135950821 1231 1237 -1
1235 -28.415267828388306 -140.70604169698666 873.3202166130728 1232 1238 -1
1236 -12.495354425993085 -174.92167089103023 822.178570336374 1233 1239 -1
1237 -7.326095435101619 -146.4084302795171 867.8272807845292 1234 1240 -1
1238 -28.5143671141024 -140.5961987362079 873.4870208427443 1235 1241 -1
1239 -12.476877172461727 -174.95595141184532 822.0053172693775 1236 1242 -1
1240 -7.340701397144375 -146.33684754866596 868.0103947313726 1237 1243 -1
1241 -28.614500114131733 -140.48766405709688 873.6540639279375 1238 1244 -1
1242 -12.458647465051097 -174.9898298518178 821.8319589203948 1239 1245 -1
1243 -7.353949780650345 -146.26839928977205 868.194805803807 1240 1246 -1
1244 -28.71567839071164 -140.3804685083354 873.8213416829103 1241 1247 -1
1245 -12.440671703182026 -175.0233059030552 821.6584959163869 1242 1248 -1
1246 -7.365733502520322 -146.2030858267695 868.380448872361 1243 1249 -1
1247 -28.817915427879495 -140.27464620793916 873.988849881415 1244 1250 -1
1248 -12.422955319123988 -175.05638068436426 821.4849292831856 1245 1251 -1
1249 -7.375933650511222 -146.1409286501549 868.567265471487 1246 1252 -1
1250 -28.92122293536441 -140.17022983589047 874.1565834109322 1247 1253 -1
1251 -12.40550512841508 -175.08905310739974 821.3112595074168 1248 1254 -1
1252 -7.384424121413115 -146.08195656554182 868.7551967508995 1249 1255 -1
1253 -29.025612415763124 -140.06725263867267 874.3245366221652 1250 1256 -1
1254 -12.388326663491661 -175.12132397259202 821.137487592041 1251 1257 -1
1255 -7.391071983055087 -146.0262037191902 868.9441818043504 1252 1258 -1
1256 -29.131096656959496 -139.96575050486533 874.4927035878967 1253 1259 -1
1257 -12.371425531112035 -175.15319385150343 820.9636145078297 1254 1260 -1
1258 -7.395736822247252 -145.9737099149295 869.1341568524155 1255 1261 -1
1259 -29.23768402734396 -139.86575423748235 874.6610770044036 1256 1262 -1
1260 -12.354808374399722 -175.1846617763953 820.7896408704695 1257 1263 -1
1261 -7.398270073191776 -145.92452093385256 869.3250543180342 1258 1264 -1
1262 -29.345389255789797 -139.76730432276054 874.8296501806312 1259 1265 -1
1263 -12.338480484153022 -175.21572864095523 820.6155677934634 1260 1266 -1
1264 -7.398514333968608 -145.87868885197605 869.5168017780297 1261 1267 -1
1265 -29.454218491870396 -139.67043035540425 874.9984143228672 1262 1268 -1
1266 -12.322447333948814 -175.24639497604701 820.4413963262375 1263 1269 -1
1267 -7.396302682033855 -145.83627234874075 869.7093207722861 1264 1270 -1
1268 -29.564183206446643 -139.57517030480724 875.1673609980683 1265 1271 -1
1269 -12.306714974143636 -175.2766604695905 820.2671273424248 1266 1272 -1
1270 -7.391458003917719 -145.79733699634883 869.9025254509804 1267 1273 -1
1271 -29.675292748658517 -139.48156023198845 875.3364807942414 1268 1274 -1
1272 -12.29128924784203 -175.30652505108156 820.092761808755 1269 1275 -1
1273 -7.383792359647358 -145.76195551638736 870.0963210394704 1270 1276 -1
1274 -29.787553599408902 -139.3896330356189 875.5057632900415 1271 1277 -1
1275 -12.276175103517975 -175.33598973851377 819.9183009823109 1272 1278 -1
1276 -7.373106409026442 -145.73020798587723 870.2906021004369 1273 1279 -1
1277 -29.900976393778862 -139.2994287875545 875.6751980102566 1274 1280 -1
1278 -12.26137803071332 -175.36505476545972 819.7437459598024 1275 1281 -1
1279 -7.3591732634854 -145.70219929651697 870.4852516572752 1276 1282 -1
1280 -30.01556652034039 -139.2109809132792 875.8447731331736 1277 1283 -1
1281 -12.24690377524279 -175.39371999639187 819.5690977835087 1278 1284 -1
1282 -7.341766552498908 -145.6780257427431 870.6801348951119 1279 1285 -1
1283 -30.131329615903446 -139.12432420048574 876.0144762769033 1280 1286 -1
1284 -12.232757897712057 -175.4219854864926 819.3943575738855 1281 1287 -1
1285 -7.320659865696261 -145.65777828566516 870.8750994915512 1282 1288 -1
1286 -30.248274340283967 -139.03949927774084 876.1842946803342 1283 1289 -1
1287 -12.218945153869031 -175.44985219747767 819.219526688055 1284 1290 -1
1288 -7.295554472384814 -145.64161607699737 871.0699709267565 1285 1291 -1
1289 -30.366403392730337 -138.9565387122919 876.3542143125326 1286 1292 -1
1290 -12.205470772195964 -175.47732044545327 819.0446063626697 1287 1293 -1
1291 -7.266218521501904 -145.6296234461331 871.2645515455492 1288 1294 -1
1292 -30.485720417017674 -138.87547758242272 876.5242206113661 1289 1295 -1
1293 -12.192339915027866 -175.50439056746276 818.8695978689628 1290 1296 -1
1294 -7.23232639362312 -145.62197147215014 871.4586095005362 1291 1297 -1
1295 -30.606231159142965 -138.79635560220424 876.6942984278909 1292 1298 -1
1296 -12.179557703828687 -175.5310628925235 818.6945025062619 1293 1299 -1
1297 -7.1935924514541085 -145.61878603264805 871.6518832762981 1294 1300 -1
1298 -30.727936571515038 -138.71920594116528 876.8644316005327 1295 1301 -1
1299 -12.16712973271036 -175.5573371746145 818.5193214819557 1296 1302 -1
1300 -7.149704885352767 -145.62021317833566 871.844072245485 1297 1303 -1
1301 -30.85083732652302 -138.6440623787534 877.0346033156534 1298 1304 -1
1302 -12.155060329316601 -175.58321453285376 818.3440563259883 1299 1305 -1
1303 -7.1003364871791375 -145.6264080538132 872.0348304572943 1300 1306 -1
1304 -30.97493557854481 -138.57096242972668 877.2047960769461 1301 1307 -1
1305 -12.143354381179405 -175.60869539089856 818.1687084452651 1302 1308 -1
1306 -7.045158806045524 -145.63752283592467 872.2237634843501 1303 1309 -1
1307 -31.100231035721784 -138.49994074899743 877.3749915790454 1304 1310 -1
1308 -12.132016706281023 -175.63378019434137 817.9932792799217 1305 1311 -1
1309 -6.983849462037763 -145.65370176995282 872.4104251849119 1306 1312 -1
1310 -31.226720675420616 -138.43102837406002 877.5451708435545 1307 1313 -1
1311 -12.121052052384728 -175.65846941090052 817.817770302983 1308 1314 -1
1312 -6.916101321332161 -145.6750750712026 872.5943159575327 1309 1315 -1
1313 -31.354402717371386 -138.3642596892711 877.7153141929787 1310 1316 -1
1314 -12.110465096369797 -175.68276353060816 817.6421830199968 1311 1317 -1
1315 -6.8416335095245495 -145.70175173849768 872.7748832069977 1312 1318 -1
1316 -31.483275596102107 -138.29967084491045 877.8854011413795 1313 1319 -1
1317 -12.100260443571717 -175.70666306599293 817.4665189686402 1314 1320 -1
1318 -6.760204024964548 -145.7338114694085 872.951524807927 1315 1321 -1
1319 -31.613332204263383 -138.23728900613003 878.055410779293 1316 1322 -1
1320 -12.090442627127938 -175.73016855225902 817.2907797183024 1317 1323 -1
1321 -6.671623432547152 -145.77129605057758 873.1235963286218 1318 1324 -1
1322 -31.744566880218485 -138.17714504265982 878.2253214967542 1319 1325 -1
1323 -12.081016107330331 -175.75328054745992 817.1149668696397 1320 1326 -1
1324 -6.575747669807947 -145.81421628293444 873.2904055281193 1321 1327 -1
1325 -31.876976157607185 -138.11927540712222 878.3951106794198 1322 1328 -1
1326 -12.071985270984788 -175.77599963266678 816.9390820541065 1323 1329 -1
1327 -6.472535364138045 -145.86251109970428 873.4512585755331 1324 1330 -1
1328 -32.01054886033502 -138.06370277664047 878.5647558293217 1325 1331 -1
1329 -12.063354430778931 -175.79832641213076 816.7631269334602 1326 1332 -1
1330 -6.362073634510092 -145.91603561181407 873.6055046475242 1327 1333 -1
1331 -32.14527595291859 -138.01045491713165 878.7342336578176 1328 1334 -1
1332 -12.055127824658543 -175.82026151343993 816.5871031992416 1329 1335 -1
1333 -6.244744727970656 -145.9744794271038 873.7527382774452 1330 1336 -1
1334 -32.281150756977794 -137.9595657164233 878.9035197353763 1331 1337 -1
1335 -12.047309615213628 -175.84180558766906 816.4110125722299 1332 1338 -1
1336 -6.121099008468645 -146.03743569353574 873.8927690164602 1333 1339 -1
1337 -32.41815856279106 -137.91105361602467 879.07259034534 1334 1340 -1
1338 -12.039903889074786 -175.8629593095226 816.2348568018735 1335 1341 -1
1339 -5.9917528136342435 -146.10444442463725 874.0255862170063 1336 1342 -1
1340 -32.556287793549714 -137.86494441080185 879.2414206972497 1337 1343 -1
1341 -12.032914656320731 -175.88372337747063 816.0586376656966 1338 1344 -1
1342 -5.8572744711611895 -146.17507426914568 874.1512397866704 1339 1345 -1
1343 -32.69552693539685 -137.82126526005868 879.4099852682468 1340 1346 -1
1344 -12.026345849897712 -175.90409851387696 815.8823569686804 1341 1347 -1
1345 -5.718203719728013 -146.24890961469563 874.2698581187227 1342 1348 -1
1346 -32.83585847900872 -137.7800310148956 879.5782594754584 1343 1349 -1
1347 -12.020201325051659 -175.92408546511942 815.7060165426234 1344 1350 -1
1348 -5.575042599156331 -146.32555822433227 874.381631557442 1345 1351 -1
1349 -32.97726971611457 -137.74126813534704 879.7462169409288 1346 1352 -1
1350 -12.014484858773825 -175.94368500170165 815.5296182454751 1347 1353 -1
1351 -5.428250068860113 -146.40465618952993 874.4867962705201 1348 1354 -1
1352 -33.11974193644338 -137.70499023670456 879.9138325138828 1349 1355 -1
1353 -12.00920014926075 -175.9628979183561 815.3531639606497 1350 1356 -1
1354 -5.278239846263967 -146.48587048829324 874.585619715577 1351 1357 -1
1355 -33.26325842467118 -137.6712162136605 880.0810800241044 1352 1358 -1
1356 -12.004350815389214 -175.98172503413846 815.1766555963144 1353 1359 -1
1357 -5.125363711316664 -146.56891002022581 874.6783492671589 1354 1360 -1
1358 -33.40780047259703 -137.63996095289187 880.2479335400374 1355 1361 -1
1359 -12.0 -176.0 815.0 1356 -1 -1
1360 -4.969961225411019 -146.65349456823736 874.7653052695789 1357 1362 -1
1361 -33.5533482300224 -137.61123706365134 880.4143672390168 1358 1363 -1
1362 -4.812310744397059 -146.73938616580602 874.8467622190901 1360 1364 -1
1363 -33.699881437861066 -137.58505662648545 880.5803551555975 1361 1365 -1
1364 -4.652658548061557 -146.82637024719332 874.9229959759134 1362 1366 -1
1365 -33.84737901050385 -137.56143003771845 880.7458714145479 1363 1367 -1
1366 -4.491218475005456 -146.91425573907185 874.9942713580131 1364 1368 -1
1367 -33.99581754145276 -137.54036171674187 880.9108911467891 1365 1369 -1
1368 -4.328183384706407 -147.0028690718754 875.0608629271799 1366 1370 -1
1369 -34.145176688306584 -137.52186479122415 881.0753876251677 1367 1371 -1
1370 -4.163712912759357 -147.09205925441586 875.1230084270245 1368 1372 -1
1371 -34.29543020949396 -137.50593598026688 881.2393374053247 1369 1373 -1
1372 -3.997944040694956 -147.18169109872844 875.1809266807306 1370 1374 -1
1373 -34.44655481737306 -137.49258018336988 881.4027153717691 1371 1375 -1
1374 -3.83100171073902 -147.27164103938122 875.2348444972195 1372 1376 -1
1375 -34.59852691640424 -137.48180158792442 881.5654964739272 1373 1377 -1
1376 -3.6629921960312206 -147.36179884140222 875.2849681403101 1374 1378 -1
1377 -34.75131956422899 -137.47359385285654 881.7276581836488 1375 1379 -1
1378 -3.4940067600447633 -147.45206510147327 875.3314877374474 1376 1380 -1
1379 -34.90490722015611 -137.4679543488185 881.8891772626039 1377 1381 -1
1380 -3.3241220389776007 -147.5423493142061 875.3745713730917 1378 1382 -1
1381 -35.05926391461919 -137.46487857186972 882.050031064135 1379 1383 -1
1382 -3.1534078689479337 -147.63256849158873 875.4143896201126 1380 1384 -1
1383 -35.21436372498657 -137.46436162574545 882.2101971804534 1381 1385 -1
1384 -2.981924588874758 -147.72264684484085 875.4511013996248 1382 1386 -1
1385 -35.37017969764824 -137.46639428999055 882.3696545629195 1383 1387 -1
1386 -2.809723806621467 -147.8125145789674 875.4848525723063 1384 1388 -1
1387 -35.526684542795216 -137.47096500403143 882.5283831054451 1385 1389 -1
1388 -2.6368477983282395 -147.90210581452695 875.5157693084465 1386 1390 -1
1389 -35.6838512307505 -137.47806190391836 882.6863631035242 1387 1391 -1
1390 -2.463332799412204 -147.99135792044217 875.543968546106 1388 1392 -1
1391 -35.84165262616434 -137.48767137608866 882.8435756971091 1389 1393 -1
1392 -2.289216007330531 -148.08021583407384 875.5695859222153 1390 1394 -1
1393 -36.0 -137.5 883.0 1391 1395 1396
1394 -2.114520611766648 -148.1686212350221 875.5927093186995 1392 1397 -1
1395 -36.122634371333454 -137.36086062398564 883.060189665079 1393 1398 -1
1396 -35.977535321597124 -137.6802339207402 883.0921936276978 1393 1399 -1
1397 -1.9392730401612273 -148.2565233499649 875.6134510566178 1394 1400 -1
1398 -36.24680269392025 -137.223300161353 883.1208789224412 1395 1401 -1
1399 -35.953526541525434 -137.860227799761 883.1845928257869 1396 1402 -1
1400 -1.7634926197652823 -148.34387073055876 875.6319018557263 1397 1403 -1
1401 -36.37249359594024 -137.08730581117942 883.1819622731498 1398 1404 -1
1402 -35.927855994742636 -138.03981063178972 883.277344419399 1399 1405 -1
1403 -1.5871953142456476 -148.43061272495797 875.6481457137417 1400 1406 -1
1404 -36.499686689818795 -136.9528926095734 883.2434346508805 1401 1407 -1
1405 -35.90053176045089 -138.21896434822133 883.3704527603131 1402 1408 -1
1406 -1.4103960711409975 -148.51670204859911 875.6622687299382 1403 1409 -1
1407 -36.628360905825346 -136.82007468404515 883.3052908624006 1404 1410 -1
1408 -35.87155983135176 -138.39767042323732 883.4639225479632 1405 1411 -1
1409 -1.2331053867368031 -148.60208959008847 875.6743436714788 1406 1412 -1
1410 -36.75849419226264 -136.68886483959244 883.3675255089946 1407 1413 -1
1411 -35.840944472519965 -138.57590985645786 883.5577587761874 1408 1414 -1
1412 -1.055332040809915 -148.68672721076084 875.6844408024534 1409 1415 -1
1413 -36.890065121588506 -136.5592762930045 883.4301334023584 1410 1416 -1
1414 -35.80869574149703 -138.7536653966182 883.6519650223347 1411 1417 -1
1415 -0.877084610341292 -148.77056990840333 875.692633171595 1412 1418 -1
1416 -37.023052142385836 -136.43132187657784 883.4931093704632 1413 1419 -1
1417 -35.774819356086496 -138.93091865309216 883.7465457026293 1414 1420 -1
1418 -0.6983645653661974 -148.85356315240924 875.6989686911996 1415 1421 -1
1419 -37.15743422771904 -136.305014811391 883.5564484260499 1416 1422 -1
1420 -35.73931677770015 -139.1076498590463 883.841506120133 1417 1423 -1
1421 -0.5191802415759366 -148.9356673935259 875.7035245558363 1418 1424 -1
1422 -37.29318912128812 -136.18036661828694 883.6201453095421 1419 1425 -1
1423 -35.70219354009066 -139.28384048944142 883.936850527056 1420 1426 -1
1424 -0.33952764677379177 -149.01682126047467 875.7063329393312 1421 1427 -1
1425 -37.430294780350735 -136.05738877499786 883.6841948634057 1422 1428 -1
1426 -35.6634563570222 -139.45947248966127 884.0325827499581 1423 1429 -1
1427 -0.15941205546409165 -149.09698352497085 875.7074623871639 1424 1430 -1
1428 -37.568729319867025 -135.93609267619718 883.7485920173838 1425 1431 -1
1429 -35.6231063925636 -139.6345258523192 884.1287078251885 1426 1432 -1
1430 0.021169316346919688 -149.17609739946332 875.706952918519 1427 1433 -1
1431 -37.70847080492625 -135.8164893837604 883.8133317337969 1428 1434 -1
1432 -35.581144622606594 -139.80898032306033 884.2252307415833 1429 1435 -1
1433 0.20221932830512904 -149.25410604644352 875.704845756258 1430 1436 -1
1434 -37.84949726329308 -135.6985896381597 883.8784090100976 1431 1437 -1
1435 -35.53757819037164 -139.98281792241607 884.3221548236062 1432 1438 -1
1436 0.3837369159107444 -149.33096273516574 875.701196074606 1433 1439 -1
1437 -37.9917866971755 -135.58240387011222 883.943818881186 1434 1440 -1
1438 -35.49240648140562 -140.15601763133301 884.4194851963607 1435 1441 -1
1439 0.5657239165118174 -149.40661566403972 875.6960676546523 1436 1442 -1
1440 -38.135317109472865 -135.46794223414847 884.0095564255382 1437 1443 -1
1441 -35.445629431945164 -140.32855839999579 884.5172267451087 1438 1444 -1
1442 0.7481619677415834 -149.4810714508967 875.6896138570038 1439 1445 -1
1443 -38.28006678385701 -135.3552150164198 884.0756168388115 1440 1446 -1
1444 -35.39725300709492 -140.50042158539193 884.6153826609344 1441 1447 -1
1445 0.9310462354589699 -149.55430878437943 875.6819572997572 1442 1448 -1
1446 -38.42601333804731 -135.24423127060422 884.1419951819156 1443 1449 -1
1447 -35.34727370672289 -140.6715843720595 884.7139584512677 1444 1450 -1
1448 1.1143675484368656 -149.62632490870394 875.6732405667366 1445 1451 -1
1449 -38.573134778112916 -135.13500030956789 884.2086866590971 1446 1452 -1
1450 -35.295693184135445 -140.84202591240205 884.8129581562661 1447 1453 -1
1451 1.2981228942824692 -149.69710630233143 875.6635972205494 1448 1454 -1
1452 -38.72140913164578 -135.0275311970501 884.2756865201864 1449 1455 -1
1453 -35.242515006262074 -141.01172613617192 884.912385143631 1450 1456 -1
1454 1.482310495466246 -149.76664138095512 875.6531643558753 1451 1457 -1
1455 -38.870814454972816 -134.92183276002064 884.342990061596 1452 1458 -1
1456 -35.18773202666922 -141.18065966649215 885.0122455226073 1453 1459 -1
1457 1.6669298352395399 -149.83491968136465 875.6420815417806 1454 1460 -1
1458 -39.02132883964254 -134.8179136010363 884.4105926271145 1455 1461 -1
1459 -35.131349679899046 -141.3488068490264 885.1125418642307 1456 1462 -1
1460 1.851983830637476 -149.90192464148973 875.6304875437216 1457 1463 -1
1461 -39.17293041819749 -134.71578211056752 884.4784896085033 1458 1464 -1
1462 -35.07336639426417 -141.51614445546497 885.2132784726566 1459 1465 -1
1463 2.0374754068182708 -149.9676426463994 875.6185255850141 1460 1466 -1
1464 -39.32559736924797 -134.61544647926613 884.5466764459022 1461 1467 -1
1465 -35.01377657586182 -141.68264676586838 885.3144606305449 1462 1468 -1
1466 2.2234091085346477 -150.03205737713523 875.6063405551497 1463 1469 -1
1467 -39.479307921862016 -134.51691471014786 884.6151486280467 1464 1470 -1
1468 -34.952585235932695 -141.84829330700504 885.4160905124752 1465 1471 -1
1469 2.409792589470444 -150.0951443460149 875.5940808445073 1466 1472 -1
1470 -39.63404035928676 -134.42019463066518 884.6839016923072 1467 1473 -1
1471 -34.88978555997734 -142.01305697298466 885.5181734313127 1468 1474 -1
1472 2.5966290055849575 -150.15689226540366 875.5818984054172 1469 1475 -1
1473 -39.789773022017705 -134.32529390464566 884.7529312245538 1470 1476 -1
1474 -34.82537773936267 -142.17691403307677 885.6207125738629 1471 1477 -1
1475 2.783930399280144 -150.21726223565412 875.569952406795 1472 1478 -1
1476 -39.94648431023416 -134.23222004407418 884.8222328588481 1473 1479 -1
1477 -34.75936258014436 -142.33984086089038 885.7237107610896 1474 1480 -1
1478 2.9717002011090745 -150.27623817373032 875.5584039992683 1475 1481 -1
1479 -40.1041526856156 -134.14098042069924 884.8918022769761 1476 1482 -1
1480 -34.691729958834536 -142.50180692652418 885.8271737775952 1477 1483 -1
1481 3.15994504387858 -150.3337903801031 875.5474208864258 1478 1484 -1
1482 -40.26275667255906 -134.0515822774422 884.9616352078197 1479 1485 -1
1483 -34.62248553647191 -142.66279063753484 885.9311026891821 1480 1486 -1
1484 3.3486736985280703 -150.38987662838372 875.5371833607221 1481 1487 -1
1485 -40.42227485881338 -133.96403273959234 885.0317274265749 1482 1488 -1
1486 -34.551623090292566 -142.82276282939765 886.0355017940997 1483 1489 -1
1487 3.5378897408110026 -150.44446216560945 875.5278753614282 1484 1490 -1
1488 -40.582685895548956 -133.8783388257711 885.1020747538254 1485 1491 -1
1489 -34.47913876001851 -142.98169515760043 886.1403745259631 1486 1492 -1
1490 3.7275948455031953 -150.49750768358598 875.5196888660099 1487 1493 -1
1491 -40.743968496881024 -133.79450745864852 885.1726730544697 1488 1494 -1
1492 -34.40503443609099 -143.13956256183982 886.2457224295483 1489 1495 -1
1493 3.9177891663128372 -150.54896513706697 875.512828782568 1490 1496 -1
1494 -40.906101438863985 -133.71254547539723 885.2435182365114 1491 1497 -1
1495 -34.32930050902235 -143.2963318017435 886.3515502216248 1492 1498 -1
1496 4.108469033816226 -150.59878137452498 875.5075119733332 1493 1499 -1
1497 -41.06906359746703 -133.63245972989225 885.3146062613908 1494 1500 -1
1498 -34.25193908481166 -143.45197689315302 886.4578589603826 1495 1501 -1
1499 4.2996258082003 -150.6468976992561 875.5039683428818 1496 1502 -1
1500 -41.23283400336143 -133.55425725284135 885.385933160019 1497 1503 -1
1501 -34.1729476077661 -143.60646821777684 886.5646508510806 1498 1504 -1
1502 4.491244519166496 -150.69324941813792 875.5024419137516 1499 1505 -1
1503 -41.39739143955731 -133.47794430895132 885.4574949121868 1500 1506 -1
1504 -34.09231717541987 -143.759770830399 886.67192976262 1501 1507 -1
1505 4.683302261293387 -150.7377653879027 875.5031918549756 1502 1508 -1
1506 -41.56271490829111 -133.40352749253927 885.5292875833528 1503 1509 -1
1507 -34.0100518141646 -143.91185853672127 886.7796954861489 1504 1510 -1
1508 4.87576631254257 -150.7803675732116 875.5064934170058 1505 1511 -1
1509 -41.72878346142848 -133.33101336038035 885.6013072741354 1506 1512 -1
1510 -33.92614534422749 -144.06269699771244 886.8879506053003 1507 1513 -1
1511 5.068591944967478 -150.82097063640404 875.5126387117875 1508 1514 -1
1512 -41.8955761966454 -133.26040844032318 885.6735501183641 1509 1515 -1
1513 -33.840593459622525 -144.21225239023312 886.9966968985626 1510 1516 -1
1514 5.261720715884475 -150.85947376891053 875.5219496557575 1511 1517 -1
1515 -42.06307225320059 -133.19171923956145 885.7460122810248 1512 1518 -1
1516 -33.75339814846656 -144.36049516665608 887.1059340054665 1513 1519 -1
1517 5.455075243740466 -150.89577059578065 875.5347641226286 1514 1520 -1
1518 -42.23125080731657 -133.12495225255253 885.8186899560964 1515 1521 -1
1519 -33.66455224321909 -144.50738767741322 887.2156640325006 1516 1522 -1
1520 5.648556063490177 -150.9297601091629 875.5514154626051 1517 1523 -1
1521 -42.40009106718425 -133.0601139685725 885.8915793642867 1518 1524 -1
1522 -33.574054878411786 -144.6528964750897 887.3258869273317 1519 1525 -1
1523 5.842038926645586 -150.96129638147735 875.5723173684771 1520 1526 -1
1524 -42.569572267607654 -132.99721087890075 885.9646767506686 1521 1527 -1
1525 -33.481907019185364 -144.79698898130536 887.436601808707 1522 1528 -1
1526 6.035369306375222 -150.99026968235276 875.5978236499911 1523 1529 -1
1527 -42.73967396349966 -132.93625045569098 886.0379784822916 1524 1530 -1
1528 -33.38810167906172 -144.9396248194092 887.5478098692402 1525 1531 -1
1529 6.228354577852209 -151.01651622772104 875.6283858651832 1526 1532 -1
1530 -42.910375120453004 -132.8772382982137 886.1114807467444 1527 1533 -1
1531 -33.29264011371195 -145.0807698297799 887.6595095418401 1528 1534 -1
1532 6.420763760583539 -151.03989709586648 875.6644094388001 1529 1535 -1
1533 -43.08165501600751 -132.8201809433609 886.185179846783 1530 1536 -1
1534 -33.19552342350212 -145.22038898460687 887.7716990003765 1531 1537 -1
1535 6.61231957816986 -151.06025744809983 875.7063249049975 1532 1538 -1
1536 -43.25349292974157 -132.76508495543183 886.2590720991798 1533 1539 -1
1537 -33.096746042937255 -145.35844001062924 887.8843780629543 1534 1540 -1
1538 6.802692785135852 -151.07743602583705 875.7545686160684 1535 1541 -1
1539 -43.425868136177485 -132.71195693082657 886.3331538318488 1536 1542 -1
1540 -32.99630997764331 -145.49488664517054 887.9975439758218 1537 1543 -1
1541 6.99149975203151 -151.09127373555046 875.8095628147778 1538 1544 -1
1542 -43.59875989757793 -132.6608035028204 886.4074213809357 1539 1545 -1
1543 -32.89421770852348 -145.6296922563637 888.1111935159297 1540 1546 -1
1544 7.178301840817321 -151.1016189259359 875.8717014211692 1541 1547 -1
1545 -43.7721477633336 -132.61163262947463 886.481871203107 1542 1548 -1
1546 -32.79046633272626 -145.7628137310208 888.2253246754672 1543 1549 -1
1547 7.3626080542952925 -151.10833370389437 875.9413337405524 1544 1550 -1
1548 -43.946010631579284 -132.56444982758364 886.5564995282946 1545 1551 -1
1549 -32.68505731072144 -145.89421108990942 888.3399338035148 1546 1552 -1
1550 7.543881836921399 -151.1113010496142 876.018746918056 1547 1553 -1
1551 -44.12032767559877 -132.51926184683208 886.6313026970229 1548 1554 -1
1552 -32.57799576763984 -146.02384719352546 888.4550158337235 1549 1555 -1
1553 7.721560567440584 -151.1104350670799 876.1041327218205 1550 1556 -1
1554 -44.29507803004218 -132.47607550807587 886.7062770473952 1551 1557 -1
1555 -32.469282625267795 -146.15167932483172 888.5705665278094 1552 1558 -1
1556 7.895204066999332 -151.10572897733726 876.1973381853124 1553 1559 -1
1557 -44.470240841865554 -132.43489801671942 886.7814189368538 1554 1560 -1
1558 -32.358917721368144 -146.27766208403227 888.6865815355802 1555 1561 -1
1559 8.064523694741455 -151.09724287754852 876.2979399611069 1556 1562 -1
1560 -44.64579529538313 -132.39573724645584 886.8567247576794 1557 1563 -1
1561 -32.24691002546808 -146.40175913351652 888.8030535457168 1558 1564 -1
1562 8.229292527538979 -151.08506022162197 876.4054812718741 1559 1565 -1
1563 -44.821720094329315 -132.35859897978455 886.9321907142261 1560 1566 -1
1564 -32.133264320000755 -146.5239283359003 888.9199760305942 1561 1567 -1
1565 8.389340663036537 -151.0692820181676 876.5194919668958 1562 1568 -1
1566 -44.99799411223301 -132.32349026550972 887.0078130936458 1563 1569 -1
1567 -32.01798097353881 -146.6441207271203 889.037343219561 1564 1570 -1
1568 8.544551828605544 -151.05002236953732 876.6394996228657 1565 1571 -1
1569 -45.17459617938135 -132.29041850318256 887.0835881828579 1566 1572 -1
1570 -31.901070978740215 -146.76229876715124 889.1551460194281 1567 1573 -1
1571 8.694858468649237 -151.02740427515934 876.7650388306167 1568 1574 -1
1572 -45.35150515463226 -132.25939213712698 887.1595123110154 1569 1575 -1
1573 -31.78254282793393 -146.8784208010959 889.2733756107939 1570 1576 -1
1574 8.840235891149426 -151.00155586855809 876.8956585501073 1571 1577 -1
1575 -45.5286993800709 -132.23041689644285 887.2355815771897 1572 1578 -1
1576 -31.66240499484799 -146.99244368971512 889.3920228626073 1573 1579 -1
1577 8.98069598652253 -150.97260718566562 877.0309275833857 1574 1580 -1
1578 -45.706157324233544 -132.20350006641254 887.3117921601173 1575 1581 -1
1579 -31.540701713240804 -147.10436930157752 889.5110711042496 1576 1582 -1
1580 9.116260895649718 -150.94067566439884 877.1704543557541 1577 1583 -1
1581 -45.88385746280081 -132.17865022178813 887.3881402815501 1578 1584 -1
1582 -31.41750769775175 -147.2142417534281 889.6304981640118 1579 1585 -1
1583 9.247004528072265 -150.9058929349415 877.3138478566035 1580 1586 -1
1584 -46.061777935169935 -132.15587442381147 887.4646220148386 1581 1587 -1
1585 -31.292893681417254 -147.32210391067534 889.7502841759188 1582 1588 -1
1586 9.373018646035606 -150.86838495288907 877.4607470292389 1583 1589 -1
1587 -46.23989671065257 -132.13517929499622 887.5412333622568 1584 1590 -1
1588 -31.16692448539019 -147.4279939096798 889.8704119793885 1585 1591 -1
1589 9.494372781506938 -150.82825170774066 877.6108423343358 1586 1592 -1
1590 -46.418191767183735 -132.11657320685694 887.6179703834962 1587 1593 -1
1591 -31.039673699087846 -147.53196668384442 889.9908633864378 1588 1594 -1
1592 9.6111856025434 -150.78560931824532 877.7638218193429 1589 1595 -1
1593 -46.59664086529222 -132.10006428888784 887.694829062493 1590 1596 -1
1594 -30.911208721100085 -147.63407234077812 890.1116229030652 1591 1597 -1
1595 9.723556230757744 -150.74055269270204 877.9194152815822 1592 1598 -1
1596 -46.775221465780675 -132.08565873081517 887.7718052152263 1593 1599 -1
1597 -30.781592093589406 -147.7343572119153 890.2326773665371 1594 1600 -1
1598 9.831606503913585 -150.6931803044169 878.0773640448643 1595 1601 -1
1599 -46.95391101065959 -132.0733652471366 887.848894737387 1596 1602 -1
1600 -30.65089035472181 -147.83287775086816 890.354013636773 1597 1603 -1
1601 9.935425247711203 -150.64356546260598 878.2374485236419 1598 1604 -1
1602 -47.13268668225404 -132.06319183530016 887.9260934136514 1599 1605 -1
1603 -30.519167735617266 -147.92969084391734 890.4756201235273 1600 1606 -1
1604 10.035148995857856 -150.5918002282078 878.3994444472725 1601 1607 -1
1605 -47.31152541490315 -132.05514477993074 888.0033968747682 1602 1608 -1
1606 -30.386482619650614 -148.02484722597907 890.5974877241716 1603 1609 -1
1607 10.130881387426747 -150.53795363174686 878.5631613184141 1604 1610 -1
1608 -47.49040402065172 -132.0492336841399 888.0808008386748 1605 1611 -1
1609 -30.25289653756294 -148.11840663470767 890.7196073613493 1606 1612 -1
1610 10.222704441549476 -150.48207882311414 878.7284309020719 1607 1613 -1
1611 -47.669299020058105 -132.04546515929107 888.1583008010804 1608 1614 -1
1612 -30.118468969548182 -148.21042913500824 890.84197126598 1609 1615 -1
1613 10.310740848133069 -150.4242459602057 878.8950817844238 1610 1616 -1
1614 -47.84818674343063 -132.04384655145176 888.23589221518 1611 1617 -1
1615 -29.98325312302773 -148.300966625765 890.964574272895 1612 1618 -1
1616 10.395085730353891 -150.36450739525222 879.0629653601948 1613 1619 -1
1617 -48.02704324142372 -132.04438757448372 888.3135705417693 1614 1620 -1
1618 -29.84730727057212 -148.39008397118693 891.0874103484 1615 1621 -1
1619 10.47582966411399 -150.30291017935417 879.2319444741188 1616 1622 -1
1620 -48.20584439364834 -132.04709347290535 888.3913309740107 1617 1623 -1
1621 -29.7106842582063 -148.477839152995 891.2104756979539 1618 1624 -1
1622 10.553058738869938 -150.239496528756 879.4018921282768 1619 1625 -1
1623 -48.38456571259326 -132.0519741216101 888.4691687880404 1620 1626 -1
1624 -29.573434993143586 -148.564289234696 891.3337677906344 1621 1627 -1
1625 10.6268542968376 -150.17430406573513 879.5726904309182 1622 1628 -1
1626 -48.56318256688153 -132.05903571015054 888.5470790277678 1623 1629 -1
1627 -29.435612534036302 -148.64949913169542 891.4572836960906 1624 1630 -1
1628 10.697292760899694 -150.10736605303336 879.7442296161231 1625 1631 -1
1629 -48.74166998057974 -132.06828635571364 888.6250567035928 1626 1632 -1
1630 -29.297263585388812 -148.7335230187332 891.5810233714624 1627 1633 -1
1631 10.764445532812568 -150.03871161819126 879.9164071327772 1628 1634 -1
1632 -48.920002690223825 -132.07973396553035 888.7030967096368 1629 1635 -1
1633 -29.158438519841248 -148.81642628344196 891.7049855277587 1630 1636 -1
1634 10.828378946117844 -149.96836596528036 880.0891267997242 1631 1637 -1
1635 -49.09815526762146 -132.09338489376916 888.7811937896354 1632 1638 -1
1636 -29.019182889879293 -148.8982660981381 891.8291712572365 1633 1639 -1
1637 10.889154260655177 -149.89635057243567 880.2622980228842 1634 1640 -1
1638 -49.276101750166454 -132.10924822506476 888.8593426415363 1635 1641 -1
1639 -28.879542879001438 -148.97910385174112 891.9535815403061 1636 1642 -1
1640 10.946827687762413 -149.82268337429224 880.4358350694217 1637 1643 -1
1641 -49.45381626004048 -132.12732896615358 888.9375377528603 1638 1644 -1
1642 -28.739563050467098 -149.05899965982078 892.0782182666435 1639 1645 -1
1643 11.001450399556534 -149.7473789086427 880.6096563962232 1640 1646 -1
1644 -49.63127210326403 -132.14763684577875 889.015773586499 1641 1647 -1
1645 -28.59928661601014 -149.1380124685113 892.2030842540596 1642 1648 -1
1646 11.053053573570857 -149.67044026619473 880.7836846680797 1643 1649 -1
1647 -49.80844292984209 -132.1701759157292 889.0940443779789 1644 1650 -1
1648 -28.45875665505666 -149.21620364626236 892.3281822030543 1645 1651 -1
1649 11.101692615887782 -149.5918831784441 880.957843475923 1646 1652 -1
1650 -49.98530131621092 -132.19495602859297 889.172344324135 1647 1653 -1
1651 -28.31801432388742 -149.293630898889 892.4535163672653 1648 1654 -1
1652 11.147404316964488 -149.5117130020221 881.1320601412959 1649 1655 -1
1653 -50.16182039519461 -132.22198064417466 889.2506674066515 1650 1656 -1
1654 -28.177101033775873 -149.37035562774378 892.5790902687406 1651 1657 -1
1655 11.190220726569276 -149.42993223437725 881.3062638989381 1652 1658 -1
1656 -50.3379720479987 -132.2512592385047 889.3290075334805 1653 1659 -1
1657 -28.03605653598857 -149.44643515013232 892.7049092144042 1654 1660 -1
1658 11.230169224320381 -149.3465406118747 881.4803853971931 1655 1661 -1
1659 -50.513728826355035 -132.2827950058243 889.4073584248747 1656 1662 -1
1660 -27.89492065053957 -149.52193011929742 892.8309775643546 1657 1663 -1
1661 11.267253304290373 -149.26152414700928 881.6543547034429 1658 1664 -1
1662 -50.68906198091452 -132.31659657268165 889.4857136854091 1659 1665 -1
1663 -27.75373214590484 -149.59689798341222 892.9573013080603 1660 1666 -1
1664 11.301510141757216 -149.1748879346163 881.8281043617512 1661 1667 -1
1665 -50.8639434039861 -132.35266715004343 889.5640667611184 1662 1668 -1
1666 -27.612529541773256 -149.67139826144745 893.08388566857 1663 1669 -1
1667 11.33295371762215 -149.08662405367753 882.0015664321794 1664 1670 -1
1668 -51.038343807487365 -132.39101407792492 889.6424109470184 1665 1671 -1
1669 -27.471350856169416 -149.7454887498073 893.2107369557054 1666 1672 -1
1670 11.36159342921856 -148.99672205371516 882.1746725440471 1667 1673 -1
1671 -51.21223433711287 -132.43164081407497 889.7207393977425 1668 1674 -1
1672 -27.33023376890901 -149.81922778833962 893.3378612863028 1669 1675 -1
1673 11.387420767084434 -148.9051610553167 882.347351055103 1670 1676 -1
1674 -51.38558528074781 -132.47455301994128 889.7990451006244 1671 1677 -1
1675 -27.18921562783712 -149.89267347669588 893.465264937194 1672 1678 -1
1676 11.41044982107323 -148.81193233861976 882.5195322868154 1673 1679 -1
1677 -51.55836694817551 -132.51975456935043 889.8773208984289 1674 1680 -1
1678 -27.04833386123403 -149.96588321187522 893.5929549491361 1675 1681 -1
1679 11.430771951862956 -148.71705308982396 882.6911519246561 1676 1682 -1
1680 -51.730549335311615 -132.56724910799358 889.9555594802035 1677 1683 -1
1681 -26.907625111546295 -150.03891513570818 893.7209372246894 1678 1684 -1
1682 11.448537223156782 -148.6205572428107 882.8621530800376 1679 1685 -1
1683 -51.90210183270286 -132.61704102546216 890.0337533545671 1680 1686 -1
1684 -26.767127232899018 -150.11182615526278 893.8492197481289 1681 1687 -1
1685 11.463897204929458 -148.52247521152904 883.0324837276289 1682 1688 -1
1686 -52.072994286792266 -132.669131679773 890.1118949282953 1683 1689 -1
1687 -26.626876106431077 -150.18467402662176 893.9778077897514 1684 1690 -1
1688 11.477002175654386 -148.42283220543266 883.2020954316804 1685 1691 -1
1689 -52.24319510104438 -132.72352599733728 890.1899763536713 1686 1692 -1
1690 -26.486910562563928 -150.25751577349936 894.1067100768411 1687 1693 -1
1691 11.488022970430412 -148.32166452551718 883.3709512199293 1688 1694 -1
1692 -52.41267402825674 -132.7802231238332 890.2679897675628 1689 1695 -1
1693 -26.347266214643128 -150.33040840557132 894.2359315552641 1690 1696 -1
1694 11.497119437603684 -148.21899820979024 883.5390154054721 1691 1697 -1
1695 -52.58139870929671 -132.83922764262067 890.3459269730292 1692 1698 -1
1696 -26.207982126451995 -150.40340920140912 894.3654803609812 1693 1699 -1
1697 11.50445226054615 -148.11485705298335 883.7062565597353 1694 1700 -1
1698 -52.749338500699515 -132.9005376387295 890.4237798131239 1695 1701 -1
1699 -26.069095117451553 -150.4765747036583 894.4953621145185 1696 1702 -1
1700 11.510178161367385 -148.0092581310989 883.8726443382383 1697 1703 -1
1701 -52.91646088603937 -132.9641555778445 890.5015398018069 1698 1704 -1
1702 -25.930644075644576 -150.54996197184775 894.6255837504681 1699 1705 -1
1703 11.514460380568403 -147.90222111809615 884.038154405048 1700 1706 -1
1704 -53.08273441665856 -133.03007972496633 890.579198442122 1701 1707 -1
1705 -25.792667724572212 -150.62362777411488 894.7561514588507 1702 1708 -1
1706 11.517465623204792 -147.79376776552337 884.2027682146546 1703 1709 -1
1707 -53.24812666069066 -133.0983099835963 890.6567469948056 1704 1710 -1
1708 -25.655204646379758 -150.69762834753413 894.8870707498847 1705 1711 -1
1709 11.519355742027319 -147.68391331847022 884.3664671115871 1706 1712 -1
1710 -53.41260545212103 -133.16884448044718 890.7341766253849 1707 1713 -1
1711 -25.518296099454275 -150.77202130321075 895.0183482175763 1708 1714 -1
1712 11.520292696395982 -147.57267113580605 884.5292345458857 1709 1715 -1
1713 -53.57613849820298 -133.2416807105564 890.8114783609307 1710 1716 -1
1714 -25.38198028799076 -150.8468615097883 895.149987764371 1711 1717 -1
1715 11.520436313970063 -147.46004784202748 884.6910521571267 1712 1718 -1
1716 -53.738693081376965 -133.3168162286155 890.8886430471213 1713 1719 -1
1717 -25.246301538971824 -150.92220790756951 895.2819961543964 1714 1720 -1
1718 11.519951457327155 -147.34605557756615 884.8519076961782 1715 1721 -1
1719 -53.900237043403855 -133.3942463999036 890.9656614891799 1716 1722 -1
1720 -25.11129794968877 -150.99811377185048 895.4143756773894 1717 1723 -1
1721 11.519002567205366 -147.23070605842847 885.0117906850065 1718 1724 -1
1722 -54.06073737733681 -133.47396765190436 891.0425242507993 1719 1725 -1
1723 -24.9770165357358 -151.07463900181227 895.547132549348 1720 1726 -1
1724 11.517752782546806 -147.11400665981063 885.1706890142543 1721 1727 -1
1725 -54.22016197654086 -133.55597363311463 891.1192219146069 1722 1728 -1
1726 -24.843496593224383 -151.15183602527094 895.6802679244548 1723 1729 -1
1727 11.516365911566103 -146.99596374634052 885.3285907163133 1724 1730 -1
1728 -54.3784779230481 -133.64025896271178 891.1957448260421 1725 1731 -1
1729 -24.71078658870381 -151.2297643767225 895.8137864510619 1726 1732 -1
1730 11.515006948744928 -146.8765806835654 885.4854818996065 1727 1733 -1
1731 -54.53565297951653 -133.7268161275409 891.2720833262018 1728 1734 -1
1732 -24.578928388106693 -151.3084766049659 895.9476884903457 1729 1735 -1
1733 11.513843096753279 -146.7558603357544 885.6413479928488 1730 1736 -1
1734 -54.69165483271819 -133.81563712887484 891.3482276381883 1731 1737 -1
1735 -24.447971816858697 -151.38803142702307 896.0819767899997 1732 1738 -1
1736 11.51304115598621 -146.63381227412316 885.796178878602 1733 1739 -1
1737 -54.84645080990395 -133.90671399524527 891.4241678180074 1734 1740 -1
1738 -24.317961250818158 -151.46848124086827 896.2166504882389 1735 1741 -1
1739 11.512769460913184 -146.51044137203579 885.94995957125 1736 1742 -1
1740 -55.0 -134.0 891.5 1737 -1 -1
1741 -24.188948318225183 -151.54988396785606 896.3517103514116 1738 1743 -1
1742 11.513197974614506 -146.38575287528485 886.1026734481734 1739 1744 -1
1743 -24.060979639502005 -151.63229132206087 896.487153826948 1741 1745 -1
1744 11.514498448879957 -146.25975275471038 886.2543019056408 1742 1746 -1
1745 -23.934109202822324 -151.71576058109383 896.6229796173842 1743 1747 -1
1746 11.516844552788786 -146.13244808909747 886.4048240169616 1744 1748 -1
1747 -23.808385395933648 -151.80034199207796 896.7591829961682 1745 1749 -1
1748 11.52041511796466 -146.0038445843657 886.5542135877059 1746 1750 -1
1749 -23.683865214009906 -151.8860924377902 896.8957605008775 1747 1751 -1
1750 11.525386906982376 -145.8739546584219 886.7024454652521 1748 1752 -1
1751 -23.56059812893426 -151.9730596972254 897.0327047608259 1749 1753 -1
1752 11.531938029489051 -145.74279289427272 886.8494910803995 1750 1754 -1
1753 -23.438644839139542 -152.06130055266442 897.1700100112678 1751 1755 -1
1754 11.54024995071164 -145.61037529662747 886.9953168793915 1752 1756 -1
1755 -23.318055034155414 -152.15085915050167 897.3076658132926 1753 1757 -1
1756 11.550505851670202 -145.47672137532155 887.1398853639179 1754 1758 -1
1757 -23.198893798944997 -152.24179244181545 897.4456639105588 1755 1759 -1
1758 11.562890337214649 -145.341854717079 887.2831548109878 1756 1760 -1
1759 -23.081210651181784 -152.3341402777904 897.5839905796298 1757 1761 -1
1760 11.577589028652959 -145.20580357985358 887.4250790223845 1758 1762 -1
1761 -22.96507010471368 -152.4279561699135 897.7226327290196 1759 1763 -1
1762 11.594788027738941 -145.06860150213788 887.5656071133947 1760 1764 -1
1763 -22.850477435920496 -152.52325271080053 897.8615527940065 1761 1765 -1
1764 11.61467323972517 -144.9302879169373 887.7046833522152 1762 1766 -1
1765 -22.737426605927077 -152.62004296241457 898.000703276697 1763 1767 -1
1766 11.637429544908084 -144.79090875709593 887.8422470630725 1764 1768 -1
1767 -22.625898814443925 -152.71832827475222 898.1400347139144 1765 1769 -1
1768 11.663239810765669 -144.65051703542633 887.9782326075206 1766 1770 -1
1769 -22.515885015711582 -152.8181198987873 898.279499047357 1767 1771 -1
1770 11.692283740568634 -144.50917337975224 888.1125694594367 1768 1772 -1
1771 -22.407370868033205 -152.91942421106032 898.4190476751752 1769 1773 -1
1772 11.724736559351857 -144.36694649974027 888.2451823897427 1770 1774 -1
1773 -22.30034437902403 -153.02225019511954 898.5586322540612 1771 1775 -1
1774 11.760767544420334 -144.22391355951174 888.375991776612 1772 1776 -1
1775 -22.194796416627092 -153.12661009665788 898.6982042556241 1773 1777 -1
1776 11.800538415099592 -144.08016042781898 888.5049140556681 1774 1778 -1
1777 -22.090711353951363 -153.23250956919222 898.8377152217842 1775 1779 -1
1778 11.844201605062333 -143.93578177640322 888.6318623222305 1776 1780 -1
1779 -21.988086268641773 -153.3399679132788 898.9771157327043 1777 1781 -1
1780 11.89189844996484 -143.79088099741512 888.7567470938408 1778 1782 -1
1781 -21.886903779192934 -153.44898913157988 899.1163571721372 1779 1783 -1
1782 11.94375733282304 -143.64556991285883 888.8794772360352 1780 1784 -1
1783 -21.78715991206287 -153.55959178383716 899.2553892343997 1781 1785 -1
1784 12.0 -143.5 889.0 1782 -1 -1
1785 -21.688844114785987 -153.67178737242313 899.3941618749939 1783 1786 -1
1786 -21.591946139763095 -153.7855876137356 899.5326247971543 1785 1787 -1
1787 -21.49646552713256 -153.9010154296346 899.6707246140151 1786 1788 -1
1788 -21.402389085895237 -154.01807905412872 899.8084105061118 1787 1789 -1
1789 -21.30971190220403 -154.1367960445856 899.94562890587 1788 1790 -1
1790 -21.218433567393355 -154.25718929339968 900.0823234383656 1789 1791 -1
1791 -21.12854450809618 -154.37927045051984 900.2184402822558 1790 1792 -1
1792 -21.040041347227476 -154.5030582191838 900.3539224593941 1791 1793 -1
1793 -20.952924294393142 -154.62857544926086 900.4887099869995 1792 1794 -1
1794 -20.86718994296664 -154.75584007663045 900.6227433785444 1793 1795 -1
1795 -20.782835515191582 -154.88487019310708 900.7559618284399 1794 1796 -1
1796 -20.69986074842355 -155.01568643081944 900.888301855365 1795 1797 -1
1797 -20.618266200922832 -155.14830975897397 901.0196980342085 1796 1798 -1
1798 -20.538054613390784 -155.2827632038686 901.1500818191972 1797 1799 -1
1799 -20.459227452727657 -155.41906715961457 901.2793839666174 1798 1800 -1
1800 -20.381786788277207 -155.55724168395568 901.4075333020038 1799 1801 -1
1801 -20.305736609703214 -155.69730816697313 901.5344554516255 1800 1802 -1
1802 -20.231081800972284 -155.83928783050848 901.6600734811103 1801 1803 -1
1803 -20.15782815173924 -155.9832015879097 901.7843077773533 1802 1804 -1
1804 -20.0859823667569 -156.12906988813853 901.9070759352859 1803 1805 -1
1805 -20.015552072822786 -156.27691254315522 902.0282926511451 1804 1806 -1
1806 -19.94654625468328 -156.42674758463988 902.147871078496 1805 1807 -1
1807 -19.878981250860974 -156.57857720520062 902.2657441919785 1806 1808 -1
1808 -19.81288085387422 -156.7323931845138 902.3818592265292 1807 1809 -1
1809 -19.74826493023263 -156.88817997813126 902.4961682414994 1808 1810 -1
1810 -19.685153633705287 -157.04592115398137 902.6086224841032 1809 1811 -1
1811 -19.623566964793994 -157.2055987778228 902.719172910369 1810 1812 -1
1812 -19.563524735761426 -157.3671933616014 902.8277702263534 1811 1813 -1
1813 -19.50504979231853 -157.53068767214387 902.9343607120493 1812 1814 -1
1814 -19.448155661278843 -157.69605199082426 903.0389021646354 1813 1815 -1
1815 -19.39285926020386 -157.8632597223408 903.1413477316478 1814 1816 -1
1816 -19.33918187653324 -158.0322879340272 903.2416443084362 1815 1817 -1
1817 -19.28713469302169 -158.20310123884263 903.339751832543 1816 1818 -1
1818 -19.23673082793062 -158.37566569230964 903.435627485671 1817 1819 -1
1819 -19.187989878830965 -158.5499530427536 903.5292192086245 1818 1820 -1
1820 -19.14091678376653 -158.72591905215094 903.6204948434357 1819 1821 -1
1821 -19.095525744578318 -158.90352826066578 903.7094092575659 1820 1822 -1
1822 -19.051826346287513 -159.08273982979117 903.7959235155837 1821 1823 -1
1823 -19.00982287672555 -159.26350752990837 903.8800061565133 1822 1824 -1
1824 -18.969529214321085 -159.44579325219078 903.9616117637149 1823 1825 -1
1825 -18.93094292695871 -159.62954404294172 904.0407184931497 1824 1826 -1
1826 -18.894072849854847 -159.81471647384842 904.1172880532932 1825 1827 -1
1827 -18.85891914033935 -160.00125956967437 904.191294905923 1826 1828 -1
1828 -18.825481176779046 -160.1891218335577 904.2627148161317 1827 1829 -1
1829 -18.793763211686382 -160.378255317092 904.3315161807753 1828 1830 -1
1830 -18.763757145658136 -160.5686006267843 904.397693524942 1829 1831 -1
1831 -18.73546575573463 -160.7600935750067 904.4612641530089 1830 1832 -1
1832 -18.70888408320401 -160.95266257317678 904.5222707006408 1831 1833 -1
1833 -18.68400373269559 -161.1462371822889 904.5807606989727 1832 1834 -1
1834 -18.660821501197077 -161.34075294390144 904.6367739120984 1833 1835 -1
1835 -18.63932452009298 -161.53614301386636 904.69036404965 1834 1836 -1
1836 -18.619499554201578 -161.73234375622073 904.7415849003947 1835 1837 -1
1837 -18.60133377073731 -161.9292948696389 904.7904893295055 1836 1838 -1
1838 -18.58481550776234 -162.12693939734504 904.8371283689369 1837 1839 -1
1839 -18.56992430547908 -162.32521974927158 904.8815647127568 1838 1840 -1
1840 -18.55664260838668 -162.5240826761121 904.923856507764 1839 1841 -1
1841 -18.544951720716686 -162.72347741244593 904.9640629368496 1840 1842 -1
1842 -18.534831939761887 -162.92335568755524 905.0022439785895 1841 1843 -1
1843 -18.52626268427893 -163.12367171847168 905.0384601803515 1842 1844 -1
1844 -18.519222617269328 -163.32438218717596 905.0727724456425 1843 1845 -1
1845 -18.51368976259587 -163.5254462038576 905.105241836146 1844 1846 -1
1846 -18.5096416150324 -163.72682525808992 905.1359293886823 1845 1847 -1
1847 -18.50705524347418 -163.92848315970537 905.1648959471013 1846 1848 -1
1848 -18.505907387151765 -164.13038597105995 905.1922020089522 1847 1849 -1
1849 -18.506174544794025 -164.33250193226982 905.2179075866184 1848 1850 -1
1850 -18.507834336609704 -164.53480152629857 905.2420706956533 1849 1851 -1
1851 -18.51086549729267 -164.73725727318816 905.2647474889387 1850 1852 -1
1852 -18.515241170618587 -164.93984301547454 905.285999315742 1851 1853 -1
1853 -18.520938469313993 -165.14253489628115 905.3058823555183 1852 1854 -1
1854 -18.52793920095071 -165.3453109786818 905.3244473700985 1853 1855 -1
1855 -18.536214225045498 -165.54815028658368 905.3417552931836 1854 1856 -1
1856 -18.545747132804593 -165.75103401527127 905.35785366415 1855 1857 -1
1857 -18.556510111522314 -165.9539443786666 905.3728001923247 1856 1858 -1
1858 -18.56848744913083 -166.1568652018803 905.3866404547499 1857 1859 -1
1859 -18.581651770841507 -166.35978147540533 905.3994298463475 1858 1860 -1
1860 -18.595986255997516 -166.56267938800755 905.4112135201901 1859 1861 -1
1861 -18.611468972221708 -166.76554626602464 905.4220403584616 1860 1862 -1
1862 -18.628078004220555 -166.96837055116234 905.431958277485 1861 1863 -1
1863 -18.64579396573522 -167.17114160090037 905.441012287341 1862 1864 -1
1864 -18.664600332576054 -167.37384949306292 905.4492445474208 1863 1865 -1
1865 -18.68447541187629 -167.5764854671163 905.456700336621 1864 1866 -1
1866 -18.70540048547256 -167.7790414230453 905.463421842257 1865 1867 -1
1867 -18.727357468254198 -167.98150996836677 905.4694500328677 1866 1868 -1
1868 -18.750328610538805 -168.18388438566055 905.4748248912819 1867 1869 -1
1869 -18.77429650096157 -168.38615858494566 905.4795854221828 1868 1870 -1
1870 -18.79924406800972 -168.58832705840405 905.4837696614798 1869 1871 -1
1871 -18.82515458033997 -168.7903848374196 905.4874146872482 1870 1872 -1
1872 -18.852011646007544 -168.99232745189065 905.4905566320188 1871 1873 -1
1873 -18.879799210726997 -169.1941508917644 905.4932306962205 1872 1874 -1
1874 -18.90850429264849 -169.39585118682274 905.4954699469786 1873 1875 -1
1875 -18.938109506034255 -169.597425384698 905.4973088393343 1874 1876 -1
1876 -18.968599512814595 -169.79887067771432 905.4987800440136 1875 1877 -1
1877 -19.0 -170.0 905.5 1876 -1 -1
