0 -31.0 -154.5 1042.5 -1 1 -1
1 -31.048784435121775 -154.34702756929738 1042.3811638446896 0 2 -1
2 -31.100367085480286 -154.19502676937472 1042.262127643093 1 3 -1
3 -31.154826467822325 -154.04414392952967 1042.1429508128429 2 4 -1
4 -31.21220102798137 -153.8944303613991 1042.0236674161874 3 5 -1
5 -31.272526321998793 -153.74593798196085 1041.9043134572537 4 6 -1
6 -31.335840319477096 -153.59872157054758 1041.7849268394632 5 7 -1
7 -31.402198625764964 -153.4528459283805 1041.6655478841756 6 8 -1
8 -31.47159960977662 -153.30835224919136 1041.5462185191868 7 9 -1
9 -31.54409272693805 -153.16530649182465 1041.4269832495108 8 10 -1
10 -31.619692080395595 -153.02376012093563 1041.3078877828746 9 11 -1
11 -31.69842459673162 -152.8837724763985 1041.1889803471258 10 12 -1
12 -31.78029386101285 -152.74539266481025 1041.0703094414969 11 13 -1
13 -31.865338272982008 -152.60868964790427 1040.9519285573833 12 14 -1
14 -31.953538310609968 -152.47370316964626 1040.8338876569874 13 15 -1
15 -32.044901788340624 -152.34048840390966 1040.716240622092 14 16 -1
16 -32.1394503993718 -152.2091103907884 1040.599045694598 15 17 -1
17 -32.237157206381575 -152.07960721941444 1040.482355865522 16 18 -1
18 -32.33801244397374 -151.95202733963336 1040.3662276075543 17 19 -1
19 -32.442001507120075 -151.8264169909393 1040.2507179466102 18 20 -1
20 -32.54910422213031 -151.70281944295004 1040.1358840684616 19 21 -1
21 -32.65929497567953 -151.58127472662727 1040.0217830407864 20 22 -1
22 -32.772542886276064 -151.4618193904857 1039.9084715388797 21 23 -1
23 -32.88881201538989 -151.34448628467493 1039.79600557857 22 24 -1
24 -33.00806161483026 -151.2293043752725 1039.6844402597137 23 25 -1
25 -33.1302464064143 -151.11629859054682 1039.573829523359 24 26 -1
26 -33.25531688954421 -151.00548970033378 1039.4642259253499 25 27 -1
27 -33.3832196719873 -150.89689422906102 1039.3556804287507 26 28 -1
28 -33.5139042462194 -150.79052968859432 1039.2482449486185 27 29 -1
29 -33.647312403386415 -150.6864059809854 1039.1419680901517 28 30 -1
30 -33.78337345233507 -150.58452051159733 1039.0368919834482 29 31 -1
31 -33.922021803175504 -150.48487244635868 1038.9330595472313 30 32 -1
32 -34.06319530362196 -150.38746172253371 1038.8305143506147 31 33 -1
33 -34.206831331670614 -150.29228574001482 1038.7292989252937 32 34 -1
34 -34.35284686435533 -150.19932036309024 1038.629442783057 33 35 -1
35 -34.50117143208869 -150.1085496951494 1038.53098004438 34 36 -1
36 -34.65174845534512 -150.01996865757914 1038.4339522674145 35 37 -1
37 -34.804487616989455 -149.93353607624428 1038.3383772025545 36 38 -1
38 -34.95931989234253 -149.84922802808862 1038.2442836139664 37 39 -1
39 -35.116183131456744 -149.76702472394774 1038.1517036327787 38 40 -1
40 -35.2749904751723 -149.686877101632 1038.060648044418 39 41 -1
41 -35.43568011046371 -149.6087588212409 1037.9711441527845 40 42 -1
42 -35.59817942502313 -149.53262858926004 1037.883208062011 41 43 -1
43 -35.76241146287082 -149.4584363632925 1037.7968483887257 42 44 -1
44 -35.92832379365387 -149.38615621262463 1037.7120937376924 43 45 -1
45 -36.0958333315132 -149.3157236827057 1037.6289402502548 44 46 -1
46 -36.26488367978598 -149.24710132812635 1037.5474069820555 45 47 -1
47 -36.435408828000334 -149.18023706042496 1037.467500223777 46 48 -1
48 -36.607342768077764 -149.11507446681247 1037.3892228981504 47 49 -1
49 -36.78062785770052 -149.0515515720351 1037.312594307518 48 50 -1
50 -36.95518314446872 -148.989562723191 1037.2376096925088 49 51 -1
51 -37.1309515643053 -148.92902604088087 1037.1642907541977 50 52 -1
52 -37.307859530720684 -148.86983550816987 1037.0926320189392 51 53 -1
53 -37.48584803239933 -148.81189840003051 1037.0226438784725 52 54 -1
54 -37.664855912702684 -148.75511563473572 1036.954329316444 53 55 -1
55 -37.844821647270024 -148.69938449068832 1036.8876855830072 54 56 -1
56 -38.02569426796161 -148.64461054201567 1036.8227244571424 55 57 -1
57 -38.20741178651219 -148.59068516338888 1036.7594325998039 56 58 -1
58 -38.38992920463064 -148.5375142427979 1036.6978263674077 57 59 -1
59 -38.57318838249922 -148.48498911265912 1036.6378907255935 58 60 -1
60 -38.757143907612 -148.43301070440378 1036.5796350601954 59 61 -1
61 -38.94174519579188 -148.38147409531027 1036.5230535510066 60 62 -1
62 -39.12694521806641 -148.3302759149558 1036.4681460393526 61 63 -1
63 -39.31269886768361 -148.27931258657205 1036.4149157257698 62 64 -1
64 -39.49895805048691 -148.22847888826536 1036.36335405956 63 65 -1
65 -39.685681117441206 -148.17767030242916 1036.3134727839677 64 66 -1
66 -39.87281937313336 -148.1267818365179 1036.2652566186969 65 67 -1
67 -40.060332423361224 -148.0757061281929 1036.2187239574564 66 68 -1
68 -40.24817179143301 -148.0243393404818 1036.1738577049168 67 69 -1
69 -40.43629531206797 -147.97257167714514 1036.130674378341 68 70 -1
70 -40.62465543910968 -147.92029928233706 1036.0891629274665 69 71 -1
71 -40.81320730407668 -147.8674107737762 1036.0493366833905 70 72 -1
72 -41.001902654593245 -147.8138016456808 1036.0111890301687 71 73 -1
73 -41.19069355360424 -147.7593591697653 1035.9747320210765 72 74 -1
74 -41.37952964613169 -147.70397841552796 1035.9399615496536 73 75 -1
75 -41.56835922971366 -147.6475448192329 1035.9068904451285 74 76 -1
76 -41.75712877373107 -147.5899542527525 1035.875514893874 75 77 -1
77 -41.94578171632524 -147.5310890617288 1035.845850659498 76 78 -1
78 -42.13426070622843 -147.47084825425156 1035.817891748331 77 79 -1
79 -42.322502762743596 -147.40910908321575 1035.7916590609364 78 80 -1
80 -42.51044630918676 -147.34577572408205 1035.7671432192328 79 81 -1
81 -42.69802079605055 -147.2807220403257 1035.744368010215 80 82 -1
82 -42.88515885398324 -147.21385353183982 1035.7233256705108 81 83 -1
83 -43.07178387305858 -147.14505172270245 1035.7040330234865 82 84 -1
84 -43.25783366641828 -147.0742571388599 1035.686472037403 83 85 -1
85 -43.443270496932215 -147.0014849833411 1035.6705908299373 84 86 -1
86 -43.628057829329 -146.92674944911778 1035.6563404300093 85 87 -1
87 -43.81216833827614 -146.850086497449 1035.6436531245263 86 88 -1
88 -43.99556624410718 -146.77150323978685 1035.6324836597303 87 89 -1
89 -44.17822788354003 -146.6910350563696 1035.6227635301211 88 90 -1
90 -44.360124967311094 -146.60870017819957 1035.614437074248 89 91 -1
91 -44.54123057961453 -146.5245168930493 1035.607447493009 90 92 -1
92 -44.72152572386606 -146.43851754698602 1035.6017275085005 91 93 -1
93 -44.90098178772299 -146.35070966343747 1035.5972263912493 92 94 -1
94 -45.07958355000744 -146.26112646323716 1035.5938754146548 93 95 -1
95 -45.25731026070909 -146.1697858809848 1035.5916157408672 94 96 -1
96 -45.434140778618065 -146.07670276911077 1035.5903894705414 95 97 -1
97 -45.61006357171712 -145.98190762610943 1035.5901292976605 96 98 -1
98 -45.78505660702803 -145.88540868111497 1035.5907800324342 97 99 -1
99 -45.95910886980861 -145.78723227245203 1035.5922761870652 98 100 -1
100 -46.132207245747416 -145.6873983517232 1035.5945557459943 99 101 -1
101 -46.304332440383114 -145.5859146251628 1035.5975615893715 100 102 -1
102 -46.47547916118942 -145.48281062510756 1035.6012268579864 101 103 -1
103 -46.6456311096511 -145.3780957823228 1035.6054929500356 102 104 -1
104 -46.814777246738494 -145.27178687472485 1035.610297784313 103 105 -1
105 -46.98291095018948 -145.16390602518217 1035.6155777805861 104 106 -1
106 -47.15001439287658 -145.05445697097812 1035.6212743252318 105 107 -1
107 -47.31608366624365 -144.9434636662914 1035.6273230646411 106 108 -1
108 -47.48110906839638 -144.8309401298247 1035.6336624442847 107 109 -1
109 -47.64507471732537 -144.71689088614494 1035.6402317675045 108 110 -1
110 -47.807978654179934 -144.60133978499726 1035.6469673627382 109 111 -1
111 -47.96980840045174 -144.4842950446631 1035.6538075931805 110 112 -1
112 -48.13055205988064 -144.36576557537137 1035.6606898667785 111 113 -1
113 -48.29020571478702 -144.24577076815964 1035.667551426262 112 114 -1
114 -48.44875566452672 -144.12431664275363 1035.6743292328817 113 115 -1
115 -48.60619172994028 -144.00141405308568 1035.6809596855599 114 116 -1
116 -48.762508243299216 -143.8770796242503 1035.6873799495431 115 117 -1
117 -48.917690901622215 -143.75131912647402 1035.6935253015429 116 118 -1
118 -49.07172841226251 -143.62414264495752 1035.6993309113636 117 119 -1
119 -49.22461389919417 -143.49556600431706 1035.7047333698715 118 120 -1
120 -49.376333439119435 -143.36559694130477 1035.709666710639 119 121 -1
121 -49.52687116633636 -143.23424181999755 1035.7140632526298 120 122 -1
122 -49.676219897868656 -143.10151790201738 1035.7178592090997 121 123 -1
123 -49.82436602601537 -142.9674357335574 1035.7209878691272 122 124 -1
124 -49.97128928430293 -142.83199966410538 1035.7233779965716 123 125 -1
125 -50.116979141887676 -142.69522606976778 1035.7249639086986 124 126 -1
126 -50.26142112074375 -142.5571280659664 1035.725677804876 125 127 -1
127 -50.40459842493962 -142.41771766172724 1035.7254503102197 126 128 -1
128 -50.54648721380045 -142.2770014039537 1035.724206234007 127 129 -1
129 -50.68707448439755 -142.13499852307447 1035.7218789628553 128 130 -1
130 -50.826341122992226 -141.99172368538578 1035.7183974928428 129 131 -1
131 -50.96426641192434 -141.84719189559362 1035.7136896918473 130 132 -1
132 -51.10082674152972 -141.70141758000165 1035.7076809703917 131 133 -1
133 -51.23599714898906 -141.55441630974562 1035.700295599286 132 134 -1
134 -51.36975760989919 -141.40621018060216 1035.6914634592647 133 135 -1
135 -51.50208293667145 -141.2568190332723 1035.6811101019678 134 136 -1
136 -51.63294677319739 -141.10626423715547 1035.6691606442678 135 137 -1
137 -51.76232158730651 -140.95456882459578 1035.6555398592832 136 138 -1
138 -51.89017751707984 -140.80175681482714 1035.6401709242896 137 139 -1
139 -52.01648263344492 -140.64785370927714 1035.622975704605 138 140 -1
140 -52.141209250850736 -140.49289079483637 1035.6038825293251 139 141 -1
141 -52.264325219466095 -140.3368991010698 1035.5828160648791 140 142 -1
142 -52.38579731159044 -140.17991199097023 1035.559701343285 141 143 -1
143 -52.50559127649117 -140.02196528537826 1035.5344639617178 142 144 -1
144 -52.62367190939024 -139.86309737968816 1035.5070303020884 143 145 -1
145 -52.74000313561327 -139.703349350541 1035.477327770558 144 146 -1
146 -52.85454811082959 -139.54276505001602 1035.4452850565826 145 147 -1
147 -52.96726933819333 -139.38139118466495 1035.4108324107167 146 148 -1
148 -53.07812746917465 -139.21927689422918 1035.373900154258 147 149 -1
149 -53.18708356828981 -139.05647472102785 1035.3344217906324 148 150 -1
150 -53.29410078830431 -138.89304092106474 1035.292336399635 149 151 -1
151 -53.39914048224068 -138.7290340082005 1035.2475835013327 150 152 -1
152 -53.5021641955271 -138.56451542652817 1035.2001057776477 151 153 -1
153 -53.60313388901964 -138.39954948046434 1035.1498494213424 152 154 -1
154 -53.702012207077296 -138.2342031575073 1035.096764760794 153 155 -1
155 -53.79876572861457 -138.06853823401025 1035.0408344075217 154 156 -1
156 -53.8933681108334 -137.9026019552552 1034.9820987188727 155 157 -1
157 -53.98579487424685 -137.73643880851927 1034.920605016178 156 158 -1
158 -54.07602108257054 -137.57009219357468 1034.8563987677235 157 159 -1
159 -54.164020441688635 -137.40360456067143 1034.7895228041339 158 160 -1
160 -54.249776269702515 -137.237017923152 1034.7200301296534 159 161 -1
161 -54.33326799048783 -137.07037298658182 1034.6479676667466 160 162 -1
162 -54.41447586380468 -136.9037095810043 1034.5733821169483 161 163 -1
163 -54.49338093173373 -136.73706669459577 1034.496319925947 162 164 -1
164 -54.5699618655477 -136.57048263677893 1034.4168240922568 163 165 -1
165 -54.64419655119612 -136.40399522521383 1034.3349361899818 164 166 -1
166 -54.71607494515085 -136.23764098513917 1034.250708972348 165 167 -1
167 -54.785580723962354 -136.07145591576176 1034.164187646784 166 168 -1
168 -54.85269812588437 -135.90547535429394 1034.075417072427 167 169 -1
169 -54.917400013141446 -135.73973536418916 1033.98443113226 168 170 -1
170 -54.97968094565975 -135.5742693712469 1033.8912829140504 169 171 -1
171 -55.0395283410462 -135.40911079518952 1033.7960178044477 170 172 -1
172 -55.09692510401104 -135.24429319777144 1033.6986765961017 171 173 -1
173 -55.151847539299766 -135.07985097437586 1033.5992944039033 172 174 -1
174 -55.204295186247776 -134.91581452875772 1033.497924716727 173 175 -1
175 -55.25425529485745 -134.75221560290694 1033.3946099631437 174 176 -1
176 -55.30169659645854 -134.58908932090137 1033.2893782993165 175 177 -1
177 -55.34662529921968 -134.42646348652528 1033.1822858528733 176 178 -1
178 -55.38902682461382 -134.26436940862945 1033.0733721682973 177 179 -1
179 -55.428874230453275 -134.10284118264465 1032.962668122131 178 180 -1
180 -55.4661744573316 -133.94190512214723 1032.8502277472853 179 181 -1
181 -55.50090444859404 -133.78159419365022 1032.7360839333478 180 182 -1
182 -55.53305468680489 -133.6219381700256 1032.6202785684407 181 183 -1
183 -55.56262354682943 -133.46296446467673 1032.502857831657 182 184 -1
184 -55.589581002242966 -133.3047081434142 1032.383850194825 183 185 -1
185 -55.613940620821445 -133.14719214055015 1032.2633101468173 184 186 -1
186 -55.63566963755963 -132.9904525327282 1032.1412645173264 185 187 -1
187 -55.654779040865925 -132.8345125231645 1032.017765011893 186 188 -1
188 -55.6712431177694 -132.67940642177427 1031.8928425514996 187 189 -1
189 -55.685067694490286 -132.5251586719807 1031.7665448904172 188 190 -1
190 -55.69623090437868 -132.37180271632647 1031.6389050681016 189 191 -1
191 -55.70473990076819 -132.21936231245294 1031.5099705418174 190 192 -1
192 -55.710570175164726 -132.06787222517195 1031.3797731714662 191 193 -1
193 -55.71373713560376 -131.9173530472671 1031.248363315913 192 194 -1
194 -55.71420672299343 -131.76784358858131 1031.1157688040812 193 195 -1
195 -55.7120006708595 -131.6193618754033 1030.982041819412 194 196 -1
196 -55.7071111482338 -131.47194273879884 1030.8472148689507 195 197 -1
197 -55.69961628533639 -131.32560881427813 1030.7113294099454 196 198 -1
198 -55.689607154844815 -131.18038017433315 1030.5744237456558 197 199 -1
199 -55.677148070581545 -131.03628638492737 1030.4365234593579 198 200 -1
200 -55.66234179271154 -130.89333641695873 1030.2976680023742 199 201 -1
201 -55.64526481726848 -130.7515486690554 1030.157884545665 200 202 -1
202 -55.62598584617007 -130.61094375041478 1030.0171954899574 201 203 -1
203 -55.60459723590923 -130.47152699827188 1029.8756315613052 202 204 -1
204 -55.58117470487648 -130.33331011962966 1029.733215370203 203 205 -1
205 -55.55578015853588 -130.1963115136041 1029.589962383233 204 206 -1
206 -55.52849899311607 -130.06053302400414 1029.4458968832223 205 207 -1
207 -55.49940347318557 -129.92598227637774 1029.3010366073179 206 208 -1
208 -55.468562161101396 -129.7926675460335 1029.15539669748 207 209 -1
209 -55.436035614023915 -129.66060158070752 1029.0089876449729 208 210 -1
210 -55.401900258357195 -129.52978357944122 1028.8618263733322 209 211 -1
211 -55.36622125243861 -129.4002192405276 1028.7139239765015 210 212 -1
212 -55.329062361325505 -129.27191389090785 1028.5652901735853 211 213 -1
213 -55.290482011659044 -129.14487631762316 1028.4159312605123 212 214 -1
214 -55.25054284640032 -129.01911045011957 1028.2658549775442 213 215 -1
215 -55.20930795352203 -128.89461817848925 1028.1150688879475 214 216 -1
216 -55.1668359746261 -128.77140431184296 1027.963577723916 215 217 -1
217 -55.1231844405237 -128.649473738056 1027.8113851020958 216 218 -1
218 -55.07840862226126 -128.52883297378045 1027.6584927723718 217 219 -1
219 -55.032561825136334 -128.4094903692841 1027.504900607191 218 220 -1
220 -54.98570259918351 -128.29144695810385 1027.3506115747768 219 221 -1
221 -54.93788470322182 -128.17470870300357 1027.1956252119023 220 222 -1
222 -54.88916115538996 -128.0592819967018 1027.0399401327238 221 223 -1
223 -54.83958431301034 -127.94517372458446 1026.8835540604468 222 224 -1
224 -54.789203816590096 -127.83239512369613 1026.726461841248 223 225 -1
225 -54.73807196119694 -127.72095319126512 1026.5686600637898 224 226 -1
226 -54.6862411452047 -127.61085416218276 1026.410145268636 225 227 -1
227 -54.63376191938052 -127.50210754232585 1026.2509118682453 226 228 -1
228 -54.58068460762448 -127.39472363219667 1026.0909535177314 227 229 -1
229 -54.527058103339954 -127.28871718912643 1025.9302612153565 228 230 -1
230 -54.47293268819319 -127.18410113993423 1025.7688267015915 229 231 -1
231 -54.41836018793026 -127.08088456523703 1025.6066436082547 230 232 -1
232 -54.36339098833713 -126.97908160839535 1025.4437027587414 231 233 -1
233 -54.308075279936766 -126.87870975603992 1025.2799931297168 232 234 -1
234 -54.25246336256392 -126.779791121265 1025.1155012079273 233 235 -1
235 -54.196608521916716 -126.68233618424343 1024.950219823374 234 236 -1
236 -54.14056288919112 -126.58636399520141 1024.7841373434583 235 237 -1
237 -54.08437873756829 -126.49190461629031 1024.6172363968508 236 238 -1
238 -54.028099779274775 -126.39896477489346 1024.449516330198 237 239 -1
239 -53.97173725668037 -126.30752812189554 1024.2809999399972 238 240 -1
240 -53.91529545219259 -126.21758683410135 1024.1117070997893 239 241 -1
241 -53.85877969923587 -126.12910873617712 1023.9416695193904 240 242 -1
242 -53.80219440359598 -126.04207440635635 1023.7709114342287 241 243 -1
243 -53.74554380925694 -125.95646318575065 1023.5994569744241 242 244 -1
244 -53.68883251558355 -125.87224071001766 1023.427336034641 243 245 -1
245 -53.63206401814889 -125.78939235037792 1023.2545682402913 244 246 -1
246 -53.575242725197775 -125.70787524938844 1023.0811856121428 245 247 -1
247 -53.51837173037277 -125.62767312472457 1022.9072070175299 246 248 -1
248 -53.461454941514035 -125.54874140668423 1022.732663285154 247 249 -1
249 -53.404495124144326 -125.47106002427208 1022.5575734717806 248 250 -1
250 -53.347495700115246 -125.39458244610388 1022.3819673321536 249 251 -1
251 -53.2904590265224 -125.3192868609407 1022.205863179354 250 252 -1
252 -53.2333880546062 -125.24512481317491 1022.0292897331318 251 253 -1
253 -53.176284858995196 -125.17206844375417 1021.8522663201377 252 254 -1
254 -53.1191517714369 -125.10007307439925 1021.6748183539545 253 255 -1
255 -53.061990648454454 -125.02910226564389 1021.4969671128408 254 256 -1
256 -53.00480320627215 -124.95911651229171 1021.3187343675878 255 257 -1
257 -52.94759109767099 -124.8900701440226 1021.1401434823831 256 258 -1
258 -52.890355443611305 -124.82192954149887 1020.9612125554492 257 259 -1
259 -52.83309759938776 -124.75464398633606 1020.7819654153393 258 260 -1
260 -52.775818445454526 -124.68817323428169 1020.6024212983776 259 261 -1
261 -52.71851873608549 -124.62247429852603 1020.4225998550236 260 262 -1
262 -52.66119918873065 -124.55749867791187 1020.2425220853861 261 263 -1
263 -52.6038601558612 -124.4932046352881 1020.0622060211845 262 264 -1
264 -52.54650198790423 -124.42954435165464 1019.8816713005489 263 265 -1
265 -52.489124895705686 -124.36646970638786 1019.7009371292149 264 266 -1
266 -52.431728799550534 -124.30393660940636 1019.5200208849071 265 267 -1
267 -52.374313665330384 -124.2418953824915 1019.3389413996307 266 268 -1
268 -52.31687931627887 -124.18029717225879 1019.1577168101284 267 269 -1
269 -52.25942534505129 -124.11909529569652 1018.976364194535 268 270 -1
270 -52.201951376510216 -124.05823979414599 1018.794901378713 269 271 -1
271 -52.14445696619185 -123.99768061397444 1018.6133459217987 270 272 -1
272 -52.086941497966215 -123.93736879467829 1018.4317148030891 271 273 -1
273 -52.02940430366565 -123.87725443604147 1018.2500251091633 272 274 -1
274 -51.97184479972657 -123.81728639823406 1018.0682941293692 273 275 -1
275 -51.9142622777159 -123.75741429539576 1017.8865388090742 274 276 -1
276 -51.856655873675614 -123.6975874240666 1017.7047761614082 275 277 -1
277 -51.799024951618335 -123.6377543036764 1017.5230233434338 276 278 -1
278 -51.741368787627984 -123.57786378130956 1017.3412974404695 277 279 -1
279 -51.68368662680444 -123.51786437511232 1017.1596157125623 278 280 -1
280 -51.625977666317986 -123.45770364383031 1016.9779958586118 279 281 -1
281 -51.568241371607826 -123.39733048196081 1016.7964552063911 280 282 -1
282 -51.51047713767104 -123.33669315323309 1016.615011518591 281 283 -1
283 -51.45268438816936 -123.27573933971806 1016.4336829989384 282 284 -1
284 -51.39486258666601 -123.21441581229163 1016.252488457711 283 285 -1
285 -51.33701149058729 -123.15267197462408 1016.0714460813718 284 286 -1
286 -51.279130849484986 -123.09045594887276 1015.8905748960282 285 287 -1
287 -51.22122052182238 -123.02771563079587 1015.7098944316775 286 288 -1
288 -51.16328039535743 -122.96439659426575 1015.529425544517 287 289 -1
289 -51.10531077248052 -122.90044968724182 1015.3491876842664 288 290 -1
290 -51.047311981906205 -122.83582348578297 1015.1692016912009 289 291 -1
291 -50.989284531617464 -122.77046679050156 1014.9894889350153 290 292 -1
292 -50.93122902246336 -122.70432559034839 1014.810072521217 291 293 -1
293 -50.873146439489645 -122.6373509222283 1014.6309743712991 292 294 -1
294 -50.81503794793048 -122.56949355098962 1014.4522172447012 293 295 -1
295 -50.75690491140275 -122.50070372737781 1014.2738248907375 294 296 -1
296 -50.6987489066198 -122.43093063817362 1014.0958223364053 295 297 -1
297 -50.640571774940526 -122.36012339367386 1013.9182355738257 296 298 -1
298 -50.582375733144 -122.28823731502268 1013.7410890200853 297 299 -1
299 -50.52416319972636 -122.21522514549596 1013.5644090772063 298 300 -1
300 -50.465936882198314 -122.14104044426715 1013.3882228201873 299 301 -1
301 -50.40769975055252 -122.06563162372764 1013.212560627557 300 302 -1
302 -50.349455184841396 -121.98895916815566 1013.0374488135958 301 303 -1
303 -50.29120681700254 -121.91098000707187 1012.8629162759527 302 304 -1
304 -50.23295859209645 -121.83165181255983 1012.688992721582 303 305 -1
305 -50.17471481556704 -121.75092724320484 1012.5157114014415 304 306 -1
306 -50.116480098970726 -121.66877052968646 1012.3431014870182 305 307 -1
307 -50.05825935552445 -121.58514503969565 1012.1711936685097 306 308 -1
308 -50.0 -121.5 1012.0 307 309 310
309 -50.024316812454366 -121.3181108486675 1012.134189400427 308 311 -1
310 -49.937477744749266 -121.4108174655231 1011.8461603682724 308 312 -1
311 -50.0518558796655 -121.13567396982049 1012.2668534933463 309 313 -1
312 -49.87518383893933 -121.32408230849859 1011.6910933429233 310 314 -1
313 -50.082436795988755 -120.95269822677172 1012.3981015133456 311 315 -1
314 -49.81318372234798 -121.2398464007042 1011.5345380837344 312 316 -1
315 -50.11610326034536 -120.769241819391 1012.5279154112859 313 317 -1
316 -49.75153471354299 -121.1581650366556 1011.3764976344194 314 318 -1
317 -50.1528886085796 -120.58536709340304 1012.65628295871 315 319 -1
318 -49.69029838565585 -121.07910212233718 1011.2169721245178 316 320 -1
319 -50.192823544601794 -120.40113893358358 1012.7831942688451 317 321 -1
320 -49.62954058963855 -121.00272555601703 1011.0559618970592 318 322 -1
321 -50.23594458555504 -120.216624125509 1012.9086380585231 319 323 -1
322 -49.569323043871364 -120.9290659822544 1010.8934895327914 320 324 -1
323 -50.282266559120245 -120.03189349423641 1013.0326144418423 321 325 -1
324 -49.50972135351502 -120.8582074189716 1010.7295510517719 322 326 -1
325 -50.331817452696264 -119.84701895729272 1013.1551190611027 323 327 -1
326 -49.45080153267997 -120.79017574348963 1010.5641749840681 324 328 -1
327 -50.384602820694454 -119.66207524125953 1013.2761594844055 325 329 -1
328 -49.39264556042792 -120.72504950809032 1010.3973651622914 326 330 -1
329 -50.44063283950084 -119.4771382418977 1013.3957429815322 327 331 -1
330 -49.33532317671183 -120.66284889964979 1010.2291561726862 328 332 -1
331 -50.49991482449073 -119.29228549700491 1013.5138801291733 329 333 -1
332 -49.2789233306372 -120.60364996353074 1010.0595579296779 330 334 -1
333 -50.5624420564914 -119.1075953242504 1013.630589855814 331 335 -1
334 -49.2235239141612 -120.54748005539058 1009.888605307563 332 336 -1
335 -50.62820546443848 -118.92314657970998 1013.7458943012531 333 337 -1
336 -49.16920833976197 -120.49437621604095 1009.7163301480705 334 338 -1
337 -50.69719064908342 -118.73901831344287 1013.8598202369121 335 339 -1
338 -49.116064439953185 -120.44437872588435 1009.5427648031281 336 340 -1
339 -50.76937720122672 -118.55528932162315 1013.9723994161556 337 341 -1
340 -49.06418807626292 -120.39753781244998 1009.3679400257619 338 342 -1
341 -50.844740237683915 -118.37203797753233 1014.0836679749262 339 343 -1
342 -49.01366337813923 -120.35386624938059 1009.1919033424755 340 344 -1
343 -50.923249837993495 -118.18934186585221 1014.1936667181739 341 345 -1
344 -48.96458238235565 -120.31338957453983 1009.0146986190149 342 346 -1
345 -51.00486612633396 -118.00727632498509 1014.3024430221357 343 347 -1
346 -48.9170381223287 -120.27612827712433 1008.8363732802607 344 348 -1
347 -51.08954641161168 -117.82591526977895 1014.4100478826832 345 349 -1
348 -48.87112413079621 -120.242097228542 1008.6569783091259 346 350 -1
349 -51.17724477644266 -117.64533100465626 1014.5165361114856 347 351 -1
350 -48.82693406659485 -120.21130548230398 1008.4765680847421 348 352 -1
351 -51.267913437563834 -117.46559451355296 1014.6219658824607 349 353 -1
352 -48.784561333337315 -120.183756108241 1008.2952001958369 350 354 -1
353 -51.36149017703948 -117.28677122020481 1014.726402934319 351 355 -1
354 -48.74408550280511 -120.15944641779635 1008.1129380676887 352 356 -1
355 -51.4579181824172 -117.1089265821371 1014.829913475045 353 357 -1
356 -48.70548963283229 -120.13836939409948 1007.9298672789554 354 358 -1
357 -51.557134472638715 -116.93212250136818 1014.9325681444261 355 359 -1
358 -48.66870824732969 -120.12051115222982 1007.7460818522956 356 360 -1
359 -51.659066830000846 -116.75641536824968 1015.0344424273392 357 361 -1
360 -48.6336748733829 -120.10586111394167 1007.5616721135079 358 362 -1
361 -51.76365327072333 -116.58186395977782 1015.1356110231409 359 363 -1
362 -48.60030373554302 -120.09437697763958 1007.376730478568 360 364 -1
363 -51.87081193873407 -116.4085162965677 1015.2361557260176 361 365 -1
364 -48.568509634547574 -120.08602018325945 1007.1913436912492 362 366 -1
365 -51.98047341310341 -116.2364238884597 1015.3361568472491 363 367 -1
366 -48.538202218902455 -120.08074526971846 1007.0055947877642 364 368 -1
367 -52.09255611800456 -116.06563003475527 1015.4356988703794 365 369 -1
368 -48.50928658106887 -120.07850047515045 1006.8195626801436 366 370 -1
369 -52.206982133396956 -115.89617753477681 1015.5348666765346 367 371 -1
370 -48.481667756017636 -120.0792378879753 1006.6333213809701 368 372 -1
371 -52.32367078473056 -115.7281053809407 1015.6337466653791 369 373 -1
372 -48.45524136198238 -120.08289140361818 1006.4469413914653 370 374 -1
373 -52.44253703323834 -115.56144733942077 1015.732426359734 371 375 -1
374 -48.4298994423752 -120.08938744651103 1006.2604880979611 372 376 -1
375 -52.56350230467083 -115.39623912465723 1015.830993303007 373 377 -1
376 -48.40553459253027 -120.09865506837981 1006.0740215718985 374 378 -1
377 -52.68647695878882 -115.23250632084617 1015.9295357681036 375 379 -1
378 -48.38203767090957 -120.11062009528919 1005.8875970430042 376 380 -1
379 -52.81138022329401 -115.07027847464691 1016.0281417308618 377 381 -1
380 -48.35930119548334 -120.12521714854479 1005.7012656107903 378 382 -1
381 -52.93812530813648 -114.90957821901581 1016.126898820736 379 383 -1
382 -48.337210342314975 -120.14235650406785 1005.5150729964964 380 384 -1
383 -53.066625390714435 -114.75042543954888 1016.2258937286538 381 385 -1
384 -48.31565287779619 -120.16195535633584 1005.329060498617 382 386 -1
385 -53.19679832356325 -114.59284193494528 1016.3252130760629 383 387 -1
386 -48.29451707609338 -120.18393163203487 1005.1432653059916 384 388 -1
387 -53.32855676956758 -114.43684238457226 1016.4249414463075 385 389 -1
388 -48.27369145597076 -120.20820236736809 1004.9577206875422 386 390 -1
389 -53.461817032421116 -114.28243805072046 1016.5251557806134 387 391 -1
390 -48.25306518836929 -120.23468711923006 1004.7724567187607 388 392 -1
391 -53.596513906165505 -114.12961999865163 1016.625879792156 389 393 -1
392 -48.23252760351884 -120.26330351733309 1004.5875000768382 390 394 -1
393 -53.73259327628209 -113.97837017900564 1016.7271114480388 391 395 -1
394 -48.211969089169266 -120.29396196828141 1004.4028732225638 392 396 -1
395 -53.87000014360776 -113.82866723494783 1016.8288481050162 393 397 -1
396 -48.191297006468815 -120.32657919488624 1004.2185949776921 394 398 -1
397 -54.00868146835738 -113.68048988694899 1016.9310877459541 395 399 -1
398 -48.170487528432155 -120.36107379397602 1004.0346743350357 396 400 -1
399 -54.14858623631945 -113.53381719080019 1017.033829030731 397 401 -1
400 -48.149536682948984 -120.39736569738398 1003.8511158989792 398 402 -1
401 -54.28966481515924 -113.38862790015422 1017.1370710516538 399 403 -1
402 -48.12844038204022 -120.43537593400713 1003.6679221975285 400 404 -1
403 -54.43186892819243 -113.24490052828567 1017.2408133170841 401 405 -1
404 -48.10719441878614 -120.47502672013307 1003.4850938301383 402 406 -1
405 -54.57515162556589 -113.10261340520081 1017.3450557354545 403 407 -1
406 -48.08579447500685 -120.51624153175358 1003.3026296108587 404 408 -1
407 -54.71946725323998 -112.96174473028418 1017.4497985997361 405 409 -1
408 -48.06423612850405 -120.55894516016394 1003.1205267071344 406 410 -1
409 -54.86477142013258 -112.82227262067788 1017.5550425724049 407 411 -1
410 -48.04251485984228 -120.60306375233066 1002.9387807735673 408 412 -1
411 -55.011020963754 -112.68417515559365 1017.6607886709402 409 413 -1
412 -48.02062605865539 -120.64852483747374 1002.7573860801203 410 414 -1
413 -55.15817391462691 -112.54743041676616 1017.7670382538947 411 415 -1
414 -47.99856502947506 -120.69525734125273 1002.5763356343913 412 416 -1
415 -55.306189459759956 -112.4120165252513 1017.8737930075489 413 417 -1
416 -47.97632699708328 -120.7431915888792 1002.3956212977164 414 418 -1
417 -55.45502882189474 -112.27791317995845 1017.9810555290277 415 419 -1
418 -47.953907111399396 -120.79225929840253 1002.2152338949753 416 420 -1
419 -55.60465283585617 -112.14509788976366 1018.0888278441652 417 421 -1
420 -47.931300451915966 -120.84239356533631 1002.0351633180695 418 422 -1
421 -55.75502360845645 -112.01354858555882 1018.1971123659929 419 423 -1
422 -47.9085020317033 -120.89352883970815 1001.8553986231229 420 424 -1
423 -55.90610455314458 -111.88324382985384 1018.3059119731472 421 425 -1
424 -47.88550680100584 -120.9456008965318 1001.6759281215261 422 426 -1
425 -56.05786067785024 -111.75416353818561 1018.4152303255611 423 427 -1
426 -47.862309650456474 -120.99854680061824 1001.4967394649981 424 428 -1
427 -56.21025763064933 -111.62628743672158 1018.5250712250411 425 429 -1
428 -47.83890541393753 -121.05230486655955 1001.3178197248833 426 430 -1
429 -56.36326060322842 -111.49959285309289 1018.6354375735837 427 431 -1
430 -47.815288871118845 -121.10681461464276 1001.1391554659407 428 432 -1
431 -56.516837103797926 -111.37406012851655 1018.7463337403269 429 433 -1
432 -47.791453997298625 -121.16201885741212 1000.9607335807368 430 434 -1
433 -56.670955715695534 -111.24967058465958 1018.8577647362956 431 435 -1
434 -47.76739585628548 -121.21785767614465 1000.7825392595358 432 436 -1
435 -56.82558378148311 -111.12640145451306 1018.9697337523658 433 437 -1
436 -47.743109299168076 -121.27427312930493 1000.6045576629888 434 438 -1
437 -56.980691802769044 -111.0042355524629 1019.0822467648911 435 439 -1
438 -47.71858890371394 -121.33120900179641 1000.4267739439273 436 440 -1
439 -57.13624916339273 -110.88315189461747 1019.1953080036521 437 441 -1
440 -47.693829202781764 -121.38861002706152 1000.2491730461953 438 442 -1
441 -57.29222664216945 -110.7631314012743 1019.3089227087357 439 443 -1
442 -47.66882436497005 -121.44642228691166 1000.0717399465983 440 444 -1
443 -57.448595917360734 -110.64415608924413 1019.4230968001843 441 445 -1
444 -47.64356777461992 -121.50459322593343 999.8944597903201 442 446 -1
445 -57.605328321540235 -110.52620567723147 1019.5378350095436 443 447 -1
446 -47.61803522379392 -121.56306716224343 999.7173189017166 444 448 -1
447 -57.762396965492435 -110.4092636610398 1019.6531442147049 445 449 -1
448 -47.59214153938837 -121.6217884982409 999.5403123342348 446 450 -1
449 -57.91977421575491 -110.29331000223418 1019.769029333378 447 451 -1
450 -47.56579063730406 -121.68070162438318 999.363437033554 448 452 -1
451 -58.077434010824796 -110.17832836714959 1019.8854974697401 449 453 -1
452 -47.538883090893535 -121.73975190096927 999.1866913412099 450 454 -1
453 -58.23534999766271 -110.06430018174947 1020.0025544272175 451 455 -1
454 -47.51132729528361 -121.79888321076164 999.0100726954297 452 456 -1
455 -58.39349656569174 -109.95120817763625 1020.1202068058462 453 457 -1
456 -47.483031076860264 -121.85804086862244 998.8335800228898 454 458 -1
457 -58.55184868293006 -109.83903625703182 1020.2384619977214 455 459 -1
458 -47.453901579904446 -121.91717044301515 998.6572135778384 456 460 -1
459 -58.71038104955933 -109.72776550518229 1020.3573255111984 457 461 -1
460 -47.42384215139757 -121.97621674110219 998.4809753681807 458 462 -1
461 -58.86906970853688 -109.61738251142722 1020.4768066097645 459 463 -1
462 -47.392769925283865 -122.03512597744859 998.3048670504786 460 464 -1
463 -59.027889964097454 -109.50786822958689 1020.5969106417623 461 465 -1
464 -47.3605975626241 -122.09384433117926 998.1288926186885 462 466 -1
465 -59.186818043634744 -109.39920743921022 1020.7176456022894 463 467 -1
466 -47.32722784348062 -122.152315407691 997.9530589407881 464 468 -1
467 -59.345830386751466 -109.29138554459922 1020.8390200139072 465 469 -1
468 -47.29258442980762 -122.21048677491078 997.7773723293108 466 470 -1
469 -59.504903396726746 -109.1843851180594 1020.961040182176 467 471 -1
470 -47.25658636175804 -122.26830522230698 997.6018416792041 468 472 -1
471 -59.66401395548159 -109.07819210176903 1021.083714998158 469 473 -1
472 -47.21913759785303 -122.3257126275103 997.4264797698517 470 474 -1
473 -59.823139008484624 -108.97279177792824 1021.207052855566 471 475 -1
474 -47.180171595680406 -122.38265869836424 997.2512982032914 472 476 -1
475 -59.98225568939244 -108.86816803225891 1021.3310608887534 473 477 -1
476 -47.13960965137367 -122.43908942668092 997.0763122919838 474 478 -1
477 -60.141341273834854 -108.76430718126781 1021.4557482596663 475 479 -1
478 -47.09736430723826 -122.49494688286705 996.901540977514 476 480 -1
479 -60.300373071126565 -108.66119555989627 1021.581124179412 477 481 -1
480 -47.05338011148625 -122.55018359306057 996.7270015738196 478 482 -1
481 -60.45932867139863 -108.5588176996071 1021.7071961074963 479 483 -1
482 -47.00757071204827 -122.60474043717039 996.5527180927352 480 484 -1
483 -60.618185651463214 -108.45715990565775 1021.8339730543875 481 485 -1
484 -46.95987995173254 -122.65856864953105 996.3787130370478 482 486 -1
485 -60.776921283387765 -108.3562103143776 1021.9614658802315 483 487 -1
486 -46.91024068839541 -122.71161473098493 996.2050130687737 484 488 -1
487 -60.93551348853188 -108.25595364804728 1022.0896819230354 485 489 -1
488 -46.85866012490402 -122.76384434796528 996.0316314872332 486 490 -1
489 -61.09393992268226 -108.15637674696964 1022.2186305416477 487 491 -1
490 -46.80535708987638 -122.81528235528754 995.8585342267427 488 492 -1
491 -61.252177896157434 -108.0574676562561 1022.3483223918905 489 493 -1
492 -46.75056502594855 -122.86595654410439 995.6856765795576 490 494 -1
493 -61.41020526894451 -107.95921336586225 1022.4787665688548 491 495 -1
494 -46.69452746447762 -122.91590393144384 995.5130066153748 492 496 -1
495 -61.56801022692308 -107.86160310212438 1022.6099613589993 493 497 -1
496 -46.63746706338084 -122.965152860052 995.3404709237668 494 498 -1
497 -61.72559385766367 -107.76463007949171 1022.7418926943438 495 499 -1
498 -46.57961234911099 -123.01373885129772 995.1680117119561 496 500 -1
499 -61.882957692190615 -107.66828928410006 1022.8745475938571 497 501 -1
500 -46.52118110697209 -123.06169181670508 994.9955696211606 498 502 -1
501 -62.04010454267221 -107.5725723308024 1023.007909437606 499 503 -1
502 -46.46239090283665 -123.10904364999857 994.8230833790983 500 504 -1
503 -62.19703677359838 -107.47747242980913 1023.1419636638643 501 505 -1
504 -46.40345682590805 -123.15582602566961 994.6504908560347 502 506 -1
505 -62.353756684026074 -107.38298328036949 1023.2766964557596 503 507 -1
506 -46.344592987963786 -123.2020663727017 994.4777283821988 504 508 -1
507 -62.51026674059165 -107.28909839706557 1023.4120939737212 505 509 -1
508 -46.286011820728326 -123.24779760144438 994.3047344951541 506 510 -1
509 -62.666570032250576 -107.19580979165673 1023.548140935904 507 511 -1
510 -46.22793294520873 -123.29304276443577 994.1314437478248 508 512 -1
511 -62.82266941109486 -107.10311044013399 1023.6848233260434 509 513 -1
512 -46.170565703644115 -123.33783493507099 993.9577987137836 510 514 -1
513 -62.97856751793503 -107.01099421311832 1023.8221282609809 511 515 -1
514 -46.11414368847326 -123.38219342194749 993.7837332699899 512 516 -1
515 -63.134267592516416 -106.91945352423117 1023.9600414760682 513 517 -1
516 -46.058875394807764 -123.4261496362841 993.6091964033636 514 518 -1
517 -63.289773000919375 -106.82848068442678 1024.0985487977782 515 519 -1
518 -46.00500994423767 -123.46972118128606 993.4341254922164 516 520 -1
519 -63.445087034359396 -106.73806848462263 1024.2376367401523 517 521 -1
520 -45.95276153998402 -123.51293553889367 993.2584771316001 518 522 -1
521 -63.600212673848354 -106.64821089801866 1024.3772931857936 519 523 -1
522 -45.90239918885756 -123.55580812678961 993.0821955024302 520 524 -1
523 -63.755153792071724 -106.55889953284485 1024.517503756075 521 525 -1
524 -45.8541447259218 -123.59836262112628 992.9052487159516 522 526 -1
525 -63.909914032229295 -106.47012691741041 1024.658255192547 523 527 -1
526 -45.808288088163025 -123.64061170875293 992.7275928210624 524 528 -1
527 -64.0644970366059 -106.38188583304913 1024.7995346473595 525 529 -1
528 -45.765068764276585 -123.68257380178085 992.5492096207253 526 530 -1
529 -64.21890624754838 -106.2941699258995 1024.941330259397 527 531 -1
530 -45.7247810117573 -123.72425958156957 992.3700773852294 528 532 -1
531 -64.37314593235826 -106.20697059262982 1025.0836281074905 529 533 -1
532 -45.68770451213131 -123.76567969184369 992.1901921631015 530 534 -1
533 -64.52722004757287 -106.12028039934418 1025.226415575424 531 535 -1
534 -45.653979687325176 -123.80683748489989 992.009588401645 532 536 -1
535 -64.68113251463899 -106.03409226696031 1025.3696805189093 533 537 -1
536 -45.62350270911163 -123.84771996814554 991.8283456379174 534 538 -1
537 -64.8348873188096 -105.94839917414573 1025.5134109655864 535 539 -1
538 -45.59604718035771 -123.88832110617389 991.6465573568823 536 540 -1
539 -64.98848894883632 -105.86319274682184 1025.6575938098313 537 541 -1
540 -45.57141436146617 -123.9286346765607 991.4643009051551 538 542 -1
541 -65.14194169224258 -105.7784654639956 1025.802216883782 539 543 -1
542 -45.54941725634445 -123.9686545302918 991.2816427210548 540 544 -1
543 -65.29524972360169 -105.6942104184987 1025.947268691923 541 545 -1
544 -45.529813274478 -124.0083824507997 991.0986483983311 542 546 -1
545 -65.44841752680877 -105.61041994202915 1026.0927371545924 543 547 -1
546 -45.51238200387675 -124.04781963276514 990.9153712609989 544 548 -1
547 -65.60144978817084 -105.52708590872956 1026.2386099098392 545 549 -1
548 -45.49691397144388 -124.08696675909702 990.7318556694054 546 550 -1
549 -65.75435109757777 -105.44420073062972 1026.384875194379 547 551 -1
550 -45.48316242081635 -124.12583132392147 990.5481433184016 548 552 -1
551 -65.90712585537355 -105.36175773653497 1026.5315221316396 549 553 -1
552 -45.47089573136429 -124.16442013127562 990.3642675839382 550 554 -1
553 -66.05977902058916 -105.27974854379197 1026.6785384661846 551 555 -1
554 -45.45988889692157 -124.20273936358099 990.1802556453487 552 556 -1
555 -66.21231545062636 -105.19816532710793 1026.8259125370919 553 557 -1
556 -45.4499011161159 -124.24079924635295 989.9961316775085 554 558 -1
557 -66.3647399540832 -105.11700067672678 1026.9736331258318 555 559 -1
558 -45.4406955948532 -124.27861047403157 989.8119156398344 556 560 -1
559 -66.51705731712238 -105.03624754904226 1027.1216893872536 557 561 -1
560 -45.43204043377473 -124.31618257721406 989.6276239466679 558 562 -1
561 -66.66927277502411 -104.9558974047464 1027.2700693486547 559 563 -1
562 -45.42369895521293 -124.35352675167321 989.4432714360564 560 564 -1
563 -66.82139139430336 -104.8759425659174 1027.4187618334424 561 565 -1
564 -45.415435649924916 -124.39065553819981 989.2588718957591 562 566 -1
565 -66.97341813318779 -104.79637609761879 1027.5677563119227 563 567 -1
566 -45.40701707389786 -124.42757974585214 989.0744383184574 564 568 -1
567 -67.1253583110258 -104.71718981574782 1027.717041350978 565 569 -1
568 -45.39820728229038 -124.46431023776317 988.8899843759395 566 570 -1
569 -67.27721725500825 -104.6383757060105 1027.866605738736 567 571 -1
570 -45.388821408050276 -124.50085990663614 988.7055229516578 568 572 -1
571 -67.42900020843277 -104.55992641767466 1028.016438826626 569 573 -1
572 -45.378899687152234 -124.53724188231465 988.5210563868216 570 574 -1
573 -67.58071251285756 -104.48183447418921 1028.1665299189665 571 575 -1
574 -45.368559199168956 -124.57346998050429 988.3365825130071 572 576 -1
575 -67.7323597454977 -104.40409146279328 1028.31686771477 573 577 -1
576 -45.35792117048265 -124.60955992951412 988.1520984621346 574 578 -1
577 -67.88394737842027 -104.32668978645876 1028.467441560294 575 579 -1
578 -45.347102057939345 -124.64552589392333 987.9676007184096 576 580 -1
579 -68.03548087780463 -104.24962232891727 1028.6182411602138 577 581 -1
580 -45.33621948553222 -124.68138209089648 987.7830853382748 578 582 -1
581 -68.1869660102483 -104.17288044811187 1028.7692552420497 579 583 -1
582 -45.3253906754992 -124.71714392931975 987.598548486536 580 584 -1
583 -68.33840843767628 -104.09645646206091 1028.9204732337328 581 585 -1
584 -45.3147323184617 -124.75282553425677 987.4139861902094 582 586 -1
585 -68.48981382531612 -104.02034327578927 1029.0718849496814 583 587 -1
586 -45.304362232838265 -124.78844125658651 987.2293947641681 584 588 -1
587 -68.6411880840906 -103.94453218089708 1029.2234792391384 585 589 -1
588 -45.294394283243776 -124.82400578593695 987.0447713389443 586 590 -1
589 -68.79253704995578 -103.86901555776853 1029.3752456645561 587 591 -1
590 -45.28494702571851 -124.85953296033607 986.8601133731715 588 592 -1
591 -68.94386662190838 -103.79378601408403 1029.5271739199977 589 593 -1
592 -45.27613675877963 -124.89503680446532 986.6754194703782 590 594 -1
593 -69.09518283126135 -103.71883492612103 1029.679253038259 591 595 -1
594 -45.268016843645626 -124.93053056002557 986.4906919706755 592 596 -1
595 -69.24649170136315 -103.64415486360888 1029.8314727273714 593 597 -1
596 -45.2604058309149 -124.96602542974588 986.305942956851 594 598 -1
597 -69.39779934742056 -103.56973785154054 1029.9838224066523 595 599 -1
598 -45.253048510254814 -125.00153243801815 986.1211859696722 596 600 -1
599 -69.54911192428342 -103.4955754837845 1030.1362913152832 597 601 -1
600 -45.24569502005139 -125.03706259871201 985.9364332804131 598 602 -1
601 -69.70043569171536 -103.42166061930385 1030.2888692676356 599 603 -1
602 -45.238092221282116 -125.07262740018517 985.7516973774085 600 604 -1
603 -69.85177689793699 -103.3479844621394 1030.4415453460722 601 605 -1
604 -45.22999300937125 -125.10823736554606 985.5669913340731 602 606 -1
605 -70.00314191476464 -103.27453935362753 1030.5943091177492 603 607 -1
606 -45.22114917501733 -125.14390299784301 985.3823302709412 604 608 -1
607 -70.15453715928373 -103.20131724254513 1030.747149966362 605 609 -1
608 -45.2113071175205 -125.1796345377809 985.197732584489 606 610 -1
609 -70.30596905020226 -103.128309743195 1030.9000571619383 607 611 -1
610 -45.20023125906504 -125.21544037970465 985.0132193632222 608 612 -1
611 -70.45744423091169 -103.05550928437242 1031.053020184162 609 613 -1
612 -45.18766830600701 -125.2513291143526 984.8288177009333 610 614 -1
613 -70.60896913371379 -102.98290701624704 1031.2060281517433 611 615 -1
614 -45.17340123732388 -125.2873075874883 984.6445577063137 612 616 -1
615 -70.76055063651727 -102.91049553902167 1031.3590704657802 613 617 -1
616 -45.157364697700146 -125.32338368874602 984.4604623592572 614 618 -1
617 -70.91219521924727 -102.83826586467391 1031.5121361993688 615 619 -1
618 -45.13954024788553 -125.35956746477464 984.2765526709495 616 620 -1
619 -71.06390991547966 -102.76621039717608 1031.665214561205 617 621 -1
620 -45.11994938598333 -125.39586645579332 984.0928454942472 618 622 -1
621 -71.21570132097551 -102.69432024374153 1031.818294604041 619 623 -1
622 -45.09857708455701 -125.4322904224322 983.9093617946523 620 624 -1
623 -71.36757663855695 -102.6225876331402 1031.9713653231506 621 625 -1
624 -45.075435149222024 -125.46884719987574 983.7261193467222 622 626 -1
625 -71.51954252151964 -102.55100360712103 1032.1244157144256 623 627 -1
626 -45.05052421909482 -125.50554525641122 983.5431372561393 624 628 -1
627 -71.67160642427208 -102.47956034646464 1032.277434519302 625 629 -1
628 -45.023842798387946 -125.54239318821863 983.3604351080303 626 630 -1
629 -71.82377506462271 -102.4082488213168 1032.430410647838 627 631 -1
630 -44.99540553981309 -125.57939803646732 983.1780297578272 628 632 -1
631 -71.97605595552393 -102.337060901061 1032.5833326372542 629 633 -1
632 -44.96520205557331 -125.61656900670917 982.9959423752339 630 634 -1
633 -72.12845614506173 -102.26598777462044 1032.7361891627083 631 635 -1
634 -44.93325632335357 -125.6539119056951 982.8141877940196 632 636 -1
635 -72.28098299591456 -102.19502086202708 1032.8889686816226 633 637 -1
636 -44.8995539786885 -125.69143621785696 982.6327881604008 634 638 -1
637 -72.43364408424631 -102.12415159471774 1033.0416594251644 635 639 -1
638 -44.864123122603885 -125.72914689743165 982.4517569213406 636 640 -1
639 -72.58644657249737 -102.0533710203215 1033.1942498368178 637 641 -1
640 -44.82695080556121 -125.76705318760717 982.2711161663092 638 642 -1
641 -72.73939830894142 -101.9826705124317 1033.346727796137 639 643 -1
642 -44.78806357053577 -125.80515977144418 982.0908790404822 640 644 -1
643 -72.89250679609033 -101.91204112116611 1033.4990813436768 641 645 -1
644 -44.74745571444793 -125.84347493233103 981.911066078224 642 646 -1
645 -73.04577956082248 -101.84147385353441 1033.6512984358126 643 647 -1
646 -44.70514610112328 -125.88200387105712 981.7316916983474 644 648 -1
647 -73.19922463691846 -101.77095979535787 1033.8033665080775 645 649 -1
648 -44.66114250285089 -125.92075298749691 981.5527728807389 646 650 -1
649 -73.35284982214431 -101.70048983417752 1033.955273087477 647 651 -1
650 -44.615458797769364 -125.9597290592493 981.3743250426361 648 652 -1
651 -73.50666284604975 -101.6300547780714 1034.107005673906 649 653 -1
652 -44.568228715626326 -125.99893678174831 981.1963309621345 650 654 -1
653 -73.66067171550985 -101.55964541394152 1034.258551410377 651 655 -1
654 -44.51961879807841 -126.03838674166867 981.0187622659616 652 656 -1
655 -73.81488483193954 -101.48925245389326 1034.4098969286485 653 657 -1
656 -44.46982211480295 -126.07808531699804 980.8415781438035 654 658 -1
657 -73.96931012878959 -101.41886647289036 1034.561029190397 655 659 -1
658 -44.419012625398615 -126.11804196985948 980.664739809255 656 660 -1
659 -74.12395575960363 -101.34847799304156 1034.7119348200756 657 661 -1
660 -44.367354252966955 -126.15826945848956 980.4882090093994 658 662 -1
661 -74.27883004721762 -101.2780774510854 1034.8626001317307 659 663 -1
662 -44.315024089932805 -126.19877581935908 980.3119399838764 660 664 -1
663 -74.43394139447037 -101.20765518863175 1035.0130112064815 661 665 -1
664 -44.262185320779466 -126.2395729504531 980.1358898326382 662 666 -1
665 -74.58929828390933 -101.1372014496001 1035.1631538823892 663 667 -1
666 -44.20899885129766 -126.2806753768226 979.9600154522936 664 668 -1
667 -74.74490945131056 -101.06670634368002 1035.3130135470847 665 669 -1
668 -44.155629782451975 -126.32209257071843 979.7842702642978 666 670 -1
669 -74.90078336376983 -100.99615993490137 1035.462575710849 667 671 -1
670 -44.10223731275036 -126.36383728369877 979.6086096918376 668 672 -1
671 -75.05692869453112 -100.92555217135137 1035.6118254721848 669 673 -1
672 -44.04898338959795 -126.40592647918798 979.4329892813907 670 674 -1
673 -75.21335423315917 -100.85487288719754 1035.7607475997725 671 675 -1
674 -43.996026972301905 -126.44836980235996 979.2573641646728 672 676 -1
675 -75.37006884482417 -100.7841118067317 1035.9093265650283 673 677 -1
676 -43.9435274606686 -126.4911807322669 979.0816911386341 674 678 -1
677 -75.5270814689003 -100.71325854204306 1036.0575465303828 675 679 -1
678 -43.89165262262304 -126.5343765604239 978.9059268388619 676 680 -1
679 -75.68440111732421 -100.64230259075946 1036.2053913372752 677 681 -1
680 -43.84056198348691 -126.57796821986366 978.7300306906706 678 682 -1
681 -75.84203687269438 -100.57123333386562 1036.3528444938647 679 683 -1
682 -43.79041854171594 -126.62196850388744 978.5539638731065 680 684 -1
683 -76.0 -100.5 1036.5 681 -1 -1
684 -43.74140045827863 -126.66639466293645 978.3776873205288 682 685 -1
685 -43.693673046863296 -126.71125738578496 978.2011674519771 684 686 -1
686 -43.647406091529916 -126.75656806526247 978.0243734931911 685 687 -1
687 -43.60279619780449 -126.80234393341333 977.8472739003175 686 688 -1
688 -43.55999659424413 -126.84859128302686 977.6698504907197 687 689 -1
689 -43.519019301628376 -126.89531113331043 977.4921208001551 688 690 -1
690 -43.479782055155795 -126.94250178319197 977.3141229386424 689 691 -1
691 -43.442165503004006 -126.99015299347299 977.1358979595908 690 692 -1
692 -43.4060808868673 -127.03826430170298 976.9574798585028 691 693 -1
693 -43.371413369473025 -127.08682868541895 976.7789035289655 692 694 -1
694 -43.33805437687524 -127.1358418550007 976.6002005464217 693 695 -1
695 -43.30590059772917 -127.18530264464302 976.4213999367093 694 696 -1
696 -43.27482833609808 -127.23520294430877 976.2425301776794 695 697 -1
697 -43.24473800038092 -127.28554557968454 976.063616436666 696 698 -1
698 -43.21550245388474 -127.33632179980036 975.8846834609067 697 699 -1
699 -43.187013345947406 -127.38753265506118 975.7057539052188 698 700 -1
700 -43.159150936114266 -127.43917368677519 975.5268492677326 699 701 -1
701 -43.13179854803585 -127.49124255809585 975.3479899112051 700 702 -1
702 -43.104840199290585 -127.5437386400346 975.1691955970323 701 703 -1
703 -43.078155707097515 -127.5966562400266 974.990484463811 702 704 -1
704 -43.051629449794426 -127.64999821333016 974.8118759580775 703 705 -1
705 -43.02514203220291 -127.70375655773925 974.6333865624593 704 706 -1
706 -42.998575507234094 -127.75793382255164 974.4550356469157 705 707 -1
707 -42.971813245528146 -127.81252358444793 974.2768398552923 706 708 -1
708 -42.94473720689643 -127.86752487648138 974.0988181143314 707 709 -1
709 -42.91723048246934 -127.92293442110568 973.920989130513 708 710 -1
710 -42.88917972364113 -127.97874673881566 973.74337124139 709 711 -1
711 -42.86046557164177 -128.03496171152892 973.5659865293735 710 712 -1
712 -42.83103947832949 -128.0915728349755 973.3888446460824 711 713 -1
713 -42.800904151233695 -128.14858582971678 973.2119510530624 712 714 -1
714 -42.77007978754185 -128.20599901728204 973.0353057930664 713 715 -1
715 -42.73857968902702 -128.26381459179393 972.8589111539176 714 716 -1
716 -42.70641524567332 -128.3220359782848 972.6827700581974 715 717 -1
717 -42.67360670490882 -128.38066108587282 972.5068818404302 716 718 -1
718 -42.64016114270451 -128.4396960964169 972.3312508860827 717 719 -1
719 -42.60609817604093 -128.49913914338416 972.1558764042001 718 720 -1
720 -42.57143120869334 -128.55899228000933 971.9807599397924 719 721 -1
721 -42.536170134902484 -128.61926007316248 971.8059045035934 720 722 -1
722 -42.5003346108141 -128.67994018353394 971.631308644593 721 723 -1
723 -42.46393398877152 -128.7410375833395 971.4569754045068 722 724 -1
724 -42.42698322547725 -128.80255318943742 971.2829051661457 723 725 -1
725 -42.38949864968584 -128.86448667254797 971.1090974308081 724 726 -1
726 -42.351488040413024 -128.92684449273244 970.9355558633537 725 727 -1
727 -42.31296945359242 -128.9896248240763 970.76227883658 726 728 -1
728 -42.273956643332156 -129.05282912865118 970.5892667027143 727 729 -1
729 -42.234457415123906 -129.116464186575 970.4165230393727 728 730 -1
730 -42.19449049507124 -129.18052705336342 970.2440452821663 729 731 -1
731 -42.15406792868329 -129.2450205864537 970.071834409381 730 732 -1
732 -42.113198959677966 -129.30995052735133 969.8998930960566 731 733 -1
733 -42.07190091024872 -129.3753146287898 969.7282190148596 732 734 -1
734 -42.030185602662115 -129.44111592333073 969.5568130364004 733 735 -1
735 -41.98806261664522 -129.5073600341546 969.3856775371842 734 736 -1
736 -41.945548468045665 -129.57404494691127 969.2148101719863 735 737 -1
737 -41.90265515785438 -129.64117341119294 969.0442114555417 736 738 -1
738 -41.859391792361286 -129.7087518473603 968.8738840486802 737 739 -1
739 -41.8157745334789 -129.77677801133748 968.7038253398499 738 740 -1
740 -41.77181557362284 -129.84525426923992 968.5340354624674 739 741 -1
741 -41.727523780519235 -129.91418768527177 968.3645172855323 740 742 -1
742 -41.682914507233804 -129.9835763865568 968.1952683235077 741 743 -1
743 -41.63800002020593 -130.05342247621968 968.0262884311593 742 744 -1
744 -41.59279023090733 -130.12373179223044 967.8575796074023 743 745 -1
745 -41.54729830723139 -130.19450514299 967.6891408665136 744 746 -1
746 -41.501537130113 -130.26574344487156 967.5209712762032 745 747 -1
747 -41.455517654038715 -130.33745087738006 967.353071766984 746 748 -1
748 -41.40925088330333 -130.40963179236317 967.1854433247775 747 749 -1
749 -41.36275035007429 -130.48228548063307 967.0180840265322 748 750 -1
750 -41.316027709597385 -130.5554145975164 966.8509938675389 749 751 -1
751 -41.269092757131844 -130.62902621220087 966.6841752988951 750 752 -1
752 -41.22195887946462 -130.70311922603466 966.5176261580588 751 753 -1
753 -41.17463785586367 -130.7776958192419 966.3513461343325 752 754 -1
754 -41.127140580515594 -130.85276055795447 966.1853362293749 753 755 -1
755 -41.07947823330196 -130.92831756829818 966.0195971777256 754 756 -1
756 -41.03166338881994 -131.00436654348306 965.854127277877 755 757 -1
757 -40.983708767565915 -131.08091046274353 965.6889262563051 756 758 -1
758 -40.935628646723394 -131.15795641071284 965.5239953040054 757 759 -1
759 -40.88743922582745 -131.23550512100593 965.3593320978457 758 760 -1
760 -40.8391561210649 -131.31355882354623 965.194935153152 759 761 -1
761 -40.790794573438774 -131.3921214406181 965.0308038912011 760 762 -1
762 -40.742369531368915 -131.47120043488988 964.866939547925 761 763 -1
763 -40.693896939917586 -131.55079481569678 964.7033390097239 762 764 -1
764 -40.64539204853078 -131.63090809438975 964.5400015309781 763 765 -1
765 -40.5968700899056 -131.7115457748974 964.3769273809403 764 766 -1
766 -40.54834648879725 -131.7927126245591 964.2141164590196 765 767 -1
767 -40.49983657527676 -131.8744091324444 964.0515665854282 766 768 -1
768 -40.45135558373152 -131.95663891817924 963.8892771872266 767 769 -1
769 -40.402919118716184 -132.0394089538321 963.7272493407703 768 770 -1
770 -40.354542500855025 -132.1227215000538 963.5654818715035 769 771 -1
771 -40.30624083989007 -132.20657837991538 963.403973469454 770 772 -1
772 -40.258029417349285 -132.29098329554776 963.2427237860834 771 773 -1
773 -40.209924559585964 -132.37594468832737 963.0817347326126 772 774 -1
774 -40.161940971315445 -132.46146225848278 962.9210041836841 773 775 -1
775 -40.11409388989552 -132.54753913076397 962.7605317030217 774 776 -1
776 -40.06639892272394 -132.63417980343687 962.6003175565024 775 777 -1
777 -40.018872834592926 -132.72139207457752 962.4403635678148 776 778 -1
778 -39.971529813175565 -132.80917500763528 962.2806676679002 777 779 -1
779 -39.924385362098256 -132.89753237153312 962.1212300246863 778 780 -1
780 -39.87745509079451 -132.98647018543596 961.9620521363802 779 781 -1
781 -39.83070895186526 -133.0759874055992 961.8031450796556 780 782 -1
782 -39.784047614328706 -133.16607005875727 961.6445329032747 781 783 -1
783 -39.737367397284764 -133.25670650692484 961.4862420969658 782 784 -1
784 -39.69056321738892 -133.34788842192964 961.3283015618758 783 785 -1
785 -39.64353116478209 -133.43960100920535 961.1707364421261 784 786 -1
786 -39.59616891831949 -133.5318298722238 961.0135721108497 785 787 -1
787 -39.54837452266093 -133.62456156739353 960.856835085849 786 788 -1
788 -39.500041744766875 -133.71778592571096 960.7005561104862 787 789 -1
789 -39.45107372035314 -133.8114843754804 960.5447592086888 788 790 -1
790 -39.40137242301535 -133.90564088947738 960.3894715429246 789 791 -1
791 -39.35084085611375 -134.00023906415367 960.2347212213866 790 792 -1
792 -39.29937755373791 -134.09526408513076 960.0805405661071 791 793 -1
793 -39.24689241280749 -134.19069568103708 959.926956717592 792 794 -1
794 -39.193296440322946 -134.2865137014794 959.7739984418919 793 795 -1
795 -39.13850115924318 -134.38269784011464 959.6216963555866 794 796 -1
796 -39.08242077325084 -134.47922672244513 959.4700817499454 795 797 -1
797 -39.02496610736099 -134.57607918804314 959.319189848063 796 798 -1
798 -38.96606108600991 -134.67323052949942 959.1690512755358 797 799 -1
799 -38.90563214118469 -134.770655508579 959.0196977978774 798 800 -1
800 -38.843606871963054 -134.86832840162387 958.8711629866507 799 801 -1
801 -38.77991677799584 -134.966222443135 958.7234808177973 800 802 -1
802 -38.71449748979703 -135.06430987080657 958.5766855638237 801 803 -1
803 -38.647288989381025 -135.16256198541433 958.4308116680772 802 804 -1
804 -38.57823996722684 -135.26095015760407 958.2858922342027 803 805 -1
805 -38.507391912456185 -135.35946542866833 958.1419305088444 804 806 -1
806 -38.4348736037143 -135.45812008019487 957.9988987612155 805 807 -1
807 -38.36081284517322 -135.55692883633438 957.8567664408763 806 808 -1
808 -38.28533234410316 -135.65590773234265 957.7155019134166 807 809 -1
809 -38.208550018378105 -135.7550739662342 957.5750727302866 808 810 -1
810 -38.13057931549348 -135.8544457698511 957.4354458602457 809 811 -1
811 -38.05152953841762 -135.95404229772657 957.2965878864514 810 812 -1
812 -37.971506174595184 -136.0538835321076 957.1584651730392 811 813 -1
813 -37.89061122527977 -136.15399020252192 957.0210440048257 812 814 -1
814 -37.80894353309673 -136.25438371832286 956.8842907035335 813 815 -1
815 -37.726597416296435 -136.35508707824874 956.7481734695635 814 816 -1
816 -37.643666655977356 -136.45612349633404 956.6126592951208 815 817 -1
817 -37.56024505864035 -136.55751506244587 956.4777128081089 816 818 -1
818 -37.47642213594089 -136.65928545944362 956.343301209593 817 819 -1
819 -37.392285800433996 -136.76145885084304 956.2093920770687 818 820 -1
820 -37.30792266685084 -136.8640598616 956.0759533976427 819 821 -1
821 -37.22341801751423 -136.96711657533515 955.942956149802 820 822 -1
822 -37.138858279119525 -137.07065297139906 955.8103671066008 821 823 -1
823 -37.054328265940384 -137.17469400728874 955.6781546759016 822 824 -1
824 -36.969912348250695 -137.2792660031318 955.5462887002438 823 825 -1
825 -36.885695036525874 -137.38439567197872 955.4147395449917 824 826 -1
826 -36.80176343809659 -137.49011368496915 955.2834796228406 825 827 -1
827 -36.71820326070793 -137.5964459043015 955.1524791452557 826 828 -1
828 -36.635100322738396 -137.70341850005948 955.0217094106926 827 829 -1
829 -36.55254246586455 -137.81105953653628 954.8911431261436 828 830 -1
830 -36.47061906975672 -137.9193973556395 954.7607536648469 829 831 -1
831 -36.38942322202207 -138.02846227229952 954.6305154002005 830 832 -1
832 -36.30905107054067 -138.1382851014421 954.5004032466543 831 833 -1
833 -36.2295862702725 -138.2488884999282 954.3703950761704 832 834 -1
834 -36.15103848227907 -138.36027489792406 954.2404981554429 833 835 -1
835 -36.07337004490057 -138.47243249007093 954.110736101471 834 836 -1
836 -35.99654119722183 -138.58534900796414 953.9811324755171 835 837 -1
837 -35.92051092574444 -138.69901197021574 953.8517104874377 836 838 -1
838 -35.84523752808247 -138.8134091831069 953.7224931293092 837 839 -1
839 -35.77067980708011 -138.92853004532782 953.5935037070542 838 840 -1
840 -35.69679040227712 -139.04435850742252 953.4647634140014 839 841 -1
841 -35.6235241911011 -139.16088140852705 953.3362938888107 840 842 -1
842 -35.55083522917505 -139.27808543215065 953.2081163604918 841 843 -1
843 -35.47867683893564 -139.3959571115238 953.0802516448603 842 844 -1
844 -35.407001698219496 -139.51448283292027 952.952720143432 843 845 -1
845 -35.33576192861225 -139.63364883707052 952.825541844497 844 846 -1
846 -35.26490918338446 -139.7534412188031 952.6987363261053 845 847 -1
847 -35.19439473486551 -139.87384592506655 952.5723227606971 846 848 -1
848 -35.12416956113234 -139.9948487514996 952.4463199211084 847 849 -1
849 -35.05418495845419 -140.11643691618767 952.3207474289841 848 850 -1
850 -34.98439092206134 -140.23859485083452 952.1956226555284 849 851 -1
851 -34.91473780244351 -140.3613072740245 952.0709627932707 850 852 -1
852 -34.84517623643671 -140.48455932719594 951.9467851111925 851 853 -1
853 -34.77565698232628 -140.6083359660391 951.8231065220375 852 854 -1
854 -34.70613100101126 -140.73262195238388 951.6999435910587 853 855 -1
855 -34.636549536103516 -140.85740184604666 951.5773125444033 854 856 -1
856 -34.56686419293465 -140.9826599968572 951.4552292769241 855 857 -1
857 -34.497027016439425 -141.10838053709003 951.3337093592262 856 858 -1
858 -34.42699008201321 -141.23454822012465 951.2127692122274 857 859 -1
859 -34.356705704471146 -141.36114740357633 951.09242501683 858 860 -1
860 -34.28612835315571 -141.48815994936726 950.9726894001611 859 861 -1
861 -34.21521253437668 -141.615569047338 950.8535767182909 860 862 -1
862 -34.14391356200102 -141.74335764269162 950.7351010231232 861 863 -1
863 -34.072187627781844 -141.8715084352025 950.6172760616828 862 864 -1
864 -34.0 -142.0 950.5 863 865 866
865 -33.837946949289886 -142.04959201237492 950.6033786918936 864 867 -1
866 -34.102572850300334 -142.1087325549421 950.4003361790152 864 868 -1
867 -33.67709841371074 -142.10716480528995 950.7044688984577 865 869 -1
868 -34.20549353343068 -142.21641170956048 950.2997346316625 866 870 -1
869 -33.51779129525377 -142.17288249494453 950.8029980670069 867 871 -1
870 -34.308721489908 -142.3230302825337 950.1983216015734 868 872 -1
871 -33.360374467885414 -142.246829131672 950.8986920367545 869 873 -1
872 -34.41224686796435 -142.42857887520788 950.0960957213362 870 874 -1
873 -33.2052033493054 -142.32901461178344 950.9912836792706 871 875 -1
874 -34.51606251353944 -142.53303656412288 949.9930469776656 872 876 -1
875 -33.05265029343095 -142.41942570368587 951.0804958629658 873 877 -1
876 -34.620156164502404 -142.63640027269358 949.8891788506163 874 878 -1
877 -32.90299966437294 -142.51776283424402 951.1661649894347 875 879 -1
878 -34.72451560416499 -142.73866682030697 949.7844945982096 876 880 -1
879 -32.75651890730741 -142.62372786525643 951.2481378163067 877 881 -1
880 -34.82913214101539 -142.8398169910215 949.6789855620134 878 882 -1
881 -32.61342541635042 -142.73695018482817 951.3263087396676 879 883 -1
882 -34.93399374226985 -142.93984419324522 949.5726524416052 880 884 -1
883 -32.47396919647524 -142.85715745579927 951.4005274383554 881 885 -1
884 -35.03908640695457 -143.03875095513666 949.46550246375 882 886 -1
885 -32.33818163027752 -142.98372994632658 951.4708654337911 883 887 -1
886 -35.14440216314128 -143.1365081597674 949.3575198135273 884 888 -1
887 -32.20608453711003 -143.11614213799814 951.5373825216827 885 889 -1
888 -35.249924465341486 -143.23312958700808 949.2487196712885 886 890 -1
889 -32.077738928740736 -143.25399699703397 951.600082495438 887 891 -1
890 -35.35564295717065 -143.3285944792815 949.1390922090958 888 892 -1
891 -31.953007239379676 -143.3966882144769 951.6591539784786 889 893 -1
892 -35.461543152983545 -143.42290431690276 949.0286434463386 890 894 -1
893 -31.831736961349506 -143.5436849842272 951.7147817889452 891 895 -1
894 -35.56761237187496 -143.5160477221468 948.9173701351127 892 896 -1
895 -31.713834136533734 -143.69459459908248 951.7670772360523 893 897 -1
896 -35.673836137136774 -143.60802425413445 948.8052766223403 894 898 -1
897 -31.599040566324824 -143.84889800957467 951.8162996523349 895 899 -1
898 -35.78020118203577 -143.6988218580722 948.6923589773907 896 900 -1
899 -31.48710844314436 -144.00615601461257 951.8626850148858 897 901 -1
900 -35.886691804792925 -143.78844815914255 948.5786268269879 898 902 -1
901 -31.377831767224436 -144.16602212991384 951.9064159207311 899 903 -1
902 -35.993295093073954 -143.8768807897697 948.4640688254027 900 904 -1
903 -31.270927821898468 -144.3281179663921 951.9477407783753 901 905 -1
904 -36.099994284829414 -143.96413615772553 948.3487002623206 902 906 -1
905 -31.166096580690315 -144.49209087803126 951.9869177623791 903 907 -1
906 -36.20677517161511 -144.05019882630003 948.2325142572956 904 908 -1
907 -31.06306278315649 -144.65764443448725 952.0241727920899 905 909 -1
908 -36.313621929352664 -144.13506941069812 948.1155147899964 906 910 -1
909 -30.96156985506569 -144.82452456696944 952.0597017514846 907 911 -1
910 -36.42051849955918 -144.2187540749548 947.997709337951 908 912 -1
911 -30.861289442528285 -144.9924383952948 952.0937753394537 909 913 -1
912 -36.52744924830813 -144.30124166658567 947.8790933883773 910 914 -1
913 -30.761933278293704 -145.16114573514662 952.1266166509761 911 915 -1
914 -36.63439770262433 -144.38253477389503 947.759671519471 912 916 -1
915 -30.663212810041944 -145.33042011778338 952.1584432224312 913 917 -1
916 -36.74134736858226 -144.46264011819562 947.6394507872752 914 918 -1
917 -30.564833544651663 -145.50004171132022 952.1894686522438 915 919 -1
918 -36.84828169264082 -144.5415582103675 947.5184337712498 916 920 -1
919 -30.466490044506813 -145.6697861942927 952.2199306638286 917 921 -1
920 -36.95518347908312 -144.61928096412976 947.3966170295305 918 922 -1
921 -30.367886767286713 -145.83944155785082 952.2500473679615 919 923 -1
922 -37.06203576117796 -144.69581905966032 947.2740093710859 920 924 -1
923 -30.268719463105054 -146.0087901093201 952.2800380850483 921 925 -1
924 -37.168821412227096 -144.7711775789203 947.1506155169883 922 926 -1
925 -30.16866922234383 -146.17760018724252 952.3101305493964 923 927 -1
926 -37.275523055769426 -144.84536030479325 947.0264389862216 924 928 -1
927 -30.067442288899205 -146.34564819815145 952.3405492448418 925 929 -1
928 -37.38212314088742 -144.91837185797402 946.9014835095028 926 930 -1
929 -29.964731984805947 -146.51269197839608 952.3715195843507 927 931 -1
930 -37.48860389597363 -144.99021716359889 946.7757526596233 928 932 -1
931 -29.860183199877735 -146.6784388298674 952.403292530284 929 933 -1
932 -37.594946876139296 -145.06089830853594 946.6492477452516 930 934 -1
933 -29.753501558006988 -146.8426173221035 952.4360970172639 931 935 -1
934 -37.701134740662596 -145.13042819261972 946.5219768740817 932 936 -1
935 -29.6443876878988 -147.00492861235278 952.4701650359892 933 937 -1
936 -37.80714944782901 -145.1988147558908 946.3939444579073 934 938 -1
937 -29.53246091374828 -147.164975869368 952.5057783308773 935 939 -1
938 -37.912972861606775 -145.26606677404084 946.2651550539554 936 940 -1
939 -29.41744781196879 -147.32240714642086 952.543166744172 937 941 -1
940 -38.01858676640856 -145.33219385462348 946.1356133517133 938 942 -1
941 -29.299066514390788 -147.4768202763979 952.5825694712614 939 943 -1
942 -38.12397288121669 -145.39720643213238 946.0053241599682 940 944 -1
943 -29.176943827811264 -147.6276671117506 952.6242932574163 941 945 -1
944 -38.22911287303093 -145.46111576200906 945.8742923941167 942 946 -1
945 -29.051154488627393 -147.77477625258695 952.6684006352237 943 947 -1
946 -38.333988369600654 -145.52393391364532 945.7425230638073 944 948 -1
947 -28.921773151932193 -147.91795300846687 952.7149885540255 945 949 -1
948 -38.43858097140936 -145.5856737624477 945.6100212609655 946 950 -1
949 -28.78905784523173 -148.05720445560235 952.7640322902316 947 951 -1
950 -38.542872262884494 -145.64634898103276 945.4767921482585 948 952 -1
951 -28.65317586347205 -148.1924425191847 952.815572594877 949 953 -1
952 -38.64684382281034 -145.70597402962406 945.3428409480491 950 954 -1
953 -28.514343295376218 -148.3236482384339 952.8696130275058 951 955 -1
954 -38.75047723392597 -145.76456414572104 945.2081729318859 952 956 -1
955 -28.37278342379184 -148.45082699676573 952.9261482120446 953 957 -1
956 -38.85375409169533 -145.82213533311008 945.0727934105739 954 958 -1
957 -28.228685059013422 -148.57394582799455 952.9852027558344 955 959 -1
958 -38.95665601224226 -145.8787043502889 944.9367077248696 956 960 -1
959 -28.082301165312604 -148.69309292380086 953.0467320987267 957 961 -1
960 -39.059162798253155 -145.93428437045642 944.7999181233596 958 962 -1
961 -27.933796436654923 -148.80821923442375 953.1107833871043 959 963 -1
962 -39.161257539362154 -145.98889752199548 944.6624327080899 960 964 -1
963 -27.78343835594931 -148.91949450210438 953.1772719348111 961 965 -1
964 -39.26292197912996 -146.04256291944915 944.5242569601418 962 966 -1
965 -27.631366086715893 -149.02683967351237 953.2462764716701 963 967 -1
966 -39.36413786041883 -146.09530026652766 944.385396277864 964 968 -1
967 -27.477837972097984 -149.13047225312974 953.3176908954431 965 969 -1
968 -39.464886974886475 -146.14712995709053 944.2458560527848 966 970 -1
969 -27.323009429632727 -149.23038290235024 953.391560385857 967 971 -1
970 -39.565151165914195 -146.19807306137037 944.1056416648072 968 972 -1
971 -27.167082683725507 -149.3267155951626 953.4678339545832 969 973 -1
972 -39.66490952863137 -146.2481467762097 943.9647549076976 970 974 -1
973 -27.01023588670994 -149.4195809970094 953.5464854207131 971 975 -1
974 -39.76414519148377 -146.29737605982288 943.8232029906 972 976 -1
975 -26.85262301843013 -149.50901798301823 953.6275425939788 973 977 -1
976 -39.86284128055977 -146.34578592136478 943.6809927546375 974 978 -1
977 -26.694423234406067 -149.59522318465676 953.7109247817671 975 979 -1
978 -39.96097984695776 -146.3934000463188 943.5381295147957 976 980 -1
979 -26.535774877360915 -149.6782636628134 953.7966349024829 977 981 -1
980 -40.05854070057022 -146.44023983338465 943.394616074485 978 982 -1
981 -26.376776154802744 -149.75827079111014 953.8845532767954 979 983 -1
982 -40.15550454545951 -146.48632895477672 943.250456444065 980 984 -1
983 -26.21749924464523 -149.83543778084882 953.9744844398612 981 985 -1
984 -40.251856784884154 -146.53169720149106 943.1056594802636 982 986 -1
985 -26.05799856043548 -149.90988252786227 954.0662950378832 983 987 -1
986 -40.34757967179485 -146.57637064613047 942.9602304229102 984 988 -1
987 -25.89832125666799 -149.98171903424958 954.159860244425 985 989 -1
988 -40.442649045487315 -146.6203694562398 942.8141683840299 986 990 -1
989 -25.738511302254906 -150.0511321982156 954.2550149138119 987 991 -1
990 -40.53705537986818 -146.66370356042734 942.6674789479807 988 992 -1
991 -25.578601967528915 -150.11825185194152 954.3516374186853 989 993 -1
992 -40.63079113074938 -146.70632941441755 942.520153351898 990 994 -1
993 -25.418619945590482 -150.18317317561113 954.4496324449525 991 995 -1
994 -40.72384139438235 -146.7481872095041 942.3721744675121 992 996 -1
995 -25.258588497987127 -150.2460386761888 954.5488793857953 993 997 -1
996 -40.8162022289468 -146.78922890897124 942.2235365907594 994 998 -1
997 -25.098525560082884 -150.3069872794634 954.6492649401304 995 999 -1
998 -40.907865239076 -146.8294016492218 942.0742308619201 996 1000 -1
999 -24.93844432965008 -150.3661360376723 954.7506929579561 997 1001 -1
1000 -40.99881175263643 -146.868638699154 941.924239759332 998 1002 -1
1001 -24.778354275195216 -150.42357992266219 954.8530827012888 999 1003 -1
1002 -41.08903952830407 -146.90689463890814 941.7735627500749 1000 1004 -1
1003 -24.618261677482053 -150.4794373219702 954.9563426996165 1001 1005 -1
1004 -41.17853087723604 -146.9441031663881 941.6221859329818 1002 1006 -1
1005 -24.458169619652903 -150.53383515116371 955.0603799631517 1003 1007 -1
1006 -41.267274380415685 -146.98020635357707 941.4701028898787 1004 1008 -1
1007 -24.29807839394383 -150.58688094783304 955.1651145465961 1005 1009 -1
1008 -41.3552580218523 -147.01514563301305 941.3173082132956 1006 1010 -1
1009 -24.13798577421221 -150.63867055371833 955.2704740444449 1007 1011 -1
1010 -41.44246209409356 -147.04885039137702 941.1637910780621 1008 1012 -1
1011 -23.977887084573364 -150.68930493217312 955.3763845185194 1009 1013 -1
1012 -41.528877871558876 -147.0812676394121 941.0095526563509 1010 1014 -1
1013 -23.81777567953386 -150.73890653089958 955.4827635425603 1011 1015 -1
1014 -41.61448021427016 -147.11231766081633 940.8545811334955 1012 1016 -1
1015 -23.65764295367189 -150.78757936478252 955.5895388730451 1013 1017 -1
1016 -41.69926044897378 -147.14194868605682 940.6988816447001 1014 1018 -1
1017 -23.497477870696006 -150.83541529035708 955.6966434893029 1015 1019 -1
1018 -41.78319120518734 -147.1700771270063 940.5424450220279 1016 1020 -1
1019 -23.337280792020337 -150.88251862369995 955.8040246329768 1017 1021 -1
1020 -41.866260286208096 -147.19664657736521 940.3852777140046 1018 1022 -1
1021 -23.177078876837506 -150.92897531849206 955.9116799559846 1019 1023 -1
1022 -41.94844169490504 -147.22157650299746 940.2273768984576 1020 1024 -1
1023 -23.016903567405485 -150.9748560694002 956.0196215273928 1021 1025 -1
1024 -42.02971576311604 -147.24479852405307 940.0687478222409 1022 1026 -1
1025 -22.85678713875569 -151.02024246559168 956.127859073648 1023 1027 -1
1026 -42.110061923528676 -147.26624378069292 939.9093975738865 1024 1028 -1
1027 -22.696760107488625 -151.0652266992875 956.2363963270601 1025 1029 -1
1028 -42.189448693910755 -147.28582317695498 939.7493280172652 1026 1030 -1
1029 -22.536856973269927 -151.10988846289126 956.3452489159924 1027 1031 -1
1030 -42.26786035101835 -147.3034795315091 939.5885557978497 1028 1032 -1
1031 -22.37710914639955 -151.15432151783816 956.4544226716937 1029 1033 -1
1032 -42.34526426059528 -147.31912377468242 939.42708841611 1030 1034 -1
1033 -22.21754768211787 -151.1986181644593 956.5639239093015 1031 1035 -1
1034 -42.42163414076078 -147.3326806815986 939.2649414757084 1032 1036 -1
1035 -22.058211768699667 -151.24287092848508 956.6737707719767 1033 1037 -1
1036 -42.496946753447865 -147.34408383418344 939.1021356681057 1034 1038 -1
1037 -21.899127689969454 -151.28717582640954 956.7839610725331 1035 1039 -1
1038 -42.57116590611968 -147.353283406645 938.9386894973978 1036 1040 -1
1039 -21.740336377015964 -151.33163223405407 956.8945120191722 1037 1041 -1
1040 -42.644261766401414 -147.36030635645108 938.7746302665986 1038 1042 -1
1041 -21.581867884666284 -151.37633600727455 957.0054258031564 1039 1043 -1
1042 -42.716208485347316 -147.3651921606901 938.6099865248326 1040 1044 -1
1043 -21.42375880653048 -151.42138726547392 957.1167112563377 1041 1045 -1
1044 -42.78697470171427 -147.36796984653407 938.4447829503804 1042 1046 -1
1045 -21.26604721889917 -151.46688854213667 957.2283769475945 1043 1047 -1
1046 -42.85652512060731 -147.36866282561382 938.2790420155146 1044 1048 -1
1047 -21.108763274871002 -151.51293222335235 957.3404227673968 1045 1049 -1
1048 -42.92484038850235 -147.36732166078625 938.1127921620471 1046 1050 -1
1049 -20.951954377706933 -151.55963229106084 957.4528620128517 1047 1051 -1
1050 -42.99189373198736 -147.36398359998836 937.9460573069008 1048 1052 -1
1051 -20.79564313091527 -151.60706658060695 957.565686121396 1049 1053 -1
1052 -43.057656372400444 -147.35868311069737 937.7788597820817 1050 1054 -1
1053 -20.639887502916316 -151.655363789503 957.6789117442454 1051 1055 -1
1054 -43.122099683657574 -147.3514556717787 937.6112213065841 1052 1056 -1
1055 -20.484704957830935 -151.70458751711462 957.7925245019695 1053 1057 -1
1056 -43.18520632641905 -147.34235278129222 937.443166203647 1054 1058 -1
1057 -20.33015126501405 -151.75484871491025 957.9065394741524 1055 1059 -1
1058 -43.24695324235799 -147.3314170327413 937.2747157073247 1056 1060 -1
1059 -20.176199198222363 -151.80593225650205 958.0210022754474 1057 1061 -1
1060 -43.307318265386705 -147.31869209783486 937.1058903184121 1058 1062 -1
1061 -20.022801420134986 -151.85740589634935 958.1360331937442 1059 1063 -1
1062 -43.36627134890641 -147.30421219834884 936.9367077266137 1060 1064 -1
1063 -19.869889952525032 -151.90881153421134 958.2517399602249 1061 1065 -1
1064 -43.423800263263104 -147.28803355123281 936.7671891467143 1062 1066 -1
1065 -19.717407272593093 -151.95969255673347 958.3682414968567 1063 1067 -1
1066 -43.47988582843984 -147.27020298746407 936.5973528782945 1064 1068 -1
1067 -19.565297657993366 -152.00958753374863 958.4856532260562 1065 1069 -1
1068 -43.53450919408452 -147.2507674622929 936.4272163344945 1066 1070 -1
1069 -19.41350861086553 -152.05804177972172 958.6040782514584 1067 1071 -1
1070 -43.587650602186855 -147.2297728632376 936.2567958632729 1068 1072 -1
1071 -19.26200312368138 -152.1045599183138 958.7236365357511 1069 1073 -1
1072 -43.639286867438194 -147.20726190849845 936.0861064440497 1070 1074 -1
1073 -19.110746762341947 -152.14870189768956 958.8444041050703 1071 1075 -1
1074 -43.68940865331201 -147.18329086224392 935.9151646005728 1072 1076 -1
1075 -18.959729896784246 -152.18991797989005 958.9664970035119 1073 1077 -1
1076 -43.737999916739135 -147.1579086234126 935.7439847110768 1074 1078 -1
1077 -18.80894823971065 -152.22779251209866 959.0899540202238 1075 1079 -1
1078 -43.78504523014188 -147.13116440982608 935.5725804380462 1076 1080 -1
1079 -18.65843116625333 -152.26171627823973 959.2148725881656 1077 1081 -1
1080 -43.830528024993264 -147.10310631995293 935.4009645319677 1078 1082 -1
1081 -18.508214919095604 -152.29130831405143 959.3412444802497 1079 1083 -1
1082 -43.87442804734462 -147.07377970953468 935.2291486351664 1080 1084 -1
1083 -18.358381168140664 -152.3159116343103 959.46912936488 1081 1085 -1
1084 -43.9167401183901 -147.04324017492553 935.0571457740075 1082 1086 -1
1085 -18.20901355811711 -152.3351998245366 959.5984617034028 1083 1087 -1
1086 -43.957463127891785 -147.01153174855276 934.8849709264639 1084 1088 -1
1087 -18.060257994803177 -152.34849109300137 959.7292447152028 1085 1089 -1
1088 -43.99660325264252 -146.97869550324506 934.7126403882703 1086 1090 -1
1089 -17.912244654071586 -152.35555422484265 959.8613462427824 1087 1091 -1
1090 -44.03416593143618 -146.94477156560953 934.5401694741253 1088 1092 -1
1091 -17.765190091329462 -152.35571250050708 959.9946993843125 1089 1093 -1
1092 -44.07015279854405 -146.9097974272063 934.3675723513267 1090 1094 -1
1093 -17.619260164038245 -152.34889142037014 960.1291081767441 1091 1095 -1
1094 -44.104580206543964 -146.87381992032505 934.1948633988455 1092 1096 -1
1095 -17.47463451595794 -152.3352842288922 960.2644119611766 1093 1097 -1
1096 -44.13745731863533 -146.83688049214368 934.0220554381698 1094 1098 -1
1097 -17.331338578827157 -152.31593125935987 960.4004321286742 1095 1099 -1
1098 -44.168793887402 -146.79902055702175 933.8491604459842 1096 1100 -1
1099 -17.18936096448042 -152.2917332700207 960.5370610170464 1097 1101 -1
1100 -44.1985961990765 -146.76027924251363 933.6761893992106 1098 1102 -1
1101 -17.048672267278217 -152.26348006998217 960.6742460855064 1099 1103 -1
1102 -44.2268730293922 -146.7206969919117 933.5031526398171 1100 1104 -1
1103 -16.909157134647376 -152.23208515207023 960.8119471892994 1101 1105 -1
1104 -44.25364152580251 -146.68031826804906 933.3300600034667 1102 1106 -1
1105 -16.770717148258452 -152.1982974042463 960.950167539222 1103 1107 -1
1106 -44.278913294479885 -146.6391839236751 933.15692026792 1104 1108 -1
1107 -16.633251749501127 -152.16282770794834 961.0889389852622 1105 1109 -1
1108 -44.302700167579395 -146.59733452544302 932.9837414698993 1106 1110 -1
1109 -16.496612809814977 -152.12642378125676 961.2282839434935 1107 1111 -1
1110 -44.32500400684374 -146.55480594116727 932.8105307620607 1108 1112 -1
1111 -16.360675610041906 -152.08975713466148 961.368245173814 1109 1113 -1
1112 -44.34584777540325 -146.5116433001249 932.6372950500687 1110 1114 -1
1113 -16.22532135880737 -152.05349325765485 961.5088745983124 1111 1115 -1
1114 -44.36524423173645 -146.46788639682123 932.4640403065335 1112 1116 -1
1115 -16.090432844165587 -152.01830503974466 961.6502224819521 1113 1117 -1
1116 -44.383206270017425 -146.42357468555355 932.290771875086 1114 1118 -1
1117 -15.955894862067332 -151.98482957846053 961.7923176674414 1115 1119 -1
1118 -44.399735780733614 -146.37874352820364 932.1174944646443 1116 1120 -1
1119 -15.821613678611604 -151.95371210607735 961.9351886205085 1117 1121 -1
1120 -44.414857197053365 -146.33343607483653 931.9442123451192 1118 1122 -1
1121 -15.687512224381514 -151.92560664399952 962.0788495733786 1119 1123 -1
1122 -44.42858386199379 -146.2876907825489 931.7709291374479 1120 1124 -1
1123 -15.553535375579827 -151.9012578306231 962.2233088035604 1121 1125 -1
1124 -44.44092521406495 -146.2415446976929 931.5976479645884 1122 1126 -1
1125 -15.419648819499768 -151.88126723869524 962.3685161687351 1123 1127 -1
1126 -44.45189066276038 -146.19503490252296 931.4243714943748 1124 1128 -1
1127 -15.285850990393481 -151.86630544310447 962.5144066446244 1125 1129 -1
1128 -44.461501654289904 -146.14820108412624 931.2511018768315 1126 1130 -1
1129 -15.152177030043799 -151.85691912543933 962.6608747306481 1127 1131 -1
1130 -44.469771683723344 -146.10108025425137 931.0778408484626 1128 1132 -1
1131 -15.018707583414981 -151.8526761003395 962.8077715789681 1129 1133 -1
1132 -44.476702466678 -146.05370716170015 930.9045898472783 1130 1134 -1
1133 -14.885495402381961 -151.85246680609674 962.9549651653879 1131 1135 -1
1134 -44.482318368683025 -146.00612051913402 930.7313497664919 1132 1136 -1
1135 -14.752547112762432 -151.8551877232723 963.1023739901913 1133 1137 -1
1136 -44.48663358290926 -145.95835641379708 930.5581212186667 1134 1138 -1
1137 -14.61984010362463 -151.85978658006664 963.2499548142706 1135 1139 -1
1138 -44.48965142108822 -145.91044960643103 930.384904600834 1136 1140 -1
1139 -14.48733235782749 -151.8652215764863 963.3976867698503 1137 1141 -1
1140 -44.49139212202052 -145.86243656608275 930.2116998596919 1138 1142 -1
1141 -14.354975136106418 -151.87044039849513 963.545561260645 1139 1143 -1
1142 -44.49187189160723 -145.81435253840525 930.0385067098167 1140 1144 -1
1143 -14.222717721947802 -151.87439774445903 963.693563288021 1141 1145 -1
1144 -44.49109321449518 -145.76623210437526 929.8653247445219 1142 1146 -1
1145 -14.090525256277747 -151.8760713111901 963.8416651670926 1143 1147 -1
1146 -44.48907679348721 -145.7181102366407 929.6921531724316 1144 1148 -1
1147 -13.958386842270405 -151.87444065294795 963.9898136447548 1145 1149 -1
1148 -44.48583838859311 -145.67002097867905 929.5189910609108 1146 1150 -1
1149 -13.826325072983945 -151.86849775150785 964.1379181346099 1147 1151 -1
1150 -44.48137747150693 -145.6219991245142 929.345837415012 1148 1152 -1
1151 -13.694387271713094 -151.85770443214938 964.2858596166633 1149 1153 -1
1152 -44.475719444750794 -145.57407778448007 929.1726909097652 1150 1154 -1
1153 -13.562595667958812 -151.84252578905281 964.4335473009946 1151 1155 -1
1154 -44.468873646907895 -145.52629055798428 928.9995502093797 1152 1156 -1
1155 -13.430947103443065 -151.82352642890234 964.5809210606537 1153 1157 -1
1156 -44.46084583122723 -145.47867178941658 928.8264138672357 1154 1158 -1
1157 -13.299419885656283 -151.80123010256938 964.7279418985914 1155 1159 -1
1158 -44.45165871101315 -145.43125289121608 928.6532803014709 1156 1160 -1
1159 -13.167975932488387 -151.77615189765623 964.8745895567312 1157 1161 -1
1160 -44.44131464769152 -145.38406848954608 928.4801479180736 1158 1162 -1
1161 -13.036563596203917 -151.74879800198514 965.0208591068083 1159 1163 -1
1162 -44.42983090692974 -145.3371502463717 928.3070150521323 1160 1164 -1
1163 -12.905119092950438 -151.7196514224416 965.1667536048149 1161 1165 -1
1164 -44.4172212285809 -145.29052992649196 928.1338800382727 1162 1166 -1
1165 -12.773569920225155 -151.68922601459306 965.3122925768623 1163 1167 -1
1166 -44.403488408425055 -145.2442424484918 927.9607411647175 1164 1168 -1
1167 -12.641838391191545 -151.65801624851886 965.4575003623031 1165 1169 -1
1168 -44.38865599887389 -145.19831614465937 927.7875968183448 1166 1170 -1
1169 -12.509842415857705 -151.6265075800656 965.6024032159271 1167 1171 -1
1170 -44.37272394683444 -145.1527868695482 927.6144453055305 1168 1172 -1
1171 -12.377497635517178 -151.5951869126057 965.7470283344034 1169 1173 -1
1172 -44.35571224814537 -145.10768325276584 927.4412851073329 1170 1174 -1
1173 -12.244719445784522 -151.56454561093224 965.8914012996381 1171 1175 -1
1174 -44.33762865951809 -145.0630381774634 927.2681146959953 1172 1176 -1
1175 -12.111418407892716 -151.5351015093955 966.0355410181803 1173 1177 -1
1176 -44.31848313907541 -145.018883769526 927.0949326387935 1174 1178 -1
1177 -11.977518553444021 -151.5073574554574 966.1794622274178 1175 1179 -1
1178 -44.29829223363191 -144.97524859258368 926.921737696315 1176 1180 -1
1179 -11.843004809102526 -151.481471263796 966.3231570653451 1177 1181 -1
1180 -44.27706000977611 -144.93216562007657 926.7485290354296 1178 1182 -1
1181 -11.707919332789269 -151.4572112572753 966.4665993910221 1179 1183 -1
1182 -44.254829369511256 -144.8896330432677 926.5753095869103 1180 1184 -1
1183 -11.57230511825036 -151.4343132707652 966.6097667391201 1181 1185 -1
1184 -44.231625042569824 -144.84765238980435 926.4020831743504 1182 1186 -1
1185 -11.436195605353886 -151.41251961424675 966.7526363352387 1183 1187 -1
1186 -44.207499592184696 -144.80620907959093 926.2288531947776 1184 1188 -1
1187 -11.299633586677352 -151.39153911445825 966.8951956397464 1185 1189 -1
1188 -44.18248034181592 -144.7653028877863 926.0556223115066 1186 1190 -1
1189 -11.162658595627839 -151.37108509229506 967.0374349932978 1187 1191 -1
1190 -44.156614532142875 -144.72492141629647 925.8823926374932 1188 1192 -1
1191 -11.02530598867886 -151.35087497007643 967.1793447458111 1189 1193 -1
1192 -44.12993284838713 -144.68506217769882 925.7091657375797 1190 1194 -1
1193 -10.887607909001508 -151.33062069183296 967.3209129959414 1191 1195 -1
1194 -44.10247895306041 -144.6457141639097 925.5359426091168 1192 1196 -1
1195 -10.749599974025877 -151.3100256645705 967.462129861409 1193 1197 -1
1196 -44.07428520184797 -144.60687352439484 925.3627237939663 1194 1198 -1
1197 -10.611323915218332 -151.2888033658827 967.602990990891 1195 1199 -1
1198 -44.04539313457536 -144.56852988026472 925.1895093062767 1196 1200 -1
1199 -10.472819057243854 -151.26666665955807 967.7434859683324 1197 1201 -1
1200 -44.01583542142929 -144.53067886445132 925.0162987614489 1198 1202 -1
1201 -10.334126502066045 -151.24331691494947 967.8835987035704 1199 1203 -1
1202 -43.98565263047091 -144.49331001218226 924.8430913052188 1200 1204 -1
1203 -10.195292859124306 -151.21845194850965 968.0233101215781 1201 1205 -1
1204 -43.95487673235653 -144.4564192211363 924.6698857246657 1202 1206 -1
1205 -10.05637171934227 -151.1918098114851 968.1626059423722 1203 1207 -1
1206 -43.92354816207447 -144.41999528280675 924.4966804105379 1204 1208 -1
1207 -9.917419068241145 -151.16311473109542 968.3014615206934 1205 1209 -1
1208 -43.891697518161585 -144.3840350663597 924.3234734050847 1206 1210 -1
1209 -9.778497141784584 -151.13208396507645 968.4398444445969 1207 1211 -1
1210 -43.85936562801197 -144.3485260275538 924.1502624697446 1208 1212 -1
1211 -9.639676965574061 -151.09841814798344 968.5777120403133 1209 1213 -1
1212 -43.82658138064353 -144.31346663286595 923.9770449578717 1210 1214 -1
1213 -9.50103272464826 -151.0619069192422 968.71503065066 1211 1215 -1
1214 -43.793385615318265 -144.278843161034 923.8038181306192 1212 1216 -1
1215 -9.362645045593611 -151.02231610205493 968.8517529237976 1213 1217 -1
1216 -43.759807290397596 -144.24465418036982 923.630578730314 1214 1218 -1
1217 -9.224570749577545 -150.97961486753496 968.9878551798869 1215 1219 -1
1218 -43.72588499733918 -144.2108871427702 923.4573235787492 1216 1220 -1
1219 -9.08682464973808 -150.93402590213012 969.1233526896691 1217 1221 -1
1220 -43.69164981220459 -144.17753821959505 923.2840489813175 1218 1222 -1
1221 -8.949406738430186 -150.88582319325462 969.2582779674684 1219 1223 -1
1222 -43.65713686595054 -144.1445981080528 923.110751282879 1220 1224 -1
1223 -8.812307304014084 -150.83529065752572 969.3926739990483 1221 1225 -1
1224 -43.62237939096052 -144.11205969826105 922.937426563004 1222 1226 -1
1225 -8.675513906644847 -150.78267825857222 969.5265832248954 1223 1227 -1
1226 -43.587409794539624 -144.07991726174083 922.7640706242912 1224 1228 -1
1227 -8.539009205723666 -150.72822864683465 969.6600522582586 1225 1229 -1
1228 -43.55226268517468 -144.0481601530422 922.5906795666104 1226 1230 -1
1229 -8.402771747953029 -150.6721774446188 969.7931311238701 1227 1231 -1
1230 -43.516968746167066 -144.0167864628825 922.4172485346356 1228 1232 -1
1231 -8.266776685249994 -150.61475365919404 969.925872581655 1229 1233 -1
1232 -43.48156251134192 -143.9857837847547 922.24377367579 1230 1234 -1
1233 -8.130998017961012 -150.55617217571807 970.058329582568 1231 1235 -1
1234 -43.4460754566378 -143.95514833315949 922.0702500948795 1232 1236 -1
1235 -7.995404245202523 -150.49666025329344 970.1905611422374 1233 1237 -1
1236 -43.41054020091187 -143.92487184396305 921.8966733814885 1234 1238 -1
1237 -7.859963388967656 -150.43643327342878 970.3226256596375 1235 1239 -1
1238 -43.37498883801783 -143.8949463406755 921.7230391073972 1236 1240 -1
1239 -7.724643005385389 -150.3756990337505 970.4545814012101 1237 1241 -1
1240 -43.33945350294568 -143.86536811082001 921.5493420583845 1238 1242 -1
1241 -7.589409978516859 -150.31466191236754 970.5864869844396 1239 1243 -1
1242 -43.30396576265477 -143.8361263840993 921.3755783157688 1240 1244 -1
1243 -7.454230932955294 -150.25352357329646 970.718401039828 1241 1245 -1
1244 -43.268557915892416 -143.80721741920487 921.2017426099618 1242 1246 -1
1245 -7.319072623801962 -150.19248366963797 970.8503818945799 1243 1247 -1
1246 -43.233261364369135 -143.77863301999716 921.0278306161026 1244 1248 -1
1247 -7.183902311656757 -150.13174053534055 970.9824872690886 1245 1249 -1
1248 -43.198107149236286 -143.75036557430775 920.8538380056198 1246 1250 -1
1249 -7.048688129961139 -150.0714918570526 971.114773977672 1247 1251 -1
1250 -43.163128611497704 -143.72241173930342 920.679759344803 1248 1252 -1
1251 -6.913399451640915 -150.01193531778475 971.2472976254082 1249 1253 -1
1252 -43.12835506295113 -143.694761291243 920.5055911871877 1250 1254 -1
1253 -6.778007261519652 -149.9532692039106 971.380112293354 1251 1255 -1
1254 -43.09381931993276 -143.66740983163356 920.3313285311629 1252 1256 -1
1255 -6.642484540401701 -149.8956929664615 971.5132702049299 1253 1257 -1
1256 -43.059552833473454 -143.64035080639883 920.1569670994731 1254 1258 -1
1257 -6.5068073129980935 -149.83940242816323 971.6468198027951 1255 1259 -1
1258 -43.02558502603208 -143.61357604055073 919.9825033762309 1256 1260 -1
1259 -6.370970737796556 -149.7844542253848 971.7807659041829 1257 1261 -1
1260 -42.99195096830541 -143.587082456513 919.8079321032233 1258 1262 -1
1261 -6.234984772252768 -149.7307810752643 971.9150769401334 1259 1263 -1
1262 -42.958678751673126 -143.56086106737658 919.6332504346758 1260 1264 -1
1263 -6.098858095029125 -149.67831787135609 972.0497231163333 1261 1265 -1
1264 -42.92579993736497 -143.53490604263573 919.4584545371583 1262 1266 -1
1265 -5.962598481194571 -149.62699891723497 972.1846754997536 1263 1267 -1
1266 -42.89334914272632 -143.50921322825567 919.283539962202 1264 1268 -1
1267 -5.8262128470028305 -149.57675801739524 972.3199059907807 1265 1269 -1
1268 -42.86135330135263 -143.48377392879945 919.1085045688675 1266 1270 -1
1269 -5.689707296724052 -149.52752855992657 972.4553872909548 1267 1271 -1
1270 -42.82984679406624 -143.45858381008762 918.933344423616 1268 1272 -1
1271 -5.553087171145141 -149.4792435912618 972.591092866843 1269 1273 -1
1272 -42.79886111972348 -143.43363685950098 918.7580566226017 1270 1274 -1
1273 -5.416357097398147 -149.43183588334398 972.7269969105455 1271 1275 -1
1274 -42.76842427091159 -143.40892572362912 918.5826393166523 1272 1276 -1
1275 -5.279521039818422 -149.38523799361087 972.863074297295 1273 1277 -1
1276 -42.738565522697044 -143.38445345640832 918.4070892238424 1274 1278 -1
1277 -5.142582351576443 -149.33938231823188 972.9993005405718 1275 1279 -1
1278 -42.70928152528218 -143.360238026694 918.2314067525233 1276 1280 -1
1279 -5.005543826862834 -149.29420113906426 973.1356517451226 1277 1281 -1
1280 -42.68056743731902 -143.33630187032966 918.0555919855799 1278 1282 -1
1281 -4.868407753445717 -149.24962666481906 973.2721045582377 1279 1283 -1
1282 -42.6524264044148 -143.31267176561843 917.879643214015 1280 1284 -1
1283 -4.731175965450282 -149.20559106694594 973.4086361196062 1281 1285 -1
1284 -42.62484802781351 -143.28936721736477 917.7035619861678 1282 1286 -1
1285 -4.593849896243077 -149.162026510759 973.5452240100401 1283 1287 -1
1286 -42.59783078693142 -143.2664124214843 917.5273478736294 1284 1288 -1
1287 -4.45643063132841 -149.11886518233462 973.6818461993298 1285 1289 -1
1288 -42.571374481096136 -143.24383281445878 917.3510002304989 1286 1290 -1
1289 -4.318918872074123 -149.07603957132622 973.818480984846 1287 1291 -1
1290 -42.545470616952876 -143.22164811338936 917.174520505971 1288 1292 -1
1291 -4.181314820030079 -149.03348254238773 973.9551067821243 1289 1293 -1
1292 -42.52011919057912 -143.19988393092805 916.9979082497098 1290 1294 -1
1293 -4.043619281495213 -148.99112486432264 974.0917023601943 1291 1295 -1
1294 -42.495317063203245 -143.17856377815875 916.8211638945897 1292 1296 -1
1295 -3.9058324762433325 -148.9488990321228 974.2282467220988 1293 1297 -1
1296 -42.47105743002924 -143.157707896439 916.644288902785 1294 1298 -1
1297 -3.7679545402945944 -148.90673765133542 974.3647189923441 1295 1299 -1
1298 -42.44734161598281 -143.13734356641334 916.4672829332887 1296 1300 -1
1299 -3.629985578038793 -148.86457345080214 974.5010983638844 1297 1301 -1
1300 -42.424163906852876 -143.11749186960162 916.2901475043072 1298 1302 -1
1301 -3.4919252879012617 -148.82234204247226 974.6373644659569 1299 1303 -1
1302 -42.40151898816096 -143.09817382875028 916.1128842067363 1300 1304 -1
1303 -3.353769368077163 -148.7800053109646 974.7735008979366 1301 1305 -1
1304 -42.37940933481226 -143.07941858723984 915.9354929497622 1302 1306 -1
1305 -3.215510947765105 -148.73754205721352 974.909493784906 1303 1307 -1
1306 -42.357826989172516 -143.06124437198395 915.75797632924 1304 1308 -1
1307 -3.0771431373283 -148.6949314977196 975.0453292442547 1305 1309 -1
1308 -42.336768116386246 -143.04367339936704 915.5803361450464 1306 1310 -1
1309 -2.938659093543364 -148.65215285715496 975.180993310672 1307 1311 -1
1310 -42.316235635916485 -143.02673616907347 915.4025728319975 1308 1312 -1
1311 -2.8000520233107924 -148.60918535981457 975.3164719221203 1309 1313 -1
1312 -42.296220191894236 -143.01044835376243 915.2246899134802 1310 1314 -1
1313 -2.661315187533596 -148.56600822129298 975.4517509058536 1311 1315 -1
1314 -42.27671979684019 -142.99483433173026 915.0466894079724 1312 1316 -1
1315 -2.522441905186514 -148.52260064040297 975.5868159644717 1313 1317 -1
1316 -42.257735451135794 -142.9799228753227 914.8685729197001 1314 1318 -1
1317 -2.383425557596373 -148.47894179135284 975.7216526620033 1315 1319 -1
1318 -42.239258899604806 -142.96573001289542 914.6903443699589 1316 1320 -1
1319 -2.244259592954487 -148.43501081620084 975.8562464100103 1317 1321 -1
1320 -42.22128891006088 -142.95228132061962 914.5120063555987 1318 1322 -1
1321 -2.1049375310836402 -148.39078681760532 975.99058245371 1319 1323 -1
1322 -42.203824900069236 -142.93960372289737 914.3335616336544 1320 1324 -1
1323 -1.9654529684782953 -148.34624885189146 976.1246458581097 1321 1325 -1
1324 -42.18685951908108 -142.9277135988214 914.1550146399803 1322 1326 -1
1325 -1.8257995836423682 -148.3013759224553 976.2584214941521 1323 1327 -1
1326 -42.170392071192545 -142.91663757398587 913.976368700807 1324 1328 -1
1327 -1.6859711427428934 -148.25614697352793 976.3918940248701 1325 1329 -1
1328 -42.154420760521084 -142.90640079270574 913.7976276914831 1326 1330 -1
1329 -1.5459615056037728 -148.21054088432473 976.5250478915536 1327 1331 -1
1330 -42.138938926660494 -142.89701986378066 913.6187966809401 1328 1332 -1
1331 -1.405764036696924 -148.16453517054327 976.6578662198261 1329 1333 -1
1332 -42.12394615987657 -142.88852215006193 913.4398798749021 1330 1334 -1
1333 -1.2653728241148567 -148.11810853630303 976.790332954993 1331 1335 -1
1334 -42.10943987224431 -142.880931339949 913.260882220022 1332 1336 -1
1335 -1.1247825242657743 -148.07124063774256 976.9224326295359 1333 1337 -1
1336 -42.09541385167824 -142.87426400063606 913.0818095333819 1334 1338 -1
1337 -0.9839874359615977 -148.02391002641556 977.0541486418978 1335 1339 -1
1338 -42.081867684492344 -142.86854770976072 912.9026670387037 1336 1340 -1
1339 -0.8429819875984631 -147.9760951653549 977.1854640987149 1337 1341 -1
1340 -42.06879848307593 -142.86380536683845 912.7234607071364 1338 1342 -1
1341 -0.7017607456822955 -147.92777442618072 977.3163618011704 1339 1343 -1
1342 -42.056200205671146 -142.86005303299325 912.5441972061267 1340 1344 -1
1343 -0.5603184238415674 -147.8789260868124 977.4468242314248 1341 1345 -1
1344 -42.0440720960596 -142.85731771248868 912.3648828875291 1342 1346 -1
1345 -0.41864989234648936 -147.82952832982104 977.5768335391452 1343 1347 -1
1346 -42.0324115486243 -142.85562263146844 912.1855247233543 1344 1348 -1
1347 -0.27675018815358465 -147.77955924146372 977.7063715281546 1345 1349 -1
1348 -42.02121236929961 -142.8549826358082 912.0061303058857 1346 1350 -1
1349 -0.13461452549343175 -147.72899681144094 977.8354196432292 1347 1351 -1
1350 -42.01047267390371 -142.85542223845167 911.8267071914745 1348 1352 -1
1351 0.007761692980666323 -147.67781893342135 977.963958957075 1349 1353 -1
1352 -42.000177367156105 -142.85693912812272 911.6472638825296 1350 1354 -1
1353 0.15038335420622814 -147.62600678112625 978.0919709850845 1351 1355 -1
1354 -41.99029049131425 -142.85948616683015 911.467809249044 1352 1356 -1
1355 0.29326237587707454 -147.57359035062427 978.2194489401547 1353 1357 -1
1356 -41.98077907025816 -142.86302371155665 911.2883510796609 1354 1358 -1
1357 0.43641719950628993 -147.52064142918655 978.346396346858 1355 1359 -1
1358 -41.971612002972584 -142.86751789225036 911.1088963731604 1356 1360 -1
1359 0.5798671751091999 -147.46723374633325 978.472817345062 1357 1361 -1
1360 -41.96275234846936 -142.87291840840308 910.9294511982163 1358 1362 -1
1361 0.7236348098253677 -147.4134388284538 978.5987122360225 1359 1363 -1
1362 -41.9541667824856 -142.87918445097193 910.7500208090516 1360 1364 -1
1363 0.8677391907047963 -147.3593337777626 978.7240881533987 1361 1365 -1
1364 -41.94582379244009 -142.88628185398397 910.5706099148687 1362 1366 -1
1365 1.0122008482178848 -147.30499393903415 978.848950319429 1363 1367 -1
1366 -41.93768832358953 -142.8941644036905 910.3912222566624 1364 1368 -1
1367 1.1570413926875827 -147.25049445174074 978.973302925948 1365 1369 -1
1368 -41.9297268182087 -142.90278994240686 910.211860964048 1366 1370 -1
1369 1.302282896227086 -147.19591107132862 979.0971500381571 1367 1371 -1
1370 -41.92190666383671 -142.91212020660973 910.0325287104201 1368 1372 -1
1371 1.4479478529478822 -147.14132028819836 979.2204955375404 1369 1373 -1
1372 -41.91419507791156 -142.92211732092832 909.8532276790927 1370 1374 -1
1373 1.5940591367845152 -147.08679945011897 979.3433430639353 1371 1375 -1
1374 -41.9065583920894 -142.93273648332828 909.6739591966221 1372 1376 -1
1375 1.7406399562982324 -147.03242688777186 979.4656959563979 1373 1377 -1
1376 -41.89896405289664 -142.9439380531951 909.494724350026 1374 1378 -1
1377 1.8877138057882028 -146.97828204308504 979.5875571924731 1375 1379 -1
1378 -41.89137951265997 -142.95568542032328 909.3155240215312 1376 1380 -1
1379 2.035311686918983 -146.9244508310101 979.708922764766 1377 1381 -1
1380 -41.883772056974955 -142.96793783651833 909.1363584799542 1378 1382 -1
1381 2.183451907350331 -146.8710131152624 979.8298004208233 1379 1383 -1
1382 -41.876109500192065 -142.9806541856682 908.9572276099732 1380 1384 -1
1383 2.332157918490051 -146.81805233222886 979.9501922190508 1381 1385 -1
1384 -41.868359821236545 -142.99379564356917 908.7781311656931 1382 1386 -1
1385 2.481453826715969 -146.76565395288296 980.0700989980853 1383 1387 -1
1386 -41.86049025575354 -143.00732560700786 908.5990688749225 1384 1388 -1
1387 2.6313636928417994 -146.7139052470738 980.1895208880451 1385 1389 -1
1388 -41.85246902011872 -143.02120412005922 908.4200399897472 1386 1390 -1
1389 2.781911442633846 -146.66289541834934 980.3084572315946 1387 1391 -1
1390 -41.84426486199067 -143.03539174992397 908.2410436242334 1388 1392 -1
1391 2.933133591241124 -146.6127329855878 980.4268973277146 1389 1393 -1
1392 -41.835846280238805 -143.0498504435715 908.0620789057493 1390 1394 -1
1393 3.085042695527188 -146.56349930249257 980.5448468856405 1391 1395 -1
1394 -41.827180903373765 -143.06454302352716 907.8831450168449 1392 1396 -1
1395 3.237661055648336 -146.51528975590253 980.6623027376163 1393 1397 -1
1396 -41.81823681818397 -143.07943156211826 907.7042410436857 1394 1398 -1
1397 3.3910109598987237 -146.46820295571146 980.7792601116402 1395 1399 -1
1398 -41.808984080896124 -143.09447740961178 907.5253659330323 1396 1400 -1
1399 3.5451219066843898 -146.4223537742961 980.8957076940995 1397 1401 -1
1400 -41.799391683235065 -143.10964317934616 907.3465188468274 1398 1402 -1
1401 3.700018046531504 -146.37785456642754 981.0116358487029 1399 1403 -1
1402 -41.78942873474788 -143.12489162865566 907.1676990535184 1400 1404 -1
1403 3.855708800844441 -146.3347960870742 981.1270422531315 1401 1405 -1
1404 -41.77906153418763 -143.14018571647182 906.9889061445551 1402 1406 -1
1405 4.012212233510336 -146.29328823790033 981.241916278266 1403 1407 -1
1406 -41.768261571364725 -143.15548789857857 906.8101395553946 1404 1408 -1
1407 4.169562183395603 -146.25348034967797 981.3562340656298 1405 1409 -1
1408 -41.75699870949235 -143.17076129467375 906.6313990796009 1406 1410 -1
1409 4.327763190731816 -146.21547101906097 981.46998772483 1407 1411 -1
1410 -41.74524255325842 -143.18596918571228 906.4526847923445 1408 1412 -1
1411 4.486821836772909 -146.17936765335614 981.5831646659182 1409 1413 -1
1412 -41.73296283603308 -143.20107496626463 906.2739970609673 1410 1414 -1
1413 4.6467638233903745 -146.14533088195475 981.6957352701344 1411 1415 -1
1414 -41.72012553920253 -143.21604098032174 906.0953367688306 1412 1416 -1
1415 4.80759283143298 -146.11348205188733 981.8076802992114 1413 1417 -1
1416 -41.70670395512466 -143.23083145841602 905.9167048145223 1414 1418 -1
1417 4.96930170595602 -146.08392320713133 981.9189838650094 1415 1419 -1
1418 -41.69266851499144 -143.24541019745553 905.7381026483807 1416 1420 -1
1419 5.131914098100212 -146.05685221835907 982.0296015546432 1417 1421 -1
1420 -41.677989549783064 -143.25974103537118 905.5595321654358 1418 1422 -1
1421 5.295410169991061 -146.0323627305894 982.1395156359412 1419 1423 -1
1422 -41.662637562019945 -143.27378791800507 905.3809957259872 1420 1424 -1
1423 5.459782999428543 -146.01059711523635 982.2486924858656 1421 1425 -1
1424 -41.64658087961014 -143.28751375552076 905.2024963180763 1422 1426 -1
1425 5.625035494401887 -145.99175179204872 982.3570813320924 1423 1427 -1
1426 -41.62979016677721 -143.30088241074986 905.0240373640894 1424 1428 -1
1427 5.791126047171871 -145.97589215033557 982.464663919489 1425 1429 -1
1428 -41.61223885516228 -143.31385924991238 904.8456227011079 1426 1430 -1
1429 5.958057619973906 -145.96326694514914 982.5713689915324 1427 1431 -1
1430 -41.59389830406969 -143.3264087183953 904.6672568791475 1428 1432 -1
1431 6.125767403043986 -145.95378662092224 982.6771762452736 1429 1433 -1
1432 -41.574740131802024 -143.33849540578004 904.4889450689446 1430 1434 -1
1433 6.29421399292814 -145.94712381461574 982.7820247622607 1431 1435 -1
1434 -41.554736239073094 -143.35008405927238 904.310693089917 1432 1436 -1
1435 6.463339142643833 -145.94276435096174 982.885898461356 1433 1437 -1
1436 -41.53385713931827 -143.36113853084146 904.1325075749966 1434 1438 -1
1437 6.633114495793686 -145.94024075842015 982.988768210989 1435 1439 -1
1438 -41.51207360094641 -143.37162268641052 903.9543959052235 1436 1440 -1
1439 6.803512994603147 -145.93904934674524 983.0906273595303 1437 1441 -1
1440 -41.48936186919707 -143.38150389554517 903.7763657558726 1438 1442 -1
1441 6.974520872765643 -145.9386898338167 983.1914668500367 1439 1443 -1
1442 -41.4656952776159 -143.39074774249568 903.5984257990324 1440 1444 -1
1443 7.146127033516088 -145.938653734103 983.2912856182844 1441 1445 -1
1444 -41.44105524731526 -143.39932394994142 903.4205845802328 1442 1446 -1
1445 7.318323658992201 -145.93842497144777 983.3900819227431 1443 1447 -1
1446 -41.41547167662716 -143.40722687934993 903.2428454000601 1444 1448 -1
1447 7.49109996400878 -145.93748635564856 983.4878563936433 1445 1449 -1
1448 -41.388994210203286 -143.41446108117913 903.0652086569958 1446 1450 -1
1449 7.664442734036444 -145.93530776955978 983.5846023905842 1447 1451 -1
1450 -41.36167220952173 -143.42103116551144 902.887673996268 1448 1452 -1
1451 7.838325037439197 -145.93137185080707 983.6803183900934 1449 1453 -1
1452 -41.33355242416578 -143.42693979580827 902.7102406640558 1450 1454 -1
1453 8.012714649484113 -145.9251262471505 983.7749815103875 1451 1455 -1
1454 -41.3046851061632 -143.43219277683642 902.5329067691725 1452 1456 -1
1455 8.187552206651064 -145.91607579305636 983.8685846141778 1453 1457 -1
1456 -41.275119384992905 -143.4367954812523 902.3556698841345 1454 1458 -1
1457 8.362770266162254 -145.90363465616932 983.9610784373028 1455 1459 -1
1458 -41.244902963716484 -143.44075238234566 902.1785271574845 1456 1460 -1
1459 8.538263599728955 -145.88736506939588 984.0524478100159 1457 1461 -1
1460 -41.21408314858585 -143.44406789235467 902.0014752269606 1458 1462 -1
1461 8.713911314054569 -145.8666453476079 984.14260933656 1459 1463 -1
1462 -41.18270685873604 -143.44674635365394 901.8245102614059 1460 1464 -1
1463 8.889598718359336 -145.84149479224632 984.2315607320837 1461 1465 -1
1464 -41.15082063824793 -143.44879203095863 901.6476280014305 1462 1466 -1
1465 9.065365039906373 -145.81284707782044 984.319295127528 1463 1467 -1
1466 -41.11847067033539 -143.45020910449637 901.4708237988493 1464 1468 -1
1467 9.241324618290449 -145.78211294104796 984.4059318147298 1465 1469 -1
1468 -41.085702793425135 -143.45100166410327 901.2940926549284 1466 1470 -1
1469 9.417645913570281 -145.7505237273729 984.4915204045486 1467 1471 -1
1470 -41.05256251890821 -143.4511737042001 901.117429257489 1468 1472 -1
1471 9.594487012400768 -145.7193731514814 984.5761918391283 1469 1473 -1
1472 -41.01909505035497 -143.45072911960753 900.9408280169243 1470 1474 -1
1473 9.772037969987942 -145.68999006158185 984.6600026317643 1471 1475 -1
1474 -40.98534530399651 -143.44967170216097 900.7642831011926 1472 1476 -1
1475 9.950418313272152 -145.66362785301908 984.7430489900406 1473 1477 -1
1476 -40.95135753029661 -143.44800388661807 900.5877885610547 1474 1478 -1
1477 10.129740690908646 -145.64173399838032 984.825354940575 1475 1479 -1
1478 -40.91717669184069 -143.4457304163877 900.411338070006 1476 1480 -1
1479 10.309997749164323 -145.62561956799695 984.9069404729631 1477 1481 -1
1480 -40.88284702562742 -143.44285492661965 900.2349252569945 1478 1482 -1
1481 10.491098928489741 -145.61677022523622 984.9877544344711 1479 1483 -1
1482 -40.84841250706681 -143.4393807719572 900.0585436540732 1480 1484 -1
1483 10.672799877729808 -145.61628389043167 985.0676950575995 1481 1485 -1
1484 -40.81391694096757 -143.4353111980248 899.8821867132509 1482 1486 -1
1485 10.854793192195126 -145.6235361116861 985.1466489246278 1483 1487 -1
1486 -40.7794039859952 -143.43064934219026 899.7058478369606 1484 1488 -1
1487 11.036864752389743 -145.63752860356337 985.2245163044262 1485 1489 -1
1488 -40.74491717924995 -143.42539823492655 899.5295204080926 1486 1490 -1
1489 11.218902254624282 -145.65694796300303 985.3012987156503 1487 1491 -1
1490 -40.71049996082453 -143.41956080175672 899.3531978196861 1488 1492 -1
1491 11.400878640360121 -145.680814688394 985.376970471808 1489 1493 -1
1492 -40.67619569820635 -143.41313986576688 899.1768735043663 1490 1494 -1
1493 11.582836576738435 -145.70789597382583 985.4516010162203 1491 1495 -1
1494 -40.642047710389754 -143.406138150676 899.0005409636191 1492 1496 -1
1495 11.764866518416675 -145.73717730310517 985.5252214819185 1493 1497 -1
1496 -40.608099291564315 -143.39855828445295 898.8241937969898 1494 1498 -1
1497 11.947089200167715 -145.76755851503268 985.5979150052519 1495 1499 -1
1498 -40.57439373424722 -143.390402803474 898.6478257312925 1496 1500 -1
1499 12.129645888875586 -145.79800062511856 985.6697399622935 1497 1501 -1
1500 -40.54097435172314 -143.38167415721503 898.4714306499111 1498 1502 -1
1501 12.312675224766046 -145.82744976176366 985.7407702294547 1499 1503 -1
1502 -40.50788449965809 -143.37237471347743 898.2950026222733 1500 1504 -1
1503 12.496305240050393 -145.85485083828286 985.8110632255209 1501 1505 -1
1504 -40.47516759674632 -143.36250676414468 898.1185359335705 1502 1506 -1
1505 12.680637142017128 -145.87911781879893 985.8806628679164 1503 1507 -1
1506 -40.44286714424929 -143.35207253147138 897.942025114795 1504 1508 -1
1507 12.865693905580775 -145.8995819250002 985.9495570891479 1505 1509 -1
1508 -40.41102674428084 -143.34107417490694 897.7654649731578 1506 1510 -1
1509 13.051436682090822 -145.91634397378542 986.0176011641762 1507 1511 -1
1510 -40.37969011668627 -143.32951379845568 897.5888506229467 1508 1512 -1
1511 13.237801302558763 -145.92978724682598 986.0846762546715 1509 1513 -1
1512 -40.34890111436129 -143.31739345857923 897.4121775168726 1510 1514 -1
1513 13.424769271122168 -145.9401261321509 986.1506140668886 1511 1515 -1
1514 -40.318703736847056 -143.30471517264385 897.23544147795 1512 1516 -1
1515 13.612293869958853 -145.94777975671389 986.2153269776219 1513 1517 -1
1516 -40.28914214203514 -143.29148092791925 897.058638731942 1514 1518 -1
1517 13.800374258383131 -145.95299457787024 986.2786556398356 1515 1519 -1
1518 -40.260260655806725 -143.2776926911319 896.8817659403959 1516 1520 -1
1519 13.988986562079106 -145.9561570855071 986.3405216589592 1517 1521 -1
1520 -40.232103779427334 -143.26335241857842 896.7048202342794 1518 1522 -1
1521 14.178137447147373 -145.9575558949224 986.4007884544956 1519 1523 -1
1522 -40.20471661094504 -143.24846178642352 896.5277992087537 1520 1524 -1
1523 14.367820074950176 -145.95754197874402 986.4593771355385 1521 1525 -1
1524 -40.17814460858802 -143.2330224316207 896.3507009870526 1522 1526 -1
1525 14.558044135891437 -145.95642348340874 986.5161727090216 1523 1527 -1
1526 -40.152431991055785 -143.21703694193926 896.1735244005488 1524 1528 -1
1527 14.748810124490102 -145.95452918328573 986.5710993088046 1525 1529 -1
1528 -40.12762399108609 -143.20050734402395 895.9962688090029 1526 1530 -1
1529 14.940127797712194 -145.9521671923965 986.6240536021867 1527 1531 -1
1530 -40.10376601290788 -143.183435713583 895.8189342187459 1528 1532 -1
1531 15.131994867753965 -145.94964904298632 986.6749736031317 1529 1533 -1
1532 -40.08090362182297 -143.16582418888157 895.6415213194277 1530 1534 -1
1533 15.32441952396126 -145.9472761014102 986.7237511574467 1531 1535 -1
1534 -40.05908253011294 -143.14767498477016 895.4640315210296 1532 1536 -1
1535 15.517386355876363 -145.9453345867906 986.7703571857156 1533 1537 -1
1536 -40.03834536777723 -143.12899431077918 895.2864669434882 1534 1538 -1
1537 15.710901725983154 -145.9441279537677 986.8146558602689 1535 1539 -1
1538 -40.01868551068129 -143.10984838692772 895.1088293446328 1536 1540 -1
1539 15.904928980923826 -145.94390586281523 986.8566717456272 1537 1541 -1
1540 -40.00005530003475 -143.09035310481292 894.9311187431214 1538 1542 -1
1541 16.099450362409645 -145.94496434029352 986.8963226975847 1539 1543 -1
1542 -39.98240550792487 -143.07062600450237 894.7533336250387 1540 1544 -1
1543 16.294424050668106 -145.94755357905487 986.9336099325719 1541 1545 -1
1544 -39.9656867776082 -143.05078462749756 894.5754712169671 1542 1546 -1
1545 16.48980627374176 -145.95192098690163 986.9685162222588 1543 1547 -1
1546 -39.949849670286326 -143.0309465636787 894.39752775001 1544 1548 -1
1547 16.685558981678845 -145.95838776389573 987.000930332584 1545 1549 -1
1548 -39.934844699584005 -143.01122950898886 894.2194987248782 1546 1550 -1
1549 16.881614401085482 -145.96715486264284 987.0308775235434 1547 1551 -1
1550 -39.92062235525475 -142.99175133025798 894.0413791782971 1548 1552 -1
1551 17.07790893339104 -145.97850587683487 987.0582807247988 1549 1553 -1
1552 -39.90713311764766 -142.97263013356925 893.8631639511677 1550 1554 -1
1553 17.274365159865713 -145.99274616039872 987.0830457501309 1551 1555 -1
1554 -39.894327464471395 -142.95398433255406 893.6848479590277 1552 1556 -1
1555 17.470887980790778 -146.01007747196633 987.1051665885863 1553 1557 -1
1556 -39.88215587138948 -142.9359327129617 893.5064264654063 1554 1558 -1
1557 17.66737125012118 -146.0308094529871 987.1245387146987 1555 1559 -1
1558 -39.87056880798026 -142.9185944897932 893.327895358656 1556 1560 -1
1559 17.863689082272632 -146.0552282847834 987.1410776488638 1557 1561 -1
1560 -39.859516945647506 -142.90208977555673 893.1492513818347 1558 1562 -1
1561 18.05970419670961 -146.08353310301047 987.1547592341299 1559 1563 -1
1562 -39.8489514583085 -142.88654090137854 892.970492306051 1560 1564 -1
1563 18.255250410884834 -146.11604847042037 987.1654605344052 1561 1565 -1
1564 -39.83882156405262 -142.87206678726264 892.7916178575697 1562 1566 -1
1565 18.450205175703726 -146.15270008643995 987.1731879481272 1563 1567 -1
1566 -39.82907761483192 -142.8587886890854 892.6126292934694 1564 1568 -1
1567 18.64457090287554 -146.19280812042055 987.1781127400977 1565 1569 -1
1568 -39.81966992029845 -142.8468283262992 892.4335299475904 1566 1570 -1
1569 18.83838206020815 -146.2357468568747 987.1803275979426 1567 1571 -1
1570 -39.81054874900742 -142.8363078092798 892.2543255313936 1568 1572 -1
1571 19.031722453694787 -146.28081442904872 987.1799954024866 1569 1573 -1
1572 -39.801664336058636 -142.8273495304582 892.0750244360715 1570 1574 -1
1573 19.22470102550328 -146.32733170723017 987.1772795786165 1571 1575 -1
1574 -39.79296689878638 -142.8200760149987 891.8956380337794 1572 1576 -1
1575 19.417436414029474 -146.37466004138082 987.1722570235459 1573 1577 -1
1576 -39.784406662094355 -142.81460972691855 891.716180975171 1574 1578 -1
1577 19.610071678872135 -146.4221195359983 987.1650858836911 1575 1579 -1
1578 -39.775933894998445 -142.8110728267932 891.5366714796801 1576 1580 -1
1579 19.802751071084483 -146.4690499106458 987.1559004212505 1577 1581 -1
1580 -39.76749895987668 -142.8095868775811 891.3571316141824 1578 1582 -1
1581 19.995629100884077 -146.5147208398946 987.1447521611572 1579 1583 -1
1582 -39.75905237582472 -142.81027249566455 891.1775875548485 1580 1584 -1
1583 20.1888423623102 -146.5584599264141 987.1318167321095 1581 1585 -1
1584 -39.75054489736793 -142.81324894495916 890.9980698261545 1582 1586 -1
1585 20.38252968924904 -146.59947297871727 987.1171685338634 1583 1587 -1
1586 -39.741927214341914 -142.81863998784215 890.8186137616835 1584 1588 -1
1587 20.576799518576195 -146.636975833942 987.1009298419175 1585 1589 -1
1588 -39.73315089557232 -142.82655648822487 890.6392592247668 1586 1590 -1
1589 20.771729682414758 -146.6701232689456 987.0832185802672 1587 1591 -1
1590 -39.72416815260473 -142.837108769681 890.460050861124 1588 1592 -1
1591 20.967356268105426 -146.69798169455842 987.0641509985948 1589 1593 -1
1592 -39.714931851828304 -142.85040524406486 890.281038274304 1590 1594 -1
1593 21.1636447335323 -146.71960816472264 987.0438704669908 1591 1595 -1
1594 -39.705395757044556 -142.8665500531063 890.102275988096 1592 1596 -1
1595 21.360480950527986 -146.7340049165266 987.022530314036 1593 1597 -1
1596 -39.695514711467176 -142.8856423466353 889.9238233796954 1594 1598 -1
1597 21.557647165524063 -146.74005933933225 987.0002961308587 1595 1599 -1
1598 -39.68524483416703 -142.90777553059092 889.7457445330094 1596 1600 -1
1599 21.754816149855774 -146.7378239056226 986.9773514702847 1597 1601 -1
1600 -39.674543728655046 -142.9330364968573 889.5681080051506 1598 1602 -1
1601 21.951709098704125 -146.72842679579358 986.9538148909071 1599 1603 -1
1602 -39.663370700620135 -142.96150484920076 889.3909865006596 1600 1604 -1
1603 22.148205838307867 -146.71348118980802 986.9298145270086 1601 1605 -1
1604 -39.65168698117321 -142.99325214161973 889.2144564499981 1602 1606 -1
1605 22.34431350086031 -146.69450568917034 986.9054561114218 1603 1607 -1
1606 -39.639455951325786 -143.02834114712277 889.0385974913318 1604 1608 -1
1607 22.540125723115487 -146.67297885142233 986.880828837479 1605 1609 -1
1608 -39.62664336289243 -143.06682517617398 888.8634918575417 1606 1610 -1
1609 22.73581203747359 -146.65052011300378 986.8560286379616 1607 1611 -1
1610 -39.613217550591386 -143.10874746464307 888.6892236736728 1608 1612 -1
1611 22.93155596605466 -146.6286717428265 986.8311413151584 1609 1613 -1
1612 -39.59914962986632 -143.15414065094856 888.5158781735129 1610 1614 -1
1613 23.127538635410577 -146.60909139335573 986.8062581960663 1611 1615 -1
1614 -39.5844136749019 -143.20302636108258 888.3435408475458 1612 1616 -1
1615 23.323858186293396 -146.59314737011152 986.7814493032408 1613 1617 -1
1616 -39.568986080199345 -143.2554188166819 888.1722978485998 1614 1618 -1
1617 23.520475789028072 -146.58135124368664 986.7566856382724 1615 1619 -1
1618 -39.55284285495126 -143.31133771669428 888.0022402632088 1616 1620 -1
1619 23.717310070868283 -146.57404117559443 986.7319145632232 1617 1621 -1
1620 -39.53597133563999 -143.37075181433622 887.8334435219085 1618 1622 -1
1621 23.91425570316886 -146.57153409166855 986.7070837242596 1619 1623 -1
1622 -39.51835849086358 -143.43363752310935 887.6659855388062 1620 1624 -1
1623 24.1111866122267 -146.57404789517886 986.6821448870179 1621 1625 -1
1624 -39.5 -143.5 887.5 1622 -1 -1
1625 24.307960117649 -146.58182898147814 986.6570526982879 1623 1626 -1
1626 24.504409675596982 -146.59516573399628 986.6317624540648 1625 1627 -1
1627 24.700355677281017 -146.61421976263702 986.606236520042 1626 1628 -1
1628 24.895613132846346 -146.63908980608971 986.5804438578705 1627 1629 -1
1629 25.089979253023092 -146.66992086278353 986.5543545212212 1628 1630 -1
1630 25.28324174105039 -146.7068152921617 986.5279422605066 1629 1631 -1
1631 25.475406376980924 -146.7488469318291 986.5011641908122 1630 1632 -1
1632 25.666899963004013 -146.79355176950597 986.4738862862982 1631 1633 -1
1633 25.85831043930964 -146.83821471589613 986.4459649660848 1632 1634 -1
1634 26.050196052358398 -146.88024049753858 986.4172451554284 1633 1635 -1
1635 26.243029229110984 -146.9168852142128 986.3875688558929 1634 1636 -1
1636 26.437041591270066 -146.94550219951128 986.3568324241774 1635 1637 -1
1637 26.63218235033911 -146.96284384133153 986.3249262412338 1636 1638 -1
1638 26.827849442233077 -146.96719108546424 986.2918877541971 1637 1639 -1
1639 27.023198188158958 -146.9586114440574 986.2577744298013 1638 1640 -1
1640 27.21743404096266 -146.93767767396045 986.2226527596263 1639 1641 -1
1641 27.40995228674102 -146.9054390122785 986.1866113711243 1640 1642 -1
1642 27.60018629217886 -146.86242452259035 986.149680741524 1641 1643 -1
1643 27.78786478871964 -146.80991912717414 986.1119409494771 1642 1644 -1
1644 27.972660150110524 -146.74851025200456 986.0734016516337 1643 1645 -1
1645 28.154670712834964 -146.67970759103383 986.034077118404 1644 1646 -1
1646 28.334472163553887 -146.60578579764152 985.9938555584347 1645 1647 -1
1647 28.512790894407985 -146.5289261134302 985.9525381614905 1646 1648 -1
1648 28.690467544957148 -146.4512754795408 985.9099497567003 1647 1649 -1
1649 28.868285872346185 -146.37479542866336 985.8658664804913 1648 1650 -1
1650 29.047022549762513 -146.3015719092072 985.8200192998544 1649 1651 -1
1651 29.22739051991887 -146.23387310575336 985.7721457899626 1650 1652 -1
1652 29.409925384716974 -146.1740972553293 985.7220312649475 1651 1653 -1
1653 29.595000762700213 -146.12535361875183 985.6694182829132 1652 1654 -1
1654 29.782330362752074 -146.0897915721624 985.61428879363 1653 1655 -1
1655 29.97080255688576 -146.06567947888155 985.5568425524287 1654 1656 -1
1656 30.15948298270137 -146.04948823596175 985.4972911756045 1655 1657 -1
1657 30.34783793429801 -146.03750816744704 985.4357235396704 1656 1658 -1
1658 30.5355702330022 -146.02592433637986 985.3722067355565 1657 1659 -1
1659 30.722388950646664 -146.0108993430324 985.3067658486152 1658 1660 -1
1660 30.907861946692773 -145.98881815518254 985.2395557088415 1659 1661 -1
1661 31.091238844822712 -145.95647668905252 985.1707943929567 1660 1662 -1
1662 31.272015628277973 -145.9139872353129 985.1006682825628 1661 1663 -1
1663 31.449938918427748 -145.86254900497823 985.0292350780192 1662 1664 -1
1664 31.624878175170824 -145.80327559477445 984.9565039634747 1663 1665 -1
1665 31.79689271274235 -145.7373937381354 984.8824862170646 1664 1666 -1
1666 31.96604073420283 -145.66583853332978 984.807132624164 1665 1667 -1
1667 32.13241433468216 -145.5894456491671 984.7303595560395 1666 1668 -1
1668 32.29622602948703 -145.5091122808939 984.6521111295874 1667 1669 -1
1669 32.457651320769 -145.42555619416024 984.5722911106935 1668 1670 -1
1670 32.616875542653695 -145.3394350006732 984.4907916862979 1669 1671 -1
1671 32.774086878535364 -145.2513556760173 984.4074952542202 1670 1672 -1
1672 32.929471359436384 -145.1618840752966 984.3222757302224 1671 1673 -1
1673 33.083209310620575 -145.0715541393219 984.2349995082816 1672 1674 -1
1674 33.23547119813164 -144.98087682736792 984.145523347209 1673 1675 -1
1675 33.38641756190248 -144.8903507927145 984.0536961468619 1674 1676 -1
1676 33.53620328048646 -144.80046492722943 983.9593740354361 1675 1677 -1
1677 33.6849645459189 -144.71170761223811 983.862400063711 1676 1678 -1
1678 33.8328229055229 -144.624574727248 983.7626139608413 1677 1679 -1
1679 33.97987941302439 -144.53955824270471 983.6598626315061 1678 1680 -1
1680 34.12616561213564 -144.45692331480709 983.5541128142444 1679 1681 -1
1681 34.27166500439275 -144.37674434851462 983.4454277850566 1680 1682 -1
1682 34.416359774314664 -144.29909009025172 983.3338733942949 1681 1683 -1
1683 34.56023217914593 -144.2240302660329 983.2195149085159 1682 1684 -1
1684 34.7032644006728 -144.1516357360625 983.1024171146889 1683 1685 -1
1685 34.845438397438606 -144.08197864138975 982.9826444430548 1684 1686 -1
1686 34.986735757249654 -144.015132541446 982.8602611082499 1685 1687 -1
1687 35.12713754986279 -143.95117254116352 982.7353312683982 1686 1688 -1
1688 35.26662417976812 -143.8901754062181 982.6079192019434 1687 1689 -1
1689 35.405175239020345 -143.83221966475753 982.4780895020424 1688 1690 -1
1690 35.54276936013603 -143.77738569377067 982.3459072883594 1689 1691 -1
1691 35.67938406916055 -143.725755788021 982.211438436096 1690 1692 -1
1692 35.81499563911845 -143.6774142092186 982.0747498220398 1691 1693 -1
1693 35.949571803841486 -143.6324706529574 981.9358954853251 1692 1694 -1
1694 36.08308788048208 -143.5910068014373 981.7949512485513 1693 1695 -1
1695 36.21551930634732 -143.55310029571848 981.6519969783075 1694 1696 -1
1696 36.346835777682685 -143.5188435014481 981.5071065503463 1695 1697 -1
1697 36.47700502024944 -143.48833059027655 981.3603563392419 1696 1698 -1
1698 36.60599265962509 -143.46165740121134 981.2118255547418 1697 1699 -1
1699 36.73376209913354 -143.4389212576308 981.0615965875912 1698 1700 -1
1700 36.860274407585344 -143.42022073564863 980.9097553620367 1699 1701 -1
1701 36.98547015188714 -143.40571240469222 980.7563724145272 1700 1702 -1
1702 37.109318067895906 -143.39545528783813 980.601559500402 1701 1703 -1
1703 37.23177614114726 -143.38953157716713 980.4454207443778 1702 1704 -1
1704 37.35281894816923 -143.38791359481397 980.2880787094433 1703 1705 -1
1705 37.472445703137126 -143.39046233537573 980.1296688469793 1704 1706 -1
1706 37.59066112269432 -143.39704019888234 979.9703174099959 1705 1707 -1
1707 37.70746314387254 -143.40754568107818 979.8101360626338 1706 1708 -1
1708 37.82289846191493 -143.42176137895282 979.6492519000795 1707 1709 -1
1709 37.936997851222046 -143.43953353523636 979.4877691512362 1708 1710 -1
1710 38.049798141296655 -143.46070862165897 979.3257843104028 1709 1711 -1
1711 38.16133522322951 -143.48515056120726 979.1633846659721 1710 1712 -1
1712 38.27164469644366 -143.51273795058012 979.0006505024713 1711 1713 -1
1713 38.38079845673229 -143.54327075404478 978.8376631806265 1712 1714 -1
1714 38.488852943855484 -143.57660191120235 978.6744914303789 1713 1715 -1
1715 38.595868510381024 -143.6125866772045 978.5111981782409 1714 1716 -1
1716 38.701887666965305 -143.65113885374535 978.347840691116 1715 1717 -1
1717 38.80700129196633 -143.69205958785295 978.1844741448159 1716 1718 -1
1718 38.91128136525502 -143.73520917079756 978.0211466732318 1717 1719 -1
1719 39.014796272581975 -143.78046974830946 977.8579035543477 1718 1720 -1
1720 39.11761998135679 -143.8277225216822 977.6947880023345 1719 1721 -1
1721 39.219848204521114 -143.87679576145084 977.5318356512727 1720 1722 -1
1722 39.321530952145274 -143.92755531789163 977.3690584541358 1721 1723 -1
1723 39.422652038840845 -143.97983071288954 977.2064110051275 1722 1724 -1
1724 39.523208792669024 -144.03338701803773 977.043830289566 1723 1725 -1
1725 39.62317481129364 -144.0880419844997 976.881250770718 1724 1726 -1
1726 39.72254712364192 -144.14356367036294 976.7186008780158 1725 1727 -1
1727 39.82131727854982 -144.19972959616527 976.5558053894016 1726 1728 -1
1728 39.91947122622745 -144.25631463833258 976.3927824575915 1727 1729 -1
1729 40.0170164541448 -144.3130772395706 976.2294561606074 1728 1730 -1
1730 40.11393183352873 -144.36977680377518 976.0657335185525 1729 1731 -1
1731 40.21023394408248 -144.42617355315357 975.9015451331312 1730 1732 -1
1732 40.30589747065818 -144.482001833812 975.7367902427673 1731 1733 -1
1733 40.40094219913349 -144.53703384405537 975.57141063058 1732 1734 -1
1734 40.49534021086838 -144.5909789912897 975.4053042955055 1733 1735 -1
1735 40.58910999547417 -144.64362498116628 975.23842728174 1734 1736 -1
1736 40.68222132954971 -144.69466265054314 975.0706844361716 1735 1737 -1
1737 40.774688605466906 -144.7438966809175 974.9020488898702 1736 1738 -1
1738 40.86647840172308 -144.79100775961444 974.73243989317 1737 1739 -1
1739 40.957600302423586 -144.83582224515868 974.5618515447011 1738 1740 -1
1740 41.04801549761124 -144.878026148485 974.390224752388 1739 1741 -1
1741 41.13773023440018 -144.91766228827746 974.217620777846 1740 1742 -1
1742 41.226699307526324 -144.95476398935017 974.0440698293177 1741 1743 -1
1743 41.31493534423481 -144.9895589904609 973.8696687831593 1742 1744 -1
1744 41.40240023916464 -145.0221049810758 973.6944468547537 1743 1745 -1
1745 41.4891057315442 -145.05259872117045 973.5184797923636 1744 1746 -1
1746 41.57502936937292 -145.0811349101344 973.341802172397 1745 1747 -1
1747 41.660171917551054 -145.1078625048769 973.1644646544703 1746 1748 -1
1748 41.744532916657285 -145.13291902383395 972.9865105703394 1747 1749 -1
1749 41.82809468162126 -145.1564033265199 972.8079658296207 1748 1750 -1
1750 41.91087632338656 -145.1784808055851 972.6288789179105 1749 1751 -1
1751 41.9928583612144 -145.1992427559029 972.4492675101934 1750 1752 -1
1752 42.07405148007078 -145.218828919787 972.2691662818385 1751 1753 -1
1753 42.154464114325464 -145.2373678176887 972.088604526832 1752 1754 -1
1754 42.2340727165774 -145.25494725167974 971.9075910281261 1753 1755 -1
1755 42.31290370982269 -145.2717124397683 971.7261604275574 1754 1756 -1
1756 42.390956743993186 -145.2877724750785 971.5443300582092 1755 1757 -1
1757 42.46821524975505 -145.3032256271518 971.3621081565577 1756 1758 -1
1758 42.544702696320016 -145.31819864100507 971.1795212417884 1757 1759 -1
1759 42.620421212282636 -145.33279795649293 970.9965838638093 1758 1760 -1
1760 42.69535105816869 -145.3471240128102 970.8133004578739 1759 1761 -1
1761 42.76951635336042 -145.36129129719944 970.6296940335043 1760 1762 -1
1762 42.84291880431995 -145.37540285589134 970.4457770097737 1761 1763 -1
1763 42.91554550838362 -145.38956359018167 970.261556044177 1762 1764 -1
1764 42.98740583180284 -145.40387756948732 970.0770466223241 1763 1765 -1
1765 43.058506827557395 -145.4184449225053 969.8922630758373 1764 1766 -1
1766 43.128844956362286 -145.43336788339727 969.7072161334788 1765 1767 -1
1767 43.19840793124273 -145.4487559436663 969.5219144630549 1766 1768 -1
1768 43.26721104315445 -145.4647003707619 969.3363763288895 1767 1769 -1
1769 43.335252981844775 -145.48129971402355 969.1506150799872 1768 1770 -1
1770 43.40252182292 -145.49866335022938 968.9646422782553 1769 1771 -1
1771 43.469015850844045 -145.51689172287803 968.778473738284 1770 1772 -1
1772 43.53474108324441 -145.53607337995297 968.5921281216923 1771 1773 -1
1773 43.59969364561532 -145.55630584749971 968.4056227972559 1772 1774 -1
1774 43.66385515996571 -145.5777084107554 968.2189743660073 1773 1775 -1
1775 43.727230045402564 -145.60036471028343 968.0322052829067 1774 1776 -1
1776 43.7898381885616 -145.6243092689122 967.8453383503281 1775 1777 -1
1777 43.85170903120668 -145.6495441278485 967.6583955910323 1776 1778 -1
1778 43.91285834956916 -145.67609703384417 967.4713979850305 1777 1779 -1
1779 43.973327479801746 -145.70394967422325 967.2843683041403 1778 1780 -1
1780 44.033148024763875 -145.73310036631327 967.0973278634634 1779 1781 -1
1781 44.09234838210915 -145.763553669246 966.9102975902426 1780 1782 -1
1782 44.15094296658741 -145.79534695588703 966.7232995357605 1781 1783 -1
1783 44.20897400140357 -145.8284566652754 966.5363542544732 1782 1784 -1
1784 44.266469524450216 -145.8628895611991 966.3494825464206 1783 1785 -1
1785 44.323453627422104 -145.8986637082077 966.16270612977 1784 1786 -1
1786 44.37994834979661 -145.93580624312781 965.9760482031504 1785 1787 -1
1787 44.43599051825222 -145.97430281768925 965.789528289991 1786 1788 -1
1788 44.49160722072165 -146.01416568854972 965.6031680605503 1787 1789 -1
1789 44.546817048650134 -146.05543996672918 965.4169941923658 1788 1790 -1
1790 44.60165463205567 -146.09811750602245 965.231026855176 1789 1791 -1
1791 44.65614924991357 -146.14220689894054 965.0452881988089 1790 1792 -1
1792 44.71032251383919 -146.18775360979808 964.8598073653637 1791 1793 -1
1793 44.764205433364104 -146.2347653207496 964.6746077404779 1792 1794 -1
1794 44.8178290093603 -146.2832466938176 964.4897119821737 1793 1795 -1
1795 44.87121593783511 -146.3332573025461 964.3051553753834 1794 1796 -1
1796 44.924399316664335 -146.38479573764135 964.1209607312211 1795 1797 -1
1797 44.977408624306015 -146.43788382176598 963.9371564363091 1796 1798 -1
1798 45.03027029695279 -146.49258729031115 963.7537838252172 1797 1799 -1
1799 45.083018750549776 -146.548888491359 963.5708627965473 1798 1800 -1
1800 45.13568222848762 -146.60686667638308 963.3884418559895 1799 1801 -1
1801 45.18829419331244 -146.6665200161539 963.2065469501318 1800 1802 -1
1802 45.24088667610372 -146.72791233309107 963.025225998168 1801 1803 -1
1803 45.29349322456486 -146.79106478140994 962.8445146704486 1802 1804 -1
1804 45.34614883325392 -146.85603859581173 962.6644646141717 1803 1805 -1
1805 45.39888805987341 -146.92285507500384 962.4851147857776 1804 1806 -1
1806 45.451749968082225 -146.99159862129633 962.3065310927904 1805 1807 -1
1807 45.50476921429905 -147.0622742400963 962.1287500806338 1806 1808 -1
1808 45.55798973978645 -147.1349867623026 961.951852879119 1807 1809 -1
1809 45.61141931669228 -147.20967457696216 961.7758438184604 1808 1810 -1
1810 45.66500015212429 -147.28610834282838 961.6006317133902 1809 1811 -1
1811 45.71866382178223 -147.3640473035108 961.4261091258328 1810 1812 -1
1812 45.77233741133178 -147.44318442214072 961.2521294564302 1811 1813 -1
1813 45.82594965769053 -147.5232279612565 961.0785458073465 1812 1814 -1
1814 45.87942797365064 -147.6038784536184 960.9052018293 1813 1815 -1
1815 45.93269459790862 -147.68482386367486 960.7319301063811 1814 1816 -1
1816 45.985674625161714 -147.76573321983557 960.5585537378059 1815 1817 -1
1817 46.0382901928759 -147.84627286609336 960.3848945883739 1816 1818 -1
1818 46.09046050066233 -147.92609871228876 960.2107723435078 1817 1819 -1
1819 46.142101947856965 -148.00485621593404 960.0360074034131 1818 1820 -1
1820 46.1931279303672 -148.08218117913384 959.8604242182623 1819 1821 -1
1821 46.24344796040633 -148.15769881383622 959.6838538004338 1820 1822 -1
1822 46.29296489650553 -148.23101682797588 959.5061335408883 1821 1823 -1
1823 46.34158730532927 -148.30176236717776 959.3271290049205 1822 1824 -1
1824 46.38921699976513 -148.36954999851645 959.1467193212862 1823 1825 -1
1825 46.43575375780855 -148.43400059423894 958.9648084764718 1824 1826 -1
1826 46.48108759361331 -148.494865264509 958.7813655340042 1825 1827 -1
1827 46.52510150832276 -148.55207107475812 958.5964298775477 1826 1828 -1
1828 46.56768750983262 -148.60558122326637 958.4100592080538 1827 1829 -1
1829 46.60874964962927 -148.65538389288173 958.2223237342002 1828 1830 -1
1830 46.64819624515729 -148.70147183387857 958.0332973406491 1829 1831 -1
1831 46.685950532015035 -148.74386634110132 957.8430649242771 1830 1832 -1
1832 46.72197156280045 -148.78265466198673 957.6517303323336 1831 1833 -1
1833 46.75622265981846 -148.81791850941315 957.4593909820069 1832 1834 -1
1834 46.78864999056028 -148.84969818604358 957.26613014381 1833 1835 -1
1835 46.819253818973735 -148.8781282270511 957.0720519712019 1834 1836 -1
1836 46.8480426100437 -148.90334309905398 956.8772526565537 1835 1837 -1
1837 46.87499167618401 -148.92541110327403 956.6818091593801 1836 1838 -1
1838 46.900152910257155 -148.94452062824948 956.4858162375107 1837 1839 -1
1839 46.92353502505234 -148.9607773518606 956.2893459226292 1838 1840 -1
1840 46.94515979645705 -148.9743008706996 956.0924674318616 1839 1841 -1
1841 46.965090208791274 -148.9852650576539 955.8952511429857 1840 1842 -1
1842 46.98336204523494 -148.99379289708725 955.6977537017345 1841 1843 -1
1843 47.0 -149.0 955.5 1842 -1 -1
