0 -52.5 -159.0 691.5 -1 1 -1
1 -52.406389062300164 -158.91624300237498 691.6412949994939 0 2 -1
2 -52.31157295378935 -158.83006576115113 691.7806463196497 1 3 -1
3 -52.21563143575136 -158.7416799265011 691.9178271043871 2 4 -1
4 -52.11859073117994 -158.65109436989604 692.0527817164523 3 5 -1
5 -52.02048440615524 -158.5583319523055 692.1854680482535 4 6 -1
6 -51.92133815543342 -158.46339855166318 692.3158254362298 5 7 -1
7 -51.82118837519152 -158.3663214599517 692.4438153544144 6 8 -1
8 -51.7200667750569 -158.26711745792886 692.569387475507 7 9 -1
9 -51.618006324977635 -158.16580491587513 692.6924922517388 8 10 -1
10 -51.515046917202476 -158.0624173682877 692.8130979255438 9 11 -1
11 -51.41122096400452 -157.95697035726693 692.9311507338688 10 12 -1
12 -51.306567583437825 -157.8494942664967 693.0466145951582 11 13 -1
13 -51.201127136472614 -157.74002243583325 693.1594577002512 12 14 -1
14 -51.09493850817797 -157.62858415957555 693.269643220335 13 15 -1
15 -50.98803927096907 -157.51520417866524 693.3771276703203 14 16 -1
16 -50.880472009938856 -157.39992030383448 693.4818857965118 15 17 -1
17 -50.77227852535473 -157.28276829933026 693.5838902911337 16 18 -1
18 -50.66350037104908 -157.16378301167657 693.6831130433044 17 19 -1
19 -50.554179544976364 -157.04300039473353 693.7795281144085 18 20 -1
20 -50.444358397048745 -156.9204573860918 693.8731117116297 19 21 -1
21 -50.33407954182698 -156.7961917855973 693.9638421505131 20 22 -1
22 -50.223385776535025 -156.67024213683345 694.0516998073664 21 23 -1
23 -50.112320004785964 -156.54264761230434 694.1366670623563 22 24 -1
24 -50.00092516633074 -156.41344790298197 694.2187282341986 23 25 -1
25 -49.88924417306349 -156.2826831127905 694.2978695073522 24 26 -1
26 -49.77731985144659 -156.15039365851672 694.3740788526347 25 27 -1
27 -49.66519489145058 -156.01662017555284 694.4473459421702 26 28 -1
28 -49.55291180204467 -155.88140342979614 694.5176620595622 27 29 -1
29 -49.44051287321577 -155.744784235953 694.585020006153 28 30 -1
30 -49.32804014444692 -155.60680338242713 694.6494140042 29 31 -1
31 -49.21553537954154 -155.46750156290076 694.7108395977547 30 32 -1
32 -49.103040047644264 -155.32691931466346 694.7692935519767 31 33 -1
33 -48.99059531027888 -155.18509696368687 694.8247737515774 32 34 -1
34 -48.878242014198605 -155.04207457639808 694.8772790990143 33 35 -1
35 -48.76602125908513 -154.8978881940505 694.9267995366678 34 36 -1
36 -48.65397303284344 -154.75258080658693 694.9733444421926 35 37 -1
37 -48.54213725835515 -154.6061916532301 695.0169155613547 36 38 -1
38 -48.43055358462499 -154.4587594371241 695.0575148810995 37 39 -1
39 -48.319261571492156 -154.31032192088054 695.0951432696083 38 40 -1
40 -48.20830175958423 -154.16091363394594 695.1297928059773 39 41 -1
41 -48.097711916121156 -154.0105760427012 695.1614785674326 40 42 -1
42 -47.987530780863736 -153.85934620418598 695.1902040816059 41 43 -1
43 -47.87779790439804 -153.70725897954785 695.2159662352137 42 44 -1
44 -47.76854923224807 -153.5543522709433 695.2387649119119 43 45 -1
45 -47.65981504305351 -153.4006693657955 695.2586131406988 44 46 -1
46 -47.55162780920802 -153.24624922936397 695.2755090083105 45 47 -1
47 -47.444020607841516 -153.0911301772211 695.2894480045177 46 48 -1
48 -47.33702202744754 -152.93535519632388 695.3004472657838 47 49 -1
49 -47.23066566546621 -152.77896138204065 695.308499003383 48 50 -1
50 -47.124982219514415 -152.6219886997258 695.3136091956524 49 51 -1
51 -47.020001058499076 -152.46447760639902 695.315788541466 50 52 -1
52 -46.915757818662925 -152.3064640033009 695.315022392283 51 53 -1
53 -46.81227847988449 -152.147990147048 695.3113344436791 52 54 -1
54 -46.70959995615182 -151.98909165487467 695.3047067183343 53 55 -1
55 -46.607748864440204 -151.8298097031747 695.2951594924144 54 56 -1
56 -46.50676186203429 -151.67018086052818 695.282677942883 55 57 -1
57 -46.406666368966754 -151.51024555463786 695.2672791505979 56 58 -1
58 -46.30750048235107 -151.3500408329111 695.2489460787108 57 59 -1
59 -46.20929096755701 -151.1896072329408 695.227698080414 58 60 -1
60 -46.112078217163656 -151.0289824127206 695.2035139578352 59 61 -1
61 -46.01589050187926 -150.8682068715069 695.1764094724433 60 62 -1
62 -45.92076476885451 -150.70731995913326 695.14637605941 61 63 -1
63 -45.82673805920716 -150.54636187913246 695.1134068582521 62 64 -1
64 -45.73384256139472 -150.38537353875194 695.0775088879882 63 65 -1
65 -45.642118160359004 -150.2243962038112 695.0386705122344 64 66 -1
66 -45.55160367618729 -150.06347212025332 694.9968849355511 65 67 -1
67 -45.46233477105584 -149.9026440015284 694.9521543645917 66 68 -1
68 -45.37435166185402 -149.74195556354894 694.9044716158821 67 69 -1
69 -45.28769808120849 -149.58145199972896 694.8538237431475 68 70 -1
70 -45.20241609754079 -149.42117939563002 694.8002038482948 69 71 -1
71 -45.1185473796339 -149.26118468710703 694.7436077561679 70 72 -1
72 -45.03613718458177 -149.1015165489467 694.6840258057298 71 73 -1
73 -44.95523223564605 -148.94222522002553 694.6214478025694 72 74 -1
74 -44.87588079873049 -148.78336263906237 694.5558630754689 73 75 -1
75 -44.79813275747233 -148.62498258589048 694.487260545075 74 76 -1
76 -44.72203968620122 -148.46714082800113 694.4156288058095 75 77 -1
77 -44.64765477115508 -148.30989462389076 694.3409577135396 76 78 -1
78 -44.575031369946934 -148.15329814131857 694.2632491647811 77 79 -1
79 -44.50422228237448 -147.99740409706038 694.1825129613293 78 80 -1
80 -44.435279865740824 -147.8422657724041 694.0987619019347 79 81 -1
81 -44.36825592051213 -147.687936928943 694.0120117777122 80 82 -1
82 -44.303201572364166 -147.53447170508113 693.922281394423 81 83 -1
83 -44.24016996902465 -147.38192583174154 693.8295885934766 82 84 -1
84 -44.17921191679548 -147.2303546717935 693.7339567123387 83 85 -1
85 -44.120372519481954 -147.0798113749539 693.6354185471907 84 86 -1
86 -44.06369899533835 -146.93035050134517 693.5340051211585 85 87 -1
87 -44.00924073150312 -146.78202823180973 693.4297461686892 86 88 -1
88 -43.957045425356085 -146.6349004473163 693.3226752840876 87 89 -1
89 -43.9071503733745 -146.48901781893676 693.2128398055034 88 90 -1
90 -43.85959839851043 -146.34443420070085 693.1002809838761 89 91 -1
91 -43.81443818061451 -146.20120721617943 692.9850348216269 90 92 -1
92 -43.7716979318786 -146.05938308298468 692.867160917037 91 93 -1
93 -43.73141625396239 -145.91901404861903 692.7467075960351 92 94 -1
94 -43.69363483108452 -145.78015456228792 692.6237210818928 93 95 -1
95 -43.65837567787286 -145.642847247734 692.4982676739425 94 96 -1
96 -43.625674177927024 -145.50714291717034 692.3704004792355 95 97 -1
97 -43.595560048547135 -145.37308901866282 692.2401785217413 96 98 -1
98 -43.56805081726993 -145.24072509239141 692.1076715278699 97 99 -1
99 -43.543178012835654 -145.1100997248091 691.9729368418599 98 100 -1
100 -43.52095817094708 -144.98125161616613 691.8360444952746 99 101 -1
101 -43.50140452625932 -144.85421695341245 691.6970663123813 100 102 -1
102 -43.48454227597038 -144.7290399916744 691.5560645766963 101 103 -1
103 -43.47037783713601 -144.60575188079747 691.4131152888388 102 104 -1
104 -43.45891858171242 -144.4843840213299 691.2682925276083 103 105 -1
105 -43.45017897113478 -144.3649726441271 691.1216648854537 104 106 -1
106 -43.444162903629305 -144.24754617182725 690.9733073702087 105 107 -1
107 -43.44086841462474 -144.13212830979495 690.8232974084561 106 108 -1
108 -43.44029624705119 -144.01874432005334 690.6717094886898 107 109 -1
109 -43.44244993557483 -143.90742127069637 690.5186156711901 108 110 -1
110 -43.447302722091145 -143.79817776472973 690.3640921730167 109 111 -1
111 -43.4547468978551 -143.69102744085848 690.208211930206 110 112 -1
112 -43.4646586458305 -143.5859817850526 690.0510416836457 111 113 -1
113 -43.47691507801759 -143.48304817971044 689.8926439703462 112 114 -1
114 -43.49139464358788 -143.38223036006912 689.7330771981988 113 115 -1
115 -43.507977468169365 -143.28352885290457 689.5723957547632 114 116 -1
116 -43.52654562939375 -143.18694139362046 689.4106501431902 115 117 -1
117 -43.54698337413237 -143.09246331896685 689.2478871390913 116 118 -1
118 -43.569177283008045 -143.000087933616 689.0841499628924 117 119 -1
119 -43.59301638775788 -142.90980684965433 688.9194784629334 118 120 -1
120 -43.6183922468768 -142.82161029873794 688.7539093052759 119 121 -1
121 -43.64519898472674 -142.73548741721166 688.587476166834 120 122 -1
122 -43.67333329898266 -142.65142650491887 688.4202099290488 121 123 -1
123 -43.70269444092837 -142.56941525875777 688.2521388698681 122 124 -1
124 -43.73318417273275 -142.48944098226434 688.0832888522814 123 125 -1
125 -43.76470888125628 -142.41149544166737 687.9136818058125 124 126 -1
126 -43.79717400698636 -142.33556445047478 687.7433398610495 125 127 -1
127 -43.830486966311035 -142.26163252298218 687.572283703161 126 128 -1
128 -43.864558697174346 -142.18968702859635 687.4005313214577 127 129 -1
129 -43.89930466738692 -142.11972394308157 687.228096349913 128 130 -1
130 -43.93463739412586 -142.05172595078372 687.05499576649 129 131 -1
131 -43.97047289212354 -141.98567962850714 686.881244053253 130 132 -1
132 -44.00673135731691 -141.92158425086026 686.7068506020695 131 133 -1
133 -44.043330633308585 -141.85942268868718 686.5318294462596 132 134 -1
134 -44.08019196222465 -141.79918637011744 686.3561911449048 133 135 -1
135 -44.117238171691284 -141.74087448491252 686.1799433339798 134 136 -1
136 -44.15439180490371 -141.68446880080273 686.003098767156 135 137 -1
137 -44.19157761701195 -141.6299758518059 685.8256622089134 136 138 -1
138 -44.22872076896128 -141.57737793843765 685.6476457968413 137 139 -1
139 -44.26574695267324 -141.52667990049585 685.4690547280198 138 140 -1
140 -44.30258341551342 -141.4778702684321 685.2898992318649 139 141 -1
141 -44.33915666899504 -141.43095265509365 685.1101852061336 140 142 -1
142 -44.37539546565555 -141.38591849692412 684.929922433642 141 143 -1
143 -44.41122703089438 -141.34277299286288 684.749117138432 142 144 -1
144 -44.44660897666539 -141.30148659980014 684.5677899239887 143 145 -1
145 -44.48153907673287 -141.26201381126978 684.385971840036 144 146 -1
146 -44.51602494484181 -141.22428446846695 684.20369931828 145 147 -1
147 -44.550068023901616 -141.18825374222206 684.0210003151935 146 148 -1
148 -44.58367703411521 -141.15385000867684 683.8379077067722 147 149 -1
149 -44.61685529254401 -141.1210231727814 683.6544473403433 148 150 -1
150 -44.649609734733126 -141.0897107330276 683.4706463690567 149 151 -1
151 -44.68194669589547 -141.05985352774962 683.2865295426566 150 152 -1
152 -44.71387067588044 -141.03139947199236 683.1021186460129 151 153 -1
153 -44.74539030115653 -141.00428340353227 682.9174367624181 152 154 -1
154 -44.7765103755792 -140.97845370825337 682.7325028591293 153 155 -1
155 -44.807238006123015 -140.9538519103821 682.5473360245105 154 156 -1
156 -44.837580873232156 -140.9304187008437 682.3619542537399 155 157 -1
157 -44.86754378902487 -140.90810396563404 682.1763727510993 156 158 -1
158 -44.89713490334579 -140.8868482716748 681.9906073390046 157 159 -1
159 -44.92636148164441 -140.8665955988545 681.8046722035641 158 160 -1
160 -44.95522871725804 -140.84729591440967 681.6185796107552 159 161 -1
161 -44.98374455579614 -140.82889225947983 681.4323421059911 160 162 -1
162 -45.01191629009125 -140.8113300828051 681.2459710037566 161 163 -1
163 -45.03974975390994 -140.79455868673244 681.0594762547878 162 164 -1
164 -45.06725178321906 -140.7785251894637 680.8728674535212 163 165 -1
165 -45.09443002720754 -140.76317541453582 680.6861537340393 164 166 -1
166 -45.12129109981961 -140.74845783798676 680.4993432194603 165 167 -1
167 -45.14784015958982 -140.73432369605547 680.3124430545978 166 168 -1
168 -45.17408541754517 -140.72071874173668 680.1254607184218 167 169 -1
169 -45.20003340743745 -140.70759222029957 679.9384026969361 168 170 -1
170 -45.22569001033137 -140.69489439733633 679.7512748914857 169 171 -1
171 -45.251061427596355 -140.68257493532624 679.564082912411 170 172 -1
172 -45.276154899219605 -140.6705823604467 679.3768322415092 171 173 -1
173 -45.30097671685304 -140.65886661271892 679.1895278382884 172 174 -1
174 -45.325532154716214 -140.64737836080369 679.0021742322173 173 175 -1
175 -45.34982798862227 -140.6360668426067 678.8147760282849 174 176 -1
176 -45.37387069769063 -140.6248817667916 678.6273375893437 175 177 -1
177 -45.397666205946294 -140.6137731334853 678.4398630596364 176 178 -1
178 -45.42121940622109 -140.60269067863868 678.2523563833066 177 179 -1
179 -45.44453738127005 -140.59158378378802 678.0648217556395 178 180 -1
180 -45.46762594352868 -140.58040200747888 677.8772631955258 179 181 -1
181 -45.490490092480556 -140.56909407817042 677.6896847108571 180 182 -1
182 -45.51313579507646 -140.55760879249303 677.5020905067144 181 183 -1
183 -45.53556914924891 -140.54589513596278 677.314484914781 182 184 -1
184 -45.557795240129614 -140.53390069853273 677.1268724006723 183 185 -1
185 -45.57981925575638 -140.5215724401845 676.9392577024878 184 186 -1
186 -45.60164737663386 -140.50885884870632 676.7516458357654 185 187 -1
187 -45.623284457680064 -140.4957055626483 676.5640421605808 186 188 -1
188 -45.64473555526021 -140.48205777355213 676.3764524625002 187 189 -1
189 -45.666006619339434 -140.4678629337528 676.1888828753952 188 190 -1
190 -45.68710197393455 -140.4530629760609 676.0013402312032 189 191 -1
191 -45.708027163277045 -140.4376032431364 675.8138317710556 190 192 -1
192 -45.728787373185405 -140.42142766902654 675.6263653804571 191 193 -1
193 -45.749386810386426 -140.4044748536485 675.4389499578592 192 194 -1
194 -45.7698313743903 -140.386691280341 675.2515945958665 193 195 -1
195 -45.79012480545759 -140.36801116435936 675.0643100849313 194 196 -1
196 -45.810272851855885 -140.3483800061738 674.8771071952957 195 197 -1
197 -45.83027939101755 -140.3277306700409 674.689998723328 196 198 -1
198 -45.85014974957934 -140.30600585047273 674.5029975822308 197 199 -1
199 -45.869887772861716 -140.2831359763661 674.3161190337274 198 200 -1
200 -45.88949871956973 -140.2590634734707 674.1293782356057 199 201 -1
201 -45.90898605877542 -140.23371314070732 673.9427936979974 200 202 -1
202 -45.92835497716108 -140.2070271908166 673.7563832023845 201 203 -1
203 -45.94760916616743 -140.17893143718922 673.570168119306 202 204 -1
204 -45.96675295040552 -140.14935868871515 673.3841705402243 203 205 -1
205 -45.98579060353537 -140.11824222453177 673.1984141179233 204 206 -1
206 -46.00472556549314 -140.0855028702176 673.0129263898746 205 207 -1
207 -46.02356207337946 -140.05107441104906 672.8277347731124 206 208 -1
208 -46.04230390274059 -140.01488497565492 672.6428696475009 207 209 -1
209 -46.060954473947795 -139.97685708399078 672.458364737929 208 210 -1
210 -46.07951722656114 -139.93691474207762 672.2742559942504 209 211 -1
211 -46.09799570563015 -139.8949872332908 672.0905807592343 210 212 -1
212 -46.11639308393599 -139.85099879439923 671.9073800849571 211 213 -1
213 -46.13471238108598 -139.80487344770225 671.724697944271 212 214 -1
214 -46.15295638720385 -139.75653319311442 671.542581886384 213 215 -1
215 -46.171127767638794 -139.7059015039248 671.3610823595167 214 216 -1
216 -46.189229115612804 -139.65290654584396 671.1802518382005 215 217 -1
217 -46.207262708246716 -139.59747399567212 671.0001469201392 216 218 -1
218 -46.22523060622431 -139.53953068894782 670.820827524102 217 219 -1
219 -46.243134640981964 -139.4790049828632 670.6423569080974 218 220 -1
220 -46.260976402377516 -139.41582714706718 670.4648016576957 219 221 -1
221 -46.27875722711668 -139.34992978053924 670.2882316403561 220 222 -1
222 -46.2964781882416 -139.2812482519194 670.1127199216303 221 223 -1
223 -46.31414008600896 -139.20972115981075 669.9383426392583 222 224 -1
224 -46.33174344050017 -139.13529080864888 669.7651788314565 223 225 -1
225 -46.34928848631641 -139.0579036947803 669.5933102161442 224 226 -1
226 -46.36677516970891 -138.977510996441 669.4228209184719 225 227 -1
227 -46.384203148484445 -138.89406906041071 669.2537971448228 226 228 -1
228 -46.40157179500048 -138.80753987728355 669.0863268024474 227 229 -1
229 -46.41888020252564 -138.71789153658736 668.9204990650578 228 230 -1
230 -46.436127195189464 -138.6250986524451 668.7564038860447 229 231 -1
231 -46.45331134167568 -138.52914275016371 668.59413146244 230 232 -1
232 -46.47043097273379 -138.43001260408707 668.4337716543047 231 233 -1
233 -46.487484202488034 -138.3277045173163 668.2754133658144 232 234 -1
234 -46.50446895342089 -138.22222253449272 668.1191438958905 233 235 -1
235 -46.52138298479746 -138.11357857978712 667.9650482676901 234 236 -1
236 -46.538223924185345 -138.00179251352762 667.8132085475872 235 237 -1
237 -46.55498930161594 -137.8868921025128 667.6637031653255 236 238 -1
238 -46.57167656609725 -137.76891215818085 667.5166068541419 237 239 -1
239 -46.588282917359386 -137.64788712644105 667.3719962839912 238 240 -1
240 -46.604805995765034 -137.52387497036275 667.2299294436547 239 241 -1
241 -46.621243300594436 -137.3969329443316 667.0904642026408 240 242 -1
242 -46.63759226351941 -137.2671198970465 666.9536565542164 241 243 -1
243 -46.65385027312029 -137.13449666389585 666.819560302296 242 244 -1
244 -46.67001554774228 -136.99914993307232 666.688201946937 243 245 -1
245 -46.68608536549335 -136.86113901184999 666.5596335213138 244 246 -1
246 -46.70205848388604 -136.72056315461367 666.4338622579404 245 247 -1
247 -46.71793235845853 -136.5774852258947 666.3109318816148 246 248 -1
248 -46.73370608330454 -136.43200699798783 666.1908384569743 247 249 -1
249 -46.74937824609849 -136.2842133416714 666.0735924548911 248 250 -1
250 -46.764947455739026 -136.1341865001474 665.9592036360096 249 251 -1
251 -46.78041293261405 -135.9820179978457 665.8476650932869 250 252 -1
252 -46.79577414392249 -135.8277993427817 665.7389639179769 251 253 -1
253 -46.811030653784826 -135.67161886109824 665.6330854997091 252 254 -1
254 -46.82618227779818 -135.51356456323612 665.5300095065968 253 255 -1
255 -46.8412288750454 -135.3537203598177 665.4297155784985 254 256 -1
256 -46.85617056177548 -135.1921698219969 665.3321777327626 255 257 -1
257 -46.87100808022679 -135.0290012469348 665.2373550207326 256 258 -1
258 -46.88574198572408 -134.8642945917653 665.1452129079202 257 259 -1
259 -46.90037249029992 -134.69812063739417 665.0557269568662 258 260 -1
260 -46.91490122165826 -134.5305652449183 664.9688378818598 259 261 -1
261 -46.92932856847977 -134.3616928138843 664.8845194595975 260 262 -1
262 -46.943655965428604 -134.19157732895022 664.8027202362005 261 263 -1
263 -46.957884817006835 -134.02028778288067 664.7233909886405 262 264 -1
264 -46.97201635808117 -133.84788713608074 664.646488056199 263 265 -1
265 -46.98605194525124 -133.67443614499865 664.5719659421062 264 266 -1
266 -47.0 -133.5 664.5 265 267 268
267 -46.98292438472528 -133.2975016308048 664.5935198090926 266 269 -1
268 -46.91181218463143 -133.5798014199708 664.3558488530178 266 270 -1
269 -46.96944546419223 -133.0958184977849 664.6891990576347 267 271 -1
270 -46.82322842741307 -133.65855644545738 664.2116494793164 268 272 -1
271 -46.95944310404727 -132.89497887317307 664.7870546410275 269 273 -1
272 -46.73435534157405 -133.73652253263603 664.0671996221403 270 274 -1
273 -46.95288861187703 -132.69503160038553 664.8870070696375 271 275 -1
274 -46.64522656207566 -133.81371141915486 663.9224901345503 272 276 -1
275 -46.9497495916571 -132.49602181880354 664.9889760370236 273 277 -1
276 -46.555875570930965 -133.89013473539595 663.7775115898789 274 278 -1
277 -46.94999506484292 -132.29799238905989 665.0928834240776 275 279 -1
278 -46.466335731315844 -133.96580399841116 663.6322542906422 276 280 -1
279 -46.95358240534402 -132.10097996294428 665.1986460000892 277 281 -1
280 -46.3766403223164 -134.04073060658288 663.486708277063 278 282 -1
281 -46.960469228109254 -131.90501823776972 665.3061824898687 279 283 -1
282 -46.28682257429935 -134.11492583494376 663.3408633352675 280 284 -1
283 -46.97061165140989 -131.7101375148802 665.4154125476159 281 285 -1
284 -46.19691570489451 -134.18840083109455 663.1947090052236 282 286 -1
285 -46.98396525094567 -131.51636506753994 665.5262572347067 283 287 -1
286 -46.10695295558534 -134.26116661165955 663.0482345884915 284 288 -1
287 -47.00048611794078 -131.32372561318138 665.6386394560876 285 289 -1
288 -46.016967628905824 -134.33323405922314 662.9014291558608 286 290 -1
289 -47.02011995488995 -131.132237279556 665.7524789153252 287 291 -1
290 -45.92699312624685 -134.40461391969242 662.7542815549513 288 292 -1
291 -47.04281637795497 -130.94191672809424 665.8676991341629 289 293 -1
292 -45.83706298627642 -134.47531680003385 662.6067804178591 290 294 -1
293 -47.0685289113388 -130.75277948493658 665.9842270411199 291 295 -1
294 -45.74721092398117 -134.54535316633311 662.4589141689337 292 296 -1
295 -47.09720428266915 -130.56483581419047 666.1019883029285 293 297 -1
296 -45.65747090340396 -134.6147331960763 662.3106709448534 294 298 -1
297 -47.12878677210981 -130.37809229507204 666.2209095353054 295 299 -1
298 -45.56787714654526 -134.68346703607637 662.1620387455521 296 300 -1
299 -47.163229804146326 -130.1925568135055 666.3409226953463 297 301 -1
300 -45.478464067929394 -134.75156502042742 662.0130056030689 298 302 -1
301 -47.20047809242503 -130.00823120306512 666.4619580613247 299 303 -1
302 -45.38926647000924 -134.81903703846754 661.8635592054939 300 304 -1
303 -47.2404773541517 -129.82511529664487 666.5839481847123 301 305 -1
304 -45.30031953455073 -134.8858928317945 661.713687077961 302 306 -1
305 -47.28318268798773 -129.64321088241738 666.7068303928683 303 307 -1
306 -45.21165886549924 -134.95214199332497 661.5633765932383 304 308 -1
307 -47.328533463844884 -129.4625105104459 666.8305385785458 305 309 -1
308 -45.12332053250466 -135.01779396637255 661.412614983182 306 310 -1
309 -47.37648945371736 -129.2830139636804 666.9550145860311 307 311 -1
310 -45.0353412211935 -135.0828578886367 661.2613892233726 308 312 -1
311 -47.42698955089098 -129.10470939830796 667.0801957179885 309 313 -1
312 -44.947758274576074 -135.14734267368277 661.1096860898758 310 314 -1
313 -47.47999575674698 -128.9275939112959 667.2060272270642 311 315 -1
314 -44.86060930186217 -135.2112575697461 660.9574926613204 312 316 -1
315 -47.535449583808365 -128.75165310086206 667.3324505249822 313 317 -1
316 -44.77393271886871 -135.27461141251194 660.8047957278241 314 318 -1
317 -47.59331077712775 -128.57687957893415 667.4594130050207 315 319 -1
318 -44.687767636536655 -135.3374128826772 660.6515820133856 316 320 -1
319 -47.65352917864776 -128.40325957205658 667.5868611589958 317 321 -1
320 -44.60215390810877 -135.39967050434117 660.4978381956159 318 322 -1
321 -47.71605804979648 -128.23077940837763 667.7147437494364 319 323 -1
322 -44.51713217674906 -135.46139264316065 660.3435509274217 320 324 -1
323 -47.78085966334152 -128.05942845077368 667.8430123981384 321 325 -1
324 -44.43274392352516 -135.52258750423513 660.1887068608312 322 326 -1
325 -47.84788428734125 -127.88918872990337 667.9716179929563 323 327 -1
326 -44.34903151565565 -135.58326312968947 660.0332926731626 324 328 -1
327 -47.91709039044696 -127.72004505231577 668.1005141469537 325 329 -1
328 -44.266038254904984 -135.6434273959212 659.8772950957411 326 330 -1
329 -47.98844163399918 -127.55198364261476 668.2296562017558 327 331 -1
330 -44.18381052376585 -135.70308672221958 659.7206993630788 328 332 -1
331 -48.061895086133596 -127.38498625953859 668.3589998742358 329 333 -1
332 -44.10239287743237 -135.76224933724612 659.5634931250466 330 334 -1
333 -48.137411407806596 -127.21903539398316 668.4885025092201 331 335 -1
334 -44.02183102524157 -135.82092309294617 659.4056640449855 332 336 -1
335 -48.214953491229075 -127.05411366155627 668.6181227388878 333 337 -1
336 -43.94217255042931 -135.8791151696374 659.2471994044928 334 338 -1
337 -48.294485890377196 -126.8902035796033 668.7478203062017 335 339 -1
338 -43.863466604509455 -135.93683190975608 659.0880863031233 336 340 -1
339 -48.37597548231556 -126.7272879605158 668.8775559527172 337 341 -1
340 -43.785740231347255 -135.99407472892224 658.9283217958215 338 342 -1
341 -48.45938572183081 -126.56534704933377 669.0072913502892 339 343 -1
342 -43.708982902727804 -136.05084360350347 658.7679209386924 340 344 -1
343 -48.54468393726027 -126.40436228713568 669.1369891989743 341 345 -1
344 -43.633185220370265 -136.10713670846513 658.6068972429908 342 346 -1
345 -48.63183853480426 -126.2443149400818 669.2666130612189 343 347 -1
346 -43.558342279216525 -136.16294986608713 658.4452610414583 344 348 -1
347 -48.72081898447859 -126.08518613954566 669.396127303772 345 349 -1
348 -43.48443886213998 -136.2182840172549 658.2830289438341 346 350 -1
349 -48.81159580420291 -125.9269569184989 669.5254970401955 347 351 -1
350 -43.4114631668159 -136.27313837303458 658.1202149713089 348 352 -1
351 -48.90414054229356 -125.76960824438665 669.6546880740549 349 353 -1
352 -43.33940852932787 -136.32750935661687 657.9568296273756 350 354 -1
353 -48.99842575860286 -125.61312104872317 669.7836668428513 351 355 -1
354 -43.26825608944127 -136.38139974460833 657.792890603602 352 356 -1
355 -49.09442500452071 -125.45747625363282 669.9124003627358 353 357 -1
356 -43.19799604370412 -136.43480746857776 657.6284096262142 354 358 -1
357 -49.19211280203029 -125.30265479555399 670.0408561740297 355 359 -1
358 -43.128613312103866 -136.48773321696063 657.4634012760223 356 360 -1
359 -49.29146462198694 -125.14863764631563 670.1690022875594 357 361 -1
360 -43.06009187485657 -136.54017817220975 657.2978802887396 358 362 -1
361 -49.392456861768814 -124.99540583178793 670.2968071317981 359 363 -1
362 -42.99241947180587 -136.59214133073908 657.1318587915493 360 364 -1
363 -49.495066822426416 -124.84294044830024 670.4242395008025 361 365 -1
364 -42.925575642765054 -136.6436263080191 656.9653533411039 362 366 -1
365 -49.59927268544262 -124.69122267701006 670.5512685029097 363 367 -1
366 -42.85954905852488 -136.69463137674344 656.7983747728968 364 368 -1
367 -49.705053489194306 -124.54023379639983 670.677863510166 365 369 -1
368 -42.79431667847381 -136.74516164136057 656.6309403032275 366 370 -1
369 -49.8123891051936 -124.38995519306759 670.8039941084395 367 371 -1
370 -42.72986656856863 -136.7952155072485 656.4630603751295 368 372 -1
371 -49.921260214170445 -124.24036837097148 670.9296300481684 369 373 -1
372 -42.666174632106475 -136.84479872889364 656.2947519647395 370 374 -1
373 -50.031648282045026 -124.09145495927795 671.0547411956913 371 375 -1
374 -42.603227131350806 -136.893910586166 656.1260257928697 372 376 -1
375 -50.143535535825215 -123.94319671895839 671.1792974850995 373 377 -1
376 -42.54100011762892 -136.94255675245668 655.9568979250446 374 378 -1
377 -50.256904939452774 -123.79557554826954 671.3032688705499 375 379 -1
378 -42.47947716792231 -136.99073800884608 655.787379833003 376 380 -1
379 -50.37174016961042 -123.64857348724777 671.4266252789755 377 381 -1
380 -42.418635384204464 -137.038459324943 655.6174862000687 378 382 -1
381 -50.48802559149176 -123.50217272133987 671.5493365631231 379 383 -1
382 -42.35845507140713 -137.08572349614636 655.4472295546813 380 384 -1
383 -50.605746234524915 -123.35635558428902 671.6713724548569 381 385 -1
384 -42.29891500465367 -137.1325342728236 655.276622896698 382 386 -1
385 -50.72488776803286 -123.21110456038778 671.7927025186549 383 387 -1
386 -42.23999190025338 -137.17889686739224 655.1056799769483 384 388 -1
387 -50.84543717418051 -123.06640255207661 671.9132957212354 385 389 -1
388 -42.181666572381594 -137.2248133998974 654.9344119545416 386 390 -1
389 -50.96738101716678 -122.92223221481193 672.0331212752217 387 391 -1
390 -42.12391297623151 -137.270291085208 654.7628333641817 388 392 -1
391 -51.09070629482917 -122.77857632107478 672.1521482003926 389 393 -1
392 -42.06671139912145 -137.31533223667395 654.5909549534226 390 394 -1
393 -51.21540097849808 -122.63541796780927 672.2703449389454 391 395 -1
394 -42.010036525048335 -137.3599434956931 654.418790176487 392 396 -1
395 -51.341453555845256 -122.49274040861013 672.3876795350291 393 397 -1
396 -41.9538652069138 -137.40412977952718 654.2463509839597 394 398 -1
397 -51.46885300528458 -122.35052705431009 672.5041195880767 395 399 -1
398 -41.89817494167932 -137.44789530668504 654.073648652282 396 400 -1
399 -51.59758876995031 -122.20876147361915 672.6196322058979 397 401 -1
400 -41.84293945336754 -137.49124761366465 653.9006962208166 398 402 -1
401 -51.72765073116718 -122.06742739390978 672.7341839574874 399 403 -1
402 -41.78813679947905 -137.53419023119926 653.7275040476652 400 404 -1
403 -51.859029181321766 -121.92650870223619 672.8477408255009 401 405 -1
404 -41.733740788669905 -137.5767306062418 653.5540845544303 402 406 -1
405 -51.99171479603596 -121.78598944667905 672.9602681583598 403 407 -1
406 -41.679726760555496 -137.6188747732399 653.3804490539852 404 408 -1
407 -52.125698605533024 -121.64585383810825 673.071730621955 405 409 -1
408 -41.62607112476569 -137.66062745529098 653.2066079727291 406 410 -1
409 -52.26097196508309 -121.50608625245405 673.1820921509222 407 411 -1
410 -41.57274697260436 -137.70199702723025 653.0325734054438 408 412 -1
411 -52.39752652440136 -121.36667123358372 673.2913158994762 409 413 -1
412 -41.51973302479513 -137.7429885378499 652.8583547020885 410 414 -1
413 -52.53535419586854 -121.22759349687759 673.3993641917968 411 415 -1
414 -41.46701399163361 -137.7836099593216 652.6839599088747 412 416 -1
415 -52.674447121431704 -121.08883793360535 673.5061984719719 413 417 -1
416 -41.414576068538274 -137.82386957610467 652.5093965410089 414 418 -1
417 -52.81479763803572 -120.9503896162035 673.6117792535182 415 419 -1
418 -41.362407639318214 -137.86377276011183 652.3346706583641 416 420 -1
419 -52.95639824142796 -120.81223380455971 673.7160660685091 417 421 -1
420 -41.3104936504944 -137.90332941844306 652.1597902632216 418 422 -1
421 -53.099241548168635 -120.67435595341293 673.8190174163615 419 423 -1
422 -41.25882148209063 -137.94254620458074 651.9847617622819 420 424 -1
423 -53.24332025567201 -120.5367417209817 673.9205907123443 421 425 -1
424 -41.20737781143634 -137.98143065958294 651.8095918610031 422 426 -1
425 -53.38862710009388 -120.39937697893824 674.0207422358991 423 427 -1
426 -41.15614834706052 -138.01999179801987 651.6342877589157 424 428 -1
427 -53.5351553129795 -120.26224791549006 674.119426454299 425 429 -1
428 -41.10512075375785 -138.05823561655816 651.4588553110314 426 430 -1
429 -53.6828984928368 -120.12534100966216 674.2165959603103 427 431 -1
430 -41.05428044738556 -138.0961716156661 651.2833016933421 428 432 -1
431 -53.83184801345368 -119.98864261119846 674.3122047191877 429 433 -1
432 -41.003614108921425 -138.1338073253471 651.1076331814589 430 434 -1
433 -53.98199629620923 -119.85213957136705 674.4062039052026 431 435 -1
434 -40.95310848374733 -138.17115004072895 650.9318558939452 432 436 -1
435 -54.133335550116236 -119.71581902949154 674.4985432979433 433 437 -1
436 -40.902749230036854 -138.208209122823 650.7559766107919 434 438 -1
437 -54.28585889035844 -119.57966859202492 674.5891694635195 435 439 -1
438 -40.85252346337442 -138.24499108232777 650.5800010076642 436 440 -1
439 -54.43955871949791 -119.44367610799482 674.6780277969526 437 441 -1
440 -40.8024169568561 -138.28150517091228 650.4039356418837 438 442 -1
441 -54.59442447601378 -119.3078294588902 674.7650660904835 439 443 -1
442 -40.752416183417445 -138.31775924864098 650.2277865034192 440 444 -1
443 -54.75044745337421 -119.17211722617792 674.8502270400762 441 445 -1
444 -40.70250769435141 -138.35376082654344 650.0515594221271 442 446 -1
445 -54.90762060620414 -119.03652860994526 674.9334476870288 443 447 -1
446 -40.652677442179595 -138.38951923810237 649.8752607049577 444 448 -1
447 -55.06593031359512 -118.90105263136817 675.0146734484399 445 449 -1
448 -40.60291222382813 -138.42504113699542 649.6988958161429 446 450 -1
449 -55.22536807982625 -118.7656793906504 675.0938377967864 447 451 -1
450 -40.553198060152155 -138.46033599968172 649.5224709559935 448 452 -1
451 -55.38592115711162 -118.63039917852537 675.1708784451941 449 453 -1
452 -40.50352149896482 -138.49541137733678 649.345991738172 450 454 -1
453 -55.547577094486016 -118.49520296774385 675.245729016927 451 455 -1
454 -40.453868931098185 -138.53027545422682 649.1694639041716 452 456 -1
455 -55.710322586682686 -118.36008235675254 675.3183208093998 453 457 -1
456 -40.40422678797915 -138.5649369509039 648.9928932491978 454 458 -1
457 -55.874142904697244 -118.22502958956173 675.3885836697971 455 459 -1
458 -40.35458154260943 -138.5994030296501 648.8162852164218 456 460 -1
459 -56.039020891228304 -118.09003778618285 675.4564486686511 457 461 -1
460 -40.30491977863499 -138.63368310241003 648.63964562779 458 462 -1
461 -56.20493787229823 -117.9551038220564 675.5218517174228 459 463 -1
462 -40.255227902169565 -138.66778414029037 648.4629798549205 460 464 -1
463 -56.37186643054497 -117.82022694663303 675.5847503924417 461 465 -1
464 -40.20549270303887 -138.7017153016354 648.2862935649667 462 466 -1
465 -56.539781556539324 -117.68540704763534 675.6450931909475 463 467 -1
466 -40.15570066777007 -138.73548409808836 648.1095921769213 464 468 -1
467 -56.70865728583189 -117.55064444233939 675.7028266894216 465 469 -1
468 -40.10583860945125 -138.7690989935456 647.9328811899585 466 470 -1
469 -56.87846355146497 -117.41593971653221 675.7579045692977 467 471 -1
470 -40.055893274918255 -138.80256802745393 647.7561660340333 468 472 -1
471 -57.049170866432085 -117.28129403772932 675.8102747887389 469 473 -1
472 -40.00585138349165 -138.83589917140722 647.5794521327446 470 474 -1
473 -57.22074831748185 -117.14670907697877 675.8598846567013 471 475 -1
474 -39.95570006059332 -138.86910078348228 647.4027448700856 472 476 -1
475 -57.39316370441826 -117.01218706019846 675.9066801615868 473 477 -1
476 -39.905425874380185 -138.9021805186899 647.2260496633012 474 478 -1
477 -57.566383218094224 -116.87773078884037 675.9506067728955 475 479 -1
478 -39.85501638469166 -138.93514687317167 647.0493718167563 476 480 -1
479 -57.74037066536172 -116.74334360578253 675.991612418822 477 481 -1
480 -39.80445801527335 -138.96800733169033 646.8727167857671 478 482 -1
481 -57.915088830154275 -116.60902954860843 676.029642434021 479 483 -1
482 -39.75373874947701 -139.00077037929518 646.6960897861774 480 484 -1
483 -58.090498757377816 -116.4747933372626 676.0646418417398 481 485 -1
484 -39.70284494185313 -139.033443444637 646.5194963292004 482 486 -1
485 -58.26655969344784 -116.34064041083172 676.0965554471433 483 487 -1
486 -39.651764917516616 -139.0660348865897 646.3429415597703 484 488 -1
487 -58.443229029302046 -116.20657696408021 676.1253279401021 485 489 -1
488 -39.60048510962974 -139.09855215694523 646.1664310341943 486 490 -1
489 -58.620462504325076 -116.07261003530591 676.150902389258 487 491 -1
490 -39.548994028544044 -139.13100340993594 645.989969872594 488 492 -1
491 -58.79821363939466 -115.93874746732479 676.1732230287097 489 493 -1
492 -39.49727841037459 -139.16339616230596 645.8135636346535 490 494 -1
493 -58.97643367893711 -115.80499790297435 676.1922362088902 491 495 -1
494 -39.44532671563949 -139.19573832422412 645.6372174925201 492 496 -1
495 -59.15507205101305 -115.67137091818655 676.2078873848177 493 497 -1
496 -39.393126288046815 -139.2280374793123 645.4609369340615 494 498 -1
497 -59.33407610588533 -115.53787701314877 676.2201225661677 495 499 -1
498 -39.340665221063816 -139.2603012956203 645.2847272935827 496 500 -1
499 -59.513391232361606 -115.40452772742326 676.2288865204407 497 501 -1
500 -39.28793185451806 -139.29253738335458 645.1085938755991 498 502 -1
501 -59.692960681972934 -115.27133570242044 676.2341227828667 499 503 -1
502 -39.23491351202081 -139.32475321397646 644.9325423228755 500 504 -1
503 -59.87272494548466 -115.13831416163441 676.2357852425589 501 505 -1
504 -39.18160000533645 -139.35695633954086 644.7565776055058 502 506 -1
505 -60.05262285208209 -115.00547756086263 676.2338238835181 503 507 -1
506 -39.12797739655456 -139.38915412615955 644.5807058603997 504 508 -1
507 -60.232591140399265 -114.8728419794933 676.228179954602 505 509 -1
508 -39.07403653966661 -139.4213539651063 644.4049318410758 506 510 -1
509 -60.41256406295964 -114.7404234673654 676.2188161103927 507 511 -1
510 -39.01976463971882 -139.45356317010527 644.2292614712982 508 512 -1
511 -60.592474047611994 -114.60823984710228 676.2056836904646 509 513 -1
512 -38.96515088597622 -139.48578898235832 644.0537001290071 510 514 -1
513 -60.772251231707 -114.4763100985744 676.1887353435305 511 515 -1
514 -38.91018508007711 -139.51803850944282 643.8782530499377 512 516 -1
515 -60.95182438210452 -114.34465337685214 676.1679385230354 513 517 -1
516 -38.85485395817081 -139.55031905675742 643.7029265495219 514 518 -1
517 -61.13111922035656 -114.21329131040007 676.1432432535861 515 519 -1
518 -38.79914909797334 -139.58263746154572 643.5277254172457 516 520 -1
519 -61.31006136230582 -114.08224476913942 676.1146256154683 517 521 -1
520 -38.74305889891551 -139.61500078231595 643.3526555688867 518 522 -1
521 -61.48857313547516 -113.95153713868244 676.0820450895646 519 523 -1
522 -38.68657205506337 -139.6474160379125 643.177722914817 520 524 -1
523 -61.666576828022215 -113.82119153923466 676.0454785660082 521 525 -1
524 -38.62967984145305 -139.6798898339383 643.002932544886 522 526 -1
525 -61.84399237093793 -113.6912327324611 676.0048976661434 523 527 -1
526 -38.57237079645739 -139.71242910774197 642.8282905880998 524 528 -1
527 -62.02073922162765 -113.56168582976852 675.9602826230648 525 529 -1
528 -38.514634642314924 -139.74504059276936 642.6538028507662 526 530 -1
529 -62.19673590264209 -113.43257670210122 675.9116171194325 527 531 -1
530 -38.456462831238575 -139.77773065365787 642.4794745908363 528 532 -1
531 -62.37189963378267 -113.30393220672298 675.8588860114118 529 533 -1
532 -38.39784477866176 -139.8105059607799 642.3053118957445 530 534 -1
533 -62.54614883191317 -113.17577885634539 675.8020861152764 531 535 -1
534 -38.33876992191209 -139.84337316662695 642.1313209530327 532 536 -1
535 -62.71939894010269 -113.0481450952392 675.7412067425355 533 537 -1
536 -38.2792305604205 -139.87633828493304 641.9575069600527 534 538 -1
537 -62.891569962788516 -112.92105740420769 675.6762596618852 535 539 -1
538 -38.219217418698506 -139.90940758198224 641.7838757918597 536 540 -1
539 -63.06257604641427 -112.7945456275875 675.607238339623 537 541 -1
540 -38.15871945493316 -139.94258769966126 641.6104341203953 538 542 -1
541 -63.23233909171892 -112.6686362034924 675.5341660558388 539 543 -1
542 -38.09772916714534 -139.9758844321811 641.4371873366312 540 544 -1
543 -63.40077705010071 -112.54335796479101 675.4570541326448 541 545 -1
544 -38.03623830821551 -140.0093036737914 641.2641412068054 542 546 -1
545 -63.567816157588474 -112.41873458060084 675.3759417968454 543 547 -1
546 -37.974239637050815 -140.04285096883004 641.0913011702191 544 548 -1
547 -63.73340716597565 -112.29477295513543 675.2909390946544 545 549 -1
548 -37.911737564426446 -140.0765284989667 640.9186678861174 546 550 -1
549 -63.8975052764971 -112.17147630142361 675.2021576611022 547 551 -1
550 -37.848746046661574 -140.1103357781994 640.7462379779083 548 552 -1
551 -64.06007031689838 -112.04884511341356 675.1097095548404 549 553 -1
552 -37.78527876866168 -140.14427235398531 640.5740080415377 550 554 -1
553 -64.22106865045978 -111.92687648274348 675.0137111608426 551 555 -1
554 -37.72134854664967 -140.17833798215997 640.4019749097308 552 556 -1
555 -64.38046797188633 -111.80556640788318 674.9142713151575 553 557 -1
556 -37.65696802581468 -140.2125324468442 640.2301353702047 554 558 -1
557 -64.53823914644475 -111.68490902554595 674.811496430339 555 559 -1
558 -37.59214903626264 -140.24685575551857 640.0584864535322 556 560 -1
559 -64.69435457596143 -111.5648972933206 674.7054877765524 557 561 -1
560 -37.52690394251711 -140.2813077480952 639.887024853596 558 562 -1
561 -64.8487918817074 -111.44552161980174 674.5963489402766 559 563 -1
562 -37.46124563912783 -140.31588807120846 639.7157469175696 560 564 -1
563 -65.00153039476055 -111.32677131622772 674.4841791157733 561 565 -1
564 -37.39518611737937 -140.35059661758976 639.5446492843167 562 566 -1
565 -65.15255108493665 -111.20863463935103 674.3690736253968 563 567 -1
566 -37.32873721701001 -140.38543330576113 639.3737285617104 564 568 -1
567 -65.3018368320886 -111.09109872455188 674.251124862453 565 569 -1
568 -37.261910630073224 -140.42039807958247 639.2029813290175 566 570 -1
569 -65.44937220398498 -110.97414970622314 674.13042227281 567 571 -1
570 -37.194717904796 -140.45549090781253 639.0324041391614 568 572 -1
571 -65.595143245277 -110.8577728288603 674.0070523566197 569 573 -1
572 -37.12717044943117 -140.49071178368342 638.861993520867 570 574 -1
573 -65.73913727769131 -110.74195254899207 673.8810986874694 571 575 -1
574 -37.05927909065445 -140.52606089616341 638.6917461945669 572 576 -1
575 -65.88134271139546 -110.62667262817794 673.7526419465052 573 577 -1
576 -36.99105533055886 -140.56153815948625 638.5216584778952 574 578 -1
577 -66.02174886732939 -110.51191621737529 673.6217599692937 575 579 -1
578 -36.92251034734505 -140.59714357367116 638.3517267583761 576 580 -1
579 -66.16034482490288 -110.39766619750372 673.4885265697645 577 581 -1
580 -36.8536550213854 -140.63287722628527 638.1819474891622 578 582 -1
581 -66.29712079213311 -110.28390479879283 673.3530136710757 579 583 -1
582 -36.78450011238058 -140.6687392274255 638.012317108328 580 584 -1
583 -66.43206891908247 -110.1706134563743 673.2152923622433 581 585 -1
584 -36.715056263124254 -140.70472970937047 637.8428320404009 582 586 -1
585 -66.56518061206401 -110.05777354664707 673.0754298011244 583 587 -1
586 -36.645334003248436 -140.74084882624453 637.6734886978048 584 588 -1
587 -66.6964474510133 -109.94536614162195 672.93349065912 585 589 -1
588 -36.57534375294712 -140.77709675369385 637.5042834822228 586 590 -1
589 -66.8258605440656 -109.83337216087754 672.7895366596794 587 591 -1
590 -36.50509582667925 -140.8134736885737 637.3352127858797 588 592 -1
591 -66.95340851284091 -109.72177275593987 672.6436248398891 589 593 -1
592 -36.43460043684858 -140.84997984864685 637.1662729927496 590 594 -1
593 -67.07908593357041 -109.61054759021987 672.4958164218883 591 595 -1
594 -36.36386769746107 -140.8866154722931 636.9974604796931 592 596 -1
595 -67.20288395195743 -109.49967686085404 672.3461670691363 593 597 -1
596 -36.292907627758204 -140.92338081822948 636.828771617525 594 598 -1
597 -67.32479172773334 -109.38914088213374 672.19472893818 595 599 -1
598 -36.22173015582662 -140.96027616524077 636.6602027720182 596 600 -1
599 -67.44479788427368 -109.27891976980722 672.04155239143 597 601 -1
600 -36.15034512218454 -140.9973018119198 636.4917503048464 598 602 -1
601 -67.56289529255041 -109.16899275849859 671.8866902341958 599 603 -1
602 -36.07876228334306 -141.0344580764178 636.3234105744679 600 604 -1
603 -67.67907301356495 -109.05933953160338 671.730190529324 601 605 -1
604 -36.00699131534354 -141.07174529620434 636.1551799369554 602 606 -1
605 -67.79331432361573 -108.94994026963411 671.5720956710393 603 607 -1
606 -35.935041817271774 -141.10916382783606 635.9870547467738 604 608 -1
607 -67.90561201945886 -108.84077370008954 671.4124549842835 605 609 -1
608 -35.862923314747746 -141.14671404673422 635.8190313575074 606 610 -1
609 -68.01595292462844 -108.73181918275336 671.2513119691753 607 611 -1
610 -35.79064526339208 -141.18439634697103 635.6511061225427 608 612 -1
611 -68.12431796789868 -108.62305640180904 671.0887052187063 609 613 -1
612 -35.71821705226945 -141.22221114106387 635.4832753957077 610 614 -1
613 -68.23069625871851 -108.5144640304629 670.9246788921951 611 615 -1
614 -35.64564800730942 -141.2601588597774 635.3155355318687 612 616 -1
615 -68.33507226611796 -108.4060210527872 670.7592731577047 613 617 -1
616 -35.57294739470528 -141.2982399519332 635.1478828874913 614 618 -1
617 -68.4374244269518 -108.29770662389002 670.5925239094898 615 619 -1
618 -35.50012442429081 -141.33645488422664 634.9803138211641 616 620 -1
619 -68.53773705791652 -108.18949929632466 670.4244708242416 617 621 -1
620 -35.42718825289665 -141.3748041410505 634.8128246940908 618 622 -1
621 -68.63599168633002 -108.08137766760164 670.2551515020687 619 623 -1
622 -35.35414798768646 -141.41328822432465 634.6454118705502 620 624 -1
623 -68.73216467222755 -107.97332033140869 670.0846004418971 621 625 -1
624 -35.28101268947317 -141.45190765333243 634.4780717183291 622 626 -1
625 -68.82623307158617 -107.86530560619933 669.9128528175476 623 627 -1
626 -35.20779137601644 -141.49066296456257 634.310800609129 624 628 -1
627 -68.91817559215619 -107.75731164235049 669.7399448566277 625 629 -1
628 -35.134493025302866 -141.52955471155627 634.1435949189488 626 630 -1
629 -69.00796650118242 -107.64931650614673 669.5659105754321 627 631 -1
630 -35.061126578808114 -141.5685834647593 633.976451028446 628 632 -1
631 -69.09557538001296 -107.54129801673731 669.3907821187231 629 633 -1
632 -34.98770094474359 -141.60774981137916 633.8093653232793 630 634 -1
633 -69.18097494396905 -107.43323382734995 669.2145938056698 631 635 -1
634 -34.914224968336036 -141.64705446575013 633.6423342349884 632 636 -1
635 -69.26413563284976 -107.3251014428666 669.0373793763853 633 637 -1
636 -34.84070752938534 -141.68649801900938 633.4753541410984 634 638 -1
637 -69.34502456132329 -107.21687813566636 668.8591717528041 635 639 -1
638 -34.767157483592136 -141.72608103395808 633.3084214145094 636 640 -1
639 -69.42360683189263 -107.10854095027737 668.6800038538421 637 641 -1
640 -34.69358363935236 -141.76580416303358 633.1415324634061 638 642 -1
641 -69.5 -107.0 668.5 639 -1 -1
642 -34.61999478767575 -141.80566807476362 632.9746837025333 640 643 -1
643 -34.546399705354894 -141.84567345364226 632.8078715534672 642 644 -1
644 -34.47280715812363 -141.8858210000074 632.641092444879 643 645 -1
645 -34.39922590380739 -141.9261114299202 632.4743428127967 644 646 -1
646 -34.32566469546576 -141.96654547504426 632.3076191008648 645 647 -1
647 -34.25213228452713 -142.00712388252634 632.1409177606043 646 648 -1
648 -34.1786374239181 -142.04784741487725 631.9742352516757 647 649 -1
649 -34.1051888711875 -142.0887168498509 631.8075680421456 648 650 -1
650 -34.0317953916268 -142.12973298032347 631.6409126087599 649 651 -1
651 -33.95846576138634 -142.17089661417114 631.4742654372245 650 652 -1
652 -33.885208869396386 -142.2122087549165 631.3076230239813 651 653 -1
653 -33.812033475418104 -142.25367011068448 631.1409818627607 652 654 -1
654 -33.738948381113694 -142.29528148190607 630.9743384665447 653 655 -1
655 -33.66596243632051 -142.33704373453915 630.8076893602173 654 656 -1
656 -33.59308451716273 -142.37895774887218 630.6410310792737 655 657 -1
657 -33.52032352916638 -142.4210244193806 630.4743601701886 656 658 -1
658 -33.44768841037621 -142.4632446545788 630.3076731908039 657 659 -1
659 -33.37518806309018 -142.50561936944834 630.1409667398688 658 660 -1
660 -33.302823033744495 -142.54814861896725 629.9742408469606 659 661 -1
661 -33.230576654053465 -142.59083066674225 629.8075025436505 660 662 -1
662 -33.158429999709334 -142.633663530962 629.6407597333719 661 663 -1
663 -33.0863640928309 -142.67664521121253 629.4740202979491 662 664 -1
664 -33.01435991232955 -142.71977368784584 629.3072921004417 663 665 -1
665 -32.94239840426104 -142.76304692131453 629.1405829880515 664 666 -1
666 -32.870460492167176 -142.80646285147537 628.9739007950766 665 667 -1
667 -32.79852707933414 -142.85001947304804 628.8072533693279 666 668 -1
668 -32.72657904015275 -142.89371469248698 628.6406485462701 667 669 -1
669 -32.65459728910821 -142.9375462935475 628.4740941175438 668 670 -1
670 -32.58256276202039 -142.98151212689567 628.3075978964146 669 671 -1
671 -32.51045642343392 -143.02561001874398 628.14116769836 670 672 -1
672 -32.438259276959926 -143.06983777005593 627.9748113439705 671 673 -1
673 -32.36595237562819 -143.1141931557497 627.8085366617862 672 674 -1
674 -32.293516832254156 -143.15867392390308 627.6423514910531 673 675 -1
675 -32.22093382981964 -143.20327779496853 627.4762636843852 674 676 -1
676 -32.14818463187217 -143.24800246099915 627.310281110316 675 677 -1
677 -32.075250592942474 -143.292845584893 627.1444116557237 676 678 -1
678 -32.00211316898235 -143.33780479965887 626.9786632281158 677 679 -1
679 -31.928753927821763 -143.38287770770967 626.8130437577585 678 680 -1
680 -31.855154559646728 -143.42806188018793 626.6475611996358 679 681 -1
681 -31.78129688749506 -143.47335485632752 626.4822235352239 680 682 -1
682 -31.70716242828914 -143.5187543012356 626.3170390198934 681 683 -1
683 -31.632733552421385 -143.56425756908268 626.1520155500755 682 684 -1
684 -31.557992638611026 -143.6098620609856 625.9871611435381 683 685 -1
685 -31.48292213954472 -143.65556518270387 625.8224839055017 684 686 -1
686 -31.40750469307743 -143.7013643055363 625.6579919736134 685 687 -1
687 -31.33172313278483 -143.74725676600636 625.4936935183439 686 688 -1
688 -31.255560498506494 -143.79323986561758 625.3295967431118 687 689 -1
689 -31.17900004687052 -143.83931087068586 625.1657098841231 688 690 -1
690 -31.102025261790665 -143.88546701225218 625.0020412099168 689 691 -1
691 -31.024618721671033 -143.93170568924177 624.8385996216213 690 692 -1
692 -30.946765176109704 -143.97802389043423 624.6753930403506 691 693 -1
693 -30.868449033508533 -144.02441870390183 624.5124297328437 692 694 -1
694 -30.789654780969272 -144.07088721915454 624.349718093451 693 695 -1
695 -30.710367184319377 -144.11742649122294 624.18726654226 694 696 -1
696 -30.630571298216662 -144.1640335411406 624.025083522713 695 697 -1
697 -30.55025100678414 -144.21070552501988 623.863178279636 696 698 -1
698 -30.469392504309177 -144.2574393028487 623.7015590195307 697 699 -1
699 -30.387982458132225 -144.30423170915992 623.5402338776963 698 700 -1
700 -30.306007165271694 -144.3510796338659 623.3792113699783 699 701 -1
701 -30.223453259845442 -144.39797993681776 623.2185000189235 700 702 -1
702 -30.140304921584974 -144.44492966146467 623.0581098706405 701 703 -1
703 -30.0565516518056 -144.4919254031879 622.8980482902713 702 704 -1
704 -29.972181472127403 -144.53896390855624 622.7383236233022 703 705 -1
705 -29.887182442183622 -144.58604192710834 622.5789443830708 704 706 -1
706 -29.801539097002305 -144.6331563814853 622.4199212368333 705 707 -1
707 -29.715243638894624 -144.6803037562439 622.2612608099963 706 708 -1
708 -29.628285457126076 -144.72748072333792 622.102971456923 707 709 -1
709 -29.54065127862716 -144.77468404335298 621.9450632327352 708 710 -1
710 -29.452331644634672 -144.82191030225061 621.787544250479 709 711 -1
711 -29.363318959397976 -144.86915605435496 621.6304217301722 710 712 -1
712 -29.273600449511616 -144.91641798421247 621.4737060524759 711 713 -1
713 -29.18316842425008 -144.9636926340904 621.3174048750436 712 714 -1
714 -29.09201673928426 -145.01097655569578 621.1615251052194 713 715 -1
715 -29.000130976065243 -145.0582663665927 621.006078714822 714 716 -1
716 -28.907509515700696 -145.10555857811872 620.8510702994714 715 717 -1
717 -28.814141543195134 -145.15284975719732 620.6965100770763 716 718 -1
718 -28.720020712587953 -145.20013644620795 620.5424057871929 717 719 -1
719 -28.62514170347821 -145.24741521178834 620.3887646951019 718 720 -1
720 -28.529495346802637 -145.2946825606849 620.2355966061299 719 721 -1
721 -28.433079792852958 -145.341935117851 620.0829069628456 720 722 -1
722 -28.335885234748197 -145.38916934789592 619.9307063251371 721 723 -1
723 -28.23791098408042 -145.4363819305095 619.7789996816316 722 724 -1
724 -28.13914905485604 -145.48356934808018 619.6277967879628 723 725 -1
725 -28.039597333886665 -145.53072826284705 619.4771038013353 724 726 -1
726 -27.9392523777449 -145.57785530750957 619.3269278529439 725 727 -1
727 -27.838107797129474 -145.62494697970942 619.1772781588437 726 728 -1
728 -27.73616579118823 -145.6720001757803 619.0281583877052 727 729 -1
729 -27.633418206938234 -145.7190112941054 618.8795792167899 728 730 -1
730 -27.529866233455177 -145.76597721038806 618.7315451988127 729 731 -1
731 -27.425509661660207 -145.81289476541482 618.5840618831564 730 732 -1
732 -27.320342236330397 -145.85976041953683 618.4371391064417 731 733 -1
733 -27.214365975198806 -145.9065711585702 618.2907811091875 732 734 -1
734 -27.107581521734236 -145.9533239174097 618.1449931267954 733 735 -1
735 -27.0 -146.0 618.0 734 736 737
736 -26.98384281232898 -146.11096266663358 617.7985930700708 735 738 -1
737 -26.87218073906976 -145.89326643041903 618.0919603597692 735 739 -1
738 -26.960403659546024 -146.22290680630434 617.5984129055984 736 740 -1
739 -26.742735069117547 -145.79023255095154 618.1857661302596 737 741 -1
740 -26.929937934887363 -146.33572525699864 617.3996742164882 738 742 -1
741 -26.611799688431695 -145.69060479224143 618.2811715944619 739 743 -1
742 -26.892693787383237 -146.44932303108058 617.2025399674503 740 744 -1
743 -26.479545506719386 -145.59414011324552 618.3779990916773 741 745 -1
744 -26.84893947758767 -146.56361232324738 617.0071498842808 742 746 -1
745 -26.346123411253522 -145.50060367511253 618.4760897749205 743 747 -1
746 -26.798957592230522 -146.67851342566547 616.8136205864395 744 748 -1
747 -26.211650540947904 -145.40981278448658 618.5753192552422 745 749 -1
748 -26.743041437077935 -146.79395513351542 616.622045782321 746 750 -1
749 -26.076230648479168 -145.3215941014899 618.6755761823417 747 751 -1
750 -26.68149037080297 -146.9098750237501 616.4324973216495 748 752 -1
751 -25.939946110063566 -145.23581122167803 618.7767713206702 749 753 -1
752 -26.61460434277106 -147.0262195661345 616.2450272236861 750 754 -1
753 -25.80286886986511 -145.1523403820651 618.8788259709107 751 755 -1
754 -26.542681870748957 -147.14294378669803 616.0596689498067 752 756 -1
755 -25.665063367513845 -145.0710648772795 618.9816690123156 753 757 -1
756 -26.466016891543962 -147.260010929657 615.8764393983388 754 758 -1
757 -25.526581756472925 -144.99189271765414 619.0852422312273 755 759 -1
758 -26.384897502691615 -147.37739191016908 615.6953403476671 756 760 -1
759 -25.38747097671573 -144.9147380667649 619.1894927663539 757 761 -1
760 -26.299602813634817 -147.4950648654897 615.5163610018182 758 762 -1
761 -25.247773291797092 -144.83952095368753 619.2943726295774 759 763 -1
762 -26.21040267122991 -147.61301449617375 615.339479350077 760 764 -1
763 -25.107525319988785 -144.7661720747839 619.3998398094733 761 765 -1
764 -26.11755529535611 -147.7312315818412 615.1646647296219 762 766 -1
765 -24.96675494704542 -144.69464585512344 619.5058615372914 763 767 -1
766 -26.021310751518314 -147.84971209673506 614.9918770773104 764 768 -1
767 -24.82549318310053 -144.6248803845841 619.612401712383 765 769 -1
768 -25.921905580178965 -147.96845703189956 614.8210713122558 766 770 -1
769 -24.68376416093527 -144.55683308531212 619.719431549612 767 771 -1
770 -25.819566281733835 -148.08747160686576 614.6521965624532 768 772 -1
771 -24.541589472186615 -144.4904668629308 619.8269249512078 769 773 -1
772 -25.714508699187583 -148.20676483195535 614.4851976833194 770 774 -1
773 -24.398989241007953 -144.42574654841678 619.9348574102978 771 775 -1
774 -25.60693753044042 -148.32634915581474 614.3200167874394 772 776 -1
775 -24.255982509750837 -144.36263781481912 620.0432056337633 773 777 -1
776 -25.497048504106907 -148.4462398557291 614.1565927768132 774 778 -1
777 -24.112581827097394 -144.3011298116904 620.1519530146726 775 779 -1
778 -25.38502657566147 -148.56645496986704 613.994863743093 776 780 -1
779 -23.96880544398553 -144.24118620484703 620.2610772605748 777 781 -1
780 -25.271048602057725 -148.68701468807274 613.8347659139545 778 782 -1
781 -23.82466493414736 -144.18279610898549 620.3705629112491 779 783 -1
782 -25.15528229861622 -148.80794132732308 613.6762354277975 780 784 -1
783 -23.680170232354882 -144.12595474115398 620.48039615071 781 785 -1
784 -25.037887701080546 -148.92925895973565 613.5192080355542 782 786 -1
785 -23.53533469273531 -144.07064099280987 620.5905599058642 783 787 -1
786 -24.919017681263334 -149.05099319921737 613.3636194606272 784 788 -1
787 -23.390167828118344 -144.01684952073566 620.7010409639278 785 789 -1
788 -24.798818469923052 -149.17317101689977 613.209405695123 786 790 -1
789 -23.244676806883444 -143.96458556484316 620.8118283841227 787 791 -1
790 -24.6774301800832 -149.29582058277316 613.0565032402615 788 792 -1
791 -23.098870158149534 -143.91384792934574 620.9229099739657 789 793 -1
792 -24.554987063387625 -149.4189712817924 612.9048496350346 790 794 -1
793 -22.9527564888625 -143.864634653628 621.0342735653705 791 795 -1
794 -24.431618512955456 -149.5426534246677 612.7543830778826 792 796 -1
795 -22.806342599397542 -143.81695273352338 621.1459087295542 793 797 -1
796 -24.307449375844605 -149.6668982317375 612.6050427466886 794 798 -1
797 -22.659634410846532 -143.77081437429266 621.2578058599197 795 799 -1
798 -24.182600594422127 -149.79173762257582 612.4567686410787 796 800 -1
799 -22.512636335634852 -143.72624121678194 621.3699566654019 797 801 -1
800 -24.057189349392967 -149.91720445290778 612.309502169585 798 802 -1
801 -22.36535588735875 -143.68323935997498 621.4823501699573 799 803 -1
802 -23.931329836496477 -150.04333223786628 612.1631857380748 800 804 -1
803 -22.217798325694872 -143.64182852154218 621.5949773987531 801 805 -1
804 -23.805133705168025 -150.17015496804055 612.0177626476477 802 806 -1
805 -22.069968698122718 -143.6020317693912 621.7078295466821 803 807 -1
806 -23.678710303193228 -150.29770734398346 611.8731774962936 804 808 -1
807 -21.92186982659217 -143.5638888875075 621.8208995504579 805 809 -1
808 -23.552167185661606 -150.4260246177766 611.7293759926242 806 810 -1
809 -21.773508236527988 -143.52742034917378 621.9341772905656 807 811 -1
810 -23.425610504452866 -150.5551425601718 611.5863049575087 808 812 -1
811 -21.624889103009778 -143.49265823511905 622.0476537205493 809 813 -1
812 -23.299145388000326 -150.68509742990935 611.4439123204567 810 814 -1
813 -21.476016563935968 -143.45964640407908 622.1613204849212 811 815 -1
814 -23.172876343875597 -150.8159260398491 611.3021471738452 812 816 -1
815 -21.32689442252415 -143.42843789091177 622.2751692709326 813 817 -1
816 -23.046907592868806 -150.94766554928157 611.1609596295864 814 818 -1
817 -21.177530051939257 -143.39906631380353 622.389189028734 815 819 -1
818 -22.92134337577289 -151.0803534198952 611.0203008414404 816 820 -1
819 -21.027927842787015 -143.37159567925872 622.503370632106 817 821 -1
820 -22.796288359774042 -151.21402753737493 610.8801230967199 818 822 -1
821 -20.878093668017772 -143.3460894749821 622.6177035924709 819 823 -1
822 -22.6718479653702 -151.34872609797384 610.7403797648166 820 824 -1
823 -20.72803586882502 -143.3226014534794 622.7321755197071 821 825 -1
824 -22.548128703169418 -151.48448755737726 610.6010253012514 822 826 -1
825 -20.577759792666882 -143.3012285753439 622.8467753745321 823 827 -1
826 -22.42523864143363 -151.62135073581706 610.4620153022424 824 828 -1
827 -20.427276707953414 -143.2820289340003 622.9614880758768 825 829 -1
828 -22.303287425418603 -151.75935433966924 610.323306397783 826 830 -1
829 -20.276594923130386 -143.26511427828518 623.0762994533704 827 831 -1
830 -22.182386712764323 -151.89853708439387 610.1848563732209 828 832 -1
831 -20.12572738105767 -143.2505748031173 623.1911919636248 829 833 -1
832 -22.062650610147276 -152.038937723759 610.0466242305155 830 834 -1
833 -19.97468838095508 -143.23851779012844 623.3061463602726 831 835 -1
834 -21.944195905522818 -152.18059483550536 609.9085702103318 832 836 -1
835 -19.8234936945633 -143.22908266335259 623.4211409951541 833 837 -1
836 -21.827142363977384 -152.32354668420385 609.7706558583545 834 838 -1
837 -19.672177879868713 -143.22238173301335 623.5361679191108 835 839 -1
838 -21.711613012263708 -152.4678310620682 609.6328441068987 836 840 -1
839 -19.520859318227718 -143.21841948130077 623.651318106376 837 841 -1
840 -21.597734409405966 -152.6134851053183 609.4950993731627 838 842 -1
841 -19.369692038128477 -143.21716014376278 623.7667280107223 839 843 -1
842 -21.485636900120074 -152.7605450836671 609.3573876753994 840 844 -1
843 -19.218838870747927 -143.21855999716823 623.8825465991911 841 845 -1
844 -21.37545484708358 -152.90904616053115 609.2196767681903 842 846 -1
845 -19.06847208337684 -143.22256729763419 623.9989354169367 843 847 -1
846 -21.26732683731023 -153.05902212165955 609.0819362978624 844 848 -1
847 -18.918775575028196 -143.22912582244663 624.1160700554711 845 849 -1
848 -21.16139624668873 -153.21050532561097 608.9441379649244 846 850 -1
849 -18.76994898272154 -143.23817747329142 624.234143152063 847 851 -1
850 -21.057810904955257 -153.36352601136878 608.8062557283163 848 852 -1
851 -18.622197253945625 -143.2496331389724 624.3533516982976 849 853 -1
852 -20.95672260834708 -153.5181115893141 608.6682660627109 850 854 -1
853 -18.47575021449987 -143.26341638908954 624.4739158035214 851 855 -1
854 -20.858289222104172 -153.67428749839246 608.530148108786 852 856 -1
855 -18.33085386855795 -143.2794331899642 624.5960666931458 853 857 -1
856 -20.762672295086166 -153.83207527744526 608.391884041847 854 858 -1
857 -18.187776285254944 -143.29757801143967 624.7200496002307 855 859 -1
858 -20.670038756223637 -153.9914931358533 608.2534592720202 856 860 -1
859 -18.046802924377364 -143.31772667649048 624.8461153911989 857 861 -1
860 -20.580558968068164 -154.15255444818146 608.1148628397075 858 862 -1
861 -17.90825742490971 -143.33975070256312 624.9745364335238 859 863 -1
862 -20.49440977923889 -154.31526888238574 607.976087554706 860 864 -1
863 -17.77249280714028 -143.3635011108249 625.1055918344571 861 865 -1
864 -20.411769060697523 -154.47963924831168 607.8371305990017 862 866 -1
865 -17.639884268417788 -143.38880420146836 625.2395546787478 863 867 -1
866 -20.33281942693742 -154.64566300791088 607.6979936297067 864 868 -1
867 -17.510848398582002 -143.41546992073341 625.3767029731017 865 869 -1
868 -20.257746100193046 -154.81333087005942 607.5586831918215 866 870 -1
869 -17.38584761902071 -143.4432868373126 625.5173143716123 867 871 -1
870 -20.186736087527336 -154.98262614949428 607.4192110380147 868 872 -1
871 -17.265369422338885 -143.47201425627458 625.6616394224154 869 873 -1
872 -20.119977199564598 -155.153524142265 607.2795944242937 870 874 -1
873 -17.149927503035954 -143.50138553458646 625.8098955239778 871 875 -1
874 -20.057656954330533 -155.3259915520082 607.139856368174 872 876 -1
875 -17.040075601556733 -143.53110981513112 625.9622695099002 873 877 -1
876 -20.0 -155.5 607.0 874 878 879
877 -16.936402521161153 -143.56086950020418 626.1189040416652 875 880 -1
878 -20.033569773827097 -155.64445122695878 606.8816255056296 876 881 -1
879 -19.824961821768103 -155.5042030624266 607.1034385690747 876 882 -1
880 -16.839443738957034 -143.59032634589389 626.2798349715682 877 883 -1
881 -20.067942797497924 -155.7880195657011 606.762230765113 878 884 -1
882 -19.645172033719316 -155.5264769469716 607.1957543182632 879 885 -1
883 -16.74975945296575 -143.61913653720697 626.4450431083219 880 886 -1
884 -20.103147873428192 -155.9305556252906 606.6418457645003 881 887 -1
885 -19.46289019191777 -155.5675855364324 607.2759249629619 882 888 -1
886 -16.667656876183884 -143.64700037262884 626.6143045801497 883 889 -1
887 -20.139193121535246 -156.07202931321058 606.5204604042818 884 890 -1
888 -19.280627640082816 -155.62620509161374 607.3444259485767 885 891 -1
889 -16.59352296711232 -143.67360698720717 626.7874016323002 886 892 -1
890 -20.17608300222255 -156.21241423262418 606.3980689396251 887 893 -1
891 -19.10048740008884 -155.70094124336453 607.4020617125038 888 894 -1
892 -16.527658661154057 -143.69865247178313 626.9640382506739 889 895 -1
893 -20.21382209801807 -156.35168302363064 606.2746654802971 890 896 -1
894 -18.92394695280159 -155.78953535610327 607.450522125655 891 897 -1
895 -16.470422071686496 -143.7218183715024 627.1439072601695 892 898 -1
896 -20.252415625763838 -156.48980659497178 606.1502433781138 893 899 -1
897 -18.75180675436801 -155.88973825802034 607.4917351938111 894 900 -1
898 -16.422133111727913 -143.74278953002317 627.3266459945247 895 901 -1
899 -20.291868385836715 -156.6267554469107 606.0247964776639 896 902 -1
900 -18.584451166096805 -155.99966717576473 607.5275678832073 897 903 -1
901 -16.383069226529553 -143.7612602657059 627.5118421722153 898 904 -1
902 -20.33218474209785 -156.76249969286607 605.8983191396233 899 905 -1
903 -18.42181122693183 -156.11748811132895 607.5599117298874 900 906 -1
904 -16.353543473092476 -143.77691313770424 627.6990521846815 901 907 -1
905 -20.373368601904097 -156.8970090828454 605.770806263815 902 908 -1
906 -18.263638373601214 -156.24171318912119 607.5904359745404 903 909 -1
907 -16.333709994190837 -143.78947944837054 627.8877657159024 904 910 -1
908 -20.41542339624832 -157.0302530286902 605.6422533119248 905 911 -1
909 -18.109708413070756 -156.37124285382822 607.6206259330236 906 912 -1
910 -16.323800311613653 -143.79866849948814 628.0774527558593 907 913 -1
911 -20.458354323426587 -157.16219720375508 605.5126536245742 908 914 -1
912 -17.959623319056714 -156.50497546807048 607.6518402311277 909 915 -1
913 -16.323825823560373 -143.80426958356324 628.2675376928363 910 916 -1
914 -20.50216285281658 -157.2928116814062 605.3820049861408 911 917 -1
915 -17.813043753694654 -156.6420200533928 607.685270495323 912 918 -1
916 -16.33387921808264 -143.80604943008018 628.4574306495135 913 919 -1
917 -20.546850169370163 -157.42206600018108 605.2503055107504 914 920 -1
918 -17.66968172250435 -156.78160021470762 607.7219977923145 915 921 -1
919 -16.353821438138908 -143.80387121084874 628.6465363454967 916 922 -1
920 -20.592419905172576 -157.54992472066965 605.1175503704202 917 923 -1
921 -17.529285408681027 -156.92300496071016 607.7629551585532 918 924 -1
922 -16.38350353715133 -143.7976146409038 628.8342689090989 919 925 -1
923 -20.638873617248084 -157.67635437996762 604.9837371996246 920 926 -1
924 -17.39155795825652 -157.06565956671238 607.8083994838347 921 927 -1
925 -16.422698427245923 -143.78720336169195 629.0200631216493 922 928 -1
926 -20.68621046082016 -157.8013242839945 604.8488664880681 923 929 -1
927 -17.25616044322394 -157.20911890400396 607.85811580796 924 930 -1
928 -16.471076562765298 -143.7726197039663 629.2033974006844 925 931 -1
929 -20.73443334839808 -157.92479622965158 604.712934200712 926 932 -1
930 -17.122775007003494 -157.35299136468382 607.9119131670234 927 933 -1
931 -16.528015698964285 -143.75402293640533 629.3838910734584 928 934 -1
932 -20.783540145656882 -158.04673920728737 604.5759423197652 929 935 -1
933 -16.991105962644884 -157.49692282795436 607.9696402602538 930 936 -1
934 -16.5925997002156 -143.73175926992613 629.561374134855 931 937 -1
935 -20.833529707137924 -158.1671193793106 604.4378916126384 932 938 -1
936 -16.860877301684038 -157.6405855200761 608.031181000956 933 939 -1
937 -16.66396080271848 -143.70616703928047 629.7357892034046 934 940 -1
938 -20.884403652881424 -158.28589643562978 604.2987794883875 935 941 -1
939 -16.73184362887116 -157.78365488018068 608.0965057264714 936 942 -1
940 -16.741353639154173 -143.67753657582392 629.907135612882 937 943 -1
941 -20.936156938621053 -158.4030407688801 604.1586113119719 938 944 -1
942 -16.603742563000782 -157.92582465534576 608.1655242449286 939 945 -1
943 -16.82412076229012 -143.64612451815808 630.0754583715947 940 946 -1
944 -20.98878724240545 -158.51851654439355 604.0173891352465 941 947 -1
945 -16.476333927406596 -158.06679441442367 608.2381883229223 942 948 -1
946 -16.91167432723358 -143.61216175311287 630.2408401291377 943 949 -1
947 -21.042291409840402 -158.6322880175504 603.8751159556157 944 950 -1
948 -16.349392079428213 -158.2062543069178 608.3144909582456 945 951 -1
949 -17.003493451952497 -143.57585348275123 630.4033875191268 946 952 -1
950 -21.096665437971666 -158.7443195967355 603.7317957300106 947 953 -1
951 -16.22269810327715 -158.34388027619846 608.3944477141531 948 954 -1
952 -17.099137638745077 -143.5373697534547 630.563207195057 949 955 -1
953 -21.151904461063072 -158.85457590787735 603.5874333862297 950 956 -1
954 -16.096037725763537 -158.4793264177844 608.4780952711596 951 957 -1
955 -17.198217410787702 -143.49685949880222 630.7204128268073 952 958 -1
956 -21.208002738394423 -158.9630218603358 603.4420348315049 953 959 -1
957 -15.969195168321649 -158.61218300983464 608.5655333507273 954 960 -1
958 -17.300388390818153 -143.45445254505043 630.8751206154516 955 961 -1
959 -21.264953644193003 -159.069622713882 603.2956069581678 956 962 -1
960 -15.841958546775144 -158.74204607387188 608.6568091209432 957 963 -1
961 -17.40534575350556 -143.41026152991247 631.0274461160707 958 964 -1
962 -21.322749659806146 -159.17434414650455 603.1481576463111 959 965 -1
963 -15.714123701400341 -158.86847203119362 608.7519875673217 960 966 -1
964 -17.51281915333555 -143.3643836718774 631.1775020618151 961 967 -1
965 -21.381382368206868 -159.27715232275082 602.9996957633471 962 968 -1
966 -15.585488167467199 -158.9909437223247 608.8511698270303 963 969 -1
967 -17.622568162750238 -143.3169023578822 631.325396940911 964 970 -1
968 -21.44084245091758 -159.37801396231097 602.8502311603943 965 971 -1
969 -15.455854325542143 -159.10887501966067 608.9544658127088 966 972 -1
970 -17.734378213447137 -143.26788853689771 631.4712341306349 967 973 -1
971 -21.501120000228724 -159.47689562807946 602.6997742850765 968 974 -1
972 -15.325033268904738 -159.22159891425554 609.0619882415574 969 975 -1
973 -17.848057009284034 -143.2174019190085 631.6151114365829 970 976 -1
974 -21.56220628562172 -159.57375914402473 602.5483340183864 971 977 -1
975 -15.192851057175758 -159.32835547468622 609.1738440803542 972 978 -1
976 -17.963435213793304 -143.16548852065748 631.7571164595971 973 979 -1
977 -21.624086855985738 -159.66857911374873 602.3959260602804 974 980 -1
978 -15.059158003502969 -159.42828072219731 609.2901225587028 975 981 -1
979 -18.080359857270185 -143.11218378513828 631.8973300545184 976 982 -1
980 -21.686750235363515 -159.76132114059615 602.24256234263 977 983 -1
981 -14.923841642366993 -159.52039817282446 609.4108788709281 978 984 -1
982 -18.198678416637495 -143.05752698505626 632.0358436540582 979 985 -1
983 -21.750183566092925 -159.85195263114335 602.0882563128123 980 986 -1
984 -14.786864545909477 -159.60370088233657 609.5360813483229 981 987 -1
985 -18.318259394502693 -143.0015413959521 632.1727331711124 982 988 -1
986 -21.814371124767636 -159.94044737322056 601.9330247548488 983 989 -1
987 -14.648453598285753 -159.6779887078343 609.6653220576761 984 990 -1
988 -18.43898903345754 -142.9442322672235 632.3080579765502 985 991 -1
989 -21.879299165641676 -160.02677195522062 601.7768818382865 986 992 -1
990 -14.508976935230738 -159.74398276975265 609.7978804609082 987 993 -1
991 -18.56073118236669 -142.88562270145917 632.4419108754456 988 994 -1
992 -21.944950612468517 -160.11090102983826 601.6198456274396 989 995 -1
993 -14.368729695111062 -159.80266383326216 609.9330442747869 990 996 -1
994 -18.683275725665048 -142.8257649866755 632.5744733913472 991 997 -1
995 -22.01130808020467 -160.19280894648892 601.4619343683486 992 998 -1
996 -14.227912265104871 -159.85507648141615 610.0701832166559 993 999 -1
997 -18.806383507651823 -142.7647201308747 632.7059687073174 994 1000 -1
998 -22.07835572441104 -160.2724632848915 601.303164155893 995 1001 -1
999 -14.08664131872698 -159.90231265061078 610.2087342905573 996 1002 -1
1000 -18.92981446275657 -142.70254858658583 632.836630761842 997 1003 -1
1001 -22.14607285637337 -160.34984594504405 601.1435568760807 998 1004 -1
1002 -13.944970425587533 -159.94563009057154 610.3481582232936 999 1005 -1
1003 -19.053328574586384 -142.63931680984626 632.9667042644634 1000 1006 -1
1004 -22.214440286247154 -160.42493272394117 600.983132310995 1001 1007 -1
1005 -13.802902533057557 -159.9863622894747 610.487959149262 1002 1008 -1
1006 -19.17668791065239 -142.575083615856 633.0964336020812 1003 1009 -1
1007 -22.283438606237087 -160.49769842688966 600.8219102377427 1004 1010 -1
1008 -13.660396347476404 -160.02581102671536 610.6276831727898 1005 1011 -1
1009 -19.299650664504334 -142.50990572620793 633.2260682209475 1006 1012 -1
1010 -22.353046693949125 -160.5681225135804 600.659912311259 1007 1013 -1
1011 -13.51738389180708 -160.06535010996637 610.7668630531773 1008 1014 -1
1012 -19.421967722503506 -142.44383970796187 633.3558639164598 1009 1015 -1
1013 -22.42324222560216 -160.63618791391903 600.4971614367444 1010 1016 -1
1014 -13.373821884682352 -160.10636423804232 610.9050449990706 1011 1017 -1
1015 -19.543389177946676 -142.37694956434842 633.4860775421988 1012 1018 -1
1016 -22.494002844689238 -160.7018765576993 600.333680269662 1013 1019 -1
1017 -13.229677271285468 -160.15025936892184 611.0417240737755 1014 1020 -1
1018 -19.663654467772695 -142.30929675791646 633.6169680656375 1015 1021 -1
1019 -22.565305496661267 -160.76517201778867 600.1694920525928 1016 1022 -1
1020 -13.084961893910286 -160.19854605310314 611.1762977003201 1017 1023 -1
1021 -19.782492234846792 -142.24094590060466 633.7487960430274 1018 1024 -1
1022 -22.637126474289612 -160.82605954094507 600.0046205545193 1019 1025 -1
1023 -12.939788788567695 -160.252524097226 611.308182233844 1020 1026 -1
1024 -19.899618365788363 -142.17196594984432 633.881822293087 1021 1027 -1
1025 -22.709441464655917 -160.88452607252466 599.8390900087957 1022 1028 -1
1026 -12.794356546421227 -160.3136656422543 611.4366009680577 1023 1029 -1
1027 -20.01473418216941 -142.1024314998764 634.0163061657406 1024 1030 -1
1028 -22.782225597487805 -160.9405602750111 599.6729250501879 1025 1031 -1
1029 -12.649003576543416 -160.38324254845082 611.5607342218731 1026 1032 -1
1030 -20.127522103379544 -142.03242374904494 634.1525053711817 1027 1033 -1
1031 -22.855453494551988 -160.99415254034867 599.5061506513634 1028 1034 -1
1032 -12.504188423741683 -160.46214573475643 611.6798087477501 1029 1035 -1
1033 -20.237650985402105 -141.96203322551798 634.2906683103118 1030 1036 -1
1034 -22.92909931981666 -161.0452949961074 599.3387920592095 1031 1037 -1
1035 -12.360344823914305 -160.55029065231327 611.7934654922069 1032 1038 -1
1036 -20.344773883529438 -141.8913601212911 634.4310318338133 1033 1039 -1
1037 -23.00313683009289 -161.0939815055571 599.170874731351 1034 1040 -1
1038 -12.21764567282506 -160.6461090226011 611.902259582219 1035 1041 -1
1039 -20.44852369189529 -141.82051528747834 634.5738205046724 1036 1042 -1
1040 -23.077539425871436 -161.14020766177148 599.002424273226 1037 1043 -1
1041 -12.076128370554148 -160.7482182147709 612.0068012012056 1038 1044 -1
1042 -20.54851673743383 -141.74962191646625 634.71923992138 1039 1045 -1
1043 -23.15228020207553 -161.18397077592604 598.8334663760651 1040 1046 -1
1044 -11.935741616641325 -160.8554296388329 612.1077047521264 1041 1047 -1
1045 -20.644355160778932 -141.6788164382095 634.8674712042621 1042 1048 -1
1046 -23.227331998460816 -161.22526985999346 598.6640267561004 1043 1049 -1
1047 -11.796372648416577 -160.96670447140806 612.2055801933419 1044 1050 -1
1048 -20.735630771043315 -141.6082489812992 635.0186649948641 1045 1051 -1
1049 -23.302667449404947 -161.26410560407493 598.4941310953116 1046 1052 -1
1050 -11.65782565596487 -161.0809830112938 612.3011374420121 1047 1053 -1
1051 -20.821930572428002 -141.53808323050595 635.1729352328357 1048 1054 -1
1052 -23.37825928556199 -161.30047712661016 598.323804431568 1049 1055 -1
1053 -11.519896538894137 -161.197388925932 612.3950086472304 1050 1056 -1
1054 -20.90284313511283 -141.46849563151935 635.3303536104611 1051 1057 -1
1055 -23.454075263571067 -161.33439108087092 598.1530708189072 1052 1058 -1
1056 -11.382363518477812 -161.31511251672242 612.487813578767 1053 1059 -1
1057 -20.97796792603246 -141.3996736081086 635.4909438603066 1054 1060 -1
1058 -23.530075627868122 -161.36585449075199 597.9819504361764 1055 1061 -1
1059 -11.244996616681428 -161.43339096476276 612.5801586911231 1056 1062 -1
1060 -21.046950436747217 -141.33180788180616 635.6546655930263 1057 1063 -1
1061 -23.606219823510973 -161.39487508742624 597.8104626552747 1058 1064 -1
1062 -11.10756507111005 -161.55148901136013 612.6726382140914 1059 1065 -1
1063 -21.109718741347834 -141.26503779686982 635.8213128738125 1060 1066 -1
1064 -23.682467273613547 -161.42146179503047 597.6386264656476 1061 1067 -1
1065 -10.969843647482568 -161.66868042870433 612.7658360654452 1062 1068 -1
1066 -21.16641593372883 -141.19945337492848 635.9905871660278 1063 1069 -1
1067 -23.75877744312919 -161.44562196553994 597.4664601056186 1064 1070 -1
1068 -10.831613789963471 -161.78421355256225 612.8603406764055 1065 1071 -1
1069 -21.21720961409608 -141.1351312831921 636.1622045426506 1066 1072 -1
1070 -23.83510969218845 -161.46736705426073 597.2939818390053 1067 1073 -1
1071 -10.692679618441113 -161.89732306466024 612.9567225897341 1068 1074 -1
1072 -21.26226480637425 -141.07214058155847 636.3359060367889 1069 1075 -1
1073 -23.911423532299434 -161.486711587536 597.1212097274785 1070 1076 -1
1074 -10.552874443125305 -162.0072117953924 613.0555358483642 1071 1077 -1
1075 -21.301745245531034 -141.01054333457208 636.5114544035334 1072 1078 -1
1076 -23.987678651912976 -161.50366878215954 596.9481610818568 1073 1079 -1
1077 -10.41210785491224 -162.11317984688267 613.1572220234614 1074 1080 -1
1078 -21.335810896416003 -140.95039593609525 636.6886326596317 1075 1081 -1
1079 -24.06383481482228 -161.5182515898049 596.7748526433937 1076 1082 -1
1080 -10.270473695333003 -162.2150737614654 613.2618257535125 1077 1083 -1
1081 -21.364616002364368 -140.89175035553487 636.8672424563242 1078 1084 -1
1082 -24.13985173080015 -161.53047194852468 596.6013005471714 1079 1085 -1
1083 -10.128111367538416 -162.31290268147947 613.369283200682 1080 1086 -1
1084 -21.38830758757563 -140.83465529620838 637.0471023707992 1081 1087 -1
1085 -24.215689780058938 -161.5403500461423 596.4275212241644 1082 1088 -1
1086 -9.985158350286412 -162.40668402354328 613.4795297426317 1083 1089 -1
1087 -21.407006034592715 -140.77916347998 637.2280496791376 1084 1090 -1
1088 -24.29130938014502 -161.54790257108905 596.2535301835849 1085 1091 -1
1089 -9.841749755930765 -162.49644273930414 613.5925005900413 1086 1092 -1
1090 -21.420844795114608 -140.72531983810106 637.4099295783379 1087 1093 -1
1091 -24.366671012454823 -161.5531456212166 596.0793423774744 1088 1094 -1
1092 -9.69801592839695 -162.58216866330778 613.7081588697187 1089 1095 -1
1093 -21.429957609189827 -140.67316495536755 637.5925981725543 1090 1096 -1
1094 -24.441735087745823 -161.5560944315416 595.9049722240823 1091 1097 -1
1095 -9.554090608149505 -162.66392249541136 613.826425161838 1092 1098 -1
1096 -21.43445460474328 -140.62274427668157 637.7759247957944 1093 1099 -1
1097 -24.516463261801444 -161.55677206292424 595.7304342536542 1094 1100 -1
1098 -9.410101698889006 -162.74176729040403 613.9472241723638 1095 1101 -1
1099 -21.43441939066768 -140.5741112648608 637.9597890770027 1096 1102 -1
1100 -24.590816992187957 -161.55519790254786 595.5557421978514 1097 1103 -1
1101 -9.266172361307833 -162.81575185478425 614.0704948857748 1098 1104 -1
1102 -21.429938737205294 -140.52731685560246 638.1440754292261 1099 1105 -1
1103 -24.664757639765142 -161.55138999040318 595.3809092521227 1100 1106 -1
1104 -9.122422522227906 -162.88592918254585 614.1961781557206 1101 1107 -1
1105 -21.42111126580437 -140.4824048603531 638.3286729362562 1102 1108 -1
1106 -24.738246814464457 -161.54536729375297 595.2059482563097 1103 1109 -1
1107 -8.978968917534898 -162.9523558499156 614.3242169509107 1104 1110 -1
1108 -21.40800557809533 -140.43943026116003 638.5134776097889 1105 1111 -1
1109 -24.811247535384165 -161.53715430586138 595.0308719166969 1106 1112 -1
1110 -8.835930603609544 -163.0150535903642 614.4545800095848 1107 1113 -1
1111 -21.39065769718447 -140.39846315975157 638.6983887869047 1108 1114 -1
1112 -24.88372248304551 -161.52677243288917 594.855692326286 1109 1115 -1
1113 -8.69341947181627 -163.07409788259005 614.5872065134794 1110 1116 -1
1114 -21.36912878470959 -140.35956213643354 638.8833064898974 1111 1117 -1
1115 -24.955634085728256 -161.51424145915712 594.6804211244465 1112 1118 -1
1116 -8.551540497538976 -163.12957860644585 614.7220308941442 1113 1119 -1
1117 -21.343467087484058 -140.32279160774218 639.0681326619247 1114 1120 -1
1118 -25.02694529706381 -161.49958274596787 594.5050696665597 1115 1121 -1
1119 -8.410399005648038 -163.18156142454902 614.859006302939 1116 1122 -1
1120 -21.313699801913938 -140.28822741748635 639.2527689690221 1117 1123 -1
1121 -25.09762057269351 -161.4828218699888 594.3296490864096 1118 1124 -1
1122 -8.270098036321697 -163.23011308521998 614.9980886433289 1119 1125 -1
1123 -21.279834982690478 -140.25595772570014 639.4371143245475 1120 1126 -1
1124 -25.16762390263141 -161.4639816947683 594.1541700592599 1121 1127 -1
1125 -8.130741061340315 -163.2752933457093 615.139241337671 1122 1128 -1
1126 -21.24187640096326 -140.2260759253839 639.6210641041932 1123 1129 -1
1127 -25.236919221453178 -161.44308431735809 593.9786429281492 1124 1130 -1
1128 -7.992444339141666 -163.31712416180721 615.2824541965078 1125 1131 -1
1129 -21.199835863224543 -140.19867305713174 639.8045112492784 1126 1132 -1
1130 -25.30547025179047 -161.42015092804724 593.8030777440246 1127 1133 -1
1131 -7.855290268906658 -163.35572865719493 615.4276577058707 1128 1134 -1
1132 -21.15369987649422 -140.17385842227495 639.9873411846199 1129 1135 -1
1133 -25.37324318517028 -161.39520867303065 593.6274843764945 1130 1136 -1
1134 -7.719375780862095 -163.3911746602753 615.5748189225571 1131 1137 -1
1135 -21.10344482687134 -140.15175214120512 640.1694310691671 1132 1138 -1
1136 -25.44020334474018 -161.36828143838937 593.4518723561462 1133 1139 -1
1137 -7.5847971154242115 -163.42352964974668 615.7239075435499 1134 1140 -1
1138 -21.04903708902624 -140.13248622978682 640.3506477754124 1135 1141 -1
1139 -25.50631638373965 -161.33939331147627 593.2762509743974 1136 1142 -1
1140 -7.451655283184528 -163.45285070780707 615.8749020825882 1137 1143 -1
1141 -20.990433213265693 -140.11620573028117 640.5308456219619 1138 1144 -1
1142 -25.571547199284065 -161.30856629409033 593.1006293126051 1139 1145 -1
1143 -7.3200703640478455 -163.4791631989467 616.0278036226968 1140 1146 -1
1144 -20.927580232289124 -140.10306988249792 640.7098638161286 1141 1147 -1
1145 -25.635862468126454 -161.2758258743069 592.9250162626888 1142 1148 -1
1146 -7.19011404483734 -163.5025847505871 616.1825566049762 1143 1149 -1
1147 -20.860416142681835 -140.0932533106246 640.8875235626247 1144 1150 -1
1148 -25.69922949380606 -161.24119808638153 592.7494205105769 1145 1151 -1
1149 -7.061883673044496 -163.52317998586915 616.3391404630285 1146 1152 -1
1150 -20.788870631890823 -140.08694718730317 641.0636247960636 1147 1153 -1
1151 -25.761615252125555 -161.20470766876755 592.5738505794973 1148 1154 -1
1152 -6.935477798832531 -163.541012629435 616.4975367000993 1149 1155 -1
1153 -20.712857129928267 -140.08436814276885 641.2379384658175 1150 1156 -1
1154 -25.822987044950356 -161.1663794910178 592.3983148492318 1151 1157 -1
1155 -6.811032670381763 -163.5560983901355 616.6577605081559 1152 1158 -1
1156 -20.63227205463251 -140.08576281828405 641.4101989879529 1153 1159 -1
1157 -25.883312401224778 -161.12623838097704 592.2228215797344 1154 1160 -1
1158 -6.688630896519371 -163.56853231052563 616.8197757399884 1155 1161 -1
1159 -20.547049075195584 -140.09136171248355 641.5801250243138 1156 1162 -1
1160 -25.942557836367385 -161.08430718011502 592.0473789982899 1157 1163 -1
1161 -6.568366681899273 -163.5783903303576 616.9835592189048 1158 1164 -1
1162 -20.457063341109393 -140.1014687613503 641.7473646654711 1159 1165 -1
1163 -26.000693173756545 -161.04061375152392 591.8719951027218 1160 1166 -1
1164 -6.450341863118625 -163.585734086516 617.1490948169978 1161 1167 -1
1165 -20.362237946959265 -140.11636720669816 641.9115425356136 1162 1168 -1
1166 -26.057687034038754 -160.99518341042614 591.6966778843544 1163 1169 -1
1167 -6.334561585073671 -163.59060929775399 617.3162988494608 1164 1170 -1
1168 -20.262451158569057 -140.13641412642647 642.0721919498834 1165 1171 -1
1169 -26.11350836755318 -160.9480415700078 591.521435283669 1166 1172 -1
1170 -6.220751661418118 -163.5932254592177 617.4849007597801 1167 1173 -1
1171 -20.157698091608623 -140.16180803613364 642.228873231319 1168 1174 -1
1172 -26.168126456807325 -160.8992137384537 591.3462752078614 1169 1175 -1
1173 -6.108657683475286 -163.59375383257884 617.6546683194455 1170 1176 -1
1174 -20.048058584579266 -140.192549286004 642.3811925391677 1171 1177 -1
1175 -26.221510919707182 -160.8487255169793 591.1712055479754 1172 1178 -1
1176 -5.998027789454089 -163.59234883537596 617.8253892120712 1173 1179 -1
1177 -19.93367108447032 -140.22856101367927 642.5287924194224 1174 1180 -1
1178 -26.27363171359815 -160.79660259877684 590.9962341955711 1175 1181 -1
1179 -5.888578554579641 -163.58919174061938 617.9968465159201 1176 1182 -1
1180 -19.814719605940024 -140.2697115255638 642.6713559246825 1177 1183 -1
1181 -26.324459140168518 -160.74287076878937 590.8213690588847 1178 1184 -1
1182 -5.780002393973449 -163.58449656850266 618.1688232185253 1179 1185 -1
1183 -19.691426744454702 -140.31581844420393 642.8086160210037 1180 1186 -1
1184 -26.373963720154176 -160.68755575320037 590.6466180902873 1181 1187 -1
1185 -5.672009288107332 -163.5784506561993 618.3411248630332 1182 1188 -1
1186 -19.56404524498376 -140.36665490582683 642.9403623846628 1183 1189 -1
1187 -26.4221159543001 -160.63068297580196 590.4719893270654 1184 1190 -1
1188 -5.564308466217195 -163.57122317887018 618.5135640751199 1185 1191 -1
1189 -19.432848826732258 -140.4219572604571 643.0664452370429 1186 1192 -1
1190 -26.46888798991226 -160.5722794066867 590.2974907501788 1187 1193 -1
1191 -5.45659952900024 -163.56302437165107 618.6859548334032 1188 1194 -1
1192 -19.298122968227513 -140.48143363507248 643.1867761821244 1189 1195 -1
1193 -26.514251632300777 -160.51237127724892 590.1231304673655 1190 1196 -1
1194 -5.348598403670083 -163.55404532167714 618.8581237775186 1191 1197 -1
1195 -19.16015627250022 -140.54477271729326 643.3013262970749 1192 1198 -1
1196 -26.558186424561068 -160.45099724478686 589.9489141506335 1193 1199 -1
1197 -5.240030298897733 -163.5444687366923 619.0299034398455 1194 1200 -1
1198 -19.01923288565446 -140.61165219049465 643.4101219418905 1195 1201 -1
1199 -26.600688209572645 -160.38822233490447 589.7748415019194 1196 1202 -1
1200 -5.130624544453921 -163.53447223788706 619.2011267284639 1197 1203 -1
1201 -18.87562626704329 -140.6817463765355 643.5132388788466 1198 1204 -1
1202 -26.64175516636394 -160.3241141351282 589.6009103762068 1199 1205 -1
1203 -5.020118793347119 -163.52423269130915 619.3716275478189 1200 1206 -1
1204 -18.729594436820495 -140.75473279101243 643.6107953270073 1201 1207 -1
1205 -26.681385626187062 -160.25873920837353 589.4271175330216 1202 1208 -1
1206 -4.9082957027113014 -163.51392306490385 619.5412628115754 1203 1209 -1
1207 -18.581376679996605 -140.83029746245015 643.7029445370188 1204 1210 -1
1208 -26.719578009413983 -160.1921631032839 589.2534587173866 1205 1211 -1
1209 -4.795129780320434 -163.50369749892405 619.7100104782869 1206 1212 -1
1210 -18.431187280602547 -140.90814382319823 643.7898551512518 1207 1213 -1
1211 -26.756330766454077 -160.12445037238678 589.0799287375088 1208 1214 -1
1212 -4.680836255451107 -163.49369465464682 619.8780100671362 1209 1215 -1
1213 -18.279224399962228 -140.98798410935558 643.8717296720754 1210 1216 -1
1214 -26.79164232257122 -160.05566459725486 588.9065215391369 1211 1217 -1
1215 -4.565635514178665 -163.48404845452637 620.0454099375389 1212 1218 -1
1216 -18.12566620436585 -141.0695462190274 643.94879056561 1213 1219 -1
1217 -26.82551046239969 -159.98586804964953 588.7332303189072 1214 1220 -1
1218 -4.449736257561588 -163.47489047675447 620.21235454134 1215 1221 -1
1219 -17.970667707031538 -141.15257900898837 644.0212628184921 1216 1222 -1
1220 -26.85793350042961 -159.91512259756468 588.5600474913236 1217 1223 -1
1221 -4.333338613001774 -163.46635147906125 620.3789849559001 1218 1224 -1
1222 -17.814354333617608 -141.2368583657002 644.0893405061439 1219 1225 -1
1223 -26.888909828137553 -159.84348937120456 588.3869647971133 1220 1226 -1
1224 -4.216637043895323 -163.45856287392382 620.5454394618129 1221 1227 -1
1225 -17.65685243731946 -141.32215976369793 644.1532815684121 1222 1228 -1
1226 -26.918437299194263 -159.7710284549747 588.213973405717 1223 1229 -1
1227 -4.099823121966339 -163.45165817675775 620.7118541294465 1224 1230 -1
1228 -17.498255707676726 -141.4082898767557 644.2132858743722 1225 1231 -1
1229 -26.94651351993502 -159.69779916751716 588.0410639475168 1226 1232 -1
1230 -3.9830882237150083 -163.44577444739087 620.878363383273 1227 1233 -1
1231 -17.33865460271392 -141.49506201166514 644.2695894708856 1228 1234 -1
1232 -26.973135814339596 -159.623860115069 587.8682265697198 1229 1235 -1
1233 -3.8666285836467025 -163.44106036069326 621.0451023306678 1230 1236 -1
1234 -17.178114372157292 -141.58231111933108 644.3223776039135 1231 1237 -1
1235 -26.998301191842614 -159.54926924774512 587.6954509896829 1232 1238 -1
1236 -3.750644898698745 -163.43766365257045 621.2122044771767 1233 1239 -1
1237 -17.01670208568357 -141.66987836235361 644.3718783255717 1234 1240 -1
1238 -27.022006317833743 -159.47408391835552 587.5227265459001 1235 1241 -1
1239 -3.635344702797857 -163.43573954311228 621.3798020506133 1236 1242 -1
1240 -16.854466832450928 -141.75762112369404 644.4182824099422 1237 1243 -1
1241 -27.04424748671758 -159.39836094340933 587.3500422468787 1238 1244 -1
1242 -3.5209474123932765 -163.43545541193515 621.5480276059255 1239 1245 -1
1243 -16.691445609086582 -141.8454063582947 644.4617604875727 1240 1246 -1
1244 -27.065020597416105 -159.32215666599282 587.1773868181491 1241 1247 -1
1245 -3.4076432097818494 -163.43693972876585 621.7169848709447 1242 1248 -1
1246 -16.527676249952233 -141.93310988266987 644.5025067866451 1243 1249 -1
1247 -27.084320179668214 -159.24552678239615 587.0047487512468 1244 1250 -1
1248 -3.2954403842757047 -163.44010701732967 621.8866526757888 1245 1251 -1
1249 -16.363185708996006 -142.02061667151258 644.5406913389763 1246 1252 -1
1250 -27.10214122772478 -159.16852698367595 586.8321163171817 1247 1253 -1
1251 -3.184280292319625 -163.44479414987816 622.0569706534995 1248 1254 -1
1252 -16.197995166380323 -142.10781894893074 644.5764760329984 1249 1255 -1
1253 -27.1184792905038 -159.09121286477784 586.6594776472906 1250 1256 -1
1254 -3.074097252807985 -163.45083022423972 622.2278802729116 1251 1257 -1
1255 -16.032121043241983 -142.1946153796478 644.6100156424015 1252 1258 -1
1256 -27.13332849667067 -159.01363953612798 586.4868207763319 1253 1259 -1
1257 -2.964827843594918 -163.4580477545435 622.3993299844769 1254 1260 -1
1258 -15.865575685908503 -142.2809103259817 644.6414580118128 1255 1261 -1
1259 -27.14668249071841 -158.93586196663387 586.3141336728322 1256 1262 -1
1260 -2.856390712921572 -163.4662559583812 622.5712629794184 1257 1263 -1
1261 -15.6983679748391 -142.36661315859195 644.6709443052307 1258 1264 -1
1262 -27.15853442152811 -158.85793505272656 586.1414042803939 1259 1265 -1
1263 -2.748694162008029 -163.4752540066687 622.743621513159 1260 1266 -1
1264 -15.530503865149935 -142.45163762043143 644.6986092994462 1261 1267 -1
1265 -27.16887693300526 -158.77991368774815 585.9686205589989 1262 1268 -1
1266 -2.6416491547053473 -163.4848455178695 622.9163536299069 1263 1269 -1
1267 -15.361986865752106 -142.53590124219434 644.7245817080116 1264 1270 -1
1268 -27.177702156813645 -158.70185283151378 585.7957705265834 1265 1271 -1
1269 -2.53516287542143 -163.49482951768215 623.0894086492574 1266 1272 -1
1270 -15.192817942571876 -142.6193240723807 644.7489833633002 1267 1273 -1
1271 -27.185000367217228 -158.62380764225574 585.6228422225223 1268 1274 -1
1272 -2.4291459969473075 -163.50499953680023 623.2627408677345 1269 1275 -1
1273 -15.02299388613319 -142.70182482937753 644.7719259480086 1270 1276 -1
1274 -27.190763467693206 -158.545833499588 585.449823932235 1271 1277 -1
1275 -2.323485687608097 -163.5151371183899 623.4362925877886 1272 1278 -1
1276 -14.852516087757538 -142.78333288068777 644.7935293205497 1273 1279 -1
1277 -27.194982618464746 -158.46798596557406 585.2767041366922 1274 1280 -1
1278 -2.218079045669689 -163.5250288247805 623.6100126557924 1275 1281 -1
1279 -14.681382068428539 -142.86377582906772 644.81390173694 1276 1282 -1
1280 -27.197647886066356 -158.39032094934745 585.1034715204746 1277 1283 -1
1281 -2.1128218688020843 -163.53445216972318 623.7838493085184 1278 1284 -1
1282 -14.509587975825946 -142.94308166600766 644.8331461231944 1279 1285 -1
1283 -27.198748822296913 -158.31289476897425 584.9301150482514 1280 1286 -1
1284 -2.0076054262048917 -163.54317482079844 623.9577470979467 1281 1287 -1
1285 -14.337124780177197 -143.02117035532592 644.8513553316994 1282 1288 -1
1286 -27.198274471161668 -158.23576421811947 584.7566240137169 1283 1289 -1
1287 -1.902321277783981 -163.55098421905933 624.1316471959329 1284 1290 -1
1288 -14.163993794209107 -143.09798208685348 644.8686348496906 1285 1291 -1
1289 -27.196213378659074 -158.1589866314362 584.5829880906886 1286 1292 -1
1290 -1.796864068478157 -163.55765819325958 624.305489596201 1287 1293 -1
1291 -13.990193455138987 -143.17345233147034 644.885086676766 1288 1294 -1
1292 -27.192553605607824 -158.08261994838495 584.4091973866178 1289 1295 -1
1293 -1.6911194687805389 -163.56293054078398 624.4792053440012 1290 1296 -1
1294 -13.815733338354386 -143.24753345191846 644.9008551962397 1291 1297 -1
1295 -27.187282743731554 -158.00672277515693 584.2352424987477 1292 1298 -1
1296 -1.5849906299429453 -163.56660943247462 624.6527274376964 1293 1299 -1
1297 -13.640637765026911 -143.32020999663445 644.9161081923559 1294 1300 -1
1298 -27.180387935240123 -157.93135444433625 584.0611145731417 1295 1301 -1
1299 -1.478379346128464 -163.56847466335722 624.8259823682407 1296 1302 -1
1300 -13.464917425356713 -143.39143924850887 644.9309996937692 1297 1303 -1
1301 -27.17185589616615 -157.85657507189364 583.8868053667885 1298 1304 -1
1302 -1.3711767294916588 -163.56825822377277 624.9988816765142 1299 1305 -1
1303 -13.288585380179335 -143.46118393403341 644.9456857617768 1300 1306 -1
1304 -27.161672943735372 -157.7824456110574 583.7123073129616 1301 1307 -1
1305 -1.2632995480296214 -163.56576878160192 625.1713426679581 1302 1308 -1
1306 -13.111655926625485 -143.5294099921121 644.9603201030939 1303 1309 -1
1307 -27.14982466086479 -157.7090280719266 583.5376135458768 1304 1310 -1
1308 -1.1546688321609329 -163.56081023169867 625.3432762567219 1305 1311 -1
1309 -12.93413162851954 -143.59605010191248 644.9750576034703 1306 1312 -1
1310 -27.136297159057374 -157.6363850223082 583.3627181191506 1307 1313 -1
1311 -1.0451951841101497 -163.55313628877883 625.5145739727959 1308 1314 -1
1312 -12.756028850212891 -143.66106945805294 644.9900518541851 1309 1315 -1
1313 -27.121075850574012 -157.56458015505774 583.1876159331347 1310 1316 -1
1314 -0.9348097436385755 -163.5425496535917 625.685129211434 1311 1317 -1
1315 -12.57735371254733 -143.7243993407292 645.0054610737105 1312 1318 -1
1316 -27.1041458326018 -157.4936782032399 583.0123028518656 1313 1319 -1
1317 -0.8234644894240956 -163.52890040879407 625.8548404085423 1314 1320 -1
1318 -12.398114831237251 -143.78596807279325 645.0214483819333 1315 1321 -1
1319 -27.085492010797672 -157.4237449393021 582.8367757945404 1316 1322 -1
1320 -0.7111641552358721 -163.51205921331913 626.0236333867649 1317 1323 -1
1321 -12.218326687710107 -143.84571132030956 645.0381756123786 1318 1324 -1
1322 -27.065098564981707 -157.35484757027407 582.6610327489763 1319 1325 -1
1323 -0.5980932900924355 -163.49200246168246 626.1915585646431 1320 1326 -1
1324 -12.037999975352353 -143.90353700952147 645.055818085402 1321 1327 -1
1325 -27.042950495850175 -157.28705386983574 582.4850730468852 1322 1328 -1
1326 -0.4845086388776993 -163.46888572022496 626.3587419434441 1323 1329 -1
1327 -11.857149940656925 -143.95934709879475 645.0745587616393 1324 1330 -1
1328 -27.019032554495116 -157.2204328297827 582.3088973150519 1325 1331 -1
1329 -0.3706362579035242 -163.44277803050997 626.5252882801607 1326 1332 -1
1330 -11.67579917913324 -144.01304632351383 645.0945815653181 1327 1333 -1
1331 -26.99332952063757 -157.15505455222717 582.132507596449 1328 1334 -1
1332 -0.25669757985126546 -163.4137314114746 626.6913021447164 1329 1335 -1
1333 -11.4939726740101 -144.06451643469475 645.1160868303928 1330 1336 -1
1334 -26.96582633994168 -157.09099020367609 581.9559074554245 1331 1337 -1
1335 -0.14291828243937757 -163.38175112437796 626.8568856154612 1332 1338 -1
1336 -11.311702428275545 -144.1136254960915 645.1392878794275 1333 1339 -1
1337 -26.93650821636395 -157.02831198833175 581.7791020783089 1334 1340 -1
1338 -0.029515573091413658 -163.346942071269 627.0221564456393 1335 1341 -1
1339 -11.12902945419882 -144.16022642698286 645.1644126781315 1336 1342 -1
1340 -26.905360711964455 -156.96709310836664 581.6020983752834 1337 1343 -1
1341 0.08329375369860098 -163.30934244528677 627.1872219562509 1338 1344 -1
1342 -10.946006192083601 -144.20415544131242 645.1917054757046 1339 1345 -1
1343 -26.8723701030564 -156.90740367530748 581.4249063843799 1340 1346 -1
1344 0.19528768000444693 -163.26897636257962 627.3521895090571 1341 1347 -1
1345 -10.762699442501747 -144.2452304104622 645.2214283744632 1342 1348 -1
1346 -26.83752470458395 -156.84929209641697 581.2475450526891 1343 1349 -1
1347 0.30621687567627237 -163.22581684889366 627.5171691503222 1344 1350 -1
1348 -10.579193903158938 -144.28324919633013 645.2538627448039 1345 1351 -1
1349 -26.800814251648536 -156.79279894105775 581.0700371451243 1346 1352 -1
1350 0.41586864094161524 -163.17994171083086 627.682269560048 1347 1353 -1
1351 -10.395596403787456 -144.3179880281528 645.2893103659709 1348 1354 -1
1352 -26.76222729032903 -156.73796656699815 580.8924065276756 1349 1355 -1
1353 0.5240041473579433 -163.13136413181843 627.8475967334134 1350 1356 -1
1354 -10.212040926207665 -144.34920003244588 645.3280941282347 1351 1357 -1
1355 -26.72175710079634 -156.68483385352948 580.714678535477 1352 1358 -1
1356 0.6303481094463103 -163.08005751984604 628.0132611032323 1353 1359 -1
1357 -10.028694528373833 -144.3766135580158 645.370558585515 1354 1360 -1
1358 -26.679397498570133 -156.6334397936192 580.5368796103135 1355 1361 -1
1359 0.7346232844397531 -163.02601863410771 628.1793707834773 1356 1362 -1
1360 -9.84577098241547 -144.3998858746049 645.4171148626798 1357 1363 -1
1361 -26.63514286077105 -156.58382349063342 580.3590373239335 1358 1364 -1
1362 0.8365778485959927 -162.96928646074 628.346021641079 1359 1365 -1
1363 -9.663525322846606 -144.41872754222268 645.4681150854847 1360 1366 -1
1364 -26.588988892224616 -156.53602343627708 580.1811803982467 1361 1367 -1
1365 0.9358837796564118 -162.9098254908415 628.5133189529839 1362 1368 -1
1366 -9.48228978224949 -144.43271964569396 645.5240319151276 1363 1369 -1
1367 -26.540932341683835 -156.49007775017205 580.0033386812098 1364 1370 -1
1368 1.0323707563912174 -162.84764131910308 628.6812746919084 1365 1371 -1
1369 -9.30245342650338 -144.44150249721534 645.5852651951955 1366 1372 -1
1370 -26.490969031747966 -156.4460261590375 579.8255432183604 1367 1373 -1
1371 1.1263022007148673 -162.78288431916334 628.8497067273044 1368 1374 -1
1372 -9.124497942157106 -144.44465142191166 645.6522630544143 1369 1375 -1
1373 -26.4391021353697 -156.40390163970383 579.6478259359909 1370 1376 -1
1374 1.2179011037978549 -162.71560578965304 629.018435417748 1371 1377 -1
1375 -8.94900145015865 -144.44173044004057 645.7254624871151 1372 1378 -1
1376 -26.385333324478385 -156.3637391047405 579.4702197586362 1373 1379 -1
1377 1.3075162944090304 -162.6459724953664 629.1872744080378 1374 1380 -1
1378 -8.776644344628544 -144.4323088588883 645.8052667049942 1375 1381 -1
1379 -26.329665889599536 -156.32557229476868 579.2927585208682 1376 1382 -1
1380 1.395470034838548 -162.57410845205 629.356052799121 1377 1383 -1
1381 -8.608208617904562 -144.41598227776328 645.8920184528858 1378 1384 -1
1382 -26.27210478364304 -156.28943366418528 579.1154768966959 1379 1385 -1
1383 1.482092196113636 -162.50012429032944 629.5246040718213 1380 1386 -1
1384 -8.444567228657725 -144.39239863984898 645.9859696764637 1381 1387 -1
1385 -26.21265512692421 -156.25535597154365 578.9384105260806 1382 1388 -1
1386 1.567765821330245 -162.4242098725805 629.692781748142 1383 1389 -1
1387 -8.286660594939567 -144.36128771137155 646.0872504486455 1384 1390 -1
1388 -26.151325622306636 -156.22336849394824 578.7615955634333 1385 1391 -1
1389 1.652831115975549 -162.3464449580401 629.8604221081118 1386 1392 -1
1390 -8.13545865102634 -144.32249088178608 646.1958415647103 1387 1393 -1
1391 -26.088127871649764 -156.1934975447602 578.5850685266558 1388 1394 -1
1392 1.7376732820059915 -162.26703845849852 630.0274047978619 1389 1395 -1
1393 -7.991913257813428 -144.27598345991302 646.3115592001469 1390 1396 -1
1394 -26.02307382306454 -156.16576926185385 578.408866576486 1391 1397 -1
1395 1.822654957297261 -162.18610829532906 630.1935831397847 1392 1398 -1
1396 -7.85690490514482 -144.22188743666703 646.4340533584416 1393 1399 -1
1397 -25.956177202614107 -156.14020795195404 578.2330272484976 1394 1400 -1
1398 1.908138833153791 -162.10381755311988 630.3588330708384 1395 1401 -1
1399 -7.731122913898574 -144.1605195701412 646.5627826777971 1396 1402 -1
1400 -25.88745351338918 -156.11683599456697 578.0575883420166 1397 1403 -1
1401 1.9944652376100656 -162.02033496222901 630.5230438620733 1398 1404 -1
1402 -7.614958730553801 -144.0923509166338 646.6970171175841 1399 1405 -1
1403 -25.81692002578028 -156.09567375208184 577.8825878041264 1400 1406 -1
1404 2.0819068757370007 -161.93577467523158 630.6861092085356 1401 1407 -1
1405 -7.508059821883832 -144.01806058035632 646.835639385371 1402 1408 -1
1406 -25.744595758741394 -156.07673948691018 577.7080636095087 1403 1409 -1
1407 2.1703578108587083 -161.85027709861362 630.8481383040206 1404 1410 -1
1408 -7.409779932229481 -143.9383193744794 646.9775788217307 1405 1411 -1
1409 -25.67050145192832 -156.06004928649017 577.5340536369446 1406 1412 -1
1410 2.2596959523782156 -161.76392688204373 631.0092259542212 1407 1413 -1
1411 -7.319406956311272 -143.8537215333501 647.121946650342 1408 1414 -1
1412 -25.59465952869207 -156.04561699692562 577.3605955433662 1409 1415 -1
1413 2.34980340558683 -161.67680390515787 631.1694669405248 1410 1416 -1
1414 -7.236345174419228 -143.76470413744144 647.26804291865 1411 1417 -1
1415 -25.51709405000304 -156.0334541659638 577.1877266364062 1412 1418 -1
1416 2.440542925525443 -161.589008667324 631.3289827943112 1413 1419 -1
1417 -7.15990827109901 -143.6716964389539 647.4152684714111 1414 1420 -1
1418 -25.437830659485833 -156.02356999593263 577.0154837464395 1415 1421 -1
1419 2.5318038698962133 -161.50061514448478 631.4878696518149 1416 1422 -1
1420 -7.0895320933001305 -143.57500914947724 647.5631470708374 1417 1423 -1
1421 -25.35689651984373 -156.0159713071676 576.8439030991398 1418 1424 -1
1422 2.6234766439188038 -161.41169466547956 631.6462245846421 1419 1425 -1
1423 -7.024702689124294 -143.47489051025102 647.711280165845 1420 1426 -1
1424 -25.274320241051754 -156.0106625123566 576.6730201895934 1421 1427 -1
1425 2.7154419513951837 -161.3223325157094 631.8041607727614 1422 1428 -1
1426 -6.964927465332157 -143.3715534827686 647.8593303256782 1423 1429 -1
1427 -25.190131800793935 -156.007645602119 576.5028696590116 1424 1430 -1
1428 2.8075931951429327 -161.23259806501912 631.9617772185587 1425 1431 -1
1429 -6.90976774779085 -143.26516264508842 648.0070098362646 1426 1432 -1
1430 -25.104362457709115 -156.00692014202093 576.3334851750732 1427 1433 -1
1431 2.899822054582576 -161.14255775683745 632.1191737162796 1428 1434 -1
1432 -6.8588364707311 -143.15583908161793 648.1540660037742 1429 1435 -1
1433 -25.01704221397724 -156.00848696652065 576.1649006576635 1430 1436 -1
1434 2.992017811980096 -161.0522895031883 632.2764590164362 1431 1437 -1
1435 -6.811787546105729 -143.04366890471056 648.3002699490384 1432 1438 -1
1436 -24.92820486726009 -156.01234065128943 575.9971475858151 1433 1439 -1
1437 3.08407158618598 -160.96186188547358 632.4337359353813 1434 1440 -1
1438 -6.768292624692979 -142.9287222727779 648.4454143978925 1435 1441 -1
1439 -24.83788656819264 -156.01847123805553 575.8302552726001 1436 1442 -1
1440 3.175865446186029 -160.87134516094906 632.5911134562157 1437 1443 -1
1441 -6.7280612026704585 -142.81103957886947 648.5893024047057 1438 1444 -1
1442 -24.7461200869645 -156.02687306322548 575.6642541909663 1439 1445 -1
1443 3.267291106136832 -160.78081406532502 632.7486968675315 1440 1446 -1
1444 -6.690829549992113 -142.69063899689692 648.7317424056095 1441 1447 -1
1445 -24.652940392399653 -156.03753621233628 575.499172746734 1442 1448 -1
1446 3.3582241162693425 -160.69034321746412 632.906599550749 1443 1449 -1
1447 -6.656361088686645 -142.5675140654125 648.8725398963529 1444 1450 -1
1448 -24.558386376291914 -156.05044328636473 575.3350356094576 1445 1451 -1
1449 3.448535669318446 -160.6000118953043 633.0649380897718 1446 1452 -1
1450 -6.624444174236458 -142.4416313428825 649.0114881066229 1447 1453 -1
1451 -24.462490276988714 -156.06558673838046 575.171871036625 1448 1454 -1
1452 3.5381654453894384 -160.50987624690768 633.2237747813169 1449 1455 -1
1453 -6.594857830038221 -142.312968511914 649.1483902747194 1450 1456 -1
1454 -24.365293004372678 -156.08294338502597 575.0096998037147 1451 1457 -1
1455 3.6273175029695257 -160.4198913321722 633.3829655435372 1452 1458 -1
1456 -6.567411036291629 -142.18147040170211 649.2830251847358 1453 1459 -1
1457 -24.26682968232482 -156.1024984937021 574.8485456593928 1454 1460 -1
1458 3.7163400609865347 -160.32996012221722 633.5422591306515 1455 1461 -1
1459 -6.5419236941815635 -142.04706557708172 649.4151514909652 1456 1462 -1
1460 -24.16713691994227 -156.12423360573771 574.6884299725358 1457 1463 -1
1461 3.8055767127005127 -160.23998744959948 633.7014093803562 1458 1464 -1
1462 -6.51823174939694 -141.90965198622038 649.5444871121786 1459 1465 -1
1463 -24.06625421500246 -156.14812364388345 574.529370076879 1460 1466 -1
1464 3.895368016896149 -160.1498786230769 633.8601699890736 1461 1467 -1
1465 -6.496158185204377 -141.76914459065014 649.6707475348554 1462 1468 -1
1466 -23.964218258593263 -156.17414703664107 574.3713840956253 1463 1469 -1
1467 3.9860621111381773 -160.05953867586925 634.0182844813867 1464 1470 -1
1468 -6.475539690252482 -141.62542982763753 649.7935967828327 1465 1471 -1
1469 -23.861065096897825 -156.20228202271701 574.2144892575808 1466 1472 -1
1470 4.077987211303392 -159.9688800869069 634.1755027886717 1467 1473 -1
1471 -6.456214429347408 -141.4783810383137 649.9126508017579 1468 1474 -1
1472 -23.75683175665222 -156.23250350206268 574.0587002106975 1469 1475 -1
1473 4.17144504117797 -159.87782539012906 634.3315839856523 1470 1476 -1
1474 -6.4380189059505435 -141.32786222448397 650.0274692866875 1471 1477 -1
1475 -23.651555877719545 -156.26478348068161 573.904029086798 1472 1478 -1
1476 4.26675457423471 -159.78629658335387 634.4862613030574 1473 1479 -1
1477 -6.420785474402409 -141.17373217106464 650.1375453011489 1474 1480 -1
1478 -23.54527373538166 -156.2990948997751 573.75048752562 1475 1481 -1
1479 4.364126790451924 -159.69424748430762 634.6393363344694 1476 1482 -1
1480 -6.404339856306681 -141.01585069362199 650.2422937685648 1477 1483 -1
1481 -23.43802130627956 -156.33540956854318 573.5980855646324 1478 1484 -1
1482 4.4638432843885205 -159.601618740546 634.7905405646644 1479 1485 -1
1483 -6.388501661294614 -140.85405969018393 650.3409914750766 1480 1486 -1
1484 -23.32983248907435 -156.3737019480015 573.4468338453258 1481 1487 -1
1485 4.566063239095492 -159.5083860603933 634.9396872070822 1482 1488 -1
1486 -6.373071190827829 -140.68826778665314 650.4328728782236 1483 1489 -1
1487 -23.220743389968472 -156.41394004919314 573.2967382838716 1484 1490 -1
1488 4.670872885301499 -159.41453229343037 635.0866307053677 1485 1491 -1
1489 -6.3578383908771015 -140.5183904524825 650.5169889091177 1486 1492 -1
1490 -23.110788880902728 -156.45609250855875 573.1478040717614 1487 1493 -1
1491 4.778015173591079 -159.3200198330423 635.2314555630344 1488 1494 -1
1492 -6.342574688375806 -140.34442323320164 650.5922667581954 1489 1495 -1
1493 -23.0 -156.5 573.0 1490 -1 -1
1494 4.887065933580896 -159.22479754179523 635.3743791752368 1491 1496 -1
1495 -6.327030657937983 -140.16644707977056 650.6574206364467 1492 1497 -1
1496 4.997606322858828 -159.12882191121523 635.5156453306917 1494 1498 -1
1497 -6.310941248533035 -139.9847348279444 650.7110959910874 1495 1499 -1
1498 5.10928156120075 -159.0320339216427 635.6554575843786 1496 1500 -1
1499 -6.294027835407447 -139.79976079057425 650.7517732591261 1497 1501 -1
1500 5.221760497428351 -158.93436961010025 635.7940108373167 1498 1502 -1
1501 -6.276010240056253 -139.6122882899874 650.7778941375157 1499 1503 -1
1502 5.334730077479137 -158.83576055250492 635.9314918375666 1500 1504 -1
1503 -6.256620610591297 -139.42341621255187 650.7879368591265 1501 1505 -1
1504 5.44789026916914 -158.73613415908204 636.0680798637271 1502 1506 -1
1505 -6.235633454787219 -139.23459733805188 650.78066256648 1503 1507 -1
1506 5.560947569303056 -158.63540846018017 636.2039449634163 1504 1508 -1
1507 -6.212892922078582 -139.04755755468426 650.7553164531427 1505 1509 -1
1508 5.6736100307149355 -158.53350138494204 636.3392558509673 1506 1510 -1
1509 -6.188324043988524 -138.86415236905862 650.7117058270203 1507 1511 -1
1510 5.7855898297576305 -158.43033388486816 636.4741775028389 1508 1512 -1
1511 -6.162022041002154 -138.68604866052866 650.6505973885924 1509 1513 -1
1512 5.89659344293144 -158.3258171549939 636.6088668765505 1510 1514 -1
1513 -6.134415386918015 -138.51409735764565 650.5742844712801 1511 1515 -1
1514 6.006318024332931 -158.21985852866666 636.7434772374154 1512 1516 -1
1515 -6.105930402387134 -138.34850912436764 650.4852496969357 1513 1517 -1
1516 6.114447130012732 -158.1123616718401 636.8781585084939 1514 1518 -1
1517 -6.076898001462992 -138.18915877262484 650.3856171512361 1515 1519 -1
1518 6.220646308581088 -158.00322694671766 637.0130573784362 1516 1520 -1
1519 -6.0475729812986465 -138.03568199853189 650.2772198218894 1517 1521 -1
1520 6.324558516622497 -157.8923520208851 637.1483170973261 1518 1522 -1
1521 -6.018145942186742 -137.8876520329352 650.1615109731844 1519 1523 -1
1522 6.4257993397000925 -157.77963281513212 637.2840768754447 1520 1524 -1
1523 -5.988762166613815 -137.74459318919688 650.039693063532 1521 1525 -1
1524 6.523901022761679 -157.66493527549207 637.4204817562875 1522 1526 -1
1525 -5.95953221668259 -137.60602386723033 649.9127523629226 1523 1527 -1
1526 6.618423801775143 -157.5481708805396 637.5576560157043 1524 1528 -1
1527 -5.930540681476474 -137.47148185257853 649.7814950630403 1525 1529 -1
1528 6.7090950106099445 -157.42931839988645 637.6956345388294 1526 1530 -1
1529 -5.901855354551562 -137.34055787281557 649.6465607325939 1527 1531 -1
1530 6.796242273125838 -157.30855206284235 637.8342224135754 1528 1532 -1
1531 -5.873532155921154 -137.2128756926527 649.5084784085029 1529 1533 -1
1532 6.8803350709226665 -157.18606577990906 637.9731889335847 1530 1534 -1
1533 -5.845617455497605 -137.08808470027793 649.3676949293693 1531 1535 -1
1534 6.9619586229852635 -157.0620863713218 638.1123046556405 1532 1536 -1
1535 -5.818149923501877 -136.96585769090765 649.2245922619885 1533 1537 -1
1536 7.0417457416624325 -156.9368462542504 638.2513573699035 1534 1538 -1
1537 -5.791166638425733 -136.84591048152006 649.0794816441451 1535 1539 -1
1538 7.120315749436422 -156.81054834254053 638.3901468206302 1536 1540 -1
1539 -5.7647042431596915 -136.72798631873005 648.9326268718645 1537 1541 -1
1540 7.198323639359461 -156.68339742707872 638.528474037206 1538 1542 -1
1541 -5.738793851875245 -136.61183142523845 648.7842709031318 1539 1543 -1
1542 7.276438952963239 -156.5556231494468 638.6661647132411 1540 1544 -1
1543 -5.713468022038922 -136.49721752072304 648.6346208203962 1541 1545 -1
1544 7.35530394609927 -156.42743547272357 638.8030410828956 1542 1546 -1
1545 -5.6887604607047395 -136.38393209597305 648.4838596968477 1543 1547 -1
1546 7.435592720997134 -156.29904978703544 638.9388996383285 1544 1548 -1
1547 -5.6647063114507 -136.27177411653307 648.3321526982107 1545 1549 -1
1548 7.51788030294712 -156.17069629140278 639.0735865098856 1546 1550 -1
1549 -5.641342902984979 -136.16055169552817 648.1796508978451 1547 1551 -1
1550 7.602727710040335 -156.0426014758604 639.2069235402372 1548 1552 -1
1551 -5.618710493051223 -136.0500798047257 648.0264946204512 1549 1553 -1
1552 7.690665972559369 -155.9150015358516 639.3387226203232 1550 1554 -1
1553 -5.596853038535576 -135.94017801437317 647.8728164426543 1551 1555 -1
1554 7.78206478456398 -155.7880915147306 639.4688223247324 1552 1556 -1
1555 -5.575819021651573 -135.83066824116432 647.7187439657611 1553 1557 -1
1556 7.8766013786461615 -155.66181637971994 639.5972879170059 1554 1558 -1
1557 -5.555663178797502 -135.72137250469723 647.5644023436117 1555 1559 -1
1558 7.973887108853591 -155.53606607438064 639.7242073159978 1556 1560 -1
1559 -5.536444446465428 -135.612110305754 647.4099175276505 1557 1561 -1
1560 8.073565045367639 -155.41072723812607 639.8496699389301 1558 1562 -1
1561 -5.51823033609141 -135.50269724387547 647.2554178236577 1559 1563 -1
1562 8.17530569192524 -155.28568420427513 639.9737652214187 1560 1564 -1
1563 -5.501100104351837 -135.3929406733054 647.1010379307572 1561 1565 -1
1564 8.278802903146092 -155.160819593967 640.0965815772241 1562 1566 -1
1565 -5.485140516003879 -135.28263860977472 646.9469217462506 1563 1567 -1
1566 8.383770027135245 -155.03601459227446 640.2182056949733 1564 1568 -1
1567 -5.470451933931623 -135.17157599232857 646.7932262010587 1565 1569 -1
1568 8.489936265515857 -154.91114897408605 640.3387220894532 1566 1570 -1
1569 -5.4571496274752445 -135.05952160815607 646.6401257530989 1567 1571 -1
1570 8.597043226080158 -154.78610093402148 640.4582128403817 1568 1572 -1
1571 -5.445366526124772 -134.94622457045054 646.4878178037127 1569 1573 -1
1572 8.70484373616742 -154.66074474905048 640.5767533973486 1570 1574 -1
1573 -5.435279307321939 -134.83138816986389 646.336545058843 1571 1575 -1
1574 8.81309026535292 -154.53495486682488 640.6944249535939 1572 1576 -1
1575 -5.427058307435093 -134.71471512225827 646.1865711514059 1573 1577 -1
1576 8.921541882763101 -154.4086022604035 640.8113020995002 1574 1578 -1
1577 -5.42095280881905 -134.5958254197299 646.0382472854645 1575 1579 -1
1578 9.029957407598827 -154.28155408975184 640.927456412298 1576 1580 -1
1579 -5.417223927107147 -134.4743241568455 645.8919769362697 1577 1581 -1
1580 9.138091857304957 -154.15367323787243 641.0429569993743 1578 1582 -1
1581 -5.416216121673178 -134.34972983441924 645.7482897859353 1579 1583 -1
1582 9.245693169688316 -154.02481766223036 641.1578704631563 1580 1584 -1
1583 -5.41834838082634 -134.22148970458449 645.6078632367279 1581 1585 -1
1584 9.35249874803647 -153.89483976490465 641.2722607906234 1582 1586 -1
1585 -5.424134298149818 -134.08897233141352 645.4715772095108 1583 1587 -1
1586 9.458231765632073 -153.76358581911597 641.3861891327005 1584 1588 -1
1587 -5.434261276350314 -133.9514033721031 645.3406650110251 1585 1589 -1
1588 9.562597165056449 -153.6308955011762 641.4997134329091 1586 1590 -1
1589 -5.449539139835238 -133.80797746880765 645.2167406032079 1587 1591 -1
1590 9.665278336665255 -153.49660227616948 641.6128877267736 1588 1592 -1
1591 -5.471028070712292 -133.6578037539453 645.1021052510565 1589 1593 -1
1592 9.766034295939665 -153.36059451897862 641.725744469162 1590 1594 -1
1593 -5.5 -133.5 645.0 1591 -1 -1
1594 9.864884939920994 -153.2229397045249 641.8382888547671 1592 1595 -1
1595 9.961919454506472 -153.08375347552544 641.9505299027055 1594 1596 -1
1596 10.057220411866163 -152.94314063774624 642.0624780838825 1595 1597 -1
1597 10.150856132563684 -152.8011906807304 642.1741439705302 1596 1598 -1
1598 10.24294597440637 -152.65802982497803 642.2855494616958 1597 1599 -1
1599 10.333626463621433 -152.5137920042339 642.3967219075973 1598 1600 -1
1600 10.423004947105168 -152.36858449844806 642.5076865021491 1599 1601 -1
1601 10.511230384237821 -152.2225417222906 642.6184777523932 1600 1602 -1
1602 10.598465413066252 -152.0758031842227 642.7291340744831 1601 1603 -1
1603 10.684842672492099 -151.9284842885202 642.8396923088916 1602 1604 -1
1604 10.770542929235749 -151.78073016651575 642.9501967172839 1603 1605 -1
1605 10.855729238820746 -151.6326710046659 643.060690339218 1604 1606 -1
1606 10.940561964865976 -151.48443478380776 643.1712186605032 1605 1607 -1
1607 11.025217555621547 -151.3361557127421 643.2818253137801 1606 1608 -1
1608 11.109859620772582 -151.18796112738028 643.3925554675195 1607 1609 -1
1609 11.194653583575509 -151.03997862795137 643.5034528728639 1608 1610 -1
1610 11.279703379331131 -150.8922732700742 643.6145237030073 1609 1611 -1
1611 11.365023170001981 -150.74481901052403 643.7257210422514 1610 1612 -1
1612 11.450614369048463 -150.5975761298214 643.8369898893595 1611 1613 -1
1613 11.536472885083702 -150.45050203033884 643.9482760118224 1612 1614 -1
1614 11.62259951087032 -150.30355905435496 644.0595281764149 1613 1615 -1
1615 11.70900224945824 -150.15671173281342 644.1706925083589 1614 1616 -1
1616 11.7956754341381 -150.00992043535192 644.2817202073113 1615 1617 -1
1617 11.88262063236778 -149.86314940604893 644.3925618594272 1616 1618 -1
1618 11.969840912252314 -149.71636314517616 644.5031669653616 1617 1619 -1
1619 12.057342265609147 -149.56952518787833 644.6134810497407 1618 1620 -1
1620 12.14512153970887 -149.4226014777189 644.7234596243231 1619 1621 -1
1621 12.233181030028076 -149.27555794396557 644.8330533545056 1620 1622 -1
1622 12.321523800793864 -149.12836037545833 644.9422114446638 1621 1623 -1
1623 12.410157668652655 -148.98097099998296 645.0508735872925 1622 1624 -1
1624 12.499079394722886 -148.83335972409287 645.1589979563299 1623 1625 -1
1625 12.588291653066316 -148.68549338101482 645.2665328406295 1624 1626 -1
1626 12.677797151492404 -148.53733893620574 645.3734255792598 1625 1627 -1
1627 12.767564904531849 -148.38883974578718 645.4796177136938 1626 1628 -1
1628 12.857392939826996 -148.23988811288189 645.5851229276873 1627 1629 -1
1629 12.947043154196473 -148.09035345333467 645.6899523964021 1628 1630 -1
1630 13.036273227904195 -147.9401018756061 645.7941129755961 1629 1631 -1
1631 13.124810195713213 -147.7889713874783 645.8975909624169 1630 1632 -1
1632 13.212404957533249 -147.63684040727875 646.0004021570026 1631 1633 -1
1633 13.298784639455757 -147.48356605431647 646.1025406105135 1632 1634 -1
1634 13.383619039318232 -147.32896935381547 646.2039782709809 1633 1635 -1
1635 13.466608956286448 -147.17291403545082 646.3047048546365 1634 1636 -1
1636 13.547425182735102 -147.01525347730697 646.4046956853023 1635 1637 -1
1637 13.625618238601117 -146.85577729338522 646.5038885405166 1636 1638 -1
1638 13.700866715878993 -146.69438652483797 646.6022574469778 1637 1639 -1
1639 13.772803947538444 -146.53092238589483 646.6996761647042 1638 1640 -1
1640 13.842784212381192 -146.36590820877845 646.7959038650706 1639 1641 -1
1641 13.9129168415739 -146.2000488119836 646.890554420432 1640 1642 -1
1642 13.98538140768577 -146.0341483166097 646.983352660082 1641 1643 -1
1643 14.062333519802115 -145.86905551308092 647.0739424010862 1642 1644 -1
1644 14.145618275410975 -145.70569049022322 647.1620142129547 1643 1645 -1
1645 14.236817109839185 -145.54505664221494 647.2472090948702 1644 1646 -1
1646 14.336860746601019 -145.38809388727157 647.3292518485351 1645 1647 -1
1647 14.446565331388282 -145.23585761517856 647.4077674290016 1646 1648 -1
1648 14.565746218071146 -145.08901161673222 647.4826416443119 1647 1649 -1
1649 14.693450809338769 -144.94766765518412 647.5539969216621 1648 1650 -1
1650 14.827135846415247 -144.81055125836133 647.6226291294427 1649 1651 -1
1651 14.964606242528484 -144.67625923250702 647.6893607114818 1650 1652 -1
1652 15.104163503300642 -144.54354107046436 647.7549078856231 1651 1653 -1
1653 15.24435516298975 -144.41122887561943 647.8199221733445 1652 1654 -1
1654 15.383759045390482 -144.27814476919102 647.8850519000987 1653 1655 -1
1655 15.520894751381642 -144.14309937077854 647.9509450850263 1654 1656 -1
1656 15.65399991646996 -144.00479181146918 648.0182995743529 1655 1657 -1
1657 15.781397903726619 -143.8621882039955 648.0876893625305 1656 1658 -1
1658 15.902609116154592 -143.71529933666181 648.1591928197355 1657 1659 -1
1659 16.017536523549122 -143.56442971095157 648.2327598489311 1658 1660 -1
1660 16.126080350958755 -143.40988242189374 648.3083630654721 1659 1661 -1
1661 16.228620495850507 -143.25220274445573 648.3858573220833 1660 1662 -1
1662 16.325552793484114 -143.09188251048752 648.4651367010932 1661 1663 -1
1663 16.417365686618368 -142.92941093049484 648.546118144407 1662 1664 -1
1664 16.504967103400766 -142.76538943362033 648.628630801822 1663 1665 -1
1665 16.589150738531988 -142.60031830661922 648.7125998754716 1664 1666 -1
1666 16.671032915624973 -142.43475110743404 648.7978609085025 1665 1667 -1
1667 16.751654212552143 -142.26918754888854 648.884323854466 1666 1668 -1
1668 16.832152966284855 -142.10411703949876 648.9718372927792 1667 1669 -1
1669 16.913627988458046 -141.94002446998044 649.0602801187856 1668 1670 -1
1670 16.996800331525172 -141.7772090081645 649.1494993786564 1669 1671 -1
1671 17.081740285634005 -141.6156759885795 649.2393822468185 1670 1672 -1
1672 17.168366170111238 -141.45534243656806 649.3298023467962 1671 1673 -1
1673 17.25668592901899 -141.29618757619284 649.4206652731712 1672 1674 -1
1674 17.346610225051528 -141.13812215578454 649.5118556103563 1673 1675 -1
1675 17.438136544846593 -140.98111592321308 649.6032817398255 1674 1676 -1
1676 17.531227147528757 -140.82511424825336 649.6948480587045 1675 1677 -1
1677 17.625833857245592 -140.67005659252226 649.7864640519914 1676 1678 -1
1678 17.721959281043066 -140.51591380624077 649.8780430936052 1677 1679 -1
1679 17.819569521305105 -140.36263435906025 649.9695005554372 1678 1680 -1
1680 17.918628952752613 -140.21016702990642 650.060757137545 1679 1681 -1
1681 18.019124744097812 -140.0584742130095 650.151733698588 1680 1682 -1
1682 18.121065258273976 -139.90752901883585 650.2423456851807 1681 1683 -1
1683 18.22440512329947 -139.75727756590044 650.3325244224314 1682 1684 -1
1684 18.329131406809577 -139.60768399598666 650.4221960683489 1683 1685 -1
1685 18.435232432889823 -139.4587137625439 650.5112876003532 1684 1686 -1
1686 18.542723198957972 -139.31034415155435 650.5997130081095 1685 1687 -1
1687 18.651569843137747 -139.16253215231504 650.6874105060105 1686 1688 -1
1688 18.761761576901566 -139.0152462094003 650.7743095681483 1687 1689 -1
1689 18.873290810288193 -138.86845705367065 650.8603385672537 1688 1690 -1
1690 18.9861506849375 -138.72213667496547 650.9454257436071 1689 1691 -1
1691 19.100352408432403 -138.57626383267907 651.0294847061206 1690 1692 -1
1692 19.215877716969892 -138.4308084091993 651.1124510752414 1691 1693 -1
1693 19.332715852108105 -138.28574442194179 651.1942560435415 1692 1694 -1
1694 19.450861952258915 -138.14104901670703 651.2748257860741 1693 1695 -1
1695 19.570311371544097 -137.9967006257124 651.3540856108555 1694 1696 -1
1696 19.691059571576353 -137.85267898831862 651.4319598393351 1695 1697 -1
1697 19.813114837748778 -137.70896806553384 651.5083563849475 1696 1698 -1
1698 19.936466551365342 -137.56554858792487 651.5832023202194 1697 1699 -1
1699 20.061102805081415 -137.42240421252808 651.6564290162547 1698 1700 -1
1700 20.187022584143154 -137.27955677515976 651.7280214327732 1699 1701 -1
1701 20.314230542458482 -137.13707128525212 651.798040687202 1700 1702 -1
1702 20.442733233502757 -136.99501547324945 651.8665528377727 1701 1703 -1
1703 20.57253949764564 -136.85345713791156 651.9336224089282 1702 1704 -1
1704 20.703677846361156 -136.71247286130165 651.9992952966877 1703 1705 -1
1705 20.836140115923964 -136.5721229716637 652.0636566485302 1704 1706 -1
1706 20.96993873622642 -136.43247566261374 652.1267697898272 1705 1707 -1
1707 21.105087432604055 -136.2935998352626 652.1886975098862 1706 1708 -1
1708 21.241601164584107 -136.1555653389879 652.2495021228331 1707 1709 -1
1709 21.379496060833304 -136.0184432150073 652.3092455327555 1708 1710 -1
1710 21.518811364362573 -135.8823223735411 652.3679746883007 1709 1711 -1
1711 21.659547687379952 -135.74726579569267 652.4257649544634 1710 1712 -1
1712 21.801721348005575 -135.6133477403439 652.4826796125509 1711 1713 -1
1713 21.945352512698147 -135.48064682122478 652.5387796919498 1712 1714 -1
1714 22.090462086535272 -135.3492441530316 652.5941261893928 1713 1715 -1
1715 22.237095158083847 -135.21924633742557 652.6487703420925 1714 1716 -1
1716 22.385260650960728 -135.09073008883655 652.7027812253826 1715 1717 -1
1717 22.534972572406186 -134.9637782984255 652.7562241830877 1716 1718 -1
1718 22.686253534965637 -134.83848530216412 652.8091609378733 1717 1719 -1
1719 22.839147228379595 -134.7149736809869 652.8616485353056 1718 1720 -1
1720 22.993675942146396 -134.59334883794708 652.9137518699736 1719 1721 -1
1721 23.149842840516964 -134.47369770509428 652.9655391509517 1720 1722 -1
1722 23.307669695789034 -134.3561336997018 653.0170738248344 1721 1723 -1
1723 23.467224055274 -134.24083964885762 653.0684164414622 1722 1724 -1
1724 23.628478291485447 -134.1278811924348 653.1196385743423 1723 1725 -1
1725 23.791449284371765 -134.0173884230453 653.1708055423082 1724 1726 -1
1726 23.956206320892907 -133.90958349880466 653.2219855636699 1725 1727 -1
1727 24.12270645640736 -133.80453095035398 653.2732466383761 1726 1728 -1
1728 24.29097972854401 -133.70241882214142 653.3246584975656 1727 1729 -1
1729 24.461046251611954 -133.60343869571398 653.3762934861768 1728 1730 -1
1730 24.632862650637755 -133.50768672997572 653.4282214158093 1729 1731 -1
1731 24.806427526684782 -133.41543311991524 653.4806643102752 1730 1732 -1
1732 24.981548823736816 -133.32666076510776 653.5339337874047 1731 1733 -1
1733 25.158130462497844 -133.24158962118076 653.5884070198858 1732 1734 -1
1734 25.335979923507573 -133.1602260621038 653.6443975735324 1733 1735 -1
1735 25.51495207262759 -133.08274894979178 653.7022895648954 1734 1736 -1
1736 25.694839552264835 -133.00916474545323 653.7623808287887 1735 1737 -1
1737 25.875454987431063 -132.93962270694735 653.825045343955 1736 1738 -1
1738 26.056570435854916 -132.87411548110293 653.8905490978059 1737 1739 -1
1739 26.237959952283166 -132.81275749934326 653.9592334363044 1738 1740 -1
1740 26.41937721103929 -132.75553012541536 654.0313247937783 1739 1741 -1
1741 26.600567094965996 -132.70248669332247 654.1070925966216 1740 1742 -1
1742 26.781267491523533 -132.65362192557464 654.1867393348655 1741 1743 -1
1743 26.96122560114346 -132.60887704268325 654.2703872797234 1742 1744 -1
1744 27.140413922039535 -132.56825566959128 654.357715875066 1743 1745 -1
1745 27.319253141443866 -132.5314809214376 654.4474352776242 1744 1746 -1
1746 27.4982088250297 -132.49846988900632 654.538379959936 1745 1747 -1
1747 27.677778315649313 -132.46912601948918 654.6293718367598 1746 1748 -1
1748 27.85844412693188 -132.44332403729874 654.7192585958377 1747 1749 -1
1749 28.040739933448023 -132.42112539031166 654.8067814972263 1748 1750 -1
1750 28.22513396784435 -132.40250069601746 654.8906598366498 1749 1751 -1
1751 28.41208513291567 -132.38752066020422 654.9694428751775 1750 1752 -1
1752 28.60201960552212 -132.3763369415963 655.041410795451 1751 1753 -1
1753 28.795178230053367 -132.3690563385628 655.1047549419586 1752 1754 -1
1754 28.991651697270818 -132.36587963928184 655.1572925538691 1753 1755 -1
1755 29.191063345548223 -132.3669902078901 655.1973491729433 1754 1756 -1
1756 29.392418869074515 -132.37236345262372 655.2256404498038 1755 1757 -1
1757 29.59483780652613 -132.38197846562755 655.243282734444 1756 1758 -1
1758 29.797616725874875 -132.39574281914574 655.2516850515235 1757 1759 -1
1759 30.00026726536067 -132.4134431213015 655.2525505856751 1758 1760 -1
1760 30.202496454530948 -132.43491610449567 655.2474651364043 1759 1761 -1
1761 30.40414419404946 -132.4600690758753 655.2379561897272 1760 1762 -1
1762 30.605186206790616 -132.48865983430832 655.2256984973096 1761 1763 -1
1763 30.805650202651055 -132.52055991651986 655.212182347772 1762 1764 -1
1764 31.00558973185119 -132.55568929957607 655.1989078349937 1763 1765 -1
1765 31.20507681233021 -132.5938474929376 655.1873077689469 1764 1766 -1
1766 31.404131472813873 -132.6349643666109 655.1788404972406 1765 1767 -1
1767 31.602725470347877 -132.67888049188 655.1748902121087 1766 1768 -1
1768 31.800751132402635 -132.725430542044 655.1764883038405 1767 1769 -1
1769 31.998050375206947 -132.7744915617151 655.1835669255478 1768 1770 -1
1770 32.19453348290267 -132.82584223812924 655.1954903119209 1769 1771 -1
1771 32.39010064654093 -132.87940476833919 655.2119111661073 1770 1772 -1
1772 32.584747938414374 -132.93496176417207 655.2321921424078 1771 1773 -1
1773 32.778431658356574 -132.99245594043697 655.2560004638373 1772 1774 -1
1774 32.97119853642032 -133.05170377075578 655.282771027137 1773 1775 -1
1775 33.16305598835256 -133.11264500394495 655.312150566406 1774 1776 -1
1776 33.35406886173667 -133.17514850470045 655.3436758932542 1775 1777 -1
1777 33.54428642200376 -133.23913999135266 655.3769769881749 1776 1778 -1
1778 33.73371844019276 -133.3046211288633 655.411824737613 1777 1779 -1
1779 33.92237535416467 -133.37158785666028 655.4480282563097 1778 1780 -1
1780 34.11023412381435 -133.4401037102973 655.4854629736288 1779 1781 -1
1781 34.29730113377978 -133.51017811385606 655.523962487835 1780 1782 -1
1782 34.483580094417896 -133.5818267619369 655.5633750655056 1781 1783 -1
1783 34.669051052135295 -133.65511435342748 655.6035770518893 1782 1784 -1
1784 34.85372183291907 -133.7300500314351 655.644419186216 1783 1785 -1
1785 35.03759523338445 -133.80665216167145 655.6857643887907 1784 1786 -1
1786 35.22065967738126 -133.8849684405013 655.7274864026992 1785 1787 -1
1787 35.40290530583278 -133.96504216404696 655.7694563024952 1786 1788 -1
1788 35.584339908728516 -134.04687636049474 655.8115438585346 1787 1789 -1
1789 35.76495682057321 -134.13050228655402 655.853626612836 1788 1790 -1
1790 35.9447378016156 -134.21597383720112 655.8955805967109 1789 1791 -1
1791 36.12367463163146 -134.30331930575036 655.9372827258725 1790 1792 -1
1792 36.3017651526397 -134.39254911530824 655.9786161328299 1791 1793 -1
1793 36.478996348665405 -134.483693148135 656.0194634486006 1792 1794 -1
1794 36.6553511307601 -134.5767853010123 656.0597064034008 1793 1795 -1
1795 36.830798287109054 -134.67188493888418 656.0992155844416 1794 1796 -1
1796 37.005334501859046 -134.76898364554603 656.1378871378975 1795 1797 -1
1797 37.178938105706294 -134.86810741794577 656.1756065680497 1796 1798 -1
1798 37.351585015532144 -134.96928080832868 656.2122599041512 1797 1799 -1
1799 37.52324864826195 -135.0725267035364 656.2477337000337 1798 1800 -1
1800 37.693882285515535 -135.17790165560376 656.28189146831 1799 1801 -1
1801 37.86347045584346 -135.28538977690434 656.3146407417471 1800 1802 -1
1802 38.03197928277117 -135.39500602232528 656.3458709790706 1801 1803 -1
1803 38.199370767276754 -135.5067646669605 656.3754737164785 1802 1804 -1
1804 38.36557921029409 -135.6206988606482 656.4034018112459 1803 1805 -1
1805 38.530499998536996 -135.73687341453603 656.4296861955651 1804 1806 -1
1806 38.694000343485726 -135.85538950518193 656.45433984507 1805 1807 -1
1807 38.85596239852458 -135.9763138222652 656.4773982621035 1806 1808 -1
1808 39.016254635633835 -136.099726412288 656.4988845418612 1807 1809 -1
1809 39.17472683876041 -136.22572396944986 656.5188088972634 1808 1810 -1
1810 39.33121370050899 -136.35441070719114 656.5371752138802 1809 1811 -1
1811 39.4855292061375 -136.48590254065377 656.5539788863388 1810 1812 -1
1812 39.63741998191454 -136.62037802420463 656.5691806071684 1811 1813 -1
1813 39.78669992422734 -136.75791105373818 656.5827947557375 1812 1814 -1
1814 39.93311486753344 -136.89863601022364 656.5947994424264 1813 1815 -1
1815 40.07634677469849 -137.042727209051 656.605149893437 1814 1816 -1
1816 40.21602411757684 -137.19037535588487 656.6137901627685 1815 1817 -1
1817 40.35184773492866 -137.3416632673922 656.6207099738502 1816 1818 -1
1818 40.483302230863146 -137.49683133369845 656.6258153113373 1817 1819 -1
1819 40.61018682302178 -137.65580736917326 656.6290634242276 1818 1820 -1
1820 40.7325882166165 -137.81828845009736 656.6303736285856 1819 1821 -1
1821 40.85076341269643 -137.98387420749162 656.6297055438965 1820 1822 -1
1822 40.96498857236633 -138.152189809519 656.6270062909448 1821 1823 -1
1823 41.07570551223832 -138.32279142283295 656.6222938885882 1822 1824 -1
1824 41.18326837646753 -138.4953312478959 656.615512736468 1823 1825 -1
1825 41.28824949534634 -138.66936573715637 656.6067375492299 1824 1826 -1
1826 41.39110513457316 -138.84455313063313 656.5959457751101 1825 1827 -1
1827 41.49240821949408 -139.02051351590325 656.5832111554862 1826 1828 -1
1828 41.5926853278283 -139.19691289952158 656.5685663299383 1827 1829 -1
1829 41.69247808620432 -139.37342387461575 656.5520723059412 1828 1830 -1
1830 41.79230639391305 -139.5497393657113 656.5337981133033 1829 1831 -1
1831 41.89266839691899 -139.72556552256 656.5138139915153 1830 1832 -1
1832 41.99403399013028 -139.90062023095174 656.4921921529235 1831 1833 -1
1833 42.09675113367614 -140.07468863989433 656.4690406664429 1832 1834 -1
1834 42.20081380875672 -140.247749381596 656.4443901701633 1833 1835 -1
1835 42.305970007150336 -140.4199441548015 656.4183540077148 1834 1836 -1
1836 42.41202965159266 -140.59137728509234 656.3909886776906 1835 1837 -1
1837 42.51882614652294 -140.76213881430422 656.3623200728703 1836 1838 -1
1838 42.6261769907574 -140.9323396090061 656.3324137853995 1837 1839 -1
1839 42.73392121617271 -141.1020774540753 656.3013144406133 1838 1840 -1
1840 42.841908241189444 -141.27144424330282 656.2690554110562 1839 1841 -1
1841 42.949992523289595 -141.44052851984293 656.235659758246 1840 1842 -1
1842 43.05802925848537 -141.60941829411829 656.2011447483308 1841 1843 -1
1843 43.165878721214824 -141.77820277369764 656.1655461395325 1842 1844 -1
1844 43.27340352234315 -141.94696607224256 656.1288810943894 1843 1845 -1
1845 43.380466207000104 -142.11579118255628 656.0911635236762 1844 1846 -1
1846 43.48692806473334 -142.28476023586606 656.0524042927543 1845 1847 -1
1847 43.592641655630736 -142.4539569141066 656.0126041104368 1846 1848 -1
1848 43.69745609196166 -142.62346509538833 655.9717652942322 1847 1849 -1
1849 43.80122828710677 -142.7933635979011 655.9299003251215 1848 1850 -1
1850 43.90380158439578 -142.9637334162801 655.8870093199969 1849 1851 -1
1851 44.005011638901074 -143.13465558705 655.8430901701036 1850 1852 -1
1852 44.10467899923438 -143.30621369259993 655.7981350826553 1851 1853 -1
1853 44.20258797082283 -143.47850193367316 655.7521216124821 1852 1854 -1
1854 44.29856795614106 -143.65159023776997 655.7050600440954 1853 1855 -1
1855 44.39240659135773 -143.82555940566235 655.6569408575776 1854 1856 -1
1856 44.48384810774058 -144.00050012614528 655.607742082234 1855 1857 -1
1857 44.572611788148016 -144.17650307444435 655.557441726573 1856 1858 -1
1858 44.658470126616514 -144.35362693806456 655.5060467091257 1857 1859 -1
1859 44.741064497260005 -144.5319673539575 655.4535241065062 1858 1860 -1
1860 44.82006280404857 -144.71159211768293 655.399861085458 1859 1861 -1
1861 44.89529791631543 -144.89245707913472 655.3449698784424 1860 1862 -1
1862 44.96682840225668 -145.0743588115181 655.2885714578094 1861 1863 -1
1863 45.034914003096716 -145.25702605646802 655.2304106394624 1862 1864 -1
1864 45.09974275699618 -145.44020596303315 655.17017662516 1863 1865 -1
1865 45.1616034283277 -145.62362402781056 655.1075921333742 1864 1866 -1
1866 45.22080719958145 -145.8070086450376 655.0423935441682 1865 1867 -1
1867 45.277633760841795 -145.99007605573252 654.9742548854936 1866 1868 -1
1868 45.33247894767851 -146.17255875160265 654.9029960403141 1867 1869 -1
1869 45.38565636756176 -146.35416403717593 654.8283139495344 1868 1870 -1
1870 45.43755109305437 -146.53462685878978 654.7500474820102 1869 1871 -1
1871 45.48851925529515 -146.7136802475075 654.6680252377696 1870 1872 -1
1872 45.53890928200151 -146.8910399913425 654.5820619442902 1871 1873 -1
1873 45.589064911638445 -147.06649892680966 654.4921514624966 1872 1874 -1
1874 45.63920610125863 -147.24003010631938 654.3985636580095 1873 1875 -1
1875 45.68943153335809 -147.41201744900266 654.3022093833489 1874 1876 -1
1876 45.73984112367633 -147.5828023195942 654.2038317984722 1875 1877 -1
1877 45.79053492119495 -147.75277487378767 654.104200316458 1876 1878 -1
1878 45.841621291535084 -147.92230746526255 654.0040207819584 1877 1879 -1
1879 45.89321661414761 -148.09177791099475 653.9039971849362 1878 1880 -1
1880 45.94542731007109 -148.26156054916814 653.8048266770592 1879 1881 -1
1881 45.99839452518838 -148.43205039037005 653.7072854806075 1880 1882 -1
1882 46.05221728755588 -148.60359614140464 653.6120943147482 1881 1883 -1
1883 46.107058290093676 -148.77661749394957 653.5202160984635 1882 1884 -1
1884 46.163010254161826 -148.95142090338607 653.4324791320886 1883 1885 -1
1885 46.220101047412435 -149.12817505039425 653.349512842443 1884 1886 -1
1886 46.27813555157668 -149.30667347100808 653.2710572621833 1885 1887 -1
1887 46.336905802264326 -149.48670399295926 653.1967570952435 1886 1888 -1
1888 46.39620965238473 -149.66809544605286 653.1262868760931 1887 1889 -1
1889 46.45582280204594 -149.8506477884395 653.0591527032917 1888 1890 -1
1890 46.51552802435144 -150.03418804402835 652.994851554481 1889 1891 -1
1891 46.57510933072603 -150.2185614273624 652.9328580666844 1890 1892 -1
1892 46.634345164014086 -150.4036284797127 652.8726238241948 1891 1893 -1
1893 46.69300810528449 -150.5892139617013 652.8134318597466 1892 1894 -1
1894 46.750838257887025 -150.77502568363613 652.7541307796341 1893 1895 -1
1895 46.80756774866143 -150.96073492425856 652.693464464341 1894 1896 -1
1896 46.86293190723916 -151.14598962962373 652.6302072155856 1895 1897 -1
1897 46.91664642511585 -151.3303856403808 652.5631400419206 1896 1898 -1
1898 46.968460870547716 -151.5134840187904 652.4912087860539 1897 1899 -1
1899 47.01819352421436 -151.69487569099692 652.4137032857587 1898 1900 -1
1900 47.06592384047938 -151.87444800804974 652.3308787539399 1899 1901 -1
1901 47.11181646497914 -152.05221712753027 652.2432616295429 1900 1902 -1
1902 47.15609582576123 -152.22829308304568 652.1514913162825 1901 1903 -1
1903 47.19890235813841 -152.40272473018845 652.0559568524981 1902 1904 -1
1904 47.24044230729862 -152.5756559966021 651.9571889049959 1903 1905 -1
1905 47.28085509476488 -152.7471715643544 651.855525701038 1904 1906 -1
1906 47.32032682186529 -152.91743072189047 651.7514093326237 1905 1907 -1
1907 47.35897826894777 -153.08651805730472 651.6450978240922 1906 1908 -1
1908 47.396980242443206 -153.25460051214426 651.5369736402408 1907 1909 -1
1909 47.43446188123315 -153.4217943647467 651.4273006330965 1908 1910 -1
1910 47.4715481846148 -153.58820016681472 651.3163024433595 1909 1911 -1
1911 47.50835167903971 -153.75385063839425 651.20408698585 1910 1912 -1
1912 47.54496551903126 -153.91873375673322 651.090685505925 1911 1913 -1
1913 47.58147939469439 -154.08281957073947 650.97610146774 1912 1914 -1
1914 47.617984456633764 -154.24611383491086 650.860389459024 1913 1915 -1
1915 47.6545649082582 -154.40860546797185 650.7435765977501 1914 1916 -1
1916 47.69130242659643 -154.5702821805265 650.6256871901941 1915 1917 -1
1917 47.728278514479534 -154.73112584616123 650.5067375710272 1916 1918 -1
1918 47.7655734208812 -154.89111994341386 650.3867463256319 1917 1919 -1
1919 47.803259620593956 -155.05026027706347 650.2657463012232 1918 1920 -1
1920 47.841410646479986 -155.2085325555997 650.143757471311 1919 1921 -1
1921 47.880098478440935 -155.36592179138495 650.0207990893988 1920 1922 -1
1922 47.919393673056916 -155.52241223529646 649.8968898037097 1921 1923 -1
1923 47.95936548232506 -155.67798731632405 649.7720477674758 1922 1924 -1
1924 48.000081961672194 -155.8326295855986 649.646290745394 1923 1925 -1
1925 48.04161295732091 -155.9863174685121 649.5196333179297 1924 1926 -1
1926 48.083999581827086 -156.1390348009376 649.3920884868942 1925 1927 -1
1927 48.12697692134238 -156.29082006528648 649.2636318451518 1926 1928 -1
1928 48.17008937902046 -156.44173890755502 649.1342033005238 1927 1929 -1
1929 48.21288255370874 -156.59185503120617 649.0037395660831 1928 1930 -1
1930 48.25490338594344 -156.7412276509979 648.8721763362613 1929 1931 -1
1931 48.295696391435705 -156.8899096489256 648.7394499886325 1930 1932 -1
1932 48.33480012625098 -157.03794568366095 648.6054994457032 1931 1933 -1
1933 48.37174397706561 -157.18537017737376 648.470268280717 1932 1934 -1
1934 48.40604539598661 -157.33220511731986 648.3337071485007 1933 1935 -1
1935 48.4372077350985 -157.47845762716318 648.1957766150163 1934 1936 -1
1936 48.46471887958815 -157.62411728711024 648.0564504447311 1935 1937 -1
1937 48.48805092700254 -157.76915321536373 647.9157193794997 1936 1938 -1
1938 48.506661208596014 -157.91351096899743 647.7735954021163 1937 1939 -1
1939 48.519971035268775 -158.05710582198105 647.630111129671 1938 1940 -1
1940 48.527409838046985 -158.19982046912793 647.4853319417787 1939 1941 -1
1941 48.52918198524951 -158.3415161676276 647.3393744734645 1940 1942 -1
1942 48.52631584900284 -158.4820676735475 647.1923293327474 1941 1943 -1
1943 48.51991010820082 -158.62140011807264 647.0442368923503 1942 1944 -1
1944 48.51107149559563 -158.75947739371298 646.895095977521 1943 1945 -1
1945 48.50091356928902 -158.89628874974 646.7448753517724 1944 1946 -1
1946 48.4905609311042 -159.0318341518737 646.5935244483028 1945 1947 -1
1947 48.481185822258574 -159.16609648203823 646.4409716806146 1946 1948 -1
1948 48.473954288274015 -159.29908112949113 646.2871898412837 1947 1949 -1
1949 48.470056850543536 -159.43074820713542 646.1321614169196 1948 1950 -1
1950 48.47071064800685 -159.5610181177304 645.9759131863395 1949 1951 -1
1951 48.477152923905244 -159.6897586836662 645.8185359991977 1950 1952 -1
1952 48.49077756446065 -159.81673649385283 645.660192687642 1951 1953 -1
1953 48.512718744539434 -159.9416988471338 645.5011892633942 1952 1954 -1
1954 48.54409585339325 -160.06429944153527 645.3419370457748 1953 1955 -1
1955 48.58591887734932 -160.18411517825353 645.1829710576438 1954 1956 -1
1956 48.639019012926134 -160.30066200650774 645.0249460006961 1955 1957 -1
1957 48.70258343845056 -160.41368858256257 644.8682126847899 1956 1958 -1
1958 48.77157697899638 -160.52395794296345 644.7117952278063 1957 1959 -1
1959 48.84083504450478 -160.63244670749282 644.5542533018772 1958 1960 -1
1960 48.905048219068405 -160.74010495446936 644.3940468682632 1959 1961 -1
1961 48.95814746659675 -160.8476723545575 644.2298041335939 1960 1962 -1
1962 48.99221525699661 -160.95535265069717 644.0607468548902 1961 1963 -1
1963 48.99938242881531 -161.062203410794 643.8880039418309 1962 1964 -1
1964 48.98115962116245 -161.16636826470184 643.7143349782062 1963 1965 -1
1965 48.94563115899711 -161.26690532020703 643.5411255281116 1964 1966 -1
1966 48.90152980081054 -161.36412170468685 643.3679550573073 1965 1967 -1
1967 48.85678676072135 -161.45860066754324 643.1934367225126 1966 1968 -1
1968 48.81968569657959 -161.55107552380287 643.0161102703465 1967 1969 -1
1969 48.80014117102066 -161.6416327693487 642.8351237653271 1968 1970 -1
1970 48.80573639621125 -161.72949492103726 642.6518942470294 1969 1971 -1
1971 48.835501512622514 -161.81351820408375 642.4691409465552 1970 1972 -1
1972 48.88439832860307 -161.89338468095005 642.2886177267077 1971 1973 -1
1973 48.94779428472312 -161.9693124611067 642.1108894244063 1972 1974 -1
1974 49.021551775889435 -162.04183800553272 641.9357351325741 1973 1975 -1
1975 49.1020430856594 -162.11167092581664 641.7624478225785 1974 1976 -1
1976 49.1861377016367 -162.17955536364005 641.5900930463888 1975 1977 -1
1977 49.270987753055955 -162.24620162214777 641.4176237477764 1976 1978 -1
1978 49.3537773389279 -162.31235382270953 641.2439703415456 1977 1979 -1
1979 49.43133758652753 -162.378711819138 641.0680070323067 1978 1980 -1
1980 49.50036482914515 -162.44592771453256 640.888860870281 1979 1981 -1
1981 49.55631618008445 -162.51461503638808 640.7057871376734 1980 1982 -1
1982 49.59452671390235 -162.5851012574752 640.5189247432166 1981 1983 -1
1983 49.61220382240745 -162.65729053997458 640.3296242533517 1982 1984 -1
1984 49.616713196427426 -162.73081872277754 640.1400059992309 1983 1985 -1
1985 49.61872287121188 -162.8057530950571 639.950885111585 1984 1986 -1
1986 49.62834662380956 -162.88229865836936 639.7626826751782 1985 1987 -1
1987 49.655241506504176 -162.96024326899942 639.5768087843915 1986 1988 -1
1988 49.696235482073085 -163.03953252142378 639.3940075106968 1987 1989 -1
1989 49.729594697078134 -163.12181822958308 639.2110617190813 1988 1990 -1
1990 49.73048016744553 -163.2079294495073 639.0271848079758 1989 1991 -1
1991 49.694420484755405 -163.2956476904095 638.8474328997328 1990 1992 -1
1992 49.63840102676159 -163.3844203587716 638.673204811485 1991 1993 -1
1993 49.57830905028633 -163.47566507471265 638.5015993861398 1992 1994 -1
1994 49.526755974821576 -163.5711945950114 638.3295913441792 1993 1995 -1
1995 49.48797658667389 -163.67075754502005 638.1565170030353 1994 1996 -1
1996 49.46120106342433 -163.77306004815316 637.9827590321908 1995 1997 -1
1997 49.44596741674737 -163.87692902356955 637.8085293180958 1996 1998 -1
1998 49.440986236474444 -163.98116256654293 637.6339197945902 1997 1999 -1
1999 49.445490467303614 -164.08468523342245 637.4588704545628 1998 2000 -1
2000 49.45857244306398 -164.18644928081113 637.2832187676257 1999 2001 -1
2001 49.47920145908708 -164.2854949841447 637.1067367849644 2000 2002 -1
2002 49.506749534104905 -164.38068502930827 636.9290805255463 2001 2003 -1
2003 49.54014163094667 -164.47111027267997 636.7499444309275 2002 2004 -1
2004 49.578716773917165 -164.55546662125928 636.5689010635447 2003 2005 -1
2005 49.62150310597397 -164.63266935566318 636.3856285289844 2004 2006 -1
2006 49.667709438074205 -164.70106771613692 636.1997138990794 2005 2007 -1
2007 49.716272702139044 -164.75937472351617 636.010988485826 2006 2008 -1
2008 49.76600835997264 -164.8078177453488 635.8197809193324 2007 2009 -1
2009 49.815469045200906 -164.84963094171206 635.6269340868391 2008 2010 -1
2010 49.86327048957909 -164.8884388013856 635.4330389627414 2009 2011 -1
2011 49.908016852587494 -164.92796876719575 635.2385642287371 2010 2012 -1
2012 49.94829224820133 -164.9720451764782 635.0441004978697 2011 2013 -1
2013 49.98280989469892 -165.02412651287983 634.8505280747006 2012 2014 -1
2014 50.010333850479306 -165.08612362924188 634.6587659792789 2013 2015 -1
2015 50.029831046950804 -165.15691153867573 634.4690729224228 2014 2016 -1
2016 50.04069029039556 -165.2347594126631 634.2814625257129 2015 2017 -1
2017 50.04185910114533 -165.3184212771635 634.0960564868332 2016 2018 -1
2018 50.03307232817449 -165.40632766077286 633.9128324742844 2017 2019 -1
2019 50.01409630358972 -165.49734360113357 633.7319066931533 2018 2020 -1
2020 49.98650129481032 -165.59037892159 633.5531233873309 2019 2021 -1
2021 49.95171202847579 -165.6845909204923 633.3762147698335 2020 2022 -1
2022 49.910852774553646 -165.7792717997972 633.2008566574493 2021 2023 -1
2023 49.86514558393509 -165.87378410512494 633.0266053876106 2022 2024 -1
2024 49.81560558983664 -165.96757326599143 632.8530103422562 2023 2025 -1
2025 49.763142080529285 -166.06011888873346 632.679605648372 2024 2026 -1
2026 49.70860355196605 -166.15089232783575 632.5059041645394 2025 2027 -1
2027 49.65283654627802 -166.23934105234142 632.3313957362008 2026 2028 -1
2028 49.596700270305085 -166.32492289457534 632.1555823841567 2027 2029 -1
2029 49.541058024935566 -166.40701342474514 631.9779583740436 2028 2030 -1
2030 49.48685041909634 -166.48486418847742 631.7979998934047 2029 2031 -1
2031 49.435159291756946 -166.55755460173802 631.6151702987481 2030 2032 -1
2032 49.3870644420683 -166.62423479351975 631.4291026411402 2031 2033 -1
2033 49.34312582523097 -166.6844781260876 631.2398367746279 2032 2034 -1
2034 49.30288141559428 -166.73900867637005 631.0480301029182 2033 2035 -1
2035 49.26576134276293 -166.78868248231814 630.8542803939371 2034 2036 -1
2036 49.23106237899026 -166.83455662639324 630.6591466569689 2035 2037 -1
2037 49.19804540875339 -166.87773791243742 630.4631064899525 2036 2038 -1
2038 49.16589615989578 -166.91945012850616 630.2666033085378 2037 2039 -1
2039 49.13380505818783 -166.9609028317024 630.0700355378781 2038 2040 -1
2040 49.10097542389406 -167.00329707196116 629.87379158459 2039 2041 -1
2041 49.06658089277387 -167.0478694876489 629.6783016103743 2040 2042 -1
2042 49.02995484571716 -167.09563231280862 629.4839762943444 2041 2043 -1
2043 48.990336725928145 -167.147731270252 629.291362879817 2042 2044 -1
2044 48.9472842094628 -167.2048456383505 629.1009234158811 2043 2045 -1
2045 48.90070571701504 -167.2670266605566 628.9129135369105 2044 2046 -1
2046 48.851095831315504 -167.3333635423355 628.7271101967098 2045 2047 -1
2047 48.798886197863034 -167.40304771512717 628.5432525028823 2046 2048 -1
2048 48.74441514887876 -167.47540689775403 628.361090279129 2047 2049 -1
2049 48.688002057966536 -167.54980193141722 628.1803436396148 2048 2050 -1
2050 48.629961261799224 -167.6256214269751 628.000707013116 2049 2051 -1
2051 48.57055011726381 -167.70232905659333 627.8218967766787 2050 2052 -1
2052 48.51000614612516 -167.77941617546605 627.6436301994665 2051 2053 -1
2053 48.44855208268664 -167.85639232220768 627.4656271409863 2052 2054 -1
2054 48.38639584549871 -167.93276574137755 627.2876083264727 2053 2055 -1
2055 48.3237522061573 -168.00805020646774 627.109297026801 2054 2056 -1
2056 48.260830677691054 -168.08175817398012 626.9304263195671 2055 2057 -1
2057 48.19784189668596 -168.15338219449563 626.7507352984784 2056 2058 -1
2058 48.135005192050414 -168.2223894597145 626.5699711759422 2057 2059 -1
2059 48.072553300248934 -168.2882139483212 626.3878924212011 2058 2060 -1
2060 48.010747018631164 -168.35021529200108 626.2042592191355 2059 2061 -1
2061 47.94992610361704 -168.40769590471186 626.0188371702726 2060 2062 -1
2062 47.890482990457414 -168.45999416400508 625.8314476519885 2061 2063 -1
2063 47.83285922263696 -168.50634123435862 625.6419379747094 2062 2064 -1
2064 47.77758375264048 -168.545792717838 625.4501844032183 2063 2065 -1
2065 47.725218620167354 -168.57741544197413 625.2561812113566 2064 2066 -1
2066 47.6763182048183 -168.6003722957268 625.0600705782601 2065 2067 -1
2067 47.63163135860862 -168.61344362258103 624.8620614743174 2066 2068 -1
2068 47.59177791630616 -168.61581045202456 624.662614937643 2067 2069 -1
2069 47.55744700662067 -168.60657326959335 624.4623483076543 2068 2070 -1
2070 47.52920989577842 -168.5852073385046 624.2620536102169 2069 2071 -1
2071 47.50651269297408 -168.55370566320832 624.0623795204679 2070 2072 -1
2072 47.48869209691182 -168.51429680253517 623.8636058705455 2071 2073 -1
2073 47.47479688613911 -168.46954176901494 623.6656461857333 2072 2074 -1
2074 47.46403784071056 -168.4216153919525 623.4682296991663 2073 2075 -1
2075 47.4557026467597 -168.37260401056918 623.2709604872763 2074 2076 -1
2076 47.44898510375409 -168.32459136352568 623.0733847478242 2075 2077 -1
2077 47.44317889805825 -168.2796111264235 622.8750703874992 2076 2078 -1
2078 47.43756021213322 -168.23994081834115 622.6756261913425 2077 2079 -1
2079 47.43138935151595 -168.20769189206834 622.4748731166908 2078 2080 -1
2080 47.42390734858239 -168.18535638801865 622.2728322809838 2079 2081 -1
2081 47.41433783377289 -168.17549082746407 622.0699025019508 2080 2082 -1
2082 47.40200269406876 -168.1791279694738 621.8669102285363 2081 2083 -1
2083 47.38610105936852 -168.19450823108775 621.6647034803105 2082 2084 -1
2084 47.366084207182325 -168.2184011650591 621.4636845257053 2083 2085 -1
2085 47.34127981383757 -168.24811767468398 621.2639736708795 2084 2086 -1
2086 47.31097331113592 -168.28100673634665 621.0655209773719 2085 2087 -1
2087 47.27464873147165 -168.3144498235906 620.8681756828763 2086 2088 -1
2088 47.23166916245536 -168.34600021272283 620.6718615313542 2087 2089 -1
2089 47.181303141093125 -168.37311621158773 620.476651089178 2088 2090 -1
2090 47.12322741790611 -168.39351084796812 620.2827800510717 2089 2091 -1
2091 47.05710990780319 -168.40494211607748 620.0907679205449 2090 2092 -1
2092 46.983072681874454 -168.40554107413317 619.9013229259406 2091 2093 -1
2093 46.90398959051986 -168.39557849846207 619.7141720626786 2092 2094 -1
2094 46.82433742343233 -168.3768770800455 619.5279283630099 2093 2095 -1
2095 46.74829461233417 -168.35078809011185 619.3410702559646 2094 2096 -1
2096 46.68029993989626 -168.31847381402758 619.1521127828163 2095 2097 -1
2097 46.6254726407727 -168.2810826241592 618.9598716358013 2096 2098 -1
2098 46.59043028076604 -168.23993463236016 618.7638713874134 2097 2099 -1
2099 46.58209728779712 -168.19701351948802 618.5654039979074 2098 2100 -1
2100 46.60651019324671 -168.1549120772464 618.3681557223885 2099 2101 -1
2101 46.66737683591849 -168.11666301176797 618.17814819054 2100 2102 -1
2102 46.75603512048214 -168.0840139753538 617.9981060027154 2101 2103 -1
2103 46.857378688317134 -168.05711865666225 617.8237932573556 2102 2104 -1
2104 46.95993722936594 -168.03620234037632 617.6493675198603 2103 2105 -1
2105 47.05215151097111 -168.02231804464842 617.4686863300052 2104 2106 -1
2106 47.117767865624586 -168.01775752230643 617.2765627496831 2105 2107 -1
2107 47.14490455458676 -168.0240253678027 617.0754188994553 2106 2108 -1
2108 47.13593968790971 -168.03960287650546 616.8730209237482 2107 2109 -1
2109 47.099559535343886 -168.0615830156828 616.6742061677477 2108 2110 -1
2110 47.04453255907087 -168.08731031858954 616.4801017800855 2109 2111 -1
2111 46.97891424883709 -168.11451974595244 616.2894840591059 2110 2112 -1
2112 46.90902654893523 -168.14138635278968 616.100326406158 2111 2113 -1
2113 46.84096372243543 -168.16613569577575 615.9102256191542 2112 2114 -1
2114 46.78103435830107 -168.18685806014057 615.7169634348286 2113 2115 -1
2115 46.73618047396954 -168.20125749837746 615.5191290468371 2114 2116 -1
2116 46.7070249036547 -168.20886470323708 615.3179991061166 2115 2117 -1
2117 46.69252638150149 -168.20955764219275 615.1151275290409 2116 2118 -1
2118 46.690248765403304 -168.20379043123376 614.9118217318224 2117 2119 -1
2119 46.697699442174574 -168.19203587186993 614.7088825633964 2118 2120 -1
2120 46.712378071249304 -168.17468802223695 614.5067303604502 2119 2121 -1
2121 46.73140868626905 -168.152419977371 614.3054196928466 2120 2122 -1
2122 46.75218760527198 -168.12571651624 614.1048189428407 2121 2123 -1
2123 46.77202267045885 -168.09498594516737 613.9047000224684 2122 2124 -1
2124 46.78882924086288 -168.0607936482916 613.7048662438696 2123 2125 -1
2125 46.80314005907338 -168.02363430257358 613.5053655109766 2124 2126 -1
2126 46.81638770848506 -167.98399611798155 613.3062676355695 2125 2127 -1
2127 46.83005860852851 -167.94245862815947 613.1075859266488 2126 2128 -1
2128 46.84559778662049 -167.8995427187596 612.909335733157 2127 2129 -1
2129 46.863917122585754 -167.85560861248436 612.7115462488721 2128 2130 -1
2130 46.88406762229807 -167.81061328097886 612.5141730594582 2129 2131 -1
2131 46.90485956834885 -167.76440847534795 612.3171458175273 2130 2132 -1
2132 46.9250713124784 -167.71682025739 612.120388040189 2131 2133 -1
2133 46.94345036083091 -167.66769451251793 611.92382975612 2132 2134 -1
2134 46.95876113137061 -167.61689210283402 611.7274368308521 2133 2135 -1
2135 46.96973830841895 -167.5642746309744 611.5312339581842 2134 2136 -1
2136 46.9749825853937 -167.50969204451138 611.3353344641022 2135 2137 -1
2137 46.97327543554091 -167.45309180083555 611.1399508531839 2136 2138 -1
2138 46.96371641705385 -167.39445586667333 610.9453962189411 2137 2139 -1
2139 46.947585546581244 -167.3338644200034 610.7518694224419 2138 2140 -1
2140 46.927079146756284 -167.27135529036676 610.5593649466932 2139 2141 -1
2141 46.90451525598885 -167.20698946443093 610.3677024453807 2140 2142 -1
2142 46.882051438738394 -167.1407632823248 610.1766630005385 2141 2143 -1
2143 46.86187760649747 -167.07264991488964 609.986034089471 2142 2144 -1
2144 46.84625655588855 -167.00264781328832 609.7956671125226 2143 2145 -1
2145 46.83738028715657 -166.93083207218726 609.6055499001204 2144 2146 -1
2146 46.83717735584275 -166.8573334429062 609.4158722701219 2145 2147 -1
2147 46.84436371342236 -166.7823074913365 609.2269180431956 2146 2148 -1
2148 46.85532092306393 -166.7058487756238 609.0387147696987 2147 2149 -1
2149 46.866508143718804 -166.62797557834688 608.8511055139405 2148 2150 -1
2150 46.87444800101183 -166.54868663673363 608.6639291047468 2149 2151 -1
2151 46.87666234692857 -166.46801839820623 608.4771867869546 2150 2152 -1
2152 46.87655924120364 -166.38610499322962 608.2909690660539 2151 2153 -1
2153 46.87911236951847 -166.30302246270284 608.1052941211575 2152 2154 -1
2154 46.889339049125425 -166.21892103864374 607.9203602024639 2153 2155 -1
2155 46.912245400049464 -166.13419703430966 607.736882700259 2154 2156 -1
2156 46.95190034144293 -166.049613613767 607.5562562267883 2155 2157 -1
2157 47.01095463211837 -165.96620996084974 607.3804486908306 2156 2158 -1
2158 47.0861359632133 -165.88441749289 607.2100779183764 2157 2159 -1
2159 47.17205285753934 -165.80391545920278 607.044196728192 2158 2160 -1
2160 47.26449191019184 -165.7241659341347 606.8814717340714 2159 2161 -1
2161 47.360121230529465 -165.64455244332902 606.7205260521671 2160 2162 -1
2162 47.455796485199116 -165.564409754328 606.559870635629 2161 2163 -1
2163 47.54865566439318 -165.48310511838412 606.3981550350986 2162 2164 -1
2164 47.63768153329959 -165.4004695590097 606.2349633498485 2163 2165 -1
2165 47.723820881914314 -165.31680547751404 606.070747666321 2164 2166 -1
2166 47.80820637750604 -165.2324386128646 605.9059804652745 2165 2167 -1
2167 47.89199459516165 -165.14767384620097 605.7411122002333 2166 2168 -1
2168 47.97640737793466 -165.06284351359812 605.5765971239673 2167 2169 -1
2169 48.06240787812137 -164.97822251184127 605.4127984523329 2168 2170 -1
2170 48.14433818909062 -164.89271508827503 605.247422434877 2169 2171 -1
2171 48.20661899720018 -164.803890129371 605.0755861192766 2170 2172 -1
2172 48.226305346836405 -164.7112972663193 604.8961968029139 2171 2173 -1
2173 48.19967486477325 -164.61912477784023 604.7171225226001 2172 2174 -1
2174 48.15012949346689 -164.52912734148413 604.5415724356748 2173 2175 -1
2175 48.099109814266725 -164.43966728268896 604.3661494383172 2174 2176 -1
2176 48.067099538062436 -164.34896385962742 604.1870933721176 2175 2177 -1
2177 48.07187662999479 -164.25786588118524 604.0057941583841 2176 2178 -1
2178 48.12632557383765 -164.1708043509828 603.830897308889 2177 2179 -1
2179 48.22380550626261 -164.09201724453214 603.670973299301 2178 2180 -1
2180 48.34261683893502 -164.01969077685797 603.522619148361 2179 2181 -1
2181 48.471109674998864 -163.95119183895264 603.3805663680905 2180 2182 -1
2182 48.60210060846145 -163.88422310360656 603.2400552647791 2181 2183 -1
2183 48.7294269282557 -163.81667918581238 603.096513009588 2182 2184 -1
2184 48.845057301034274 -163.74630713154932 602.9447853825559 2183 2185 -1
2185 48.93591763071451 -163.670901542814 602.7794782224825 2184 2186 -1
2186 48.99183999426667 -163.5911839928616 602.6011616256495 2185 2187 -1
2187 49.01800277950857 -163.51045908297297 602.4164294389975 2186 2188 -1
2188 49.02610420097041 -163.43081116908556 602.229438919272 2187 2189 -1
2189 49.03079514703647 -163.35299826843365 602.0415357636206 2188 2190 -1
2190 49.04727775807384 -163.27747049193707 601.853450435592 2189 2191 -1
2191 49.08488189273674 -163.20487480187833 601.6672636588917 2190 2192 -1
2192 49.13998192602587 -163.13490831512436 601.4844078469994 2191 2193 -1
2193 49.20741339807698 -163.06671666636927 601.3050193581565 2192 2194 -1
2194 49.28266563809436 -162.9992573301233 601.1284705529295 2193 2195 -1
2195 49.36210333175909 -162.93147487306427 600.9538811930722 2194 2196 -1
2196 49.44243553528878 -162.86226222459928 600.7802638261421 2195 2197 -1
2197 49.52056944860858 -162.79059382986782 600.6066443631843 2196 2198 -1
2198 49.593220048446724 -162.71532616807642 600.4321803820003 2197 2199 -1
2199 49.657024856594745 -162.63550119379198 600.2563097680735 2198 2200 -1
2200 49.70822407832627 -162.55024748013585 600.0788951314726 2199 2201 -1
2201 49.742398272093325 -162.45888916772688 599.9004637313762 2200 2202 -1
2202 49.75594561264417 -162.36155536178194 599.7224794092881 2201 2203 -1
2203 49.74637728448147 -162.25910080401388 599.5471150374048 2202 2204 -1
2204 49.719255125341384 -162.15401621790056 599.3750911768873 2203 2205 -1
2205 49.68327918706051 -162.04848258470665 599.2049355044834 2204 2206 -1
2206 49.645964990243165 -161.9439561531321 599.0344426153126 2205 2207 -1
2207 49.614773488856024 -161.8418774810773 598.861287976588 2206 2208 -1
2208 49.59824461597018 -161.7444058289635 598.6836042122012 2207 2209 -1
2209 49.60613646433055 -161.65504968893342 598.5012508666017 2208 2210 -1
2210 49.64944133325946 -161.57962867849366 598.3177611657705 2209 2211 -1
2211 49.73229216861134 -161.52346960262648 598.1412131251482 2210 2212 -1
2212 49.85060994140665 -161.488827167867 597.9798849635954 2211 2213 -1
2213 49.99409728918849 -161.4730572917951 597.8369033994855 2212 2214 -1
2214 50.15379700653172 -161.47200583274966 597.7110986703644 2213 2215 -1
2215 50.3236144023169 -161.481867381934 597.5996383488983 2214 2216 -1
2216 50.5 -161.5 597.5 2215 -1 -1
