0 57.5 19.5 -430.0 -1 1 -1
1 57.331548021286864 19.397237248451752 -429.9850177761291 0 2 -1
2 57.163306030971 19.293678290609378 -429.9739525931522 1 3 -1
3 56.99538044068323 19.18927797136746 -429.96660128099785 2 4 -1
4 56.827835502504875 19.08408189509609 -429.962719422226 3 5 -1
5 56.66071964363151 18.978135755469392 -429.96203715356313 4 6 -1
6 56.49408118751008 18.871462777705762 -429.9643564175507 5 7 -1
7 56.327943260336895 18.764104130389033 -429.96938727192185 6 8 -1
8 56.16234112433226 18.656068064962167 -429.9769531333931 7 9 -1
9 55.99727945675531 18.547387740116577 -429.986772401062 8 10 -1
10 55.83278098133442 18.438062825359683 -429.99867112278946 9 11 -1
11 55.66883985444318 18.328115943465015 -430.012393978403 10 12 -1
12 55.50546556983732 18.21754391650456 -430.02775812800354 11 13 -1
13 55.342649388997934 18.106356599229535 -430.0445422517887 12 14 -1
14 55.18038658690448 17.994553391124203 -430.0625507609586 13 15 -1
15 55.01867202249201 17.882129001564728 -430.08159472880993 14 16 -1
16 54.857488445295566 17.76908793253935 -430.10147226148655 15 17 -1
17 54.69683220451704 17.65541553909739 -430.122008255473 16 18 -1
18 54.53668538439124 17.541111651671393 -430.1430129659478 17 19 -1
19 54.37703302116975 17.426171397611316 -430.16430741730625 18 20 -1
20 54.21787039839946 17.310575201389693 -430.1857171230636 19 21 -1
21 54.05917700792685 17.19432444532337 -430.2070656858862 20 22 -1
22 53.90094054639712 17.07741054034657 -430.2281831838887 21 23 -1
23 53.74315672408776 16.959813941259878 -430.2488926184508 22 24 -1
24 53.58580971719809 16.84153462124847 -430.269029037445 23 25 -1
25 53.428890653946034 16.722565366371906 -430.2884264147257 24 26 -1
26 53.27239763522279 16.60289122560778 -430.30690731730294 25 27 -1
27 53.11632460577371 16.48250868524641 -430.32430627427647 26 28 -1
28 52.96066751584142 16.36141664932451 -430.3404624205575 27 29 -1
29 52.80542905732788 16.23960892793316 -430.35520353242464 28 30 -1
30 52.65061705361478 16.117077897861268 -430.36834656042265 29 31 -1
31 52.49623402959813 15.99383295575719 -430.3797416424154 30 32 -1
32 52.34229149275618 15.869877713183437 -430.38923100049465 31 33 -1
33 52.18881472618149 15.74521461328019 -430.39680051517144 32 34 -1
34 52.03582392956605 15.619861832442941 -430.4026172249086 33 35 -1
35 51.88333723966078 15.493832814360449 -430.4068452475314 34 36 -1
36 51.73137311732184 15.367134191419387 -430.40963752718886 35 37 -1
37 51.579952077367956 15.239765118118036 -430.41113880218444 36 38 -1
38 51.42907982402569 15.111738159759893 -430.41152244299946 37 39 -1
39 51.27876694549743 14.98305553193568 -430.41094304160123 38 40 -1
40 51.12902685558644 14.853712943330095 -430.40954978346963 39 41 -1
41 50.9798674537712 14.723709768824866 -430.40749978854456 40 42 -1
42 50.8312914232105 14.593048989387137 -430.404952430958 41 43 -1
43 50.68330505494583 14.46172781114599 -430.40206093119804 42 44 -1
44 50.53592173350647 14.329734500444465 -430.3989778967186 43 45 -1
45 50.389141716893654 14.197071432916129 -430.39586087832475 44 46 -1
46 50.24296959380541 14.063736134773839 -430.3928637579771 45 47 -1
47 50.097413710592924 13.929722541407708 -430.3901414103093 46 48 -1
48 49.95248777424124 13.795019906133344 -430.38785485867635 47 49 -1
49 49.808192614091936 13.659633234833374 -430.3861553898399 48 50 -1
50 49.66453803186861 13.523559872500623 -430.38519851812794 49 51 -1
51 49.521541995708375 13.386791376492917 -430.38515101429437 50 52 -1
52 49.379215335832676 13.249330341023688 -430.38616958602387 51 53 -1
53 49.2375695989557 13.111182258349421 -430.38840711220774 52 54 -1
54 49.09662504444278 12.97234816742945 -430.39202818837674 53 55 -1
55 48.95640879123198 12.832827951635231 -430.3972095194075 54 56 -1
56 48.8169351300621 12.692638902338597 -430.40409413871606 55 57 -1
57 48.67823017737563 12.551792776814834 -430.4128430323605 56 58 -1
58 48.5403367737602 12.41029460598109 -430.4236528988927 57 59 -1
59 48.403276003742214 12.268173741013696 -430.4366562200266 58 60 -1
60 48.26708387001057 12.125453986247324 -430.4520123103239 59 61 -1
61 48.13181397981731 11.982155701105174 -430.4699181960658 60 62 -1
62 47.99749926552703 11.838318056742464 -430.49048942034415 61 63 -1
63 47.86416177111929 11.693975399520058 -430.513711213559 62 64 -1
64 47.73182787334639 11.549151908249495 -430.53953529743205 63 65 -1
65 47.600501531778754 11.403879348495659 -430.5678597720962 64 66 -1
66 47.47018639872627 11.258185638296814 -430.5985901501919 65 67 -1
67 47.340899612930464 11.112090273469168 -430.6316682934075 66 68 -1
68 47.21264102271662 10.965616810283072 -430.66700055263647 67 69 -1
69 47.085405704508474 10.818787286717138 -430.7044893511564 68 70 -1
70 46.95920173623603 10.671616568648615 -430.7440687341947 69 71 -1
71 46.834027868563126 10.524120291375226 -430.78565673204037 70 72 -1
72 46.70987120613742 10.376315114975894 -430.8291537081685 71 73 -1
73 46.586730696216804 10.228211682881376 -430.8744865493817 72 74 -1
74 46.46460754530564 10.079817982005455 -430.9215880056334 73 75 -1
75 46.34348109758607 9.931146086542421 -430.9703564874607 74 76 -1
76 46.223342046424975 9.782202806998441 -431.02071384825985 75 77 -1
77 46.104194728073935 9.632989430141883 -431.0726047397562 76 78 -1
78 45.98601346430911 9.48351364106346 -431.12592980394993 77 79 -1
79 45.86878507726465 9.33377805452311 -431.18061225656965 78 80 -1
80 45.75250446372991 9.183781488292716 -431.2365880123834 79 81 -1
81 45.63715620342217 9.033524058757086 -431.2937800751983 80 82 -1
82 45.52271907165965 8.883006168540492 -431.3521064809074 81 83 -1
83 45.40917917079453 8.73222488248652 -431.41149657116324 82 84 -1
84 45.29653251311522 8.581172883971014 -431.4718913296357 83 85 -1
85 45.18475029115662 8.429849209627408 -431.53320517583575 84 86 -1
86 45.07381632372878 8.278248105191032 -431.5953685403402 85 87 -1
87 44.9637216887118 8.126360191001963 -431.65831908563734 86 88 -1
88 44.85444703021361 7.9741785124851 -431.72198486248016 87 89 -1
89 44.745970079295354 7.821696472262285 -431.78629296719555 88 90 -1
90 44.638275520897814 7.66890412210189 -431.85117707288646 89 91 -1
91 44.53135469591401 7.515787627053564 -431.91657470966186 90 92 -1
92 44.42517969620396 7.362340525295084 -431.9824111284489 91 93 -1
93 44.3197332468174 7.208551443793604 -432.04861952180784 92 94 -1
94 44.215007331952435 7.054403498450131 -432.1151363314728 93 95 -1
95 44.11097735813219 6.899887336556636 -432.18189046164565 94 96 -1
96 44.00762376598048 6.744990952337875 -432.24881387371215 95 97 -1
97 43.90493636424146 6.589696247946162 -432.31583964003516 96 98 -1
98 43.80289512438908 6.43399027755499 -432.3828980993244 97 99 -1
99 43.70147875728641 6.277861021230049 -432.44992031615226 98 100 -1
100 43.60067737444579 6.121288168771551 -432.5168353721181 99 101 -1
101 43.50047122619725 5.964257931423126 -432.5835724001063 100 102 -1
102 43.40083972481932 5.806757586472428 -432.6500615163695 101 103 -1
103 43.30177570668272 5.648762778631817 -432.71622460509053 102 104 -1
104 43.20325545803878 5.490263385874917 -432.7819915361032 103 105 -1
105 43.105264301927825 5.3312416125920565 -432.8472861766825 104 106 -1
106 43.00779171393914 5.171675015028171 -432.9120254115571 105 107 -1
107 42.91081447466229 5.011555079875405 -432.9761392660453 106 108 -1
108 42.81432687025115 4.8508539364048735 -433.03953357408096 107 109 -1
109 42.71830647373906 4.6895639507400535 -433.10213680145677 108 110 -1
110 42.6227445664947 4.527661195375577 -433.16385344771345 109 111 -1
111 42.52762430630893 4.3651332429607965 -433.2246013728174 110 112 -1
112 42.43293485592528 4.201960309851666 -433.2842837901628 111 113 -1
113 42.338661856932575 4.038129248159195 -433.34281119249323 112 114 -1
114 42.244795651257164 3.873620934889743 -433.400078942888 113 115 -1
115 42.151321716234655 3.7084265505027605 -433.4559973265808 114 116 -1
116 42.05823453526434 3.5425234920063247 -433.5104431399666 115 117 -1
117 41.965518637449414 3.375910310263588 -433.5633314646043 116 118 -1
118 41.87317100840693 3.208564969938763 -433.6145251014305 117 119 -1
119 41.78118037056846 3.040485268503371 -433.66392365546494 118 120 -1
120 41.68954356041181 2.8716754938871953 -433.7114553666493 119 121 -1
121 41.598283757274366 2.7021735222907544 -433.75721674040733 120 122 -1
122 41.50741694934677 2.5320494077320297 -433.8014255885725 121 123 -1
123 41.41696159746417 2.361360289651423 -433.8442803231197 122 124 -1
124 41.326936848385735 2.1901582719030284 -433.88598091379504 123 125 -1
125 41.23735559093821 2.0184992461212867 -433.926747768216 124 126 -1
126 41.148227493603294 1.8464379847259367 -433.9668063865597 125 127 -1
127 41.05956266498159 1.6740258941202146 -434.0063820284218 126 128 -1
128 40.9713717443563 1.5013130226619569 -434.0457044313136 127 129 -1
129 40.883663121489576 1.3283509380553162 -434.0850101820636 128 130 -1
130 40.79644119030881 1.1551931302824163 -434.12453645508276 129 131 -1
131 40.70971268273693 0.9818927222854418 -434.16452062242007 130 132 -1
132 40.62348437310351 0.8085047594358765 -434.2052006663978 131 133 -1
133 40.537765545579575 0.6350869400997281 -434.2468189413531 132 134 -1
134 40.452564292681664 0.4617007757478891 -434.28961461613613 133 135 -1
135 40.36788586942749 0.2884076860569477 -434.33380176352057 134 136 -1
136 40.283719892562175 0.11523357600871988 -434.3794117838446 135 137 -1
137 40.20004221124931 -0.05782372586210499 -434.42634479338244 136 138 -1
138 40.11682928367662 -0.23076857966540304 -434.4745029371991 137 139 -1
139 40.03405506135994 -0.40360755143719973 -434.5237843324987 138 140 -1
140 39.951690557439534 -0.5763493734827866 -434.57408249016055 139 141 -1
141 39.86970847448376 -0.7490036699189574 -434.62529776151683 140 142 -1
142 39.78808103489093 -0.9215813517828176 -434.6773313715303 141 143 -1
143 39.706782106302114 -1.0940941201817287 -434.7300896469351 142 144 -1
144 39.62578138733389 -1.266555493945573 -434.78347105365435 143 145 -1
145 39.54504918811016 -1.4389795967567376 -434.83737714695826 144 146 -1
146 39.46455642793975 -1.6113811191693421 -434.89171190511547 145 147 -1
147 39.38427415683452 -1.7837753748405913 -434.94638017952565 146 148 -1
148 39.304173729887246 -1.9561783968041047 -435.0012870730263 147 149 -1
149 39.224223970585356 -2.128606346428315 -435.0563351274016 148 150 -1
150 39.1443972959179 -2.3010713025860094 -435.1114458544055 149 151 -1
151 39.064669776442166 -2.473577480203412 -435.1665711045149 150 152 -1
152 38.985018233933054 -2.646128487809445 -435.2216658728358 151 153 -1
153 38.90541857063495 -2.8187275204328053 -435.2766851334808 152 154 -1
154 38.82584702627876 -2.9913777088890607 -435.3315844261642 153 155 -1
155 38.746280099224826 -3.1640822630135608 -435.38631915383735 154 156 -1
156 38.66669426510509 -3.336844376497582 -435.44084433147515 155 157 -1
157 38.58706553785933 -3.5096674895421187 -435.4951129505159 156 158 -1
158 38.50737071661109 -3.682553939809233 -435.54908195313004 157 159 -1
159 38.42758653136873 -3.8555063438105797 -435.6027064709546 158 160 -1
160 38.34768981009552 -4.0285270850475925 -435.65594154668895 159 161 -1
161 38.26765663340961 -4.201618671186884 -435.70873952333653 160 162 -1
162 38.18746392461825 -4.3747828465934955 -435.76105515570504 161 163 -1
163 38.107089479400784 -4.548020785264873 -435.8128449877396 162 164 -1
164 38.02651070505098 -4.721333580416976 -435.8640636625017 163 165 -1
165 37.9457052021439 -4.89472191767201 -435.9146657227607 164 166 -1
166 37.864648270992824 -5.0681867386192865 -435.9645990489834 165 167 -1
167 37.783319976972635 -5.241727116798146 -436.01382346433655 166 168 -1
168 37.701698711798315 -5.415342268847604 -436.06229342464184 167 169 -1
169 37.61976308557252 -5.589030885187309 -436.1099631348756 168 170 -1
170 37.53749073931159 -5.762791323412889 -436.15678353709285 169 171 -1
171 37.45485979879719 -5.936621200314113 -436.2027059709418 170 172 -1
172 37.3718519072938 -6.1105169148605105 -436.24768958535174 171 173 -1
173 37.288447108921474 -6.28447461372305 -436.29168850280104 172 174 -1
174 37.204625880187514 -6.458489732804257 -436.3346568965734 173 175 -1
175 37.12036552904476 -6.632557298858041 -436.3765401937919 174 176 -1
176 37.03566406490706 -6.806663862790583 -436.41735824772053 175 177 -1
177 36.95054812783035 -6.980781682247919 -436.4572560720091 176 178 -1
178 36.865047155581046 -7.154883049053947 -436.4963955419358 177 179 -1
179 36.77918834445162 -7.328941842660092 -436.5349367052064 178 180 -1
180 36.6929997858141 -7.502933361600607 -436.57304335222045 179 181 -1
181 36.606511146576025 -7.676834855454764 -436.61088019566796 180 182 -1
182 36.519749688454176 -7.8506242205913965 -436.6486075230442 181 183 -1
183 36.43274144293291 -8.0242791941185 -436.6863852981708 182 184 -1
184 36.34551323771185 -8.197777673210066 -436.7243742074034 183 185 -1
185 36.25809381117497 -8.371099178061355 -436.7627295003837 184 186 -1
186 36.17051035943336 -8.544221937766276 -436.801604494985 185 187 -1
187 36.08278926784695 -8.717121020606578 -436.8411584613349 186 188 -1
188 35.99495985285442 -8.88977412060337 -436.88153759339997 187 189 -1
189 35.907050982902426 -9.06215741447606 -436.922884653843 188 190 -1
190 35.81909152728349 -9.234242458644154 -436.96535106349575 189 191 -1
191 35.73111194813131 -9.406001299660776 -437.00907725816694 190 192 -1
192 35.64314307978924 -9.577406928035263 -437.05418869536294 191 193 -1
193 35.55521697990702 -9.748423840570782 -437.10083243128446 192 194 -1
194 35.467366314776136 -9.919020137278858 -437.14912875481156 193 195 -1
195 35.37962378830259 -10.089163026611963 -437.1991886427707 194 196 -1
196 35.29202621338569 -10.258806544211687 -437.25116020342386 195 197 -1
197 35.20460595646206 -10.427920472477211 -437.30511784927603 196 198 -1
198 35.11740190528204 -10.596454886395062 -437.36119651940265 197 199 -1
199 35.03044850137662 -10.764372334463003 -437.41947167610084 198 200 -1
200 34.943784746462995 -10.931623290815285 -437.4800492255827 199 201 -1
201 34.85742294968582 -11.098210773540162 -437.54284632076013 200 202 -1
202 34.771339553402186 -11.264205026347026 -437.60756809286636 201 203 -1
203 34.685499191796204 -11.429699261029755 -437.67387449413843 202 204 -1
204 34.59987064484156 -11.594777377033143 -437.7414799260393 203 205 -1
205 34.51441400249209 -11.759539712076846 -437.81006648451006 204 206 -1
206 34.429094379374376 -11.924076994396344 -437.87936054057684 205 207 -1
207 34.34387226075201 -12.08848783864013 -437.94907358908563 206 208 -1
208 34.25870960843195 -12.252868089320803 -438.0189313603041 207 209 -1
209 34.17356844730154 -12.417314947362517 -438.08865838891234 208 210 -1
210 34.08841095435061 -12.581922406465708 -438.15798521683547 209 211 -1
211 34.00319987504903 -12.746787182528351 -438.22663114093115 210 212 -1
212 33.917899591573004 -12.912000821904208 -438.2943204681656 211 213 -1
213 33.83247682941906 -13.07765021730971 -438.3607787012769 212 214 -1
214 33.74689682714329 -13.24383087945462 -438.42568962355494 213 215 -1
215 33.66113314879918 -13.410614624738802 -438.48878511527465 214 216 -1
216 33.57515659992017 -13.5780875592108 -438.5497275814924 215 217 -1
217 33.488946281411565 -13.746314705869802 -438.608211664827 216 218 -1
218 33.40248382695769 -13.915359896005482 -438.6638961891144 217 219 -1
219 33.31575637640936 -14.085277454900806 -438.71642209563225 218 220 -1
220 33.228759925583596 -14.256102545319985 -438.7654400096334 219 221 -1
221 33.141495589366265 -14.427865404715412 -438.81054607431753 220 222 -1
222 33.05397700488079 -14.600567934055816 -438.85136386481986 221 223 -1
223 32.96622681471753 -14.774197862193887 -438.8874751987564 222 224 -1
224 32.87828065476408 -14.948717801312526 -438.91844774246346 223 225 -1
225 32.79018961830177 -15.124053922900433 -438.9439031147789 224 226 -1
226 32.70201787195723 -15.300119361064034 -438.9633198125709 225 227 -1
227 32.61384879181528 -15.476768247551563 -438.9764068903458 226 228 -1
228 32.52577871225891 -15.653818298087247 -438.98331572861133 227 229 -1
229 32.43788722342458 -15.83108670659907 -438.98490357932684 228 230 -1
230 32.350219807420004 -16.0084530019839 -438.9820919797767 229 231 -1
231 32.262801265901416 -16.185851235879213 -438.97571147481284 230 232 -1
232 32.1756267016889 -16.363257034995623 -438.9667120122283 231 233 -1
233 32.08868166860857 -16.54067835808603 -438.9559540850325 232 234 -1
234 32.001940155135664 -16.718144251194325 -438.944318041605 233 235 -1
235 31.915369214531214 -16.895692852378456 -438.93267327335343 234 236 -1
236 31.828940751776926 -17.07336552345726 -438.921900882335 235 237 -1
237 31.742626465951915 -17.251188885545766 -438.91284947818093 236 238 -1
238 31.65641192277695 -17.429173025122576 -438.90640357617895 237 239 -1
239 31.570296177889784 -17.607295270012322 -438.90343285325247 238 240 -1
240 31.48429739860137 -17.785492151335287 -438.9047724470733 239 241 -1
241 31.398460991554238 -17.963649537534987 -438.9113338643051 240 242 -1
242 31.312838531571202 -18.141630554836457 -438.92328303391133 241 243 -1
243 31.22747204368123 -18.31932679142299 -438.9402624889986 242 244 -1
244 31.142380849263404 -18.4966699980166 -438.9617305527779 243 245 -1
245 31.057575156082887 -18.67361540107687 -438.9872392450493 244 246 -1
246 30.973050717051393 -18.850146623700248 -439.01630788103853 245 247 -1
247 30.888793823570758 -19.02626802296708 -439.04847828041693 246 248 -1
248 30.804782849978693 -19.20200114462662 -439.0833083317155 247 249 -1
249 30.720988482463802 -19.37738367454975 -439.12035905471583 248 250 -1
250 30.637376673495837 -19.55246397380501 -439.15920969388577 249 251 -1
251 30.55390912174627 -19.727299668192085 -439.1994486251623 250 252 -1
252 30.470543939640294 -19.90195603723672 -439.2406674863804 251 253 -1
253 30.387238131660872 -20.07650123274023 -439.28247365859676 252 254 -1
254 30.303946688174467 -20.25100767219795 -439.3244699732073 253 255 -1
255 30.22062435961436 -20.42554792906796 -439.3662638235282 254 256 -1
256 30.137229176384043 -20.60018889285666 -439.40748736978475 255 257 -1
257 30.053722292258314 -20.774988605231716 -439.4478012819262 256 258 -1
258 29.970071971440596 -20.949993016177277 -439.4869108949618 257 259 -1
259 29.886243895193076 -21.12525004585313 -439.52447705162365 258 260 -1
260 29.802211069866527 -21.3007950394179 -439.5601942864556 259 261 -1
261 29.71794614540902 -21.476661102813473 -439.5937158367666 260 262 -1
262 29.633429185272018 -21.652867717360312 -439.62471760184167 261 263 -1
263 29.548643064454357 -21.829426425245895 -439.6528449071793 262 264 -1
264 29.463578581287383 -22.006333399226225 -439.6777563393958 263 265 -1
265 29.37823204903909 -22.183571713001673 -439.6990853502186 264 266 -1
266 29.292609715428704 -22.361105392452167 -439.71648554256217 265 267 -1
267 29.206724783381652 -22.538881533448954 -439.7295727432512 266 268 -1
268 29.120603732542072 -22.716823769918776 -439.73801885725936 267 269 -1
269 29.03428053015514 -22.8948350228535 -439.7414189108839 268 270 -1
270 28.947805210696696 -23.07279380117648 -439.73949406479136 269 271 -1
271 28.861233341416796 -23.250557552424873 -439.73197845840275 270 272 -1
272 28.77461106343945 -23.428017868330926 -439.7194813992537 271 273 -1
273 28.68795870443739 -23.60510383524713 -439.7026222629444 272 274 -1
274 28.60127820357063 -23.781801664353022 -439.68219941604326 273 275 -1
275 28.51455342999643 -23.958113862847235 -439.658834754264 274 276 -1
276 28.427757543264327 -24.134086767606277 -439.6332741570016 275 277 -1
277 28.340850428364277 -24.30977067373261 -439.6061477992096 276 278 -1
278 28.25379003971582 -24.48524151853691 -439.57814619224456 277 279 -1
279 28.16652409581635 -24.660573585882847 -439.549915594699 278 280 -1
280 28.0790063653798 -24.83584799140228 -439.52211044841096 279 281 -1
281 27.99118402798332 -25.011139745372127 -439.4953989915404 280 282 -1
282 27.90301675694471 -25.186514096224126 -439.4704263837241 281 283 -1
283 27.814463988775408 -25.36202026521502 -439.4478653783459 282 284 -1
284 27.72551391531288 -25.537646706295156 -439.4279588343436 283 285 -1
285 27.636160581363843 -25.713342447773073 -439.4106364593777 284 286 -1
286 27.546404160032147 -25.889057308812298 -439.3957634809123 285 287 -1
287 27.456235922130897 -26.06474500645903 -439.38324563973276 286 288 -1
288 27.365653222808582 -26.240363489926377 -439.3729427442529 287 289 -1
289 27.274643633028305 -26.41587273685312 -439.36475589580726 288 290 -1
290 27.183202348226523 -26.59123854860641 -439.35854016232474 289 291 -1
291 27.09131322137309 -26.7664265822551 -439.3541940694639 290 292 -1
292 26.99896978184381 -26.941409982681424 -439.35157007837665 291 293 -1
293 26.906152448135508 -27.116159372376522 -439.35056451562326 292 294 -1
294 26.81285339959142 -27.29065441810474 -439.3510299625885 293 295 -1
295 26.71905018193588 -27.46487004199417 -439.3528600243002 294 296 -1
296 26.62473373229447 -27.63879130760434 -439.35591005145534 295 297 -1
297 26.529879563027944 -27.812396903827306 -439.36007015091263 296 298 -1
298 26.434477234393132 -27.985675919384505 -439.3652005207998 297 299 -1
299 26.338501353255854 -28.158610435861096 -439.37118724346976 298 300 -1
300 26.24193969721919 -28.331192019802984 -439.377896531774 299 301 -1
301 26.144767397243232 -28.50340592796095 -439.38521054753124 300 302 -1
302 26.04696975338315 -28.675244543492628 -439.39300155696867 301 303 -1
303 25.948524162013218 -28.846696230136462 -439.40114881434704 302 304 -1
304 25.84941245620807 -29.01775245118014 -439.4095294209039 303 305 -1
305 25.749616354207642 -29.188404762918704 -439.41802184912063 304 306 -1
306 25.649112944861667 -29.358641904695098 -439.4265054896411 305 307 -1
307 25.5478906349094 -29.528458891924704 -439.4348614273605 306 308 -1
308 25.4459202211685 -29.697839841624916 -439.44296742896125 307 309 -1
309 25.343198012073614 -29.86678259156733 -439.45071765879874 308 310 -1
310 25.239693648351103 -30.03526382958336 -439.4580994785108 309 311 -1
311 25.13540829977926 -30.20327498249709 -439.4651980609321 310 312 -1
312 25.03032130099484 -30.370794443309364 -439.4720918356376 311 313 -1
313 24.924423062445964 -30.53780729075697 -439.47886243828185 312 314 -1
314 24.81770677041467 -30.704300359314953 -439.48558998494224 313 315 -1
315 24.710149262110615 -30.870249725494645 -439.4923542535357 314 316 -1
316 24.601754662298216 -31.035648807962062 -439.4992327273892 315 317 -1
317 24.492502190508596 -31.20047427888569 -439.50630489035274 316 318 -1
318 24.38238701609172 -31.36471278866703 -439.5136469359077 317 319 -1
319 24.271406976793827 -31.528352377749762 -439.5213318910593 318 320 -1
320 24.159538014517036 -31.691364922014166 -439.5294423745971 319 321 -1
321 24.046789037458016 -31.853744684183866 -439.5380447035225 320 322 -1
322 23.933152500271525 -32.01547352809352 -439.5472116880086 321 323 -1
323 23.818611425016663 -32.17652498630972 -439.55702360194607 322 324 -1
324 23.7031758977182 -32.33689180242975 -439.56754068475107 323 325 -1
325 23.58684250451821 -32.496555650410386 -439.57883144117795 324 326 -1
326 23.469595456070344 -32.6554867452103 -439.59097672793564 325 327 -1
327 23.35144873115547 -32.81367786960332 -439.6040291674088 326 328 -1
328 23.232402823583712 -32.97110992578225 -439.6180526759987 327 329 -1
329 23.112452530025443 -33.12775727176485 -439.6331181200607 328 330 -1
330 22.991602201220385 -33.28360081336823 -439.6492859617129 329 331 -1
331 22.869862356693297 -33.43862579742333 -439.66660800658525 330 332 -1
332 22.7472386752618 -33.59281181950836 -439.68514139050353 331 333 -1
333 22.62373495590045 -33.746134941481984 -439.7049462735922 332 334 -1
334 22.499356470975513 -33.898570674638364 -439.72608161808773 333 335 -1
335 22.374119115829938 -34.0501057825831 -439.74857737523274 334 336 -1
336 22.248020341307885 -34.20072805036343 -439.77235557326657 335 337 -1
337 22.121047868380106 -34.35043120431943 -439.79726262556653 336 338 -1
338 21.99318692866254 -34.49920952500399 -439.82314754077373 337 339 -1
339 21.86441883078898 -34.64705553658188 -439.8498645380305 338 340 -1
340 21.73472138793171 -34.79396006571712 -439.877270868272 339 341 -1
341 21.604079113152412 -34.939921928445884 -439.90522089032095 340 342 -1
342 21.472469627008515 -35.084933694872035 -439.93357582880253 341 343 -1
343 21.33986902498767 -35.228986796750135 -439.9621984377073 342 344 -1
344 21.206252004185238 -35.37207126407866 -439.9909524454179 343 345 -1
345 21.07159198901872 -35.51417546622308 -440.01970200533043 344 346 -1
346 20.935861259932874 -35.655285853508055 -440.048311151685 345 347 -1
347 20.799031089248338 -35.79538669550862 -440.0766432602839 346 348 -1
348 20.661067849492046 -35.93445615965786 -440.1045585858978 347 349 -1
349 20.521940506508002 -36.07247270354632 -440.13191589590735 348 350 -1
350 20.381622115116627 -36.20941584919591 -440.15857462589327 349 351 -1
351 20.240081456871636 -36.34525815577271 -440.1843899237509 350 352 -1
352 20.097287263153472 -36.47996850879505 -440.2092136108645 351 353 -1
353 19.953208503352393 -36.61351177195788 -440.23289368630265 352 354 -1
354 19.80781472031462 -36.745848417507396 -440.2552738478567 353 355 -1
355 19.66106460457418 -36.87692294947141 -440.2761790589944 354 356 -1
356 19.512936986180765 -37.0066918116071 -440.29544850349237 355 357 -1
357 19.3634089819122 -37.13510255401435 -440.31291331665295 356 358 -1
358 19.212457018163274 -37.262093549089776 -440.3283951179825 357 359 -1
359 19.060052432128472 -37.387587610634505 -440.34169579792365 358 360 -1
360 18.906172749068467 -37.5115013068446 -440.35261065001816 359 361 -1
361 18.75081998280077 -37.63376467581768 -440.3609610850724 360 362 -1
362 18.593986607679813 -37.754283003566236 -440.3665372311238 361 363 -1
363 18.435652776417115 -37.8729263655927 -440.36907903116 362 364 -1
364 18.275853584926722 -37.98961343668524 -440.3684141224471 363 365 -1
365 18.11459814972158 -38.104206642511656 -440.36428893629045 364 366 -1
366 17.951914174183248 -38.21656445068459 -440.35645480480207 365 367 -1
367 17.78786432404649 -38.326576795074686 -440.34476583064753 366 368 -1
368 17.622485100281175 -38.434146408041045 -440.32957660005985 367 369 -1
369 17.45584669989475 -38.53935430525611 -440.3118123409668 368 370 -1
370 17.28793027453126 -38.642198326600095 -440.2923159316889 369 371 -1
371 17.11875276317568 -38.74279944820307 -440.2720316326243 370 372 -1
372 16.94825961801357 -38.84118397681742 -440.2518910468711 371 373 -1
373 16.77644621263343 -38.9374685373267 -440.23285644262677 372 374 -1
374 16.603278292566003 -39.031698889055704 -440.2159431791964 373 375 -1
375 16.428766623312644 -39.12394029821943 -440.20219105213243 374 376 -1
376 16.252966641205862 -39.21424275801554 -440.192648450015 375 377 -1
377 16.075971628205476 -39.302593095164255 -440.18849682865454 376 378 -1
378 15.89798657931354 -39.38899141934405 -440.1908216071093 377 379 -1
379 15.719305872389588 -39.47338570802958 -440.20073069219035 378 380 -1
380 15.540340292722503 -39.555669178454856 -440.21935494480437 379 381 -1
381 15.361553812721594 -39.63574460609079 -440.24710072062476 380 382 -1
382 15.183250731021221 -39.71361778884221 -440.2830396299707 381 383 -1
383 15.005612484314883 -39.78933693412264 -440.32617508648883 382 384 -1
384 14.82873043909486 -39.86297823828295 -440.3755728191914 383 385 -1
385 14.652596629382517 -39.93469697892458 -440.4302035764377 384 386 -1
386 14.477153191942937 -40.004630610339625 -440.4892029266987 385 387 -1
387 14.302288836941324 -40.07293689434374 -440.5517271786671 386 388 -1
388 14.127846923710038 -40.13980455073931 -440.6169326285365 387 389 -1
389 13.953651820770565 -40.20538774416089 -440.68407606917145 388 390 -1
390 13.779498001700908 -40.26988170783419 -440.75237306864614 389 391 -1
391 13.605169596706775 -40.33345820946756 -440.82108420996684 390 392 -1
392 13.430449295309037 -40.396284691795906 -440.8894889895704 391 393 -1
393 13.255296281458511 -40.45845149952883 -440.9573881443788 392 394 -1
394 13.079791362870703 -40.51997066934665 -441.02496788717383 393 395 -1
395 12.904026163997605 -40.58086350412741 -441.0924384152955 394 396 -1
396 12.728092549929528 -40.64115362183264 -441.16001119919775 395 397 -1
397 12.552082560773966 -40.70085915974956 -441.2279033325078 396 398 -1
398 12.37609261895327 -40.76000173825709 -441.29633785933015 397 399 -1
399 12.200220877079255 -40.818608779621755 -441.36553252124315 398 400 -1
400 12.02456843821918 -40.876703609539575 -441.4357089592783 399 401 -1
401 11.84924364356398 -40.93430626118195 -441.5070996144132 400 402 -1
402 11.67435640393371 -40.99144230636414 -441.5799235714654 401 403 -1
403 11.5000198390719 -41.04813621320073 -441.65439427362594 402 404 -1
404 11.326353202380352 -41.10440984682941 -441.7307253378322 403 405 -1
405 11.153485925503626 -41.160281864126404 -441.8091370879878 404 406 -1
406 10.98154910815653 -41.215772127718246 -441.889831715661 405 407 -1
407 10.810672952342651 -41.27090033378873 -441.97298911230166 406 408 -1
408 10.640995718772357 -41.325682378788464 -442.05878777921276 407 409 -1
409 10.472668657177271 -41.38013011975881 -442.1474117635011 408 410 -1
410 10.305838622436811 -41.43425561373497 -442.23901298265963 409 411 -1
411 10.140643663748465 -41.488070335655706 -442.33370764324275 410 412 -1
412 9.977234216952905 -41.54158093598878 -442.4316178565657 411 413 -1
413 9.815776860300334 -41.59478969150344 -442.53287330938883 412 414 -1
414 9.656389331781808 -41.64770368854024 -442.63750554497744 413 415 -1
415 9.499228725718568 -41.700321591510004 -442.7455983106549 414 416 -1
416 9.344427720886827 -41.75264309997769 -442.85718296836086 415 417 -1
417 9.192099033136547 -41.80466816347238 -442.97225417841145 416 418 -1
418 9.042292919577386 -41.856420964011086 -443.0907107568879 417 419 -1
419 8.894899092449426 -41.90797077488841 -443.2122429025698 418 420 -1
420 8.749811166769312 -41.95938816925923 -443.3365744107315 419 421 -1
421 8.606942760261019 -42.01074299235571 -443.4634760503575 420 422 -1
422 8.466162863610805 -42.06210542708307 -443.5926881127454 421 423 -1
423 8.327385291411076 -42.11354458212475 -443.7240188747383 422 424 -1
424 8.190521584436688 -42.16513077076947 -443.8572864439866 423 425 -1
425 8.055458591913343 -42.21693154771601 -443.9922967349324 424 426 -1
426 7.922107327370158 -42.26901578453828 -444.1288905466339 425 427 -1
427 7.79039240398464 -42.32145601940409 -444.2669284664245 426 428 -1
428 7.660227008461213 -42.37432365371065 -444.4062672100563 427 429 -1
429 7.531521165177199 -42.42768854388606 -444.5467674748383 428 430 -1
430 7.4041974651269005 -42.481624499576355 -444.68830530340983 429 431 -1
431 7.2781810564438665 -42.536207534599434 -444.83076221307016 430 432 -1
432 7.153413962249972 -42.59152629886603 -444.97403273213774 431 433 -1
433 7.029810241706853 -42.647654955419114 -445.1179949804095 432 434 -1
434 6.907301826697691 -42.70467936317462 -445.2625402942839 433 435 -1
435 6.78582245800011 -42.762689739835295 -445.40756104233066 434 436 -1
436 6.665318219932162 -42.82179531876224 -445.5529526443686 435 437 -1
437 6.545717158209621 -42.882090573886316 -445.69860122735037 436 438 -1
438 6.426954252205936 -42.94368025893007 -445.8443939305064 437 439 -1
439 6.308975766211873 -43.006695389556455 -445.99021430304447 438 440 -1
440 6.191719928954757 -43.07126357726978 -446.13593798969794 439 441 -1
441 6.07512101576752 -43.13750828087381 -446.2814360204334 440 442 -1
442 5.959132441554 -43.20561915821806 -446.42655957943396 441 443 -1
443 5.843682572361549 -43.275720861638355 -446.5711635129513 442 444 -1
444 5.728724961318615 -43.348046229869425 -446.7150624969365 443 445 -1
445 5.614194315591634 -43.42276580968758 -446.8580754124546 444 446 -1
446 5.5 -43.5 -447.0 445 447 448
447 5.195035596212843 -43.33862484786923 -447.1802715605258 446 449 -1
448 5.576092296354941 -43.59461371941007 -447.1260496678949 446 450 -1
449 4.8832332954564395 -43.194921982516696 -447.36380073971714 447 451 -1
450 5.649444069398026 -43.68587833449326 -447.25614968571745 448 452 -1
451 4.565916022434627 -43.066796807374814 -447.5494223447592 449 453 -1
452 5.719858213877331 -43.7735325736925 -447.39029168246947 450 454 -1
453 4.244222888601634 -42.9517619871923 -447.73610091236924 451 455 -1
454 5.787162950615852 -43.85731276386794 -447.52844456372975 452 456 -1
455 3.919088933901691 -42.84706916703335 -447.9229192737229 453 457 -1
456 5.851194729261145 -43.936959301401934 -447.67054109137297 454 458 -1
457 3.591267814152491 -42.74980086479849 -448.10906402773014 455 459 -1
458 5.9118014132022 -44.01222070976173 -447.8164774997397 456 460 -1
459 3.2613756568058987 -42.65693083329008 -448.2937970118982 457 461 -1
460 5.968850181535293 -44.08286393697943 -447.9661094176466 458 462 -1
461 2.9299483691826076 -42.565357962535074 -448.47641924352234 459 463 -1
462 6.022230219414863 -44.148678244192034 -448.1192553766739 460 464 -1
463 2.5975071265380922 -42.471924379988025 -448.65623100662077 461 465 -1
464 6.071858961205801 -44.20948391396297 -448.2756978551232 462 466 -1
465 2.264630548512633 -42.373429503931995 -448.83249246197386 463 467 -1
466 6.117683004020533 -44.26513410341432 -448.43519019442715 464 468 -1
467 1.9320308566126678 -42.26665405485159 -449.0043863167834 465 469 -1
468 6.159686001853687 -44.31552637433884 -448.5974585236464 466 470 -1
469 1.6006304671226885 -42.148411845052316 -449.17098919227215 467 471 -1
470 6.19788495650638 -44.36059870220937 -448.76221312674403 468 472 -1
471 1.2716300926555792 -42.01564002206505 -449.33125608002905 469 473 -1
472 6.232332835481644 -44.40033419597757 -448.9291542818544 470 474 -1
473 0.9465520542500457 -41.865542195602245 -449.4840299621269 471 475 -1
474 6.263115806606149 -44.434758481960515 -449.09798109698096 472 476 -1
475 0.6272364240362671 -41.695776833541366 -449.62808477606893 473 477 -1
476 6.29035151570666 -44.46393859965231 -449.26839847350095 474 478 -1
477 0.3157677820924564 -41.5046651604367 -449.76220720027766 475 479 -1
478 6.3141853441849936 -44.4879790319057 -449.4401238484195 476 480 -1
479 0.014323873794293247 -41.291368263609776 -449.88531042066654 477 481 -1
480 6.334784667024949 -44.507014553595 -449.6128930035736 478 482 -1
481 -0.27503444004096816 -41.05597243017132 -449.9965567395042 479 483 -1
482 6.352336514035357 -44.52120814852795 -449.7864631860067 480 484 -1
483 -0.5505811290439827 -40.79943939012616 -450.0954541594019 481 485 -1
484 6.367040778239228 -44.5307418068819 -449.9606162633365 482 486 -1
485 -0.8110884915161733 -40.523425797743016 -450.1818970012119 483 487 -1
486 6.379108355508206 -44.53581492711037 -450.13515937207126 484 488 -1
487 -1.0558993269622334 -40.230029958625764 -450.2561453773222 485 489 -1
488 6.388754388388032 -44.53663426449476 -450.30992546620104 486 490 -1
489 -1.284899171212675 -39.921528660639204 -450.31875303056927 487 491 -1
490 6.396198482226593 -44.53341543773715 -450.4847721270621 488 492 -1
491 -1.4984171900765728 -39.60016204672503 -450.3704708323259 489 493 -1
492 6.401659594411886 -44.52637490067487 -450.6595804408392 490 494 -1
493 -1.697105682634458 -39.26799771099799 -450.41215786869094 491 495 -1
494 6.405354856513626 -44.51572838038405 -450.83425306915024 492 496 -1
495 -1.8818145547759644 -38.92685626630281 -450.44470383361863 493 497 -1
496 6.407498127358757 -44.501688646763775 -451.0087122193354 494 498 -1
497 -2.0534948147494223 -38.57829383393961 -450.46897882669384 495 499 -1
498 6.408298826239012 -44.48446344573946 -451.18289748955584 496 500 -1
499 -2.2131226179246757 -38.22361180890082 -450.48579936132796 497 501 -1
500 6.407961252193709 -44.46425396290318 -451.3567636867933 498 502 -1
501 -2.361655513493191 -37.86388648732511 -450.4959147798373 499 503 -1
502 6.406685058695924 -44.44125621934416 -451.53027906134264 500 504 -1
503 -2.5 -37.5 -450.5 501 505 506
504 6.404663878582443 -44.41565659047198 -451.7034228941513 502 508 -1
505 -2.4999458539042347 -37.323137178643066 -450.6065746611518 503 509 -1
506 -2.255261237996135 -37.79867715843252 -450.47271212380497 503 510 -1
507 -2.356241738456026 -37.483487348781985 -450.6645015152685 503 511 -1
508 6.402086959315103 -44.3876361388652 -451.876184331532 504 512 -1
509 -2.502298961579349 -37.14488712216863 -450.7109457232181 505 513 -1
510 -2.0097453016181905 -38.096010837155696 -450.438589874151 506 514 -1
511 -2.2225247458712447 -37.50552188604873 -450.8365570694978 507 515 -1
512 6.399138618271156 -44.357367763933226 -452.04856039774825 508 516 -1
513 -2.5072126869044715 -36.965236417276124 -450.81279540992654 509 517 -1
514 -1.7634230146049399 -38.39169330151075 -450.3968086428598 510 518 -1
515 -2.103962373172838 -37.56715796831898 -451.0101068548515 511 519 -1
516 6.395999051912067 -44.32501739363807 -452.22055468542516 512 520 -1
517 -2.5147526446954895 -36.78421396968503 -450.9120216119931 513 521 -1
518 -1.5162736490399231 -38.68532584093901 -450.34637214767207 514 522 -1
519 -2.0028572636570843 -37.66308500837982 -451.1791952402846 515 523 -1
520 6.392844926283756 -44.29074451728089 -452.39217610359435 516 524 -1
521 -2.5249747364981188 -36.601858435046324 -451.0085292120331 517 525 -1
522 -1.268294908404412 -38.97638209648255 -450.2860642504475 518 526 -1
523 -1.9179440389353923 -37.78474320492348 -451.3405862897425 519 527 -1
524 6.389849993127064 -44.25470267099793 -452.5634377343745 520 528 -1
525 -2.5379382043521694 -36.418211410055065 -451.1022170404498 521 529 -1
526 -1.019518105978166 -39.26415270811231 -450.2143788874291 522 530 -1
527 -1.8459186632520628 -37.92406698023438 -451.49384859628486 523 531 -1
528 6.387185754733554 -44.21704000554968 -452.73435580492065 524 532 -1
529 -2.5536987575155456 -36.233321019064725 -451.1929847453997 525 533 -1
530 -0.7700355031961614 -39.54766072485611 -450.12942746505337 526 534 -1
531 -1.7830459067639268 -38.07493136399617 -451.6401101624647 527 535 -1
532 6.3850221598813715 -44.1778999156007 -452.9049487569563 528 536 -1
533 -2.572308101938394 -36.04724193015411 -451.2807333981546 529 537 -1
534 -0.5200494877836616 -39.82552489866857 -450.0288047207653 530 538 -1
535 -1.7258738657067867 -38.23297925508044 -451.78105991502963 531 539 -1
536 6.383528316148226 -44.13742171442148 -453.0752363951827 532 540 -1
537 -2.5938134810464306 -35.86003530190943 -451.36536612436686 533 541 -1
538 -0.2699645672568476 -40.09573724439171 -449.9094101135794 534 542 -1
539 -1.6713414371979785 -38.395030168203164 -451.91848089819473 535 543 -1
540 6.382873247737849 -44.09574129761512 -453.2452390845576 536 544 -1
541 -2.6182614996041846 -35.671767240946544 -451.44678402439297 537 545 -1
542 -0.02056317143443755 -40.35528686588547 -449.7672098073684 538 546 -1
543 -1.6166537555076843 -38.55854359702209 -452.05409966974594 539 547 -1
544 6.383226799424374 -44.05299177597034 -453.41497697023647 540 548 -1
545 -2.6456894346136903 -35.4825117234575 -451.5248957932115 541 549 -1
546 0.2266517613798242 -40.59952619582986 -449.59698438377006 542 550 -1
547 -1.5590995306278606 -38.72119249634081 -452.1895658080159 543 551 -1
548 6.384759591830734 -44.009304868859076 -453.5844694131707 544 552 -1
549 -2.6761354532409984 -35.292346864224164 -451.59960658823917 545 553 -1
550 0.46879582109492696 -40.82113473740615 -449.39223623811466 546 554 -1
551 -1.4958700456379055 -38.88049034953091 -452.32645922453753 547 555 -1
552 6.387644376795544 -43.964810861557034 -453.7537340689794 548 556 -1
553 -2.7096256078838943 -35.10135861585541 -451.670832816128 549 557 -1
554 0.700438073378462 -41.00869487103893 -449.14588437569745 550 558 -1
555 -1.4239120886084504 -39.033403043855316 -452.4662600776566 551 559 -1
556 6.392056449536631 -43.919639671716446 -453.9227862207994 552 560 -1
557 -2.746183346129047 -34.90963737738203 -451.738491726358 553 561 -1
558 0.9121513448544385 -41.14586113350908 -448.853173580577 554 562 -1
559 -1.3398848029730193 -39.17590964951147 -452.61020441163345 555 563 -1
560 6.398174380728072 -43.873921585778795 -454.09163799510446 556 564 -1
561 -2.7858249476511983 -34.717278862777356 -451.8025068523108 557 565 -1
562 1.090805417165272 -41.21454207341791 -448.5177754084518 558 566 -1
563 -1.240385094594372 -39.30258669830939 -452.75892042111224 559 567 -1
564 6.406180163247677 -43.82778814992516 -454.2602975901149 560 568 -1
565 -2.828559299300164 -34.52438347211053 -451.8628086741238 561 569 -1
566 1.225096546281684 -41.20477328624675 -448.1558320619819 562 570 -1
567 -1.122718286222949 -39.406596938753495 -452.9117848751738 563 571 -1
568 6.416259530224391 -43.78137285789247 -454.42876839892045 564 572 -1
569 -2.8743917814950404 -34.331055164302846 -451.9193302214008 565 573 -1
570 1.312926349295758 -41.12213399139173 -447.78870313477364 566 574 -1
571 -0.986273642675833 -39.48084534848996 -453.0662933188152 567 575 -1
572 6.428602687841191 -43.734811829744004 -454.5970480288034 568 576 -1
573 -2.9233136359770326 -34.13740214568776 -451.9720205143018 569 577 -1
574 1.3609548083098495 -40.98197714140477 -447.43151850089913 570 578 -1
575 -0.8336119056869891 -39.52058013629163 -453.21832083810096 571 579 -1
576 6.443404250726034 -43.688244606222824 -454.7651273052648 572 580 -1
577 -2.9753138606274487 -33.94353451727079 -452.02083045614205 573 581 -1
578 1.378549444348509 -40.7996866435426 -447.0907448646991 574 582 -1
579 -0.6697593730461925 -39.525641699333775 -453.3637275825392 575 583 -1
580 6.460863204516017 -43.64181484016119 -454.9329891673889 576 584 -1
581 -3.0303716019101 -33.74956436280545 -452.0657226860696 577 585 -1
582 1.3739217630628477 -40.586722940144135 -446.76768610921425 578 586 -1
583 -0.5 -39.5 -453.5 579 -1 -1
584 6.481183215520112 -43.59567101262928 -455.10060742743076 580 587 -1
585 -3.088461431242762 -33.55560468755013 -452.1066653359082 581 588 -1
586 1.3533051476289433 -40.35080693281399 -446.4615780325947 582 589 -1
587 6.504571122023228 -43.549966917831945 -455.2679455789755 584 590 -1
588 -3.1495462098687454 -33.36176848584428 -452.1436418547264 585 591 -1
589 1.3212856534312765 -40.0970257252079 -446.1711012293443 586 592 -1
590 6.5312362684000025 -43.50486204757475 -455.43495546258293 587 593 -1
591 -3.2135849746022416 -33.168167902761766 -452.1766412422578 588 594 -1
592 1.2812940131134278 -39.82875125289588 -445.89496738981785 589 595 -1
593 6.561391187010616 -43.46052231415314 -455.60157568974034 590 596 -1
594 -3.2805306420237836 -32.97491355276891 -452.2056614337312 591 597 -1
595 1.2359993581354676 -39.548242185042035 -445.632114924765 592 598 -1
596 6.595247254052982 -43.41711963089484 -455.76773055905664 593 599 -1
597 -3.3503290561449 -32.78211350828013 -452.2307111255686 594 600 -1
598 1.187590510820888 -39.25701629872669 -445.38176113729264 595 601 -1
599 6.633015401325701 -43.374832450441765 -455.93332841043934 596 602 -1
600 -3.4229194764148914 -32.58987232694822 -452.2518097036953 597 603 -1
601 1.1379776702463684 -38.956078807714 -445.1434115736791 598 604 -1
602 6.674900569212831 -43.33384452702243 -456.09826087273575 599 605 -1
603 -3.4982371451637837 -32.3982907079614 -452.2689841057893 600 606 -1
604 1.088947861001612 -38.646063445189284 -444.91686681445805 601 607 -1
605 6.721102222380371 -43.29434524344168 -456.26240137666974 602 608 -1
606 -3.5762128318254987 -32.20746473141136 -452.2822698529024 603 609 -1
607 1.0423001719081582 -38.327323662135996 -444.70224166709954 604 610 -1
608 6.771808234997003 -43.25652768192967 -456.42560495292247 605 611 -1
609 -3.6567734887820653 -32.017485321284475 -452.29171050560115 606 612 -1
610 1.0 -38.0 -444.5 607 -1 -1
611 6.82719081389414 -43.220586864616294 -456.587708250465 608 613 -1
612 -3.7398429102660686 -31.82843780556312 -452.29735705899964 609 614 -1
613 6.887403564515953 -43.18671818462736 -456.7485297846447 611 615 -1
614 -3.825342382556468 -31.640401574404933 -452.29926729151606 612 616 -1
615 6.9525761662406 -43.15511452488951 -456.9078714100036 613 617 -1
616 -3.9131913149917983 -31.453449834768037 -452.2975050820276 614 618 -1
617 7.022811026949263 -43.12596380630101 -457.06552008384267 615 619 -1
618 -4.003307842815204 -31.267649457580184 -452.2921397094891 616 620 -1
619 7.098176328411124 -43.09944427025911 -457.22125188146214 617 621 -1
620 -4.095609394472301 -31.083060911664024 -452.2832451480869 618 622 -1
621 7.178703875978086 -43.075721470907915 -457.3748356807829 619 623 -1
622 -4.1900132176245855 -30.899738277157923 -452.27089936971737 620 624 -1
623 7.264389751834303 -43.054946628040454 -457.52603633500985 621 625 -1
624 -4.286436859749238 -30.717729330114103 -452.2551836641026 622 626 -1
625 7.3551860809626834 -43.037249408681795 -457.67462309904084 623 627 -1
626 -4.3847997560577765 -30.53707655544757 -452.23617999434515 624 628 -1
627 7.451006689837888 -43.02273818430874 -457.82037275070314 625 629 -1
628 -4.4850206098091 -30.357815236719524 -452.2139754741517 626 630 -1
629 7.551725933766098 -43.01149619633192 -457.9630765041387 627 631 -1
630 -4.587019979577827 -30.179975151158505 -452.1886580346671 628 632 -1
631 7.657185044123662 -43.003582485398546 -458.10254290921733 629 633 -1
632 -4.690720434295932 -30.0035808305292 -452.1603160667897 630 634 -1
633 7.767189656390097 -42.99902665032189 -458.2386069094731 631 635 -1
634 -4.796048798240088 -29.828653850757153 -452.129034210043 632 636 -1
635 7.881521959165601 -42.997834137705134 -458.37112854307907 633 637 -1
636 -4.902929713997155 -29.655207078651536 -452.0949049379126 634 638 -1
637 8.0 -43.0 -458.5 635 -1 -1
638 -5.011293626463691 -29.483252154113465 -452.0580139706712 636 639 -1
639 -5.121071874457202 -29.312795164673453 -452.0184490714198 638 640 -1
640 -5.232199133132144 -29.143839316837667 -451.9762953673869 639 641 -1
641 -5.344611210111184 -28.976382742283125 -451.93163942425116 640 642 -1
642 -5.458249298024977 -28.81042381905634 -451.88456075737116 641 643 -1
643 -5.57305404933943 -28.6459543557027 -451.8351433008917 642 644 -1
644 -5.688970161802034 -28.48296541167931 -451.78346621296436 643 645 -1
645 -5.80594490466048 -28.321445903719003 -451.72960655806173 644 646 -1
646 -5.923927957064631 -28.161382707903876 -451.67363945293573 645 647 -1
647 -6.042871357404718 -28.00276089575834 -451.6156379949082 646 648 -1
648 -6.162729443780632 -27.84556395505328 -451.55567321087034 647 649 -1
649 -6.283458787415257 -27.689773995159918 -451.49381402471585 648 650 -1
650 -6.4050181206282595 -27.53537193702794 -451.4301272410421 649 651 -1
651 -6.527368260799222 -27.382337688053482 -451.36467754309353 650 652 -1
652 -6.650472031569968 -27.230650302255597 -451.2975275030636 651 653 -1
653 -6.774294679627116 -27.080289072792795 -451.22873645468525 652 654 -1
654 -6.898802873514609 -26.931232005631585 -451.1583626067525 653 655 -1
655 -7.023964450937522 -26.783455468146023 -451.08646354244604 654 656 -1
656 -7.149750473589596 -26.636938558936926 -451.0130912450547 655 657 -1
657 -7.27613179507558 -26.49165649667805 -450.93830003343135 656 658 -1
658 -7.4030823629142075 -26.347587582039882 -450.86213861824154 657 659 -1
659 -7.530576092484313 -26.204706872917313 -450.78465745918305 658 660 -1
660 -7.658590028680498 -26.062993265674777 -450.7059009976017 659 661 -1
661 -7.787101561871798 -25.922420421432957 -450.6259199241842 660 662 -1
662 -7.916093125988081 -25.782961704713742 -450.5447696171832 661 663 -1
663 -8.045549169612704 -25.644590677898776 -450.4625045725585 662 664 -1
664 -8.175454404480119 -25.50727873953332 -450.37917977724913 663 665 -1
665 -8.30579530628084 -25.370998838699478 -450.2948470288117 664 666 -1
666 -8.436559449493247 -25.235724108350354 -450.20955649553923 665 667 -1
667 -8.567735710300454 -25.101428511912125 -450.1233562465436 666 668 -1
668 -8.699313438848414 -24.968085025320068 -450.0362940371286 667 669 -1
669 -8.831283110558369 -24.835667325392066 -449.9484158192711 668 670 -1
670 -8.963636154168869 -24.704149504881315 -449.85976613036325 669 671 -1
671 -9.096364839926606 -24.57350591775203 -449.77038833009345 670 672 -1
672 -9.229462238632655 -24.443711181268345 -449.6803246868786 671 673 -1
673 -9.36292218377621 -24.314740174576052 -449.58961646315106 672 674 -1
674 -9.496739236611692 -24.186568034116153 -449.49830399955937 673 675 -1
675 -9.630908654038084 -24.05917014617126 -449.40642679817506 674 676 -1
676 -9.765426359139463 -23.932522136814438 -449.3140236048227 675 677 -1
677 -9.90028891425149 -23.80659985949624 -449.22113249068167 676 678 -1
678 -10.035493593451235 -23.68137957414774 -449.1277908152107 677 679 -1
679 -10.171038095090221 -23.55683738823873 -449.0340356519585 678 680 -1
680 -10.306920750632552 -23.432949717137546 -448.9399035520195 679 681 -1
681 -10.44314046112788 -23.309693164368106 -448.84543069639324 680 682 -1
682 -10.579696665702482 -23.187044468515822 -448.7506529970998 681 683 -1
683 -10.71658932717358 -23.06498048014421 -448.65560617869465 682 684 -1
684 -10.853818919334653 -22.943478137318646 -448.56032586067994 683 685 -1
685 -10.99138641580209 -22.822514439799242 -448.464847641124 684 686 -1
686 -11.129293407478398 -22.702066605586722 -448.3692071346518 685 687 -1
687 -11.267541983120577 -22.582111842403037 -448.27344015623066 686 688 -1
688 -11.406134353948149 -22.462626835426633 -448.17758287718436 687 689 -1
689 -11.545073416300667 -22.34358854251819 -448.08167170045607 688 690 -1
690 -11.68436293421432 -22.224974291120816 -447.9857434815161 689 691 -1
691 -11.824006602778017 -22.10676060546302 -447.88983568682204 690 692 -1
692 -11.964008640855615 -21.988923958769277 -447.7939863798252 691 693 -1
693 -12.10437440488495 -21.87144126706653 -447.69823458866574 692 694 -1
694 -12.24510867406385 -21.754288184282352 -447.60261996236676 693 695 -1
695 -12.386217765524027 -21.637441034953362 -447.50718357646906 694 696 -1
696 -12.527707785620509 -21.52087519588983 -447.4119674318566 695 697 -1
697 -12.669585467831812 -21.40456580818923 -447.3170149008651 696 698 -1
698 -12.811858270354035 -21.28848771828127 -447.2223710499751 697 699 -1
699 -12.954534273099288 -21.172615290769258 -447.1280828315172 698 700 -1
700 -13.097621593817447 -21.05692209511741 -447.0341987047341 699 701 -1
701 -13.241129142738906 -20.941381234021218 -446.94076950636384 700 702 -1
702 -13.38506658759548 -20.82596516749092 -446.84784878168756 701 703 -1
703 -13.5294438067465 -20.71064547795489 -446.7554924100827 702 704 -1
704 -13.674271106222914 -20.59539292248935 -446.6637590654152 703 705 -1
705 -13.819559916740161 -20.4801773941686 -446.5727116038099 704 706 -1
706 -13.965321535257353 -20.364967704501474 -446.4824156162498 705 707 -1
707 -14.111568646238322 -20.249731525203376 -446.3929422585143 706 708 -1
708 -14.258313546762645 -20.134435332235114 -446.3043658234878 707 709 -1
709 -14.40556955200198 -20.01904423410414 -446.2167666751286 708 710 -1
710 -14.553350334211487 -19.903521882164657 -446.13023080798837 709 711 -1
711 -14.701670159474759 -19.787830273488378 -446.0448511259471 710 712 -1
712 -14.850543617258007 -19.67192965494173 -445.96072785699846 711 713 -1
713 -14.99998531705438 -19.555778498789085 -445.8779689178608 712 714 -1
714 -15.150010232891066 -19.439333173964176 -445.7966920357764 713 715 -1
715 -15.300633431782018 -19.32254779398361 -445.71702581192744 714 716 -1
716 -15.451869486272285 -19.20537429065528 -445.63911009707664 715 717 -1
717 -15.603732796589489 -19.08776188758952 -445.5630993501677 716 718 -1
718 -15.756236454634857 -18.969657483281807 -445.4891622622964 717 719 -1
719 -15.909392647457114 -18.85100485987341 -445.4174868548863 718 720 -1
720 -16.063211057380343 -18.731745361361213 -445.34827992614794 719 721 -1
721 -16.217698487753054 -18.61181752951041 -445.28177157033895 720 722 -1
722 -16.37285783306313 -18.49115705115684 -445.2182192537341 721 723 -1
723 -16.528686243245943 -18.36969734368578 -445.1579105258542 722 724 -1
724 -16.685173227857334 -18.247369979511856 -445.1011679214682 723 725 -1
725 -16.842298132767517 -18.124105379683353 -445.04835481347413 724 726 -1
726 -17.0 -18.0 -445.0 725 727 728
727 -17.1344130134182 -18.000878390955428 -445.1264832390354 726 729 -1
728 -17.03910451513006 -17.851431766553834 -444.8459895588776 726 730 -1
729 -17.26767801145804 -18.0004956422172 -445.2541248204124 727 731 -1
730 -17.075911019163687 -17.703799839312968 -444.69059324504013 728 732 -1
731 -17.399765784342584 -17.998778519048354 -445.38297335929377 729 733 -1
732 -17.110664824180766 -17.557063067995305 -444.53388174550076 730 734 -1
733 -17.530645833082367 -17.995720055430798 -445.51302384617316 731 735 -1
734 -17.143540880694285 -17.411238202240433 -444.37591863819694 732 736 -1
735 -17.660289318130843 -17.99131581396955 -445.64426878191165 733 737 -1
736 -17.17473266768206 -17.266331230896252 -444.2167735088884 734 738 -1
737 -17.7886696813072 -17.985564345016243 -445.7766978697473 735 739 -1
738 -17.204434233512767 -17.122345810131442 -444.05651056576124 736 740 -1
739 -17.91575473988632 -17.97845882897103 -445.91030533682783 737 741 -1
740 -17.232845308355376 -16.979281323782615 -443.89519218646427 738 742 -1
741 -18.041520433411584 -17.970001462302854 -446.0450774153109 739 743 -1
742 -17.260172044638818 -16.837132428160977 -443.7328800023443 740 744 -1
743 -18.16593564552728 -17.96018768013986 -446.18100604255267 741 745 -1
744 -17.286627852055517 -16.695887042250963 -443.569637314459 742 746 -1
745 -18.28897477530409 -17.949018998034077 -446.318077823284 743 747 -1
746 -17.31242747151438 -16.555531155669744 -443.4055245978645 744 748 -1
747 -18.41061187536321 -17.936496921691592 -446.456279321065 745 749 -1
748 -17.33778865164662 -16.41604754049663 -443.24060177065184 746 750 -1
749 -18.53081696554017 -17.92261957721434 -446.5955997934127 747 751 -1
750 -17.362931328506832 -16.27741628276133 -443.07492845400185 748 752 -1
751 -18.649566922645274 -17.90739199400377 -446.73602272186145 749 753 -1
752 -17.38807714273096 -16.139616427023793 -442.9085634155905 750 754 -1
753 -18.766836639014286 -17.890817604249275 -446.8775329004771 751 755 -1
754 -17.413448623055356 -16.002623623212813 -442.7415673136578 752 756 -1
755 -18.88260131085589 -17.872900443113362 -447.02011461240414 753 757 -1
756 -17.439267570790097 -15.866412660359316 -442.5740012514159 754 758 -1
757 -18.996836877588397 -17.85364551622161 -447.16375135782243 755 759 -1
758 -17.465754888156052 -15.730958316044124 -442.4059269956886 756 760 -1
759 -19.10951888699134 -17.833057801025536 -447.30842665434477 757 761 -1
760 -17.493129790876424 -15.596235351182925 -442.2374077808386 758 762 -1
761 -19.220626758595493 -17.811145815687247 -447.4541213087709 759 763 -1
762 -17.521608999405437 -15.46221900148405 -442.068508668297 760 764 -1
763 -19.33013911096703 -17.78791754848523 -447.60081662796534 761 765 -1
764 -17.55140824104757 -15.328886451200178 -441.899296510048 762 766 -1
765 -19.438035524777845 -17.7633819502799 -447.74849327455087 763 767 -1
766 -17.582737009247367 -15.196214914010412 -441.7298413866573 764 768 -1
767 -19.54429657890475 -17.737548915943403 -447.89713131390636 765 769 -1
768 -17.61579829938292 -15.064183092519734 -441.5602160403461 766 770 -1
769 -19.648903882961015 -17.710429263118172 -448.0467102625636 767 771 -1
770 -17.650790276844695 -14.932772449787098 -441.39049581803846 768 772 -1
771 -19.751840106136694 -17.682034708445045 -448.1972091377318 769 773 -1
772 -17.687906232370675 -14.801967432228157 -441.22075913018045 770 774 -1
773 -19.85308900225449 -17.652377841415998 -448.34860650767337 771 775 -1
774 -17.727334928643522 -14.671755786924624 -441.05108791250484 772 776 -1
775 -19.952634170485123 -17.621471189254407 -448.50088117027883 773 777 -1
776 -17.769244898179814 -14.542125386137851 -440.88156667237666 774 778 -1
777 -20.050462293112925 -17.589329546074275 -448.65401054988246 775 779 -1
778 -17.813802954518444 -14.413069273619957 -440.71228297300075 776 780 -1
779 -20.14656077812232 -17.555968163571464 -448.8079720148244 777 781 -1
780 -17.86117247893552 -14.284584913770589 -440.54332827685954 778 782 -1
781 -20.240917911347523 -17.521402843274576 -448.9627428291217 779 783 -1
782 -17.911483693532016 -14.15666864690913 -440.3747936253352 780 784 -1
783 -20.333523131121456 -17.4856500985604 -449.11830006453545 781 785 -1
784 -17.964880892164736 -14.029325633751226 -440.2067753278841 782 786 -1
785 -20.424367030064815 -17.448727118057313 -449.274620650468 783 787 -1
786 -18.021352287840305 -13.90256212659982 -440.03932471639354 784 788 -1
787 -20.513439623610026 -17.41065062392023 -449.4316821210736 785 789 -1
788 -18.08076519046802 -13.776396889763419 -439.87244082832046 786 790 -1
789 -20.600734144525926 -17.371439320022475 -449.58946106078247 787 791 -1
790 -18.14294746813521 -13.650839056568637 -439.70610848392937 788 792 -1
791 -20.68624586361249 -17.331113003716144 -449.74793373911285 789 793 -1
792 -18.207754955115234 -13.525899148252668 -439.5403136217854 790 794 -1
793 -20.769969959424106 -17.289691198746034 -449.9070769821608 791 795 -1
794 -18.275050649477635 -13.401585607914667 -439.3750398534276 792 796 -1
795 -20.851901902340025 -17.247193427210917 -450.0668679914873 793 797 -1
796 -18.344691303543215 -13.277901449957039 -439.21026594756546 794 798 -1
797 -20.93203713439591 -17.203639044448835 -450.2272844347065 795 799 -1
798 -18.416548322807298 -13.154849887664948 -439.0459705910367 796 800 -1
799 -21.010376802680515 -17.159050512656357 -450.38830255918987 797 801 -1
800 -18.49049867244841 -13.032432503131988 -438.88213084590114 798 802 -1
801 -21.086920429471995 -17.113449050582755 -450.5498997873066 799 803 -1
802 -18.566424632404175 -12.910649483704713 -438.7187223902194 800 804 -1
803 -21.16166728186852 -17.066855508503227 -450.71205416702327 801 805 -1
804 -18.64421547907396 -12.789500531788264 -438.5557201467466 802 806 -1
805 -21.23461772353408 -17.019291132522767 -450.87474393621375 803 807 -1
806 -18.72376039976011 -12.668982661032517 -438.3930969804148 804 808 -1
807 -21.305776719860283 -16.970779351257697 -451.03794658905394 805 809 -1
808 -18.804956201431473 -12.549093064731222 -438.230825599244 806 810 -1
809 -21.375147723230118 -16.921342452907 -451.20164071532497 807 811 -1
810 -18.88770397246448 -12.429828283606586 -438.0688780141873 808 812 -1
811 -21.442733095781676 -16.87100191484999 -451.3658057721744 809 813 -1
812 -18.971908777230755 -12.311184327414262 -437.90722564010946 810 814 -1
813 -21.508538430889388 -16.819780586112472 -451.53042094827117 811 815 -1
814 -19.057479757353967 -12.193156969691286 -437.7458394538246 812 816 -1
815 -21.57257146385541 -16.767702026030822 -451.6954655549266 813 817 -1
816 -19.14433021372205 -12.075742083504954 -437.5846901045529 814 818 -1
817 -21.634839047606704 -16.714789020411438 -451.86091977444175 815 819 -1
818 -19.232374282423212 -11.95893420093649 -437.42374742450124 816 820 -1
819 -21.695346809187825 -16.661063504907947 -452.0267646564655 817 821 -1
820 -19.32153023515558 -11.842728259097166 -437.26298114807 818 822 -1
821 -21.754103797058406 -16.606548703719195 -452.19298108972066 819 823 -1
822 -19.411719060351036 -11.727119145570969 -437.10236071581465 820 824 -1
823 -21.81112041179739 -16.551268085415064 -452.3595503362046 821 825 -1
824 -19.50286422512498 -11.61210176601865 -436.94185529665583 822 826 -1
825 -21.8664063166763 -16.4952444417108 -452.5264544497285 823 827 -1
826 -19.59489144303409 -11.497671104815463 -436.7814338004865 824 828 -1
827 -21.91997130249543 -16.438500304978042 -452.693676062544 825 829 -1
828 -19.687729225230328 -11.383822887654693 -436.62106490397497 826 830 -1
829 -21.971824452782155 -16.381057632726144 -452.8611985058744 827 831 -1
830 -19.781307714094716 -11.270553116330566 -436.4607168849279 828 832 -1
831 -22.02197953731008 -16.322939955458452 -453.0290048996038 829 833 -1
832 -19.875556252163967 -11.157856061097595 -436.3003577394925 830 834 -1
833 -22.07044842746426 -16.264169672917394 -453.1970793150644 831 835 -1
834 -19.97040728420533 -11.045727502275602 -436.1399552965374 832 836 -1
835 -22.117243453261626 -16.204769036862167 -453.3654063359726 833 837 -1
836 -20.06579442197257 -10.934163530955411 -435.9794770836358 834 838 -1
837 -22.16237736838031 -16.144760134005313 -453.5339710589116 835 839 -1
838 -20.16165316777678 -10.823161869256595 -435.8188899737075 836 840 -1
839 -22.205862464916294 -16.0841645763288 -453.70275920149305 837 841 -1
840 -20.257918081016918 -10.712718809133838 -435.6581607353222 838 842 -1
841 -22.247712272826497 -16.023004111221955 -453.8717568602924 839 843 -1
842 -20.354524383937708 -10.602830801106945 -435.49725597617174 840 844 -1
843 -22.28794163557063 -15.961300598670642 -454.0409505271877 841 845 -1
844 -20.451408305536763 -10.49349552597496 -435.336141733467 842 846 -1
845 -22.326564670886636 -15.899075316966275 -454.2103273337471 843 847 -1
846 -20.54850624650156 -10.384711227488417 -435.17478354809833 844 848 -1
847 -22.363595757633014 -15.836349314212667 -454.37987490801976 845 849 -1
848 -20.645754765583597 -10.276478277079793 -435.0131455211803 846 850 -1
849 -22.399049506491625 -15.773143399207884 -454.5495813681754 847 851 -1
850 -20.74309786992196 -10.168793615757929 -434.8511985218627 848 852 -1
851 -22.43294073177 -15.70947813348547 -454.71943531533185 849 853 -1
852 -20.840523899568446 -10.061654038598157 -434.68894015685515 850 854 -1
853 -22.465284424326647 -15.645373824463015 -454.88942582565414 851 855 -1
854 -20.938035401574172 -9.9550555637529 -434.52637702980417 852 856 -1
855 -22.49609572563472 -15.580850519647118 -455.0595424418058 853 857 -1
856 -21.03563499115346 -9.84899412901798 -434.3635157651205 854 858 -1
857 -22.525389902993325 -15.515928001841713 -455.2297751638309 855 859 -1
858 -21.133325434356347 -9.743466156549927 -434.20036269356905 856 860 -1
859 -22.55318232588945 -15.450625785307459 -455.40011443954023 857 861 -1
860 -21.231109470167873 -9.638467479160104 -434.03692444562773 858 862 -1
861 -22.57948844350784 -15.384963112819259 -455.57055115447093 859 863 -1
862 -21.328989742264177 -9.533993070426915 -433.87320807129214 860 864 -1
863 -22.604323763381323 -15.318958953570352 -455.7410766214863 861 865 -1
864 -21.426969070739652 -9.430038559607588 -433.70922022950464 862 866 -1
865 -22.62770383116968 -15.252632001870358 -455.9116825700775 863 867 -1
866 -21.52505032761378 -9.326599499901846 -433.5449675888879 864 868 -1
867 -22.649644211550473 -15.186000676588492 -456.08236113542495 865 869 -1
868 -21.62323643701749 -9.2236713690803 -433.3804568278638 866 870 -1
869 -22.670160470202877 -15.119083121290691 -456.25310484727373 867 871 -1
870 -21.721530375380894 -9.121249570095673 -433.21569463482854 868 872 -1
871 -22.68926815686121 -15.051897205024115 -456.42390661867285 869 873 -1
872 -21.819935171622422 -9.019329431676137 -433.05068770838557 870 874 -1
873 -22.706982789413164 -14.984460523701657 -456.59475973462514 871 875 -1
874 -21.918453907339618 -8.917906208900066 -432.88544275763405 872 876 -1
875 -22.72331983901501 -14.916790402041595 -456.76565784068987 873 877 -1
876 -22.01708971700179 -8.816975083751363 -432.7199665025151 874 878 -1
877 -22.738293223909167 -14.848903675113528 -456.93659496838484 875 879 -1
878 -22.11584578814428 -8.71653116565503 -432.5542656742142 876 880 -1
879 -22.751919301118825 -14.780817321740402 -457.1075654119455 877 881 -1
880 -22.214725395078727 -8.616569618118044 -432.38834695983786 878 882 -1
881 -22.76421364001167 -14.712547925647732 -457.27856382035276 879 883 -1
882 -22.31373180971149 -8.517085312186998 -432.2222171591341 880 884 -1
883 -22.775191400791055 -14.644111762076431 -457.44958516695783 881 885 -1
884 -22.41286834773733 -8.418073026079725 -432.0558830902754 882 886 -1
885 -22.784867636781193 -14.575524851531734 -457.62062472941807 883 887 -1
886 -22.51213840923766 -8.319527586819156 -431.8893515309455 884 888 -1
887 -22.79325547856141 -14.506802794925386 -457.79167809227306 885 889 -1
888 -22.611545448311148 -8.221443751268717 -431.7226292729557 886 890 -1
889 -22.80037057366411 -14.437961247139324 -457.96274108867783 887 891 -1
890 -22.71109297327988 -8.123816206536741 -431.5557231229879 888 892 -1
891 -22.80622844630094 -14.369015585977303 -458.1338098349191 889 893 -1
892 -22.810784596073567 -8.026639718724985 -431.3886398466929 890 894 -1
893 -22.810843641223286 -14.299980865590788 -458.3048807178174 891 895 -1
894 -22.910623943972386 -7.929908849206053 -431.2213862830267 892 896 -1
895 -22.81422753350766 -14.230871762592823 -458.4759503643654 893 897 -1
896 -23.010614662189926 -7.833617984180058 -431.053969327545 894 898 -1
897 -22.816397073078768 -14.161703083243191 -458.647015647775 895 899 -1
898 -23.110760480041215 -7.737761532164752 -430.8863958585922 896 900 -1
899 -22.817366564550056 -14.092489226096685 -458.81807367957657 897 901 -1
900 -23.2110651821697 -7.642333833548834 -430.71867277396245 898 902 -1
901 -22.817146940981758 -14.023244321495623 -458.98912176112964 899 903 -1
902 -23.311532608761787 -7.547329160852373 -430.55080699199203 900 904 -1
903 -22.81575423711241 -13.953982448921062 -459.1601574480446 901 905 -1
904 -23.41216665576179 -7.45274171896267 -430.38280545270976 902 906 -1
905 -22.81320233188033 -13.884717397812402 -459.3311784906516 903 907 -1
906 -23.51297127508702 -7.358565645345445 -430.214675119046 904 908 -1
907 -22.80950138665432 -13.81546282657204 -459.5021827779672 905 909 -1
908 -23.613950474842998 -7.2647950102309204 -430.0464229781004 906 910 -1
909 -22.804668204860125 -13.746232136482574 -459.6731684867499 907 911 -1
910 -23.715108319537627 -7.1714238167755715 -429.87805604246887 908 912 -1
911 -22.798713248108918 -13.67703865488602 -459.8441338751626 909 913 -1
912 -23.816448952085906 -7.078446046337431 -429.70958133989416 910 914 -1
913 -22.791650369050117 -13.607895458378907 -460.01507743095266 911 915 -1
914 -23.917976979011655 -6.985856418119411 -429.5410057311495 912 916 -1
915 -22.783492397338627 -13.538815465023212 -460.1859977919231 913 917 -1
916 -24.01969623910661 -6.893647873704776 -429.37233655227567 914 918 -1
917 -22.774250383098604 -13.469811560466203 -460.3568937132951 915 919 -1
918 -24.121611027143352 -6.801814145464305 -429.20358093608075 916 920 -1
919 -22.763938694652207 -13.400896213784092 -460.52776417880773 917 921 -1
920 -24.223725695395952 -6.710348899084227 -429.0347460484373 918 922 -1
921 -22.75256671148897 -13.332082165798246 -460.69860819691297 919 923 -1
922 -24.326044653839944 -6.619245733580143 -428.86583908997403 920 924 -1
923 -22.740149250579886 -13.263381475256432 -460.86942505036814 921 925 -1
924 -24.428572950356543 -6.528499131296258 -428.69686714087806 922 926 -1
925 -22.726695059961024 -13.194806712056652 -461.04021399603664 923 927 -1
926 -24.5313147327029 -6.43810185254936 -428.52783763101513 924 928 -1
927 -22.71221841130707 -13.126369632644685 -461.21097456452355 925 929 -1
928 -24.634274453280003 -6.348047063033994 -428.35875792179297 926 930 -1
929 -22.696728369961782 -13.058082543066373 -461.38170626217885 927 931 -1
930 -24.73745675762507 -6.258328090830719 -428.18963537504703 928 932 -1
931 -22.680237761387048 -12.9899570693378 -461.5524088151547 929 933 -1
932 -24.840867115825237 -6.168939261677905 -428.02047730388693 930 934 -1
933 -22.66275682924477 -12.92200509914247 -461.72308198327534 931 935 -1
934 -24.944509782975015 -6.079872964160249 -427.8512912814098 932 936 -1
935 -22.64429614156944 -12.854238358451884 -461.89372563737504 933 937 -1
936 -25.048389404709177 -5.991122061230793 -427.6820848404604 934 938 -1
937 -22.624867896563465 -12.78666810558782 -462.0643397951875 935 939 -1
938 -25.152511395989595 -5.902680256680344 -427.51286552515796 936 940 -1
939 -22.604479679791535 -12.71930645024095 -462.2349244248502 937 941 -1
940 -25.25688086081169 -5.8145406455948665 -427.3436409927644 938 942 -1
941 -22.58314496613781 -12.652164097143043 -462.40547976227344 939 943 -1
942 -25.361502201591374 -5.726695374102247 -427.174418943244 940 944 -1
943 -22.560871833580606 -12.585252856903818 -462.57600595847055 941 945 -1
944 -25.466381218862956 -5.6391380750833635 -427.00520715280436 942 946 -1
945 -22.537670863598976 -12.518583854098212 -462.7465033187934 943 947 -1
946 -25.571523016128673 -5.551861403448781 -426.8360134651014 944 948 -1
947 -22.513553144376086 -12.452167921225191 -462.9169722364287 945 949 -1
948 -25.676932165630795 -5.4648573770213185 -426.6668457091017 946 950 -1
949 -22.488525553444774 -12.386016995597348 -463.08741304191386 947 951 -1
950 -25.782615377575382 -5.378119991441008 -426.49771202297575 948 952 -1
951 -22.462600027205173 -12.320141452438564 -463.2578262853996 949 953 -1
952 -25.888576739065325 -5.2916405461404565 -426.32862028918794 950 954 -1
953 -22.43578608136945 -12.254552235693042 -463.4282125004207 951 955 -1
954 -25.994822416002215 -5.2054121853013005 -426.1595787411596 952 956 -1
955 -22.408090253261477 -12.189261235394156 -463.5985721861006 953 957 -1
956 -26.101357853477445 -5.119427232885316 -425.99059558373125 954 958 -1
957 -22.379524289020317 -12.124278491976233 -463.7689060488428 955 959 -1
958 -26.20818832754119 -5.033677768986464 -425.82167904166516 956 960 -1
959 -22.350097036556594 -12.059614905041043 -463.9392147533559 957 961 -1
960 -26.315320225311357 -4.948156602998342 -425.6528376797599 958 962 -1
961 -22.319814949389208 -11.9952822585595 -464.10949893937095 959 963 -1
962 -26.422758377272253 -4.86285524724561 -425.4840797438963 960 964 -1
963 -22.288688767158412 -11.931290607504664 -464.27975940862206 961 965 -1
964 -26.530509640048493 -4.777766535445338 -425.3154141129343 962 966 -1
965 -22.256727130418273 -11.867650707399308 -464.44999693624925 963 967 -1
966 -26.638578899937894 -4.692881828991265 -425.14684916994605 964 968 -1
967 -22.223937047687823 -11.804373972986488 -464.6202122854959 965 969 -1
968 -26.74697295172574 -4.608193605524023 -424.97839397560494 966 970 -1
969 -22.190327168647723 -11.741471066118377 -464.790406292636 967 971 -1
970 -26.855697836191005 -4.523693361492065 -424.81005762804347 968 972 -1
971 -22.15590649449554 -11.678952382127225 -464.960579825439 969 973 -1
972 -26.9647671461585 -4.4393722377731315 -424.6418543274494 970 974 -1
973 -22.12068296647145 -11.616828729963814 -465.13073374423715 971 975 -1
974 -27.074199988458705 -4.355221040249211 -424.4738021207689 972 976 -1
975 -22.08466242757146 -11.555111971975562 -465.3008688788882 973 977 -1
976 -27.184013693102248 -4.2712296229309725 -424.305918512386 974 978 -1
977 -22.04785465207531 -11.493811913396712 -465.4709861658839 975 979 -1
978 -27.294228756617034 -4.1873890083465835 -424.13822264647536 976 980 -1
979 -22.010267239463307 -11.432939390069722 -465.6410864994766 977 981 -1
980 -27.40486218202238 -4.103688786753805 -423.97073226348675 978 982 -1
981 -21.971907382517863 -11.372505431563237 -465.8111707730361 979 983 -1
982 -27.515932614829257 -4.020119144583933 -423.8034660605494 980 984 -1
983 -21.932781261482187 -11.312521664089616 -465.9812398659678 981 985 -1
984 -27.62745993714694 -3.9366704683507545 -423.63644366230756 982 986 -1
985 -21.89289771761291 -11.252998104791418 -466.1512947107359 983 987 -1
986 -27.739460744128756 -3.853332256292266 -423.469683157589 984 988 -1
987 -21.85226393016588 -11.193945689813518 -466.32133620324765 985 989 -1
988 -27.851953645050656 -3.7700945350784503 -423.3032039351558 986 990 -1
989 -21.810886835324496 -11.135375488736212 -466.4913652300083 987 991 -1
990 -27.96495805181081 -3.686947382911329 -423.13702615347216 988 992 -1
991 -21.768772059283652 -11.077299463164392 -466.6613826501379 989 993 -1
992 -28.078490096735027 -3.603880321762497 -422.97116827703536 990 994 -1
993 -21.725928053054208 -11.019727658431865 -466.83138935519975 991 995 -1
994 -28.192567411776366 -3.520883203146166 -422.8056498805624 992 996 -1
995 -21.68236162399688 -10.962671177655167 -467.00138619467793 993 997 -1
996 -28.3072094899572 -3.437946049895264 -422.6404920320728 994 998 -1
997 -21.638079494942485 -10.906141175423759 -467.17137399907523 995 999 -1
998 -28.422431573008524 -3.3550584660163687 -422.4757133660278 996 1000 -1
999 -21.593087030374928 -10.850149859017964 -467.3413535634045 997 1001 -1
1000 -28.538250353954556 -3.2722103151887536 -422.3113336838135 998 1002 -1
1001 -21.547391831327996 -10.794707751138777 -467.5113256850158 999 1003 -1
1002 -28.65468334758785 -3.189391542764119 -422.1473736506454 1000 1004 -1
1003 -21.50100065744625 -10.739825977348138 -467.68129112259504 1001 1005 -1
1004 -28.77174705295739 -3.106592068953054 -421.9838535725693 1002 1006 -1
1005 -21.453919922861733 -10.685515937420412 -467.8512506007356 1003 1007 -1
1006 -28.889455985643046 -3.0238018676185954 -421.82079264565834 1004 1008 -1
1007 -21.406155298722286 -10.631789693767756 -468.02120480548984 1005 1009 -1
1008 -29.00782551903028 -2.9410110539535164 -421.65821094793245 1006 1010 -1
1009 -21.357712958030355 -10.578658937497982 -468.19115439156633 1007 1011 -1
1010 -29.12687255638137 -2.858209780463725 -421.49613003424486 1008 1012 -1
1011 -21.3085999258538 -10.526134600990668 -468.3610999785076 1009 1013 -1
1012 -29.24661023474319 -2.7753883462457267 -421.33456901024226 1010 1014 -1
1013 -21.258822360585686 -10.474228387487718 -468.5310421364379 1011 1015 -1
1014 -29.367052060129783 -2.692537203684442 -421.17354752925394 1012 1016 -1
1015 -21.208386245766185 -10.422952202083417 -468.7009813886873 1013 1017 -1
1016 -29.488211947180098 -2.6096469076597506 -421.0130858804414 1014 1018 -1
1017 -21.157296446814804 -10.372319128108677 -468.87091820601455 1015 1019 -1
1018 -29.61010480445832 -2.526708026730455 -420.8532055200258 1016 1020 -1
1019 -21.10556029166591 -10.322339863600025 -469.0408530153591 1017 1021 -1
1020 -29.732740834187638 -2.4437115797051865 -420.69392449360384 1018 1022 -1
1021 -21.05318373817928 -10.273026469061497 -469.2107861817503 1019 1023 -1
1022 -29.856131879945004 -2.360648643092907 -420.5352624407195 1020 1024 -1
1023 -21.000172703339445 -10.224391101452245 -469.3807180107864 1021 1025 -1
1024 -29.980291300279514 -2.2775102558108493 -420.37724063062143 1022 1026 -1
1025 -20.946531929106644 -10.176447300220872 -469.5506487435677 1023 1027 -1
1026 -30.105228748426146 -2.194287942577312 -420.2198776067769 1024 1028 -1
1027 -20.892268129926567 -10.129206521140702 -469.72057855826023 1025 1029 -1
1028 -30.230953268168783 -2.110973480648117 -420.06319167012293 1026 1030 -1
1029 -20.837387402753432 -10.082680920850981 -469.89050756155933 1027 1031 -1
1030 -30.357475892206363 -2.0275585528587468 -419.90720317683946 1028 1032 -1
1031 -20.78189553653267 -10.036883073125065 -470.0604357862428 1029 1033 -1
1032 -30.48480563180573 -1.9440352157116152 -419.75193109438385 1030 1034 -1
1033 -20.725797312751368 -9.991826898760523 -470.2303631864587 1031 1035 -1
1034 -30.61294869402137 -1.8603960855870838 -419.5973921735877 1032 1036 -1
1035 -20.669099027218078 -9.947524585713655 -470.4002896370813 1033 1037 -1
1036 -30.741914703706193 -1.7766334440114695 -419.44360656899704 1034 1038 -1
1037 -20.611806858974337 -9.903988502138192 -470.5702149283365 1035 1039 -1
1038 -30.871709913319126 -1.6927402092308343 -419.2905917066518 1036 1040 -1
1039 -20.553926530266274 -9.861231678859763 -470.7401387612902 1037 1041 -1
1040 -31.002338513882943 -1.6087098184906468 -419.13836332674356 1038 1042 -1
1041 -20.49546260969199 -9.819268867099414 -470.9100607398711 1039 1043 -1
1042 -31.133810110769055 -1.5245349438230056 -418.98694264104756 1040 1044 -1
1043 -20.4364216550829 -9.77811225211994 -471.07998037675236 1041 1045 -1
1044 -31.266125268518472 -1.440209963946512 -418.8363424860999 1042 1046 -1
1045 -20.3768096896282 -9.737774809677795 -471.2498970833513 1043 1047 -1
1046 -31.399290435478107 -1.3557283927861488 -418.68658164334795 1044 1048 -1
1047 -20.316632259721935 -9.69827032234253 -471.41981016374734 1045 1049 -1
1048 -31.53330811421402 -1.271084606883848 -418.5376753130674 1046 1050 -1
1049 -20.255893955476743 -9.659614224825724 -471.5897188022866 1047 1051 -1
1050 -31.668180775842888 -1.186273159554393 -418.38963888072936 1048 1052 -1
1051 -20.19460184093391 -9.621818347060488 -471.7596220889046 1049 1053 -1
1052 -31.80391121002607 -1.101288687937597 -418.2424883198072 1050 1054 -1
1053 -20.132761679259314 -9.584896591260522 -471.92951898679325 1051 1055 -1
1054 -31.94049970214579 -1.016126492317592 -418.09623723207113 1052 1056 -1
1055 -20.07037823316864 -9.54886470844656 -472.0994083195136 1053 1057 -1
1056 -32.077947413717695 -0.9307818472515199 -417.9509003396443 1054 1058 -1
1057 -20.00745784300525 -9.51373608427626 -472.2692888015143 1055 1059 -1
1058 -32.21625451975218 -0.8452503815685773 -417.80649152927833 1056 1060 -1
1059 -19.944006858229628 -9.479524185937333 -472.4391590190605 1057 1061 -1
1060 -32.355418392007095 -0.7595284974117117 -417.6630217896509 1058 1062 -1
1061 -19.880030478838183 -9.446244678532416 -472.6090173964377 1059 1063 -1
1062 -32.4954414334006 -0.67361160955896 -417.5205078420308 1060 1064 -1
1063 -19.815534438253582 -9.41391256728367 -472.77886222011074 1061 1065 -1
1064 -32.63631763265149 -0.5874971892115763 -417.37895718336927 1062 1066 -1
1065 -19.750525588917768 -9.382540969002255 -472.94869166109737 1063 1067 -1
1066 -32.778045820873714 -0.5011817516638454 -417.23838281894723 1064 1068 -1
1067 -19.685009320056373 -9.352145943773225 -473.11850369347525 1065 1069 -1
1068 -32.92062435931323 -0.4146620377204886 -417.09879742015767 1066 1070 -1
1069 -19.61899138651325 -9.322743183457042 -473.288296134688 1067 1071 -1
1070 -33.064046901412105 -0.3279360642867419 -416.9602082388823 1068 1072 -1
1071 -19.552478892563034 -9.29434589469204 -473.4580666942674 1069 1073 -1
1072 -33.20830930969363 -0.24100146190990668 -416.82262512091523 1070 1074 -1
1073 -19.485477184444424 -9.266971109897563 -473.6278128321878 1071 1075 -1
1074 -33.35340801333978 -0.15385583978335354 -416.6860586919452 1072 1076 -1
1075 -19.417992642408198 -9.240634058889714 -473.79753187255733 1073 1077 -1
1076 -33.4993376306163 -0.06649738282145928 -416.5505174517327 1074 1078 -1
1077 -19.350032384415954 -9.21534857336569 -473.96722100641216 1075 1079 -1
1078 -33.64609096965086 0.02107512531772126 -416.41600763139724 1076 1080 -1
1079 -19.281601504902817 -9.191133331612006 -474.1368770973204 1077 1081 -1
1080 -33.793661717597544 0.10886299779976877 -416.2825365065025 1078 1082 -1
1081 -19.212707573667256 -9.168001733135354 -474.3064969798935 1079 1083 -1
1082 -33.942043068180716 0.19686729894894622 -416.15011069727245 1080 1084 -1
1083 -19.143357108952742 -9.145969846346572 -474.4760772158428 1081 1085 -1
1084 -34.0912257980335 0.28508885813975343 -416.01873394939713 1082 1086 -1
1085 -19.073555962668394 -9.12505581934973 -474.6456140795346 1083 1087 -1
1086 -34.241161107870724 0.37352861352524047 -415.8883644105021 1084 1088 -1
1087 -19.003312215237266 -9.105272577196665 -474.8151038473939 1085 1089 -1
1088 -34.39176507065982 0.4621883479305995 -415.7589181867354 1086 1090 -1
1089 -18.932631486290184 -9.086639719610357 -474.9845423044604 1087 1091 -1
1090 -34.542956037929535 0.5510707792028093 -415.63031161043097 1088 1092 -1
1091 -18.861521760990936 -9.069171064835166 -475.15392527084356 1089 1093 -1
1092 -34.69465580117476 0.6401794737855545 -415.50246292649217 1090 1094 -1
1093 -18.789989835412 -9.052883982662774 -475.3232481822246 1091 1095 -1
1094 -34.846789138628495 0.7295187722098462 -415.375292113943 1092 1096 -1
1095 -18.718042770427246 -9.03779562727295 -475.4925062456481 1093 1097 -1
1096 -34.999283386545066 0.8190937251302001 -415.2487207003962 1094 1098 -1
1097 -18.64568863078214 -9.023920633261376 -475.6616945762539 1095 1099 -1
1098 -35.152068031742445 0.9089100385072109 -415.12267157126007 1096 1100 -1
1099 -18.572933888091267 -9.011278935002553 -475.83080773371216 1097 1101 -1
1100 -35.305074322199964 0.9989740266592272 -414.99706877509715 1098 1102 -1
1101 -18.5 -9.0 -476.0 1099 -1 -1
1102 -35.45823504710159 1.0892930387716062 -414.8718378531147 1100 1103 -1
1103 -35.61148348496502 1.179874228211241 -414.74690393492597 1102 1104 -1
1104 -35.76475386453769 1.270725365346401 -414.62219313495785 1103 1105 -1
1105 -35.91798083242958 1.3618548358195688 -414.49763215045675 1104 1106 -1
1106 -36.07109902256807 1.4532714762651944 -414.37314785441095 1105 1107 -1
1107 -36.22404271076823 1.5449845521154932 -414.24866709304075 1106 1108 -1
1108 -36.37674546633996 1.6370037362234193 -414.12411648329663 1107 1109 -1
1109 -36.529139102962475 1.7293396873019413 -413.9994218079464 1108 1110 -1
1110 -36.68115518601775 1.8220022300937306 -413.8745087743795 1109 1111 -1
1111 -36.832723112666585 1.9150020562262517 -413.74930219286307 1110 1112 -1
1112 -36.983770060541495 2.0083502094290737 -413.62372583533664 1111 1113 -1
1113 -37.134220623578564 2.1020580076041084 -413.49770225945434 1112 1114 -1
1114 -37.2839963826132 2.1961370034095933 -413.3711526157634 1113 1115 -1
1115 -37.43301545099971 2.2905989369345847 -413.24399645973233 1114 1116 -1
1116 -37.581191991792615 2.385455678570431 -413.1161515704118 1115 1117 -1
1117 -37.728435702983234 2.480719159922152 -412.987533778012 1116 1118 -1
1118 -37.87465126727978 2.5764012902978286 -412.85805680328406 1117 1119 -1
1119 -38.019737762974756 2.6725138559651236 -412.7276321123166 1118 1120 -1
1120 -38.16358436194604 2.769069632835656 -412.5961657128896 1119 1121 -1
1121 -38.30607846446855 2.8660790883747955 -412.46356548177766 1120 1122 -1
1122 -38.44709850558092 2.9635526579579894 -412.32973565585775 1121 1123 -1
1123 -38.586510608998545 3.061501108360001 -412.19457471478484 1122 1124 -1
1124 -38.72416996875685 3.159934379488909 -412.0579773733005 1123 1125 -1
1125 -38.85993099663458 3.258858327559393 -411.91984351205684 1124 1126 -1
1126 -38.99368758044223 3.3582578851441975 -411.7801049570778 1125 1127 -1
1127 -39.12544083398458 3.4580793512522057 -411.638773020941 1126 1128 -1
1128 -39.255196623021256 3.5582661283983312 -411.4958603673507 1127 1129 -1
1129 -39.38296279783083 3.658759770689871 -411.35137913265544 1128 1130 -1
1130 -39.508765987589825 3.7594979969562727 -411.2053538981467 1129 1131 -1
1131 -39.632633077450286 3.860417986693191 -411.0578068894716 1130 1132 -1
1132 -39.754598383785826 3.9614554534295645 -410.90876347931925 1131 1133 -1
1133 -39.87470355889694 4.062545045192253 -410.75825198126023 1132 1134 -1
1134 -39.992997417211754 4.16362074446239 -410.60630342996353 1133 1135 -1
1135 -40.10953568612929 4.264616261783375 -410.4529513526273 1134 1136 -1
1136 -40.224380686052946 4.365465417700395 -410.29823153625193 1135 1137 -1
1137 -40.33760094537491 4.466102508356506 -410.1421817950358 1136 1138 -1
1138 -40.449270757167476 4.566462650802205 -409.98484174169687 1137 1139 -1
1139 -40.55946968509664 4.666482104857978 -409.82625256595304 1138 1140 -1
1140 -40.668282026598575 4.766098569169977 -409.66645682276214 1139 1141 -1
1141 -40.77579624165012 4.865251449881125 -409.50549823225674 1140 1142 -1
1142 -40.882104355543426 4.963882101080157 -409.34342149264313 1141 1143 -1
1143 -40.98730134395909 5.061934036862311 -409.1802721066936 1142 1144 -1
1144 -41.09148450835328 5.159353115423235 -409.016096221869 1143 1145 -1
1145 -41.19475284925944 5.256087696098837 -408.8509404835836 1144 1146 -1
1146 -41.297206444588355 5.352088770654813 -408.68485190068276 1145 1147 -1
1147 -41.39894583941952 5.447310070418701 -408.51787772185156 1146 1148 -1
1148 -41.500071453137416 5.541708151037259 -408.350065321412 1147 1149 -1
1149 -41.60068289096291 5.635242199994822 -408.181461881192 1148 1150 -1
1150 -41.700878180419856 5.727872961903136 -408.0121135647848 1149 1151 -1
1151 -41.80075493582902 5.819566924265547 -407.8420686869713 1150 1152 -1
1152 -41.90040781130236 5.910292301795867 -407.6713741563187 1151 1153 -1
1153 -42.0 6.0 -407.5 1152 1154 1155
1154 -42.17603975123542 5.9467533827251655 -407.3834196975294 1153 1156 -1
1155 -42.0078999615896 6.138875945932036 -407.35981597950547 1153 1157 -1
1156 -42.350674264547436 5.891449243701619 -407.26546941755583 1154 1158 -1
1157 -42.01496897851089 6.277131891822068 -407.2185638717966 1155 1159 -1
1158 -42.52368805485002 5.834096170465062 -407.14611763098304 1156 1160 -1
1159 -42.021271714562886 6.414734632720764 -407.07663923408137 1157 1161 -1
1160 -42.69501518935109 5.77466877746127 -407.0253560156698 1158 1162 -1
1161 -42.026836566097884 6.551679674521209 -406.93404913588597 1159 1163 -1
1162 -42.86458314565093 5.713137139759679 -406.90317375510165 1160 1164 -1
1163 -42.03169480583681 6.687965023410808 -406.7908026614638 1161 1165 -1
1164 -43.03232501030898 5.649481445058021 -406.77956743771466 1162 1166 -1
1165 -42.03588081082278 6.823591937652649 -406.6469114794881 1163 1167 -1
1166 -43.198167568417844 5.583677769931798 -406.6545314541406 1164 1168 -1
1167 -42.039425546521635 6.9585586367253764 -406.50238367324914 1165 1169 -1
1168 -43.36203642390146 5.515704350380071 -406.528062250277 1166 1170 -1
1169 -42.04235823313438 7.092861257993693 -406.35722489496214 1167 1171 -1
1170 -43.52385626684847 5.44554183543323 -406.40015848199033 1168 1172 -1
1171 -42.04471527330695 7.226503943333388 -406.2114478575861 1169 1173 -1
1172 -43.683551078653636 5.37317344167961 -406.2708210977009 1170 1174 -1
1173 -42.046529065754 7.359486814505419 -406.06506090307704 1171 1175 -1
1174 -43.84104435268035 5.298585100948062 -406.14005341097266 1172 1176 -1
1175 -42.047828659769074 7.491805426224355 -405.9180677938699 1173 1177 -1
1176 -43.996258490065316 5.221764801190596 -406.0078606569678 1174 1178 -1
1177 -42.048651219319666 7.623465925970682 -405.770481495425 1175 1179 -1
1178 -44.14911195036305 5.142699965194803 -405.87424834235884 1176 1180 -1
1179 -42.04902982238183 7.754469595621911 -405.62231003947096 1177 1181 -1
1180 -44.29952848981786 5.061386145976318 -405.73922771446775 1178 1182 -1
1181 -42.04899453817783 7.884812560624197 -405.47355655633663 1179 1183 -1
1182 -44.44742864413905 4.977818782852386 -405.6028105038916 1180 1184 -1
1183 -42.048582398041134 8.014502111645212 -405.3242336179032 1181 1185 -1
1184 -44.59273279858411 4.891996137443103 -405.46501076993223 1182 1186 -1
1185 -42.04782681000272 8.143540168962028 -405.1743486513682 1183 1187 -1
1186 -44.73536236113961 4.80392019175428 -405.3258454072484 1184 1188 -1
1187 -42.04675927909065 8.27192409892683 -405.02390489443866 1185 1189 -1
1188 -44.87524010245699 4.713596726657021 -405.1853341272716 1186 1190 -1
1189 -42.04541632913801 8.399661848625323 -404.8729142928801 1187 1191 -1
1190 -45.01229049866379 4.621035377547213 -405.04349941882157 1188 1192 -1
1191 -42.0438315058492 8.526755376796077 -404.7213833547611 1189 1193 -1
1192 -45.146440073597276 4.526249665931862 -404.90036648771786 1190 1194 -1
1193 -42.04203784496634 8.653204025198834 -404.56931617904576 1191 1195 -1
1194 -45.277614069341624 4.42925436789958 -404.7559616784274 1192 1196 -1
1195 -42.04007110673231 8.779015751026177 -404.41672375979226 1193 1197 -1
1196 -45.405744317938215 4.330071162370646 -404.61031565075626 1194 1198 -1
1197 -42.03796506966053 8.904192163872121 -404.2636115857714 1195 1199 -1
1198 -45.53076123971945 4.228722534816131 -404.4634598056586 1196 1200 -1
1199 -42.0357539535093 9.02873504318348 -404.1099851198793 1197 1201 -1
1200 -45.65260293443333 4.125237911875163 -404.31542963551533 1198 1202 -1
1201 -42.033472782064635 9.152651900265722 -403.9558542702881 1199 1203 -1
1202 -45.77120760091004 4.019648129848479 -404.16626153728936 1200 1204 -1
1203 -42.031155807996456 9.275943664366245 -403.8012234704324 1201 1205 -1
1204 -45.88651707013553 3.911987678272581 -404.0159939808699 1202 1206 -1
1205 -42.02883778919806 9.398614852705292 -403.6460999116132 1203 1207 -1
1206 -45.99847866086776 3.802295515410647 -403.8646678119434 1204 1208 -1
1207 -42.02655321642262 9.520672168029066 -403.4904923731679 1205 1209 -1
1208 -46.107044283236824 3.6906141217195643 -403.71232561149105 1206 1210 -1
1209 -42.02433717924532 9.642115605611002 -403.3344042731903 1207 1211 -1
1210 -46.21216848503433 3.576988118495193 -403.559010889107 1208 1212 -1
1211 -42.022224103120585 9.762952579319883 -403.1778447813582 1209 1213 -1
1212 -46.313813041222566 3.4614665767599972 -403.4047691207557 1210 1214 -1
1213 -42.0202483392282 9.883188499768936 -403.02082142329004 1211 1215 -1
1214 -46.411944222883164 3.3441010985592237 -403.24964664732096 1212 1216 -1
1215 -42.01844608075659 10.002822859477774 -402.8633371797196 1213 1217 -1
1216 -46.50653356554456 3.224945945681722 -403.093690620668 1214 1218 -1
1217 -42.01685056896999 10.121865390425064 -402.70540287720354 1215 1219 -1
1218 -46.597555237301506 3.1040565063977974 -402.93694819502167 1216 1220 -1
1219 -42.01549704687716 10.240318962626493 -402.54702411205955 1217 1221 -1
1220 -46.68499167011783 2.9814917768559774 -402.7794675403287 1218 1222 -1
1221 -42.01442129854062 10.358186195080098 -402.3882063820048 1219 1223 -1
1222 -46.768832225357315 2.857313236434508 -402.62129715531114 1220 1224 -1
1223 -42.013656254822514 10.475475318070586 -402.22895944041176 1221 1225 -1
1224 -46.84906412102071 2.7315806887585325 -402.4624840354743 1222 1226 -1
1225 -42.01323840804513 10.592187797211398 -402.0692881093282 1223 1227 -1
1226 -46.92569105992136 2.6043600299084027 -402.3030767774535 1224 1228 -1
1227 -42.0132019756015 10.708329246564276 -401.9092004089384 1225 1229 -1
1228 -46.998710123507664 2.4757132857380726 -402.1431214330273 1226 1230 -1
1229 -42.013580065582765 10.8239062997393 -401.74870520438265 1227 1231 -1
1230 -47.068135025265505 2.3457077920921043 -401.9826650177592 1228 1232 -1
1231 -42.01441089057046 10.938918989216376 -401.5878067947854 1229 1233 -1
1232 -47.13397226112485 2.214406783740942 -401.8217518829306 1230 1234 -1
1233 -42.01572589007084 11.053375703663193 -401.426515643754 1231 1235 -1
1234 -47.19624517528317 2.081878095054741 -401.6604267766668 1232 1236 -1
1235 -42.01755093984294 11.167280694022589 -401.2648393393689 1233 1237 -1
1236 -47.25497113903368 1.948185860188916 -401.49873188766696 1234 1238 -1
1237 -42.01989638834722 11.280635196750776 -401.10278329658183 1235 1239 -1
1238 -47.3101793458743 1.8133964607754747 -401.33670877320196 1236 1240 -1
1239 -42.02276291573542 11.393448035668934 -400.94035807847825 1237 1241 -1
1240 -47.36189838705254 1.6775742837888186 -401.1743969487608 1238 1242 -1
1241 -42.0261571004828 11.505721852870144 -400.7775699469724 1239 1243 -1
1242 -47.41016187739523 1.5407834444713133 -401.0118343947288 1240 1244 -1
1243 -42.030084181915484 11.617460765698375 -400.614426146263 1241 1245 -1
1244 -47.45500849803897 1.4030875714300313 -400.8490574179308 1242 1246 -1
1245 -42.03454588143257 11.728672371161398 -400.45093614946836 1243 1247 -1
1246 -47.496475570139744 1.2645480807864196 -400.68610024226297 1244 1248 -1
1247 -42.03954985602421 11.839358439923814 -400.28710555936806 1245 1249 -1
1248 -47.53460997493381 1.125226823337508 -400.5229955562196 1246 1250 -1
1249 -42.04509884590919 11.949525568453081 -400.1229430790029 1247 1251 -1
1250 -47.56945265019715 0.9851823423332485 -400.359773778255 1248 1252 -1
1251 -42.05119556399409 12.059180285379286 -399.9584572678673 1249 1253 -1
1252 -47.60105622317058 0.8444737977740674 -400.19646373490656 1250 1254 -1
1253 -42.05784861424579 12.168323702117636 -399.7936532598651 1251 1255 -1
1254 -47.62946567985491 0.70315683878634 -400.0330920620997 1252 1256 -1
1255 -42.06505846966379 12.276964425649922 -399.6285408136113 1253 1257 -1
1256 -47.65473656440783 0.5612872098242866 -399.8696836607791 1254 1258 -1
1257 -42.07282901956046 12.385107857890521 -399.4631276123219 1255 1259 -1
1258 -47.676918751895066 0.41891770848195725 -399.70626143720347 1256 1260 -1
1259 -42.08116873760374 12.492755461315786 -399.297418971916 1257 1261 -1
1260 -47.696067673213285 0.27610017906801326 -399.54284647597564 1258 1262 -1
1261 -42.09007707022264 12.599916555755662 -399.1314248410328 1259 1263 -1
1262 -47.71223922962132 0.1328846039796171 -399.37945801015206 1260 1264 -1
1263 -42.09955894641645 12.7065956579641 -398.9651522492948 1261 1265 -1
1264 -47.72548565985427 -0.010681290618834945 -399.216113567516 1262 1266 -1
1265 -42.10962146166389 12.81279557916726 -398.7986072573907 1263 1267 -1
1266 -47.73586655172498 -0.1545506961080444 -399.0528288519915 1264 1268 -1
1267 -42.12026451249987 12.918525043684276 -398.6317992327527 1265 1269 -1
1268 -47.74343813027472 -0.2986790043479489 -398.88961794649225 1266 1270 -1
1269 -42.13149320034586 13.023788472396312 -398.46473505393703 1267 1271 -1
1270 -47.74825523019927 -0.44302339451894457 -398.7264933957294 1268 1272 -1
1271 -42.1433138185142 13.12858943410344 -398.2974211447425 1269 1273 -1
1272 -47.750375553837145 -0.5875424727746495 -398.5634661243087 1270 1274 -1
1273 -42.15572643391843 13.232936322250826 -398.12986647812085 1271 1275 -1
1274 -47.74985632191979 -0.7321965506899982 -398.40054558143663 1272 1276 -1
1275 -42.16873594727754 13.33683374383821 -397.96207794405046 1273 1277 -1
1276 -47.74675372614013 -0.8769475906305295 -398.2377398372171 1274 1278 -1
1277 -42.182348563668405 13.440285412483282 -397.79406198405036 1275 1279 -1
1278 -47.741123630231115 -1.0217590988977796 -398.0750556223521 1276 1280 -1
1279 -42.19656417208316 13.543299668332546 -397.62582734753454 1277 1281 -1
1280 -47.73302146596429 -1.1665960788514045 -397.912498393459 1278 1282 -1
1281 -42.21138702856033 13.645881589999293 -397.45738107354174 1279 1283 -1
1282 -47.72250214043949 -1.3114249807626526 -397.75007239782843 1280 1284 -1
1283 -42.226824105128266 13.74803441548242 -397.2887293258076 1281 1285 -1
1284 -47.70961995410124 -1.4562136490714956 -397.58778073718634 1282 1286 -1
1285 -42.24287469421095 13.849766715208123 -397.11988077832405 1283 1287 -1
1286 -47.69442852888936 -1.6009312676560832 -397.4256254300835 1284 1288 -1
1287 -42.25954219502313 13.951084121200779 -396.9508426359734 1285 1289 -1
1288 -47.67698074591368 -1.745548303661679 -397.2636074726023 1286 1290 -1
1289 -42.27683443344386 14.051989382949353 -396.78162082026154 1287 1291 -1
1290 -47.65732869203636 -1.8900364503726301 -397.1017268971202 1288 1292 -1
1291 -42.29475052721589 14.15249098218353 -396.6122237801361 1289 1293 -1
1292 -47.635523614745786 -2.03436856955549 -396.93998282892363 1290 1294 -1
1293 -42.31329341221598 14.25259480002737 -396.44265873937275 1291 1295 -1
1294 -47.611615884715 -2.1785186336458375 -396.7783735405092 1292 1296 -1
1295 -42.332469051794305 14.352304835115124 -396.27293213409746 1293 1297 -1
1296 -47.58565496545108 -2.322461668100089 -396.6168965034508 1294 1298 -1
1297 -42.35227968753417 14.451627422292137 -396.10305135661457 1295 1299 -1
1298 -47.55768838217946 -2.4661735632505843 -396.45554850210067 1296 1300 -1
1299 -42.372726502044706 14.550569454658717 -395.93302395267466 1297 1301 -1
1300 -47.527763699688634 -2.6096312314924632 -396.29432555013176 1298 1302 -1
1301 -42.39381290530397 14.649136432746374 -395.76285688128763 1299 1303 -1
1302 -47.49592842748594 -2.75281261138363 -396.1332229420421 1300 1304 -1
1303 -42.41554482813832 14.747332032138045 -395.59255636447045 1301 1305 -1
1304 -47.462228146195585 -2.8956963550914763 -395.97223541431543 1302 1306 -1
1305 -42.43790772259774 14.845165174433959 -395.42212897025735 1303 1307 -1
1306 -47.426705187622574 -3.0382614508842805 -395.811357253987 1304 1308 -1
1307 -42.46088089852661 14.942642999852554 -395.25157918460025 1305 1309 -1
1308 -47.38940565979481 -3.180488439655996 -395.6505819168656 1306 1310 -1
1309 -42.484444822066756 15.0397719296224 -395.0809109724482 1307 1311 -1
1310 -47.35037132417456 -3.3223579330428823 -395.48990254782376 1308 1312 -1
1311 -42.508579497947316 15.13655876387298 -394.9101282028203 1309 1313 -1
1312 -47.30964313646733 -3.4638511343939253 -395.32931179128616 1310 1314 -1
1313 -42.53326174120524 15.23301238094642 -394.7392352054157 1311 1315 -1
1314 -47.26726364237081 -3.6049504114717243 -395.1688017119682 1312 1316 -1
1315 -42.55847097852844 15.32914025061731 -394.5682356153798 1313 1317 -1
1316 -47.223270053062485 -3.7456375706169824 -395.00836415424624 1314 1318 -1
1317 -42.58418790968423 15.424949164295644 -394.39713264297677 1315 1319 -1
1318 -47.17770431813024 -3.885896349958554 -394.8479903088056 1316 1320 -1
1319 -42.61039268208217 15.520446352733304 -394.22592944681224 1317 1321 -1
1320 -47.13060137335733 -4.0257092456438786 -394.6876712300281 1318 1322 -1
1321 -42.63706311732334 15.615640684401493 -394.0546295167783 1319 1323 -1
1322 -47.08200140172506 -4.165060915235384 -394.52739739256737 1320 1324 -1
1323 -42.664179097070736 15.710539851624326 -393.88323578052695 1321 1325 -1
1324 -47.0319381084951 -4.303934642265123 -394.3671591004031 1322 1326 -1
1325 -42.691720827323834 15.805151443593386 -393.7117509605484 1323 1327 -1
1326 -46.98044913957565 -4.442315559310655 -394.2069462099278 1324 1328 -1
1327 -42.719670186720535 15.899481976513739 -393.54017727569544 1325 1329 -1
1328 -46.92756789676835 -4.580187909414098 -394.0467483367884 1326 1330 -1
1329 -42.748005145546436 15.993540779908628 -393.36851767607726 1327 1331 -1
1330 -46.87332880526048 -4.717536796191822 -393.8865547676698 1328 1332 -1
1331 -42.77670603024868 16.087335694526907 -393.19677449198844 1329 1333 -1
1332 -46.8177656691291 -4.854347615127114 -393.72635451933223 1330 1334 -1
1333 -42.80575327279861 16.180874588745706 -393.02494992180993 1331 1335 -1
1334 -46.76090929703185 -4.990604958315556 -393.56613630332527 1332 1336 -1
1335 -42.83512808876655 16.274164823901714 -392.85304586747645 1333 1337 -1
1336 -46.7027933018988 -5.126295054345521 -393.4058886168416 1334 1338 -1
1337 -42.86481122698943 16.36721417425388 -392.6810642330513 1335 1339 -1
1338 -46.6434479149081 -5.261403050439497 -393.2455996535608 1336 1340 -1
1339 -42.894782412790896 16.460031340789328 -392.50900710450486 1337 1341 -1
1340 -46.5829033572472 -5.395914407919238 -393.0852573547236 1338 1342 -1
1341 -42.92502248457674 16.55262426640583 -392.3368762146221 1339 1343 -1
1342 -46.5211904829025 -5.529815279720489 -392.9248494888588 1340 1344 -1
1343 -42.955512374044694 16.645000905493244 -392.1646731961119 1341 1345 -1
1344 -46.45833751585567 -5.6630907532126145 -392.7643634689345 1342 1346 -1
1345 -42.98623339502109 16.737168945400157 -391.9923994925673 1343 1347 -1
1346 -46.394373490653706 -5.795726605262149 -392.6037865488246 1344 1348 -1
1347 -43.01716697595751 16.82913599498458 -391.8200564221867 1345 1349 -1
1348 -46.3293271920226 -5.927708770943044 -392.44310579864185 1346 1350 -1
1349 -43.04829351104319 16.92091075221876 -391.64764559885236 1347 1351 -1
1350 -46.263225193671275 -6.059022042295341 -392.2823078812936 1348 1352 -1
1351 -43.07959427975357 17.012501189251687 -391.4751683140885 1349 1353 -1
1352 -46.19609525074588 -6.189652117912776 -392.12137940040134 1350 1354 -1
1353 -43.11105063857223 17.103915277326784 -391.3026257893718 1351 1355 -1
1354 -46.12796451852075 -6.3195845152704235 -391.9603067459277 1352 1356 -1
1355 -43.142644017443644 17.19516098466226 -391.13001918190855 1353 1357 -1
1356 -46.05885809713929 -6.448803389140882 -391.7990758186195 1354 1358 -1
1357 -43.17435618266975 17.286245869015083 -390.95734942572295 1355 1359 -1
1358 -45.98880276857336 -6.577294189080962 -391.6376726174105 1356 1360 -1
1359 -43.20616847590429 17.37717809158564 -390.7846176346463 1357 1361 -1
1360 -45.91782423004174 -6.705041657873513 -391.47608282370027 1358 1362 -1
1361 -43.23806232455062 17.467965876135015 -390.61182491561675 1359 1363 -1
1362 -45.84594636371283 -6.832029000234297 -391.31429154279624 1360 1364 -1
1363 -43.270019419665836 17.558617157557837 -390.438972224616 1361 1365 -1
1364 -45.77319537232656 -6.958241356127263 -391.15228423931427 1362 1366 -1
1365 -43.30202150680493 17.649139858525746 -390.2660604814923 1363 1367 -1
1366 -45.69959511809201 -7.083661766798663 -390.990045662025 1364 1368 -1
1367 -43.33405038214775 17.739541887865812 -390.09309057541395 1365 1369 -1
1368 -45.62516985210882 -7.208273449559615 -390.8275604585694 1366 1370 -1
1369 -43.366087877085945 17.829831010749885 -389.920063301278 1367 1371 -1
1370 -45.5499442051331 -7.33205987369392 -390.6648132414577 1368 1372 -1
1371 -43.39811577193341 17.920014985700636 -389.74697942245285 1369 1373 -1
1372 -45.47394095109389 -7.455002316220753 -390.5017878003306 1370 1374 -1
1373 -43.43011597151612 18.01010198210512 -389.57383992718303 1371 1375 -1
1374 -45.397185065762734 -7.577084190423084 -390.33846853339645 1372 1376 -1
1375 -43.46207043843814 18.100099836651502 -389.4006456353953 1373 1377 -1
1376 -45.31969867459372 -7.6982852902223575 -390.17483850950407 1374 1378 -1
1377 -43.49396116626021 18.19001636485199 -389.22739736314026 1375 1379 -1
1378 -45.24150661095435 -7.818588273296734 -390.0108817330721 1376 1380 -1
1379 -43.525770175661314 18.279859359664837 -389.0540959278489 1377 1381 -1
1380 -45.16263081697962 -7.937971632175113 -389.8465806300337 1378 1382 -1
1381 -43.55747951063754 18.369636590133155 -388.8807421535698 1379 1383 -1
1382 -45.083095789681465 -8.056416713500814 -389.68191864351405 1380 1384 -1
1383 -43.58907106029202 18.459355735214235 -388.70733681095305 1381 1385 -1
1384 -45.00292399465925 -8.173901386966364 -389.5168778589295 1382 1386 -1
1385 -43.62052667619866 18.549024496347048 -388.5338807041146 1383 1387 -1
1386 -44.922139089554285 -8.290404500555562 -389.3514407210351 1384 1388 -1
1387 -43.65182873129066 18.63865069881277 -388.36037483041525 1385 1389 -1
1388 -44.8407646394391 -8.405904022243774 -389.1855893415906 1386 1390 -1
1389 -43.68295932729453 18.728242001362233 -388.1868200926196 1387 1391 -1
1390 -44.758823419927786 -8.520375510538647 -389.0193048486667 1388 1392 -1
1391 -43.713900570921574 18.817806032118977 -388.0132174261967 1389 1393 -1
1392 -44.67633955096824 -8.633795833509515 -388.85256896450215 1390 1394 -1
1393 -43.74463457048124 18.907350387190824 -387.8395678045112 1391 1395 -1
1394 -44.59333680122534 -8.746140075700648 -388.68536273217546 1392 1396 -1
1395 -43.77514343259363 18.996882629255502 -387.6658722440175 1393 1397 -1
1396 -44.50983909028423 -8.857382221321535 -388.5176668085844 1394 1398 -1
1397 -43.80540925901072 19.086410286115925 -387.4921318094606 1395 1399 -1
1398 -44.425870529854286 -8.9674950285151 -388.34946142334087 1396 1400 -1
1399 -43.83541336899027 19.175940877758315 -387.3183475006599 1397 1401 -1
1400 -44.34145568107864 -9.076450472673974 -388.1807266018967 1398 1402 -1
1401 -43.86513833866862 19.265481880485 -387.1445205940904 1399 1403 -1
1402 -44.25661959311554 -9.184219791353028 -388.01144222210553 1400 1404 -1
1403 -43.89456640438927 19.355040705761787 -386.97065235915716 1401 1405 -1
1404 -44.17138757912653 -9.290772680559405 -387.84158767242894 1402 1406 -1
1405 -43.92367961918323 19.444624725911453 -386.79674410657617 1403 1407 -1
1406 -44.08578542721234 -9.39607761721445 -387.6711420290032 1404 1408 -1
1407 -43.95246001712758 19.53424127053672 -386.62279722159997 1405 1409 -1
1408 -44.0 -9.5 -387.5 1406 -1 -1
1409 -43.980889611021695 19.623897624773665 -386.4488131692991 1407 1410 -1
1410 -44.00895039023942 19.713601027477786 -386.2747934998615 1409 1411 -1
1411 -44.036624318766826 19.803358669337996 -386.1007398539101 1410 1412 -1
1412 -44.06389209166835 19.893177891751193 -385.9266538784327 1411 1413 -1
1413 -44.09073658880421 19.983065651096585 -385.75253750080736 1412 1414 -1
1414 -44.11713984162123 20.073028957576668 -385.5783926783199 1413 1415 -1
1415 -44.143083696252496 20.163074788243705 -385.4042214679541 1414 1416 -1
1416 -44.16854996674123 20.253210061315816 -385.23002604405883 1415 1417 -1
1417 -44.19352043443386 20.343441633763668 -385.05580870376224 1416 1418 -1
1418 -44.217976847636926 20.433776298797397 -384.88157187239466 1417 1419 -1
1419 -44.2419009215495 20.524220783250232 -384.70731810891726 1418 1420 -1
1420 -44.265272772113654 20.614782083551322 -384.5330500798432 1419 1421 -1
1421 -44.288075183418584 20.705466555388146 -384.3587706705032 1420 1422 -1
1422 -44.31029008329284 20.796280643457866 -384.18448288284554 1421 1423 -1
1423 -44.33189905899929 20.887230780122337 -384.01018986619374 1422 1424 -1
1424 -44.35288366899018 20.978323316594743 -383.8358949306428 1423 1425 -1
1425 -44.373225444768224 21.069564519648477 -383.66160155241295 1424 1426 -1
1426 -44.3929058931101 21.16096056820954 -383.4873133791664 1425 1427 -1
1427 -44.41190649866464 21.252517549831957 -383.31303423527777 1426 1428 -1
1428 -44.43020671263443 21.344241942588695 -383.1387681752715 1427 1429 -1
1429 -44.44778949043383 21.436139285306577 -382.9645193803083 1428 1430 -1
1430 -44.46463665318167 21.52821527644483 -382.7902922307087 1429 1431 -1
1431 -44.480729631306474 21.620475599331773 -382.61609131113363 1430 1432 -1
1432 -44.496049852392524 21.712925826466805 -382.44192140830035 1431 1433 -1
1433 -44.51057874630194 21.805571415309476 -382.26778751573875 1432 1434 -1
1434 -44.52429775075268 21.898417703963194 -382.0936948384153 1433 1435 -1
1435 -44.53718831736292 21.991469906759107 -381.9196487972094 1434 1436 -1
1436 -44.54923003434361 22.084731306700434 -381.7456539411042 1435 1437 -1
1437 -44.56041269273882 22.178187980926758 -381.5717065431784 1436 1438 -1
1438 -44.57072582419587 22.271820252787453 -381.3977998620042 1437 1439 -1
1439 -44.58015855319639 22.365608472873298 -381.22392724085586 1438 1440 -1
1440 -44.58869980225912 22.45953296628085 -381.0500821076449 1439 1441 -1
1441 -44.59633828767221 22.553574017293798 -380.8762579800413 1440 1442 -1
1442 -44.603062515397454 22.64771185407465 -380.7024484708019 1441 1443 -1
1443 -44.608860204197846 22.741926668200488 -380.5286472946406 1442 1444 -1
1444 -44.613717121564044 22.83619858376908 -380.3548482514038 1443 1445 -1
1445 -44.61762384702567 22.93050733802973 -380.1810452494036 1444 1446 -1
1446 -44.62056799640858 23.024832776429076 -380.007232340096 1445 1447 -1
1447 -44.62253695747983 23.11915461101762 -379.83340370059364 1446 1448 -1
1448 -44.623517887210156 23.21345240516866 -379.6595536407542 1447 1449 -1
1449 -44.62349770933157 23.307705558306647 -379.48567661063987 1448 1450 -1
1450 -44.62246180844699 23.401893181178394 -379.3117671606629 1449 1451 -1
1451 -44.6203947731302 23.495994034906257 -379.1378199523565 1450 1452 -1
1452 -44.617285743333426 23.589987116355637 -378.9638299996206 1451 1453 -1
1453 -44.613120678236434 23.683851005892386 -378.7897923965398 1452 1454 -1
1454 -44.60788529666679 23.777564043105013 -378.6157024212649 1453 1455 -1
1455 -44.60156507703185 23.871104311756255 -378.4415555462132 1454 1456 -1
1456 -44.5941422885595 23.964449046222985 -378.2673472748039 1455 1457 -1
1457 -44.58560206698619 24.05757565116749 -378.09307348615795 1456 1458 -1
1458 -44.57593168250281 24.150461786621992 -377.9187304442525 1457 1459 -1
1459 -44.56511564678554 24.243084348705068 -377.7443145133411 1458 1460 -1
1460 -44.55313823916894 24.335419903380952 -377.5698223117068 1459 1461 -1
1461 -44.53997887515499 24.42744337296367 -377.39525040607106 1460 1462 -1
1462 -44.52562339706266 24.51913099699627 -377.2205960899433 1461 1463 -1
1463 -44.51005763139649 24.610458838391356 -377.0458569829335 1462 1464 -1
1464 -44.49326495778611 24.701401983867893 -376.8710308672401 1463 1465 -1
1465 -44.47522460089362 24.791933757307028 -376.696115571371 1464 1466 -1
1466 -44.45591881652405 24.88202799556416 -376.52110950267786 1465 1467 -1
1467 -44.43533460469248 24.971659925324698 -376.34601179273034 1466 1468 -1
1468 -44.41345456314909 25.060802943928934 -376.17082165464103 1467 1469 -1
1469 -44.39025346948417 25.149426881282217 -375.9955381703725 1468 1470 -1
1470 -44.365718692739584 25.237506047285887 -375.8201617549929 1469 1471 -1
1471 -44.339834426183394 25.3250132610652 -375.64469304546185 1470 1472 -1
1472 -44.31257749440717 25.41191770443153 -375.46913266126563 1471 1473 -1
1473 -44.283928686987096 25.498189686822343 -375.2934820080481 1472 1474 -1
1474 -44.25387557169167 25.583802283095224 -375.11774343464634 1473 1475 -1
1475 -44.222394374122054 25.66872279000484 -374.94191912216854 1474 1476 -1
1476 -44.18946498937164 25.75291960224663 -374.7660120758476 1475 1477 -1
1477 -44.15507585848652 25.836365035817884 -374.5900263499429 1476 1478 -1
1478 -44.11919968908529 25.919022743136352 -374.4139657792149 1477 1479 -1
1479 -44.081821879242376 26.000862438230936 -374.23783550971586 1478 1480 -1
1480 -44.04292832853351 26.08185379763821 -374.061641311421 1479 1481 -1
1481 -44.002486980947964 26.161955624221548 -373.8853889675061 1480 1482 -1
1482 -43.96049385293832 26.241142297067427 -373.7090860250163 1481 1483 -1
1483 -43.91692167671527 26.31937402228334 -373.53273996604617 1482 1484 -1
1484 -43.87175512053178 26.396617441385363 -373.35635942925956 1483 1485 -1
1485 -43.82497922399323 26.4728389485391 -373.1799537999123 1484 1486 -1
1486 -43.77656791964053 26.54799709159708 -373.00353317657255 1485 1487 -1
1487 -43.72651703719235 26.622064123891814 -372.827108650666 1486 1488 -1
1488 -43.67479232404963 26.69499148368025 -372.650692178329 1487 1489 -1
1489 -43.621395660364506 26.76675455327616 -372.4742964258038 1488 1490 -1
1490 -43.56629496203329 26.837304427537344 -372.29793537962024 1489 1491 -1
1491 -43.50948912834636 26.906613502974558 -372.1216233647532 1490 1492 -1
1492 -43.4509508083676 26.97463439239479 -371.94537641594155 1491 1493 -1
1493 -43.39067752897917 27.041337462338674 -371.7692106315698 1492 1494 -1
1494 -43.32864510822282 27.10667585649352 -371.5931441397357 1493 1495 -1
1495 -43.264851939168246 27.170619507667546 -371.4171948103918 1494 1496 -1
1496 -43.19927541014251 27.23312093591037 -371.24138297795275 1495 1497 -1
1497 -43.13191676693723 27.294151252109373 -371.0657281645479 1496 1498 -1
1498 -43.06275367680647 27.35366130111138 -370.8902530795313 1497 1499 -1
1499 -42.99179188623522 27.411624903160906 -370.7149786665096 1498 1500 -1
1500 -42.919008433240926 27.46799038167454 -370.5399302109373 1499 1501 -1
1501 -42.84441478638888 27.522735605116665 -370.3651297558337 1500 1502 -1
1502 -42.76798690302278 27.575805849518343 -370.19060535906686 1501 1503 -1
1503 -42.689741397486955 27.62718283030311 -370.0163800157728 1502 1504 -1
1504 -42.609657074386014 27.676812359086217 -369.84248400437235 1503 1505 -1
1505 -42.52775164760688 27.724676493824163 -369.6689417275453 1504 1506 -1
1506 -42.44400963067473 27.77072450959404 -369.4957850333548 1505 1507 -1
1507 -42.35844897430673 27.814938045240144 -369.32303981979936 1506 1508 -1
1508 -42.27105967406424 27.85726998020015 -369.15073926881536 1507 1509 -1
1509 -42.18186142466619 27.89770313588346 -368.97891033546125 1508 1510 -1
1510 -42.09084816870313 27.936192774563313 -368.8075876084883 1509 1511 -1
1511 -41.99804350281006 27.972725416641723 -368.63679828428934 1510 1512 -1
1512 -41.90344303016833 28.00725649767917 -368.4665787776642 1511 1513 -1
1513 -41.80707751172175 28.039780105089235 -368.2969550007358 1512 1514 -1
1514 -41.708961699696125 28.07026666290642 -368.1279573767379 1513 1515 -1
1515 -41.60916713070237 28.098747711784537 -367.95959400816105 1514 1516 -1
1516 -41.507735361551084 28.12522043679 -367.7918824708014 1515 1517 -1
1517 -41.40472665594175 28.149706172903397 -367.62483147194536 1516 1518 -1
1518 -41.30019337082177 28.172218237791252 -367.45845117358886 1517 1519 -1
1519 -41.19418066382422 28.1927617371207 -367.29275358688665 1518 1520 -1
1520 -41.08674912174253 28.211364078950826 -367.12774191868 1519 1521 -1
1521 -40.97794068369255 28.228028844789158 -366.96342678501816 1520 1522 -1
1522 -40.867807070701616 28.24277457037256 -366.7998125650108 1521 1523 -1
1523 -40.756400283994466 28.255622301000543 -366.6369017161523 1522 1524 -1
1524 -40.64376093309437 28.266577471518644 -366.4747016518086 1523 1525 -1
1525 -40.52993768979914 28.275659154445663 -366.31321388708614 1524 1526 -1
1526 -40.41497871022989 28.282887706636803 -366.15243858106146 1525 1527 -1
1527 -40.29892655014344 28.2882761054252 -365.9923779543541 1526 1528 -1
1528 -40.181819571984384 28.29183120831145 -365.83303596106583 1527 1529 -1
1529 -40.063705845928276 28.293578454030573 -365.6744085717122 1528 1530 -1
1530 -39.94462623677181 28.29353258717359 -365.51649526926315 1529 1531 -1
1531 -39.82462071822559 28.291708255714095 -365.3592949624823 1530 1532 -1
1532 -39.70372492485812 28.288112855958733 -365.202808916397 1531 1533 -1
1533 -39.58198030071578 28.282766853267827 -365.0470325714813 1532 1534 -1
1534 -39.45942505273557 28.275686182271592 -364.89196264584814 1533 1535 -1
1535 -39.33609567125389 28.266884827656067 -364.7375961481996 1534 1536 -1
1536 -39.21202782803571 28.256376556845535 -364.58392970592314 1535 1537 -1
1537 -39.087256394978546 28.24417490240103 -364.43095959827326 1536 1538 -1
1538 -38.961815084867524 28.23029215309092 -364.27868219779987 1537 1539 -1
1539 -38.83573643538436 28.21473901519335 -364.1270941364133 1538 1540 -1
1540 -38.709054569405126 28.197532147597716 -363.9761892136983 1539 1541 -1
1541 -38.581801328035766 28.17868398585818 -363.82596262043245 1540 1542 -1
1542 -38.454007859804 28.158206667752708 -363.6764093423066 1541 1543 -1
1543 -38.325704643393415 28.136112025082852 -363.52752418381647 1542 1544 -1
1544 -38.19692151063916 28.112411576677957 -363.37930179078575 1543 1545 -1
1545 -38.067687669699296 28.087116522516855 -363.23173667157437 1544 1546 -1
1546 -37.93803172832485 28.060237738884656 -363.084823217025 1545 1547 -1
1547 -37.80798171716021 28.031785774486533 -362.93855571920307 1546 1548 -1
1548 -37.67756511301317 28.001770847444792 -362.79292838898607 1547 1549 -1
1549 -37.5468088620414 27.97020284311025 -362.6479353725566 1548 1550 -1
1550 -37.415739402809315 27.93709131262296 -362.50357076685486 1549 1551 -1
1551 -37.28438268917524 27.902445472162 -362.3598286340438 1550 1552 -1
1552 -37.152764212973494 27.866274202827718 -362.2167030150412 1551 1553 -1
1553 -37.02090902646376 27.828586051104526 -362.0741879421698 1552 1554 -1
1554 -36.888841764521324 27.789389229855605 -361.93227745097744 1553 1555 -1
1555 -36.75658666654938 27.748691619805342 -361.79096559127566 1554 1556 -1
1556 -36.62416734617616 27.70649809976207 -361.6502474924142 1555 1557 -1
1557 -36.49160751736647 27.662816865323986 -361.51011686360874 1556 1558 -1
1558 -36.35893052580642 27.617656166363233 -361.37056731653473 1557 1559 -1
1559 -36.226159258313125 27.57102259046991 -361.2315930464543 1558 1560 -1
1560 -36.09331631037096 27.522922406208007 -361.0931883082166 1559 1561 -1
1561 -35.96042400616897 27.473361566793816 -360.95534742358296 1560 1562 -1
1562 -35.827504418302354 27.422345714045974 -360.8180647880704 1561 1563 -1
1563 -35.69457938713953 27.369880182588055 -360.68133487734843 1562 1564 -1
1564 -35.56167065745402 27.315965564959562 -360.5451539237957 1563 1565 -1
1565 -35.4287997813781 27.26060862087724 -360.40951578957953 1564 1566 -1
1566 -35.295988002746654 27.203815952324742 -360.2744144039723 1565 1567 -1
1567 -35.163256430764406 27.145591721741834 -360.13984461350765 1566 1568 -1
1568 -35.030626033797226 27.085939808464417 -360.0058013716782 1567 1569 -1
1569 -34.89811765682645 27.024863814185515 -359.8722797433403 1568 1570 -1
1570 -34.765752854925665 26.96236001999423 -359.7392774542939 1569 1571 -1
1571 -34.633551831747724 26.898437357260814 -359.6067876455172 1570 1572 -1
1572 -34.50153507316161 26.833099619897244 -359.4748053787031 1571 1573 -1
1573 -34.36972310669925 26.766349366237225 -359.34332619976664 1572 1574 -1
1574 -34.23813641890563 26.698188906878872 -359.2123457853014 1573 1575 -1
1575 -34.1067969788687 26.62861237147079 -359.0818627145041 1574 1576 -1
1576 -33.97572420980957 26.557628388281653 -358.95187052417265 1575 1577 -1
1577 -33.844938400620656 26.485239568611373 -358.82236495011216 1576 1578 -1
1578 -33.71446003381518 26.41144730821177 -358.69334222142527 1577 1579 -1
1579 -33.58431037437508 26.336249786481726 -358.5647997334929 1578 1580 -1
1580 -33.454511076203765 26.259644396513707 -358.4367351999589 1579 1581 -1
1581 -33.32508126080486 26.1816383996359 -358.3091430848617 1580 1582 -1
1582 -33.196041638075755 26.102232394820774 -358.182020220486 1581 1583 -1
1583 -33.067413008061344 26.021426800129472 -358.05536359776704 1582 1584 -1
1584 -32.939219435938426 25.93921211655911 -357.92917357667443 1583 1585 -1
1585 -32.8114791802691 25.855597898826787 -357.8034443189004 1584 1586 -1
1586 -32.68421333104874 25.770584284006496 -357.6781732419948 1585 1587 -1
1587 -32.55744318152434 25.684171064393063 -357.5533580003378 1586 1588 -1
1588 -32.43119321117137 25.596350028118557 -357.42899895932214 1587 1589 -1
1589 -32.30548318722829 25.507126251125076 -357.30509230909473 1588 1590 -1
1590 -32.180334054873136 25.41650145042714 -357.18163549234885 1589 1591 -1
1591 -32.0557677922093 25.32447495243871 -357.05862687597914 1590 1592 -1
1592 -31.931809448088178 25.231039576820834 -356.9360670491369 1591 1593 -1
1593 -31.808480526645038 25.136197064748213 -356.8139539163022 1592 1594 -1
1594 -31.685801983429872 25.039950339285408 -356.69228519436854 1593 1595 -1
1595 -31.563796651295025 24.94229844609709 -356.57106001379935 1594 1596 -1
1596 -31.442490102685095 24.843235501916947 -356.4502792406117 1595 1597 -1
1597 -31.321906117567526 24.742760083553993 -356.3299425260097 1596 1598 -1
1598 -31.202065635657405 24.640876481060133 -356.21004793507115 1597 1599 -1
1599 -31.08299248751544 24.537583674377235 -356.09059541511255 1598 1600 -1
1600 -30.964712428087953 24.432877799098385 -355.97158602356666 1599 1601 -1
1601 -30.84725253833014 24.326753605285848 -355.8530214818786 1600 1602 -1
1602 -30.730633434819257 24.219217383327443 -355.7349001300234 1601 1603 -1
1603 -30.61488005439116 24.110268296813633 -355.6172227867903 1602 1604 -1
1604 -30.5 24.0 -355.5 1603 -1 -1
