0 -77.0 -27.0 1437.0 -1 1 -1
1 -77.13408107983165 -26.87147112026169 1436.9111351463876 0 2 -1
2 -77.27158216435917 -26.745392029758804 1436.8245181518992 1 3 -1
3 -77.41244582016748 -26.621545807351723 1436.740110565001 2 4 -1
4 -77.55650239223488 -26.499912596969835 1436.6579019157869 3 5 -1
5 -77.70358066960601 -26.38046158930581 1436.577872269248 4 6 -1
6 -77.85352241135047 -26.263161769443194 1436.5000028995967 5 7 -1
7 -78.00616104459515 -26.147966180343015 1436.4242604067397 6 8 -1
8 -78.16133897299994 -26.03482484849694 1436.35060952838 7 9 -1
9 -78.31890590922343 -25.923684230588144 1436.27901254028 8 10 -1
10 -78.47871626545576 -25.8144855308049 1436.2094274427734 9 11 -1
11 -78.64062661395059 -25.707162657697715 1436.1418056361713 10 12 -1
12 -78.80450246146162 -25.601648610089786 1436.0760984097974 11 13 -1
13 -78.97021538164307 -25.497873585477837 1436.012254883662 12 14 -1
14 -79.13764305943725 -25.395765553646033 1435.9502224895912 13 15 -1
15 -79.3066692598425 -25.29525077770856 1435.8899474076586 14 16 -1
16 -79.47718373366853 -25.196254281856184 1435.8313749576098 15 17 -1
17 -79.64908207190761 -25.098700266385435 1435.7744499460093 16 18 -1
18 -79.8222655192447 -25.002512471607897 1435.7191169706743 17 19 -1
19 -79.99664075605457 -24.90761449300454 1435.6653206845504 18 20 -1
20 -80.17212140563109 -24.81393200099877 1435.6130084698093 19 21 -1
21 -80.3486230155561 -24.721387709392104 1435.5621242061488 20 22 -1
22 -80.52606655547525 -24.629905647193667 1435.5126132693015 21 23 -1
23 -80.7043791356685 -24.539412506801632 1435.4644244518704 22 24 -1
24 -80.88349067367973 -24.449834295837885 1435.4175056080398 23 25 -1
25 -81.06333372092007 -24.361096491433553 1435.3718034497733 24 26 -1
26 -81.24384779631232 -24.27312939423035 1435.327271538853 25 27 -1
27 -81.42497105539856 -24.185858904337735 1435.2838563049036 26 28 -1
28 -81.60664928371264 -24.099217121347685 1435.2415136559823 27 29 -1
29 -81.78882708195279 -24.013132594202798 1435.2001929679195 28 30 -1
30 -81.97145422841352 -23.927537767431595 1435.1598498943986 29 31 -1
31 -82.15448175958845 -23.842364799523974 1435.1204390386772 30 32 -1
32 -82.33786240908556 -23.757546353009257 1435.081914901617 31 33 -1
33 -82.52155191023857 -23.67301702234215 1435.044235835957 32 34 -1
34 -82.7055068014223 -23.588711299820332 1435.0073589424246 33 35 -1
35 -82.88968511519529 -23.504564497566232 1434.971241981571 34 36 -1
36 -83.07404650296232 -23.420512886497296 1434.935844475812 35 37 -1
37 -83.25855185698171 -23.336493284440863 1434.901127551585 36 38 -1
38 -83.44316267578229 -23.252442920727653 1434.8670516043326 37 39 -1
39 -83.62784137087888 -23.16829969414067 1434.8335779083864 38 40 -1
40 -83.81255109176035 -23.08400196515247 1434.800668861497 39 41 -1
41 -83.99725548336973 -22.999488484626085 1434.7682874787265 40 42 -1
42 -84.18191854616673 -22.91469834418438 1434.7363973533306 41 43 -1
43 -84.36650444832698 -22.8295707464 1434.704962808322 42 44 -1
44 -84.55097742197533 -22.744045161835068 1434.6739484912425 43 45 -1
45 -84.73530178760853 -22.65806166460081 1434.6433191851588 44 46 -1
46 -84.91944163391607 -22.57156023992939 1434.6130404144553 45 47 -1
47 -85.1033607769214 -22.484481050546844 1434.5830780789113 46 48 -1
48 -85.28702702553679 -22.396773814250675 1434.5533977095918 47 49 -1
49 -85.47041695381105 -22.308407851519302 1434.523963670906 48 50 -1
50 -85.65350787610204 -22.219354586961533 1434.4947404113063 49 51 -1
51 -85.8362765994368 -22.129584978531035 1434.465692584118 50 52 -1
52 -86.01869933942872 -22.039069480292127 1434.4367849789287 51 53 -1
53 -86.2007516341423 -21.94777800562566 1434.407982454057 52 54 -1
54 -86.38240789717871 -21.85567917900383 1434.379249899739 53 55 -1
55 -86.56364221329 -21.762742107133132 1434.3505520238134 54 56 -1
56 -86.74442760756381 -21.66893501053555 1434.3218534678183 55 57 -1
57 -86.92473596606298 -21.574225254861084 1434.2931186926069 56 58 -1
58 -87.10453801670566 -21.478579490819644 1434.2643118999326 57 59 -1
59 -87.28380322096247 -21.381963623843465 1434.2353969695926 58 60 -1
60 -87.46249938845996 -21.284342316008733 1434.206337315306 59 61 -1
61 -87.6405922288527 -21.185678454352672 1434.1770956543285 60 62 -1
62 -87.81804753431027 -21.085937054650948 1434.1476347244436 61 63 -1
63 -87.99482845823348 -20.985080739770968 1434.1179164706848 62 64 -1
64 -88.17089529740802 -20.883069762699577 1434.0879017857935 63 65 -1
65 -88.34620654280192 -20.779864013465396 1434.0575508939583 64 66 -1
66 -88.52072034243729 -20.675425419520078 1434.0268241486037 65 67 -1
67 -88.69438894429693 -20.56970965565515 1433.9956794112193 66 68 -1
68 -88.86716496562998 -20.462676049940384 1433.9640750860813 67 69 -1
69 -89.03899652539154 -20.354280509473575 1433.9319677774208 68 70 -1
70 -89.20982898836874 -20.24447849606258 1433.8993132028027 69 71 -1
71 -89.37960402938232 -20.133224063224006 1433.8660657553394 70 72 -1
72 -89.54826186152268 -20.020473171681697 1433.8321798765949 71 73 -1
73 -89.7157331985343 -19.90617350228684 1433.797605517156 72 74 -1
74 -89.88195167315307 -19.790281194153817 1433.7622954375042 73 75 -1
75 -90.04684280990696 -19.67274681019994 1433.7261989623623 74 76 -1
76 -90.2103273494802 -19.553520326327146 1433.6892640331844 75 77 -1
77 -90.3723201882139 -19.432550438237612 1433.6514367533828 76 78 -1
78 -90.53273249041322 -19.309787555633303 1433.612662854695 77 79 -1
79 -90.69146950078319 -19.18518175388939 1433.5728866060892 78 80 -1
80 -90.84842991291652 -19.058682759764448 1433.5320506713122 79 81 -1
81 -91.00350384867154 -18.930238657082526 1433.4900951818859 80 82 -1
82 -91.15657813890921 -18.799802013355432 1433.4469611601835 81 83 -1
83 -91.3075315938839 -18.667325601324 1433.4025880044928 82 84 -1
84 -91.4562359393895 -18.53276413659031 1433.3569143706425 83 85 -1
85 -91.6025482531178 -18.396068499155337 1433.3098742404898 84 86 -1
86 -91.74633034374241 -18.257203692079244 1433.2614083404812 85 87 -1
87 -91.88742350075523 -18.116127569239968 1433.2114502089964 86 88 -1
88 -92.0256724259227 -17.972811838105084 1433.159939992078 87 89 -1
89 -92.16089915329397 -17.827222165683477 1433.1068105871782 88 90 -1
90 -92.29293276169365 -17.679341829672094 1433.0520041153532 89 91 -1
91 -92.4215876282734 -17.5291557960392 1432.9954605792323 90 92 -1
92 -92.54667095941173 -17.376657333719855 1432.937122360425 91 93 -1
93 -92.66800256289352 -17.221861129348117 1432.8769420060603 92 94 -1
94 -92.78547555699788 -17.06483828306761 1432.814903298707 93 95 -1
95 -92.89900756392144 -16.905678654502168 1432.751000594945 94 96 -1
96 -93.00852165005055 -16.744477296369666 1432.6852311117084 95 97 -1
97 -93.11394813599196 -16.581334708547367 1432.6175955597876 96 98 -1
98 -93.21522430956234 -16.41635594161706 1432.548097783905 97 99 -1
99 -93.31229489235528 -16.249650105821996 1432.476744761029 98 100 -1
100 -93.40511230379612 -16.08132977724503 1432.4035465080585 99 101 -1
101 -93.49363685589212 -15.91151038338243 1432.3285159650607 100 102 -1
102 -93.57783609972914 -15.740309351049559 1432.2516685348198 101 103 -1
103 -93.65768195760607 -15.567844820230533 1432.1730207582236 102 104 -1
104 -93.7331641284857 -15.394238673607383 1432.0925956352687 103 105 -1
105 -93.80427520220816 -15.219611514566441 1432.0104162912082 104 106 -1
106 -93.87101558737058 -15.04408369575212 1431.926507909256 105 107 -1
107 -93.93339330346109 -14.867774755296075 1431.8408975241582 106 108 -1
108 -93.99141929157312 -14.690802325177449 1431.7536121292426 107 109 -1
109 -94.04512108392973 -14.51328361505596 1431.664683814478 108 110 -1
110 -94.09452796307608 -14.335332644278584 1431.574143960251 109 111 -1
111 -94.13967545675472 -14.15706071322803 1431.4820249366276 110 112 -1
112 -94.18060497833802 -13.978576050181807 1431.3883599248372 111 113 -1
113 -94.21736339540962 -13.799983496864943 1431.2931827274597 112 114 -1
114 -94.25000258455924 -13.62138424050422 1431.1965275887553 113 115 -1
115 -94.27857897851008 -13.442875591566148 1431.0984290264023 114 116 -1
116 -94.30315311124934 -13.264550805702683 1430.9989216755703 115 117 -1
117 -94.32378776924372 -13.086499077293084 1430.898039662481 116 118 -1
118 -94.34054599128906 -12.908805787354716 1430.7958159589712 117 119 -1
119 -94.35350226148879 -12.73155116687129 1430.692286263281 118 120 -1
120 -94.36272910140671 -12.554811373055584 1430.5874843906738 119 121 -1
121 -94.36828938858842 -12.378660328813936 1430.4814397825378 120 122 -1
122 -94.3702693270131 -12.203164195142767 1430.3741887088036 121 123 -1
123 -94.36873350259609 -12.028389146009893 1430.2657591339264 122 124 -1
124 -94.36376682621717 -11.85439343969991 1430.1561848862711 123 125 -1
125 -94.35543815141112 -11.681235155095758 1430.0454935327054 124 126 -1
126 -94.34382610006944 -11.50896646998748 1429.933715058477 125 127 -1
127 -94.32900823570078 -11.337636087093196 1429.8208783073665 126 128 -1
128 -94.31105924549202 -11.167290012355517 1429.7070104474965 127 129 -1
129 -94.29005363468757 -10.997970946783242 1429.5921379194394 128 130 -1
130 -94.26606554986606 -10.829718403812072 1429.4762864299855 129 131 -1
131 -94.23916861925522 -10.662568830262435 1429.3594809507333 130 132 -1
132 -94.20943580938676 -10.496555729556686 1429.241745720933 131 133 -1
133 -94.17693929731497 -10.331709786017493 1429.123104254028 132 134 -1
134 -94.14174927734707 -10.16805949230196 1429.0035789925587 133 135 -1
135 -94.10392978914783 -10.005633382341326 1428.8831899776549 134 136 -1
136 -94.06355603569376 -9.844451848528072 1428.7619605824677 135 137 -1
137 -94.02068815223419 -9.684539818102245 1428.6399089250763 136 138 -1
138 -93.97539976391182 -9.525913782025404 1428.5170557820113 137 139 -1
139 -93.92782475006649 -9.368581032157044 1428.3934060554345 138 140 -1
140 -93.8781774216312 -9.212524896944435 1428.268955556747 139 141 -1
141 -93.82665837401136 -9.057729272855589 1428.143693937049 140 142 -1
142 -93.77345764677992 -8.904177334292967 1428.0176070113343 141 143 -1
143 -93.7187619564916 -8.75184698090691 1427.890680587973 142 144 -1
144 -93.66274815548147 -8.60071638235943 1427.7628975428722 143 145 -1
145 -93.60558556070121 -8.45076344498285 1427.6342387000057 144 146 -1
146 -93.54743712581899 -8.301965759771365 1427.5046833844199 145 147 -1
147 -93.48845999594893 -8.15430094898007 1427.3742096469464 146 148 -1
148 -93.42880605422623 -8.007746963502912 1427.24279446642 147 149 -1
149 -93.36862236010255 -7.862282602436331 1427.1104136879596 148 150 -1
150 -93.30805159779021 -7.717888760069557 1426.977041139118 149 151 -1
151 -93.24723386864123 -7.574544266727652 1426.8426529038372 150 152 -1
152 -93.18630531303864 -7.432230575562099 1426.7072233552615 151 153 -1
153 -93.12539927989086 -7.2909304460148014 1426.570726589625 152 154 -1
154 -93.06464765770443 -7.150631138684212 1426.4331330665418 153 155 -1
155 -93.00417963358221 -7.011315737781394 1426.2944194833078 154 156 -1
156 -92.94412275614326 -6.872971412203967 1426.1545601581943 155 157 -1
157 -92.88460603753639 -6.735591043788557 1426.0135247324188 156 158 -1
158 -92.8257536822823 -6.599162163442201 1425.8712920464736 157 159 -1
159 -92.76769235049815 -6.463679297822994 1425.72783532189 158 160 -1
160 -92.71054846975541 -6.3291382045964335 1425.583129403839 159 161 -1
161 -92.65444526098486 -6.195533861453721 1425.4371540056886 160 162 -1
162 -92.59951314928391 -6.06286930438823 1425.2898819593574 161 163 -1
163 -92.54587296824123 -5.931141912407612 1425.1412984133917 162 164 -1
164 -92.49365792239391 -5.800359960677219 1424.9913781689086 163 165 -1
165 -92.44298952823416 -5.670525865788492 1424.8401095612705 164 166 -1
166 -92.39400225307814 -5.541652096728675 1424.6874723194576 165 167 -1
167 -92.34681964075261 -5.413746931185851 1424.5334581848106 166 168 -1
168 -92.30157764428166 -5.286827564270602 1424.3780526726628 167 169 -1
169 -92.25840096048766 -5.160907780768058 1424.2212528993696 168 170 -1
170 -92.21742768496746 -5.036010313512351 1424.0630506632187 169 171 -1
171 -92.17878206149797 -4.912154051512775 1423.9034504705146 170 172 -1
172 -92.142604894689 -4.789367994888695 1423.7424510355393 171 173 -1
173 -92.10901746818607 -4.667675538517523 1423.5800663243897 172 174 -1
174 -92.07816387488229 -4.547112660629001 1423.4163026263184 173 175 -1
175 -92.05016096699968 -4.42770716876564 1423.251184486437 174 176 -1
176 -92.02515032724297 -4.309500145868894 1423.0847292800313 175 177 -1
177 -92.00324851274209 -4.192525924354183 1422.9169704124533 176 178 -1
178 -91.98458565036015 -4.076827645252581 1422.747940130451 177 179 -1
179 -91.96928198228247 -3.962447992770765 1422.5776795931104 178 180 -1
180 -91.95744717638217 -3.8494290134164073 1422.4062381979702 179 181 -1
181 -91.94920846216245 -3.737823183565279 1422.2336644445754 180 182 -1
182 -91.94465741866051 -3.6276724974165586 1422.0600226604654 181 183 -1
183 -91.94389408577536 -3.519025724023407 1421.8853784201187 182 184 -1
184 -91.94702414749015 -3.411937379305129 1421.70980067035 183 185 -1
185 -91.95411887332781 -3.3064515456452357 1421.5333705705084 184 186 -1
186 -91.96525397667172 -3.2026172079027386 1421.3561713452991 185 187 -1
187 -91.98049558223325 -3.100482478267118 1421.1782913630548 186 188 -1
188 -92.0 -3.0 1421.0 187 189 190
189 -91.88684731613229 -3.0459876926903284 1420.813829488721 188 191 -1
190 -92.07506505996584 -2.8191375328578747 1421.0408577747232 188 192 -1
191 -91.77243065107339 -3.0932327116767344 1420.6286137993766 189 193 -1
192 -92.15126952678011 -2.6391906287308338 1421.0839004240552 190 194 -1
193 -91.65703930439233 -3.141651890051362 1420.44430820348 191 195 -1
194 -92.2286400241453 -2.460311821849401 1421.1292529755538 192 196 -1
195 -91.54070103693829 -3.191193679862011 1420.260898375569 193 197 -1
196 -92.30715040770401 -2.282535361581524 1421.1769218329555 194 198 -1
197 -91.42343511342584 -3.2418166783554643 1420.0783766637048 195 199 -1
198 -92.38677325615096 -2.105894941487901 1421.2269121355976 196 200 -1
199 -91.30526809942398 -3.2934710986763127 1419.8967271351012 197 201 -1
200 -92.4674798363427 -1.9304235782163361 1421.2792276478456 198 202 -1
201 -91.18621656517074 -3.3461187052370893 1419.7159423245932 199 203 -1
202 -92.54923987973163 -1.756153241455833 1421.3338701977052 200 204 -1
203 -91.06630482526846 -3.399712683586084 1419.5360060719777 201 205 -1
204 -92.63202165260782 -1.5831147536767023 1421.3908396960292 202 206 -1
205 -90.94555238843851 -3.4542118461358706 1419.3569058238966 203 207 -1
206 -92.71579230682208 -1.4113380688961341 1421.4501348354925 204 208 -1
207 -90.82397501117508 -3.509579088178087 1419.1786317970334 205 209 -1
208 -92.80051766318596 -1.2408518734124798 1421.5117525026708 206 210 -1
209 -90.70159421952935 -3.56577145993103 1419.0011674774248 207 211 -1
210 -92.8861616203114 -1.0716824933226423 1421.5756860759213 208 212 -1
211 -90.57842725385929 -3.6227508069802252 1418.8244997432512 209 213 -1
212 -92.97268829953696 -0.9038568447094595 1421.641930748483 210 214 -1
213 -90.454490233495 -3.680480307283084 1418.6486157856093 211 215 -1
214 -93.06005916055967 -0.7373979364758341 1421.710475908498 212 216 -1
215 -90.3297980604262 -3.7389244921375813 1418.4735032681194 213 217 -1
216 -93.14823603332319 -0.5723294048351931 1421.7813130361778 214 218 -1
217 -90.2043680175974 -3.7980459518243688 1418.299146687038 215 219 -1
218 -93.23717899222169 -0.40867190915816565 1421.8544297749363 216 220 -1
219 -90.07821488411182 -3.8578099662916445 1418.1255324134486 217 221 -1
220 -93.32684742584051 -0.2464446544953592 1421.9298126536733 218 222 -1
221 -89.95135288033306 -3.9181826093860446 1417.9526467593498 219 223 -1
222 -93.41720009668857 -0.08566539649873509 1422.007447185752 220 224 -1
223 -89.8237956876118 -3.979130726798974 1417.7804760013778 221 225 -1
224 -93.50819504703377 0.07364991233136572 1422.0873174212254 222 226 -1
225 -89.69555646767405 -4.040621913727108 1417.6090064025527 223 227 -1
226 -93.5997896896516 0.23148714547585958 1422.1694060331852 224 228 -1
227 -89.56664788163826 -4.102624492345239 1417.4382242321703 225 229 -1
228 -93.69194089618134 0.38783401651286264 1422.2536944066705 226 230 -1
229 -89.43708210863107 -4.165107489180349 1417.2681157839509 227 231 -1
230 -93.78460508255233 0.5426800848244325 1422.340162729384 228 232 -1
231 -89.30687086397955 -4.228040612465377 1417.0986673925509 229 233 -1
232 -93.87773829099876 0.6960167532584745 1422.4287900834975 230 234 -1
233 -89.17602541696377 -4.291394229540764 1416.9298654485447 231 235 -1
234 -93.97129626824187 0.847837258174923 1422.5195545378483 232 236 -1
235 -89.04455660811506 -4.355139344366071 1416.7616964119732 233 237 -1
236 -94.06523465657888 0.9981361210200999 1422.6124339686214 234 238 -1
237 -88.91247486605104 -4.419247575194526 1416.5941468245587 235 239 -1
238 -94.15950878733594 1.1469101636195411 1422.7074046978116 236 240 -1
239 -88.77979022384206 -4.483691132456951 1416.4272033206757 237 241 -1
240 -94.25407383012568 1.2941584171265945 1422.8044417111241 238 242 -1
241 -88.64651233490693 -4.5484427968948085 1416.2608526371641 239 243 -1
242 -94.34888514407992 1.4398803761721712 1422.9035210425707 240 244 -1
243 -88.51265048843695 -4.6134758979774 1416.0950816220693 241 245 -1
244 -94.44389790560737 1.5840783183154403 1423.0046166781633 242 246 -1
245 -88.37821362435213 -4.678764292631487 1415.9298772423872 243 247 -1
246 -94.53906742109238 1.7267558345104403 1423.1077025637348 244 248 -1
247 -88.24320899078809 -4.74428284021994 1415.7652279058898 245 249 -1
248 -94.63434912699643 1.867917736575249 1423.2127527192226 246 250 -1
249 -88.10764571918529 -4.810005949344977 1415.6011199866111 247 251 -1
250 -94.72969855548183 2.007571055959003 1423.3197399563103 248 252 -1
251 -87.97153216305287 -4.875908762623224 1415.4375404712216 249 253 -1
252 -94.8250714534009 2.1457238575778095 1423.4286374187645 250 254 -1
253 -87.83487601270939 -4.941967019034995 1415.274476848687 251 255 -1
254 -94.92042375692463 2.2823855351960063 1423.539418185398 252 256 -1
255 -87.69768391453877 -5.008157040534882 1415.1119174626742 253 257 -1
256 -95.01571167597501 2.4175677755104283 1423.6520540589734 254 258 -1
257 -87.55996209147808 -5.074455450626382 1414.9498509127775 255 259 -1
258 -95.11089158600473 2.5512819574196826 1423.7665188089893 256 260 -1
259 -87.42171899892766 -5.14083880744304 1414.7882636458341 257 261 -1
260 -95.20592023635807 2.6835423721640335 1423.882784128592 258 262 -1
261 -87.28296127852872 -5.2072844279824695 1414.627143737933 259 263 -1
262 -95.30075464833014 2.814363952535861 1424.0008224514331 260 264 -1
263 -87.14369275230143 -5.273770070335107 1414.4664817050773 261 265 -1
264 -95.39535201817077 2.943762131798818 1424.1206070785913 262 266 -1
265 -87.00392187168879 -5.340273417196943 1414.3062638590316 263 267 -1
266 -95.48966992154256 3.0717541102291435 1424.242110592198 264 268 -1
267 -86.86365479809864 -5.4067727599146 1414.1464785655264 265 269 -1
268 -95.58366628087207 3.1983582568399953 1424.3653055632924 266 270 -1
269 -86.72289425524555 -5.47324640742322 1413.987117091383 267 271 -1
270 -95.67729924255882 3.323593573335606 1424.4901651657485 268 272 -1
271 -86.58164883497335 -5.5396732658636125 1413.8281656529923 269 273 -1
272 -95.7705272014021 3.447479904092221 1424.6166628778287 270 274 -1
273 -86.43992254184957 -5.6060322342224165 1413.66961439143 271 275 -1
274 -95.86330871508909 3.5700377167200026 1424.7447727068459 272 276 -1
275 -86.29771998583739 -5.672302384106875 1413.5114528974386 273 277 -1
276 -95.95560285706075 3.691289050853874 1424.8744679948534 274 278 -1
277 -86.15504806500142 -5.738463603797601 1413.3536689468772 275 279 -1
278 -96.0473687951186 3.8112562404774764 1425.0057229223453 276 280 -1
279 -86.01190831513094 -5.804494648330363 1413.19625461221 277 281 -1
280 -96.1385659092349 3.929962320125142 1425.138511967575 278 282 -1
281 -85.86830890253925 -5.8703763738838 1413.0391967670082 279 283 -1
282 -96.22915376968832 4.047430975539838 1425.2728099176377 280 284 -1
283 -85.72425147568568 -5.9360878023662265 1412.8824873984006 281 285 -1
284 -96.31909211304267 4.163686496511974 1425.4085918757435 282 286 -1
285 -85.57974268814434 -6.001609965406284 1412.7261147128092 283 287 -1
286 -96.40834081619379 4.2787537319435405 1425.5458332648172 284 288 -1
287 -85.43478500412401 -6.066922391287091 1412.5700701118672 285 289 -1
288 -96.4968598687052 4.3926580471612855 1425.6845098275485 286 290 -1
289 -85.28938407221025 -6.132006247701844 1412.4143427179993 287 291 -1
290 -96.58460934364291 4.50542528347689 1425.8245976230241 288 292 -1
291 -85.1435425639134 -6.196841368951099 1412.2589238576797 289 293 -1
292 -96.67154936711246 4.617081719971881 1425.9660730200653 290 294 -1
293 -84.99726585124891 -6.261409277329391 1412.103803036916 291 295 -1
294 -96.75764008669836 4.727654037472042 1426.1089126873774 292 296 -1
295 -84.85055617845353 -6.325689723577907 1411.948971979063 293 297 -1
296 -96.84284163899419 4.837169284651313 1426.2530935806255 294 298 -1
297 -84.70341929613612 -6.389664960548963 1411.794420152585 295 299 -1
298 -96.92711411641277 4.945654846200168 1426.398592926532 296 300 -1
299 -84.5558564555507 -6.45331412080908 1411.6401400428251 297 301 -1
300 -97.01041753345464 5.053138412970961 1426.545388204086 298 302 -1
301 -84.40787416002964 -6.516620520348963 1411.486120889951 299 303 -1
302 -97.09271179261572 5.1596479540086 1426.693457122947 300 304 -1
303 -84.2594728046008 -6.579562563738803 1411.332355823047 301 305 -1
304 -97.17395665010922 5.2652116903611965 1426.842777599114 302 306 -1
305 -84.11065874738948 -6.642123909216136 1411.178834448544 303 307 -1
306 -97.25411168157696 5.36985807055536 1426.9933277279235 304 308 -1
307 -83.96143364775271 -6.704284069463612 1411.025549284607 305 309 -1
308 -97.33313624796729 5.473615747617678 1427.1450857544305 306 310 -1
309 -83.81180163627204 -6.766024936358517 1410.8724915082855 307 311 -1
310 -97.4109894617547 5.57651355750899 1427.2980300412212 308 312 -1
311 -83.66176662628312 -6.8273283617762734 1410.7196525679503 309 313 -1
312 -97.48763010140306 5.67858046541291 1427.452139081357 310 314 -1
313 -83.51133016763025 -6.888173546588428 1410.567025275925 311 315 -1
314 -97.56301623665121 5.779845353673175 1427.607391745579 312 316 -1
315 -83.36049791253389 -6.948544463663481 1410.4146004191878 313 317 -1
316 -97.6371064411948 5.880337774036145 1427.763766135014 314 318 -1
317 -83.2092723372615 -7.0084257299489305 1410.2623722564597 315 319 -1
318 -97.7098585017551 5.980087105423216 1427.9212407083064 316 320 -1
319 -83.05766224510187 -7.067822883951371 1410.110337019877 317 321 -1
320 -97.7812297981988 6.079122817858549 1428.0797938437722 318 322 -1
321 -82.90567660397551 -7.126744329021411 1409.9584917529505 319 323 -1
322 -97.8511763780333 6.177474055694682 1428.2394044258788 320 324 -1
323 -82.75332141576443 -7.185194801697403 1409.8068349135208 321 325 -1
324 -97.91965550269812 6.2751708321094934 1428.4000499137449 322 326 -1
325 -82.60060715026064 -7.243184846283788 1409.6553625841118 323 327 -1
326 -97.98662316804158 6.372242800855205 1428.5617081473897 324 328 -1
327 -82.44754098828463 -7.3007209223095195 1409.5040724316007 325 329 -1
328 -98.05203364950576 6.468719214847517 1428.7243574181364 326 330 -1
329 -82.29413009167438 -7.357809548692413 1409.3529620522406 327 331 -1
330 -98.11584296429209 6.564630212607508 1428.8879742279291 328 332 -1
331 -82.14038376103957 -7.414460136706956 1409.2020278319221 329 333 -1
332 -98.17800476003116 6.660005262382853 1429.0525358075388 330 334 -1
333 -81.98630867460685 -7.470678783526978 1409.0512674426175 331 335 -1
334 -98.23847283388986 6.754874082156531 1429.2180184785072 332 336 -1
335 -81.83191237846636 -7.526472811309537 1408.9006780189875 333 337 -1
336 -98.29720045865129 6.849266364865794 1429.3843980166178 334 338 -1
337 -81.67720342704638 -7.581850989268154 1408.750256068949 335 339 -1
338 -98.35413983765297 6.943211631484238 1429.5516498426502 336 340 -1
339 -81.52218831831647 -7.6368194505093365 1408.5999991194808 337 341 -1
340 -98.40924311508945 7.0367394763281546 1429.719748447648 338 342 -1
341 -81.36687435396729 -7.6913854842197695 1408.4499041904776 339 343 -1
342 -98.462461696454 7.1298793614362586 1429.8886676735187 340 344 -1
343 -81.21126969169808 -7.745557639633031 1408.2999677546752 341 345 -1
344 -98.5137457446256 7.222660529163061 1430.058380816514 342 346 -1
345 -81.0553809046942 -7.799342416175962 1408.1501870708707 343 347 -1
346 -98.5630463579572 7.315112359551285 1430.2288596915882 344 348 -1
347 -80.89921455854923 -7.852746374860475 1408.0005593340704 345 349 -1
348 -98.61031222007512 7.4072637712674485 1430.4000758769778 346 350 -1
349 -80.7427786949345 -7.905778198731841 1407.851080850842 347 351 -1
350 -98.65549273131013 7.499143711742281 1430.5719994379904 348 352 -1
351 -80.58608015564904 -7.958445017463121 1407.7017485167962 349 353 -1
352 -98.69853687945809 7.5907809089972735 1430.7445993351273 350 354 -1
353 -80.42912440540938 -8.010752106540162 1407.5525599324121 351 355 -1
354 -98.73939268875762 7.682203789807287 1430.9178435142073 352 356 -1
355 -80.27191958662392 -8.062708569563256 1407.403511134805 353 357 -1
356 -98.77800697150742 7.773440466312532 1431.091698846781 354 358 -1
357 -80.11447233216748 -8.114321490421 1407.2545989373564 355 359 -1
358 -98.81432804493986 7.86451890217193 1431.266130356156 356 360 -1
359 -79.95678859893138 -8.165597061743005 1407.1058204742976 357 361 -1
360 -98.84830299228223 7.955466631497249 1431.441101923929 358 362 -1
361 -79.79887494688583 -8.216542402804924 1406.957172479754 359 363 -1
362 -98.87987871888339 8.046310813657103 1431.6165759295363 360 364 -1
363 -79.64073840660932 -8.267165395981008 1406.8086513590172 361 365 -1
364 -98.90900204464113 8.137078189927355 1431.792513179839 362 366 -1
365 -79.48238532733042 -8.317473023372434 1406.6602538456702 363 367 -1
366 -98.93561980753935 8.227795037573946 1431.9688728424755 364 368 -1
367 -79.3238212102081 -8.367471087154996 1406.5119771038474 365 369 -1
368 -98.95967897865903 8.318487121423308 1432.1456123839394 366 370 -1
369 -79.16505289762694 -8.41716742326415 1406.3638174761504 367 371 -1
370 -98.98112678894924 8.409179643034864 1432.3226875134142 368 372 -1
371 -79.00608677360593 -8.466569276222167 1406.2157715134085 369 373 -1
372 -99.0 8.5 1432.5 370 -1 -1
373 -78.84692893057203 -8.51568352830672 1406.067835882723 371 374 -1
374 -78.68758472604644 -8.564516028304737 1405.9200076322215 373 375 -1
375 -78.52806140222106 -8.613078655957844 1405.7722836957714 374 376 -1
376 -78.36836717260175 -8.661391595887007 1405.6246625759352 375 377 -1
377 -78.20851019991083 -8.709475942208712 1405.4771429932357 376 378 -1
378 -78.048498189775 -8.757352269572332 1405.3297238686432 377 379 -1
379 -77.88833931521431 -8.805041874126161 1405.1824037351614 378 380 -1
380 -77.72804178486751 -8.852566088769827 1405.0351809898473 379 381 -1
381 -77.56761345874152 -8.899945821680248 1404.888054174539 380 382 -1
382 -77.40706211671629 -8.947201915936764 1404.741021812344 381 383 -1
383 -77.24639509901662 -8.994354879614269 1404.5940827250352 382 384 -1
384 -77.0856205737925 -9.041425948010216 1404.4472349981506 383 385 -1
385 -76.92474617658216 -9.088435817248255 1404.3004770709115 384 386 -1
386 -76.76377949949709 -9.135405128270198 1404.1538073682293 385 387 -1
387 -76.60272807213174 -9.182354465854697 1404.007224331456 386 388 -1
388 -76.44159920658807 -9.229304438704123 1403.8607266247134 387 389 -1
389 -76.28040068289336 -9.27627557782242 1403.7143123583214 388 390 -1
390 -76.11913996594227 -9.323288287800146 1403.567979943694 389 391 -1
391 -75.95782450118124 -9.370362912592489 1403.4217277993894 390 392 -1
392 -75.79646171929488 -9.417519734476238 1403.2755543552234 391 393 -1
393 -75.63505897559592 -9.464779218256504 1403.1294582079013 392 394 -1
394 -75.47362374716468 -9.512161534280214 1402.9834377589586 393 395 -1
395 -75.31216350011398 -9.559686631348454 1402.837491393279 394 396 -1
396 -75.15068565080094 -9.607374529817749 1402.6916176263683 395 397 -1
397 -74.98919762363086 -9.655245182745137 1402.5458150048307 396 398 -1
398 -74.82770685544361 -9.703318474604957 1402.4000821101845 397 399 -1
399 -74.66622081361142 -9.751614494438234 1402.2544176386157 398 400 -1
400 -74.50474700950416 -9.800153208530014 1402.1088202880635 399 401 -1
401 -74.34329293305109 -9.84895388125323 1401.9632886447555 400 402 -1
402 -74.18186611220948 -9.89803610381695 1401.817821467804 401 403 -1
403 -74.02047410829371 -9.947419391050715 1401.6724175696759 402 404 -1
404 -73.85912451991511 -9.997123179507572 1401.5270758197469 403 405 -1
405 -73.69782498683414 -10.047166825432539 1401.3817951478081 404 406 -1
406 -73.53658320180872 -10.097569649350765 1401.2365745548423 405 407 -1
407 -73.37540705721167 -10.148351695940377 1401.0914132260464 406 408 -1
408 -73.21430420174018 -10.199531221333382 1400.9463101532976 407 409 -1
409 -73.05328187030369 -10.251123820538474 1400.8012639981011 408 410 -1
410 -72.89234539715838 -10.303134099144005 1400.656271733282 409 411 -1
411 -72.73149972510458 -10.355564415998789 1400.511330001073 410 412 -1
412 -72.57074980152527 -10.408417140382726 1400.366435468737 411 413 -1
413 -72.41010057940969 -10.461694651967246 1400.2215848284359 412 414 -1
414 -72.24955701836846 -10.51539934076736 1400.0767747971058 413 415 -1
415 -72.08912408563714 -10.569533607086283 1399.932002116346 414 416 -1
416 -71.92880688950208 -10.624100338620645 1399.7872635862823 415 417 -1
417 -71.76861037393644 -10.679101762953486 1399.6425559743805 416 418 -1
418 -71.60853945419537 -10.734540011430047 1399.4978760726597 417 419 -1
419 -71.44859913735358 -10.790417525153607 1399.3532207210696 418 420 -1
420 -71.28879444302187 -10.846736755116414 1399.2085867837663 419 421 -1
421 -71.12913040429345 -10.903500162091072 1399.0639711490567 420 422 -1
422 -70.96961206868195 -10.960710216512116 1398.9193707293532 421 423 -1
423 -70.81024449905108 -11.018369398347307 1398.7747824611383 422 424 -1
424 -70.65103277453304 -11.07648019695964 1398.6302033049406 423 425 -1
425 -70.49198199143947 -11.13504511095844 1398.4856302453202 424 426 -1
426 -70.33309726416344 -11.194066648039623 1398.3410602908666 425 427 -1
427 -70.17438372607123 -11.253547324815603 1398.1964904742058 426 428 -1
428 -70.01584653038535 -11.31348966663381 1398.051917852021 427 429 -1
429 -69.85749085105921 -11.37389620738343 1397.9073395050814 428 430 -1
430 -69.69932207396283 -11.434769954712888 1397.7627525269038 429 431 -1
431 -69.54134526120333 -11.496113056311563 1397.6181540506002 430 432 -1
432 -69.38356562483374 -11.557927998145876 1397.4735412311813 431 433 -1
433 -69.22598843016051 -11.620217346570854 1397.3289112466216 432 434 -1
434 -69.06861896747411 -11.682983675341145 1397.1842612992916 433 435 -1
435 -68.91146255286488 -11.74622956534321 1397.0395886160607 434 436 -1
436 -68.75452452902798 -11.809957604314285 1396.894890448413 435 437 -1
437 -68.59781026606015 -11.874170386546794 1396.7501640725745 436 438 -1
438 -68.44132516224394 -11.938870512579406 1396.6054067896534 437 439 -1
439 -68.28507464482229 -12.004060588873294 1396.4606159257924 438 440 -1
440 -68.12906417076225 -12.069743227473625 1396.3157888323356 439 441 -1
441 -67.9732992275066 -12.135921045656305 1396.1709228860066 440 442 -1
442 -67.81778533371451 -12.202596665559255 1396.0260154891023 441 443 -1
443 -67.66252803999066 -12.269772713797638 1395.8810640696956 442 444 -1
444 -67.50753292960098 -12.337451821063848 1395.7360660818574 443 445 -1
445 -67.35280561917662 -12.40563662171067 1395.591019005887 444 446 -1
446 -67.19835175940607 -12.474329753317301 1395.4459203485574 445 447 -1
447 -67.04417703571136 -12.54353385623966 1395.3007676433774 446 448 -1
448 -66.89028716891262 -12.613251573142398 1395.1555584508637 447 449 -1
449 -66.73668791587797 -12.683485548513376 1395.0102903588274 448 450 -1
450 -66.58338507015817 -12.754238428160656 1394.8649609826766 449 451 -1
451 -66.43038446260665 -12.825512858690868 1394.7195679657318 450 452 -1
452 -66.27769196198483 -12.89731148696846 1394.5741089795529 451 453 -1
453 -66.12531369495652 -12.969637322671026 1394.4285816759148 452 454 -1
454 -65.97325540286057 -13.042492662191455 1394.28298382782 453 455 -1
455 -65.82152306438167 -13.115880137498724 1394.1373131953403 454 456 -1
456 -65.67012270593875 -13.189802391151897 1393.9915675665966 455 457 -1
457 -65.51906039463728 -13.264262062968939 1393.8457447598068 456 458 -1
458 -65.3683422387692 -13.339261789366438 1393.6998426236971 457 459 -1
459 -65.21797438828763 -13.414804202681307 1393.553859037936 458 460 -1
460 -65.06796303526654 -13.490891930468564 1393.4077919135748 459 461 -1
461 -64.91831441433683 -13.567527594778856 1393.2616391935057 460 462 -1
462 -64.76903480309923 -13.644713811415135 1393.1153988529352 461 463 -1
463 -64.62013052251704 -13.722453189166005 1392.9690688998694 462 464 -1
464 -64.47160793728408 -13.800748329017491 1392.8226473756124 463 465 -1
465 -64.32347345616684 -13.879601823343359 1392.6761323552835 464 466 -1
466 -64.17573353232446 -13.959016255071095 1392.5295219483426 465 467 -1
467 -64.0283946636008 -14.038994196826 1392.3828142991308 466 468 -1
468 -63.881463392788675 -14.119538210052982 1392.236007587429 467 469 -1
469 -63.73494630786927 -14.200650844113193 1392.089100029022 468 470 -1
470 -63.588850042220045 -14.282334635358977 1391.9420898762828 469 471 -1
471 -63.44318127479395 -14.364592106184697 1391.7949754187664 470 472 -1
472 -63.297946730268464 -14.447425764053586 1391.6477549838173 471 473 -1
473 -63.15315317916272 -14.53083810050094 1391.5004269371884 472 474 -1
474 -63.00880743792097 -14.614831590114088 1391.3529896836756 473 475 -1
475 -62.8649163689647 -14.699408689486955 1391.205441667759 474 476 -1
476 -62.72148688070746 -14.784571836152198 1391.0577813742623 475 477 -1
477 -62.5785259275363 -14.870323447487891 1390.9100073290163 476 478 -1
478 -62.43604050975442 -14.956665919601281 1390.7621180995409 477 479 -1
479 -62.294037673487374 -15.043601626187709 1390.614112295732 478 480 -1
480 -62.1525246233438 -15.13113305311688 1390.4659885434926 479 481 -1
481 -62.01150868657278 -15.219262747701077 1390.3177454944855 480 482 -1
482 -61.870996759273794 -15.307992660464091 1390.1693819591226 481 483 -1
483 -61.730996069374655 -15.397325063511243 1390.020896723988 482 484 -1
484 -61.591513889523085 -15.487262200442952 1389.8722886216424 483 485 -1
485 -61.452557536739135 -15.577806285071448 1389.7235565313667 484 486 -1
486 -61.31413437202097 -15.66895950011495 1389.5746993799162 485 487 -1
487 -61.17625179990623 -15.760723995867373 1389.4257161422731 486 488 -1
488 -61.03891726798167 -15.85310188884825 1389.2766058424152 487 489 -1
489 -60.902138266346405 -15.946095260428459 1389.1273675540808 488 490 -1
490 -60.7659223270224 -16.03970615543617 1388.9780004015445 489 491 -1
491 -60.63027702331481 -16.13393658074052 1388.8285035603928 490 492 -1
492 -60.49520996911767 -16.22878850381606 1388.6788762583062 491 493 -1
493 -60.36072881816742 -16.324263851285927 1388.5291177758397 492 494 -1
494 -60.22684126323997 -16.420364507446592 1388.379227447207 493 495 -1
495 -60.09355503529154 -16.517092312773872 1388.2292046610662 494 496 -1
496 -59.96087790254271 -16.614449062410525 1388.0790488613015 495 497 -1
497 -59.828817669503344 -16.712436504637143 1387.928759547807 496 498 -1
498 -59.697382175937875 -16.811056339326704 1387.778336277266 497 499 -1
499 -59.56657929577055 -16.910310216383234 1387.6277786639282 498 500 -1
500 -59.436416935928484 -17.010199734166306 1387.4770863803813 499 501 -1
501 -59.30690303512217 -17.110726437901995 1387.3262591583173 500 502 -1
502 -59.17804556256235 -17.211891818081323 1387.175296789294 501 503 -1
503 -59.04985293137097 -17.313697704522692 1387.0241990419763 502 504 -1
504 -58.92233296882499 -17.416145274002016 1386.8729658723669 503 505 -1
505 -58.795493522766044 -17.519235645912993 1386.7215972978975 504 506 -1
506 -58.66934266940455 -17.622970074636978 1386.5700933573364 505 507 -1
507 -58.54388850797178 -17.72734975162155 1386.418454152979 506 508 -1
508 -58.419139159034074 -17.832375803730585 1386.2666798513412 507 509 -1
509 -58.29510276273865 -17.938049291590307 1386.1147706838392 508 510 -1
510 -58.17178747699158 -18.044371207932244 1385.9627269474454 509 511 -1
511 -58.0492014755636 -18.151342475938012 1385.8105490053342 510 512 -1
512 -57.92735294612656 -18.2589639475849 1385.6582372875027 511 513 -1
513 -57.806250088220374 -18.367236401993463 1385.5057922913702 512 514 -1
514 -57.68590111114769 -18.476160543781806 1385.353214582357 513 515 -1
515 -57.56631423179751 -18.585737001426693 1385.2005047944374 514 516 -1
516 -57.447497672399926 -18.695966325631606 1385.047663630667 515 517 -1
517 -57.32945965820717 -18.806848987708182 1384.8946918636823 516 518 -1
518 -57.21220841510624 -18.918385377968267 1384.7415903361714 517 519 -1
519 -57.09575216715923 -19.030575804132614 1384.5883599613144 518 520 -1
520 -56.98009913407487 -19.143420489755414 1384.4350017231916 519 521 -1
521 -56.86525752860991 -19.256919572668423 1384.2815166771559 520 522 -1
522 -56.751235553900976 -19.37107310344717 1384.1279059501735 521 523 -1
523 -56.63804140072881 -19.485881043900353 1383.9741707411247 522 524 -1
524 -56.525683244715104 -19.601343265584966 1383.8203123210658 523 525 -1
525 -56.41416924345193 -19.717459548351062 1383.6663320334528 524 526 -1
526 -56.30350753356612 -19.83422957891706 1383.5122312943233 525 527 -1
527 -56.19370622772016 -19.95165294947747 1383.358011592432 526 528 -1
528 -56.0847734115496 -20.06972915634734 1383.203674489343 527 529 -1
529 -55.97671714053816 -20.188457598646153 1383.04922161948 528 530 -1
530 -55.8695454368354 -20.307837577019896 1382.8946546901198 529 531 -1
531 -55.76326628601505 -20.427868292408505 1382.7399754813423 530 532 -1
532 -55.65788763377659 -20.54854884486005 1382.5851858459307 531 533 -1
533 -55.553417382595164 -20.669878232390964 1382.4302877092143 532 534 -1
534 -55.44986338831819 -20.791855349899546 1382.2752830688617 533 535 -1
535 -55.34723345671307 -20.91447898813255 1382.1201739946168 534 536 -1
536 -55.24553533996788 -21.037747832708718 1381.9649626279818 535 537 -1
537 -55.14477673314996 -21.161660463198466 1381.8096511818364 536 538 -1
538 -55.04496527061961 -21.286215352270084 1381.6542419400075 537 539 -1
539 -54.94610852240954 -21.411410864894187 1381.4987372567696 538 540 -1
540 -54.848213990566485 -21.537245257618736 1381.3431395562916 539 541 -1
541 -54.75128910546185 -21.663716677911378 1381.1874513320195 540 542 -1
542 -54.655341222074746 -21.790823163572252 1381.031675145996 541 543 -1
543 -54.56037761624899 -21.918562642221758 1380.8758136281162 542 544 -1
544 -54.46640548092969 -22.046932930863758 1380.7198694753238 543 545 -1
545 -54.37343192238279 -22.175931735525836 1380.563845450735 544 546 -1
546 -54.28146395640041 -22.30555665098191 1380.4077443827066 545 547 -1
547 -54.190508504497465 -22.435805160555926 1380.251569163831 546 548 -1
548 -54.100572390104276 -22.566674636008685 1380.0953227498687 547 549 -1
549 -54.011662334757304 -22.698162337512713 1379.9390081586148 548 550 -1
550 -53.923784954293524 -22.830265413715495 1379.7826284687003 549 551 -1
551 -53.836946755054555 -22.962980901890145 1379.6261868183256 550 552 -1
552 -53.75115413010322 -23.09630572817839 1379.4696864039279 551 553 -1
553 -53.66641335545702 -23.230236707927574 1379.313130478787 552 554 -1
554 -53.58273058634528 -23.364770546120155 1379.1565223515615 553 555 -1
555 -53.5 -23.5 1379.0 554 556 557
556 -53.338540551286954 -23.56926708183947 1379.0233589091658 555 558 -1
557 -53.51551289085947 -23.643265297411972 1378.8804692985095 555 559 -1
558 -53.17731164077234 -23.639729451172087 1379.0452247402739 556 560 -1
559 -53.532239039928704 -23.785656211804778 1378.7599880125772 557 561 -1
560 -53.01625955660042 -23.71104361195176 1379.0655807076607 558 562 -1
561 -53.54997626152364 -23.92701984006015 1378.6384463039096 559 563 -1
562 -52.85537632649638 -23.78313405556266 1379.084486472427 560 564 -1
563 -53.56872652012377 -24.06733663874288 1378.5158482071597 561 565 -1
564 -52.69465243042028 -23.85592833607366 1379.1019998349511 562 566 -1
565 -53.588492613357616 -24.206585852531386 1378.3921969757273 563 567 -1
566 -52.534076926966144 -23.929356611723996 1379.1181773421492 564 568 -1
567 -53.60927679929414 -24.34474691068356 1378.2674965174378 565 569 -1
568 -52.37363776255486 -24.003352048181256 1379.1330730903608 566 570 -1
569 -53.631077348368756 -24.481803255887026 1378.1417548955196 567 571 -1
570 -52.21332179298154 -24.07785007153576 1379.1467399648998 568 572 -1
571 -53.65389687570157 -24.61773332534587 1378.0149757767256 569 573 -1
572 -52.053114990431 -24.152788485897293 1379.1592290708802 570 574 -1
573 -53.677734583518415 -24.75251899200782 1377.887166371554 571 575 -1
574 -51.89300255425602 -24.22810724839027 1379.1705898995365 572 576 -1
575 -53.70258908103602 -24.886142574242786 1377.7583345168443 573 577 -1
576 -51.73296906381166 -24.303748485247688 1379.1808696774824 574 578 -1
577 -53.728461040900676 -25.01858374092853 1377.628486020486 575 579 -1
578 -51.57299845737498 -24.37965586271313 1379.190114894994 576 580 -1
579 -53.75534699877422 -25.14982672165122 1377.497630851503 577 581 -1
580 -51.41307418580768 -24.455774694621763 1379.1983707522845 578 582 -1
581 -53.783245967071004 -25.27985262167625 1377.3657765273751 579 583 -1
582 -51.25317931702491 -24.532051965532776 1379.2056800283033 580 584 -1
583 -53.812155384251824 -25.408644167443715 1377.2329321448483 581 585 -1
584 -51.09329651965725 -24.608435756838414 1379.2120855974745 582 586 -1
585 -53.842070180801166 -25.53618702800267 1377.099109232891 583 587 -1
586 -50.93340818885245 -24.684875485158482 1379.2176281402803 584 588 -1
587 -53.872990162065186 -25.662460565862148 1376.9643145881773 585 589 -1
588 -50.77349645263066 -24.761321554452238 1379.2223473143467 586 590 -1
589 -53.9049083477704 -25.78745251403827 1376.828561558243 587 591 -1
590 -50.61354326833164 -24.837725312120575 1379.226282369585 588 592 -1
591 -53.93781988070598 -25.91114785601458 1376.6918613845876 589 593 -1
592 -50.45353040454926 -24.914038883265494 1379.229470822014 590 594 -1
593 -53.9717209174722 -26.033530064950174 1376.554224320977 591 595 -1
594 -50.29343946499433 -24.990214967128928 1379.2319491746337 592 596 -1
595 -54.0066057549927 -26.154584902240373 1376.4156623538338 593 597 -1
596 -50.13325205141849 -25.066206971755925 1379.2337538334623 594 598 -1
597 -54.04246689829004 -26.27430050569866 1376.276189079852 595 599 -1
598 -49.97294965882017 -25.141968662630752 1379.23491990699 596 600 -1
599 -54.07929768893806 -26.39266384089599 1376.1358172316484 597 601 -1
600 -49.81251374626773 -25.21745411725956 1379.2354817825242 598 602 -1
601 -54.117090936641944 -26.509662551067457 1375.9945599590128 599 603 -1
602 -49.651925764482804 -25.29261761927187 1379.2354731855125 600 604 -1
603 -54.15583893144909 -26.625284974940755 1375.852430803097 601 605 -1
604 -49.491167128517745 -25.367413437488384 1379.23492709493 602 606 -1
605 -54.1955341487224 -26.73951913188069 1375.7094430476757 603 607 -1
606 -49.33021937817148 -25.441796015316907 1379.2338762134589 604 608 -1
607 -54.2361672577459 -26.852355688542435 1375.5656115063366 605 609 -1
608 -49.16906411613715 -25.515719686969902 1379.2323526873713 606 610 -1
609 -54.2777287985253 -26.963785575653223 1375.4209509780035 607 611 -1
610 -49.00768301812166 -25.589138542728 1379.2303881673497 608 612 -1
611 -54.32020914162284 -27.073800043772593 1375.2754762804555 609 613 -1
612 -48.846057880067924 -25.66200637741711 1379.2280139300317 610 614 -1
613 -54.3635982134873 -27.182391098867463 1375.1292024865336 611 615 -1
614 -48.68417064568514 -25.734276595313574 1379.2252609330087 612 616 -1
615 -54.407885514036664 -27.28955150866859 1374.9821448959688 613 617 -1
616 -48.52200343564566 -25.805902116399675 1379.2221598690294 614 618 -1
617 -54.453060134879394 -27.395274807090416 1374.8343190072071 615 619 -1
618 -48.359538578918375 -25.876835283914502 1379.2187412193907 616 620 -1
619 -54.4991107780889 -27.49955529672988 1374.6857404893412 617 621 -1
620 -48.19675864671197 -25.94702777318059 1379.2150353065028 618 622 -1
621 -54.54602577545114 -27.60238804948121 1374.5364251542508 619 623 -1
622 -48.03364648950675 -26.016430501727704 1379.2110723456087 620 624 -1
623 -54.593793108101615 -27.70376890530658 1374.3863889290549 621 625 -1
624 -47.87018527766098 -26.084993540780626 1379.2068824956107 622 626 -1
625 -54.642400426468086 -27.803694469208974 1374.235647828969 623 627 -1
626 -47.706358433406955 -26.15266575000094 1379.2024958597524 624 628 -1
627 -54.69183507044268 -27.90216210647442 1374.084217930661 625 629 -1
628 -47.54214994697206 -26.21939534036925 1379.1979426786177 626 630 -1
629 -54.7420844101335 -27.999169351926877 1373.932115083582 627 631 -1
630 -47.377544268930436 -26.285129405232905 1379.1932532621215 628 632 -1
631 -54.79313529826523 -28.094714905131767 1373.7793553566323 629 633 -1
632 -47.212526339449404 -26.34981375908718 1379.188458037526 630 634 -1
633 -54.84497391065778 -28.188798997828005 1373.6259551506062 631 635 -1
634 -47.04708169292035 -26.413392952598553 1379.1835876154855 632 636 -1
635 -54.89758653836656 -28.281421970663782 1373.4719305429805 633 637 -1
636 -46.88119653078504 -26.4758101970203 1379.1786728339398 634 638 -1
637 -54.95095926409822 -28.372584877029293 1373.3172975488294 635 639 -1
638 -46.71485749505436 -26.537006450557445 1379.1737448120884 636 640 -1
639 -55.00507798215962 -28.46228946937913 1373.1620720987187 637 641 -1
640 -46.54805253985533 -26.59692245696117 1379.168835009198 638 642 -1
641 -55.059928418133474 -28.55053818438741 1373.0062700175556 639 643 -1
642 -46.38077045027098 -26.655497167376495 1379.163975202706 640 644 -1
643 -55.11549614822084 -28.637334127025813 1372.8499070044213 641 645 -1
644 -46.21300079467725 -26.71266720590871 1379.1591975939298 642 646 -1
645 -55.171766618199136 -28.72268105366235 1372.6929986134228 643 647 -1
646 -46.04473420810301 -26.76836723547146 1379.1545348694717 644 648 -1
647 -55.22872595985447 -28.806581648541844 1372.535559625531 645 649 -1
648 -45.87596323126514 -26.8225321049859 1379.1500200040239 646 650 -1
649 -55.28635870957101 -28.889042354801575 1372.3776057989248 647 651 -1
650 -45.70668088949092 -26.875092082992854 1379.1456867392662 648 652 -1
651 -55.34464990625351 -28.970069035927224 1372.2191522436397 649 653 -1
652 -45.53688260062871 -26.925978267338415 1379.1415690473384 650 654 -1
653 -55.403584649602514 -29.049667879775853 1372.0602137660533 651 655 -1
654 -45.36656484353136 -26.975117866571516 1379.1377016962408 652 656 -1
655 -55.46314799693144 -29.127845629218484 1371.9008049471752 653 657 -1
656 -45.19572649538816 -27.0224380468184 1379.1341197521363 654 658 -1
657 -55.52332497893192 -29.204609561330642 1371.7409401299228 655 659 -1
658 -45.024367825857375 -27.067861829103162 1379.1308592234877 656 660 -1
659 -55.584100614806296 -29.27996746625708 1371.5806334074541 657 661 -1
660 -44.852492192093905 -27.111313590807754 1379.1279561458916 658 662 -1
661 -55.645460636329744 -29.353925893119076 1371.4198980953602 659 663 -1
662 -44.680104543568156 -27.152712802131347 1379.125447684755 660 664 -1
663 -55.70738940171051 -29.426495186018656 1371.2587482588515 661 665 -1
664 -44.50721293411029 -27.191979022622682 1379.1233712427686 662 666 -1
665 -55.76987189827671 -29.49768474485494 1371.09719724084 663 667 -1
666 -44.33382834507191 -27.229030690269536 1379.1217646380612 664 668 -1
667 -55.83289323615649 -29.567504204293094 1370.9352580391 665 669 -1
668 -44.15996462881793 -27.263783988574808 1379.1206663446824 666 670 -1
669 -55.89643858004943 -29.63596360369766 1370.7729433582824 667 671 -1
670 -43.98563891738306 -27.296153701813466 1379.1201153192924 668 672 -1
671 -55.96049316028256 -29.703073365670562 1370.6102656042026 669 673 -1
672 -43.81087188061979 -27.326053530070897 1379.120150956407 670 674 -1
673 -56.025042283178195 -29.768844274768693 1370.4472368790107 671 675 -1
674 -43.63569122994392 -27.353417735082502 1379.1208125706405 672 676 -1
675 -56.09007151726171 -29.833286957248607 1370.2838688529355 673 677 -1
676 -43.46013322958766 -27.378219200778496 1379.1221397823215 674 678 -1
677 -56.15556648618348 -29.8964124290574 1370.1201729147565 675 679 -1
678 -43.2842363297342 -27.4004368553843 1379.1241721781573 676 680 -1
679 -56.22151241183051 -29.958233459804717 1369.9561604939984 677 681 -1
680 -43.10804033905883 -27.420051241272446 1379.1269492246556 678 682 -1
681 -56.28789499586107 -30.018762077895143 1369.79184244464 679 683 -1
682 -42.93158638537354 -27.43704461451337 1379.1305101795501 680 684 -1
683 -56.354700058000745 -30.07801057127584 1369.6272293047525 681 685 -1
684 -42.75491686807381 -27.45140104304082 1379.1348940002813 682 686 -1
685 -56.42191354246441 -30.135991468281002 1369.4623312962226 683 687 -1
686 -42.57807540212835 -27.46310650268148 1379.140139249885 684 688 -1
687 -56.48952152377239 -30.19271751895722 1369.2971583250924 685 689 -1
688 -42.40110674462103 -27.472148681686715 1379.1462841018638 686 690 -1
689 -56.55751021198076 -30.248201676898503 1369.1317199824775 687 691 -1
690 -42.22405675031585 -27.47851736168734 1379.1533661545423 688 692 -1
691 -56.62586595734323 -30.30245708161166 1368.9660255460258 689 693 -1
692 -42.0469722860869 -27.482205303827914 1379.1614220304257 690 694 -1
693 -56.694575254426056 -30.35549704143288 1368.800083981877 691 695 -1
694 -41.86990109769077 -27.48320703791687 1379.1704877268025 692 696 -1
695 -56.763624745693704 -30.40733501700886 1368.633903947085 693 697 -1
696 -41.69289173327382 -27.481519422092138 1379.1805983514653 694 698 -1
697 -56.83300122459004 -30.457984605358075 1368.467493792471 695 699 -1
698 -41.515993435317625 -27.47714170838484 1379.1917880235421 696 700 -1
699 -56.9026916381313 -30.50745952451802 1368.3008615658641 697 701 -1
700 -41.33925602462775 -27.470075600237344 1379.204089775641 698 702 -1
701 -56.97268308903679 -30.555773598788534 1368.1340150157023 699 703 -1
702 -41.16272977683911 -27.460325301172762 1379.2175354579913 700 704 -1
703 -57.042962837416056 -30.60294074457325 1367.9669615949563 701 705 -1
704 -40.986465292020334 -27.447897553860294 1379.2321556453005 702 706 -1
705 -57.113518302035196 -30.64897495682198 1367.7997084653443 703 707 -1
706 -40.81051335806581 -27.432801668882348 1379.2479795470408 704 708 -1
707 -57.184337061182276 -30.693890296072265 1367.6322625018092 705 709 -1
708 -40.63492480866706 -27.415049542584164 1379.265034921885 706 710 -1
709 -57.25540685315554 -30.737700876089672 1367.4646302972258 707 711 -1
710 -40.45975037675046 -27.394655663474452 1379.2833479969852 708 712 -1
711 -57.32671557639127 -30.780420852099617 1367.2968181673123 709 713 -1
712 -40.28504054435846 -27.371637106744835 1379.3029433927857 710 714 -1
713 -57.39825128925522 -30.82206440960709 1367.1288321557179 711 715 -1
714 -40.110845390027215 -27.346013516586723 1379.3238440540058 712 716 -1
715 -57.470002209516856 -30.86264575379603 1366.9606780392626 713 717 -1
716 -39.937214434780245 -27.317807076103186 1379.3460711873981 714 718 -1
717 -57.54195671352351 -30.902179099498134 1366.792361333303 715 719 -1
718 -39.76419648790843 -27.287042464740797 1379.369644206833 716 720 -1
719 -57.6141033350959 -30.940678661722476 1366.6238872972049 717 721 -1
720 -39.591839493742654 -27.253746803298025 1379.3945806861916 718 722 -1
721 -57.68643076416257 -30.97815864673422 1366.4552609398986 719 723 -1
722 -39.42019063752682 -27.21794874537953 1379.4208967950794 720 724 -1
723 -57.75892784515031 -31.014633243670037 1366.2864870254984 721 725 -1
724 -39.24929609500623 -27.179679006161344 1379.4486069724073 722 726 -1
725 -57.8315835751482 -31.050116616677716 1366.117570078969 723 727 -1
726 -39.07919994868834 -27.138973035023042 1379.4777222902587 724 728 -1
727 -57.90438710186146 -31.08462289756617 1365.9485143918187 725 729 -1
728 -38.90994629539927 -27.095864138348965 1379.508254362421 726 730 -1
729 -57.9773277213708 -31.11816617895196 1365.7793240278074 727 731 -1
730 -38.74157630011253 -27.05039170694757 1379.540210484198 728 732 -1
731 -58.05039487571161 -31.15076050788736 1365.610002828652 729 733 -1
732 -38.57413121273555 -27.00259250394876 1379.5735987723194 730 734 -1
733 -58.123578150288814 -31.182419879955905 1365.440554419716 731 735 -1
734 -38.407648897585446 -26.95250929319975 1379.6084228564575 732 736 -1
735 -58.196867271138764 -31.213158233819335 1365.270982215672 733 737 -1
736 -38.24216653685213 -26.90018364843623 1379.6446862448904 734 738 -1
737 -58.270252209445246 -31.24298832513227 1365.1012892786162 735 739 -1
738 -38.07771975850475 -26.8456580872913 1379.6823910215967 736 740 -1
739 -58.34372284964782 -31.271924905597043 1364.9314787453548 737 741 -1
740 -37.91434165979683 -26.788977787474174 1379.72153665368 738 742 -1
741 -58.417269305221154 -31.299981855393703 1364.7615534501836 739 743 -1
742 -37.75206352205409 -26.730188707518735 1379.7621211540597 740 744 -1
743 -58.490881832516806 -31.3271728437631 1364.5915160206723 741 745 -1
744 -37.59091521560635 -26.66933672916928 1379.8041416654635 742 746 -1
745 -58.56455081305551 -31.35351146199714 1364.4213689011779 743 747 -1
746 -37.43092429543155 -26.606469193009637 1379.8475933782045 744 748 -1
747 -58.63826675012735 -31.379011220367325 1364.2511143581453 745 749 -1
748 -37.27211587009496 -26.54163479196164 1379.892469524003 746 750 -1
749 -58.71202029986805 -31.40368454962031 1364.0807543585497 747 751 -1
750 -37.114513754501 -26.47488151232935 1379.938762840886 748 752 -1
751 -58.78580215616224 -31.427545182647446 1363.9102908787793 749 753 -1
752 -36.95814015157469 -26.406257216133007 1379.9864651850723 750 754 -1
753 -58.85960313795942 -31.45060696158601 1363.7397257568364 751 755 -1
754 -36.80301429326354 -26.335811525286754 1380.0355660645023 752 756 -1
755 -58.933414198471674 -31.472883052767745 1363.5690605983314 753 757 -1
756 -36.64915380024588 -26.263593605436473 1380.086054273152 754 758 -1
757 -59.00722639477849 -31.49438653099728 1363.398296856057 755 759 -1
758 -36.49657504010702 -26.18965172151339 1380.137918273776 756 760 -1
759 -59.08103085562073 -31.515129101052157 1363.2274356703088 757 761 -1
760 -36.3452923331343 -26.114034326267866 1380.1911453494383 758 762 -1
761 -59.15481881455183 -31.535124452279952 1363.056478302765 759 763 -1
762 -36.19531772929807 -26.03679021968692 1380.2457214337558 760 764 -1
763 -59.22858162109368 -31.554385861995755 1362.885425836525 761 765 -1
764 -36.046662102574416 -25.957967141007465 1380.301632269293 762 766 -1
765 -59.30231070871484 -31.57292603318116 1362.7142791587492 763 767 -1
766 -35.89933381617205 -25.87761335041637 1380.3588620727933 764 768 -1
767 -59.375997528896185 -31.590756655765688 1362.543038903944 765 769 -1
768 -35.75333953214365 -25.795776574259634 1380.4173943982967 766 770 -1
769 -59.44963364330857 -31.607890247116174 1362.3717056988455 767 771 -1
770 -35.60868715198922 -25.712500953460026 1380.4772149250405 768 772 -1
771 -59.523210782908095 -31.624340160163694 1362.2002801745243 769 773 -1
772 -35.46537856796849 -25.62783479173225 1380.538304515178 770 774 -1
773 -59.59672069667274 -31.640118721462777 1362.028762721231 771 775 -1
774 -35.32341741160803 -25.541822281634595 1380.6006466433032 772 776 -1
775 -59.670155158284295 -31.65523712645555 1361.857153506853 773 777 -1
776 -35.18280587410666 -25.45450702983088 1380.664224300431 774 778 -1
777 -59.74350781348546 -31.669711497010574 1361.6854537958054 775 779 -1
778 -35.04354319119291 -25.365933416698645 1380.7290186535627 776 780 -1
779 -59.816773559575715 -31.683560007573206 1361.513665376148 777 781 -1
780 -34.90562829163658 -25.276144049987998 1380.7950114691398 778 782 -1
781 -59.889947287664334 -31.696799956498825 1361.3417897717134 779 783 -1
782 -34.76905993393841 -25.185179815590573 1380.862185164769 780 784 -1
783 -59.96302375238474 -31.709447456970402 1361.1698281865688 781 785 -1
784 -34.63383407362901 -25.09308218998706 1380.9305204958785 782 786 -1
785 -60.03599827030111 -31.721521505386566 1360.9977821054279 783 787 -1
786 -34.5 -25.0 1381.0 784 788 789
787 -60.108865977329806 -31.733039384696134 1360.8256526352297 785 790 -1
788 -34.311579950041036 -25.003468146346087 1380.9755885390175 786 791 -1
789 -34.54498832138846 -24.903884146156116 1381.1664418291625 786 792 -1
790 -60.181621776014715 -31.744016975267083 1360.653440537414 787 793 -1
791 -34.123215418569956 -25.006397822983015 1380.952422213322 788 794 -1
792 -34.59110379859387 -24.808103624886964 1381.3328346584085 789 795 -1
793 -60.254261097896936 -31.754472413853822 1360.4811467934812 790 796 -1
794 -33.9346809742587 -25.008730025258288 1380.9306102436763 791 797 -1
795 -34.63837156844357 -24.712680075056696 1381.4991091735487 792 798 -1
796 -60.32677933661283 -31.764423145166553 1360.3087721696447 793 799 -1
797 -33.745983476672244 -25.01043775004827 1380.910195568786 794 800 -1
798 -34.68684174186253 -24.617659278473134 1381.6652681035055 795 801 -1
799 -60.39917159909231 -31.773885216792358 1360.1363170916043 796 802 -1
800 -33.55713088068819 -25.01149312682626 1380.8912222086058 797 803 -1
801 -34.736551775664545 -24.523084674221227 1381.8313152097771 798 804 -1
802 -60.4714333314643 -31.782875838168458 1359.963782062645 799 805 -1
803 -33.36813232116238 -25.0118674218786 1380.8737352428966 800 806 -1
804 -34.78754220792179 -24.429002272533864 1381.9972536021128 801 807 -1
805 -60.54356017051864 -31.791412539297074 1359.7911675485382 802 808 -1
806 -33.1789982007212 -25.011531046319938 1380.8577807832326 803 809 -1
807 -34.839866498226925 -24.335465206591532 1382.1630849750459 804 810 -1
808 -60.61554736344866 -31.799511347293542 1359.6184736537105 805 811 -1
809 -32.989740280407396 -25.01045356830581 1380.843405937854 806 812 -1
810 -34.893558349580886 -24.24252043601094 1382.3288121453186 807 813 -1
811 -60.68739040353999 -31.807188991329703 1359.4457005069037 808 814 -1
812 -32.80037177283674 -25.00860372985582 1380.8306587687441 809 815 -1
813 -34.948672855304295 -24.150226094964413 1382.494435730246 810 816 -1
814 -60.75908510845635 -31.81446287667334 1359.272848287429 811 817 -1
815 -32.610907437445235 -25.00594946871375 1380.819588240293 812 818 -1
816 -35.00525128649014 -24.058636382400085 1382.6599567474202 813 819 -1
817 -60.83062679707612 -31.821348901621555 1359.099916796821 814 820 -1
818 -32.42136354922181 -25.002456128376128 1380.8102478673054 815 821 -1
819 -35.0633350841719 -23.967807258935313 1382.8253754095304 816 822 -1
820 -60.902011054607975 -31.82786361708152 1358.9269058779346 817 823 -1
821 -32.23175806469681 -24.998083344027485 1380.8027018250518 818 824 -1
822 -35.12298647757753 -23.877807991676416 1382.9906896995644 819 825 -1
823 -60.97323381155403 -31.8340241757143 1358.7538154418241 820 826 -1
824 -32.04211172901278 -24.992803182185295 1380.7969881790082 821 827 -1
825 -35.18423961569652 -23.78869548882751 1383.1558985078768 822 828 -1
826 -61.044290390010225 -31.839846306146914 1358.580645008378 823 829 -1
827 -31.85244662921897 -24.98658058302699 1380.7931589279046 824 830 -1
828 -35.247141972538984 -23.700535887825247 1383.3209987500386 825 831 -1
829 -61.11517651498021 -31.84534655864474 1358.407394211185 826 832 -1
830 -31.662786997940007 -24.979376731119054 1380.7912727496428 827 833 -1
831 -35.3117414351154 -23.613398210314426 1383.4859861182892 828 834 -1
832 -61.185888160610034 -31.850541776118177 1358.234062714195 829 835 -1
833 -31.473160049481432 -24.97114265295163 1380.7914071939413 830 836 -1
834 -35.378088264994176 -23.527355817980393 1383.650854805632 831 837 -1
835 -61.256420588207725 -31.85544753143143 1358.0606497795604 832 838 -1
836 -31.283594404350158 -24.96185493171785 1380.7935890457238 833 839 -1
837 -35.44622791787703 -23.442482005016277 1383.8155978486475 834 840 -1
838 -61.32676970477146 -31.860080450276623 1357.8871548976629 835 841 -1
839 -31.094122307370416 -24.951465592400712 1380.797892270707 836 842 -1
840 -35.516201608062666 -23.358849959021775 1383.9802069983054 837 843 -1
841 -61.39693146211557 -31.864457067010257 1357.7135775090521 838 844 -1
842 -30.904778678093304 -24.9399323736541 1380.804378740384 839 845 -1
843 -35.58805306573936 -23.276537341725017 1384.144672114096 840 846 -1
844 -61.46690100540057 -31.868592853956294 1357.539916645235 841 847 -1
845 -30.715599700980558 -24.927223728576582 1380.8130893058756 842 848 -1
846 -35.66182429127608 -23.195623634390937 1384.3089813288216 843 849 -1
847 -61.53667445161852 -31.872504511318507 1357.3661717090704 844 850 -1
848 -30.526628136278575 -24.913283610953957 1380.8241102939585 845 851 -1
849 -35.73755524356927 -23.116189923891792 1384.473120955317 846 852 -1
850 -61.60624767169819 -31.876208311277747 1357.1923419443158 847 853 -1
851 -30.337904816345112 -24.89808566885422 1380.837471550639 848 854 -1
852 -35.81528351877182 -23.038318656246712 1384.637075405381 849 855 -1
853 -61.675615652020575 -31.87971970813976 1357.018426183186 850 856 -1
854 -30.14947878308451 -24.881576431767524 1380.853252809634 851 857 -1
855 -35.89504453691896 -22.962093788007177 1384.8008270682503 852 858 -1
856 -61.744774725005094 -31.8830554247148 1356.8444237854835 853 859 -1
857 -29.961399091827925 -24.863718916106293 1380.8715024160454 854 860 -1
858 -35.976876842823195 -22.887605426497778 1384.9643555849052 855 861 -1
859 -61.813720593661344 -31.88623152240807 1356.6703338123646 856 862 -1
860 -29.773716251057287 -24.844480032062165 1380.8922613204832 857 863 -1
861 -36.06080335717717 -22.814933881890383 1385.1276398399557 858 864 -1
862 -61.88244817968976 -31.889263611970517 1356.4961549826999 859 865 -1
863 -29.586494194540276 -24.823795334035708 1380.9156263211414 860 866 -1
864 -36.14684880336497 -22.744163935652416 1385.2906561184698 861 867 -1
865 -61.95095388553973 -31.892168283952596 1356.321886596056 862 868 -1
866 -29.399785972708703 -24.80164590654076 1380.9416114547473 863 869 -1
867 -36.23503389496592 -22.675379971637444 1385.453378676952 864 870 -1
868 -62.0192332118297 -31.89496151225202 1356.1475275667212 865 871 -1
869 -29.213654574808416 -24.777990811096778 1380.9702701012363 866 872 -1
870 -36.32537504012546 -22.608665536457135 1385.6157797931162 867 873 -1
871 -62.08728113940852 -31.89765915128762 1355.97307659371 868 874 -1
872 -29.028170954486754 -24.75277998559453 1381.0016708968012 869 875 -1
873 -36.41789547132109 -22.544114568990047 1385.7778278447327 870 876 -1
874 -62.155093947251004 -31.90027759393686 1355.7985328842851 871 877 -1
875 -28.84340302796306 -24.725980640739493 1381.0358512728164 872 878 -1
876 -36.5125941347325 -22.481800144940724 1385.9394924571736 873 879 -1
877 -62.222667003284954 -31.902832864805987 1355.6238952812732 874 880 -1
878 -28.65942012899246 -24.697563255585557 1381.072842685823 875 881 -1
879 -36.60947016723306 -22.421797732394033 1386.100740961364 876 882 -1
880 -62.28999525144296 -31.905341009024347 1355.4491624686323 877 883 -1
881 -28.476296933875105 -24.667493898503036 1381.1126838900766 878 884 -1
882 -36.70852213124851 -22.364184880576538 1386.2615383422315 879 885 -1
883 -62.35707485090378 -31.907818312454403 1355.274333610253 880 886 -1
884 -28.294110407291022 -24.635741101414364 1381.1554089062615 881 887 -1
885 -36.80975304361557 -22.309047612015686 1386.4218458027062 882 888 -1
886 -62.42390107638192 -31.91028090635784 1355.0994075385945 883 889 -1
887 -28.112940774337336 -24.602274015319924 1381.2010502110738 884 890 -1
888 -36.91313460641922 -22.256438591065166 1386.5816293748958 885 891 -1
889 -62.49046868499124 -31.9127450265745 1354.924382909817 886 892 -1
890 -27.93287172237872 -24.567062373975173 1381.2496387498804 887 893 -1
891 -37.018646870854774 -22.206421299315057 1386.7408514722392 888 894 -1
892 -62.55677374649097 -31.915226919565576 1354.7492589030064 889 895 -1
893 -27.75398005629031 -24.530091360699025 1381.3011791151312 890 896 -1
894 -37.12627553300012 -22.15906879893585 1386.8994706508502 891 897 -1
895 -62.62281151427834 -31.917742835854533 1354.5740344129722 892 898 -1
896 -27.576347721035933 -24.491341892146583 1381.3556829575077 893 899 -1
897 -37.235982292009076 -22.114425715977724 1387.057450446585 894 900 -1
898 -62.68857634598855 -31.92030928481557 1354.3987080362176 895 901 -1
899 -27.400056679385823 -24.450798556883942 1381.4131555801162 896 902 -1
900 -37.3477268149129 -22.07253412560725 1387.2147540898234 897 903 -1
901 -62.75406428339756 -31.922942502475788 1354.2232790368812 898 904 -1
902 -27.22518834500443 -24.40844978383513 1381.4735957564283 899 905 -1
903 -37.46146905223589 -22.03343686860273 1387.371343722902 900 906 -1
904 -62.819270436004125 -31.925658892408332 1354.0477463730383 901 907 -1
905 -27.05182299588018 -24.364287974620723 1381.5369956120285 902 908 -1
906 -37.57717301957253 -21.997183819280224 1387.527178600574 903 909 -1
907 -62.88418917189747 -31.928475192213533 1353.8721087834476 904 910 -1
908 -26.88003917764545 -24.318309596476738 1381.603340574389 905 911 -1
909 -37.69477642016435 -21.963786315861203 1387.6822276707692 906 912 -1
910 -62.94881590729993 -31.931407843160773 1353.696365446118 907 913 -1
911 -26.70991310705195 -24.270515233249103 1381.6726093934694 908 914 -1
912 -37.81422503171679 -21.93326588570087 1387.8364570439212 909 915 -1
913 -63.01314578865385 -31.934473367404642 1353.5205154979562 910 916 -1
914 -26.541518086273722 -24.220909592875376 1381.7447742343415 911 917 -1
915 -37.935461045986635 -21.905637252169942 1387.9898346148914 912 918 -1
916 -63.07717343302579 -31.937688566819578 1353.344557951872 913 919 -1
917 -26.374923938781112 -24.169501470759844 1381.819800841358 914 920 -1
918 -38.058423500956984 -21.88090830257899 1388.1423303407203 915 921 -1
919 -63.14089316362529 -31.94107049522918 1353.1684917925486 916 922 -1
920 -26.210196477251813 -24.116303669482704 1381.8976487716843 917 923 -1
921 -38.18305131734472 -21.85908479885641 1388.2939149829672 918 924 -1
922 -63.2043003395601 -31.94463566584388 1352.9923164463514 919 925 -1
923 -26.047400387168366 -24.061328898597445 1381.9782755937754 920 926 -1
924 -38.30927595753483 -21.840156674954805 1388.4445646984416 921 927 -1
925 -63.267389575386495 -31.94840101019095 1352.8160311584638 922 928 -1
926 -25.886560936613797 -24.004612923074337 1382.0615790910294 923 929 -1
927 -38.43702811231216 -21.824108487577938 1388.5942581343422 924 930 -1
928 -63.330155008405626 -31.952383835185024 1352.6396351014266 925 931 -1
929 -25.727680870943065 -23.94619957858648 1382.1474308883032 926 932 -1
930 -38.566238712787225 -21.810921143486485 1388.7429760639404 927 933 -1
931 -63.39259101259659 -31.95660136719616 1352.463127628193 928 934 -1
932 -25.570759234800732 -23.886129947141285 1382.2357077386923 929 935 -1
933 -38.69680421323228 -21.800520769038062 1388.89072892679 930 936 -1
934 -63.45469241328371 -31.961070515559747 1352.2865083431811 931 937 -1
935 -25.41578968746815 -23.824444260650264 1382.3262888370327 932 938 -1
936 -38.82855751416927 -21.79273404021866 1389.0375859868884 933 939 -1
937 -63.51645347928599 -31.96580860817768 1352.109776769159 934 940 -1
938 -25.262761028247397 -23.761181716103607 1382.4190561801265 935 941 -1
939 -38.961335381839376 -21.787382278470268 1389.1836272725834 936 942 -1
940 -63.577868236808136 -31.970833211499414 1351.9329324646856 937 943 -1
941 -25.11165771133401 -23.696380322845297 1382.5138948529022 938 944 -1
942 -39.09498386895853 -21.78428665025279 1389.3289381024654 939 945 -1
943 -63.638930269773034 -31.976162337767036 1351.7559749716618 940 946 -1
944 -24.962475353610706 -23.630065096136608 1382.6107079673782 941 947 -1
945 -39.22936264271602 -21.783281126770007 1389.4736037513394 942 948 -1
946 -63.6996342085603 -31.98181311410371 1351.5789042944407 943 949 -1
947 -24.81517936289253 -23.562280786402567 1382.7093742948896 944 950 -1
948 -39.3643416555113 -21.784207638189734 1389.617710321534 945 951 -1
949 -63.75997393230345 -31.98780332504196 1351.4017203283586 946 952 -1
950 -24.669741915598486 -23.49306281032923 1382.8097870345118 947 953 -1
951 -39.49980130915662 -21.786921796056863 1389.7613427756587 948 954 -1
952 -63.81994321558641 -31.99415087895198 1351.2244230778633 949 955 -1
953 -24.526134698005293 -23.42244345711871 1382.911845092449 950 956 -1
954 -39.63562796226025 -21.791282107491973 1389.9045877411213 951 957 -1
955 -63.879535690841344 -32.000873847033006 1351.0470126530895 952 958 -1
956 -24.384341433921552 -23.350442705088238 1383.0154626346703 953 959 -1
957 -39.771713009020154 -21.797142715083677 1390.0475337665869 954 960 -1
958 -63.93874431628986 -32.00799103122744 1350.8694891251641 955 961 -1
959 -24.244324336489385 -23.277093970392695 1383.1205398294162 956 962 -1
960 -39.90795646920012 -21.80437809712566 1390.1902659039733 957 963 -1
961 -63.997563191401035 -32.01552007381612 1350.691853064674 958 964 -1
962 -24.106041819774244 -23.202430746491896 1383.2269795899902 959 965 -1
963 -40.04426178518089 -21.812865630120733 1390.3328700545062 960 966 -1
964 -64.05598564959311 -32.02347940035633 1350.5141049843592 961 967 -1
965 -23.96946667867423 -23.126473135093363 1383.334700567754 962 968 -1
966 -40.1805367694724 -21.82247511833485 1390.4754320814964 963 969 -1
967 -64.11400490748332 -32.03188757290731 1350.336245542661 964 970 -1
968 -23.834573190622056 -23.04923776596085 1383.4436253139188 965 971 -1
969 -40.3166914574528 -21.83310094875601 1390.6180369772017 966 972 -1
970 -64.17161406264559 -32.04076329180836 1350.1582755517188 967 973 -1
971 -23.701307342350983 -22.97076069243155 1383.5536604805243 968 974 -1
972 -40.45264044695089 -21.84462101778562 1390.760768663155 969 975 -1
973 -64.22880609146111 -32.050125397148285 1349.9801959856031 970 976 -1
974 -23.569644375717473 -22.891053768557004 1383.6647365413814 971 977 -1
975 -40.58829811501241 -21.856930118044556 1390.9037115385995 972 978 -1
976 -64.28557384707052 -32.059992869904484 1349.8020079887795 973 979 -1
977 -23.439549899053244 -22.810134320771716 1383.7767798527166 974 980 -1
978 -40.723581160725224 -21.86991995309746 1391.0469489152779 975 981 -1
979 -64.3419098131575 -32.07038513537744 1349.623712826049 976 982 -1
980 -23.31097125422121 -22.728032380754243 1383.8897093568812 977 983 -1
981 -40.858407451330464 -21.883485277083306 1391.1905631101827 978 984 -1
982 -64.39780669890203 -32.08132133846558 1349.4453120400103 979 985 -1
983 -23.183896459480835 -22.644744611656137 1384.0034698041895 980 986 -1
984 -40.99269233614601 -21.897524816983132 1391.3346382223287 981 987 -1
985 -64.45325715272938 -32.09282066826736 1349.266807382535 982 988 -1
986 -23.058265674701566 -22.560304039028047 1384.1179817960035 983 989 -1
987 -41.12635543887029 -21.911935333477633 1391.4792538494132 984 990 -1
988 -64.50825351950827 -32.104902666226586 1349.08820076893 985 991 -1
989 -22.934054204574377 -22.47471464821418 1384.233187249278 986 992 -1
990 -41.25930839637533 -21.92661826668654 1391.6244952855022 987 993 -1
991 -64.56278801258465 -32.11758701453261 1348.9094943306186 988 994 -1
992 -22.811222973956866 -22.38799070484825 1384.3490224114732 989 995 -1
993 -41.39147042598073 -21.941472584453315 1391.7704393903146 990 996 -1
994 -64.61685271257959 -32.13089353478552 1348.7306904249947 991 997 -1
995 -22.689731336596385 -22.300146990952992 1384.4654252771047 992 998 -1
996 -41.522747394057376 -21.95639968088056 1391.9171726498037 993 999 -1
997 -64.67043956637573 -32.144842186155394 1348.5517916454994 994 1000 -1
998 -22.569553295196883 -22.2111849147317 1384.5823413181515 995 1001 -1
999 -41.653056156821215 -21.971299989094934 1392.0647690286992 996 1002 -1
1000 -64.72354038630557 -32.159453063006374 1348.3728008319092 997 1003 -1
1001 -22.450639845276864 -22.121124826525595 1384.6997089635156 998 1004 -1
1002 -41.78229434471017 -21.986072804195814 1392.213316341358 999 1005 -1
1003 -64.77614684955837 -32.174746391956326 1348.193721080828 1000 1006 -1
1004 -22.332971652479586 -22.029960424107863 1384.8174784424245 1001 1007 -1
1005 -41.910375329112235 -22.000619176104564 1392.3628846506226 1002 1008 -1
1006 -64.82825049782284 -32.19074252834217 1348.0145557563699 1003 1009 -1
1007 -22.216497509353832 -21.937713102767905 1384.9355911920293 1004 1010 -1
1008 -42.03718495390612 -22.01483418045741 1392.513563852554 1005 1011 -1
1009 -64.87984273718234 -32.207461952059894 1347.8353085010228 1006 1012 -1
1010 -22.101199592574808 -21.844373317776554 1385.053999381203 1007 1013 -1
1011 -42.16263346593014 -22.028619318904806 1392.665417620052 1008 1014 -1
1012 -64.93091483828124 -32.22492526274836 1347.655983246675 1009 1015 -1
1013 -21.98702927366539 -21.74995961493004 1385.172648551885 1010 1016 -1
1014 -42.286589620882296 -22.04186255698335 1392.818539655627 1011 1017 -1
1015 -64.98145793678094 -32.24315317428516 1347.4765842257873 1012 1018 -1
1016 -21.873966299336544 -21.654463059199713 1385.2914913604968 1013 1019 -1
1017 -42.408958298687836 -22.054465019533964 1392.9729866969833 1014 1020 -1
1018 -65.0314630341258 -32.26216650856297 1347.297115982692 1015 1021 -1
1019 -21.76196812516128 -21.557896022208173 1385.410477351139 1016 1022 -1
1020 -42.52959786364505 -22.06630958772895 1393.1288473403185 1017 1023 -1
1021 -65.08092099863823 -32.28198618851426 1347.1175833849957 1018 1024 -1
1022 -21.65100925472852 -21.460253463872387 1385.5295593187825 1019 1025 -1
1023 -42.64839329734025 -22.0772908119193 1393.2861804451545 1020 1026 -1
1024 -65.12982256696537 -32.30263323035309 1346.937991635061 1021 1027 -1
1025 -21.541055574091153 -21.361538784798203 1385.6486897600746 1022 1028 -1
1026 -42.76520366980512 -22.08729237308775 1393.4450573931747 1023 1029 -1
1027 -65.17815826815551 -32.324128852515315 1346.7583462750886 1024 1030 -1
1028 -21.43207455396984 -21.26175359179005 1385.767822121108 1025 1031 -1
1029 -42.879879576459025 -22.096194120268432 1393.6055462308661 1026 1032 -1
1030 -65.22591813046327 -32.34649492049366 1346.5786531823503 1027 1033 -1
1031 -21.324041830479285 -21.160890020432692 1385.88691008362 1028 1034 -1
1032 -42.99228625692773 -22.10388507755704 1393.767694211899 1029 1035 -1
1033 -65.27309295046312 -32.36975201376517 1346.3989186781466 1030 1036 -1
1034 -21.216916956961143 -21.058958561759447 1386.0059088959363 1031 1037 -1
1035 -43.102243811352345 -22.110231554228182 1393.9315701994399 1032 1038 -1
1036 -65.31967295770275 -32.393921432932416 1346.2191494227438 1033 1039 -1
1037 -21.110685751492674 -20.955938286336945 1386.1247711496355 1034 1040 -1
1038 -43.209599442172276 -22.115116346642203 1394.0972114693382 1035 1041 -1
1039 -65.36564826341113 -32.419024519924356 1346.0393524689216 1036 1042 -1
1040 -21.005302349816546 -20.85184687762872 1386.2434547651567 1037 1043 -1
1041 -43.31418584862378 -22.118416793377047 1394.2646534404073 1038 1044 -1
1042 -65.41100886452699 -32.44508264486246 1345.859535273231 1039 1045 -1
1043 -20.90075462281847 -20.74665929833814 1386.361910791837 1040 1046 -1
1044 -43.41579902776071 -22.11999147373622 1394.4339407199486 1041 1047 -1
1045 -65.45574464823521 -32.472117191939475 1345.6797057070676 1042 1048 -1
1046 -20.79700162058735 -20.640388003688706 1386.4800979692823 1043 1049 -1
1047 -43.5142643313919 -22.119718785748518 1394.6050845372015 1044 1050 -1
1048 -65.5 -32.5 1345.5 1045 -1 -1
1049 -20.69402382677813 -20.53301660397486 1386.597968400892 1046 1051 -1
1050 -43.60939354671925 -22.117472669952544 1394.778090115034 1047 1052 -1
1051 -20.59179145547661 -20.42454281385507 1386.7154778057745 1049 1053 -1
1052 -43.70097889215535 -22.11311903362485 1394.9529575346053 1050 1054 -1
1053 -20.49027644158228 -20.31496223131807 1386.8325815142525 1051 1055 -1
1054 -43.788800383354 -22.10652032382514 1395.1296750764222 1052 1056 -1
1055 -20.389458542274117 -20.204257966635943 1386.9492296865778 1053 1057 -1
1056 -43.87267312898044 -22.0975641379473 1395.3081971893853 1054 1058 -1
1057 -20.289302809768 -20.09243734021616 1387.065382414198 1055 1059 -1
1058 -43.95239079226428 -22.086129677622342 1395.4884725089983 1056 1060 -1
1059 -20.1897966470306 -19.979469600359256 1387.1809821088752 1057 1061 -1
1060 -44.02774278193325 -22.072098535502295 1395.6704339646026 1058 1062 -1
1061 -20.090901867685087 -19.86536948560791 1387.2959927927454 1059 1063 -1
1062 -44.098593232969726 -22.05541949847835 1395.8539735796842 1060 1064 -1
1063 -19.992606196214766 -19.750104051231965 1387.4103532125305 1061 1065 -1
1064 -44.16497338547135 -22.03616756051192 1396.0389270868716 1062 1066 -1
1065 -19.894875482691795 -19.63368288348175 1387.524025008879 1063 1067 -1
1066 -44.226907821230526 -22.014413488414576 1396.225141377721 1064 1068 -1
1067 -19.797693906467416 -19.51607866526482 1387.636947276585 1065 1069 -1
1068 -44.28441793986366 -21.990224254166883 1396.412471322648 1066 1070 -1
1069 -19.701032367968914 -19.397292774933547 1387.749076229326 1067 1071 -1
1070 -44.337527895216446 -21.963666698555137 1396.600777233424 1068 1072 -1
1071 -19.60487249087867 -19.277302753399315 1387.860351133802 1069 1073 -1
1072 -44.38630706295247 -21.934829456331105 1396.7899176878577 1070 1074 -1
1073 -19.50918819884991 -19.15610506802625 1387.970723513069 1071 1075 -1
1074 -44.4308048664186 -21.903787821637604 1396.979763988846 1072 1076 -1
1075 -19.41396047121539 -19.033678748053816 1388.0801304897475 1073 1077 -1
1076 -44.47104232002052 -21.870601013341638 1397.1701975399203 1074 1078 -1
1077 -19.31916443425875 -18.91001947389383 1388.188520981442 1075 1079 -1
1078 -44.507099475748845 -21.83535603551161 1397.3610981106797 1076 1080 -1
1079 -19.22478212712411 -18.78510362941861 1388.2958261435265 1077 1081 -1
1080 -44.53904316273377 -21.79813056865484 1397.55235535106 1078 1082 -1
1081 -19.130788342939663 -18.658931091768284 1388.4019959992183 1079 1083 -1
1082 -44.56690094782179 -21.758981935871724 1397.7438674604398 1080 1084 -1
1083 -19.037167615813757 -18.53147070104431 1388.5069501219464 1081 1085 -1
1084 -44.59075541503348 -21.71799169840625 1397.9355347054598 1082 1086 -1
1085 -18.943893638475128 -18.40273072053324 1388.610643572129 1083 1087 -1
1086 -44.610678982652416 -21.675234186812894 1398.1272650876735 1084 1088 -1
1087 -18.850953298785814 -18.27267180621314 1388.7129817586454 1085 1089 -1
1088 -44.62668803322912 -21.630757541280133 1398.3189713415875 1086 1090 -1
1089 -18.758321532960732 -18.141303270987425 1388.8139171924872 1087 1091 -1
1090 -44.63889076741449 -21.58464851807789 1398.5105719958192 1088 1092 -1
1091 -18.6659823154212 -18.008600088556374 1388.9133637759037 1089 1093 -1
1092 -44.6473197870182 -21.536959453051992 1398.701989194586 1090 1094 -1
1093 -18.573917898303446 -17.874550304793054 1389.0112466346707 1091 1095 -1
1094 -44.65204047522264 -21.487755397676683 1398.8931502161715 1092 1096 -1
1095 -18.48212131876326 -17.739172543114396 1389.1075405575793 1093 1097 -1
1096 -44.653118944876425 -21.437099950549012 1399.0839873111358 1094 1098 -1
1097 -18.39060273740308 -17.602473205334608 1389.202218546682 1095 1099 -1
1098 -44.6505880878706 -21.38504249551274 1399.274433051684 1096 1100 -1
1099 -18.299365470434402 -17.46449285276336 1389.2952961954586 1097 1101 -1
1100 -44.64453354816252 -21.331651462613998 1399.4644297924428 1098 1102 -1
1101 -18.208414524254827 -17.32526121089839 1389.3867771454773 1099 1103 -1
1102 -44.6349682537 -21.27696679342703 1399.6539136831977 1100 1104 -1
1103 -18.117758630974595 -17.184791067592602 1389.476643430105 1101 1105 -1
1104 -44.62198421311696 -21.221056409045605 1399.8428357214602 1102 1106 -1
1105 -18.027399544011885 -17.043122978534996 1389.5649138924675 1103 1107 -1
1106 -44.605585382938095 -21.16395572056766 1400.0311352457677 1104 1108 -1
1107 -17.937340604043932 -16.900288114727207 1389.6515965889087 1105 1109 -1
1108 -44.58585901780063 -21.105728265283098 1400.2187694174227 1106 1110 -1
1109 -17.847587000142102 -16.756308957398446 1389.736688399956 1107 1111 -1
1110 -44.562809437709745 -21.046408609262347 1400.4056813397412 1108 1112 -1
1111 -17.758141725100256 -16.611214886263525 1389.8201963217423 1109 1113 -1
1112 -44.53651005552291 -20.986053333835144 1400.5918312105791 1110 1114 -1
1113 -17.669004856083095 -16.465043375910874 1389.9021403651832 1111 1115 -1
1114 -44.50697318874385 -20.924698737879 1400.7771671143043 1112 1116 -1
1115 -17.58017789790685 -16.317824484549 1389.9825313543893 1113 1117 -1
1116 -44.474251283697086 -20.862393005281206 1400.9616488180648 1114 1118 -1
1117 -17.491663936636638 -16.169581477862607 1390.0613707408277 1115 1119 -1
1118 -44.438370597369115 -20.799175773606013 1401.145230959739 1116 1120 -1
1119 -17.403462021532007 -16.020349082021973 1390.1386783622866 1117 1121 -1
1120 -44.39935735485582 -20.735086347605932 1401.3278693224916 1118 1122 -1
1121 -17.3155705349608 -15.87016167104609 1390.214475356927 1119 1123 -1
1122 -44.357256041071736 -20.670168479965167 1401.5095267796114 1120 1124 -1
1123 -17.22798839824098 -15.719049791652647 1390.288778418371 1121 1125 -1
1124 -44.31206317674115 -20.60445291066702 1401.6901517014007 1122 1126 -1
1125 -17.140715103513415 -15.56704054859022 1390.361599838305 1123 1127 -1
1126 -44.26383861022905 -20.53798628079808 1401.8697147363396 1124 1128 -1
1127 -17.053748809621624 -15.414163255085912 1390.4329566612805 1125 1129 -1
1128 -44.21256400642863 -20.470795672474853 1402.048159821927 1126 1130 -1
1129 -16.96708473735643 -15.260453387552415 1390.5028781395056 1127 1131 -1
1130 -44.158290883864865 -20.402924678473763 1402.2254569145243 1128 1132 -1
1131 -16.88071932903316 -15.105940905971888 1390.5713859414104 1129 1133 -1
1132 -44.10101593730674 -20.334404086249865 1402.40155579553 1130 1134 -1
1133 -16.794648440610185 -14.950655498791264 1390.6385028302425 1131 1135 -1
1134 -44.0407583062513 -20.265269745636953 1402.5764150673754 1132 1136 -1
1135 -16.708869358818248 -14.794621515263941 1390.704243158992 1133 1137 -1
1136 -43.97753668706613 -20.195557212954306 1402.749993578344 1134 1138 -1
1137 -16.623375289225244 -14.63787202609883 1390.768638858327 1135 1139 -1
1138 -43.91134015758769 -20.125296592552655 1402.9222369296738 1136 1140 -1
1139 -16.53815981484556 -14.48043715812227 1390.8317184405191 1137 1141 -1
1140 -43.842206640376816 -20.054526944255745 1403.0931127007373 1138 1142 -1
1141 -16.45321661001645 -14.322345049118923 1390.89350839551 1139 1143 -1
1142 -43.77009900018276 -19.983274778240713 1403.2625527356336 1140 1144 -1
1143 -16.368538853386656 -14.16362337526081 1390.9540359921034 1141 1145 -1
1144 -43.69506379969521 -19.911580451245467 1403.4305287281811 1142 1146 -1
1145 -16.284121355866123 -14.004294485218667 1391.013319066714 1143 1147 -1
1146 -43.61706211465126 -19.839471710340636 1403.59696894049 1144 1148 -1
1147 -16.19995425365933 -13.844390045724813 1391.071396257001 1145 1149 -1
1148 -43.536126573628195 -19.76698686651236 1403.7618375173738 1146 1150 -1
1149 -16.116029214777875 -13.683936515465396 1391.1282974792396 1147 1151 -1
1150 -43.452223260425114 -19.694156207145635 1403.925061809653 1148 1152 -1
1151 -16.032337637561763 -13.522959485202131 1391.1840525207488 1149 1153 -1
1152 -43.36537454713615 -19.621017253762613 1404.0865988722626 1150 1154 -1
1153 -15.94887076831781 -13.36148347416187 1391.2386904647617 1151 1155 -1
1154 -43.275544864446566 -19.547602265767043 1404.2463707945415 1152 1156 -1
1155 -15.865620658767481 -13.199529888405237 1391.292234722684 1153 1157 -1
1156 -43.18275586905123 -19.4739495581182 1404.4043317733797 1154 1158 -1
1157 -15.78257578318312 -13.037126658012774 1391.3447254104476 1155 1159 -1
1158 -43.08696078949957 -19.400093083409715 1404.5603916392245 1156 1160 -1
1159 -15.699726102841886 -12.87429712845429 1391.3961939868375 1157 1161 -1
1160 -42.98818544200655 -19.326072726306762 1404.7145037506461 1158 1162 -1
1161 -15.617061275256335 -12.711064084988585 1391.4466722102973 1159 1163 -1
1162 -42.88637988557168 -19.25192537700756 1404.8665691979256 1160 1164 -1
1163 -15.534571431865233 -12.547448089155758 1391.4961877992346 1161 1165 -1
1164 -42.781556292320914 -19.17769214232447 1405.0165274266162 1162 1166 -1
1165 -15.452245605436838 -12.383470938505148 1391.5447729610082 1163 1167 -1
1166 -42.67369058413224 -19.1034140383656 1405.1642899944563 1164 1168 -1
1167 -15.37007177037211 -12.219155686008909 1391.592464967115 1165 1169 -1
1168 -42.56275337722338 -19.029134285413896 1405.309759624842 1166 1170 -1
1169 -15.288038558167653 -12.05452292326035 1391.6392963876112 1167 1171 -1
1170 -42.448749331081565 -18.954897645866165 1405.4528606355368 1168 1172 -1
1171 -15.20613449998872 -11.889592469887692 1391.6852991873845 1169 1173 -1
1172 -42.331645891208524 -18.880751201008724 1405.5934841691121 1170 1174 -1
1173 -15.124348705858898 -11.724381707611407 1391.7304996285689 1171 1175 -1
1174 -42.21142043595923 -18.806744604054266 1405.7315228050447 1172 1176 -1
1175 -15.04266801262777 -11.558912498071926 1391.7749383360235 1173 1177 -1
1176 -42.088070997274954 -18.73292866666088 1405.866880972118 1174 1178 -1
1177 -14.961080319526506 -11.393203423254727 1391.8186481727776 1175 1179 -1
1178 -41.96157894308048 -18.659357442902905 1405.9994431446164 1176 1180 -1
1179 -14.879573387313302 -11.227272602943863 1391.8616620061584 1177 1181 -1
1180 -41.831913724218246 -18.586089459047486 1406.1290748781196 1178 1182 -1
1181 -14.798135448330257 -11.061135707013525 1391.9040059022884 1179 1183 -1
1182 -41.69906890302422 -18.513184485429047 1406.2556554617536 1180 1184 -1
1183 -14.716753175315802 -10.894812265291952 1391.9457198284615 1181 1185 -1
1184 -41.563038814889545 -18.440705263069468 1406.3790571521715 1182 1186 -1
1185 -14.635413961968602 -10.728319198473372 1391.9868368377818 1183 1187 -1
1186 -41.42381399417959 -18.368718749180893 1406.4991391854624 1184 1188 -1
1187 -14.554105167360671 -10.561672815867512 1392.0273891022046 1185 1189 -1
1188 -41.28138900661884 -18.297295620217366 1406.6157542954152 1186 1190 -1
1189 -14.472814063015077 -10.394888039758511 1392.0674043631905 1187 1191 -1
1190 -41.13576330132874 -18.22651042416428 1406.7287488083796 1188 1192 -1
1191 -14.391527520775053 -10.227982255819063 1392.1069212622635 1189 1193 -1
1192 -40.986942135881584 -18.15644170198094 1406.8379628429188 1190 1194 -1
1193 -14.310232703560857 -10.060970859045804 1392.1459722211791 1191 1195 -1
1194 -40.83493756989388 -18.087172069103964 1406.9432306326241 1192 1196 -1
1195 -14.228916556279268 -9.89386853135079 1392.1845873870377 1193 1197 -1
1196 -40.679769519179196 -18.018788246785775 1407.0443809912765 1194 1198 -1
1197 -14.147565863490925 -9.726690193131848 1392.2227987027227 1195 1199 -1
1198 -40.521466858315165 -17.9513810320338 1407.141237939789 1196 1200 -1
1199 -14.066167864194956 -9.559451032145388 1392.2606413655765 1197 1201 -1
1200 -40.3600685546546 -17.8850451941236 1407.2336215137568 1198 1202 -1
1201 -13.984709645969517 -9.392165328594363 1392.2981472718557 1199 1203 -1
1202 -40.195624811423826 -17.819879285209435 1407.3213487688054 1200 1204 -1
1203 -13.903177186738413 -9.224846909963146 1392.3353446838296 1201 1205 -1
1204 -40.02819819175917 -17.755985352587174 1407.4042349979914 1202 1206 -1
1205 -13.82155826731878 -9.057510202484087 1392.372269224879 1203 1207 -1
1206 -39.85786468957355 -17.69346854082273 1407.482095171043 1204 1208 -1
1207 -13.73983841272123 -8.890165496747134 1392.4089333394897 1205 1209 -1
1208 -39.684714707389645 -17.63243657340543 1407.5547455990973 1206 1210 -1
1209 -13.657997517399176 -8.722813976026304 1392.4452950794966 1207 1211 -1
1210 -39.50885389616764 -17.572999105952317 1407.6220058206682 1208 1212 -1
1211 -13.576016174012553 -8.555455497909636 1392.4813066727468 1209 1213 -1
1212 -39.33040380823394 -17.51526694637784 1407.6837006949104 1210 1214 -1
1213 -13.493875704055258 -8.388090205766034 1392.5169217539299 1211 1215 -1
1214 -39.149502312324145 -17.459351141910595 1407.7396626770396 1212 1216 -1
1215 -13.411555698681765 -8.220718475394987 1392.5520891947247 1213 1217 -1
1216 -38.96629531841428 -17.405369953234022 1407.7897104512056 1214 1218 -1
1217 -13.329036509203522 -8.053341076891567 1392.5867592443099 1215 1219 -1
1218 -38.78096306825394 -17.353424612444723 1407.833721371785 1216 1220 -1
1219 -13.246300822268303 -7.885959209466528 1392.6208874330766 1217 1221 -1
1220 -38.59369237207186 -17.303619646605263 1407.8715671477337 1218 1222 -1
1221 -13.163328825857253 -7.718574430141069 1392.6544224316638 1219 1223 -1
1222 -38.4046917658618 -17.256036216634847 1407.9031541585778 1220 1224 -1
1223 -13.080100540119025 -7.5511888008815395 1392.6873117719078 1221 1225 -1
1224 -38.21423732918762 -17.210590460906566 1407.9285563139797 1222 1226 -1
1225 -12.996600145782796 -7.383804877883931 1392.7195127579266 1223 1227 -1
1226 -38.022619912835744 -17.16710787402185 1407.9479432509474 1224 1228 -1
1227 -12.912808528379694 -7.216425749194861 1392.7509736049267 1225 1229 -1
1228 -37.83010664234774 -17.125406472417268 1407.9615000925733 1226 1230 -1
1229 -12.828705421729255 -7.049055185893239 1392.7816386578418 1227 1231 -1
1230 -37.636940435184265 -17.085300165467608 1407.9694220065523 1228 1232 -1
1231 -12.744276603540168 -6.881697400714966 1392.8114668160777 1229 1233 -1
1232 -37.44334060299952 -17.046600887290428 1407.9719101416417 1230 1234 -1
1233 -12.659503847771987 -6.714357375959807 1392.8404057938867 1231 1235 -1
1234 -37.249503983728836 -17.009120360686385 1407.969168157023 1232 1236 -1
1235 -12.574366633068408 -6.547041055872425 1392.86839617034 1233 1237 -1
1236 -37.05560644373847 -16.97267150508987 1407.9613993427438 1234 1238 -1
1237 -12.488852502749683 -6.379754610439252 1392.8953984278546 1235 1239 -1
1238 -36.86180461373265 -16.93706951437679 1407.9488043013582 1236 1240 -1
1239 -12.402944458583207 -6.212505279200711 1392.9213601063113 1237 1241 -1
1240 -36.66823774750245 -16.902132638884428 1407.9315791427516 1238 1242 -1
1241 -12.316621643129286 -6.045301717339351 1392.9462170502097 1239 1243 -1
1242 -36.47502961731094 -16.86768271010484 1407.9099141341417 1240 1244 -1
1243 -12.229873665513866 -5.8781523403552445 1392.969931660561 1241 1245 -1
1244 -36.2822903820994 -16.83354544732434 1407.8839927435606 1242 1246 -1
1245 -12.142685268894263 -5.711066975664535 1392.9924521101818 1243 1247 -1
1246 -36.090118383923624 -16.799550584012447 1407.8539910159338 1244 1248 -1
1247 -12.055035027431698 -5.544057646624611 1393.013707989713 1245 1249 -1
1248 -35.89860341101573 -16.765531445133618 1407.8200692582327 1246 1250 -1
1249 -11.966915081704865 -5.377135256760335 1393.03366443283 1247 1251 -1
1250 -35.707828397284636 -16.731323345414754 1407.782376632232 1248 1252 -1
1251 -11.878311693821676 -5.210312676709879 1393.0522690319676 1249 1253 -1
1252 -35.5178629607084 -16.696767230921296 1407.741084097726 1250 1254 -1
1253 -11.789205206901878 -5.043605514599775 1393.0694506603766 1251 1255 -1
1254 -35.32877397545164 -16.661707342829303 1407.6963368903816 1252 1256 -1
1255 -11.699588225741445 -4.877027923119128 1393.0851709220617 1253 1257 -1
1256 -35.14063045806306 -16.625985547057144 1407.6482516542537 1254 1258 -1
1257 -11.609449685137225 -4.710596021102381 1393.099379416779 1255 1259 -1
1258 -34.95348972706087 -16.589451253698382 1407.5969699264415 1256 1260 -1
1259 -11.518772934662454 -4.544329231218473 1393.1120083061535 1257 1261 -1
1260 -34.767405212000845 -16.55195871442008 1407.542627197906 1258 1262 -1
1261 -11.427551150151702 -4.378247556329832 1393.1230473026894 1259 1263 -1
1262 -34.58244251862303 -16.513350638457748 1407.4853164722722 1260 1264 -1
1263 -11.335778347560948 -4.212372992874912 1393.1325228013407 1261 1265 -1
1264 -34.39865069511126 -16.4734865366352 1407.425169155484 1262 1266 -1
1265 -11.24344231933977 -4.046729724353885 1393.1404463698805 1263 1267 -1
1266 -34.21608424125098 -16.432222693637566 1407.3622954868836 1264 1268 -1
1267 -11.150534224717923 -3.881340432025766 1393.1468401514567 1265 1269 -1
1268 -34.034810358954644 -16.389401539192367 1407.2967788727774 1266 1270 -1
1269 -11.057049709764122 -3.7162251132754287 1393.1517381406914 1267 1271 -1
1270 -33.85487322749047 -16.34489623419514 1407.2287480644154 1268 1272 -1
1271 -10.96297803555757 -3.5514062572032543 1393.155157905983 1269 1273 -1
1272 -33.67634849903151 -16.298543525327407 1407.1582738150223 1270 1274 -1
1273 -10.86830647404003 -3.386907320378212 1393.1571134430396 1271 1275 -1
1274 -33.4992875469244 -16.250215522785325 1407.0854724062629 1272 1276 -1
1275 -10.773032515251423 -3.2227457668002075 1393.1576437107312 1273 1277 -1
1276 -33.323764108248696 -16.1997594191027 1407.0104263709522 1274 1278 -1
1277 -10.677146948807454 -3.058942106333199 1393.1567712820502 1275 1279 -1
1278 -33.14984737799261 -16.147033830535033 1406.9332309960987 1276 1280 -1
1279 -10.58063310731368 -2.895521242751254 1393.1545031772764 1277 1281 -1
1280 -32.97760883218553 -16.09190088025782 1406.8539823082235 1278 1282 -1
1281 -10.483490458356785 -2.73249783640216 1393.1508824459586 1279 1283 -1
1282 -32.807136790282186 -16.03420562960198 1406.772762953565 1280 1284 -1
1283 -10.385710239631305 -2.569890990680708 1393.1459334524734 1281 1285 -1
1284 -32.638502510516886 -15.973826195161097 1406.689679839674 1282 1286 -1
1285 -10.287275057380649 -2.4077254483365014 1393.1396639402199 1283 1287 -1
1286 -32.47181484403504 -15.910594883478765 1406.6048096853174 1284 1288 -1
1287 -10.188183403919366 -2.2460149420928524 1393.1321139945887 1285 1289 -1
1288 -32.307146037945905 -15.844407569269963 1406.518269017396 1286 1290 -1
1289 -10.088427443519505 -2.084776918317006 1393.1233103313207 1287 1291 -1
1290 -32.14462681448595 -15.775085547981764 1406.4301342640533 1288 1292 -1
1291 -9.98799034588731 -1.9240351476561706 1393.1132636712719 1289 1293 -1
1292 -31.984332649484937 -15.702542267152975 1406.340529899909 1290 1294 -1
1293 -9.886868787441125 -1.7638033334012828 1393.1020097577905 1291 1295 -1
1294 -31.826411360330322 -15.626599145448319 1406.2495403219564 1292 1296 -1
1295 -9.785056127416167 -1.6040970877661802 1393.0895775173651 1293 1297 -1
1296 -31.670948427931894 -15.54718011414215 1406.157294048075 1294 1298 -1
1297 -9.682535552198697 -1.4449396567486783 1393.0759792251552 1295 1299 -1
1298 -31.518102046443495 -15.464120233683772 1406.063889440897 1296 1300 -1
1299 -9.579303117495549 -1.286344138317109 1393.061248714517 1297 1301 -1
1300 -31.36797055227407 -15.377352323898371 1405.9694589181229 1298 1302 -1
1301 -9.475352908491507 -1.1283247081133403 1393.0454157152885 1299 1303 -1
1302 -31.220721168149392 -15.286729998373922 1405.8741155013488 1300 1304 -1
1303 -9.370667383144456 -0.9709047989809295 1393.0284926920847 1301 1305 -1
1304 -31.07645959687467 -15.19220422069924 1405.7779983211985 1302 1306 -1
1305 -9.26524357872381 -0.8140958216236756 1393.010513986468 1303 1307 -1
1306 -30.935363596853886 -15.09364716897688 1405.6812338999002 1304 1308 -1
1307 -9.159075639588284 -0.6579111642318595 1392.9915087573947 1305 1309 -1
1308 -30.79752855732856 -14.991049890686448 1405.58397047738 1306 1310 -1
1309 -9.05214434410358 -0.5023754292487087 1392.9714884163898 1307 1311 -1
1310 -30.663023170565296 -14.884436488803809 1405.4863645039727 1308 1312 -1
1311 -8.944449736869924 -0.34749672363102707 1392.9504900771926 1309 1313 -1
1312 -30.531723106869936 -14.774047091638256 1405.3885909785738 1310 1314 -1
1313 -8.835984694982608 -0.19328895664719675 1392.928540514863 1311 1315 -1
1314 -30.40357923602031 -14.660013802678412 1405.290811101146 1312 1316 -1
1315 -8.726728514356738 -0.03977796344903817 1392.9056506378636 1313 1317 -1
1316 -30.278470543440843 -14.542535196377397 1405.1931788547324 1314 1318 -1
1317 -8.61668534932771 0.11303243175120034 1392.8818607055532 1315 1319 -1
1318 -30.156307874515477 -14.421757759852005 1405.0958407622659 1316 1320 -1
1319 -8.505843113379452 0.26512420778755624 1392.8571913819057 1317 1321 -1
1320 -30.036998394320346 -14.297818828864903 1404.9989381769083 1318 1322 -1
1321 -8.394190717245912 0.4164797728896168 1392.8316625902742 1319 1323 -1
1322 -29.920416470740424 -14.170879632828507 1404.9026005653689 1320 1324 -1
1323 -8.281738336567216 0.5671004861801884 1392.8053121030835 1321 1325 -1
1324 -29.806485585952938 -14.041036474432758 1404.8069635055879 1322 1326 -1
1325 -8.168477817786977 0.7169711600937676 1392.7781582992384 1323 1327 -1
1326 -29.695080934232024 -13.908428908927688 1404.7121466895574 1324 1328 -1
1327 -8.054412554759224 0.8660875379773579 1392.7502314209348 1325 1329 -1
1328 -29.586093771056834 -13.773170331678768 1404.6182690153998 1326 1330 -1
1329 -7.93954801125204 1.0144477775507583 1392.7215630425776 1327 1331 -1
1330 -29.479446857686785 -13.635331757862085 1404.5254620747098 1328 1332 -1
1331 -7.823869244505981 1.1620308501902057 1392.6921664133388 1329 1333 -1
1332 -29.3750097026044 -13.495036174962808 1404.433831230685 1330 1334 -1
1333 -7.707389961931883 1.3088433286489503 1392.6620803912103 1331 1335 -1
1334 -29.27268718912463 -13.352361711865022 1404.343496562435 1332 1336 -1
1335 -7.590103018372557 1.4548720890598419 1392.6313252676205 1333 1337 -1
1336 -29.172392961786908 -13.207370842318104 1404.2545865020177 1334 1338 -1
1337 -7.472004631579943 1.6001073370034553 1392.5999247197576 1335 1339 -1
1338 -29.074008642452426 -13.06015824104895 1404.1672064665902 1336 1340 -1
1339 -7.353101833749718 1.7445501431030188 1392.5679105588506 1337 1341 -1
1340 -28.97744790934154 -12.910777672938112 1404.0814871762711 1338 1342 -1
1341 -7.233379633931044 1.8881799826809034 1392.5352980930786 1339 1343 -1
1342 -28.882616180271366 -12.759288714709966 1403.9975564501597 1340 1344 -1
1343 -7.112846915203835 2.031000129275708 1392.502120207863 1341 1345 -1
1344 -28.789406909471413 -12.605763347259199 1403.9155299994413 1342 1346 -1
1345 -6.9914981876411755 2.1729997388424387 1392.4683991930797 1343 1347 -1
1346 -28.697745564940973 -12.450230470977992 1403.8355671267152 1344 1348 -1
1347 -6.869325530621642 2.314165504854678 1392.4341563103094 1345 1349 -1
1348 -28.60752331696305 -12.292761563131819 1403.7577866862166 1346 1350 -1
1349 -6.74633614116152 2.4544995707644346 1392.3994220500833 1347 1351 -1
1350 -28.518658101345796 -12.133391451730139 1403.6823517956036 1348 1352 -1
1351 -6.622514598365978 2.5939810793802693 1392.3642134471406 1349 1353 -1
1352 -28.431056701351817 -11.972169347291803 1403.6094156915956 1350 1354 -1
1353 -6.497866358781322 2.732610553303517 1392.3285596960138 1351 1355 -1
1354 -28.344630175344452 -11.809138291164023 1403.5391481951985 1352 1356 -1
1355 -6.3723871087842054 2.870378571480184 1392.2924841895758 1353 1357 -1
1356 -28.259289458670914 -11.644342238929418 1403.4717288532038 1354 1358 -1
1357 -6.246064928280581 3.0072677076947607 1392.256007084971 1355 1359 -1
1358 -28.174947778793303 -11.477822402486778 1403.4073574785564 1356 1360 -1
1359 -6.118907204842435 3.143280686752271 1392.2191575361542 1357 1361 -1
1360 -28.091511280004845 -11.309635749950044 1403.3462215684121 1358 1362 -1
1361 -5.990899257294164 3.278397057295574 1392.18195483295 1359 1363 -1
1362 -28.008901729823236 -11.139812872469 1403.2885870205405 1360 1364 -1
1363 -5.862041467380043 3.412612108118952 1392.1444249504739 1361 1365 -1
1364 -27.92702242442757 -10.9684258694813 1403.234661482675 1362 1366 -1
1365 -5.732333331158392 3.5459202142571558 1392.1065929908052 1363 1367 -1
1366 -27.84578704051536 -10.795534332606108 1403.1847125826873 1364 1368 -1
1367 -5.601755935009089 3.6782958711481224 1392.0684782155977 1365 1369 -1
1368 -27.765109617865733 -10.621205550243255 1403.1390391370307 1366 1370 -1
1369 -5.4703184494554895 3.8097435628584226 1392.0301090902437 1367 1371 -1
1370 -27.684902724245497 -10.445522699385867 1403.0979589149483 1368 1372 -1
1371 -5.338009830897377 3.940245910745471 1391.9915076699 1369 1373 -1
1372 -27.60507803505802 -10.268590132685823 1403.0617958878076 1370 1374 -1
1373 -5.2048204080838785 4.069786696759856 1391.9526971169146 1371 1375 -1
1374 -27.52555025926991 -10.090527237776843 1403.0309173162793 1372 1376 -1
1375 -5.070753778564804 4.1983640445060075 1391.9137035437946 1373 1377 -1
1376 -27.446235984702433 -9.911478502662384 1403.0057183101749 1374 1378 -1
1377 -4.9357949734869 4.3259554422289535 1391.874549324328 1375 1379 -1
1378 -27.36705495080307 -9.731618803470557 1402.9866215995196 1376 1380 -1
1379 -4.799940926820381 4.45255116351868 1391.8352595252256 1377 1381 -1
1380 -27.287931654842716 -9.55115801512581 1402.9741012007369 1378 1382 -1
1381 -4.663191043154625 4.578144058465233 1391.7958592414932 1379 1383 -1
1382 -27.208796878882804 -9.370352992555631 1402.9686326678097 1380 1384 -1
1383 -4.525528371293638 4.702708254913388 1391.7563720456837 1381 1385 -1
1384 -27.12959119723003 -9.189510030614496 1402.9706970286368 1382 1386 -1
1385 -4.386952993878893 4.826236640014034 1391.7168236021405 1383 1387 -1
1386 -27.05026701303975 -9.008993616703622 1402.9808348441256 1384 1388 -1
1387 -4.247461935400479 4.948718402752292 1391.6772390025328 1385 1389 -1
1388 -26.970792416024363 -8.829235755891002 1402.999579003982 1386 1390 -1
1389 -4.1070386725967705 5.070126703925974 1391.6376434195452 1387 1391 -1
1390 -26.891155666145394 -8.65073525556868 1403.0274188300332 1388 1392 -1
1391 -3.9656821261931468 5.19045193471688 1391.5980627373629 1389 1393 -1
1392 -26.81136762813202 -8.474068631300895 1403.0648546700597 1390 1394 -1
1393 -3.8233892142266996 5.3096818332744204 1391.5585226171056 1391 1395 -1
1394 -26.731466256920793 -8.29988411396994 1403.112321531467 1392 1396 -1
1395 -3.6801467320116297 5.427791697021284 1391.5190496259759 1393 1397 -1
1396 -26.65151859136727 -8.128874687021138 1403.170122034507 1394 1398 -1
1397 -3.535947263642757 5.544762908408598 1391.4796706692157 1395 1399 -1
1398 -26.57162164525813 -7.961807013248499 1403.2385396964955 1396 1400 -1
1399 -3.390790373052272 5.6605846488926055 1391.4404119821222 1397 1401 -1
1400 -26.49195741018609 -7.799316204973035 1403.3174480612008 1398 1402 -1
1401 -3.2446689630399543 5.775237562802433 1391.4013006829648 1399 1403 -1
1402 -26.412806643604064 -7.641778273206369 1403.4062957953968 1400 1404 -1
1403 -3.0975650007023723 5.8886880337975676 1391.3623666264416 1401 1405 -1
1404 -26.33444231321071 -7.489528060538581 1403.5045638000888 1402 1406 -1
1405 -2.949482196584642 6.000928244195792 1391.3236362373389 1403 1407 -1
1406 -26.25710636447403 -7.3427977009632315 1403.6116498632475 1404 1408 -1
1407 -2.8004142366251243 6.111937425084693 1391.2851378878875 1405 1409 -1
1408 -26.18101788847369 -7.201784036408688 1403.7269949229499 1406 1410 -1
1409 -2.6503543490292265 6.221693349705904 1391.2469005614441 1407 1411 -1
1410 -26.106388142652488 -7.066694739813077 1403.8501229202957 1408 1412 -1
1411 -2.4992864131195693 6.330160720979599 1391.2089568170309 1409 1413 -1
1412 -26.03338884737464 -6.937620560308344 1403.980470982341 1410 1414 -1
1413 -2.347213422505351 6.437327621892609 1391.171334263078 1411 1415 -1
1414 -25.962209251770915 -6.814746260124424 1404.1176401892085 1412 1416 -1
1415 -2.1941296929889202 6.543170115915372 1391.1340633509792 1413 1417 -1
1416 -25.89299255440578 -6.698122359637171 1404.261126066131 1414 1418 -1
1417 -2.0400293194361265 6.647662818849922 1391.0971752633866 1415 1419 -1
1418 -25.825914451224143 -6.587920016366015 1404.410580050029 1416 1420 -1
1419 -1.8849058730436394 6.7507783663719 1391.0607021546791 1417 1421 -1
1420 -25.76110364670843 -6.484181518816007 1404.5655593578033 1418 1422 -1
1421 -1.7287480996067452 6.852481276454098 1391.024679327845 1419 1423 -1
1422 -25.698734579863906 -6.387088056918795 1404.7257585442462 1420 1424 -1
1423 -1.5715585525194757 6.952753535752869 1390.9891368186688 1421 1425 -1
1424 -25.638934361694172 -6.296697101965643 1404.890786490698 1422 1426 -1
1425 -1.4133329042773095 7.05156637564014 1390.9541082887229 1423 1427 -1
1426 -25.58187318318306 -6.21318330624033 1405.0603456412985 1424 1428 -1
1427 -1.254067351205618 7.148890149305819 1390.9196280642673 1425 1429 -1
1428 -25.52769976437849 -6.1366672994918074 1405.23410208988 1426 1430 -1
1429 -1.0937586743809076 7.2446943260657966 1390.885731146383 1427 1431 -1
1430 -25.47657726230312 -6.067305795186499 1405.4117427304213 1428 1432 -1
1431 -0.932404353645501 7.338947523614247 1390.8524530751604 1429 1433 -1
1432 -25.4286891385228 -6.00529986544229 1405.5929679348276 1430 1434 -1
1433 -0.7700103286011969 7.431623143596646 1390.819807444828 1431 1435 -1
1434 -25.384191017667714 -5.950785581127394 1405.7774363835279 1432 1436 -1
1435 -0.6065968217526062 7.522701347633549 1390.7877587229784 1433 1437 -1
1436 -25.34330753578372 -5.904046222461937 1405.964851001377 1434 1438 -1
1437 -0.44219505509084533 7.61217821447655 1390.7562582850367 1435 1439 -1
1438 -25.306158975117036 -5.865220209364276 1406.1548312826383 1436 1440 -1
1439 -0.27683220928963803 7.7000446137988385 1390.7252590726223 1437 1441 -1
1440 -25.272800486137843 -5.834600965227715 1406.347001718149 1438 1442 -1
1441 -0.11053565971351956 7.786292652339877 1390.6947130358176 1439 1443 -1
1442 -25.243208994437808 -5.81237999003447 1406.540935072084 1440 1444 -1
1443 0.056666985654927976 7.870915776651731 1390.6645711705457 1441 1445 -1
1444 -25.217392204220353 -5.798814572464725 1406.7362010566428 1442 1446 -1
1445 0.22474792269760435 7.953908749194604 1390.6347836020716 1443 1447 -1
1446 -25.19533993228935 -5.794118437771775 1406.9323405991847 1444 1448 -1
1447 0.39367918351999737 8.035267621219438 1390.6052996683795 1445 1449 -1
1448 -25.17704223057107 -5.798500728549901 1407.1288724896397 1446 1450 -1
1449 0.5634326646993734 8.11498970287185 1390.5760680031917 1447 1451 -1
1450 -25.162492957052965 -5.8121742194390205 1407.3252900737402 1448 1452 -1
1451 0.7339801514793445 8.19307353094408 1390.547036618439 1449 1453 -1
1452 -25.1516581801016 -5.8352745906655406 1407.5210634829632 1450 1454 -1
1453 0.9052933380077137 8.269518834688778 1390.5181529860188 1451 1455 -1
1454 -25.14452856962375 -5.867991257669941 1407.7156315939978 1452 1456 -1
1455 1.0773438437542062 8.344326500093233 1390.4893641187227 1453 1457 -1
1456 -25.141034350221485 -5.910345071235201 1407.9084313453839 1454 1458 -1
1457 1.250103226277704 8.417498532992594 1390.4606166502458 1455 1459 -1
1458 -25.14115615959714 -5.9624787655453515 1408.0988509602182 1456 1460 -1
1459 1.4235429905442711 8.489038021378786 1390.4318569142195 1457 1461 -1
1460 -25.144791282829484 -6.024296228364143 1408.2863144413138 1458 1462 -1
1461 1.5976345950247837 8.558949097237322 1390.4030310222415 1459 1463 -1
1462 -25.15185828860171 -6.09574261588009 1408.4702240161064 1460 1464 -1
1463 1.7723494548257603 8.627236898218351 1390.3740849409082 1461 1465 -1
1464 -25.16226528995942 -6.1767199459829705 1408.6499781482312 1462 1466 -1
1465 1.9476589421274015 8.693907529420544 1390.3449645678636 1463 1467 -1
1466 -25.175867594711214 -6.266962737421157 1408.8250443070083 1464 1468 -1
1467 2.1235343842212546 8.758968025538417 1390.3156158069098 1465 1469 -1
1468 -25.192524138409972 -6.366197783670042 1408.9949031333847 1466 1470 -1
1469 2.299947059456196 8.822426313595445 1390.2859846422393 1467 1471 -1
1470 -25.212076726616843 -6.47408506460711 1409.1590840122908 1468 1472 -1
1471 2.4768681914127604 8.884291176456172 1390.2560172118576 1469 1473 -1
1472 -25.234352108273406 -6.590223256905711 1409.3171768827633 1470 1474 -1
1473 2.654268941635506 8.944572217282088 1390.2256598802685 1471 1475 -1
1474 -25.259164856416028 -6.7141578754159355 1409.4688424984304 1472 1476 -1
1475 2.832120401262984 9.003279825068738 1390.1948593105183 1473 1477 -1
1476 -25.28631744035401 -6.845270340396174 1409.6139334052511 1474 1478 -1
1477 3.0103935818969836 9.060425141373413 1390.1635625356694 1475 1479 -1
1478 -25.315609247865297 -6.982596785992348 1409.7527295602429 1476 1480 -1
1479 3.1890594060573436 9.116020028316843 1390.1317170297923 1477 1481 -1
1480 -25.346885025935638 -7.125285821007955 1409.8855594076188 1478 1482 -1
1481 3.3680895810916565 9.170077300073643 1390.0992760574513 1479 1483 -1
1482 -25.379972341645168 -7.272504905919938 1410.0128967224703 1480 1484 -1
1483 3.5474639161045265 9.222612761206454 1390.0662413299406 1481 1485 -1
1484 -25.41477593098198 -7.423669321415119 1410.1350516874757 1482 1486 -1
1485 3.727167225709102 9.273643954216197 1390.0326411902709 1483 1487 -1
1486 -25.45117678201624 -7.578185433218567 1410.2524572796092 1484 1488 -1
1487 3.9071850449042116 9.323188767203627 1389.9985041170007 1485 1489 -1
1488 -25.489101628070685 -7.735602533844603 1410.365446100136 1486 1490 -1
1489 4.087504098622201 9.371262681857129 1389.9638574876753 1487 1491 -1
1490 -25.5284991049908 -7.895541058415565 1410.4743167301626 1488 1492 -1
1491 4.268110781335915 9.417886152909741 1389.9287301150327 1489 1493 -1
1492 -25.569312293521183 -8.057642189632004 1410.5794026535636 1490 1494 -1
1493 4.448992467053228 9.463078255800411 1389.8931499761932 1491 1495 -1
1494 -25.611510027452628 -8.221615197936588 1410.6809801541153 1492 1496 -1
1495 4.630137233288085 9.506857819285065 1389.857144655914 1493 1497 -1
1496 -25.655073166292155 -8.387205979993858 1410.7793058725608 1494 1498 -1
1497 4.811533758135731 9.549243820991384 1389.8207414862104 1495 1499 -1
1498 -25.69999389326973 -8.554190777651627 1410.8746179415903 1496 1500 -1
1499 4.993171304284637 9.590255356667639 1389.7839675393063 1497 1501 -1
1500 -25.74627526244612 -8.722370763662651 1410.9671374746636 1498 1502 -1
1501 5.175039702411347 9.629911611297645 1389.7468496221506 1499 1503 -1
1502 -25.793930995024123 -8.891567354296628 1411.0570702605992 1500 1504 -1
1503 5.357129334074963 9.6682318320532 1389.7094142724036 1501 1505 -1
1504 -25.842985527443822 -9.061618112145966 1411.1446085680661 1502 1506 -1
1505 5.539431114220468 9.705235303048214 1389.6716877558008 1503 1507 -1
1506 -25.89347431894438 -9.232373108977038 1411.2299330025091 1504 1508 -1
1507 5.721936473389816 9.74094132185214 1389.6336960648073 1505 1509 -1
1508 -25.945444433461173 -9.403691624948706 1411.3132143862638 1506 1510 -1
1509 5.904637339729105 9.775369177714554 1389.5954649184575 1507 1511 -1
1510 -25.998959121964862 -9.575439749746936 1411.3946116952338 1508 1512 -1
1511 6.087526120876539 9.80853813144929 1389.5570197633128 1509 1513 -1
1512 -26.05409302004151 -9.747485223643888 1411.4742821842115 1510 1514 -1
1513 6.270596488382903 9.840461765709803 1389.5183850222083 1511 1515 -1
1514 -26.110933411287203 -9.919695571976831 1411.5523817542348 1512 1516 -1
1515 6.453841011360664 9.871164191318488 1389.4795864927887 1513 1517 -1
1516 -26.169587493927754 -10.091935676420329 1411.6290617093866 1514 1518 -1
1517 6.637253348832835 9.900665041088809 1389.440648919633 1515 1519 -1
1518 -26.230182708127483 -10.264063568557347 1411.704473756639 1516 1520 -1
1519 6.820827647091498 9.92898330667521 1389.401596704465 1517 1521 -1
1520 -26.292895055006202 -10.435921608900962 1411.778761733282 1518 1522 -1
1521 7.004558442025849 9.956137873685293 1389.3624539948376 1519 1523 -1
1522 -26.35789479050415 -10.607338794444408 1411.8520954734859 1520 1524 -1
1523 7.188440641533633 9.98214751021606 1389.3232446900508 1521 1525 -1
1524 -26.425427935067958 -10.778112136163525 1411.9246370404646 1522 1526 -1
1525 7.3724695081741745 10.007030856628711 1389.2839924476618 1523 1527 -1
1526 -26.495643163585683 -10.948107420011764 1411.9964557828011 1524 1528 -1
1527 7.556641286234525 10.0308013356378 1389.2447207111636 1525 1529 -1
1528 -26.5685221197746 -11.117341291826047 1412.0674141845725 1526 1530 -1
1529 7.740951538194095 10.053479994360009 1389.2054529456173 1527 1531 -1
1530 -26.643986991939276 -11.285868212323702 1412.137344866391 1528 1532 -1
1531 7.925396170790014 10.075087414341915 1389.1662120970336 1529 1533 -1
1532 -26.721916862786877 -11.453766399762657 1412.2060742304216 1530 1534 -1
1533 8.10997020188096 10.095640503113568 1389.1270132845375 1531 1535 -1
1534 -26.802147013203456 -11.621138539532073 1412.2734263447894 1532 1536 -1
1535 8.29466602319769 10.115153831941125 1389.0878567029454 1533 1537 -1
1536 -26.88446964036783 -11.78811130052196 1412.339227147542 1534 1538 -1
1537 8.479475916480038 10.133641648303561 1389.0487406399886 1535 1539 -1
1538 -26.968644556649114 -11.954833047678585 1412.4032986085117 1536 1540 -1
1539 8.664393160332349 10.151110639067554 1389.0096636299693 1537 1541 -1
1540 -27.054381747792007 -12.121474443497782 1412.4654799733419 1538 1542 -1
1541 8.84940976411932 10.167581739323039 1388.9706236254879 1539 1543 -1
1542 -27.141357228926303 -12.288221509816436 1412.5256251420064 1540 1544 -1
1543 9.034518669581997 10.18306977228164 1388.931618793103 1541 1545 -1
1544 -27.22922043917084 -12.45526982104414 1412.5836051841798 1542 1546 -1
1545 9.21971312931237 10.197588780281443 1388.8926472992198 1543 1547 -1
1546 -27.31759976712415 -12.622818337018213 1412.6393127412616 1544 1548 -1
1547 9.40498662598166 10.211152737535967 1388.8537072838635 1545 1549 -1
1548 -27.406113172413 -12.791056190903278 1412.6926804753887 1546 1550 -1
1549 9.590333459582586 10.223767268712475 1388.8147971082703 1547 1551 -1
1550 -27.494378245575618 -12.960168052318991 1412.743642329196 1548 1552 -1
1551 9.775746904850292 10.235453982494326 1388.7759146017381 1549 1553 -1
1552 -27.582029194207568 -13.130303372330504 1412.7922003062945 1550 1554 -1
1553 9.96122106540539 10.24622714594957 1388.7370578138089 1551 1555 -1
1554 -27.66871011922302 -13.301604088875832 1412.838341441878 1552 1556 -1
1555 10.146750294396634 10.256100422481408 1388.6982247886142 1553 1557 -1
1556 -27.754108473920773 -13.474164895301156 1412.8821173569688 1554 1558 -1
1557 10.332329383668945 10.265082758015781 1388.659413654237 1555 1559 -1
1558 -27.837941590808875 -13.64805812178772 1412.9235848694375 1556 1560 -1
1559 10.517953009970679 10.273187754921485 1388.620622382742 1557 1561 -1
1560 -27.919963078834236 -13.823328370857123 1412.9628175163496 1558 1562 -1
1561 10.703615870352658 10.280433373990268 1388.581848844401 1559 1563 -1
1562 -28.0 -14.0 1413.0 1560 -1 -1
1563 10.8893131070702 10.28683290888288 1388.5430910041268 1561 1564 -1
1564 11.075040176279272 10.292395300594757 1388.5043468695408 1563 1565 -1
1565 11.26079253920245 10.297132786741688 1388.4656143502525 1564 1566 -1
1566 11.446565692235696 10.301063559887071 1388.4268912747 1565 1567 -1
1567 11.632355487026405 10.304200504411972 1388.388175542086 1566 1568 -1
1568 11.818158013243501 10.30654983496784 1388.3494650629846 1567 1569 -1
1569 12.003969325878037 10.308127910909862 1388.310757647371 1568 1570 -1
1570 12.18978571043923 10.30895029766221 1388.272051131421 1569 1571 -1
1571 12.375603647909061 10.309028004711015 1388.233343352236 1570 1572 -1
1572 12.561419698446004 10.308366725434302 1388.1946320735556 1571 1573 -1
1573 12.747230619064458 10.30698694443581 1388.1559151263843 1572 1574 -1
1574 12.933033322902025 10.3049007847133 1388.1171903178274 1573 1575 -1
1575 13.118824698462973 10.302112696561432 1388.078455306226 1574 1576 -1
1576 13.304601960862747 10.298640333301115 1388.0397079161078 1575 1577 -1
1577 13.490362445736212 10.294497485086662 1388.0009459498779 1576 1578 -1
1578 13.676103390027688 10.289690321877366 1387.962167007422 1577 1579 -1
1579 13.861822325001306 10.284232145560082 1387.9233688284644 1578 1580 -1
1580 14.047517025870267 10.278138419093752 1387.8845492567302 1579 1581 -1
1581 14.233185044076334 10.27141589673344 1387.845705828819 1580 1582 -1
1582 14.418824192389481 10.264075884990529 1387.8068362018155 1581 1583 -1
1583 14.604432652425777 10.256134315755858 1387.767938268333 1582 1584 -1
1584 14.790008226238742 10.247597609648402 1387.7290094670693 1583 1585 -1
1585 14.975549043347852 10.23847700450445 1387.6900474321246 1584 1586 -1
1586 15.161053625485335 10.228787918686535 1387.6510500821878 1585 1587 -1
1587 15.346519942433297 10.218535725227936 1387.6120146956227 1586 1588 -1
1588 15.5319465230571 10.207733115701428 1387.5729389971295 1587 1589 -1
1589 15.71733214130597 10.196394220829232 1387.5338208800692 1588 1590 -1
1590 15.902674841989946 10.184522841669482 1387.4946573746784 1589 1591 -1
1591 16.08797366418013 10.172134268953394 1387.45544645919 1590 1592 -1
1592 16.27322753372065 10.15924076033905 1387.4161859233652 1591 1593 -1
1593 16.4584344770192 10.14584421153888 1387.376872440829 1592 1594 -1
1594 16.64359416506861 10.131963293249207 1387.3375044483396 1593 1595 -1
1595 16.828705330975357 10.117605741328303 1387.2980792333526 1594 1596 -1
1596 17.013765064419943 10.102778242266597 1387.2585865627689 1595 1597 -1
1597 17.19876719460194 10.087497070994234 1387.2189970653774 1596 1598 -1
1598 17.383703438847494 10.071767987497456 1387.1792753747634 1597 1599 -1
1599 17.56856634439572 10.055603224133836 1387.1393875738163 1598 1600 -1
1600 17.753348890542295 10.039016271337104 1387.099301238969 1599 1601 -1
1601 17.93804189439038 10.02201046186233 1387.058978457789 1600 1602 -1
1602 18.122639151258834 10.004603291867863 1387.0183894079025 1601 1603 -1
1603 18.307132357057004 9.986802717061543 1386.977499016759 1602 1604 -1
1604 18.491513120066763 9.968617585809318 1386.9362720758286 1603 1605 -1
1605 18.67577487665179 9.950062731257175 1386.894679447237 1604 1606 -1
1606 18.859907662451878 9.931143059514927 1386.8526819943952 1605 1607 -1
1607 19.043904859349443 9.911873546864998 1386.8102516182153 1606 1608 -1
1608 19.227757829327857 9.892263673067848 1386.7673545700204 1607 1609 -1
1609 19.411457023534144 9.872321798800654 1386.723954767717 1608 1610 -1
1610 19.59499586434096 9.852062673617256 1386.6800267015258 1609 1611 -1
1611 19.77836270549518 9.831491630597064 1386.635529010508 1610 1612 -1
1612 19.961550909953147 9.81062362742968 1386.5904378354703 1611 1613 -1
1613 20.144550144626074 9.789467390932025 1386.544718059333 1612 1614 -1
1614 20.32735043825288 9.768033029716152 1386.4983368125786 1613 1615 -1
1615 20.509944035003464 9.746333691998812 1386.451269678928 1614 1616 -1
1616 20.692317226660517 9.72437563268006 1386.403473692903 1615 1617 -1
1617 20.8744639225553 9.702174281371612 1386.3549322686488 1616 1618 -1
1618 21.05636992335381 9.679736525380122 1386.3056033769692 1617 1619 -1
1619 21.238026990959227 9.65707563971222 1386.255465836129 1618 1620 -1
1620 21.419422723218833 9.634201169441939 1386.2044861982142 1619 1621 -1
1621 21.600545484687395 9.611123827057858 1386.152634955347 1620 1622 -1
1622 21.781385104822657 9.587855419902853 1386.0998885742765 1621 1623 -1
1623 21.96192647469819 9.564404879545297 1386.046209460701 1622 1624 -1
1624 22.14216163574288 9.54078552789616 1385.991583716958 1623 1625 -1
1625 22.32207205932964 9.51700522027218 1385.9359663671482 1624 1626 -1
1626 22.501651595557316 9.49307801974861 1385.879351630565 1625 1627 -1
1627 22.6808792880538 9.469011628290822 1385.821690664078 1626 1628 -1
1628 22.859749309448368 9.444819880027977 1385.7629811050697 1627 1629 -1
1629 23.038240172846226 9.42051118178368 1385.7031761586939 1628 1630 -1
1630 23.21634502535501 9.396098602542414 1385.6422728421535 1629 1631 -1
1631 23.39404179454891 9.371591172815304 1385.580226361457 1630 1632 -1
1632 23.571323506305852 9.347001510538437 1385.51703570278 1631 1633 -1
1633 23.748166510996413 9.32233899144293 1385.4526554037911 1632 1634 -1
1634 23.924564951439176 9.297615950135992 1385.3870896454052 1633 1635 -1
1635 24.100492272696687 9.272841977462784 1385.3202889758425 1634 1636 -1
1636 24.275943510358672 9.248029018871664 1385.2522619648814 1635 1637 -1
1637 24.450893050474967 9.22318723867828 1385.1829652697368 1636 1638 -1
1638 24.62533214750721 9.198327836299432 1385.112399754922 1637 1639 -1
1639 24.799239377693418 9.173461435299416 1385.040535911561 1638 1640 -1
1640 24.972599790082732 9.148598807356052 1384.9673615616412 1639 1641 -1
1641 25.14539900742553 9.123750530918494 1384.8928668633228 1640 1642 -1
1642 25.317612916252294 9.098927508562227 1384.8170206482857 1641 1643 -1
1643 25.489234005466983 9.074139788277733 1384.7398311025647 1642 1644 -1
1644 25.66023639788139 9.049398393992808 1384.6612658663678 1643 1645 -1
1645 25.830607707454995 9.024713351434565 1384.5813239678134 1644 1646 -1
1646 26.0 9.0 1384.5 1645 -1 -1
