0 72.5 -139.0 1452.5 -1 1 -1
1 72.46205823671164 -138.8915747683092 1452.3224015918033 0 2 -1
2 72.4184386917949 -138.78084223693233 1452.1475077111072 1 3 -1
3 72.36815512563892 -138.6674681252915 1451.976134467095 2 4 -1
4 72.3106863790156 -138.55136806395763 1451.8089047033643 3 5 -1
5 72.24503622311492 -138.43232650192792 1451.6468428135026 4 6 -1
6 72.17016025667165 -138.3101936282643 1451.4912194740957 5 7 -1
7 72.08501783603514 -138.18492870352318 1451.3435777057568 6 8 -1
8 71.98813465839372 -138.0565344241695 1451.206242692744 7 9 -1
9 71.87880745802785 -137.9254378394131 1451.0814106212372 8 10 -1
10 71.75617887667646 -137.7922992266485 1450.9720960963812 9 11 -1
11 71.62014648874045 -137.65826351581427 1450.881355275079 10 12 -1
12 71.4715629496432 -137.52489539821704 1450.8118192299194 11 13 -1
13 71.31211111955763 -137.39401926432538 1450.7655066748146 12 14 -1
14 71.1443656464316 -137.2673390364225 1450.7427971991785 13 15 -1
15 70.97110758500371 -137.1461294597664 1450.7427368452827 14 16 -1
16 70.79485917290691 -137.03112817008886 1450.7634916198976 15 17 -1
17 70.61766205625207 -136.92240293635362 1450.802321193388 16 18 -1
18 70.44093235311594 -136.81970864819382 1450.8566962252264 17 19 -1
19 70.26558634475003 -136.7224275024649 1450.9240302709513 18 20 -1
20 70.09206977528655 -136.62935498561302 1451.0013527537028 19 21 -1
21 69.92046200568389 -136.5391948032293 1451.0860548976957 20 22 -1
22 69.75064353452173 -136.45075560256393 1451.1760265177315 21 23 -1
23 69.5824111251171 -136.36296995693556 1451.2695550145672 22 24 -1
24 69.41556252719057 -136.27484040939447 1451.365217342928 23 25 -1
25 69.24983356827205 -136.1854824479341 1451.461683086651 24 26 -1
26 69.08505909217112 -136.0939968350996 1451.5577870208986 25 27 -1
27 68.92105730090304 -135.99966165824938 1451.6524436922116 26 28 -1
28 68.75775794785964 -135.90159220805566 1451.7444777409826 27 29 -1
29 68.59511076531494 -135.7992018190031 1451.8328823065444 28 30 -1
30 68.4332434063483 -135.69198294829584 1451.9168847064518 29 31 -1
31 68.27241950880573 -135.5804380531951 1451.9971821237589 30 32 -1
32 68.11288308483272 -135.46511759474927 1452.0746703600335 31 33 -1
33 67.95486367647918 -135.34646341201326 1452.1502133041765 32 34 -1
34 67.7984875222325 -135.22502528726025 1452.22474696187 33 35 -1
35 67.64392580188422 -135.10119955672832 1452.2991380648082 34 36 -1
36 67.49132119026042 -134.97540965904807 1452.3742704347 35 37 -1
37 67.34078154252892 -134.8480945103289 1452.4509817593027 36 38 -1
38 67.19249361826628 -134.7196431836907 1452.5301435480358 37 39 -1
39 67.04655944070365 -134.59036797790384 1452.6122817080234 38 40 -1
40 66.90293774950749 -134.46037948283782 1452.6973194247068 39 41 -1
41 66.76163012694253 -134.3297415519789 1452.7851921842591 40 42 -1
42 66.62261145113179 -134.19852265048002 1452.875807776823 41 43 -1
43 66.48580845589422 -134.06679769128135 1452.9690241278772 42 44 -1
44 66.35118865918913 -133.93462669626493 1453.0647544890471 43 45 -1
45 66.2187498363048 -133.80206174838563 1453.1629508076546 44 46 -1
46 66.08839407778386 -133.66916805719072 1453.2634627356 45 47 -1
47 65.9600724630861 -133.53599736563424 1453.3662013835944 46 48 -1
48 65.83375643110152 -133.40259631899934 1453.4711042609126 47 49 -1
49 65.70939198597796 -133.26901218603433 1453.5780854805882 48 50 -1
50 65.58689904538925 -133.1352907775187 1453.687036352371 49 51 -1
51 65.46622154556815 -133.0014723982858 1453.7978780763544 50 52 -1
52 65.34731387514951 -132.86759469319787 1453.9105462499972 51 53 -1
53 65.23012906572656 -132.7336937857041 1454.0249782685128 52 54 -1
54 65.11458256105851 -132.5998035262469 1454.1410765852318 53 55 -1
55 65.00061532561084 -132.4659548277 1454.2587730015457 54 56 -1
56 64.88816801814353 -132.33217663399793 1454.3780018296497 55 57 -1
57 64.77718967649623 -132.19849679901128 1454.4987084340576 56 58 -1
58 64.66762673113085 -132.06494188530428 1454.6208380374267 57 59 -1
59 64.55940238815742 -131.9315343949402 1454.744314858566 58 60 -1
60 64.45245737366209 -131.79829654926223 1454.869082844019 59 61 -1
61 64.34673260851913 -131.66524922028285 1454.995088094925 60 62 -1
62 64.24216926035037 -131.5324120404049 1455.1222787818526 61 63 -1
63 64.13870971836467 -131.3998037286554 1455.2506060309192 62 64 -1
64 64.03630763019386 -131.26744498427416 1455.3800344568015 63 65 -1
65 63.93489034014151 -131.13534918509956 1455.5105027433917 64 66 -1
66 63.83440039571338 -131.00353197968002 1455.6419665893434 65 67 -1
67 63.734780677124725 -130.87200827022983 1455.7743833005622 66 68 -1
68 63.635974387747275 -130.74079229709054 1455.9077116991314 67 69 -1
69 63.537925037460326 -130.6098977196223 1456.041912032722 68 70 -1
70 63.440576419554105 -130.47933769375877 1456.17694588468 69 71 -1
71 63.343872581775734 -130.34912494647998 1456.3127760849013 70 72 -1
72 63.24776346487855 -130.21927578980632 1456.449374325708 71 73 -1
73 63.15218705418961 -130.08979888221006 1456.5866977639087 72 74 -1
74 63.05708748915291 -129.96070579582974 1456.7247118840485 73 75 -1
75 62.96240947316868 -129.83200824784862 1456.8633836865001 74 76 -1
76 62.868097737208195 -129.7037178671132 1457.002680976353 75 77 -1
77 62.774096984833484 -129.57584625596692 1457.1425722788076 76 78 -1
78 62.6803518341346 -129.44840505109292 1457.2830267548104 77 79 -1
79 62.586806756827244 -129.32140598367576 1457.424014116716 78 80 -1
80 62.49340601472831 -129.19486093919053 1457.5655045437284 79 81 -1
81 62.40009396753416 -129.068787406759 1457.707473612904 80 82 -1
82 62.30681262118854 -128.94319331270484 1457.849887103652 81 83 -1
83 62.21350509565432 -128.81809093806854 1457.992715630334 82 84 -1
84 62.12012406104416 -128.69349396638884 1458.135937350178 83 85 -1
85 62.0266521764601 -128.56941803949013 1458.2795516008298 84 86 -1
86 61.933078880781245 -128.4458794150396 1458.4235624609387 85 87 -1
87 61.83939357942277 -128.3228945961047 1458.5679739605207 86 88 -1
88 61.74558463864701 -128.20048477639958 1458.7127931624243 87 89 -1
89 61.6516410604026 -128.078667800925 1458.858024379561 88 90 -1
90 61.557553115672434 -127.95745646917675 1459.0036682697191 89 91 -1
91 61.463310079746186 -127.8368683520619 1459.1497286090655 90 92 -1
92 61.36890120507487 -127.7169212926444 1459.2962090934818 91 93 -1
93 61.274315724176375 -127.59763341095524 1459.4431133316098 92 94 -1
94 61.17954077411265 -127.47903041361238 1459.590449357446 93 95 -1
95 61.08456569620522 -127.36112997284489 1459.7382197211325 94 96 -1
96 60.98938114397272 -127.24394578080444 1459.8864243688774 95 97 -1
97 60.89397629179903 -127.12749714672822 1460.0350664817606 96 98 -1
98 60.7983403128945 -127.0118036784044 1460.1841491135438 97 99 -1
99 60.702459492956166 -126.8968943830394 1460.3336802876827 98 100 -1
100 60.606323109518286 -126.78278876962014 1460.4836621075524 99 101 -1
101 60.50992261370232 -126.66950015494429 1460.63409304245 100 102 -1
102 60.41324721256636 -126.55704941114945 1460.7849755376526 101 103 -1
103 60.316285289915605 -126.44546024347245 1460.936313167697 102 104 -1
104 60.21902067933761 -126.33477003739672 1461.0881160114425 103 105 -1
105 60.12144837086348 -126.22498353594895 1461.2403769182015 104 106 -1
106 60.02355770475818 -126.1161229081367 1461.393097554194 105 107 -1
107 59.925336961959864 -126.0082138207568 1461.5462808801337 106 108 -1
108 59.82676904056286 -125.90129764472715 1461.699936686068 107 109 -1
109 59.72785050811426 -125.79537722879793 1461.854056067404 108 110 -1
110 59.62857096323642 -125.69047603597078 1462.0086397186715 109 111 -1
111 59.52891538587773 -125.58663100033387 1462.1636937998585 110 112 -1
112 59.42887236739842 -125.48386939030343 1462.3192194531973 111 113 -1
113 59.32843705310289 -125.38220086679468 1462.4752099359926 112 114 -1
114 59.22759886536439 -125.28165176640915 1462.6316654191796 113 115 -1
115 59.12633723308965 -125.1822767333983 1462.788596798316 114 116 -1
116 59.02465308456892 -125.0840715114303 1462.9459906378179 115 117 -1
117 58.92253685747638 -124.9870616821672 1463.1038454035981 116 118 -1
118 58.81996800661788 -124.89130393978519 1463.262170504579 117 119 -1
119 58.71694575024627 -124.79680109280605 1463.4209545065276 118 120 -1
120 58.61346313951265 -124.703573780117 1463.580192546999 119 121 -1
121 58.50949974773978 -124.6116808880874 1463.739892388752 120 122 -1
122 58.40505502402466 -124.52112702878374 1463.9000423472216 121 123 -1
123 58.30012357381087 -124.43193102567723 1464.0606355622037 122 124 -1
124 58.19468325494509 -124.344159521454 1464.2216796913688 123 125 -1
125 58.088737853608094 -124.2578075531966 1464.3831590922684 124 126 -1
126 57.982280315745996 -124.17290132121397 1464.5450677695023 125 127 -1
127 57.875288981974265 -124.08950959366123 1464.707411112904 126 128 -1
128 57.76777217182848 -124.00761707583524 1464.8701698779219 127 129 -1
129 57.65971643728519 -123.9272717218514 1465.0333423144455 128 130 -1
130 57.55110775666734 -123.84852884333985 1465.1969282485431 129 131 -1
131 57.4419472055268 -123.77140425774715 1465.3609172868923 130 132 -1
132 57.332210979064264 -123.69598924849804 1465.5253166559303 131 133 -1
133 57.221898664288986 -123.62230829393398 1465.6901162276592 132 134 -1
134 57.111003732311026 -123.55040594458582 1465.855309907787 133 135 -1
135 56.99950453781089 -123.48037639849058 1466.0209008499692 134 136 -1
136 56.88741099761247 -123.41221843264739 1466.1868709439611 135 137 -1
137 56.77470318299544 -123.34602730143048 1466.3532205914478 136 138 -1
138 56.66138171503685 -123.28183600361862 1466.5199365737785 137 139 -1
139 56.54744576053857 -123.21968430298963 1466.6870061880497 138 140 -1
140 56.43287738974796 -123.15967298626968 1466.8544254312062 139 141 -1
141 56.317691928288454 -123.10179308205092 1467.022171295272 140 142 -1
142 56.201871285356454 -123.04615423871546 1467.1902377192569 141 143 -1
143 56.085425351619506 -122.99277152151603 1467.3586034655057 142 144 -1
144 55.96835322524561 -122.94170128210023 1467.5272520021404 143 145 -1
145 55.85064851941645 -122.89302516666824 1467.6961679575331 144 146 -1
146 55.73232907167174 -122.84673576786865 1467.8653251608996 145 147 -1
147 55.61337864246736 -122.80296293681214 1468.034709548141 146 148 -1
148 55.49382067437662 -122.76168250855065 1468.204291712948 147 149 -1
149 55.37365260307047 -122.72297927584822 1468.3740502672372 148 150 -1
150 55.2528822965482 -122.68689967872417 1468.5439592043274 149 151 -1
151 55.13153373789764 -122.65338395703802 1468.713981439136 150 152 -1
152 55.009619355623926 -122.62231520125148 1468.884063945807 151 153 -1
153 54.8871859272426 -122.59339195083936 1469.0541521890664 152 154 -1
154 54.764248250786046 -122.56643053753857 1469.2241992582879 153 155 -1
155 54.64083075652572 -122.54119296131327 1469.3941635260162 154 156 -1
156 54.51695886911119 -122.51743237989236 1469.5640103050603 155 157 -1
157 54.39263440072695 -122.49496542024062 1469.7337025402653 156 158 -1
158 54.26788540790833 -122.47352869511029 1469.9032164912971 157 159 -1
159 54.142720925573926 -122.45291135757599 1470.072525789264 158 160 -1
160 54.01714524178017 -122.43290320019388 1470.241603600572 159 161 -1
161 53.891177807703606 -122.4132753094449 1470.410434430772 160 162 -1
162 53.764824370117 -122.39382050895041 1470.5789966596435 161 163 -1
163 53.63808931824838 -122.37432752474854 1470.747267731227 162 164 -1
164 53.51098961350646 -122.35459284218432 1470.915235287903 163 165 -1
165 53.38353435212593 -122.334419326329 1471.0828809453426 164 166 -1
166 53.255725136130486 -122.31359297771841 1471.250176864479 165 167 -1
167 53.12758182745437 -122.29194591368136 1471.417112550046 166 168 -1
168 52.99909836267314 -122.26948420548077 1471.5836788229196 167 169 -1
169 52.870246004666804 -122.24641568918894 1471.749876877848 168 170 -1
170 52.740991413560316 -122.22296194142497 1471.915708314646 169 171 -1
171 52.61131181406738 -122.19934833973592 1472.0811848806338 170 172 -1
172 52.48117775974781 -122.17578710778781 1472.246311762267 171 173 -1
173 52.35055981620125 -122.15248817625104 1472.411093422567 172 174 -1
174 52.21941860369782 -122.12967259096544 1472.5755266734448 173 175 -1
175 52.08773407312896 -122.10754362629312 1472.7396190838006 174 176 -1
176 51.95547969496446 -122.0863072333615 1472.9033706592452 175 177 -1
177 51.82262932282983 -122.06617045341183 1473.066778224871 176 178 -1
178 51.68915718111693 -122.04734411625522 1473.2298348664813 177 179 -1
179 51.555030239011735 -122.03006554876097 1473.3925249458548 178 180 -1
180 51.42023979702214 -122.0145216597459 1473.554840894558 179 181 -1
181 51.28476895646849 -122.00092483592991 1473.716764415819 180 182 -1
182 51.14860424287031 -121.98948944468833 1473.878272264576 181 183 -1
183 51.011733012430625 -121.98044329794249 1474.039333641265 182 184 -1
184 50.87414198801805 -121.97404012702899 1474.1999073609825 183 185 -1
185 50.73584270131935 -121.97046230116864 1474.3599589817982 184 186 -1
186 50.59684127512202 -121.96993146512351 1474.5194399877028 185 187 -1
187 50.457150245182994 -121.97267001008326 1474.6782943951996 186 188 -1
188 50.31678202321883 -121.97894144357376 1474.8364498336423 187 189 -1
189 50.17576321861781 -121.98889844383608 1474.9938352559986 188 190 -1
190 50.03412263147352 -122.00244696152555 1475.1503918645012 189 191 -1
191 49.89187884415218 -122.01948686351723 1475.3060582486598 190 192 -1
192 49.749047622893016 -122.03991741290208 1475.4607763704496 191 193 -1
193 49.605629816655664 -122.06370635837685 1475.6144687067224 192 194 -1
194 49.461648200812306 -122.09067983861978 1475.7671041205522 193 195 -1
195 49.31711029942624 -122.12073714190942 1475.9186337383487 194 196 -1
196 49.17202107088496 -122.15377813314979 1476.069011245936 195 197 -1
197 49.02637645802329 -122.1897365955652 1476.2181779474506 196 198 -1
198 48.88017746967535 -122.22850579591949 1476.3660930202052 197 199 -1
199 48.73342713149168 -122.26995983687156 1476.5127284567839 198 200 -1
200 48.58612075396868 -122.31400262166201 1476.65804596508 199 201 -1
201 48.43824920858706 -122.36054873784849 1476.8020031791739 200 202 -1
202 48.28979486269035 -122.40953741519687 1476.9445431793158 201 203 -1
203 48.14075689461806 -122.46083071134362 1477.0856561756082 202 204 -1
204 47.991122131955215 -122.51433771883833 1477.225308116882 203 205 -1
205 47.84087547313778 -122.56996878264987 1477.3634654491536 204 206 -1
206 47.6899848770811 -122.62768091913686 1477.5000585727876 205 207 -1
207 47.5384452644131 -122.6873388582004 1477.6350880962377 206 208 -1
208 47.38623611717725 -122.74885568649222 1477.7685211077408 207 209 -1
209 47.23333358607202 -122.81214936207662 1477.9003206157856 208 210 -1
210 47.07969453216424 -122.87717116253641 1478.0304113021368 209 211 -1
211 46.92499024683351 -122.94395162513801 1478.158327026211 210 212 -1
212 46.76809113085587 -123.01295888573974 1478.2823190508402 211 213 -1
213 46.60760317324441 -123.08485005320257 1478.3998954015597 212 214 -1
214 46.442244789051315 -123.16022083752348 1478.5081417800523 213 215 -1
215 46.270691069922805 -123.23975924361311 1478.6028506780915 214 216 -1
216 46.09218500452217 -123.32389013623745 1478.6787812454154 215 217 -1
217 45.90789631861682 -123.41214870820261 1478.7332833855114 216 218 -1
218 45.72069270161546 -123.5031894790907 1478.7707985909574 217 219 -1
219 45.532570113520165 -123.59599550543678 1478.7981831973934 218 220 -1
220 45.344627683078976 -123.68995467417422 1478.8227993877385 219 221 -1
221 45.15768657478253 -123.78456842085967 1478.8519844546927 220 222 -1
222 44.97281012268894 -123.87919647618388 1478.8920737428407 221 223 -1
223 44.790712623709204 -123.97336106633423 1478.944208419928 222 224 -1
224 44.61159356181986 -124.06685505261622 1479.006844908261 223 225 -1
225 44.43545904239756 -124.15957252615969 1479.0784687113603 224 226 -1
226 44.26213580087833 -124.25149655751379 1479.157594468931 225 227 -1
227 44.09151167478293 -124.34261972795709 1479.2432523680432 226 228 -1
228 43.923259286623306 -124.43301790407722 1479.3342115303265 227 229 -1
229 43.75720189640291 -124.52273516739808 1479.4297669409286 228 230 -1
230 43.593003813678784 -124.61187458817022 1479.5290075275711 229 231 -1
231 43.43041233048249 -124.70052603498988 1479.6312864146582 230 232 -1
232 43.269246615975 -124.7888177075169 1479.7361030088223 231 233 -1
233 43.10930078030634 -124.87691352360149 1479.8429343704674 232 234 -1
234 42.950408158684716 -124.96496431308246 1479.9513633443757 233 235 -1
235 42.79240537199308 -125.05311988300578 1480.0610013495366 234 236 -1
236 42.6351380088734 -125.14153471743757 1480.1714850133078 235 237 -1
237 42.478432387523746 -125.23035279330095 1480.2824425316692 236 238 -1
238 42.322134564637835 -125.31971939244711 1480.3935347361046 237 239 -1
239 42.166094603781055 -125.40977938307748 1480.5044291972258 238 240 -1
240 42.0101667792309 -125.50067759317143 1480.6147960232065 239 241 -1
241 41.85420940786761 -125.59256185089426 1480.7243009393262 240 242 -1
242 41.69808190992755 -125.68559255312248 1480.832588182868 241 243 -1
243 41.541653643049905 -125.77990335784315 1480.9393220880295 242 244 -1
244 41.38479945728333 -125.8756414969812 1481.0441420214202 243 245 -1
245 41.22740125860034 -125.97295442686183 1481.1466701667907 244 246 -1
246 41.06934947909518 -126.07198912224668 1481.2465079513681 245 247 -1
247 40.91053866593804 -126.1729061464879 1481.3432057486589 246 248 -1
248 40.7508756166743 -126.27586362923624 1481.4362789027746 247 249 -1
249 40.59030038229304 -126.38097521591165 1481.52528277552 248 250 -1
250 40.428766253336605 -126.48836607057518 1481.6097105155459 249 251 -1
251 40.266313229673514 -126.59807389142209 1481.6892563281112 250 252 -1
252 40.103076547171405 -126.7100255079694 1481.7639226750387 251 253 -1
253 39.93921757435272 -126.82406319729412 1481.833923332381 252 254 -1
254 39.77487268976958 -126.940073551169 1481.899399899496 253 255 -1
255 39.61016295296657 -127.05799288118448 1481.9603978870223 254 256 -1
256 39.445218850817994 -127.17766020602089 1482.0172153117805 255 257 -1
257 39.28014872236746 -127.2989654208185 1482.0700570180286 256 258 -1
258 39.11505139953293 -127.42184499081154 1482.1190368908906 257 259 -1
259 38.95001655570712 -127.54616165125564 1482.1644734841786 258 260 -1
260 38.785120171532654 -127.67181825929704 1482.2066096820465 259 261 -1
261 38.62043532582126 -127.79875990811156 1482.245606408581 260 262 -1
262 38.45601503150419 -127.92687312297589 1482.2817875101723 261 263 -1
263 38.29190605606695 -128.0560789509262 1482.3154085426088 262 264 -1
264 38.12815724414665 -128.18633113887816 1482.3466670978778 263 265 -1
265 37.96479458469191 -128.31754290413792 1482.3758661882382 264 266 -1
266 37.801841923662415 -128.4496498778879 1482.4032661200213 265 267 -1
267 37.63932713562902 -128.5826107805208 1482.4290926450815 266 268 -1
268 37.47726263391518 -128.71636628931182 1482.4536137419107 267 269 -1
269 37.3156550991145 -128.85086010128225 1482.477091261037 268 270 -1
270 37.15451524610968 -128.9860511401288 1482.499766267746 269 271 -1
271 36.99385414817134 -129.12190671356495 1482.521859753573 270 272 -1
272 36.8336476248255 -129.2583876480037 1482.5433924193758 271 273 -1
273 36.67387052462886 -129.39547911992847 1482.5642257633558 272 274 -1
274 36.51450407753395 -129.5331743303881 1482.5842050363017 273 275 -1
275 36.355523953594 -129.67145589238703 1482.6031867916408 274 276 -1
276 36.196904932408316 -129.8103012534604 1482.6210393953788 275 277 -1
277 36.03862818254797 -129.94969363153794 1482.6376213942685 276 278 -1
278 35.88068209561868 -130.08962362945 1482.652764928931 277 279 -1
279 35.72304869712112 -130.23006638135743 1482.6663364530793 278 280 -1
280 35.56571350622082 -130.37099688229185 1482.6782032103288 279 281 -1
281 35.40866704866825 -130.51239215527286 1482.6882210192646 280 282 -1
282 35.251907571005994 -130.65423438073105 1482.6962068810967 281 283 -1
283 35.09542812099173 -130.79649001068086 1482.7020338252962 282 284 -1
284 34.93922662711193 -130.93912579470674 1482.7055675957608 283 285 -1
285 34.78330618857378 -131.08210819858047 1482.7066608418559 284 286 -1
286 34.627679223335946 -131.22540557665403 1482.7051135775243 285 287 -1
287 34.47235272331499 -131.36897198245393 1482.700810074302 286 288 -1
288 34.3173401299658 -131.51276139929413 1482.6936156606798 287 289 -1
289 34.16266096583071 -131.65672627809207 1482.6833908275164 288 290 -1
290 34.00835157910107 -131.80083290015176 1482.6700486957375 289 291 -1
291 33.85443755550435 -131.94505473908512 1482.6537202789266 290 292 -1
292 33.70094682626901 -132.08937049072497 1482.6344933174985 291 293 -1
293 33.54790600522029 -132.23376130954478 1482.6124471874164 292 294 -1
294 33.39535051903616 -132.37821134426434 1482.5876019191717 293 295 -1
295 33.243292608556736 -132.52270422197105 1482.5600983752927 294 296 -1
296 33.09175123554673 -132.66722703176757 1482.5300210131225 295 297 -1
297 32.94074388288632 -132.8117687997226 1482.497450621046 296 298 -1
298 32.790297765887935 -132.9563204038659 1482.4624190219206 297 299 -1
299 32.64041627549914 -133.10087412104647 1482.42505384801 298 300 -1
300 32.491109762379054 -133.24542426612055 1482.3854402336513 299 301 -1
301 32.34238807508475 -133.38996677302498 1482.3436573487618 300 302 -1
302 32.194268450964486 -133.53449893540187 1482.2997533696973 301 303 -1
303 32.046752897856734 -133.679019781068 1482.2538249936729 302 304 -1
304 31.899842357108955 -133.8235297831021 1482.205963839 303 305 -1
305 31.753540671983295 -133.96803066351382 1482.1562457179587 304 306 -1
306 31.60785331384054 -134.11252539354476 1482.1047374971813 305 307 -1
307 31.462788906144972 -134.25701825514918 1482.0514948600924 306 308 -1
308 31.318337663657584 -134.40151472035222 1481.9966199733049 307 309 -1
309 31.17449894594654 -134.54602123689824 1481.9401845931702 308 310 -1
310 31.031271214305605 -134.69054527340714 1481.8822594745175 309 311 -1
311 30.888658590641754 -134.8350956444888 1481.8228999090286 310 312 -1
312 30.746657131364444 -134.9796819660693 1481.7621782787414 311 313 -1
313 30.60525715290927 -135.12431426425346 1481.700175996631 312 314 -1
314 30.46445421583479 -135.2690036498633 1481.6369599350276 313 315 -1
315 30.32424332421612 -135.41376202619398 1481.5725961106675 314 316 -1
316 30.1846267347697 -135.55860331735963 1481.5071361259975 315 317 -1
317 30.04559440665723 -135.70354071183775 1481.4406532839048 316 318 -1
318 29.90713611142189 -135.84858777966662 1481.3732184398507 317 319 -1
319 29.76924516148063 -135.99375929875998 1481.30489466329 318 320 -1
320 29.63191456938647 -136.13907068565004 1481.2357444602524 319 321 -1
321 29.49514596585455 -136.28454076962086 1481.1658183885024 320 322 -1
322 29.358925055080537 -136.43018470170443 1481.0951886366431 321 323 -1
323 29.22324194671633 -136.57601909011083 1481.0239195488166 322 324 -1
324 29.08808886283358 -136.72206173960825 1480.9520721061517 323 325 -1
325 28.953459173613382 -136.86833159822078 1480.8797060037382 324 326 -1
326 28.819353309043688 -137.01485207561748 1480.8068757293995 325 327 -1
327 28.68575346290151 -137.16163832840527 1480.7336516984435 326 328 -1
328 28.552651639639905 -137.30871031011083 1480.660094771029 327 329 -1
329 28.420039867746286 -137.45608846959718 1480.5862660046712 328 330 -1
330 28.287919783309142 -137.60379674042306 1480.5122157354424 329 331 -1
331 28.156290908321218 -137.7518127028934 1480.4379055757904 330 332 -1
332 28.025164367065532 -137.90009056364286 1480.3632303842737 331 333 -1
333 27.894554008808058 -138.04858492949788 1480.2880823230937 332 334 -1
334 27.76448436311418 -138.19725189443537 1480.2123401072515 333 335 -1
335 27.63496242842459 -138.34604037935387 1480.13590125815 334 336 -1
336 27.50599980762182 -138.49490104596615 1480.0586615746015 335 337 -1
337 27.377611206508664 -138.6437843366873 1479.9805145972798 336 338 -1
338 27.24982680560627 -138.79263762686992 1479.901327225409 337 339 -1
339 27.122647707682194 -138.94140856149295 1479.8210188107976 338 340 -1
340 26.996089949497236 -139.0900440832495 1479.7394875454008 339 341 -1
341 26.87017386599705 -139.23848858098424 1479.6566256727401 340 342 -1
342 26.744925750235655 -139.38668189444468 1479.572314725983 341 343 -1
343 26.62035116390239 -139.53457126939443 1479.4864861944525 342 344 -1
344 26.49646847081147 -139.68209923458366 1479.3990494409402 343 345 -1
345 26.373301429650724 -139.82920422771863 1479.3099057435873 344 346 -1
346 26.250877134929333 -139.9758207464728 1479.218952771377 345 347 -1
347 26.12920366886334 -140.12189600761178 1479.1261407435727 346 348 -1
348 26.00830146271696 -140.26736961905462 1479.0313961345373 347 349 -1
349 25.88819132052978 -140.4121808385423 1478.9346504245652 348 350 -1
350 25.768907500972798 -140.5562564106639 1478.835806893453 349 351 -1
351 25.65046101891601 -140.69954381255286 1478.734834041716 350 352 -1
352 25.532870084453098 -140.84198544286136 1478.6316882460274 351 353 -1
353 25.416155613242896 -140.98352186448614 1478.5263248492522 352 354 -1
354 25.300313741609568 -141.12412431704203 1478.4187703434256 353 355 -1
355 25.185278110249367 -141.26384071641075 1478.3092138129364 354 356 -1
356 25.070974259257934 -141.4027299188298 1478.1978539346503 355 357 -1
357 24.957321033156138 -141.54085896662727 1478.0848938963045 356 358 -1
358 24.844235465228486 -141.67829804574905 1477.9705310668123 357 359 -1
359 24.731638587879328 -141.81511329877375 1477.8549443963632 358 360 -1
360 24.61945129545862 -141.95137134665043 1477.738305859564 359 361 -1
361 24.50759429853904 -142.08713918364046 1477.6207816565952 360 362 -1
362 24.39598803154938 -142.22248412585998 1477.5025333912022 361 363 -1
363 24.284552521999483 -142.35747380311983 1477.3837192316298 362 364 -1
364 24.173207228420424 -142.49217618489334 1477.264495062229 363 365 -1
365 24.061870853294344 -142.6266596321106 1477.1450156347898 364 366 -1
366 23.95046113667039 -142.7609929670706 1477.0254357297597 365 367 -1
367 23.83889377172899 -142.8952455153554 1476.9059121028783 366 368 -1
368 23.72708168611599 -143.0294882356961 1476.7866063579177 367 369 -1
369 23.614939120657553 -143.16379257450077 1476.6676808278476 368 370 -1
370 23.502377304579895 -143.29823026410418 1476.5493034314543 369 371 -1
371 23.38930531271736 -143.43287389578256 1476.4316486787038 370 372 -1
372 23.275629869455653 -143.56779692633626 1476.314899171027 371 373 -1
373 23.161255184824842 -143.70307363656977 1476.1992472065622 372 374 -1
374 23.046072497239663 -143.8387848245458 1476.0849139541451 373 375 -1
375 22.929977839921186 -143.97500818600878 1475.9721230432617 374 376 -1
376 22.812874028884874 -144.11181595490694 1475.861097087996 375 377 -1
377 22.694654013676445 -144.24928408952434 1475.7520884811563 376 378 -1
378 22.575178526516677 -144.38750585219626 1475.645427676671 377 379 -1
379 22.454360231351874 -144.52653418784197 1475.5413599592493 378 380 -1
380 22.332295571177124 -144.66620900241236 1475.4396368499235 379 381 -1
381 22.20922384004532 -144.80617839728637 1475.3395435637003 380 382 -1
382 22.085464885176815 -144.9460618232293 1475.2401794438945 381 383 -1
383 21.961299602356984 -145.0854778434178 1475.1406656268337 382 384 -1
384 21.837039781094784 -145.2240574356324 1475.040108095016 383 385 -1
385 21.7130007903322 -145.3614163093665 1474.937623525061 384 386 -1
386 21.589511655209293 -145.49716883513483 1474.8323745194755 385 387 -1
387 21.46688868583011 -145.63097711495 1474.7236817284386 386 388 -1
388 21.34550388149483 -145.76240376900148 1474.6107779821468 387 389 -1
389 21.22565156411932 -145.89117125780504 1474.4932706076447 388 390 -1
390 21.107642905478826 -146.0169643290268 1474.3707827041565 389 391 -1
391 20.99165513651499 -146.1396170774839 1474.2432791347603 390 392 -1
392 20.877393301385364 -146.25946363820603 1474.1116123155841 391 393 -1
393 20.764427319693024 -146.37698938220012 1473.976771240488 392 394 -1
394 20.652370441204226 -146.49260920482337 1473.8395432112927 393 395 -1
395 20.540848633071352 -146.60671348404787 1473.7006199741872 394 396 -1
396 20.42949617092252 -146.71967253207345 1473.5606283260674 395 397 -1
397 20.317949823622012 -146.83184227282658 1473.420156860954 396 398 -1
398 20.205842187351053 -146.94357049306518 1473.2797804747659 397 399 -1
399 20.092794500453895 -147.05520327185383 1473.1400842225316 398 400 -1
400 19.9784091934027 -147.16709129122705 1473.0016881410602 399 401 -1
401 19.862304923436024 -147.27955479352852 1472.8652042223025 400 402 -1
402 19.74437998349866 -147.3926325892599 1472.7308045258021 401 403 -1
403 19.624690085225325 -147.5062105687604 1472.5984012477306 402 404 -1
404 19.50330174642514 -147.62016637865617 1472.4678817663273 403 405 -1
405 19.38025932148482 -147.73437520994096 1472.3391441592946 404 406 -1
406 19.255671342055685 -147.8486987144917 1472.2120045982435 405 407 -1
407 19.129631340619287 -147.96300158289034 1472.0862853242659 406 408 -1
408 19.002230985426905 -148.0771463653915 1471.9617992871133 407 409 -1
409 18.873546865972298 -148.19098496894975 1471.8383574690708 408 410 -1
410 18.74371972728042 -148.30438387008988 1471.7157102300964 409 411 -1
411 18.612859491672104 -148.41720423775666 1471.5936285003945 410 412 -1
412 18.481062829205058 -148.5292876871525 1471.4718757073922 411 413 -1
413 18.348480093633246 -148.64051777031878 1471.3501938228499 412 414 -1
414 18.215232147293605 -148.75075519072357 1471.228335378957 413 415 -1
415 18.08144368656795 -148.8598506482537 1471.1060423773224 414 416 -1
416 17.947261738938792 -148.96770515446613 1470.9830817888783 415 417 -1
417 17.81281892828273 -149.0741857085302 1470.859212229315 416 418 -1
418 17.678254704214435 -149.17916175549036 1470.7341959704543 417 419 -1
419 17.543710568725327 -149.2825543645966 1470.6078460046938 418 420 -1
420 17.409323225003316 -149.38426366788767 1470.4799722542466 419 421 -1
421 17.275238117299562 -149.48415414699159 1470.3503596401238 420 422 -1
422 17.141537519979977 -149.58223156216644 1470.2189773773764 421 423 -1
423 17.008180981574814 -149.67859053944665 1470.0859833914178 422 424 -1
424 16.87510433526081 -149.7733441901625 1469.9515628630827 423 425 -1
425 16.74224303448962 -149.86660096404066 1469.8158879593639 424 426 -1
426 16.609533339325477 -149.95845053815844 1469.679108990349 425 427 -1
427 16.47690822834508 -150.04900792072021 1469.5413894818575 426 428 -1
428 16.34430300215817 -150.13837106470433 1469.4028729358042 427 429 -1
429 16.2116533563202 -150.2266309995193 1469.2636930682702 428 430 -1
430 16.07889501353152 -150.3138752618939 1469.1239774004234 429 431 -1
431 15.945963659623587 -150.40018818591412 1468.9838483047224 430 432 -1
432 15.812794851970327 -150.48565119825804 1468.843423987119 431 433 -1
433 15.679323906238475 -150.5703431145153 1468.702819415981 432 434 -1
434 15.545485766474842 -150.65434043352593 1468.5621472081634 433 435 -1
435 15.411214862838818 -150.7377176274678 1468.4215184823465 434 436 -1
436 15.276444960811936 -150.82054742599274 1468.2810436894415 435 437 -1
437 15.141109005419647 -150.90290109310715 1468.1408334296157 436 438 -1
438 15.00513896390935 -150.9848486957136 1468.0009992652454 437 439 -1
439 14.868465670399681 -151.06645936281944 1467.8616545389225 438 440 -1
440 14.731018676287826 -151.1478015343652 1467.7229152055058 439 441 -1
441 14.592726110652498 -151.22894319844832 1467.584900687081 440 442 -1
442 14.453511552277348 -151.30995191853998 1467.4477377119567 441 443 -1
443 14.313297282153405 -151.39089604050614 1467.3115585788623 442 444 -1
444 14.172009609759137 -151.4718441994655 1467.176496069345 443 445 -1
445 14.029569506865453 -151.55286490877842 1467.042693654863 444 446 -1
446 13.885898166553877 -151.63402302401227 1466.9102985618697 445 447 -1
447 13.740934586288507 -151.71534348389193 1466.7794205569721 446 448 -1
448 13.594629173244668 -151.79682452347112 1466.6501454952581 447 449 -1
449 13.446931548728143 -151.878462898235 1466.52256395534 448 450 -1
450 13.297781156100648 -151.9602553165839 1466.3967839533702 449 451 -1
451 13.147111647135603 -152.04219758219375 1466.2729270153752 450 452 -1
452 12.994888312266857 -152.12428108589606 1466.1510803006574 451 453 -1
453 12.841057134789914 -152.20649775635783 1466.0313614731317 452 454 -1
454 12.685553516052611 -152.28883854995084 1465.9139101725652 453 455 -1
455 12.52829253316339 -152.37129333762596 1465.7989045879513 454 456 -1
456 12.369269856746472 -152.4538378057399 1465.6864136109948 455 457 -1
457 12.208562358703535 -152.53638215949528 1465.5763420665432 456 458 -1
458 12.046311159858348 -152.61879329874768 1465.4684563423275 457 459 -1
459 11.882725741980662 -152.70094597450247 1465.3624032693128 458 460 -1
460 11.717948521008802 -152.7827035400685 1465.2579006435935 459 461 -1
461 11.552174665451133 -152.863945932708 1465.1545786896647 460 462 -1
462 11.385576929330416 -152.94454730198362 1465.0520828100905 461 463 -1
463 11.218331077710182 -153.0243816299851 1464.950042940371 462 464 -1
464 11.050626587886434 -153.1033446717482 1464.8480778726635 463 465 -1
465 10.882636366338344 -153.18130018892663 1464.7458084866707 464 466 -1
466 10.714470615161579 -153.25823083256455 1464.6430526279375 465 467 -1
467 10.546108214977705 -153.33414286117764 1464.5398620704095 466 468 -1
468 10.377529871369775 -153.40911419832125 1464.4363368332167 467 469 -1
469 10.20870497649094 -153.48317337207905 1464.3325570771467 468 470 -1
470 10.039608532601232 -153.5563742328678 1464.2286105567111 469 471 -1
471 9.870214019401464 -153.62876497740044 1464.1245820101121 470 472 -1
472 9.700488115279002 -153.7003786732146 1464.020555759712 471 473 -1
473 9.530410949880867 -153.77127881319564 1463.9166144440467 472 474 -1
474 9.35993973853508 -153.8414846838578 1463.81284753432 473 475 -1
475 9.189057998485215 -153.91106245938883 1463.7093331367512 474 476 -1
476 9.01772553470745 -153.9800405541992 1463.606163025884 475 477 -1
477 8.845916946463454 -154.04846865095803 1463.50341935542 476 478 -1
478 8.673599991943151 -154.1163875141473 1463.4011904715474 477 479 -1
479 8.500739262282305 -154.18383572445572 1463.299569863641 478 480 -1
480 8.327311427268745 -154.25086157625265 1463.198638445887 479 481 -1
481 8.153271178339084 -154.31749760976876 1463.0985062958648 480 482 -1
482 7.978603808020044 -154.38379531852246 1462.9992453988248 481 483 -1
483 7.803255766373306 -154.4497855546124 1462.9009848460325 482 484 -1
484 7.6272191493907915 -154.51551952637678 1462.8037895918885 483 485 -1
485 7.450409033794898 -154.58103929798122 1462.7078623621044 484 486 -1
486 7.272713659171033 -154.64643162314388 1462.6134973418314 485 487 -1
487 7.093942268120604 -154.71177914038824 1462.521156266356 486 488 -1
488 6.913969990478206 -154.77716658709826 1462.4312085642257 487 489 -1
489 6.732622608441943 -154.84267674407656 1462.3441601486493 488 490 -1
490 6.5497675752785565 -154.9083884065261 1462.2604854636647 489 491 -1
491 6.3652886779050535 -154.97437380541956 1462.1806816818066 490 492 -1
492 6.179026603784458 -155.04071205920076 1462.1054464938534 491 493 -1
493 5.990978548234392 -155.1074416909432 1462.0351656592238 492 494 -1
494 5.801464632394907 -155.17448119893007 1461.9692438039926 493 495 -1
495 5.6109577038171965 -155.24169751724276 1461.906430855037 494 496 -1
496 5.419918006616694 -155.30896771328466 1461.8453130784526 495 497 -1
497 5.228777874398038 -155.37618053686316 1461.784446145402 496 498 -1
498 5.037958936585528 -155.44322806641358 1461.7224032039674 497 499 -1
499 4.847905902820726 -155.50999445184598 1461.6577655992896 498 500 -1
500 4.659105735784973 -155.57634907726964 1461.589162448938 499 501 -1
501 4.472053037822607 -155.6421552309858 1461.5154446487093 500 502 -1
502 4.286993426004945 -155.70733063639176 1461.4363265257452 501 503 -1
503 4.103531921670194 -155.77195085713853 1461.3531282886138 502 504 -1
504 3.921072365503747 -155.83615631897015 1461.2674386281114 503 505 -1
505 3.7390525853289325 -155.9000757130398 1461.180605395482 504 506 -1
506 3.556877867512269 -155.9638506358804 1461.093991547901 505 507 -1
507 3.373974684552079 -156.02761472327725 1461.0089211749168 506 508 -1
508 3.1897494446585535 -156.09149610797118 1460.9268500093983 507 509 -1
509 3.0036985528536775 -156.1556005464697 1460.8491991267463 508 510 -1
510 2.8153110810419975 -156.22001426980842 1460.7776927979671 509 511 -1
511 2.624200565631687 -156.28477832082385 1460.714201674383 510 512 -1
512 2.430171372671928 -156.34986707034906 1460.660718555465 511 513 -1
513 2.2332934854247126 -156.4151538489483 1460.6192537594034 512 514 -1
514 2.034297033127724 -156.48029062958543 1460.5891538588187 513 515 -1
515 1.834007526962322 -156.54491043469577 1460.5676858716615 514 516 -1
516 1.6329466727784816 -156.60876742183703 1460.551808975472 515 517 -1
517 1.4314033042471452 -156.6716942081778 1460.538498099944 516 518 -1
518 1.2295628129681142 -156.7335639915181 1460.5247508941416 517 519 -1
519 1.0276248328228164 -156.79425352489946 1460.5076432545736 518 520 -1
520 0.8259007221365916 -156.85359690464367 1460.4844369830698 519 521 -1
521 0.6246106551646387 -156.91149734468775 1460.4547197676004 520 522 -1
522 0.42380326919113137 -156.9679076085373 1460.419386764801 521 523 -1
523 0.2234701869392178 -157.02278871582405 1460.3792647548994 522 524 -1
524 0.023557436608519545 -157.07610989358548 1460.3351366481759 523 525 -1
525 -0.17603396297268586 -157.12789787140034 1460.2878372735581 524 526 -1
526 -0.37541414019363134 -157.17812582653775 1460.2380275508256 525 527 -1
527 -0.5747173832635677 -157.2268183339207 1460.1864159915865 526 528 -1
528 -0.7740825955990009 -157.27397887792114 1460.1336330198844 527 529 -1
529 -0.9736544249019483 -157.31960936160615 1460.0802884864145 528 530 -1
530 -1.1735728512858268 -157.36372315873305 1460.0269660034476 529 531 -1
531 -1.3739757537675983 -157.4063169037533 1459.974230209069 530 532 -1
532 -1.574991003959096 -157.44738747230724 1459.922630133498 531 533 -1
533 -1.7767260256728363 -157.4869439369644 1459.87268424494 532 534 -1
534 -1.979295652645318 -157.5249449038589 1459.824960384767 533 535 -1
535 -2.182756021837101 -157.56141719924244 1459.7799104931023 534 536 -1
536 -2.387188373736982 -157.59630051544644 1459.7381243155032 535 537 -1
537 -2.5926073974106 -157.62959830986725 1459.7000534608349 536 538 -1
538 -2.7989986077277558 -157.66128505728744 1459.6660876124326 537 539 -1
539 -3.006286735571229 -157.691217656359 1459.6362387320612 538 540 -1
540 -3.2143250487059825 -157.71933106931937 1459.6100654403415 539 541 -1
541 -3.423011579431454 -157.74551381870828 1459.5872612766411 540 542 -1
542 -3.632269464459495 -157.76960175573043 1459.5675968417747 541 543 -1
543 -3.8420030654582598 -157.7915450097764 1459.5506825612806 542 544 -1
544 -4.05214379538622 -157.81124027047647 1459.5362293198093 543 545 -1
545 -4.26263480838483 -157.8285486644042 1459.5239824475884 544 546 -1
546 -4.473417589516256 -157.84337514849796 1459.5136462879927 545 547 -1
547 -4.68443785005726 -157.85564182125103 1459.5049273083355 546 548 -1
548 -4.89564778210073 -157.8652444365497 1459.4975601907581 547 549 -1
549 -5.10700250017306 -157.87203382212627 1459.4912967177243 548 550 -1
550 -5.318453329018191 -157.8759207966191 1459.485864347009 549 551 -1
551 -5.529951655804519 -157.87681762728727 1459.4810010758545 550 552 -1
552 -5.741447451006705 -157.8746127442806 1459.476455819273 551 553 -1
553 -5.95288612751197 -157.8691694432729 1459.4719781313527 552 554 -1
554 -6.164208251718268 -157.86038587964887 1459.467312215159 553 555 -1
555 -6.375363870371639 -157.84841805770552 1459.4622101689852 554 556 -1
556 -6.586308839256777 -157.83342583896635 1459.4564248486226 555 557 -1
557 -6.797003006201192 -157.81556551182325 1459.449708494488 556 558 -1
558 -7.007403401157555 -157.7949472507963 1459.441788359429 557 559 -1
559 -7.217476112418326 -157.7717564874732 1459.4324210697687 558 560 -1
560 -7.42718577412447 -157.74615335674616 1459.4213582164937 559 561 -1
561 -7.6364939291260505 -157.7182832887633 1459.4083423809045 560 562 -1
562 -7.845354754215586 -157.68827335208246 1459.3930907228714 561 563 -1
563 -8.053717648700001 -157.65625987063225 1459.375314772315 562 564 -1
564 -8.261536093729804 -157.62241666318994 1459.354774506902 563 565 -1
565 -8.4687495309566 -157.58688890994227 1459.331193437271 564 566 -1
566 -8.67528013613289 -157.5498092371514 1459.3042523267902 565 567 -1
567 -8.881040015787324 -157.5113258448024 1459.273637054458 566 568 -1
568 -9.085944472531787 -157.47161504259887 1459.2391068339712 567 569 -1
569 -9.289896576499828 -157.4307685783965 1459.2005013379228 568 570 -1
570 -9.492797234262772 -157.388683846537 1459.1578912951072 569 571 -1
571 -9.69461116058555 -157.34528456173953 1459.1115982073914 570 572 -1
572 -9.895293911021776 -157.30047016163803 1459.0618619764641 571 573 -1
573 -10.094779711358917 -157.2540969873788 1459.0088464076243 572 574 -1
574 -10.293054410953825 -157.20607400215667 1458.9528404437517 573 575 -1
575 -10.490103197268084 -157.1562994327324 1458.8941026061711 574 576 -1
576 -10.685874224721536 -157.10460323751767 1458.8328070629734 575 577 -1
577 -10.880380661755517 -157.05090123607724 1458.769251784196 576 578 -1
578 -11.073613970515082 -156.9950691901178 1458.7036797631522 577 579 -1
579 -11.265535076474436 -156.936918092296 1458.6362944362868 578 580 -1
580 -11.456176089963924 -156.87637865786823 1458.5673959453018 579 581 -1
581 -11.645504093476253 -156.81325686689306 1458.4972065074573 580 582 -1
582 -11.833523521772497 -156.74742631206368 1458.4259954849997 581 583 -1
583 -12.020232202526353 -156.67874909202246 1458.3540284800142 582 584 -1
584 -12.205596248224015 -156.60701840947993 1458.281566310441 583 585 -1
585 -12.389633464143696 -156.53215231978902 1458.2088944925272 584 586 -1
586 -12.572303728193162 -156.4538699716602 1458.1363745045435 585 587 -1
587 -12.753737045851539 -156.37207349200395 1458.064633478357 586 588 -1
588 -12.933980442148528 -156.28638491357586 1457.994455772457 587 589 -1
589 -13.113142540532277 -156.1966865845805 1457.926560876417 588 590 -1
590 -13.291231343313827 -156.102607042282 1457.861851028763 589 591 -1
591 -13.46826463365519 -156.0039761377943 1457.8011551888198 590 592 -1
592 -13.644183684127812 -155.90054025635442 1457.7454272147668 591 593 -1
593 -13.818852512127147 -155.79203205398483 1457.6957551552189 592 594 -1
594 -13.992077647011376 -155.67839547396088 1457.6529886172627 593 595 -1
595 -14.163475442636209 -155.55957593399822 1457.6175724970265 594 596 -1
596 -14.33258492340693 -155.43557778575203 1457.58972364773 595 597 -1
597 -14.499016109374672 -155.30659934403266 1457.5693862254464 596 598 -1
598 -14.662367134680705 -155.1728052003721 1457.5565557663238 597 599 -1
599 -14.822196596711732 -155.0343271275131 1457.5512903713397 598 600 -1
600 -14.978209852839532 -154.89148302205106 1457.553344812796 599 601 -1
601 -15.130145962615254 -154.74457599327147 1457.56247456521 600 602 -1
602 -15.277665258215317 -154.59381616036146 1457.5785877982405 601 603 -1
603 -15.420701668840984 -154.43960737544418 1457.6011835488164 602 604 -1
604 -15.559338663546091 -154.2823057895355 1457.6292668740423 603 605 -1
605 -15.694028987997909 -154.12232299036464 1457.6611757859223 604 606 -1
606 -15.825198440414534 -153.9599136971353 1457.695425293287 605 607 -1
607 -15.953362443317092 -153.7953150733348 1457.7305975521074 606 608 -1
608 -16.078878290545493 -153.62860501733482 1457.7653754807193 607 609 -1
609 -16.202237660421478 -153.45996404687347 1457.7985180488756 608 610 -1
610 -16.323790814968905 -153.28948338893517 1457.8287916473362 609 611 -1
611 -16.443859591792556 -153.11727597438224 1457.8549177341142 610 612 -1
612 -16.56276134039021 -152.94354864942778 1457.8757629668273 611 613 -1
613 -16.680716734624475 -152.76852105248983 1457.8900457882903 612 614 -1
614 -16.797888552973077 -152.59250859378838 1457.8964247981462 613 615 -1
615 -16.914392440399176 -152.4159517357459 1457.894269004704 614 616 -1
616 -17.030313074987173 -152.23927973402454 1457.884198431315 615 617 -1
617 -17.1457863253879 -152.06285102918557 1457.8671068813373 616 618 -1
618 -17.261014811538754 -151.8869276704536 1457.8441411384472 617 619 -1
619 -17.376226413603217 -151.71170547173242 1457.8162392513218 618 620 -1
620 -17.491691958346664 -151.5373506179231 1457.7842420684435 619 621 -1
621 -17.607702759911195 -151.36395951092135 1457.7491262112999 620 622 -1
622 -17.724567785359188 -151.19161065251214 1457.7117786201754 621 623 -1
623 -17.8426354505999 -151.02038878298407 1457.673053235215 622 624 -1
624 -17.962277114021415 -150.85037153681975 1457.6338549097472 623 625 -1
625 -18.083870394720346 -150.68157863704369 1457.5953821681305 624 626 -1
626 -18.20791224530604 -150.51404203662165 1457.5593234962573 625 627 -1
627 -18.334882643190348 -150.34784458003935 1457.5275396057923 626 628 -1
628 -18.465172613301235 -150.1831624781613 1457.501944275255 627 629 -1
629 -18.599241954721627 -150.02042411790873 1457.4849593623312 628 630 -1
630 -18.73718940345664 -149.8601964085332 1457.4787233231873 629 631 -1
631 -18.879050064267446 -149.70348758567002 1457.4860146021053 630 632 -1
632 -19.024337395139494 -149.5515525366448 1457.5091066315777 631 633 -1
633 -19.17231134359909 -149.40581441084854 1457.5490493140708 632 634 -1
634 -19.323273856571898 -149.26672293599842 1457.6001575850125 633 635 -1
635 -19.478604858793783 -149.13347092936536 1457.6537046448022 634 636 -1
636 -19.640282890154857 -149.00551359730733 1457.7008907102845 635 637 -1
637 -19.8097983685547 -148.88290929102178 1457.731464056934 636 638 -1
638 -19.98662274095389 -148.76731629304092 1457.733725291404 637 639 -1
639 -20.166130642975556 -148.66250362157805 1457.6968336597809 638 640 -1
640 -20.339705958527038 -148.57288854289735 1457.6167702650278 639 641 -1
641 -20.5 -148.5 1457.5 640 642 643
642 -20.604115836704004 -148.32716093200065 1457.636032657736 641 644 -1
643 -20.50945972865401 -148.5357849605912 1457.336058875391 641 645 -1
644 -20.70760219224086 -148.15486063441782 1457.773220201317 642 646 -1
645 -20.517814845247457 -148.57148900644563 1457.172411422527 643 647 -1
646 -20.81059844469474 -147.9830264434767 1457.9113580876758 644 648 -1
647 -20.52513941369726 -148.60713966456498 1457.0087029327417 645 649 -1
648 -20.913251721613594 -147.8115704993573 1458.0502195281886 646 650 -1
649 -20.531505978177123 -148.64273351652943 1456.844941999076 647 651 -1
650 -21.015720822210355 -147.64039521906406 1458.1895625303055 648 652 -1
651 -20.536981090053093 -148.67826711495525 1456.6811357226104 649 653 -1
652 -21.118173734373833 -147.46939516967086 1458.3291324508173 650 654 -1
653 -20.54163382533839 -148.71373744498317 1456.5172902875302 651 655 -1
654 -21.220784605086823 -147.29845944612407 1458.4686651040377 652 656 -1
655 -20.54553183412218 -148.7491416715501 1456.3534108378183 653 657 -1
656 -21.323730313770398 -147.12747439869057 1458.607890258123 654 658 -1
657 -20.54874228867498 -148.7844771646282 1456.1895016209191 655 659 -1
658 -21.427186808919597 -146.95632659000609 1458.746535438052 656 660 -1
659 -20.551332242736027 -148.81974153662014 1456.0255660885155 657 661 -1
660 -21.531325361561528 -146.78490581037866 1458.8843299259659 658 662 -1
661 -20.5533680523743 -148.8549325602349 1455.8616069591626 659 663 -1
662 -21.636308920150192 -146.61310798980972 1459.0210088456774 660 664 -1
663 -20.554915111074447 -148.89004810231532 1455.6976262909966 661 665 -1
664 -21.742288754537498 -146.44083783480022 1459.1563171836806 662 666 -1
665 -20.556039513303578 -148.92508638682105 1455.533625640893 663 667 -1
666 -21.849401606443706 -146.26801101613412 1459.2900135240811 664 668 -1
667 -20.556804579582675 -148.96004532173126 1455.3696059763095 665 669 -1
668 -21.95776738347272 -146.09455584231046 1459.4218734843037 666 670 -1
669 -20.557276101459006 -148.99492364723005 1455.2055680352798 667 671 -1
670 -22.06748754939815 -145.9204143238035 1459.5516926372409 668 672 -1
671 -20.5575156474152 -149.02971911229616 1455.0415119877628 669 673 -1
672 -22.178644317131344 -145.74554257546328 1459.6792887009342 670 674 -1
673 -20.557587718481447 -149.06443076971664 1454.8774380232264 671 675 -1
674 -22.291300374149273 -145.5699107198079 1459.8045033195929 672 676 -1
675 -20.557553955573724 -149.09905679677445 1454.7133459502538 673 677 -1
676 -22.405499421605306 -145.39350218949357 1459.9272028863577 674 678 -1
677 -20.557476290314835 -149.13359576209209 1454.549235543584 675 679 -1
678 -22.521267256132205 -145.2163126194736 1460.047278671369 676 680 -1
679 -20.557415809916602 -149.1680465161362 1454.385106589907 677 681 -1
680 -22.63861319644716 -145.0383484840273 1460.1646464462287 678 682 -1
681 -20.557433538711294 -149.20240709199368 1454.2209587259713 679 683 -1
682 -22.757531778412407 -144.85962556674343 1460.2792456190255 680 684 -1
683 -20.557589187901254 -149.23667651942304 1454.0567918859026 681 685 -1
684 -22.87800491307415 -144.68016722030467 1460.391037401812 682 686 -1
685 -20.557941894028392 -149.2708534133411 1453.892606067753 683 687 -1
686 -23.0 -144.5 1460.5 684 688 689
687 -20.558552227586127 -149.30493572013162 1453.7284013521564 685 690 -1
688 -23.135753891207884 -144.37913188841696 1460.6310747589084 686 691 -1
689 -22.944020224393984 -144.47896795983831 1460.6838596968273 686 692 -1
690 -20.559477094843018 -149.33892249754552 1453.564178317768 687 693 -1
691 -23.271952632603746 -144.2588927100716 1460.7621163717101 688 694 -1
692 -22.887850440415377 -144.46066057342668 1460.8679156746198 689 695 -1
693 -20.560774142924682 -149.3728121764361 1453.3999377462428 690 696 -1
694 -23.408643223549245 -144.13920079252867 1460.8931468623314 691 697 -1
695 -22.83157240820429 -144.44503317898386 1461.0521855236884 692 698 -1
696 -20.562502661250157 -149.4066026814572 1453.2356807285662 693 699 -1
697 -23.5458245205291 -144.02005961857182 1461.0241664593013 694 700 -1
698 -22.775206679581288 -144.43208124130243 1461.2366360121785 695 701 -1
699 -20.56471807498494 -149.44029265316863 1453.0714089217674 696 702 -1
700 -23.683490824201 -143.90146755748094 1461.1551755200417 697 703 -1
701 -22.718774032999328 -144.4217991910014 1461.4212342053545 698 704 -1
702 -20.567475989068882 -149.4738804163235 1452.9071244134743 699 705 -1
703 -23.821640160351127 -143.78342718203956 1461.2861743489138 700 706 -1
704 -22.662295495826793 -144.41418094201896 1461.6059474904157 701 707 -1
705 -20.57083244274356 -149.50736401922182 1452.7428297964823 702 708 -1
706 -23.960268821485926 -143.66593911070564 1461.417163317639 703 709 -1
707 -22.605792410826894 -144.4092019697756 1461.7907432205286 704 710 -1
708 -20.574844720234587 -149.5407411581973 1452.57852824263 705 711 -1
709 -24.099372486742688 -143.5490032387937 1461.5481428394924 706 712 -1
710 -22.54928593186875 -144.40684429544862 1461.9755899399452 707 713 -1
711 -20.579564715021803 -149.57401019391514 1452.414223593298 708 714 -1
712 -24.238949146977543 -143.43262216648725 1461.6791133137926 709 715 -1
713 -22.492797204586054 -144.40708673926818 1462.1604569777357 710 716 -1
714 -20.585046175656654 -149.60716895170583 1452.24992031181 711 717 -1
715 -24.378992870490244 -143.3167938816453 1461.8100752454457 712 718 -1
716 -22.436347301727224 -144.40990502786477 1462.3453145791993 713 719 -1
717 -20.591342221773516 -149.6402151421748 1452.085623565182 714 720 -1
718 -24.51950242589826 -143.20152194097648 1461.9410290862925 715 721 -1
719 -22.379957161767994 -144.4152719143207 1462.5301340276246 716 722 -1
720 -20.59850800429788 -149.67314601173646 1451.92133931782 717 723 -1
721 -24.66047116110676 -143.08680342057903 1462.0719754146603 718 724 -1
722 -22.323647531210522 -144.4231573093201 1462.7148877556642 719 725 -1
723 -20.606593533626274 -149.7059592760278 1451.7570742606363 720 726 -1
724 -24.80189778456231 -142.97264185125698 1462.2029147546202 721 727 -1
725 -22.267438910924863 -144.43352842173823 1462.899549445765 722 728 -1
726 -20.61564901288627 -149.73865237822162 1451.5928358823044 723 729 -1
727 -24.943775732783358 -142.8590343498621 1462.333847745061 724 730 -1
728 -22.21135150681493 -144.44634990698256 1463.0840941192653 725 731 -1
729 -20.625724632129952 -149.7712225294967 1451.4286325210264 726 732 -1
730 -25.08610289783772 -142.74598348466694 1462.4647749957624 727 733 -1
731 -22.155405185023533 -144.46158402140364 1463.2684982139397 728 734 -1
732 -20.636869746205576 -149.80366680975726 1451.264473379351 729 735 -1
733 -25.228873533434637 -142.63348731972403 1462.595697199621 730 736 -1
734 -22.09961943181992 -144.4791907811232 1463.4527396499338 731 737 -1
735 -20.64912649235095 -149.83598225899794 1451.1003680779586 732 738 -1
736 -25.372084039580546 -142.52154657274718 1462.7266150584132 733 739 -1
737 -22.04401331824619 -144.49912812367936 1463.6367978841743 734 740 -1
738 -20.662479076060812 -149.86816654682502 1450.9363224869974 735 741 -1
739 -25.515730136588463 -142.41016111271685 1462.8575293197096 736 742 -1
740 -21.98860546954159 -144.521352070964 1463.8206539534792 737 743 -1
741 -20.67687783658961 -149.90021817407913 1450.7723394014904 738 744 -1
742 -25.65980616533318 -142.29932900831386 1462.988440775334 739 745 -1
743 -21.93341403929911 -144.54581689201913 1464.0042905067153 740 746 -1
744 -20.69227273855749 -149.93213592905974 1450.6084206893204 741 747 -1
745 -25.804309795853015 -142.18905262484446 1463.1193502366775 742 748 -1
746 -21.878456688263267 -144.57247526436387 1464.1876918264438 743 749 -1
747 -20.708615483653563 -149.96391863541157 1450.4445674881235 744 750 -1
748 -25.9492342906694 -142.07932858531842 1463.250258573824 745 751 -1
749 -21.823750567632047 -144.60127843263987 1464.3708438406015 746 752 -1
750 -20.72585834911659 -149.99556528019525 1450.2807801941462 747 753 -1
751 -26.094575501686244 -141.97015685152095 1463.3811666816082 748 754 -1
752 -21.76931230668143 -144.6321763634873 1464.553734124814 749 755 -1
753 -20.743954201426153 -150.02707500110566 1450.117058514107 750 756 -1
754 -26.24032960137259 -141.86153783080718 1463.5120755000626 751 757 -1
755 -21.715158004505827 -144.66511789568963 1464.7363518960149 752 758 -1
756 -20.76285650568084 -150.05844707414218 1449.9534015155007 753 759 -1
757 -26.386490357301795 -141.7534686769764 1463.6429860018736 754 760 -1
758 -21.661303225635628 -144.70005088475585 1464.9186879980668 755 761 -1
759 -20.7825193310441 -150.08968090174687 1449.7898076752601 756 762 -1
760 -26.533053286095463 -141.64594885915622 1463.773899201434 757 763 -1
761 -21.607762999274566 -144.73692234123632 1465.1007348801163 758 764 -1
762 -20.802897352624445 -150.1207760014238 1449.6262749267094 759 765 -1
763 -26.6800143174624 -141.53897842457962 1463.904816162936 760 766 -1
764 -21.554552277979106 -144.7756809968006 1465.2824861698518 761 767 -1
765 -20.823945850138934 -150.1517319948451 1449.4628007047716 762 768 -1
766 -26.82736714782258 -141.4325543020187 1464.0357379674645 763 769 -1
767 -21.501684902811526 -144.81627143921145 1465.463937579124 764 770 -1
768 -20.84562070369176 -150.18254859744607 1449.2993819894152 765 771 -1
769 -26.975106718674457 -141.32667509323923 1464.166665744389 766 772 -1
770 -21.449174059676206 -144.85863739433725 1465.6450864260607 767 773 -1
771 -20.86787838698119 -150.21322560850575 1449.1360153473402 768 774 -1
772 -27.123228937403592 -141.22134076572542 1464.2976006857448 769 775 -1
773 -21.39703268440169 -144.9027237058521 1465.8259312577557 770 776 -1
774 -20.890675958230293 -150.2437629017086 1448.9726969719222 771 777 -1
775 -27.27172777017873 -141.1165485011256 1464.4285439900452 772 778 -1
776 -21.345273218151736 -144.9484749591276 1466.006472034392 773 779 -1
777 -20.913971049117958 -150.2741604161759 1448.809422721447 774 780 -1
778 -27.42059766468911 -141.01229610859326 1464.559496899734 775 781 -1
779 -21.2939076226511 -144.9958355733056 1466.186710079 776 782 -1
780 -20.937721851970267 -150.3044181479589 1448.6461881556788 777 783 -1
781 -27.56983330029879 -140.9085816929776 1464.690460702233 778 784 -1
782 -21.24294739707884 -145.0447498852935 1466.3666480248335 779 785 -1
783 -20.961887105452913 -150.334536141977 1448.482988570816 780 786 -1
784 -27.71943012645634 -140.8054044857743 1464.8214367562114 781 787 -1
785 -21.19240359637524 -145.09516222577832 1466.5462897609186 782 788 -1
786 -20.986426078991222 -150.36451448438922 1448.319819032893 783 789 -1
787 -27.869382011129876 -140.70276133625978 1464.9524264096603 784 790 -1
788 -21.14228685072795 -145.14701698741433 1466.7256403762972 785 791 -1
789 -21.011298992841432 -150.39435308778948 1448.1566744388247 786 792 -1
790 -28.019683240135215 -140.6006496540683 1465.0834310598927 787 793 -1
791 -21.09260738601467 -145.20025868538792 1466.904706103427 788 794 -1
792 -21.0364658632004 -150.42405214724414 1447.9935494591537 789 795 -1
793 -28.170328265953692 -140.49906705588813 1465.2144521504893 790 796 -1
794 -21.04337504499572 -145.25483201060854 1467.0834942611607 791 797 -1
795 -21.061887123598634 -150.45361195525737 1447.8304386277784 792 798 -1
796 -28.321311489008604 -140.39801103765652 1465.3454911635451 793 799 -1
797 -20.994599309067247 -145.31068187580513 1467.2620131976728 794 800 -1
798 -21.087523963693247 -150.483032695439 1447.667336390222 795 801 -1
799 -28.472628012753788 -140.29748017634242 1465.4765496678403 796 802 -1
800 -20.94628893311918 -145.36775342421166 1467.4402721389058 797 803 -1
801 -21.113338014637616 -150.5123145603718 1447.5042371083325 798 804 -1
802 -28.62427133617085 -140.19747047574322 1465.6076291788875 799 805 -1
803 -20.898444146487765 -145.4259924172896 1467.6182789172103 800 806 -1
804 -21.1392913297492 -150.54145774620923 1447.3411350859776 801 807 -1
805 -28.776235707543197 -140.09797905801048 1465.7387312914354 802 808 -1
806 -20.851055804875468 -145.48534290708406 1467.796040531786 803 809 -1
807 -21.165346365083174 -150.57046244758723 1447.178024593717 804 810 -1
808 -28.928515344775786 -139.99900294883125 1465.86985763807 805 811 -1
809 -20.804113778939573 -145.5457485202031 1467.9735650210228 806 812 -1
810 -21.191466059834475 -150.5993283343609 1447.014899817007 807 813 -1
811 -29.081104424861046 -139.9005390585397 1466.0010098880214 808 814 -1
812 -20.757608066590013 -145.60715420665284 1468.150861116953 809 815 -1
813 -21.21761322910108 -150.62805602353092 1446.8517550464317 810 816 -1
814 -29.233997086096196 -139.80258418340966 1466.132189746682 811 817 -1
815 -20.711528422655604 -145.6695052709557 1468.3279384035643 812 818 -1
816 -21.24375137623021 -150.65664572519034 1446.6885845929983 813 819 -1
817 -29.38718784144113 -139.70513571499683 1466.263398998998 814 820 -1
818 -20.66586438419856 -145.73274739205155 1468.5048072610757 815 821 -1
819 -21.26984435377987 -150.68509758311984 1446.525382820143 816 822 -1
820 -29.54067040209583 -139.6081896330665 1466.3946393906785 817 823 -1
821 -20.62060529447514 -145.79682663795043 1468.6814788111624 818 824 -1
822 -21.29585625052437 -150.71341163252043 1446.3621441429216 819 825 -1
823 -29.694438705130775 -139.51174223117766 1466.525912722241 820 826 -1
824 -20.575740325547137 -145.86168947550428 1468.8579648632785 821 827 -1
825 -21.32175084550295 -150.7415874254342 1446.1988629015163 822 828 -1
826 -29.848486758501643 -139.41578986615394 1466.6572208380483 823 829 -1
827 -20.53125849955627 -145.9272827756684 1469.03427786219 824 830 -1
828 -21.34749319341662 -150.7696256247454 1446.0355339114972 825 831 -1
829 -30.002808542202605 -139.32032878816244 1466.7885656157032 826 832 -1
830 -20.487148708687705 -145.99355381461385 1469.210430836796 827 833 -1
831 -21.37304825972751 -150.79752626225454 1445.872151966599 828 834 -1
832 -30.15739801036879 -139.22535514237754 1466.9199489653647 829 835 -1
833 -20.44339973385558 -146.06045027104605 1469.3864373502902 830 836 -1
834 -21.398381104989927 -150.8252892546531 1445.708711980847 831 837 -1
835 -30.312249093354758 -139.13086497069955 1467.0513728290298 832 838 -1
836 -20.400000262151472 -146.12792022007594 1469.5623114516918 833 839 -1
837 -21.423455689791986 -150.85291389404958 1445.545208743473 834 840 -1
838 -30.467355699785024 -139.0368542135276 1467.1828391797883 835 841 -1
839 -20.35693890310608 -146.19591212397447 1469.7380676287457 836 842 -1
840 -21.44823879584644 -150.88040081097753 1445.3816378746192 837 843 -1
841 -30.622711722820174 -138.94331871979213 1467.3143500218541 838 844 -1
842 -20.314204203815 -146.2643748201361 1469.9137207621754 839 845 -1
843 -21.472696258544534 -150.90774987725302 1445.2179949055117 840 846 -1
844 -30.778311292389905 -138.85025474202973 1467.4459074413592 841 847 -1
845 -20.271784662988317 -146.33325750655976 1470.0892860812523 842 848 -1
846 -21.49679276845789 -150.93496045072365 1445.0542753244308 843 849 -1
847 -30.93414797525891 -138.75765737584499 1467.5775134480393 844 850 -1
848 -20.229668743984906 -146.4025097251447 1470.2647791206314 845 851 -1
849 -21.5204941972876 -150.96203231394705 1444.890475104131 846 852 -1
850 -31.090215614880513 -138.66552217651713 1467.709170131259 847 853 -1
851 -20.187844886894812 -146.47208134308863 1470.4402156783842 848 854 -1
852 -21.543768030891343 -150.98896562646127 1444.7265907597234 849 855 -1
853 -31.24650804270389 -138.57384460734485 1467.8408796073222 850 856 -1
854 -20.146301519736163 -146.54192253266046 1470.6156117751555 851 857 -1
855 -21.566579984235943 -151.01575983587048 1444.5626187012099 852 858 -1
856 -31.40301908004306 -138.48262004168828 1467.9726440185595 853 859 -1
857 -20.105027068834055 -146.61198374961037 1470.7909836143526 854 860 -1
858 -21.588898047330943 -151.04241393223023 1444.3985558714983 855 861 -1
859 -31.55974257798263 -138.39184387750964 1468.104465564394 856 862 -1
860 -20.064009968448183 -146.6822157104701 1470.9663475432749 857 863 -1
861 -21.61072376004149 -151.06892756487534 1444.234404066574 858 864 -1
862 -31.716673456857727 -138.30151461966955 1468.236347371925 859 865 -1
863 -20.023238669718527 -146.75256936898458 1471.1417200150797 860 866 -1
864 -21.632069625382794 -151.09529917957323 1444.0701663023642 861 867 -1
865 -31.87380785018182 -138.21163437070194 1468.3682936107455 862 868 -1
866 -19.982701648996315 -146.82299589190885 1471.3171175514788 863 869 -1
867 -21.65294649551192 -151.12152667640694 1443.905845193423 864 870 -1
868 -32.03114193781088 -138.1222054144111 1468.5003085086335 865 871 -1
869 -19.942387415628193 -146.89344663439562 1471.4925567060543 866 872 -1
870 -21.67337052079351 -151.14760964641664 1443.74144418788 867 873 -1
871 -32.18867187647504 -138.0332300102982 1468.6323962918923 868 874 -1
872 -19.902284519259695 -146.9638731151925 1471.6680540280831 869 875 -1
873 -21.69335380519669 -151.1735464856625 1443.5769659129958 870 876 -1
874 -32.346393800084805 -137.94471039325413 1468.764561184398 871 877 -1
875 -19.862381556724227 -147.03422699186183 1471.8436260267533 872 878 -1
876 -21.71290797751559 -151.19933541464502 1443.4124128199019 873 879 -1
877 -32.50430382004341 -137.85664877325203 1468.8968074066438 874 880 -1
878 -19.82266717858125 -147.10446003623179 1472.019289135664 875 881 -1
879 -21.732048577722395 -151.22497608173714 1443.2477879451908 876 882 -1
880 -32.66239802556479 -137.76904733504026 1469.0291391747826 877 883 -1
881 -19.78313009536723 -147.17452411028347 1472.195059677492 878 884 -1
882 -21.75078665089197 -151.25046658926505 1443.0830934537003 879 885 -1
883 -32.82067248399917 -137.68190823783394 1469.1615606996636 880 886 -1
884 -19.74375908361969 -147.24437114267747 1472.370953828724 881 887 -1
885 -21.769135638231404 -151.27580593816734 1442.9183318394626 882 888 -1
886 -32.979123342001586 -137.59523388808435 1469.294076243335 883 889 -1
887 -19.70454299173426 -147.31395310612015 1472.5469875843396 884 890 -1
888 -21.7871098767145 -151.30099359614903 1442.7535056665938 885 891 -1
889 -33.137746534264245 -137.50902616589036 1469.4266899601248 886 892 -1
890 -19.665470745712735 -147.38322199577016 1472.7231767223552 887 893 -1
891 -21.804718955780192 -151.32602709744955 1442.5886166021626 888 894 -1
892 -33.29653804593221 -137.42328710249882 1469.5594060290098 889 895 -1
893 -19.626531354856375 -147.4521298088874 1472.8995367681289 890 896 -1
894 -21.821978881296626 -151.35090674025858 1442.423667342652 891 897 -1
895 -33.45549386070949 -137.33801875269597 1469.6922286300046 892 898 -1
896 -19.587713917457997 -147.52062852592647 1473.0760829583407 893 899 -1
897 -21.83890067622271 -151.37563074208094 1442.2586596538931 894 900 -1
898 -33.61460994212867 -137.25322314421345 1469.825161933021 895 901 -1
899 -19.549007626545045 -147.58867009327614 1473.2528302045735 896 902 -1
900 -21.855497237467276 -151.40019817839283 1442.09359555569 897 903 -1
901 -33.773882233917696 -137.16890227741794 1469.9582100968976 898 904 -1
902 -19.51040177571978 -147.6562064078554 1473.429793056423 899 905 -1
903 -21.871782022827688 -151.42460850861673 1441.9284771022278 900 906 -1
904 -33.93330666037212 -137.0850581250031 1470.0913772684296 901 907 -1
905 -19.471885765143746 -147.723189303772 1473.6069856640809 902 908 -1
906 -21.88776565389641 -151.4488597687759 1441.7633057892667 903 909 -1
907 -34.09287912673682 -137.00169263167916 1470.2246675813992 904 910 -1
908 -19.433449107708828 -147.78957054125695 1473.7844217403456 905 911 -1
909 -21.90346303630519 -151.47295235542316 1441.5980838088462 906 912 -1
910 -34.25259551959515 -136.91880771386408 1470.3580851556048 907 913 -1
911 -19.395081435434193 -147.85530179809007 1473.9621145220312 908 914 -1
912 -21.918883804224976 -151.49688378559574 1441.4328123639004 909 915 -1
913 -34.41245170726585 -136.8364052593737 1470.4916340958928 910 916 -1
914 -19.356772506126152 -147.920334663734 1474.1400767307557 911 917 -1
915 -21.934042806263246 -151.52065467320463 1441.267493538779 912 918 -1
916 -34.572443540209555 -136.75448712711201 1470.625318491188 913 919 -1
917 -19.318512210333235 -147.98462063639758 1474.31832053311 914 920 -1
918 -21.94895026347161 -151.54426289496578 1441.1021285348663 915 921 -1
919 -34.732566851442165 -136.6730551467618 1470.7591424135283 916 922 -1
920 -19.280290053208887 -148.04811304367527 1474.4968567085039 917 923 -1
921 -21.96361987250687 -151.56770861569942 1440.9367191454776 918 924 -1
922 -34.892817456958554 -136.5921111184751 1470.8931099170993 919 925 -1
923 -19.242082138116103 -148.110814501616 1474.6756752617027 920 926 -1
924 -21.97806245218135 -151.59099013195697 1440.7712665881234 921 927 -1
925 -35.05319115616484 -136.5116568125633 1471.0272250372702 922 928 -1
926 -19.203850151224206 -148.1727833958845 1474.8547438839828 923 929 -1
927 -21.99229103357972 -151.6141073978403 1440.6057724621912 924 930 -1
928 -35.213683732318955 -136.43169396918864 1471.161491789634 925 931 -1
929 -19.165555074343214 -148.23407969031615 1475.034030409991 926 932 -1
930 -22.00631658760705 -151.63705887876682 1440.4402379340313 927 933 -1
931 -35.37429095298159 -136.35222429805478 1471.29591416905 928 934 -1
932 -19.127157826060113 -148.2947634244966 1475.2135033852378 929 935 -1
933 -22.020151862370962 -151.65984457106663 1440.2746644928936 930 936 -1
934 -35.5350085704755 -136.27324947809876 1471.4304961486898 931 937 -1
935 -19.088619274679033 -148.35489467976961 1475.3931319757935 932 938 -1
936 -22.03380764123469 -151.68246284407698 1440.1090531985822 933 939 -1
937 -35.69583232235525 -136.19477115718243 1471.5652416790847 934 940 -1
938 -19.049900249478878 -148.4145335501434 1475.572885876754 935 941 -1
939 -22.047296666644257 -151.70491400330718 1439.9434055021156 936 942 -1
940 -35.856757931886676 -136.11679095178562 1471.7001546871809 937 943 -1
941 -19.010961550702664 -148.4737401174347 1475.7527352198103 938 944 -1
942 -22.060629301986822 -151.72719604363854 1439.7777223119067 939 945 -1
943 -36.017781159980686 -136.03931072327205 1471.835239172107 940 946 -1
944 -18.97176395869516 -148.53257442998785 1475.9326504802098 941 947 -1
945 -22.073818402450442 -151.74930979311077 1439.6120050888815 942 948 -1
946 -36.17889766455425 -135.9623318513297 1471.970498954647 943 949 -1
947 -18.932268242606682 -148.591096484308 1476.1126023833633 944 950 -1
948 -22.086873944466333 -151.77125278211167 1439.4462545938693 945 951 -1
949 -36.34010311123289 -135.88585576736062 1472.1059378550037 946 952 -1
950 -18.89243516908191 -148.64936620894835 1476.292561811327 947 953 -1
951 -22.099808526374083 -151.7930259951414 1439.2804722290239 948 954 -1
952 -36.501393170939856 -135.8098839603462 1472.2415596970093 949 955 -1
953 -18.852225511352252 -148.70744344999716 1476.4724997093642 950 956 -1
954 -22.112632601631677 -151.81462763617517 1439.1146588365855 951 957 -1
955 -36.6627635028198 -135.73441788637393 1472.3773682762762 952 958 -1
956 -18.811600059150113 -148.76538795751532 1476.652386992786 953 959 -1
957 -22.12535770160492 -151.83605761873577 1438.9488155468798 954 960 -1
958 -36.8242097547779 -135.6594589683358 1472.5133673592836 955 961 -1
959 -18.77051962986438 -148.82325937227873 1476.8321944542627 956 962 -1
960 -22.137994941326678 -151.85731543891222 1438.7829433837446 957 963 -1
961 -36.98572756403068 -135.58500859562798 1472.6495606824692 958 964 -1
962 -18.728945081354308 -148.88111721218803 1477.011892671803 959 965 -1
963 -22.15055493293789 -151.87839961675422 1438.617043192574 960 966 -1
964 -37.147312557665856 -135.5110681238525 1472.7859519513293 961 967 -1
965 -18.68683732683797 -148.9390208577133 1477.1914519176069 962 968 -1
966 -22.1630490961354 -151.8993107907573 1438.4511161358064 963 969 -1
967 -37.308960353214665 -135.43763887452 1472.9225448395246 964 970 -1
968 -18.644157227131235 -148.9970295693809 1477.3708420271264 965 971 -1
969 -22.17548783090213 -151.92004717748824 1438.2851629805994 966 972 -1
970 -37.47066655923346 -135.36472213475508 1473.0593429879957 967 973 -1
971 -18.60086480734227 -149.05520279309553 1477.5500320066385 968 974 -1
972 -22.187882101257365 -151.9406088653144 1438.1191847631594 969 975 -1
973 -37.632426775897535 -135.29231915700348 1473.1963500040863 970 976 -1
974 -18.556922281952733 -149.11359920431528 1477.72899097258 971 977 -1
975 -22.200242595587845 -151.960995712204 1437.9531824608312 972 978 -1
976 -37.79423659560315 -135.22043115874206 1473.3335694606772 973 979 -1
977 -18.512290991755076 -149.17227744632137 1477.9076870836827 974 980 -1
978 -22.21257966586032 -151.98120560985936 1437.787156780626 975 981 -1
979 -37.95609160358356 -135.14905932219085 1473.471004895326 976 982 -1
980 -18.466932452747855 -149.23129591581574 1478.0860877584703 977 983 -1
981 -22.22490398835364 -152.00123953503248 1437.621108827889 978 984 -1
982 -38.11798738681534 -135.07820491222836 1473.6086598602544 979 985 -1
983 -18.42080839182407 -149.29071272997345 1478.2641595951359 980 986 -1
984 -22.237225875696325 -152.02109674667395 1437.4550394689286 981 987 -1
985 -38.279919539452216 -135.0078694389775 1473.7465379959044 982 988 -1
986 -18.373880787277514 -149.35058568839239 1478.4418682946412 983 989 -1
987 -22.24955569370606 -152.04077557628946 1437.2889494663164 984 990 -1
988 -38.44188358982624 -134.93805348934836 1473.884642522249 985 991 -1
989 -18.326111914463063 -149.41097222941605 1478.6191785875742 986 992 -1
990 -22.26190360054746 -152.06027678736072 1437.1228398592211 987 993 -1
991 -38.60387510020411 -134.86875810294424 1474.0229768281065 988 994 -1
992 -18.277464396921076 -149.47192938033155 1478.796054165379 989 995 -1
993 -22.2742796625271 -152.0795998445965 1436.956711528766 990 996 -1
994 -38.765889628882015 -134.79998428272594 1474.1615442628602 991 997 -1
995 -18.22790126323881 -149.53351370098528 1478.9724576166336 992 998 -1
996 -22.286694225963775 -152.0987428781621 1436.790565230477 993 999 -1
997 -38.927922730865035 -134.7317329947426 1474.300348135662 994 1000 -1
998 -18.177386009879957 -149.59578122040395 1479.1483503691268 995 1001 -1
999 -22.299156979788403 -152.1177067236975 1436.624401992376 996 1002 -1
1000 -39.089969958554676 -134.66400516786808 1474.4393917146551 997 1003 -1
1001 -18.12588267016249 -149.65878736606248 1479.3236926385598 998 1004 -1
1002 -22.311677744695142 -152.13649089498782 1436.4582227077096 999 1005 -1
1003 -39.25202686245001 -134.5968016935396 1474.5786782262032 1000 1006 -1
1004 -18.073355889501507 -149.7225868855092 1479.498443384763 1001 1007 -1
1005 -22.324266556575687 -152.15509421827505 1436.292028221056 1002 1008 -1
1006 -39.41408899185636 -134.53012342550298 1474.7182108541376 1003 1009 -1
1007 -18.01977100696433 -149.7872337601338 1479.672560276392 1004 1010 -1
1008 -22.33693312465578 -152.17351632982576 1436.125819458108 1005 1011 -1
1009 -39.57615189347829 -134.46397148183394 1474.8579928838255 1006 1012 -1
1010 -17.965093472428464 -149.8527816789771 1479.8459992344108 1007 1013 -1
1011 -22.349686809372646 -152.19175733580929 1435.9595973836185 1008 1014 -1
1012 -39.738211103579175 -134.39834696466514 1474.998027573688 1009 1015 -1
1013 -17.90928893522682 -149.91928401152157 1480.0187143376145 1010 1016 -1
1014 -22.362537111398577 -152.20981676842774 1435.7933629245942 1011 1017 -1
1015 -39.900262170341755 -134.33325002750732 1475.1383176985328 1012 1018 -1
1016 -17.852327137517424 -149.98679038803596 1480.1906603466484 1013 1019 -1
1017 -22.375493916134158 -152.2276934326108 1435.6271169782253 1014 1020 -1
1018 -40.06230064456049 -134.26868137216104 1475.2788662658766 1015 1021 -1
1019 -17.794177110903817 -150.0553507264949 1480.3617895812708 1016 1022 -1
1020 -22.388566409017496 -152.24538726036744 1435.4608605296169 1017 1023 -1
1021 -40.22432207949532 -134.20464166153576 1475.4196762371555 1018 1024 -1
1022 -17.734809075467826 -150.12501363308166 1480.532053052111 1019 1025 -1
1023 -22.401763617891703 -152.26289819628562 1435.294594571456 1020 1026 -1
1024 -40.38632203164006 -134.14113151942564 1475.5607505270596 1021 1027 -1
1025 -17.67419455473584 -150.1958262705065 1480.7014004983423 1022 1028 -1
1026 -22.41509471417588 -152.28022580853164 1435.1283200887456 1023 1029 -1
1027 -40.54829606150072 -134.07815153029225 1475.7020920028826 1024 1030 -1
1028 -17.61230649441151 -150.26783422020915 1480.8697804415026 1025 1031 -1
1029 -22.428568879065917 -152.29736956336404 1434.9620380802928 1026 1032 -1
1030 -40.710239676182844 -134.01570312595342 1475.8437039393816 1027 1033 -1
1031 -17.549119383972858 -150.34108133931917 1481.0371402564906 1028 1034 -1
1032 -22.442195758426994 -152.31432833083892 1434.7957495482406 1029 1035 -1
1033 -40.87214968189509 -133.95378748099958 1475.9855879774461 1030 1036 -1
1034 -17.48460938007496 -150.4156096134393 1481.2034262606458 1031 1037 -1
1035 -22.455983600955523 -152.33110256562355 1434.6294555689187 1032 1038 -1
1036 -41.034027604640485 -133.8924107431669 1476.1277425080193 1033 1039 -1
1037 -17.418754430549654 -150.4914590065023 1481.368583821692 1034 1040 -1
1038 -22.4699412431389 -152.34769187115492 1434.4631572046712 1035 1041 -1
1039 -41.19587607184306 -133.8315805433218 1476.270165245765 1036 1042 -1
1040 -17.351533049517567 -150.5686686683668 1481.5325562763317 1037 1043 -1
1041 -22.484077438431626 -152.36409585949517 1434.296855539935 1038 1044 -1
1042 -41.35769765869104 -133.77130454709786 1476.4128539062986 1039 1045 -1
1043 -17.28292405082946 -150.64727726235375 1481.6952845085157 1040 1046 -1
1044 -22.498400856835865 -152.3803141513497 1434.130551682229 1041 1047 -1
1045 -41.51949486448941 -133.71159107182012 1476.555806487088 1042 1048 -1
1046 -17.212917288699852 -150.72730866073422 1481.8567186473879 1043 1049 -1
1047 -22.512920369852516 -152.39634611565216 1433.964246763217 1044 1050 -1
1048 -41.68127015781592 -133.65244818522757 1476.6990208292577 1045 1051 -1
1049 -17.14151657509637 -150.8087452185665 1482.0168341624787 1046 1052 -1
1050 -22.527644710896503 -152.41219121578965 1433.7979419453584 1047 1053 -1
1051 -41.84302599467071 -133.59388280565943 1476.842494237239 1048 1054 -1
1052 -17.06873357097754 -150.8915479148107 1482.1756211580948 1049 1055 -1
1053 -22.542581791680878 -152.4278495727221 1433.6316384130714 1050 1056 -1
1054 -42.004764741473075 -133.53590275136892 1476.9862244138171 1051 1057 -1
1055 -16.99457919639605 -150.9756786649317 1482.333069964309 1052 1058 -1
1056 -22.55773993718613 -152.44332084287888 1433.46533737467 1053 1059 -1
1057 -42.16648871233547 -133.47851588183252 1477.1302090549807 1054 1060 -1
1058 -16.91906213974207 -151.06110180957774 1482.4891695019032 1055 1061 -1
1059 -22.57312738660553 -152.45860469159413 1433.2990400657743 1056 1062 -1
1060 -42.32820014660785 -133.42173142868086 1477.2744463935314 1057 1063 -1
1061 -16.842186570666144 -151.14778600732993 1482.6439047751135 1058 1064 -1
1062 -22.58875229282874 -152.4737007931896 1433.132747750023 1059 1065 -1
1063 -42.48990127898075 -133.36555654806256 1477.4189337536104 1060 1066 -1
1064 -16.76396735028173 -151.2356903273754 1482.797272246154 1061 1067 -1
1065 -22.6046227219079 -152.4886088310666 1432.9664617197438 1062 1068 -1
1066 -42.65159427540922 -133.30999877574567 1477.563668609333 1063 1069 -1
1067 -16.684412283462827 -151.32478077352533 1482.9492619934042 1064 1070 -1
1068 -22.620746652507037 -152.5033284978077 1432.8001832965738 1065 1071 -1
1069 -42.813281239483345 -133.25506614801975 1477.708648612481 1066 1072 -1
1070 -16.603528429615242 -151.41502426257873 1483.099863890174 1067 1073 -1
1071 -22.63713197533373 -152.51785949528667 1432.6339138320393 1068 1074 -1
1072 -42.97496421882766 -133.2007676865973 1477.8538717518202 1069 1075 -1
1073 -16.521317842675785 -151.50639211085564 1483.2490629784545 1070 1076 -1
1074 -22.65378649255444 -152.5322015347879 1432.4676547080853 1071 1077 -1
1075 -43.13664521933293 -133.14711173959185 1477.9993357032354 1072 1078 -1
1076 -16.437785476927406 -151.59885317776406 1483.3968476911352 1073 1079 -1
1077 -22.670718223655786 -152.54635413299727 1432.3014073517675 1074 1080 -1
1078 -43.29832619095219 -133.09410541682226 1478.1450376580096 1075 1081 -1
1079 -16.352941023529134 -151.69237277073057 1483.5432120405535 1076 1082 -1
1080 -22.687934570493596 -152.56031717917145 1432.1351731996867 1077 1083 -1
1081 -43.46000902283382 -133.04175694786454 1478.2909751983018 1078 1084 -1
1082 -16.2667887294781 -151.78692095590577 1483.6881446130621 1079 1085 -1
1083 -22.705442925810402 -152.57409050557607 1431.9689537211145 1080 1086 -1
1084 -43.62169555776672 -132.99007559759372 1478.437146221805 1081 1087 -1
1085 -16.17932954930684 -151.88247043081114 1483.8316306221566 1082 1088 -1
1086 -22.723250724727404 -152.58767386327833 1431.8027504230022 1083 1089 -1
1087 -43.7833875867518 -132.93907004267834 1478.5835483581034 1084 1090 -1
1088 -16.090561871373087 -151.97899568335433 1483.9736525087012 1085 1091 -1
1089 -22.741365310652625 -152.60106701347283 1431.6365648446117 1086 1092 -1
1090 -43.945086827229105 -132.88874742196242 1478.7301786840496 1087 1093 -1
1091 -16.00049505325889 -152.0764632363205 1484.1142052493321 1088 1094 -1
1092 -22.7597939346007 -152.6142697276459 1431.4703985577655 1089 1095 -1
1093 -44.106794947758154 -132.8391161720096 1478.8770346862823 1090 1096 -1
1094 -15.90913076708438 -152.17484556226 1484.2532754473473 1091 1097 -1
1095 -22.77854375449631 -152.62728178774398 1431.3042531670496 1092 1098 -1
1096 -44.26851358519598 -132.79018622231362 1479.0241142716475 1093 1099 -1
1097 -15.816467253630147 -152.27411749662076 1484.3908458158637 1094 1100 -1
1098 -22.797621834466163 -152.6401029863502 1431.1381303099672 1095 1101 -1
1099 -44.430244296776394 -132.74196576669232 1479.1714147304683 1096 1102 -1
1100 -15.72250063302192 -152.37425505829555 1484.526896493284 1097 1103 -1
1101 -22.8170340031378 -152.65273315017615 1430.972031524677 1098 1104 -1
1102 -44.59198856504135 -132.69446239891676 1479.318933139567 1099 1105 -1
1103 -15.627237953634932 -152.47522713977548 1484.661420432671 1100 1106 -1
1104 -22.836773481460703 -152.6651723693931 1430.8059569044374 1101 1107 -1
1105 -44.75374782956513 -132.6476847731598 1479.466666863561 1102 1108 -1
1106 -15.530678550308696 -152.57700788291154 1484.7944016223628 1103 1109 -1
1107 -22.856825605379917 -152.67742089102993 1430.6399055642198 1104 1110 -1
1108 -44.915523525271446 -132.60164386286846 1479.6146138715112 1105 1111 -1
1109 -15.432817919452184 -152.67957364913377 1484.925819306405 1106 1112 -1
1110 -22.877175741659695 -152.68947895357354 1430.473876538203 1107 1113 -1
1111 -45.077316938068684 -132.55634663988047 1479.7627709150668 1108 1114 -1
1112 -15.33365105454061 -152.7829007594464 1485.0556518108158 1109 1115 -1
1113 -22.897809469883576 -152.70134675096196 1430.307868803865 1110 1116 -1
1114 -45.239129320122615 -132.5118015389135 1479.9111351370611 1111 1117 -1
1115 -15.233182315379953 -152.8869601285532 1485.1838887106126 1112 1118 -1
1116 -22.91871285107059 -152.71302421963983 1430.1418813067248 1113 1119 -1
1117 -45.400961886948515 -132.4680180013226 1480.0597039001016 1114 1120 -1
1118 -15.131408952229938 -152.991726824147 1485.31051077555 1115 1121 -1
1119 -22.93987133695158 -152.7245118229687 1429.9759128829064 1116 1122 -1
1120 -45.562815828253406 -132.42500668517226 1480.2084748053355 1117 1123 -1
1121 -15.028325275089713 -153.09717725910792 1485.4354947677436 1118 1124 -1
1122 -22.961270923032803 -152.73580974882472 1429.8099623502999 1119 1125 -1
1123 -45.72469216072425 -132.3827743783985 1480.3574443901102 1120 1126 -1
1124 -14.923923194448724 -153.20328863032083 1485.558813905723 1121 1127 -1
1125 -22.982897753496406 -152.74691817104733 1429.6440284831394 1122 1128 -1
1126 -45.886591896058725 -132.3413301307413 1480.5066097393722 1123 1129 -1
1127 -14.818205594872127 -153.31003253862048 1485.68045491198 1124 1130 -1
1128 -23.00473811658937 -152.757837249017 1429.4781100157584 1125 1131 -1
1129 -46.048516037777276 -132.3006848401404 1480.6559683126857 1126 1132 -1
1130 -14.71116793537742 -153.4173842081734 1485.8003947391926 1127 1133 -1
1131 -23.02677844002186 -152.76856712726243 1429.3122056462032 1128 1134 -1
1132 -46.21046545405361 -132.2608471193206 1480.8055169381914 1129 1135 -1
1133 -14.602805275308564 -153.52531877629102 1485.918609284386 1130 1136 -1
1134 -23.049005286378456 -152.77910793509525 1429.1463140397113 1131 1137 -1
1135 -46.37244092463867 -132.22182502637992 1480.9552522731751 1132 1138 -1
1136 -14.493105160096832 -153.63381408129624 1486.035063852801 1133 1139 -1
1137 -23.07140534854816 -152.78945978627047 1428.9804338320619 1134 1140 -1
1138 -46.53444320130745 -132.1836279507633 1481.1051712283274 1135 1141 -1
1139 -14.38206807671362 -153.74284215064668 1486.1497400695173 1136 1142 -1
1140 -23.093965445176924 -152.7996227786726 1428.8145636328036 1137 1143 -1
1141 -46.69647306074505 -132.1462681281439 1481.2552712428796 1138 1144 -1
1142 -14.269689321845277 -153.8523770185054 1486.262612123773 1139 1145 -1
1143 -23.11667252639595 -152.8095969795859 1428.6487020289178 1140 1146 -1
1144 -46.85853101720099 -132.1097520083886 1481.4055484378812 1141 1147 -1
1145 -14.155962644190637 -153.96239294282844 1486.3736513416375 1142 1148 -1
1146 -23.139514123193663 -152.81938170880218 1428.4828476087796 1143 1149 -1
1147 -47.02061761002078 -132.07408903621317 1481.555999531566 1144 1150 -1
1148 -14.040881535706701 -154.0728638198135 1486.4828278034236 1145 1151 -1
1149 -23.162476836065395 -152.82897773416732 1428.3169988874417 1146 1152 -1
1150 -47.18273335969041 -132.03929026757254 1481.7066214808242 1147 1153 -1
1151 -13.924434926086198 -154.1837643962138 1486.5901041909085 1148 1154 -1
1152 -23.18554793405997 -152.83838508798854 1428.1511543984334 1149 1155 -1
1153 -47.34487866719461 -132.00536542929274 1481.857410886175 1150 1156 -1
1154 -13.80661827204324 -154.29506673533595 1486.6954511236145 1151 1157 -1
1155 -23.2087147899708 -152.84760378544937 1427.985312663649 1152 1158 -1
1156 -47.507053797020234 -131.97232247133974 1482.0083639533204 1153 1159 -1
1157 -13.687426924457181 -154.4067425536062 1486.798838069857 1154 1160 -1
1158 -23.2319648759883 -152.85663382442078 1427.8194721959817 1155 1161 -1
1159 -47.66925899449776 -131.9401710535696 1482.1594771507835 1156 1162 -1
1160 -13.566853768443979 -154.51876370753305 1486.9002298067603 1157 1163 -1
1161 -23.255285759396624 -152.8654751852893 1427.653631501876 1158 1164 -1
1162 -47.83149453197415 -131.9089239917973 1482.3107474004917 1159 1165 -1
1163 -13.444891647436107 -154.6311013802163 1486.999589689183 1160 1166 -1
1164 -23.2786652647957 -152.87412714538925 1427.4877890719501 1161 1167 -1
1165 -47.99376040604941 -131.8785882693803 1482.462170530179 1162 1168 -1
1166 -13.321533418191715 -154.74372601355225 1487.0968796182267 1163 1169 -1
1167 -23.30209094018006 -152.88258998759758 1427.3219433988722 1164 1170 -1
1168 -48.15605661971256 -131.84917344132086 1482.6137427568115 1165 1171 -1
1169 -13.19677201065428 -154.8566072387163 1487.1920600120368 1166 1172 -1
1170 -23.325550510283225 -152.89086395002587 1427.156092986319 1167 1173 -1
1171 -48.31838314269528 -131.82069056465897 1482.7654604493446 1168 1174 -1
1172 -13.070600493032519 -154.96971380496913 1487.285089779392 1169 1175 -1
1173 -23.349031874691594 -152.8989489422497 1426.9902363382937 1170 1176 -1
1174 -48.48073985721126 -131.7931506448818 1482.9173198598116 1171 1177 -1
1175 -12.943011017652477 -155.0830136331364 1487.3759245283372 1172 1178 -1
1176 -23.372523007511486 -152.90684485572712 1426.8243719641837 1173 1179 -1
1177 -48.64312645666401 -131.76656140372845 1483.06931667765 1174 1180 -1
1178 -12.813997169920516 -155.19647340343153 1487.4645200336622 1175 1181 -1
1179 -23.396011911252863 -152.91455100902027 1426.658498349538 1176 1182 -1
1180 -48.805542622728915 -131.74093283668338 1483.2214468626432 1177 1183 -1
1181 -12.683554583791803 -155.3100585856504 1487.550833226718 1178 1184 -1
1182 -23.419486577358068 -152.92206717228163 1426.4926140022799 1179 1185 -1
1183 -48.96798802854727 -131.7162776219862 1483.373706631009 1180 1186 -1
1184 -12.551677664367197 -155.42373370183307 1487.6348168583659 1181 1187 -1
1185 -23.44293518107967 -152.92939378810541 1426.326717489809 1182 1188 -1
1186 -49.13046212852295 -131.6926041685563 1483.5260915321787 1183 1189 -1
1187 -12.418361368665384 -155.53746201910624 1487.716422103223 1184 1190 -1
1188 -23.466345950198942 -152.9365306752693 1426.1608073640737 1185 1191 -1
1189 -49.29296431469314 -131.66992168358905 1483.6785971591396 1186 1192 -1
1190 -12.283602892396381 -155.65120578200194 1487.7956008456815 1187 1193 -1
1191 -23.489707167736455 -152.94347763414612 1425.9948821930036 1188 1194 -1
1192 -49.455493925842575 -131.64824067631162 1483.8312191801372 1189 1195 -1
1193 -12.147416574956504 -155.76492931671092 1487.8723277075276 1190 1196 -1
1194 -23.513006734958665 -152.95023332208262 1425.8289404566772 1191 1197 -1
1195 -49.61805027291894 -131.62757427617902 1483.9839534393939 1192 1198 -1
1196 -12.009827459608417 -155.8785985949933 1487.9465928001189 1193 1199 -1
1197 -23.536233229620404 -152.95679841164068 1425.662980828317 1194 1200 -1
1198 -49.7806324110953 -131.60792946005589 1484.1367950118522 1195 1201 -1
1199 -11.870861500576492 -155.99217963141524 1488.0183883012483 1196 1202 -1
1200 -23.5593751335736 -152.9631728324792 1425.4970019516236 1197 1203 -1
1201 -49.943239395572775 -131.58931647316194 1484.289739253001 1198 1204 -1
1202 -11.730544779475116 -156.1056384529496 1488.0877071862253 1199 1205 -1
1203 -23.582420910262524 -152.9693563117063 1425.3310024783027 1200 1206 -1
1204 -50.10587164578772 -131.5717469541122 1484.4427800264532 1201 1207 -1
1205 -11.588903079767041 -156.21894103046432 1488.154542422929 1202 1208 -1
1206 -23.60535851788413 -152.9753476882564 1425.1649809802977 1203 1209 -1
1207 -50.26853291367214 -131.55523147107883 1484.5959073050008 1204 1210 -1
1208 -11.445965954602066 -156.33205392425063 1488.2188948623477 1205 1211 -1
1209 -23.628176534788704 -152.98114694933565 1424.9989361835642 1206 1212 -1
1210 -50.43122729116551 -131.5397777939844 1484.749110220598 1207 1213 -1
1211 -11.301761702304942 -156.44494379550633 1488.2807639877328 1208 1214 -1
1212 -23.650863828735886 -152.98675431097513 1424.8328668857816 1209 1215 -1
1213 -50.5939588387527 -131.52539604049483 1484.9023780189048 1210 1216 -1
1214 -11.156319005965319 -156.5575776136565 1488.3401510204656 1211 1217 -1
1215 -23.67340898941413 -152.99216942738428 1424.666771854048 1212 1218 -1
1216 -50.756731632405966 -131.5120989262965 1485.0556999441733 1213 1219 -1
1217 -11.009666862023526 -156.66992270500043 1488.3970588806233 1214 1220 -1
1218 -23.695799824546945 -152.99739099333 1424.5006497517907 1215 1221 -1
1219 -50.91954953529327 -131.4998958147648 1485.20906493251 1216 1222 -1
1220 -10.86183451052126 -156.7819467978821 1488.4514921428715 1217 1223 -1
1221 -23.718025118216367 -153.00241897329497 1424.3344994513893 1218 1224 -1
1222 -51.082416295642076 -131.48879601352428 1485.3624618531453 1219 1225 -1
1223 -10.712851367332073 -156.89361806428084 1488.5034569881175 1220 1226 -1
1224 -23.74007397285936 -153.0072535348769 1424.1683199064923 1221 1227 -1
1225 -51.2453356199811 -131.47881030706523 1485.5158795232046 1222 1228 -1
1226 -10.562746958652689 -157.00490515775445 1488.552961151364 1223 1229 -1
1227 -23.76193505433971 -153.0118942604812 1424.002110030871 1224 1230 -1
1228 -51.40831126927515 -131.4699524675876 1485.6693066295365 1225 1231 -1
1229 -10.411550652618565 -157.11577716155983 1488.600013394188 1226 1232 -1
1230 -23.783595635119216 -153.0163394171699 1423.8358685635656 1227 1233 -1
1231 -51.57134667553209 -131.46223170350868 1485.8227316689938 1228 1234 -1
1232 -10.25928848713665 -157.22620214928995 1488.6446160761361 1229 1235 -1
1233 -23.805045289120944 -153.02058952667215 1423.6695946515479 1230 1236 -1
1234 -51.73444520929976 -131.45565841110582 1485.9761430566923 1231 1237 -1
1235 -10.105993800648182 -157.33615187198828 1488.6867898989158 1232 1238 -1
1236 -23.82627301321538 -153.02464441601379 1423.5032873876414 1233 1239 -1
1237 -51.89761018324312 -131.45024404479727 1486.1295290695048 1234 1240 -1
1238 -9.951695980507266 -157.44559722232117 1488.7265482878895 1235 1241 -1
1239 -23.8472672214096 -153.02850337118875 1423.3369458234356 1236 1242 -1
1240 -52.06084494944021 -131.44600257934707 1486.2828777328734 1237 1243 -1
1241 -9.796424235119865 -157.55450971109863 1488.7639059176554 1238 1244 -1
1242 -23.868014982395987 -153.0321646679278 1423.170568874773 1239 1245 -1
1243 -52.2241525494178 -131.44294469326417 1486.4361769973934 1240 1246 -1
1244 -9.64020754625365 -157.66286148329755 1488.7988786463338 1241 1247 -1
1245 -23.888506683026584 -153.035629206618 1423.0041559846065 1242 1248 -1
1246 -52.38753589325492 -131.44108109140547 1486.5894147005113 1243 1249 -1
1247 -9.483074624675181 -157.7706253307361 1488.831483449109 1244 1250 -1
1248 -23.90873101526806 -153.0388964490161 1422.8377064006545 1245 1251 -1
1249 -52.55099784916724 -131.44042388940593 1486.7425784658858 1246 1252 -1
1250 -9.325052119043844 -157.8777733986386 1488.8617336074312 1247 1253 -1
1251 -23.928675252627478 -153.04196487503557 1422.6712192410555 1248 1254 -1
1252 -52.71454121224745 -131.4409860512946 1486.8956556805115 1249 1255 -1
1253 -9.166168139103867 -157.98427956436353 1488.8896479596422 1250 1256 -1
1254 -23.94832819913048 -153.0448341019907 1422.5046938962228 1251 1257 -1
1255 -52.878168749402825 -131.44278202582484 1487.048633396152 1252 1258 -1
1256 -9.006452263465627 -158.09011994260825 1488.9152515220276 1253 1259 -1
1257 -23.96767958350736 -153.0475042969941 1422.3381299311702 1254 1260 -1
1258 -53.04188277348856 -131.44582169059615 1487.2014988649444 1255 1261 -1
1259 -8.845931745515953 -158.1952699931248 1488.9385651058876 1256 1262 -1
1260 -23.986717899212678 -153.04997475740103 1422.171526810704 1257 1263 -1
1261 -53.205685646117864 -131.4501177986199 1487.3542389438708 1258 1264 -1
1262 -8.68463339394893 -158.29970584106513 1488.9596103053004 1259 1265 -1
1263 -24.005429119728934 -153.05224328124086 1422.0048837679199 1260 1266 -1
1264 -53.369579591599496 -131.4556832577259 1487.506840280044 1261 1267 -1
1265 -8.522583548320048 -158.40340427248597 1488.9784094333086 1262 1268 -1
1266 -24.023804470082645 -153.05431089671853 1421.838200745779 1263 1269 -1
1267 -53.53356673058485 -131.46253165211184 1487.6592892363456 1264 1270 -1
1268 -8.359807684752784 -158.5063423111959 1488.9949842881556 1265 1271 -1
1269 -24.041832556606344 -153.0561769551451 1421.6714774303293 1266 1272 -1
1270 -53.69764914477377 -131.47067815935665 1487.81157173232 1267 1273 -1
1271 -8.196329193096027 -158.60849564778655 1489.0093520704763 1268 1274 -1
1272 -24.059499949184456 -153.05783968865464 1421.504713357081 1269 1275 -1
1273 -53.861828429788105 -131.48013358036093 1487.963674047812 1270 1276 -1
1274 -8.032175443467661 -158.7098457049404 1489.021544748058 1271 1277 -1
1275 -24.076795734703158 -153.05929878987735 1421.3379084316591 1272 1278 -1
1276 -54.026106208312285 -131.4909114032965 1488.1155819228504 1273 1279 -1
1277 -7.867370708208887 -158.81037184258653 1489.0315869194437 1274 1280 -1
1278 -24.093709723091333 -153.06055428168702 1421.1710627060695 1275 1281 -1
1279 -54.190483939445315 -131.5030252524488 1488.2672808528566 1276 1282 -1
1280 -7.70193871092683 -158.9100540287815 1489.039503604837 1277 1283 -1
1281 -24.110229727190212 -153.06160510107586 1421.0041760962536 1278 1284 -1
1282 -54.35496291283319 -131.5164888832415 1488.4187560818932 1279 1285 -1
1283 -7.5359026187458085 -159.0088728243091 1489.04532019324 1280 1286 -1
1284 -24.12634184818016 -153.06244937623808 1420.837248444206 1281 1287 -1
1285 -54.51954424841398 -131.53131625438652 1488.5699925817257 1282 1288 -1
1286 -7.3692850368479625 -159.10680936607187 1489.0490623918224 1283 1289 -1
1287 -24.142037425422114 -153.063087868968 1420.670280201918 1284 1290 -1
1288 -54.684229048712844 -131.54752364427188 1488.7209746302963 1285 1291 -1
1289 -7.202107812561898 -159.20384502059127 1489.0507554535172 1286 1292 -1
1290 -24.157304900805105 -153.06351983590042 1420.5032716089113 1287 1293 -1
1291 -54.849017873174844 -131.56512272100136 1488.8716871088463 1288 1294 -1
1292 -7.034391065113366 -159.29995951735134 1489.0504202972409 1289 1295 -1
1293 -24.17212937992509 -153.06374299835917 1420.3362227032835 1290 1296 -1
1294 -55.01391126965817 -131.5841276999429 1489.0221141948043 1291 1297 -1
1295 -6.866157438461702 -159.39513844161482 1489.048089704358 1292 1298 -1
1296 -24.186501538784473 -153.06375772378482 1420.1691341312835 1293 1299 -1
1297 -55.178909584367 -131.6045528954283 1489.1722397826863 1294 1300 -1
1298 -6.697427266679093 -159.48936506404624 1489.0437901961595 1295 1301 -1
1299 -24.200410523846937 -153.063563606924 1420.0020064803102 1296 1302 -1
1300 -55.3440129548379 -131.62641271269342 1489.3220474783031 1297 1303 -1
1301 -6.528220323876089 -159.5826231346571 1489.0375483921125 1298 1304 -1
1302 -24.213842767519 -153.06315904078775 1419.8348402153601 1299 1305 -1
1303 -55.50922130275568 -131.6497216392277 1489.4715205932018 1300 1306 -1
1304 -6.358555829620268 -159.67489686185334 1489.0293909734294 1301 1307 -1
1305 -24.226785747498106 -153.06254293184585 1419.6676360076265 1302 1308 -1
1306 -55.67453432660559 -131.67449423550906 1489.620642139371 1303 1309 -1
1307 -6.188452455678671 -159.76617089118616 1489.0193446489588 1304 1310 -1
1308 -24.239230221079552 -153.06171557251096 1419.5003948749786 1305 1311 -1
1309 -55.83995149417232 -131.70074512510536 1489.7693948242359 1306 1312 -1
1310 -6.017928333962273 -159.85643028390265 1489.0074361233637 1307 1313 -1
1311 -24.251164176688008 -153.06067604514624 1419.3331177213179 1308 1314 -1
1312 -56.00547203489613 -131.72848898411982 1489.9177610459728 1309 1315 -1
1313 -5.847001065554676 -159.94566049538483 1488.9936920675393 1310 1316 -1
1314 -24.262571437683686 -153.0594217785447 1419.1658053007225 1311 1317 -1
1315 -56.171094972736356 -131.7577411418967 1490.065722719294 1312 1318 -1
1316 -5.675687730714633 -160.03384735355834 1488.9781390912156 1313 1319 -1
1317 -24.2734445977131 -153.0579537775169 1418.998459067248 1314 1320 -1
1318 -56.33681902893248 -131.78851626712827 1490.2132616163005 1315 1321 -1
1319 -5.504004337443933 -160.12097533438666 1488.9608009242174 1316 1322 -1
1320 -24.2837718102186 -153.05627120505522 1418.8310802760948 1317 1323 -1
1321 -56.50264262543291 -131.82082845232907 1490.3603593667522 1318 1324 -1
1322 -5.331967410880921 -160.20703210104216 1488.9417060470191 1319 1325 -1
1323 -24.293537692748338 -153.05437188759336 1418.6636701162927 1320 1326 -1
1324 -56.668563959602864 -131.8546924609594 1490.5069970973707 1321 1327 -1
1325 -5.159592752278873 -160.2920051201437 1488.920881814155 1322 1328 -1
1326 -24.30273197882385 -153.05225565611923 1418.4962301992248 1323 1329 -1
1327 -56.834580950784876 -131.8901230460512 1490.653155608176 1324 1330 -1
1328 -4.986895465971418 -160.37588150330942 1488.898354347905 1325 1331 -1
1329 -24.31134439338999 -153.0499222959392 1418.3287622332589 1326 1332 -1
1330 -57.00069123213448 -131.9271349353627 1490.7988153704011 1327 1333 -1
1331 -4.813890196920507 -160.45864862793158 1488.8741496023947 1328 1334 -1
1332 -24.319361401784438 -153.0473703789982 1418.1612678955146 1329 1335 -1
1333 -57.16689214243542 -131.96574281575872 1490.9439565249797 1330 1336 -1
1334 -4.640591144571288 -160.54029411672605 1488.8482933480423 1331 1337 -1
1335 -24.326768571035693 -153.04459819666457 1417.993748986494 1332 1338 -1
1336 -57.3331807179234 -132.00596131680953 1491.0885588816357 1333 1339 -1
1337 -4.4670120770648625 -160.62080581762868 1488.8208111577042 1334 1340 -1
1338 -24.333562255958686 -153.0416063012665 1417.8262078591133 1335 1341 -1
1339 -57.49955368414431 -132.04780499359688 1491.2326019186276 1336 1342 -1
1340 -4.293166345746486 -160.70017178407142 1488.7917283944446 1337 1343 -1
1341 -24.339747266883474 -153.03839384425547 1417.6586472345903 1338 1344 -1
1342 -57.66600744787706 -132.09128830872237 1491.3760647831825 1339 1345 -1
1343 -4.119066899911856 -160.77838025566157 1488.7610702008471 1340 1346 -1
1344 -24.34532587229276 -153.03495819769557 1417.4910697493328 1341 1347 -1
1345 -57.8325380891483 -132.1364256135138 1491.5189262926745 1342 1348 -1
1346 -3.944726301738413 -160.85541963928839 1488.7288614898018 1343 1349 -1
1347 -24.350309394824315 -153.03130005450362 1417.3234782228674 1344 1350 -1
1348 -57.99914135338131 -132.1832311284314 1491.6611649365775 1345 1351 -1
1349 -3.7701567413549655 -160.93127849067295 1488.6951269366887 1346 1352 -1
1350 -24.35470548844581 -153.0274187901178 1417.1558752738679 1347 1353 -1
1351 -58.165812643704555 -132.23171892267328 1491.8027588792588 1348 1354 -1
1352 -3.595370052007416 -161.00594549637788 1488.659890972888 1349 1355 -1
1353 -24.358518770415003 -153.02331259944384 1416.9882634065689 1350 1356 -1
1354 -58.33254701346499 -132.2819028929899 1491.9436859636394 1351 1357 -1
1355 -3.4203777252825898 -161.07940945628664 1488.6231777805415 1352 1358 -1
1356 -24.361756100650567 -153.0189805028033 1416.8206451126373 1353 1359 -1
1357 -58.4993391589841 -132.33379674171582 1492.083923715782 1354 1360 -1
1358 -3.245190926356661 -161.1516592665625 1488.5850112885055 1355 1361 -1
1359 -24.36442728996842 -153.0144227069444 1416.6530228252814 1356 1362 -1
1360 -58.66618341259611 -132.3874139540332 1492.2234493504498 1357 1363 -1
1361 -3.0698205092391646 -161.22268390309307 1488.5454151694198 1358 1364 -1
1362 -24.366539189012496 -153.00963826742728 1416.4853988678647 1359 1365 -1
1363 -58.83307373601874 -132.44276777448795 1492.3622397776737 1360 1366 -1
1364 -2.894277031986977 -161.29247240542472 1488.504412837835 1361 1367 -1
1365 -24.368094390088725 -153.0046244440587 1416.3177755235085 1362 1368 -1
1366 -59.0 -132.5 1492.5 1363 1369 1370
1367 -2.718570771866744 -161.3610138611889 1488.4620274493304 1364 1371 -1
1368 -24.36910474820654 -152.99938231235282 1416.1501549962982 1365 1372 -1
1369 -59.04793456025229 -132.65033986636254 1492.577013878905 1366 1373 -1
1370 -59.099686693485964 -132.34663198284687 1492.4670048495973 1366 1374 -1
1371 -2.5427117404462716 -161.4282973910224 1488.4182819005725 1367 1375 -1
1372 -24.36957731280828 -152.99391099780394 1415.9825394106247 1368 1376 -1
1373 -59.096837131970915 -132.80094287363582 1492.6529540028719 1369 1377 -1
1374 -59.20056285504826 -132.1938636481854 1492.4350011816869 1370 1378 -1
1375 -2.3667096986007308 -161.4943121339801 1488.3731988302486 1371 1379 -1
1376 -24.369516366688835 -152.98820840084926 1415.8149308753962 1372 1380 -1
1377 -59.14652597139662 -132.9518906587934 1492.7276896494004 1373 1381 -1
1378 -59.3025676320502 -132.0416668877517 1492.4038632624809 1374 1382 -1
1379 -2.19057417142042 -161.559047233439 1488.3268006208266 1375 1383 -1
1380 -24.3689299396394 -152.98227401156262 1415.647331402661 1376 1384 -1
1381 -59.19698484074406 -133.10317615263705 1492.801216756275 1377 1385 -1
1382 -59.40570766924829 -131.8900596859153 1492.3736013514333 1378 1386 -1
1383 -2.0143144630101486 -161.62249182349206 1488.2791094010897 1379 1387 -1
1384 -24.367826988372087 -152.97610776943276 1415.4797429023422 1380 1388 -1
1385 -59.2481968701644 -133.25479239029238 1492.8735318977167 1381 1389 -1
1386 -59.50998333109581 -131.73905714234152 1492.3442209889797 1382 1390 -1
1387 -1.8379396711731146 -161.68463501582798 1488.2301470493965 1383 1391 -1
1388 -24.366213977513166 -152.96970851139577 1415.312167265927 1384 1392 -1
1389 -59.30014389754029 -133.40673223797526 1492.944633413317 1385 1393 -1
1390 -59.61539828841045 -131.58867643540353 1492.3157303877163 1386 1394 -1
1391 -1.6614587019736011 -161.74546588709478 1488.1799351976226 1387 1395 -1
1392 -24.36409471249251 -152.96307378902418 1415.1446064238971 1388 1396 -1
1393 -59.352807257576885 -133.55898875453497 1493.014520197021 1389 1397 -1
1394 -59.721955761999226 -131.43893491251927 1492.288137547331 1390 1398 -1
1395 -1.484880284175783 -161.8049734667427 1488.1284952357373 1391 1399 -1
1396 -24.36148014612981 -152.95620448400098 1414.9770620332847 1392 1400 -1
1397 -59.406167878213516 -133.71155525094753 1493.0831915189165 1393 1401 -1
1398 -59.82965857979196 -131.28985011486998 1492.2614502958606 1394 1402 -1
1399 -1.3082129835573069 -161.86314672534377 1488.075848316977 1395 1403 -1
1400 -24.358377292416154 -152.94909967497978 1414.8095357926243 1396 1404 -1
1401 -59.46020622160524 -133.8644252827974 1493.1506471008136 1397 1405 -1
1402 -59.93850983055539 -131.14144016627824 1492.2356768103186 1398 1406 -1
1403 -1.1314652170964865 -161.91997456338498 1488.0220153635805 1399 1407 -1
1404 -24.354790502775142 -152.941757102101 1414.6420294646362 1400 1408 -1
1405 -59.514900788172426 -134.0175919868808 1493.2168899360229 1401 1409 -1
1406 -60.04850987177875 -130.99372197060353 1492.2108232192106 1402 1410 -1
1407 -0.9546452670368678 -161.97544580053085 1487.9670170730435 1403 1411 -1
1408 -24.35072805021437 -152.934176397449 1414.4745446071809 1404 1412 -1
1409 -59.57023153533507 -134.1710496413276 1493.2819199901753 1405 1413 -1
1410 -60.159660047281434 -130.84671338226116 1492.1868965543356 1406 1414 -1
1411 -0.7777612948306055 -162.02954916535404 1487.9108739248634 1407 1415 -1
1412 -24.346198447289996 -152.92635736052225 1414.307082689744 1408 1416 -1
1413 -59.626175419338736 -134.3247916448508 1493.3457426528316 1409 1417 -1
1414 -60.27196120792704 -130.7004323453587 1492.1639035753876 1410 1418 -1
1415 -0.6008213549659585 -162.0822732855315 1487.8536061877423 1411 1419 -1
1416 -24.3412081921188 -152.91829877678717 1414.1396452192341 1412 1420 -1
1417 -59.682710716017276 -134.4788125104611 1493.4083604698674 1413 1421 -1
1418 -60.385414707966795 -130.55489754120023 1492.1418515829268 1414 1422 -1
1419 -0.4238334086816727 -162.13360667850466 1487.7952339272238 1415 1423 -1
1420 -24.335761371750504 -152.90999809949028 1413.9722338062495 1416 1424 -1
1421 -59.73981405219655 -134.63310650140278 1493.469778986391 1417 1425 -1
1422 -60.500020228090946 -130.41012697536902 1492.1207466380856 1418 1426 -1
1423 -0.24680533757868256 -162.18353774260325 1487.7357770137214 1419 1427 -1
1424 -24.32986846140162 -152.90145617429903 1413.804849640321 1420 1428 -1
1425 -59.79746162106139 -134.78766819571152 1493.5300044381254 1421 1429 -1
1426 -60.615776762680085 -130.26613855728465 1492.1005943464374 1422 1430 -1
1427 -0.06974495712977946 -162.23205474863371 1487.6752551309376 1423 1431 -1
1428 -24.323536416131812 -152.89267201133316 1413.637494047269 1424 1432 -1
1429 -59.8556293190418 -134.94249256680382 1493.589043427657 1425 1433 -1
1430 -60.73268311184732 -130.1229504194383 1492.0814002584284 1426 1434 -1
1431 0.10733996989954381 -162.2791458319321 1487.613687784624 1427 1435 -1
1432 -24.316770099116653 -152.88364341191192 1413.4701684570239 1428 1436 -1
1433 -59.914292769015624 -135.097575017645 1493.646902794369 1429 1437 -1
1434 -60.85073755735454 -129.98058069013695 1492.0631695970612 1430 1438 -1
1435 0.2844417201163153 -162.32479898488543 1487.5510943116828 1431 1439 -1
1436 -24.309577081126164 -152.87436965612966 1413.302874076991 1432 1440 -1
1437 -59.97342637062788 -135.25291087920417 1493.7035919804175 1433 1441 -1
1438 -60.96993959244342 -129.83904876831406 1492.0459087220415 1434 1442 -1
1439 0.46155259624008715 -162.36900204992463 1487.4874938895757 1435 1443 -1
1440 -24.301965878326993 -152.86485061238136 1413.1356119795882 1436 1444 -1
1441 -60.03300444106227 -135.40849599941322 1493.7591203892043 1437 1445 -1
1442 -61.09028723139921 -129.69837339734732 1492.0296228672637 1438 1446 -1
1443 0.6386649139114883 -162.4117427129933 1487.4229055460255 1439 1447 -1
1444 -24.293943408665402 -152.85508524214748 1412.968383301638 1440 1448 -1
1445 -60.09300082120231 -135.5643265428786 1493.8134983293894 1441 1449 -1
1446 -61.21177507216222 -129.55857105007718 1492.0143144330427 1442 1450 -1
1447 0.8157709671824452 -162.45300622948693 1487.3573467205656 1443 1451 -1
1448 -24.285513307179382 -152.84507044452462 1412.801189429501 1444 1452 -1
1449 -60.15338890143842 -135.7203990008758 1493.866737000002 1445 1453 -1
1450 -61.33440206603373 -129.4196618748774 1491.9999896435804 1446 1454 -1
1451 0.9928630543319951 -162.49278208293484 1487.2908376151815 1447 1455 -1
1452 -24.27668581106734 -152.83480714836475 1412.6340311415122 1448 1456 -1
1453 -60.214141647814074 -135.87671020012354 1493.9188484718195 1449 1457 -1
1454 -61.45816377275339 -129.28166376151665 1491.986651904284 1450 1458 -1
1455 1.1699334507534656 -162.53105752066963 1487.2233969139165 1451 1459 -1
1456 -24.267467887102416 -152.82429432085902 1412.4669094370336 1452 1460 -1
1457 -60.27523162739191 -136.033257309795 1493.9698456675947 1453 1461 -1
1458 -61.58305447231929 -129.1445938355286 1491.974303568443 1454 1462 -1
1459 1.34697439277494 -162.56781955302426 1487.1550431542228 1455 1463 -1
1460 -24.25786538682749 -152.8135301789456 1412.2998253862108 1456 1464 -1
1461 -60.33663106936725 -136.19003787685824 1494.0197421999544 1457 1465 -1
1462 -61.709071942848475 -129.00847246443294 1491.9629501484744 1458 1466 -1
1463 1.5239823372608905 -162.60305177873767 1487.0858040428545 1459 1467 -1
1464 -24.247884214461664 -152.8025128992238 1412.132780031217 1460 1468 -1
1465 -60.398311924362346 -136.3470498774103 1494.068552131032 1461 1469 -1
1466 -61.83620784495881 -128.87331516700505 1491.952591824626 1462 1470 -1
1467 1.7009697478413197 -162.63672523768005 1487.0157417102596 1463 1471 -1
1468 -24.237533374312626 -152.79124275464793 1411.9657740471853 1464 1472 -1
1469 -60.46024554931676 -136.50429142359363 1494.116291332818 1465 1473 -1
1470 -61.96445859507464 -128.7391418269144 1491.943233063567 1466 1474 -1
1471 1.87795308542324 -162.6688070415693 1486.944926244728 1467 1475 -1
1472 -24.22681972409101 -152.77971860553276 1411.7988082804052 1468 1476 -1
1473 -60.522403137390185 -136.6617610883408 1494.1629759346242 1469 1477 -1
1474 -62.093816671160326 -128.60596918928675 1491.9348748774776 1470 1478 -1
1475 2.0549488524238684 -162.6992631809948 1486.8734273388657 1471 1479 -1
1476 -24.215748374146884 -152.7679380171094 1411.6318837488109 1472 1480 -1
1477 -60.58475561417762 -136.81945782100513 1494.208622694486 1473 1481 -1
1478 -62.224273918737794 -128.47381358835287 1491.9275177226623 1474 1482 -1
1479 2.231973515231273 -162.72805844954334 1486.8013144464783 1475 1483 -1
1480 -24.204326931613224 -152.75590029279883 1411.465001155396 1476 1484 -1
1481 -60.64727375381217 -136.9773811301849 1494.2532481580827 1477 1485 -1
1482 -62.35582671323134 -128.3426959182058 1491.9211662624064 1478 1486 -1
1483 2.409043426742793 -162.7551563695457 1486.7286569446346 1479 1487 -1
1484 -24.192563346569237 -152.74360504139847 1411.2981611088942 1480 1488 -1
1485 -60.709927736565675 -137.1355303970316 1494.2968716915977 1481 1489 -1
1486 -62.488463480673694 -128.212629782327 1491.9158178994717 1482 1490 -1
1487 2.586174746552333 -162.78051912069614 1486.6555242977495 1483 1491 -1
1488 -24.18046444971023 -152.73105105628622 1411.131364312309 1484 1492 -1
1489 -60.77268775352018 -137.29390569370304 1494.3395117477028 1485 1493 -1
1490 -62.62217615863737 -128.08363225479516 1491.9114732628316 1486 1494 -1
1491 2.7633833577592575 -162.8041074718366 1486.5819862236385 1487 1495 -1
1492 -24.168034996585334 -152.71823543010893 1410.964611722818 1488 1496 -1
1493 -60.8355237200565 -137.45250742737895 1494.3811874431874 1489 1497 -1
1494 -62.75695791493933 -127.95572194451596 1491.9081341840915 1490 1498 -1
1495 2.9406847793605655 -162.82588071630178 1486.5081128614815 1491 1499 -1
1496 -24.155283537763832 -152.70515822486652 1410.7979037614202 1492 1500 -1
1497 -60.89840526264261 -137.61133601451442 1494.421919829199 1493 1501 -1
1498 -62.89279833857901 -127.82891405216438 1491.905799154162 1494 1502 -1
1499 3.118094073163512 -162.84579661134106 1486.4339749415901 1495 1503 -1
1500 -24.14221736319803 -152.69181855494526 1410.6312409704162 1496 1504 -1
1501 -60.96130188700662 -137.7703927081238 1494.4617283950681 1497 1505 -1
1502 -63.029686904306686 -127.70322373304533 1491.9044665276397 1498 1506 -1
1503 3.2956257441487247 -162.8638113222624 1486.359643956849 1499 1507 -1
1504 -24.128843284950836 -152.67821514023996 1410.464623925415 1500 1508 -1
1505 -61.024182873278484 -137.92967840862508 1494.5006358406247 1501 1509 -1
1506 -63.16761348090971 -127.57866667411977 1491.9041350175405 1502 1510 -1
1507 3.4732936331934945 -162.87987937208737 1486.2851923356097 1503 1511 -1
1508 -24.115166065062148 -152.66434482550855 1410.29805349908 1504 1512 -1
1509 -61.08701728210947 -138.08919496740793 1494.5386628004226 1505 1513 -1
1510 -63.306567452046814 -127.4552581629435 1491.9048028537022 1506 1514 -1
1511 3.651110801059957 -162.89395359766087 1486.2106936157472 1507 1515 -1
1512 -24.101194492463165 -152.65020797351772 1410.1315299177234 1508 1516 -1
1513 -61.149774111233334 -138.24894390593823 1494.5758327451033 1509 1517 -1
1514 -63.44653773328816 -127.33301306776104 1491.9064677841327 1510 1518 -1
1515 3.829089402549234 -162.90598511333098 1486.1362226194647 1511 1519 -1
1516 -24.08693556855575 -152.63580341811846 1409.9650536411327 1512 1520 -1
1517 -61.21242208851833 -138.40892742678884 1494.612168051005 1513 1521 -1
1518 -63.587512958163174 -127.21194602038035 1491.90912724513 1514 1522 -1
1519 4.007240549729047 -162.9159232834958 1486.0618556282943 1515 1523 -1
1520 -24.07239609735325 -152.6211297991999 1409.7986251330544 1516 1524 -1
1521 -61.27492983792951 -138.569147789623 1494.647692258257 1517 1525 -1
1522 -63.72948134427577 -127.09207123498977 1491.9127782182204 1518 1526 -1
1523 4.185574163170735 -162.92371570551367 1485.987670557595 1519 1527 -1
1524 -24.0575811716873 -152.60618399009726 1409.6322451440997 1520 1528 -1
1525 -61.33726595481077 -138.7296073498145 1494.682429746583 1521 1529 -1
1526 -63.87242991463864 -126.97340148954095 1491.9174164240121 1522 1530 -1
1527 4.3640988101636795 -162.92930820468098 1485.9137471296226 1523 1531 -1
1528 -24.04249919105336 -152.5909660946159 1409.4659138205975 1524 1532 -1
1529 -61.39939859373764 -138.89030904771985 1494.7164040972905 1525 1533 -1
1530 -64.01634591989513 -126.85594980046453 1491.9230377292822 1526 1534 -1
1531 4.542821528950508 -162.93264484320338 1485.8401670440546 1527 1535 -1
1532 -24.02715720586095 -152.57547493016745 1409.2996315091355 1528 1536 -1
1533 -61.4612961309165 -139.05125556349319 1494.7496407106864 1529 1537 -1
1534 -64.16121623949294 -126.73972868184556 1491.929637539656 1530 1538 -1
1535 4.721747638116069 -162.9336679453153 1485.767014144569 1531 1539 -1
1536 -24.011562024699035 -152.55970905011947 1409.1333985768354 1532 1540 -1
1537 -61.52292674371752 -139.21244986793877 1494.7821649150437 1533 1541 -1
1538 -64.30702740302989 -126.6247501320737 1491.9372108063203 1534 1542 -1
1539 4.900880530398642 -162.93231814093514 1485.6943745797896 1535 1543 -1
1540 -23.995719345008528 -152.5436656912463 1408.9672156024087 1536 1544 -1
1541 -61.58425829803387 -139.3738952257502 1494.8140019746502 1537 1545 -1
1542 -64.45376564793268 -126.51102567143562 1491.9457520713374 1538 1546 -1
1543 5.0802214503726875 -162.92853443047633 1485.6223369565846 1539 1547 -1
1544 -23.979636652486658 -152.52734402357135 1408.801082791562 1540 1548 -1
1545 -61.645258670771256 -139.5355948815392 1494.845177897463 1541 1549 -1
1546 -64.60141747489895 -126.39856709402213 1491.955256044797 1542 1550 -1
1547 5.259769969655132 -162.92224529096825 1485.5509952396383 1543 1551 -1
1548 -23.963321336988624 -152.51074316889256 1408.6350003338891 1544 1552 -1
1549 -61.70589582629238 -139.69755203334043 1494.8757193323531 1545 1553 -1
1550 -64.74996799123248 -126.2873841155638 1491.9657158396103 1546 1554 -1
1551 5.439521734983968 -162.91339275966257 1485.4804421241722 1547 1555 -1
1552 -23.94678022621323 -152.49386158753435 1408.4689685149249 1548 1556 -1
1553 -61.766137488691015 -139.85977005098542 1494.9056529304999 1549 1557 -1
1554 -64.8994025320844 -126.17748655469192 1491.9771246583614 1550 1558 -1
1555 5.619469890993702 -162.90191280586222 1485.410774192174 1551 1559 -1
1556 -23.930019830474272 -152.47669728005033 1408.3029876807407 1552 1560 -1
1557 -61.82595126973139 -140.02225234029555 1494.9350056322965 1553 1561 -1
1558 -65.04970619547318 -126.06888366596681 1491.9894752942896 1554 1562 -1
1559 5.799604477786188 -162.88773899485136 1485.342091336968 1555 1563 -1
1560 -23.91304633012881 -152.45924767870196 1408.1370582578672 1556 1564 -1
1561 -61.88530446996238 -140.1850024237792 1494.963804445995 1557 1565 -1
1562 -65.20086386521858 -125.96158413422759 1492.0027601422887 1558 1566 -1
1563 5.9799120202014535 -162.8708040197549 1485.274496467933 1559 1567 -1
1564 -23.895867683114684 -152.44151259418825 1407.9711802234758 1560 1568 -1
1565 -61.94416486152056 -140.34802347552014 1494.9920772968162 1561 1569 -1
1566 -65.35286023385991 -125.85559607022844 1492.016971210465 1562 1570 -1
1567 6.16037584411488 -162.85102644999756 1485.2081016186517 1563 1571 -1
1568 -23.878490752574063 -152.42349038725814 1407.805353796473 1564 1572 -1
1569 -62.002499883881754 -140.51131877001166 1495.0198520026227 1565 1573 -1
1570 -65.50567982548586 -125.75092700754828 1492.032100132197 1566 1574 -1
1571 6.340973866509317 -162.8283446731897 1485.143013743282 1567 1575 -1
1572 -23.860922413717475 -152.4051793924903 1407.6395791815803 1568 1576 -1
1573 -62.060276926042306 -140.67489148268723 1495.0471566253464 1569 1577 -1
1574 -65.6593077591684 -125.64758514693038 1492.0481390205882 1570 1578 -1
1575 6.521679765440126 -162.80269528528987 1485.0793430355832 1571 1579 -1
1576 -23.843169037550194 -152.38657706567128 1407.4738567224456 1572 1580 -1
1577 -62.11746333645561 -140.83874465849425 1495.0740194514226 1573 1581 -1
1578 -65.81372831325946 -125.5455769947715 1492.0650788485066 1574 1582 -1
1579 6.702462701783999 -162.77400720353623 1485.017206440595 1575 1583 -1
1580 -23.825237578569464 -152.3676816526031 1407.308186603158 1576 1584 -1
1581 -62.17402643379752 -141.00288117989575 1495.1004689721929 1577 1585 -1
1582 -65.968924899725 -125.4449071363205 1492.0829093680445 1578 1586 -1
1583 6.883286525186231 -162.742194580789 1484.956732810751 1579 1587 -1
1584 -23.807135527438437 -152.34849231106963 1407.1425688293257 1580 1588 -1
1585 -62.229933451773256 -141.16730376241026 1495.1265338296305 1581 1589 -1
1586 -66.12488158220033 -125.34558077880729 1492.1016208314966 1582 1590 -1
1587 7.064109066662486 -162.70721225786028 1484.8980326724154 1583 1591 -1
1588 -23.78886981769577 -152.32900726786755 1406.977003557832 1584 1592 -1
1589 -62.28515155637888 -141.3320149145582 1495.152242819855 1585 1593 -1
1590 -66.28158236705767 -125.24760255500499 1492.1212031830114 1586 1594 -1
1591 7.244882728576513 -162.66899162949844 1484.841232356849 1587 1595 -1
1592 -23.7704474010825 -152.30922472153011 1406.8114909360831 1588 1596 -1
1593 -62.33964824423783 -141.49701675158684 1495.1776250390262 1589 1597 -1
1594 -66.43901280979888 -125.15097954467542 1492.14164796486 1590 1598 -1
1595 7.425552829291795 -162.62745177549945 1484.7864703271932 1591 1599 -1
1596 -23.75187503157254 -152.28914238304847 1406.646031183578 1592 1600 -1
1597 -62.393390843368195 -141.66231117810668 1495.2027095955216 1593 1601 -1
1598 -66.59715536621212 -125.05571254635193 1492.1629427968685 1594 1602 -1
1599 7.606059820829055 -162.58255906293385 1484.7338594982677 1595 1603 -1
1600 -23.733159434464692 -152.268757712673 1406.480624549736 1596 1604 -1
1601 -62.446346722373 -141.82789977064758 1495.2275257018628 1597 1605 -1
1602 -66.75599388123531 -124.96180429085823 1492.1850766499888 1598 1606 -1
1603 7.786335730109575 -162.5342416364333 1484.6835407613605 1599 1607 -1
1604 -23.714308203289928 -152.2480699843552 1406.315270954113 1600 1608 -1
1605 -62.49848330892533 -141.9937837440802 1495.25210265331 1601 1609 -1
1606 -66.9155125425567 -124.86925759115657 1492.2080386317537 1602 1610 -1
1607 7.966306808794642 -162.4824537293375 1484.6356421327898 1603 1611 -1
1608 -23.69532837355599 -152.2270772806586 1406.1499705155215 1604 1612 -1
1609 -62.54976810997184 -142.1599639181531 1495.276469805887 1605 1613 -1
1610 -67.07569666383348 -124.77807703961226 1492.231818969285 1606 1614 -1
1611 8.145893914460629 -162.42716378819017 1484.5902848030385 1607 1615 -1
1612 -23.676227005741506 -152.20577765379724 1405.9847233481726 1608 1616 -1
1613 -62.60016873376262 -142.32644068428004 1495.3006565537514 1609 1617 -1
1614 -67.23652876312508 -124.68826080929675 1492.2564041501118 1610 1618 -1
1615 8.32500621123392 -162.3683073218124 1484.5476185713944 1611 1619 -1
1616 -23.657011186740778 -152.1841691252137 1405.8195295626747 1612 1620 -1
1617 -62.64965291380612 -142.4932139727214 1495.3246923058427 1613 1621 -1
1618 -67.39799298911441 -124.59980965784554 1492.281782345627 1614 1622 -1
1619 8.503558999750291 -162.30590053481833 1484.5077446038138 1615 1623 -1
1620 -23.637687871474757 -152.16224918528883 1405.6543893526493 1616 1624 -1
1621 -62.69818853483793 -142.6602832203142 1495.3486064617448 1617 1625 -1
1622 -67.56007471140767 -124.51272638658574 1492.307942975854 1618 1626 -1
1623 8.681475245149617 -162.23997050373345 1484.4708032767337 1619 1627 -1
1624 -23.61826412768117 -152.14001540274782 1405.4893028897868 1620 1628 -1
1625 -62.745743660881 -142.82764733891716 1495.372428386695 1621 1629 -1
1626 -67.72275768093388 -124.42700952474517 1492.3348731044252 1622 1630 -1
1627 8.858690972410331 -162.17061394965216 1484.4368939784533 1623 1631 -1
1628 -23.598747445667446 -152.1174666264177 1405.3242701214012 1624 1632 -1
1629 -62.79228656546121 -142.9953046847464 1495.3961873856904 1625 1633 -1
1630 -67.8860257859169 -124.342657007563 1492.3625596165364 1626 1634 -1
1631 9.035137338188246 -162.09790949762456 1484.4061316394664 1627 1635 -1
1632 -23.579145029923016 -152.09460075203972 1405.1592911537646 1628 1636 -1
1633 -62.83778563613199 -143.16325306307726 1495.4199126761039 1629 1637 -1
1634 -68.04986428145637 -124.25966916250965 1492.3909908346643 1630 1638 -1
1635 9.210743590619893 -162.02193762225366 1484.3786312103673 1631 1639 -1
1636 -23.559464118857324 -152.07141564253766 1404.994366094771 1632 1640 -1
1637 -62.882209553170185 -143.3314896560172 1495.4436333735616 1633 1641 -1
1638 -68.21425823431531 -124.17804515102705 1492.420154522188 1634 1642 -1
1639 9.38544594592137 -161.94281025267364 1484.354475172186 1635 1643 -1
1640 -23.53971198639119 -152.0479091276076 1404.8294950550264 1636 1644 -1
1641 -62.92552760864233 -143.50001092699333 1495.4673784457802 1637 1645 -1
1642 -68.37919156362312 -124.09778037437393 1492.4500365688566 1638 1646 -1
1643 9.559165285606968 -161.86059418355268 1484.3337952150373 1639 1647 -1
1644 -23.51989594357236 -152.02407900331048 1404.664678148955 1640 1648 -1
1645 -62.96770925168437 -143.66881272806648 1495.4911766811172 1641 1649 -1
1646 -68.5446497219903 -124.01887312874331 1492.4806245420157 1642 1650 -1
1647 9.731840557987308 -161.77541857034598 1484.3166527624799 1643 1651 -1
1648 -23.5 -152.0 1404.5 1644 -1 -1
1649 -63.00872432459576 -143.83789022236456 1495.5150566639747 1645 1652 -1
1650 -68.71061880006651 -123.94132260238335 1492.5119065447043 1646 1653 -1
1651 9.903397679718015 -161.68737708708284 1484.303148841328 1647 1654 -1
1652 -63.048543106378204 -144.00723786296876 1495.5390467428604 1649 1655 -1
1653 -68.87708307958292 -123.86512218947117 1492.543867855773 1650 1656 -1
1654 10.073764336893664 -161.59657463808384 1484.2933714911292 1651 1657 -1
1655 -63.08713635837627 -144.17684937417565 1495.563174997448 1652 1658 -1
1656 -69.0440284007194 -123.79026841977876 1492.5764955035306 1653 1659 -1
1657 10.242876985875244 -161.50313778037722 1484.287376708031 1654 1660 -1
1658 -63.12447537192088 -144.3467177353721 1495.587469204668 1655 1661 -1
1659 -69.21144177554949 -123.71676029810799 1492.609777808748 1656 1662 -1
1660 10.410660034463369 -161.4071699825582 1484.2852517239194 1657 1663 -1
1661 -63.16053154072652 -144.51683525535333 1495.6119568842505 1658 1664 -1
1662 -69.37930804619333 -123.64458955015664 1492.6436996853151 1659 1665 -1
1663 10.577046251274108 -161.30879401583283 1484.2870536896733 1660 1666 -1
1664 -63.195277334740894 -144.68719337694858 1495.6366651321825 1661 1667 -1
1665 -69.54761359382731 -123.57375121028201 1492.6782478173166 1662 1668 -1
1666 10.741972934125053 -161.20813947880384 1484.2928237113435 1663 1669 -1
1667 -63.22868629663309 -144.85778270308225 1495.6616205560522 1664 1670 -1
1668 -69.71634621465265 -123.50424373904153 1492.7134105669213 1665 1671 -1
1669 10.905373634006304 -161.105329224007 1484.3026098292703 1666 1672 -1
1670 -63.26073233283742 -145.0285931298649 1495.6868493736072 1667 1673 -1
1671 -69.88549156915194 -123.43605785811928 1492.7491728495122 1668 1674 -1
1672 11.067175225258291 -161.0004789496484 1484.316472599504 1669 1675 -1
1673 -63.29138981684679 -145.1996138200739 1495.7123773935496 1670 1676 -1
1674 -70.05503672004372 -123.36918746434405 1492.7855212108427 1671 1677 -1
1675 11.227324916124125 -160.89372924084313 1484.3344177788717 1672 1678 -1
1676 -63.320633359515774 -145.37083322619458 1495.7382300692402 1673 1679 -1
1677 -70.22496987347205 -123.30362923350302 1492.8224435193922 1674 1680 -1
1678 11.385762899396031 -160.78520888616939 1484.3564673237545 1675 1681 -1
1679 -63.34844044968579 -145.54223875877852 1495.7644318356006 1676 1682 -1
1680 -70.3952780052705 -123.23937456965184 1492.859925453591 1677 1683 -1
1681 11.542432084682332 -160.6750476032249 1484.3826345768105 1678 1684 -1
1682 -63.374788086202706 -145.7138172760115 1495.7910068630304 1679 1685 -1
1683 -70.56594874389361 -123.17641581151616 1492.8979532679832 1680 1686 -1
1684 11.697278448896274 -160.56337554155638 1484.4129241663575 1681 1687 -1
1685 -63.399653257434245 -145.88555497846173 1495.8179789922099 1682 1688 -1
1686 -70.73697070054781 -123.11474766360013 1492.9365143276373 1683 1689 -1
1687 11.850251377728751 -160.45032276150255 1484.447331971039 1684 1690 -1
1688 -63.42301697678741 -146.05743703499357 1495.8453705939398 1685 1691 -1
1689 -70.90833227941575 -123.05436295376202 1492.9755953208476 1686 1692 -1
1690 12.001303992193433 -160.33601869481353 1484.4858451529044 1687 1693 -1
1691 -63.44485760826019 -146.2294482695449 1495.873204395195 1688 1694 -1
1692 -71.08002165475936 -122.99525231087479 1493.0151821991028 1689 1695 -1
1693 12.150393454390208 -160.22059159361376 1484.5284422608152 1690 1696 -1
1694 -63.46515834743505 -146.40157251499767 1495.9015013311284 1691 1697 -1
1695 -71.25202781933915 -122.93740819871128 1493.0552617954004 1692 1698 -1
1696 12.29748124685483 -160.1041679748291 1484.5750934047585 1693 1699 -1
1697 -63.48389987140056 -146.57379323092124 1495.9302826956425 1694 1700 -1
1698 -71.42434071146297 -122.88082577048455 1493.0958220627322 1695 1701 -1
1699 12.442533420248154 -159.98687206757387 1484.6257605002609 1696 1702 -1
1700 -63.501067849566915 -146.74609303556687 1495.9595678281532 1697 1703 -1
1701 -71.59694901007657 -122.82549369968869 1493.1368486122426 1698 1704 -1
1702 12.585520804681193 -159.8688252711736 1484.6803975806815 1699 1705 -1
1703 -63.51664539198252 -146.91845416992686 1495.9893764783815 1700 1706 -1
1704 -71.76984247882721 -122.77140376340364 1493.178328386325 1701 1707 -1
1705 12.726419180658173 -159.75014563146846 1484.7389511737863 1702 1708 -1
1706 -63.53061976097103 -147.0908582165324 1496.0197266340717 1703 1709 -1
1707 -71.94301141108045 -122.71854879876048 1493.2202488153998 1704 1710 -1
1708 12.865198498020522 -159.63094526843824 1484.8013801919517 1705 1711 -1
1709 -63.54297874268986 -147.26328632477745 1496.050635673401 1706 1712 -1
1710 -72.11644620083355 -122.66692085894901 1493.2625971415634 1707 1713 -1
1711 13.00184315052377 -159.51133559043816 1484.8676188757893 1708 1714 -1
1712 -63.55371097757687 -147.4357192161471 1496.0821202669063 1709 1715 -1
1713 -72.29013699092448 -122.61650941309517 1493.3053598442848 1710 1716 -1
1714 13.136351963463612 -159.3914242083832 1484.9375795758594 1711 1717 -1
1715 -63.56280580781034 -147.60813720228325 1496.1141964416183 1712 1718 -1
1716 -72.46407460605911 -122.56730569660121 1493.3485241516296 1713 1719 -1
1717 13.26869599622418 -159.27131052692692 1485.0112252118533 1714 1720 -1
1718 -63.570255589754524 -147.7805202742132 1496.1468787261 1715 1721 -1
1719 -72.63825036605103 -122.51930206026901 1493.3920777580279 1716 1722 -1
1720 13.398889309669865 -159.1510931020772 1485.0884483848004 1717 1723 -1
1721 -63.576053365304794 -147.95284814999826 1496.1801809757749 1718 1724 -1
1722 -72.81265563205798 -122.47248975030419 1493.4360080905142 1719 1725 -1
1723 13.52691348558344 -159.030863632417 1485.1691991407756 1720 1726 -1
1724 -63.58019350858737 -148.12510032542608 1496.2141161396112 1721 1727 -1
1725 -72.98728169810452 -122.42685817896871 1493.4803021292428 1722 1728 -1
1726 13.65279141694644 -158.9107090127621 1485.2533637377335 1723 1729 -1
1727 -63.582671873564664 -148.29725613761016 1496.2486961986922 1724 1730 -1
1728 -73.16212041437866 -122.38239822061185 1493.5249474403404 1725 1731 -1
1729 13.776503378254677 -158.7907131621667 1485.3408992603518 1726 1732 -1
1730 -63.58348456933284 -148.4692947266123 1496.2839326494095 1727 1733 -1
1731 -73.33716390622531 -122.33910084269587 1493.5699317242556 1728 1734 -1
1732 13.898076381679491 -158.67095243962052 1485.4316929566671 1729 1735 -1
1733 -63.58263114159599 -148.6411953261809 1496.3198352423833 1730 1736 -1
1734 -73.51240484621268 -122.29695879945965 1493.6152432742783 1731 1737 -1
1735 14.017522771827172 -158.55149901341824 1485.5256589640837 1732 1738 -1
1736 -63.58011194930066 -148.81293716838525 1496.3564130009331 1733 1739 -1
1737 -73.68783542328788 -122.25596053886417 1493.6608692735479 1734 1740 -1
1738 14.134855053127579 -158.43242078102588 1485.6227144515226 1735 1741 -1
1739 -63.5759275410242 -148.98449943289097 1496.3936744957145 1736 1742 -1
1740 -73.86344846152831 -122.2160967311201 1493.706797657299 1737 1743 -1
1741 14.25008901035304 -158.31378106740004 1485.7227749380795 1738 1744 -1
1742 -63.57008041326905 -149.15586146523472 1496.4316271348612 1739 1745 -1
1743 -74.03923701846642 -122.1773580168588 1493.753016455083 1740 1746 -1
1744 14.363242091266823 -158.19563898409365 1485.8257566886375 1741 1747 -1
1745 -63.562575247566166 -149.3270029107039 1496.47027704719 1742 1748 -1
1746 -74.21519438946738 -122.13973507212103 1493.7995138050528 1743 1749 -1
1747 14.47434054421509 -158.07804746569394 1485.9315670270032 1744 1750 -1
1748 -63.553416949654675 -149.49790351460493 1496.5096299074216 1745 1751 -1
1749 -74.39131433980697 -122.10322028423003 1493.8462783400012 1746 1752 -1
1750 14.583404623560957 -157.96105720773707 1486.0401248122516 1747 1753 -1
1751 -63.54261128036725 -149.6685432228265 1496.5496906877652 1748 1754 -1
1752 -74.56759031244064 -122.06780231675529 1493.8932978940732 1749 1755 -1
1753 14.69046301402314 -157.8447127955433 1486.151340661932 1750 1756 -1
1754 -63.53016707934311 -149.83890261951834 1496.590462694539 1751 1757 -1
1755 -74.74401624400534 -122.03347177193847 1493.940560940288 1752 1758 -1
1756 14.795545327284247 -157.72905473125746 1486.2651273341419 1753 1759 -1
1757 -63.51609288715364 -150.00896243734098 1496.6319490265885 1754 1760 -1
1758 -74.92058586733474 -122.00021933522598 1493.9880576454602 1755 1761 -1
1759 14.898683362329523 -157.61411913175849 1486.3813980184425 1756 1762 -1
1760 -63.5003985108108 -150.17870384460917 1496.674151910943 1757 1763 -1
1761 -75.09729266125467 -121.96803577702276 1494.0357800066781 1758 1764 -1
1762 15.0 -157.5 1486.5 1759 -1 -1
1763 -63.483094989858294 -150.348108497623 1496.7170727194186 1760 1765 -1
1764 -75.27413027341849 -121.93691187090495 1494.083720185851 1761 1766 -1
1765 -63.464194558645616 -150.51715859062293 1496.7607119875333 1763 1767 -1
1766 -75.45109268605391 -121.90683966901648 1494.1318706660081 1764 1768 -1
1767 -63.44371060500473 -150.68583690308378 1496.8050694356068 1765 1769 -1
1768 -75.6281737732699 -121.87780875680923 1494.1802235073847 1766 1770 -1
1769 -63.42165726890415 -150.85412675122382 1496.8501441561639 1767 1771 -1
1770 -75.80536772397159 -121.84980978018521 1494.228771061462 1768 1772 -1
1771 -63.39804772650256 -151.02201154966502 1496.8959354188416 1769 1773 -1
1772 -75.98266892525496 -121.82283356152907 1494.2775057836457 1770 1774 -1
1773 -63.37290059219527 -151.1894765650934 1496.9424397160067 1771 1775 -1
1774 -76.16007194045376 -121.79687094702653 1494.3264202013245 1772 1776 -1
1775 -63.34622898111965 -151.3565059820698 1496.9896558368591 1773 1777 -1
1776 -76.33757150581269 -121.7719128109778 1494.37550691327 1774 1778 -1
1777 -63.318052696053186 -151.5230863323962 1497.037579205353 1775 1779 -1
1778 -76.51516252714062 -121.74795005988474 1494.424758588946 1776 1780 -1
1779 -63.28838890979677 -151.68920388861082 1497.0862062311976 1777 1781 -1
1780 -76.69284007645172 -121.72497363631715 1494.4741679677218 1778 1782 -1
1781 -63.25725556923281 -151.85484563172432 1497.1355327348422 1779 1783 -1
1782 -76.8705994155099 -121.70297486030759 1494.5237279080256 1780 1784 -1
1783 -63.22467133498466 -152.01999926802847 1497.1855539799114 1781 1785 -1
1784 -77.04843594577116 -121.68194490296392 1494.5734313010676 1782 1786 -1
1785 -63.19065558976528 -152.18465326714247 1497.2362646727984 1783 1787 -1
1786 -77.22634517274366 -121.66187428737277 1494.6232710069758 1784 1788 -1
1787 -63.15522827182252 -152.34879683617342 1497.2876590467051 1785 1789 -1
1788 -77.40432280071688 -121.64275413719021 1494.6732400366693 1786 1790 -1
1789 -63.118409940128764 -152.51241997185272 1497.3397308342605 1787 1791 -1
1790 -77.5823646833459 -121.62457562840649 1494.723331465854 1788 1792 -1
1791 -63.080221665158206 -152.6755134488198 1497.3924733243175 1789 1793 -1
1792 -77.76046682033991 -121.60732999201016 1494.7735384337968 1790 1794 -1
1793 -63.040681897005925 -152.83806755538254 1497.4458809151163 1791 1795 -1
1794 -77.93862535417472 -121.59100851647443 1494.8238541420424 1792 1796 -1
1795 -63.0 -153.0 1497.5 1793 -1 -1
1796 -78.11683656683282 -121.57560255007174 1494.874271853075 1794 1797 -1
1797 -78.29509687657665 -121.5611035030225 1494.9247848889252 1796 1798 -1
1798 -78.47340283475526 -121.54750284948436 1494.9753866297283 1797 1799 -1
1799 -78.65175112264964 -121.5347921293875 1495.0260705122369 1798 1800 -1
1800 -78.8301385483579 -121.52296295012177 1495.0768300282887 1799 1801 -1
1801 -79.00856204372359 -121.51200698808147 1495.1276587232314 1800 1802 -1
1802 -79.18701866130849 -121.50191599007373 1495.1785501943114 1801 1803 -1
1803 -79.36550557141116 -121.49268177459504 1495.2294980890254 1802 1804 -1
1804 -79.54402005913502 -121.48429623298249 1495.280496103436 1803 1805 -1
1805 -79.72255952150483 -121.4767513304439 1495.331537980455 1804 1806 -1
1806 -79.90112146463395 -121.47003910697273 1495.3826175080997 1805 1807 -1
1807 -80.07970350094385 -121.46415167815225 1495.4337285177123 1806 1808 -1
1808 -80.25830334643503 -121.45908123585423 1495.484864882162 1807 1809 -1
1809 -80.43691881801162 -121.45482004883642 1495.5360205140123 1808 1810 -1
1810 -80.61554783086004 -121.45136046324377 1495.5871893636672 1809 1811 -1
1811 -80.79418839587952 -121.4486949030177 1495.6383654174965 1810 1812 -1
1812 -80.97283861716932 -121.44681587021745 1495.689542695931 1811 1813 -1
1813 -81.15149668956778 -121.44571594525829 1495.7407152515443 1812 1814 -1
1814 -81.33016089624643 -121.44538778706972 1495.791877167108 1813 1815 -1
1815 -81.50882960635796 -121.44582413317829 1495.8430225536279 1814 1816 -1
1816 -81.68750127273742 -121.44701779971835 1495.894145548362 1815 1817 -1
1817 -81.86617442965623 -121.44896168137427 1495.9452403128194 1816 1818 -1
1818 -82.04484769063012 -121.45164875125805 1495.996301030736 1817 1819 -1
1819 -82.2235197462778 -121.4550720607247 1496.0473219060368 1818 1820 -1
1820 -82.4021893622319 -121.45922473912975 1496.098297160778 1819 1821 -1
1821 -82.58085537710059 -121.46409999353062 1496.1492210330682 1820 1822 -1
1822 -82.75951670047917 -121.469691108336 1496.2000877749747 1821 1823 -1
1823 -82.93817231101072 -121.47599144490482 1496.2508916504094 1822 1824 -1
1824 -83.1168212544956 -121.48299444109864 1496.3016269329946 1823 1825 -1
1825 -83.2954626420474 -121.49069361078875 1496.3522879039133 1824 1826 -1
1826 -83.47409564829614 -121.49908254332144 1496.4028688497358 1825 1827 -1
1827 -83.65271950963623 -121.50815490294282 1496.45336406023 1826 1828 -1
1828 -83.83133352251883 -121.51790442818628 1496.5037678261483 1827 1829 -1
1829 -84.00993704178735 -121.52832493122357 1496.5540744369969 1828 1830 -1
1830 -84.1885294790553 -121.53941029718223 1496.6042781787776 1829 1831 -1
1831 -84.36711030112393 -121.55115448343085 1496.6543733317144 1830 1832 -1
1832 -84.54567902844035 -121.56355151883403 1496.7043541679511 1831 1833 -1
1833 -84.7242352335939 -121.57659550297828 1496.7542149492258 1832 1834 -1
1834 -84.90277853984846 -121.59028060537071 1496.803949924524 1833 1835 -1
1835 -85.0813086197119 -121.60460106461193 1496.853553327699 1834 1836 -1
1836 -85.25982519353919 -121.61955118754409 1496.90301937507 1835 1837 -1
1837 -85.4383280236813 -121.63512554756826 1496.9523422150144 1836 1838 -1
1838 -85.61681692500109 -121.65131844881954 1497.0015160489722 1837 1839 -1
1839 -85.79529175408469 -121.66812436406457 1497.0505350324313 1838 1840 -1
1840 -85.97375240934198 -121.68553786519497 1497.0993932854208 1839 1841 -1
1841 -86.15219883052218 -121.70355358771188 1497.1480848978774 1840 1842 -1
1842 -86.33063099749407 -121.7221662297486 1497.196603927049 1841 1843 -1
1843 -86.50904892904984 -121.74137055107487 1497.244944394861 1842 1844 -1
1844 -86.68745268173195 -121.76116137208375 1497.2931002852445 1843 1845 -1
1845 -86.86584234868059 -121.78153357276135 1497.3410655414245 1844 1846 -1
1846 -87.04421805850109 -121.80248209163983 1497.3888340631634 1845 1847 -1
1847 -87.22257997414802 -121.82400192473425 1497.4363997039645 1846 1848 -1
1848 -87.4009282918265 -121.84608812446325 1497.4837562682262 1847 1849 -1
1849 -87.5792632387505 -121.8687358476251 1497.5308974888144 1848 1850 -1
1850 -87.75758505978757 -121.89194088613236 1497.5778168008728 1849 1851 -1
1851 -87.93589405984565 -121.9156978146252 1497.6245080872332 1850 1852 -1
1852 -88.11419055755987 -121.94000190059025 1497.6709649237114 1851 1853 -1
1853 -88.29247489950978 -121.96484846224298 1497.717180821919 1852 1854 -1
1854 -88.4707474591777 -121.9902328673528 1497.763149226098 1853 1855 -1
1855 -88.64900863590988 -122.0161505320518 1497.8088635098907 1854 1856 -1
1856 -88.82725883506056 -122.04259785748773 1497.8543164945763 1855 1857 -1
1857 -89.00549852234674 -122.06956953938997 1497.8995017832888 1856 1858 -1
1858 -89.18372817044859 -122.09706104870642 1497.9444125554319 1857 1859 -1
1859 -89.36194827202453 -122.12506798304331 1497.9890418650111 1858 1860 -1
1860 -89.54015933004243 -122.1535865979095 1498.0333823190176 1859 1861 -1
1861 -89.71836187832461 -122.18261262285255 1498.0774267276786 1860 1862 -1
1862 -89.89655647955732 -122.21214115495083 1498.1211682180428 1861 1863 -1
1863 -90.07474370282273 -122.24216795243855 1498.1645994660228 1862 1864 -1
1864 -90.2529241159763 -122.27269019233641 1498.2077121276463 1863 1865 -1
1865 -90.43109833879154 -122.3037024394419 1498.250499448185 1864 1866 -1
1866 -90.6092669871183 -122.33520048318005 1498.29295382523 1865 1867 -1
1867 -90.78743067450418 -122.36718177270843 1498.335066360555 1866 1868 -1
1868 -90.96559005711926 -122.3996408029735 1498.3768301407958 1867 1869 -1
1869 -91.14374578178355 -122.43257404640147 1498.418236744308 1868 1870 -1
1870 -91.32189850655249 -122.46597810191547 1498.459277492925 1869 1871 -1
1871 -91.5 -122.5 1498.5 1870 -1 -1
