0 -13.0 -173.5 1396.0 -1 1 -1
1 -13.075190851939643 -173.51196366314227 1396.1637619317605 0 2 -1
2 -13.1488815137382 -173.52413048600215 1396.3279831456216 1 3 -1
3 -13.221063371036397 -173.53648004817185 1396.4928595264143 2 4 -1
4 -13.291715514563522 -173.54898737052187 1396.658385331841 3 5 -1
5 -13.360835174063006 -173.56162489831084 1396.824547048534 4 6 -1
6 -13.428394469045841 -173.57436622389383 1396.9913413809015 5 7 -1
7 -13.494395677161018 -173.587182055954 1397.1587526709372 6 8 -1
8 -13.55881427021434 -173.6000435889736 1397.3267757968013 7 9 -1
9 -13.62164765342298 -173.6129203146643 1397.4953969526173 8 10 -1
10 -13.682884590495304 -173.62578121946981 1397.6646056326294 9 11 -1
11 -13.742508104871588 -173.6385939706959 1397.8343931744105 10 12 -1
12 -13.800518587503362 -173.65132590690388 1398.0047446184108 11 13 -1
13 -13.856907280330299 -173.66394331866252 1398.175648259146 12 14 -1
14 -13.911660061744596 -173.67641083932526 1398.3470939737338 13 15 -1
15 -13.964776170068063 -173.68869329688673 1398.519067086037 14 16 -1
16 -14.016251829976603 -173.7007545192116 1398.6915539252898 15 17 -1
17 -14.066082643278873 -173.71255734288465 1398.8645409456828 16 18 -1
18 -14.114265354420757 -173.72406380905315 1399.0380141571882 17 19 -1
19 -14.160797864964952 -173.7352352011444 1399.211959135389 18 20 -1
20 -14.205679245910325 -173.74603208433064 1399.3863610306416 19 21 -1
21 -14.248909747888412 -173.7564143467036 1399.5612045765013 20 22 -1
22 -14.290490809280872 -173.76634124212353 1399.7364740973621 21 23 -1
23 -14.330425062309075 -173.7757714347131 1399.912153515268 22 24 -1
24 -14.368716337151207 -173.78466304497124 1400.088226355872 23 25 -1
25 -14.405369664144402 -173.7929736974849 1400.2646757535274 24 26 -1
26 -14.440391274134285 -173.8006605702221 1400.441484455515 25 27 -1
27 -14.473788597032486 -173.807680445395 1400.6186348254214 26 28 -1
28 -14.505570258644607 -173.81398976188171 1400.7961088457027 27 29 -1
29 -14.535746075827866 -173.81954466920195 1400.9738881194758 28 30 -1
30 -14.564327050035923 -173.82430108304084 1401.1519538716032 29 31 -1
31 -14.591325359304495 -173.82821474231855 1401.3302869491474 30 32 -1
32 -14.616748947959211 -173.83123803577314 1401.5088686141435 31 33 -1
33 -14.6406166777345 -173.8333287338889 1401.6876781828457 32 34 -1
34 -14.662944980440516 -173.834442802291 1401.8666952271499 33 35 -1
35 -14.683750685128619 -173.834535863485 1402.0458990553152 34 36 -1
36 -14.703047501768733 -173.83356051737172 1402.2252690073049 35 37 -1
37 -14.720855377662437 -173.83147294461466 1402.4047833876123 36 38 -1
38 -14.73719771297597 -173.82823166448276 1402.5844199872574 37 39 -1
39 -14.752095533632602 -173.8237930729641 1402.76415658254 38 40 -1
40 -14.765563521805644 -173.8181071868915 1402.943970848595 39 41 -1
41 -14.777632852443489 -173.8111380086332 1403.1238392384012 40 42 -1
42 -14.788327849350267 -173.802843590242 1403.303738368605 41 43 -1
43 -14.797667188225383 -173.7931755955708 1403.4836444031707 42 44 -1
44 -14.805682516338251 -173.78209845195903 1403.6635330260335 43 45 -1
45 -14.812402434644275 -173.76957382228971 1403.8433797438054 44 46 -1
46 -14.817849017294066 -173.75555544208248 1404.02315928265 45 47 -1
47 -14.822055757650269 -173.7400102123543 1404.2028465184956 46 48 -1
48 -14.825054140058628 -173.72290327047284 1404.382416047851 47 49 -1
49 -14.826869269560403 -173.7041911149803 1404.561841273233 48 50 -1
50 -14.827536586242196 -173.68384424946842 1404.7410964020005 49 51 -1
51 -14.827089755843138 -173.66183164515138 1404.920155293155 50 52 -1
52 -14.825557191672914 -173.63811436081744 1405.098990359003 51 53 -1
53 -14.822974864438699 -173.61266549799967 1405.2775751202732 52 54 -1
54 -14.819378632055814 -173.5854592007961 1405.455883032353 53 55 -1
55 -14.814800901563599 -173.55646425156868 1405.6338863070175 54 56 -1
56 -14.809275695059656 -173.52565259332002 1405.811557170788 55 57 -1
57 -14.802841563553196 -173.4930061316067 1405.9888693931782 56 58 -1
58 -14.795534125196495 -173.4585024945697 1406.1657956958836 57 59 -1
59 -14.787387259139106 -173.42211625729811 1406.3423077001712 58 60 -1
60 -14.77843812564659 -173.38383032489116 1406.5183784527112 59 61 -1
61 -14.76872470166982 -173.3436315455862 1406.6939817249495 60 62 -1
62 -14.758283493079738 -173.30150509559158 1406.8690906740435 61 63 -1
63 -14.74715108138902 -173.25743812016637 1407.043678692088 62 64 -1
64 -14.735363796901446 -173.2114189188225 1407.2177192161062 63 65 -1
65 -14.722957438835216 -173.16343595532135 1407.3911854283167 64 66 -1
66 -14.709969879426879 -173.11348687703278 1407.564053050378 65 67 -1
67 -14.696437356292414 -173.0615670231311 1407.7362970549511 66 68 -1
68 -14.682395869853465 -173.0076737851443 1407.9078929492164 67 69 -1
69 -14.667881120997556 -172.9518066033158 1408.0788168355252 68 70 -1
70 -14.65292844914611 -172.8939669558523 1408.2490454715971 69 71 -1
71 -14.63757277101214 -172.83415834100364 1408.4185563298429 70 72 -1
72 -14.621848389546285 -172.77238671929908 1408.587327816778 71 73 -1
73 -14.605780365126364 -172.70869070010247 1408.755350054766 72 74 -1
74 -14.589378019643242 -172.64315551477497 1408.9226311701811 73 75 -1
75 -14.572649856283222 -172.57587395027497 1409.0891852158065 74 76 -1
76 -14.555604058284498 -172.50693584975227 1409.2550281844303 75 77 -1
77 -14.538248116573227 -172.43642623248766 1409.4201769104498 76 78 -1
78 -14.520589030641977 -172.3644264989474 1409.5846492849844 77 79 -1
79 -14.502631803877339 -172.2910076429269 1409.7484607517054 78 80 -1
80 -14.48438453909335 -172.21625421700924 1409.9116353915124 79 81 -1
81 -14.465853206540544 -172.14023920536468 1410.0741940925805 80 82 -1
82 -14.447041220450176 -172.06302380641137 1410.2361537515353 81 83 -1
83 -14.427956203681351 -171.984686007936 1410.3975414931424 82 84 -1
84 -14.408601674988516 -171.90528546429684 1410.5583768845122 83 85 -1
85 -14.388982668006133 -171.82488705971727 1410.7186836834599 84 86 -1
86 -14.369103597644793 -171.7435520446155 1410.8784852142485 85 87 -1
87 -14.348968053482333 -171.66133779588185 1411.0378040106505 86 88 -1
88 -14.328580219623472 -171.57830266269414 1411.1966643726632 87 89 -1
89 -14.307943448914626 -171.4945012304001 1411.3550896372797 88 90 -1
90 -14.287060636198316 -171.40998584234532 1411.5131028844578 89 91 -1
91 -14.265935972834358 -171.32481141128318 1411.6707296653665 90 92 -1
92 -14.244570125330704 -171.23902265774942 1411.8279903861737 91 93 -1
93 -14.222967773599827 -171.15267366801368 1411.9849118300212 92 94 -1
94 -14.201130451310041 -171.06580980986087 1412.141516289374 93 95 -1
95 -14.179059741661106 -170.9784762479183 1412.2978265342756 94 96 -1
96 -14.156758844900896 -170.89072044582505 1412.4538674047126 95 97 -1
97 -14.13422905455753 -170.80258541154697 1412.6096614760947 96 98 -1
98 -14.111471150460595 -170.71411309694835 1412.7652310716323 97 99 -1
99 -14.088487845401014 -170.62534755619336 1412.9206003760776 98 100 -1
100 -14.065280401923294 -170.5363299535579 1413.07579205769 99 101 -1
101 -14.041849082085648 -170.44710011616502 1413.2308281459448 100 102 -1
102 -14.018195233080787 -170.35769858985012 1413.3857314814957 101 103 -1
103 -13.994320281235089 -170.26816523239427 1413.5405247199265 102 104 -1
104 -13.97022496293981 -170.17853889497025 1413.6952299830216 103 105 -1
105 -13.9459095895737 -170.08885799847886 1413.849869186727 104 106 -1
106 -13.921374124124561 -169.99916084683508 1414.0044641933619 105 107 -1
107 -13.896619866462293 -169.90948544988015 1414.1590369396622 106 108 -1
108 -13.87164711736612 -169.81986937555197 1414.3136089443014 107 109 -1
109 -13.846456083330978 -169.7303500263466 1414.4682015731714 108 110 -1
110 -13.821046791152256 -169.6409647674532 1414.622836063264 109 111 -1
111 -13.795418439747404 -169.55175167963563 1414.7775338118033 110 112 -1
112 -13.769571925315352 -169.46274741599103 1414.9323155216223 111 113 -1
113 -13.743507125457192 -169.3739892756425 1415.0872019173075 112 114 -1
114 -13.717223850102997 -169.28551467173207 1415.2422135571276 113 115 -1
115 -13.690721847049273 -169.1973611844302 1415.3973708282826 114 116 -1
116 -13.664000544504106 -169.1095670892869 1415.5526941640967 115 117 -1
117 -13.63705919567175 -169.02217084585482 1415.708203736213 116 118 -1
118 -13.609899277356195 -168.9351972684298 1415.8639121183794 117 119 -1
119 -13.582522562648734 -168.84866179323737 1416.0198264860028 118 120 -1
120 -13.55493086379118 -168.7625795625048 1416.1759537080388 119 121 -1
121 -13.527125996003898 -168.6769658312417 1416.3323005636937 120 122 -1
122 -13.49910941590734 -168.5918368372145 1416.4888741426657 121 123 -1
123 -13.470882733854095 -168.507208710898 1416.6456813261834 122 124 -1
124 -13.442448375481877 -168.4230957201983 1416.8027279683106 123 125 -1
125 -13.413808186985047 -168.3395136129238 1416.960020449833 124 126 -1
126 -13.384964027365232 -168.25647826746788 1417.11756504118 125 127 -1
127 -13.355917770460465 -168.1740056957167 1417.2753678977215 126 128 -1
128 -13.326670632797054 -168.09211406821223 1417.433435973159 127 129 -1
129 -13.297224937171789 -168.0108186092974 1417.5917746821553 128 130 -1
130 -13.267582884954841 -167.9301349692473 1417.7503894468896 129 131 -1
131 -13.237746430394706 -167.85007972337135 1417.9092859105997 130 132 -1
132 -13.207717553180832 -167.77066959134572 1418.0684695746847 131 133 -1
133 -13.177497935177373 -167.691922611281 1418.2279463070677 132 134 -1
134 -13.14708932628438 -167.61385699213437 1418.3877218159441 133 135 -1
135 -13.11649441927023 -167.53648773077157 1418.5478001812594 134 136 -1
136 -13.085715318219272 -167.45983213942893 1418.7081862736322 135 137 -1
137 -13.054754163820625 -167.38390767781368 1418.8688847895887 136 138 -1
138 -13.023612867267932 -167.3087331102885 1419.0299007297804 137 139 -1
139 -12.9922932520587 -167.23432808673186 1419.19123919405 138 140 -1
140 -12.960798262158274 -167.16070768147057 1419.3529031141684 139 141 -1
141 -12.92913020850345 -167.08788994003305 1419.5148964151028 140 142 -1
142 -12.897291450134496 -167.01589304851558 1419.6772228101495 141 143 -1
143 -12.86528392138215 -166.94473778678415 1419.8398867663195 142 144 -1
144 -12.833110120060908 -166.87444268853372 1420.0028915434898 143 145 -1
145 -12.800773022054688 -166.8050240646846 1420.166239252082 144 146 -1
146 -12.768275203118339 -166.73650063477456 1420.3299326727358 145 147 -1
147 -12.735619298539545 -166.66889123945685 1420.493974332306 146 148 -1
148 -12.7028071237159 -166.6022203282697 1420.6583685299597 147 149 -1
149 -12.669842331220446 -166.53650182625242 1420.8231152936949 148 150 -1
150 -12.636727764404627 -166.47175481662603 1420.9882162979638 149 151 -1
151 -12.603466320267438 -166.4079985647962 1421.1536729603577 150 152 -1
152 -12.570060406863066 -166.34525650650252 1421.3194878186282 151 153 -1
153 -12.536513351334639 -166.2835463809752 1421.4856610354586 152 154 -1
154 -12.502828571509514 -166.22288556373374 1421.6521923489279 153 155 -1
155 -12.469009259052209 -166.163293609901 1421.8190819203578 154 156 -1
156 -12.435058308931069 -166.10479336277956 1421.986330622364 155 157 -1
157 -12.400979048818115 -166.04740507757262 1422.1539380733288 156 158 -1
158 -12.36677744440897 -165.99113927444927 1422.3219007975733 157 159 -1
159 -12.332472844428413 -165.9359735905718 1422.4902071221504 158 160 -1
160 -12.298090180340836 -165.88187239572974 1422.6588427666043 159 161 -1
161 -12.263654544358515 -165.82879829677609 1422.8277937095427 160 162 -1
162 -12.229191071138573 -165.77670811360053 1422.9970449471068 161 163 -1
163 -12.194724460159726 -165.7255624645864 1423.1665833881218 162 164 -1
164 -12.16027936770561 -165.6753233836676 1423.3363970695814 163 165 -1
165 -12.125880523612594 -165.62595257547395 1423.5064745945779 164 166 -1
166 -12.091552126130853 -165.57740594043702 1423.676803427679 165 167 -1
167 -12.05731833836007 -165.5296430722383 1423.8473727340888 166 168 -1
168 -12.02320338822367 -165.48262434055042 1424.0181724636532 167 169 -1
169 -11.989231861750248 -165.43631119153693 1424.1891934290052 168 170 -1
170 -11.955426967891622 -165.39065916929638 1424.3604250501135 169 171 -1
171 -11.9218123870834 -165.34562734356334 1424.53185825805 170 172 -1
172 -11.88841175173801 -165.30117484038357 1424.703484384679 171 173 -1
173 -11.85525001146737 -165.25726336467304 1424.8752960233217 172 174 -1
174 -11.822349289677984 -165.21384843866372 1425.0472839481288 173 175 -1
175 -11.789732887670564 -165.1708889531817 1425.2194403152787 174 176 -1
176 -11.757424031938081 -165.12834379298477 1425.391757498414 175 177 -1
177 -11.7254474678909 -165.0861733438904 1425.5642287095934 176 178 -1
178 -11.693825439873185 -165.04433507909204 1425.7368461293704 177 179 -1
179 -11.66258051486483 -165.00278740277997 1425.909602351803 178 180 -1
180 -11.631735694026125 -164.96148929657684 1426.0824902671234 179 181 -1
181 -11.601314848479142 -164.92040013187025 1426.2555030438248 180 182 -1
182 -11.571341834196048 -164.8794789702379 1426.428633758843 181 183 -1
183 -11.541837966512471 -164.83868418976547 1426.6018748447907 182 184 -1
184 -11.512826131094346 -164.79797502087345 1426.7752191322575 183 185 -1
185 -11.484329198490018 -164.75731077618866 1426.9486593472757 184 186 -1
186 -11.45637257510025 -164.71665069855598 1427.1221884446413 185 187 -1
187 -11.428977359865742 -164.67595402060957 1427.2957984726752 186 188 -1
188 -11.40216582511946 -164.63518035725647 1427.4694815348366 187 189 -1
189 -11.3759608054997 -164.59428944768993 1427.6432295818765 188 190 -1
190 -11.350385544076955 -164.553241036859 1427.8170343143124 189 191 -1
191 -11.325465688329308 -164.51199409027242 1427.9908872328217 190 192 -1
192 -11.301221012102756 -164.47050955005923 1428.1647790673705 191 193 -1
193 -11.27767412704729 -164.42875332143757 1428.338701748953 192 194 -1
194 -11.254846461788832 -164.386729778783 1428.5126559277455 193 195 -1
195 -11.232759996292064 -164.34445991214136 1428.6866461076704 194 196 -1
196 -11.211438192317546 -164.30196456344504 1428.860676736959 195 197 -1
197 -11.190899503684062 -164.2592660193397 1429.0347517975586 196 198 -1
198 -11.171165564232334 -164.21638557481995 1429.2088752207148 197 199 -1
199 -11.152258224070827 -164.17334453583032 1429.3830507278665 198 200 -1
200 -11.134200711678528 -164.13016408040386 1429.5572818938415 199 201 -1
201 -11.117017762866475 -164.08686541590393 1429.7315721492557 200 202 -1
202 -11.100728611817537 -164.0434705293959 1429.9059242741855 201 203 -1
203 -11.085356070801215 -164.00000094392192 1430.0803409948599 202 204 -1
204 -11.070923207434234 -163.95647827823714 1430.2548247483628 203 205 -1
205 -11.057455429997322 -163.9129242423292 1430.4293778146837 204 206 -1
206 -11.044977794449316 -163.86936084354534 1430.6040021024826 205 207 -1
207 -11.03351094822898 -163.82581019135577 1430.7786988360187 206 208 -1
208 -11.023079038478722 -163.78229444982406 1430.9534691072345 207 209 -1
209 -11.013706484312491 -163.7388359551561 1431.1283136232503 208 210 -1
210 -11.005423118518452 -163.6954577025842 1431.3032330305386 209 211 -1
211 -10.998250470375398 -163.65218230826383 1431.47822694852 210 212 -1
212 -10.992212462882398 -163.60903261792424 1431.6532947008443 211 213 -1
213 -10.98733460340915 -163.5660317992846 1431.8284352269718 212 214 -1
214 -10.983646715764944 -163.52320391111442 1432.0036471988903 213 215 -1
215 -10.981174682873982 -163.4805727663948 1432.178928486289 214 216 -1
216 -10.979941293440655 -163.43816177619917 1432.354276235267 215 217 -1
217 -10.979973042196324 -163.39599512305296 1432.5296872233585 216 218 -1
218 -10.981302012934545 -163.35409845697683 1432.705157848376 217 219 -1
219 -10.983953722267483 -163.31249640283065 1432.8806835280186 218 220 -1
220 -10.98795178987083 -163.2712132674917 1433.0562589692893 219 221 -1
221 -10.993323470285247 -163.2302743705148 1433.231878349545 220 222 -1
222 -11.000106137644972 -163.18970808387172 1433.4075353408668 221 223 -1
223 -11.008318261636703 -163.14953806776754 1433.583222344486 222 224 -1
224 -11.017987023435806 -163.1097904214267 1433.7589312671214 223 225 -1
225 -11.029146610358852 -163.07049369950474 1433.9346532358054 224 226 -1
226 -11.04182363431599 -163.03167456734826 1434.1103784023562 225 227 -1
227 -11.056040760257318 -162.99335859085295 1434.2860961166166 226 228 -1
228 -11.071830226148426 -162.95557474246866 1434.461794788633 227 229 -1
229 -11.089223353663055 -162.91835216284514 1434.6374617914387 228 230 -1
230 -11.108239407713613 -162.88171597999306 1434.813083840285 229 231 -1
231 -11.128909945660517 -162.84569598430485 1434.9886463840912 230 232 -1
232 -11.15126689577168 -162.81032260999407 1435.1641336957798 231 233 -1
233 -11.175271048507115 -162.77559892867984 1435.3395332516543 232 234 -1
234 -11.200762533045616 -162.74148071829578 1435.5148419106977 233 235 -1
235 -11.227556964889324 -162.70791323285232 1435.690062691564 234 236 -1
236 -11.25546215010862 -162.67483723642292 1435.8652036592391 235 237 -1
237 -11.284297673862303 -162.64219781953602 1436.040275917122 236 238 -1
238 -11.313875726194006 -162.60993611253343 1436.2152943803621 237 239 -1
239 -11.344008184407846 -162.57799224431963 1436.390276628046 238 240 -1
240 -11.374511466629263 -162.54630913372648 1436.565242075335 239 241 -1
241 -11.40519484942602 -162.51482494480683 1436.7402119612125 240 242 -1
242 -11.435869728966082 -162.48347984423523 1436.9152083115366 241 243 -1
243 -11.466343829454512 -162.45221291765935 1437.09025370176 242 244 -1
244 -11.496425686390065 -162.42096245072037 1437.2653698278755 243 245 -1
245 -11.525912978024621 -162.3896660378595 1437.4405787902942 244 246 -1
246 -11.554612699510924 -162.35826179301955 1437.6158991175798 245 247 -1
247 -11.582313152645156 -162.32668543230605 1437.7913491054398 246 248 -1
248 -11.60881431958105 -162.294874905615 1437.9669418534675 247 249 -1
249 -11.633894365450114 -162.26276444886187 1438.1426885109495 248 250 -1
250 -11.657346986827996 -162.23029236049737 1438.3185931829 249 251 -1
251 -11.67893498828934 -162.19739108156756 1438.4946565285707 250 252 -1
252 -11.698416102016855 -162.1639999467755 1438.6708729841282 251 253 -1
253 -11.71542426896791 -162.13004891740258 1438.8472379863745 252 254 -1
254 -11.7296082958284 -162.09547731778522 1439.0237315618472 253 255 -1
255 -11.740592601790537 -162.06022283753111 1439.2003176318378 254 256 -1
256 -11.747984857754073 -162.02422424030243 1439.3769397653564 255 257 -1
257 -11.751426563723115 -161.98743214101034 1439.5535187577261 256 258 -1
258 -11.750528652193404 -161.94979629574132 1439.7299504210037 257 259 -1
259 -11.74491024832092 -161.9112741994866 1439.906102464026 258 260 -1
260 -11.734235952031868 -161.8718379129192 1440.08181688224 259 261 -1
261 -11.718159255812115 -161.83146372388026 1440.256905216443 260 262 -1
262 -11.696352616575414 -161.79013815022708 1440.4311486510126 261 263 -1
263 -11.668577357940583 -161.7478686115852 1440.6043121384096 262 264 -1
264 -11.634583974441068 -161.7046666662903 1440.7761306302318 263 265 -1
265 -11.594199952646864 -161.66056124673173 1440.9463278906264 264 266 -1
266 -11.547327983570836 -161.61559614039174 1441.1146260818416 265 267 -1
267 -11.493887785656165 -161.5698211623062 1441.2807338480093 266 268 -1
268 -11.434030684507198 -161.52329002482534 1441.4444266344742 267 269 -1
269 -11.368442414054744 -161.47600348657915 1441.6056915632557 268 270 -1
270 -11.297861693030692 -161.4279300488686 1441.7646010202684 269 271 -1
271 -11.222997448093325 -161.37903244007688 1441.9212846569417 270 272 -1
272 -11.144479861358523 -161.32926266099193 1442.075893021345 271 273 -1
273 -11.06287356627618 -161.27856346899046 1442.2285891988897 272 274 -1
274 -10.97869279041816 -161.22687083040782 1442.3795456456976 273 275 -1
275 -10.892408473321083 -161.17411467266842 1442.5289390508538 274 276 -1
276 -10.80445540932866 -161.12021932993372 1442.6769467910449 275 277 -1
277 -10.715239188660686 -161.06510374040764 1442.823744586798 276 278 -1
278 -10.625140758639839 -161.0086756441556 1442.9695014544034 277 279 -1
279 -10.534531857355974 -160.95084614551075 1443.1143901060634 278 280 -1
280 -10.443770150660262 -160.89151854798263 1443.2585757197799 279 281 -1
281 -10.353208038043205 -160.83058928195905 1443.4022177880267 280 282 -1
282 -10.26319894461299 -160.76794859408577 1443.5454706210332 281 283 -1
283 -10.174105910613868 -160.70347581228765 1443.6884827901151 282 284 -1
284 -10.086304154076737 -160.63704722367814 1443.8313979846823 283 285 -1
285 -10.00018002975157 -160.56854028581196 1443.9743522172837 284 286 -1
286 -9.916145587934697 -160.497821504496 1444.117472180696 285 287 -1
287 -9.834641298632027 -160.4247530535733 1444.260873865697 286 288 -1
288 -9.756141317469666 -160.34919458216584 1444.404659603849 287 289 -1
289 -9.681158308176222 -160.27100593471292 1444.54891409336 288 290 -1
290 -9.610247429270302 -160.19005102596623 1444.6936992536168 289 291 -1
291 -9.54400891060437 -160.1062031198061 1444.839047805935 290 292 -1
292 -9.483088434363635 -160.0193517297203 1444.9849555841645 291 293 -1
293 -9.428174318221405 -159.92941126520515 1445.1313727609781 292 294 -1
294 -9.379998960582354 -159.83632772657572 1445.2781947313454 293 295 -1
295 -9.339347389109086 -159.74008417402902 1445.425251625558 294 296 -1
296 -9.30693669034127 -159.64075313133574 1445.5722985898517 295 297 -1
297 -9.283490665927614 -159.53846320247237 1445.7190163095015 296 298 -1
298 -9.269728246666059 -159.4334093932026 1445.8650040613522 297 299 -1
299 -9.266187006330812 -159.3258959598327 1446.0097984820452 298 300 -1
300 -9.273266171304414 -159.21630224192617 1446.1528912361105 299 301 -1
301 -9.291214411020437 -159.1050679058628 1446.2937497159 300 302 -1
302 -9.320083261533403 -158.99267881418984 1446.431850650577 301 303 -1
303 -9.359718185094291 -158.87964003301065 1446.5667144400832 302 304 -1
304 -9.40976715935215 -158.76644581083266 1446.6979370845588 303 305 -1
305 -9.469706056322632 -158.65355077373925 1446.8252149729935 304 306 -1
306 -9.538891051593136 -158.5413480659514 1446.9483520961926 305 307 -1
307 -9.616731105628187 -158.43017894249252 1447.0671883396944 306 308 -1
308 -9.702443909212539 -158.32029705526193 1447.1817293188574 307 309 -1
309 -9.795335127806295 -158.21189883916625 1447.2920117189503 308 310 -1
310 -9.894726244214182 -158.10512056555666 1447.3981333256722 309 311 -1
311 -10.0 -158.0 1447.5 310 312 313
312 -9.962544932376474 -157.82865246440787 1447.6145494806526 311 314 -1
313 -9.82815654576468 -157.94870063676615 1447.5559952753563 311 315 -1
314 -9.929118070918845 -157.65651950814788 1447.729124938694 312 316 -1
315 -9.651429896264654 -157.89991304567542 1447.5964640056272 313 317 -1
316 -9.89967509819046 -157.4836516140335 1447.8436870629596 314 318 -1
317 -9.471069744527334 -157.85404316005824 1447.6213244800886 315 319 -1
318 -9.874177636295606 -157.3101291603389 1447.958205844558 316 320 -1
319 -9.28843987160957 -157.81148664524258 1447.6307856135577 317 321 -1
320 -9.852581299115949 -157.13603097365927 1448.072653090669 318 322 -1
321 -9.104846095183238 -157.77242154654232 1447.625902051977 319 323 -1
322 -9.834836142641185 -156.96143398870868 1448.1870025352493 320 324 -1
323 -8.92133359492964 -157.73690272140612 1447.6079585414716 321 325 -1
324 -9.820887134958747 -156.78641294961682 1448.3012299247187 322 326 -1
325 -8.738698563588443 -157.70494021673903 1447.578186915482 323 327 -1
326 -9.810674638235861 -156.61104015340158 1448.4153130794396 324 328 -1
327 -8.557451986412037 -157.67635789006985 1447.5382100408062 325 329 -1
328 -9.804135316448216 -156.435385210339 1448.5292319109012 326 330 -1
329 -8.377888449236822 -157.65097917713481 1447.4894211710907 327 331 -1
330 -9.801201489790717 -156.25951495432824 1448.6429684906268 328 332 -1
331 -8.20013220020248 -157.62860529156256 1447.4331054385727 329 333 -1
332 -9.80180256779741 -156.0834932237778 1448.7565070087398 330 334 -1
333 -8.024180085491347 -157.6090289664059 1447.3704285884899 331 335 -1
334 -9.805865329769365 -155.90738078746284 1448.8698337589346 332 336 -1
335 -7.849939782264545 -157.5920467087025 1447.302430454379 333 337 -1
336 -9.813314305658999 -155.73123528709246 1448.9829371057062 334 338 -1
337 -7.67726022728427 -157.57746638965943 1447.2300300859674 335 339 -1
338 -9.824072202986297 -155.55511120663635 1449.0958074350501 336 340 -1
339 -7.505954315184202 -157.56511135935207 1447.1540372714376 337 341 -1
340 -9.838060954670855 -155.3790598953159 1449.2084370432522 338 342 -1
341 -7.335814948341581 -157.55482217040048 1447.0751668862817 339 343 -1
342 -9.855200920290837 -155.20312957854182 1449.3208201519228 340 344 -1
343 -7.16663500285986 -157.54647975235784 1446.9940329760889 341 345 -1
344 -9.875411042904418 -155.0273653478402 1449.4329528572268 342 346 -1
345 -6.998185207779226 -157.53994926483057 1446.9112298598782 343 347 -1
346 -9.898611341249799 -154.85180935544201 1449.544832867346 344 348 -1
347 -6.830240275462055 -157.53510759291427 1446.8272920904876 345 349 -1
348 -9.924721182696752 -154.67650080511856 1449.6564595776965 346 350 -1
349 -6.662618074663199 -157.53187774197144 1446.7426342236788 347 351 -1
350 -9.95365948101473 -154.50147599408152 1449.767833996162 348 352 -1
351 -6.495204710508665 -157.53017820145507 1446.657519620343 349 353 -1
352 -9.98534705994377 -154.3267686493792 1449.8789584615697 350 354 -1
353 -6.3278983382839975 -157.52990907353401 1446.5721781767381 351 355 -1
354 -10.019703904174266 -154.15240972189537 1449.9898368210659 352 356 -1
355 -6.160601141588963 -157.53103689050096 1446.4868256532252 353 357 -1
356 -10.056651313386244 -153.9784277133147 1450.100474164627 354 358 -1
357 -5.9932158761143395 -157.53346447728777 1446.4016731389108 355 359 -1
358 -10.096112794405549 -153.80484896531556 1450.2108766682675 356 360 -1
359 -5.825646520946078 -157.53714866996057 1446.3169287475012 357 361 -1
360 -10.138010890291392 -153.63169724902176 1450.3210518207857 358 362 -1
361 -5.657799107203964 -157.54203156970289 1446.2327975881376 359 363 -1
362 -10.182270538844756 -153.4589944034548 1450.431008041009 360 364 -1
363 -5.489585180310239 -157.54805440248907 1446.1494763171245 361 365 -1
364 -10.228817945452631 -153.286760280528 1450.540754716597 362 366 -1
365 -5.320909019955717 -157.5551848442934 1446.0671835537523 363 367 -1
366 -10.277580660109875 -153.1150128668831 1450.6503021329115 364 368 -1
367 -5.151694962195818 -157.56335579819174 1445.9861009077745 365 369 -1
368 -10.32848763847414 -152.94376840364583 1450.759661405904 366 370 -1
369 -4.98184296636403 -157.57255213447732 1445.9064754109947 367 371 -1
370 -10.381469288319812 -152.7730415033972 1450.8688444192005 368 372 -1
371 -4.811294092155012 -157.58270194530724 1445.8284721785237 369 373 -1
372 -10.436457502717998 -152.60284526378248 1450.9778637654917 370 374 -1
373 -4.6399438763681 -157.59380102454801 1445.752378329424 371 375 -1
374 -10.493385681214596 -152.43319137731234 1451.0867326922692 372 376 -1
375 -4.467748360103352 -157.60577945478485 1445.6783548881713 373 377 -1
376 -10.552188740214591 -152.26409023702027 1451.1954650519128 374 378 -1
377 -4.294615314072882 -157.6186256674474 1445.6067024110318 375 379 -1
378 -10.612803113710198 -152.0955510377401 1451.3040752560844 376 380 -1
379 -4.12050261907407 -157.6322859227603 1445.537621627357 377 381 -1
380 -10.675167370214345 -151.927582086517 1451.412578200406 378 382 -1
381 -3.9453453500958697 -157.64673350824685 1445.471401618045 379 383 -1
382 -10.7392206086757 -151.7601903766637 1451.5209893256213 380 384 -1
383 -3.769099325064636 -157.66193034773292 1445.4083138684225 381 385 -1
384 -10.804903503390308 -151.59338199707287 1451.6293245075196 382 386 -1
385 -3.591742181036796 -157.67783143862815 1445.3486046943895 383 387 -1
386 -10.872159375855464 -151.42716265383874 1451.7375999986766 384 388 -1
387 -3.4132293908150606 -157.69441320792126 1445.2926436833952 385 389 -1
388 -10.940931114929322 -151.26153660666836 1451.8458325185877 386 390 -1
389 -3.2336437051066653 -157.7116114081764 1445.2404268695686 387 391 -1
390 -11.011164582043154 -151.0965080518924 1451.9540391132937 388 392 -1
391 -3.053066428875367 -157.72938368225866 1445.1919548150702 389 393 -1
392 -11.08280570680075 -150.93208006161893 1452.0622372111193 390 394 -1
393 -2.871599165605013 -157.7476732026701 1445.1471367470215 391 395 -1
394 -11.15580289139254 -150.76825567011258 1452.1704445782188 392 396 -1
395 -2.6893438461924486 -157.7664194101935 1445.1058420339202 393 397 -1
396 -11.230104408779198 -150.6050368141103 1452.2786792990385 394 398 -1
397 -2.506371858172597 -157.78557583145854 1445.0680522465964 395 399 -1
398 -11.305661159430512 -150.44242567200197 1452.3869598106546 396 400 -1
399 -2.3227784344195643 -157.80507880588914 1445.0336015269597 397 401 -1
400 -11.382423912034783 -150.28042344301375 1452.4953048246007 398 402 -1
401 -2.1386412806334802 -157.82487175636882 1445.002365520121 399 403 -1
402 -11.460344951045142 -150.1190311976536 1452.6037333646207 400 404 -1
403 -1.9540186229648036 -157.84490470252413 1444.9743089289739 401 405 -1
404 -11.539378257115784 -149.95825010773547 1452.7122648315067 402 406 -1
405 -1.768987747629675 -157.86511560698995 1444.9492271425738 403 407 -1
406 -11.619477562519887 -149.7980804457102 1452.8209188216933 404 408 -1
407 -1.5836045794223428 -157.88545100474732 1444.9270078524041 405 409 -1
408 -11.700598120411328 -149.63852261654762 1452.92971528479 406 410 -1
409 -1.3979166240341252 -157.9058572737758 1444.9075716881869 407 411 -1
410 -11.782696304300917 -149.4795770523645 1453.0386745368244 408 412 -1
411 -1.211977491318144 -157.92627917821454 1444.890725189912 409 413 -1
412 -11.865728825403995 -149.32124379583593 1453.1478171451793 410 414 -1
413 -1.0258259359863287 -157.9466643469339 1444.8763596346728 411 415 -1
414 -11.949653117283926 -149.16352278709962 1453.2571639822042 412 416 -1
415 -0.8394969876851572 -157.9669591992737 1444.8643595606943 413 417 -1
416 -12.034427447299521 -149.0064140220495 1453.3667362795395 414 418 -1
417 -0.6530246934299377 -157.9871145298921 1444.8545486543453 415 419 -1
418 -12.120011026971845 -148.84991774790214 1453.4765557274009 416 420 -1
419 -0.46643330698681085 -158.0070773273989 1444.8468272268212 417 421 -1
420 -12.206362937283192 -148.69403371429362 1453.5866441631474 418 422 -1
421 -0.27974590341960265 -158.02679820091063 1444.8410479608335 419 423 -1
422 -12.293443080155411 -148.53876195311815 1453.6970238746621 420 424 -1
423 -0.09298146445626891 -158.04623198192579 1444.8370562124594 421 425 -1
424 -12.381211943320404 -148.38410271540056 1453.8077176056909 422 426 -1
425 0.09384714505284572 -158.06532160120705 1444.834762814224 423 427 -1
426 -12.469630302287765 -148.23005630700712 1453.9187484839476 424 428 -1
427 0.28072708159215737 -158.08402755841226 1444.8339940426115 425 429 -1
428 -12.558658987253544 -148.0766229148983 1454.030139901654 426 430 -1
429 0.46765045017644047 -158.10230073998045 1444.8346300268652 427 431 -1
430 -12.648259403407952 -147.92380321215555 1454.141915867469 428 432 -1
431 0.6546118534380772 -158.1200888114446 1444.8365526910884 429 433 -1
432 -12.738393098853082 -147.77159805373108 1454.2541008528988 430 434 -1
433 0.8416070710140038 -158.1373560619275 1444.8396076536742 431 435 -1
434 -12.829021449522116 -147.62000816113772 1454.36671955493 432 436 -1
435 1.0286353477978358 -158.15404355328855 1444.8436913480625 433 437 -1
436 -12.920106373029864 -147.46903513382475 1454.4797976168281 434 438 -1
437 1.2156962318657034 -158.17011487601422 1444.8486582603807 435 439 -1
438 -13.011609264301569 -147.31868017482023 1454.593360700151 436 440 -1
439 1.4027911776303492 -158.18552407087213 1444.8543844128 437 441 -1
440 -13.103491856105386 -147.1689454196488 1454.7074354960432 438 442 -1
441 1.5899231676161805 -158.20021530682817 1444.860751696727 439 443 -1
442 -13.195715380749084 -147.01983278788308 1454.8220488056697 440 444 -1
443 1.7770945206217323 -158.21415967703527 1444.8676220487332 441 445 -1
444 -13.288241200416731 -146.87134526238785 1454.9372286332625 442 446 -1
445 1.9643099621920377 -158.22729135517204 1444.8748817999565 443 447 -1
446 -13.381030013921148 -146.72348551792868 1455.0530029642248 444 448 -1
447 2.1515724330831247 -158.23958019167793 1444.8823991978966 445 449 -1
448 -13.474042344352945 -146.57625710203985 1455.1694008241639 446 450 -1
449 2.3388833366787427 -158.2509887884604 1444.8900954596127 447 451 -1
450 -13.567238267809525 -146.42966423681642 1455.2864521423758 448 452 -1
451 2.5262390422611416 -158.26150192432144 1444.8979740434254 449 453 -1
452 -13.66057716560769 -146.28371120869406 1455.4041870985493 450 454 -1
453 2.7136340248188873 -158.27113319033398 1444.906043779226 451 455 -1
454 -13.754017856044479 -146.1384031428621 1455.522636901575 452 456 -1
455 2.901064546201938 -158.2798514579246 1444.9143234215444 453 457 -1
456 -13.847518407230194 -145.9937457787063 1455.64183355461 454 458 -1
457 3.0885247568084444 -158.287676383686 1444.9228201064288 455 459 -1
458 -13.94103604125372 -145.84974551577218 1455.7618098840808 456 460 -1
459 3.2760100717458336 -158.29459094895827 1444.9315495116798 457 461 -1
460 -14.03452703440176 -145.70640946277877 1455.8825995680236 458 462 -1
461 3.4635153092466133 -158.30058932232555 1444.9405248290172 459 463 -1
462 -14.127946605053173 -145.56374553702904 1456.0042372245075 460 464 -1
463 3.6510350321319236 -158.30567958166995 1444.9497551453624 461 465 -1
464 -14.221248748276233 -145.42176269555193 1456.1267586790077 462 466 -1
465 3.838564138828039 -158.30982964416233 1444.9592611890303 463 467 -1
466 -14.314386261649734 -145.2804702970377 1456.250200071819 464 468 -1
467 4.0260968668208745 -158.31306158883635 1444.9690477732079 465 469 -1
468 -14.407310385047953 -145.13987924491028 1456.374599307814 466 470 -1
469 4.213627623898765 -158.31535201755852 1444.9791333360595 467 471 -1
470 -14.5 -145.0 1456.5 468 472 473
471 4.401150540913329 -158.31670014743744 1444.9895294836058 469 474 -1
472 -14.67626382363207 -144.9624231826733 1456.4246859715106 470 475 -1
473 -14.414648579188675 -144.92238954619552 1456.6598404079668 470 476 -1
474 4.588659811737607 -158.3171081486237 1445.0002464837623 471 477 -1
475 -14.854290666065591 -144.9263148801309 1456.3526038653802 472 478 -1
476 -14.344477907334944 -144.8398773789476 1456.8245289590961 473 479 -1
477 4.776148803854702 -158.31654682295257 1445.0113057018307 474 480 -1
478 -15.033800361513928 -144.89151623488038 1456.2836222378096 475 481 -1
479 -14.289438999023536 -144.75307526948785 1456.9927377306697 476 482 -1
480 4.963611776123754 -158.31503552166853 1445.0227112902712 477 483 -1
481 -15.214765863754785 -144.85806119429466 1456.2178549885698 478 484 -1
482 -14.247916378634214 -144.6628531730625 1457.1630310966896 479 485 -1
483 5.1510416839977005 -158.31254883945013 1445.0344835510364 480 486 -1
484 -15.397153547069307 -144.82598238580553 1456.1554154105804 481 487 -1
485 -14.21832697389796 -144.56985016158905 1457.3343327980535 482 488 -1
486 5.3384319753376985 -158.3090867195212 1445.04663358326 483 489 -1
487 -15.58092303524037 -144.7953108517191 1456.0964155481952 484 490 -1
488 -14.1979588072884 -144.47474701983157 1457.505836239812 485 491 -1
489 5.525776193264361 -158.30465050285713 1445.0591715747044 486 492 -1
490 -15.76602761887393 -144.76607638238514 1456.0409670328418 487 493 -1
491 -14.184347876947292 -144.37797803457758 1457.6770877177482 488 494 -1
492 5.713065846299314 -158.29920808800804 1445.0721214542343 489 495 -1
493 -15.9524170303682 -144.7383108695387 1455.9891896287093 490 496 -1
494 -14.174859715977922 -144.2798745868395 1457.847862983548 491 497 -1
495 5.900295057016428 -158.29277886749972 1445.085486041457 492 498 -1
496 -16.14002855643029 -144.71203794228998 1455.9411853440315 493 499 -1
497 -14.166851886649429 -144.1807121073304 1458.0181037702998 494 500 -1
498 6.087455283127525 -158.28533955408383 1445.0992858529692 495 501 -1
499 -16.328796110104317 -144.68728307247613 1455.8970636882875 496 502 -1
500 -14.157755415883427 -144.08068156804734 1458.1877797318305 497 503 -1
501 6.274538605389039 -158.2768829309185 1445.113534872229 498 504 -1
502 -16.518646360613804 -144.66406910895375 1455.856930638308 499 505 -1
503 -14.14512517098044 -143.9800400434175 1458.3568624558384 500 506 -1
504 6.461538114853517 -158.26741510608298 1445.1282408790003 501 507 -1
505 -16.709498465587366 -144.64241535217738 1455.8208862124343 502 508 -1
506 -14.126502435802792 -143.87906890156694 1458.5251863243857 503 509 -1
507 6.648443034043177 -158.25690101562867 1445.1434305768205 504 510 -1
508 -16.901264442160397 -144.62233725536808 1455.7890235819032 505 511 -1
509 -14.100867327848752 -143.77808302750256 1458.692576927995 506 512 -1
510 6.8352467530687875 -158.24535532931793 1445.1591078034448 507 513 -1
511 -17.093849645641807 -144.6038461535816 1455.7614282246368 508 514 -1
512 -14.068694380427644 -143.6773106007444 1458.8589670025274 509 515 -1
513 7.021940106346908 -158.23276607239725 1445.1752885898861 510 516 -1
514 -17.28715335112391 -144.58694902683627 1455.7381771387315 511 517 -1
515 -14.03071197994298 -143.57693358969604 1459.0243702645264 512 518 -1
516 7.208511801852647 -158.21910720261172 1445.1919962494571 513 519 -1
517 -17.48107076684182 -144.57165252297588 1455.719349960283 514 520 -1
518 -13.987461145540033 -143.4771125591408 1459.1888153983678 515 521 -1
519 7.394954907132153 -158.20439267805253 1445.2092343035251 516 522 -1
520 -17.675489656528807 -144.5579519217858 1455.7049982573405 517 523 -1
521 -13.939641769021858 -143.37795916388984 1459.3523987317853 518 524 -1
522 7.5812578690782155 -158.18859972313305 1445.2270245797367 519 525 -1
523 -17.870296005759297 -144.54584562949285 1455.6951858374025 520 526 -1
524 -13.887657280128396 -143.27960505511797 1459.5151933603713 521 527 -1
525 7.767409912556644 -158.1717163287187 1445.245383791186 522 528 -1
526 -18.065370547174222 -144.5353200240898 1455.6899457933466 523 529 -1
527 -13.832157031920103 -143.18211233837303 1459.6773449400785 524 530 -1
528 7.953402673081379 -158.15374853878916 1445.2643190048861 525 531 -1
529 -18.26059252854258 -144.52635984357426 1455.6893096452293 526 532 -1
530 -13.773564245415598 -143.08557162957956 1459.838978182927 527 533 -1
531 8.139222433139281 -158.13466862202827 1445.2838553305107 528 534 -1
532 -18.45583962339683 -144.51894461327544 1455.6932970083553 529 535 -1
533 -13.712335288658752 -142.9900534231967 1460.0002420108583 530 536 -1
534 8.324858711136748 -158.11447341688958 1445.3040048906557 531 537 -1
535 -18.650989013221462 -144.51304863188233 1455.7019151842537 532 538 -1
536 -13.648942351264033 -142.89560175373217 1460.1612982748975 533 539 -1
537 8.51030163498124 -158.09316365214983 1445.3247773726223 534 540 -1
538 -18.845918486413733 -144.50864114093622 1455.7151592589619 535 541 -1
539 -13.583757949086657 -142.8023009183739 1460.3223106337655 536 542 -1
540 8.695535529298324 -158.07070979844357 1445.3461995989353 537 543 -1
541 -19.04050750102528 -144.50568655193013 1455.7330123577378 538 544 -1
542 -13.517211688221767 -142.7101949594498 1460.483454012871 539 545 -1
543 8.880549451565185 -158.04711152862114 1445.368282058104 540 546 -1
544 -19.23463818969489 -144.50414472480344 1455.7554460458946 541 547 -1
545 -13.449691473981943 -142.6193300439877 1460.6448967078416 542 548 -1
546 9.065332195928816 -158.0223672905261 1445.3910356428496 543 549 -1
547 -19.42819628788266 -144.50397129044248 1455.7824208617706 544 550 -1
548 -13.381343012971781 -142.5297667557064 1460.806717798424 545 551 -1
549 9.249866673454761 -157.99644934615705 1445.4144867976268 546 552 -1
550 -19.621071969792585 -144.50511800895748 1455.813886964907 547 553 -1
551 -13.312176282813484 -142.44146436771092 1460.9688837614924 548 554 -1
552 9.434140058202763 -157.96935337747593 1445.4386483212231 549 555 -1
553 -19.813159778140808 -144.50753425478575 1455.8497888332222 550 556 -1
554 -13.242171041973215 -142.3544160394131 1461.131367651217 551 557 -1
555 9.618140304090543 -157.94107901914273 1445.4635303811826 552 558 -1
556 -20.00436099682407 -144.5111645965148 1455.8900562298331 553 559 -1
557 -13.171291392379953 -142.26863627180606 1461.2941468504189 554 560 -1
558 9.801849869752644 -157.9116043277209 1445.489156419651 555 561 -1
559 -20.194583417806324 -144.5159509729183 1455.9346109039295 556 562 -1
560 -13.099543150054872 -142.18407901823136 1461.4571849328304 557 563 -1
561 9.985251806705838 -157.8809133975093 1445.5155464961585 558 564 -1
562 -20.383741195946566 -144.5218336051163 1455.9833694338524 559 565 -1
563 -13.02689356613842 -142.10075277733787 1461.6204575123027 560 566 -1
564 10.168334119571375 -157.84901093750526 1445.54270759118 561 567 -1
565 -20.571754202376802 -144.5287518714243 1456.0362464196598 562 568 -1
566 -12.953328199633221 -142.01863977020906 1461.7839345720267 563 569 -1
567 10.351080276535919 -157.81588518172768 1445.5706569902134 564 570 -1
568 -20.75855125144364 -144.53664196724623 1456.0931444943367 565 571 -1
569 -12.878845501872489 -141.93770601763956 1461.9475842774943 566 572 -1
570 10.533465994573373 -157.78150034051575 1445.599427959028 567 573 -1
571 -20.944068316954915 -144.54543929696297 1456.1539628063642 568 574 -1
572 -12.80340069711988 -141.8579718330195 1462.111382060101 569 575 -1
573 10.71548070088215 -157.7458704756377 1445.6290212960553 570 576 -1
574 -21.128247994506506 -144.5550790258197 1456.2185989755517 571 577 -1
575 -12.727006205313284 -141.77938591718035 1462.2752945302182 572 578 -1
576 10.897106314958869 -157.70898437084472 1445.6594541551165 573 579 -1
577 -21.31103916420432 -144.56549630627308 1456.2869499146595 574 580 -1
578 -12.649639696468702 -141.70194016399128 1462.4392937628368 575 581 -1
579 11.078320697774512 -157.67082047612908 1445.690750838212 576 582 -1
580 -21.49239819392378 -144.57662575558766 1456.3589087861824 577 583 -1
581 -12.571276152874622 -141.62562830608795 1462.603351150424 578 584 -1
582 11.259102817590295 -157.63136381829014 1445.7229315127038 579 585 -1
583 -21.67228902886708 -144.58840179532848 1456.4343654585584 580 586 -1
584 -12.49192503260987 -141.55040545812656 1462.7674367883565 581 587 -1
585 11.439437372953494 -157.59061765021792 1445.756003781227 582 588 -1
586 -21.850680987076124 -144.60075977645903 1456.5132117995038 583 589 -1
587 -12.411550522016363 -141.47627660101946 1462.9315222141238 584 590 -1
588 11.619303827833368 -157.5485709707647 1445.7899849559924 585 591 -1
589 -22.02754931379331 -144.61363568501758 1456.5953398799898 586 592 -1
590 -12.33015488165913 -141.40320551669225 1463.0955787235443 587 593 -1
591 11.7986760275873 -157.50520002411122 1445.824901536576 588 594 -1
592 -22.202874818688784 -144.62696631557236 1456.680642492691 589 595 -1
593 -12.247736328675732 -141.33116157820123 1463.259578845785 590 596 -1
594 11.977532618693608 -157.46049662611662 1445.8607692630824 591 597 -1
595 -22.37664349559803 -144.64068941573015 1456.7690136054978 592 598 -1
596 -12.164253060290411 -141.26015314364068 1463.4234920401589 593 599 -1
597 12.155855033234749 -157.41446067717916 1445.8975979705874 594 600 -1
598 -22.548846132846755 -144.65474380332506 1456.8603487522043 595 601 -1
599 -12.079728595959708 -141.19012524962986 1463.587293403622 596 602 -1
600 12.333620132577098 -157.36708176867012 1445.9354048472933 597 603 -1
601 -22.719477921183984 -144.66906945818425 1456.9545453633862 598 604 -1
602 -11.994145291433899 -141.12106325368023 1463.7509550251807 599 605 -1
603 12.510800643894962 -157.31834190094048 1445.9742127990082 600 606 -1
604 -22.888538065285445 -144.68360759053803 1457.0515030411416 601 607 -1
605 -11.90747997870793 -141.05295647157686 1463.914447466193 602 608 -1
606 12.687368917200576 -157.26822504041462 1446.0140435684407 603 609 -1
607 -23.056029403765777 -144.69830068823384 1457.151123781823 604 610 -1
608 -11.819750319492783 -140.98576248715855 1464.0777498179564 605 611 -1
609 12.8633058711753 -157.21673564491329 1446.0549036231432 606 612 -1
610 -23.22195804167008 -144.71309254493593 1457.253312151161 607 613 -1
611 -11.730940070962362 -140.91951062073176 1464.24085288976 608 614 -1
612 13.03858630722862 -157.16386507409814 1446.0968080561186 609 615 -1
613 -23.38633199502098 -144.72792826472087 1457.3579769675068 610 616 -1
614 -11.641039711678312 -140.85425494023704 1464.4037601991135 611 617 -1
615 13.213191664638241 -157.1096134493413 1446.1397530295205 612 618 -1
616 -23.549162259915917 -144.7427541413539 1457.4650290677625 613 619 -1
617 -11.550068070141398 -140.79002375385525 1464.5664798086468 614 620 -1
618 13.387101051882336 -157.05397227337363 1446.183731855248 615 621 -1
619 -23.710463934599524 -144.7575178222579 1457.5743793791614 616 622 -1
620 -11.45801428310536 -140.72687310791662 1464.7290136639738 617 623 -1
621 13.560307371052337 -156.9969599563469 1446.2287173845514 618 624 -1
622 -23.870252327077345 -144.77216820050162 1457.6859444334737 619 625 -1
623 -11.364866227702908 -140.66486219240807 1464.8913627651968 620 626 -1
624 13.732801111126266 -156.93858871777647 1446.2746872549028 621 627 -1
625 -24.028542356445538 -144.78665502291057 1457.799646476224 622 628 -1
626 -11.270645076283007 -140.60401508115083 1465.0535328224014 623 629 -1
627 13.904571018534911 -156.87886652325778 1446.3216222071032 624 630 -1
628 -24.185355897254716 -144.80092984164122 1457.9154028043051 625 631 -1
629 -11.175349637695922 -140.544378759712 1465.2155248755541 626 632 -1
630 14.07560641601269 -156.81780168469055 1446.3695026729922 627 633 -1
631 -24.340709698561668 -144.81494438800996 1458.0331423534694 628 634 -1
632 -11.07895400590079 -140.4860307555145 1465.377335006176 629 635 -1
633 14.245889495649074 -156.75538930713583 1446.4183180413572 630 636 -1
634 -24.49462731477051 -144.82865241823765 1458.1527888955743 631 637 -1
635 -10.981487668097285 -140.42898402859961 1465.5389675335805 632 638 -1
636 14.415416043756718 -156.69164825090462 1446.4680410858311 633 639 -1
637 -24.647127637789556 -144.84200747289694 1458.274276160059 634 640 -1
638 -10.882952335863513 -140.37328335492913 1465.7004212864945 635 641 -1
639 14.584179424020661 -156.626591813125 1446.5186486468474 636 642 -1
640 -24.7982359371828 -144.85496542156147 1458.397533035217 637 643 -1
641 -10.783335745353087 -140.31899288066526 1465.861691773473 638 644 -1
642 14.752171284478866 -156.56022944462367 1446.570120207745 639 645 -1
643 -24.947971752318267 -144.8674811555796 1458.5224988168861 640 646 -1
644 -10.682643143649209 -140.26615544950508 1466.0227764469225 641 647 -1
645 14.919383845946486 -156.49257083405286 1446.6224350705802 642 648 -1
646 -25.096360546582456 -144.8795120430594 1458.6491082323694 643 649 -1
647 -10.580890954774903 -140.21479814248903 1466.183673808808 644 650 -1
648 15.08580541779812 -156.42361868348797 1446.675576900511 645 651 -1
649 -25.24342584597522 -144.8910155328822 1458.77730108534 646 652 -1
650 -10.478083450762457 -140.16496443228823 1466.344379358778 647 653 -1
651 15.251428206233047 -156.35338163754255 1446.729525340794 648 654 -1
652 -25.389189027168452 -144.90194862304446 1458.9070220130473 649 655 -1
653 -10.374208084289158 -140.11672436001137 1466.5048843597776 650 656 -1
654 15.416251646998438 -156.2818789836956 1446.7842535303087 651 657 -1
655 -25.53367520359662 -144.91227043039137 1459.03821337452 652 658 -1
656 -10.269281666420875 -140.07010539611633 1466.6651845006425 653 659 -1
657 15.580270201358422 -156.2091211345008 1446.839740292327 654 660 -1
658 -25.676908121355897 -144.92194006070355 1459.170821104771 655 661 -1
659 -10.163317938454957 -140.0251387651007 1466.8252741054566 656 662 -1
660 15.743478868267498 -156.13511864021447 1446.8959643787123 657 663 -1
661 -25.81891103264022 -144.9309168484992 1459.3047934315782 658 664 -1
662 -10.056324228348707 -139.98186588252935 1466.985145321017 659 665 -1
663 15.905873174508791 -156.05988217015278 1446.9529044895655 660 666 -1
664 -25.959707044132458 -144.93916048124052 1459.4400802854288 661 667 -1
665 -9.948299042645093 -139.94034441797965 1467.1447872273964 662 668 -1
666 16.067439349219306 -155.98340802722805 1447.0105473155659 663 669 -1
667 -26.099318093853565 -144.94663026887923 1459.5766342088884 664 670 -1
668 -9.839249898712755 -139.9006186483009 1467.3041896456516 665 671 -1
669 16.228183223363857 -155.9057211377036 1447.0688633107402 666 672 -1
670 -26.23776795795397 -144.9532871452006 1459.7144070092372 667 673 -1
671 -9.729198743748192 -139.86270728831195 1467.4633449595021 668 674 -1
672 16.38810228517208 -155.82683306134817 1447.1278307656135 669 675 -1
673 -26.375078975682214 -144.95909154597175 1459.853353124551 670 676 -1
674 -9.61815636148746 -139.8266486952648 1467.622242092847 671 677 -1
675 16.54719406572137 -155.74675475483406 1447.1874283587465 672 678 -1
676 -26.51127309083759 -144.96400400480115 1459.9934283407208 673 679 -1
677 -9.506134431845656 -139.7924803195368 1467.780869210048 674 680 -1
678 16.705456563920595 -155.66549721101774 1447.2476347999666 675 681 -1
679 -26.64637185166439 -144.96798512425224 1460.1345896532662 676 682 -1
680 -9.393138150905177 -139.76025479248958 1467.939211632691 677 683 -1
681 16.862883178537615 -155.58306441675757 1447.3084322803406 678 684 -1
682 -26.78039637682555 -144.97099552331545 1460.276795171024 679 685 -1
683 -9.279223787196743 -139.7300042332777 1468.097285609976 680 686 -1
684 17.019472264972627 -155.49946688224492 1447.3697995508835 681 687 -1
685 -26.913367325328462 -144.97299578642588 1460.4200040207036 682 688 -1
686 -9.164536255595486 -139.70173028645024 1468.2551662495998 683 689 -1
687 17.17522865025311 -155.41472334613042 1447.431711607463 684 690 -1
688 -27.04530486990738 -144.9739464141198 1460.5641762523273 685 691 -1
689 -9.049216983875914 -139.67545515048897 1468.4129319753597 686 692 -1
690 17.33015207351167 -155.3288447951292 1447.494147418466 687 693 -1
691 -27.17622867339258 -144.97380777542372 1460.7092727455495 688 694 -1
692 -8.933404742553249 -139.65120444643767 1468.5706608027517 689 695 -1
693 17.48424267128282 -155.24184218628542 1447.5570860434732 690 696 -1
694 -27.306157867637307 -144.97254006207518 1460.8552551168082 691 697 -1
695 -8.81723653812866 -139.6290073876068 1468.7284303204196 692 698 -1
696 17.63749934884558 -155.15372429641093 1447.6205075372434 693 699 -1
697 -27.43511103460697 -144.97010324468047 1461.0020856272506 694 700 -1
698 -8.700848014514733 -139.60890904753992 1468.8863187834818 695 701 -1
699 17.789915172742234 -155.06449177099793 1447.6843951828553 696 702 -1
700 -27.563106189263536 -144.9664570309272 1461.149727091348 697 703 -1
701 -8.584377726014022 -139.59095663881516 1469.0444053140752 698 704 -1
702 17.941500743743294 -154.97416791605133 1447.7487229439419 699 705 -1
703 -27.690160769103127 -144.96156090101167 1461.298142784447 700 706 -1
704 -8.467964919548313 -139.57517058107194 1469.202764921893 701 707 -1
705 18.092257649449465 -154.88276345700075 1447.8134703305666 702 708 -1
706 -27.81629295787695 -144.95539194167836 1461.4472959970537 703 709 -1
707 -8.351748529732264 -139.5615965475192 1469.361473314968 704 710 -1
708 18.242187801599247 -154.79028904080567 1447.87861698256 705 711 -1
709 -27.941523815574786 -144.94796842943597 1461.5971499365442 706 712 -1
710 -8.23587021221137 -139.55028462243294 1469.5206055946942 707 713 -1
711 18.391292970650223 -154.69675465270123 1447.9441428717532 708 714 -1
712 -28.065875828053173 -144.93931501483107 1461.7476683289897 709 715 -1
713 -8.120475238978473 -139.54128944464316 1469.6802361311316 710 716 -1
714 18.539565083660545 -154.60215735326403 1448.0100322441258 711 717 -1
715 -28.189372624828135 -144.92945698415065 1461.8988154829763 712 718 -1
716 -8.005719424184727 -139.5346889762051 1469.84044330868 713 719 -1
717 18.687017924484543 -154.50652161047512 1448.0762600999235 714 720 -1
718 -28.31203824131963 -144.91841926824736 1462.0505568019198 715 721 -1
719 -7.8917653049607095 -139.53055890975327 1470.001303853903 716 722 -1
720 18.83365456750741 -154.40985767916115 1448.1428066429182 717 723 -1
721 -28.433897365157645 -144.90622682645002 1462.202858547595 718 724 -1
722 -7.7787683878687925 -139.5289430163011 1470.1628825262906 719 725 -1
723 18.979478340714994 -154.31217570251587 1448.2096522268741 720 726 -1
724 -28.55497527887359 -144.89290460787862 1462.3556878374904 721 727 -1
725 -7.666898638661395 -139.52991589323986 1470.3252484890365 722 728 -1
726 19.12449089110655 -154.2134829278447 1448.2767773878566 723 729 -1
727 -28.67529780519427 -144.87847751609672 1462.5090126384202 724 730 -1
728 -7.556334506113988 -139.5335571147925 1470.4884685568957 725 731 -1
729 19.26869026443542 -154.11377852986908 1448.3441588738067 726 732 -1
730 -28.794891255030944 -144.862970377012 1462.662801756749 727 733 -1
731 -7.447294970748956 -139.54000351436702 1470.6526245886282 728 734 -1
732 19.41209288294253 -154.01308247860214 1448.4117656386961 729 735 -1
733 -28.913781507757765 -144.8464065807477 1462.8170253465446 730 736 -1
734 -7.339967010356452 -139.5493147280611 1470.8177674919637 731 737 -1
735 19.554705570112223 -153.9114023866636 1448.479570227627 732 738 -1
736 -29.031996563969358 -144.8288119761695 1462.97165330457 733 739 -1
737 -7.2345536455630715 -139.5615701601915 1470.9839476252334 734 740 -1
738 19.696535283410384 -153.80874565470899 1448.5475453912175 735 741 -1
739 -29.149563945749353 -144.81021103289595 1463.1266568498659 736 742 -1
740 -7.13129053937645 -139.57688439508672 1471.151220328631 737 743 -1
741 19.8375825191944 -153.70511123586695 1448.6156650640144 738 744 -1
742 -29.266511461259007 -144.79062801161396 1463.282007988483 739 745 -1
743 -7.030468867871335 -139.59542446882773 1471.3196513341386 740 746 -1
744 19.977855738316745 -153.60050766008663 1448.6839015278717 741 747 -1
745 -29.38286699679664 -144.77008666151207 1463.4376795779724 742 748 -1
746 -6.9322745636673835 -139.6172246759791 1471.4892394311505 743 749 -1
747 20.117367623855543 -153.49494845937312 1448.7522270896657 744 750 -1
748 -29.498658291155945 -144.74860983777933 1463.5936453790086 745 751 -1
749 -6.836614729464395 -139.64239926950913 1471.6598067983787 746 752 -1
750 20.256125528795835 -153.38844021546953 1448.8206152278974 747 753 -1
751 -29.613914679166434 -144.7262224952754 1463.7498791372507 748 754 -1
752 -6.742986854194993 -139.67106678993724 1471.8309500489934 749 755 -1
753 20.394135585160907 -153.2809876917351 1448.8890395970482 750 756 -1
754 -29.72866485715288 -144.70294804632087 1463.9063557144455 751 757 -1
755 -6.650753553016305 -139.70317967800884 1472.0022390224724 752 758 -1
756 20.531395944851823 -153.17258522154503 1448.9574736025509 753 759 -1
757 -29.842937258529783 -144.67880890010758 1464.0630507990702 754 760 -1
758 -6.559324256656016 -139.73882313002852 1472.1732607698134 755 761 -1
759 20.66792485400959 -153.06325237259452 1449.0258906275897 756 762 -1
760 -29.95676075742884 -144.6538277222333 1464.2199405286756 757 763 -1
761 -6.468066247913724 -139.77797340590163 1472.3436057046117 758 764 -1
762 20.80372984540927 -152.95299497796734 1449.0942647205197 759 765 -1
763 -30.070164990195018 -144.6280282290446 1464.3770013674493 760 766 -1
764 -6.376371476970069 -139.82055683269942 1472.5128890585106 761 767 -1
765 20.938818465211927 -152.84181869725134 1449.162570046562 762 768 -1
766 -30.183178916923215 -144.60143246618208 1464.5342106697635 763 769 -1
767 -6.283615294670669 -139.86661967201348 1472.6806760036366 764 770 -1
768 21.07318880121168 -152.72971676653782 1449.230779228076 765 771 -1
769 -30.295831272271148 -144.57406149680622 1464.691546389781 766 772 -1
770 -6.189255252019428 -139.91600197199853 1472.8466132858832 767 773 -1
771 21.206855755711768 -152.616703900161 1449.2988670379523 768 774 -1
772 -30.408152040449195 -144.54593875798727 1464.8489865782483 769 775 -1
773 -6.092783350520064 -139.96859572996797 1473.01033415819 770 776 -1
774 21.339829155051593 -152.5027882285976 1449.36680822494 771 777 -1
775 -30.520170242628495 -144.51708529010867 1465.0065101031807 772 778 -1
776 -5.993680043096889 -140.02433530782415 1473.1714205587919 773 779 -1
777 21.472116508934047 -152.38797478232112 1449.4345773030993 774 780 -1
778 -30.63191498171733 -144.48752186455886 1465.1640962136887 775 781 -1
779 -5.891569540565863 -140.08302390627452 1473.329552830899 776 782 -1
780 21.603718296239727 -152.27225918871943 1449.5021465034915 777 783 -1
781 -30.74341607692414 -144.45727096222254 1465.3217244392836 778 784 -1
782 -5.786133004162561 -140.1444705937695 1473.484419772062 779 785 -1
783 21.734644636919217 -152.1556496073997 1449.5694905214837 780 786 -1
784 -30.85470241285194 -144.42635219315514 1465.4793748550023 781 787 -1
785 -5.677199568217015 -140.20850792521566 1473.6357775318816 782 788 -1
786 21.86490744919359 -152.0381566308826 1449.6365853274767 783 789 -1
787 -30.96580356883094 -144.39478701554856 1465.6370277904637 784 790 -1
788 -5.5652559996048785 -140.27512896377402 1473.7837891377933 785 791 -1
789 21.99451406708218 -151.9197847786911 1449.7034056006448 786 792 -1
790 -31.076748861104782 -144.36259606050643 1465.7946639631716 787 793 -1
791 -5.451012900601236 -140.3444242100516 1473.9287869007653 788 794 -1
792 22.123466371807623 -151.80053115259437 1449.769923289637 789 795 -1
793 -31.187567356083157 -144.32979857164025 1465.9522643020273 790 796 -1
794 -5.335107136898025 -140.41650828299788 1474.0710813949188 791 797 -1
795 22.251771372270714 -151.68039965477828 1449.836112188552 792 798 -1
796 -31.29828856080794 -144.29641606180886 1466.1098101877 793 799 -1
797 -5.21811882550979 -140.49151815954116 1474.2109577787335 794 800 -1
798 22.37944200801165 -151.55940234471262 1449.9019496616688 795 801 -1
799 -31.408941442446853 -144.2624667026303 1466.2672829346727 796 802 -1
800 -5.100590110896612 -140.56961322853755 1474.3486761978027 797 803 -1
801 22.506485321480852 -151.43754336789564 1449.9674103718137 798 804 -1
802 -31.51955531836951 -144.22797164358659 1466.424664471656 799 805 -1
803 -4.98304202750799 -140.6509758927473 1474.4844728246446 800 806 -1
804 22.632903970554548 -151.3148208205154 1450.0324659468959 801 807 -1
805 -31.63015922982606 -144.19294929930342 1466.5819365241102 802 808 -1
806 -4.865990113915833 -140.73581251563735 1474.6185609561796 803 809 -1
807 22.758702841927715 -151.19123582782706 1450.0970888017346 804 810 -1
808 -31.740782239592203 -144.15741961844532 1466.739081300969 805 811 -1
809 -4.749959403541377 -140.82435447857833 1474.751131736783 806 812 -1
810 22.883895205557007 -151.06680135757512 1450.1612576858515 807 813 -1
811 -31.851453357331717 -144.1214013518485 1466.896080914085 808 814 -1
812 -4.635499354053184 -140.91685904785848 1474.8823541448144 809 815 -1
813 23.00848771379851 -150.9415213372696 1450.2249470738736 810 816 -1
814 -31.96220151337304 -144.08491362147876 1467.0529177159126 811 817 -1
815 -4.523199190782143 -141.01360963932592 1475.0123738938323 812 818 -1
816 23.132483485755827 -150.8153947784596 1450.2881282652775 813 819 -1
817 -32.07305557464493 -144.0479752591404 1467.209574110095 814 820 -1
818 -4.41370401092174 -141.11491489964547 1475.141310873028 815 821 -1
819 23.255885678727896 -150.68842076605733 1450.3507718274407 816 822 -1
820 -32.18404438767966 -144.0106048617918 1467.36603250145 817 823 -1
821 -4.307751396158428 -141.22112952784158 1475.2692504478184 818 824 -1
822 23.3787075317805 -150.56061301929125 1450.4128578853906 819 825 -1
823 -32.29519663769212 -143.97282116035407 1467.522275455056 820 826 -1
824 -4.206174393443026 -141.33261871284054 1475.3962430474892 821 827 -1
825 23.500955220789795 -150.431975424028 1450.474360570776 822 828 -1
826 -32.40654107211364 -143.93464246319166 1467.678285374384 823 829 -1
827 -4.109890197421651 -141.4497212815618 1475.5222961988222 824 830 -1
828 23.622632260895028 -150.30250818360494 1450.5352510425028 825 831 -1
829 -32.5181062150603 -143.89608728342532 1467.8340448276733 826 832 -1
830 -4.019926894320226 -141.572768585186 1475.6473446321363 827 833 -1
831 23.743739981734194 -150.1722084283368 1450.5954972515674 828 834 -1
832 -32.62992064549528 -143.85717381918067 1467.9895361934969 829 835 -1
833 -3.9368142831147512 -141.70180381831486 1475.7710925189424 830 836 -1
834 23.864291410223515 -150.04109092968807 1450.6550812600544 831 837 -1
835 -32.742012793948604 -143.81792030544784 1468.1447418640855 832 838 -1
836 -3.860393711416171 -141.8365672033275 1475.8930401761909 833 839 -1
837 23.9842904092288 -149.9091616784471 1450.713984698617 834 840 -1
838 -32.854410957439164 -143.77834495757438 1468.2996441932214 835 841 -1
839 -3.790515374435104 -141.9768828365799 1476.0126290265405 836 842 -1
840 24.103737675173385 -149.77642642042474 1450.772194807403 837 843 -1
841 -32.96714357477099 -143.73846572052332 1468.4542252033696 838 844 -1
842 -3.726636630348345 -142.1223065164323 1476.129438159696 839 845 -1
843 24.222628861389506 -149.64288390360653 1450.8296925838881 840 846 -1
844 -33.08023851317378 -143.69830091043153 1468.6084672415493 841 847 -1
845 -3.66833857738692 -142.2725631678546 1476.2430075051977 842 848 -1
846 24.340974149412276 -149.50855392414866 1450.886477700006 843 849 -1
847 -33.19372434379182 -143.65786821087508 1468.7623517577683 844 850 -1
848 -3.615231259580436 -142.42747394231984 1476.352809363038 845 851 -1
849 24.45877572244624 -149.37344458142974 1450.94253977395 846 852 -1
850 -33.30762833111446 -143.61718608519587 1468.9158611232483 847 853 -1
851 -3.566606634145688 -142.5866355779938 1476.4585338776283 848 854 -1
852 24.576035594942677 -149.23756373162442 1450.997868178296 849 855 -1
853 -33.421979313412976 -143.57627201718054 1469.0689760089715 850 856 -1
854 -3.521977550032377 -142.74991650198274 1476.5596391659444 851 857 -1
855 24.692747219354427 -149.1009072098912 1451.0524402111264 852 858 -1
856 -33.536803762914985 -143.53514463303142 1469.221678850044 853 859 -1
857 -3.4806116549308586 -142.9169939171288 1476.6558104279309 854 860 -1
858 24.80892196103096 -148.96349619209 1451.1062578885967 855 861 -1
859 -33.652130919942636 -143.49382130409464 1469.3739493324706 856 862 -1
860 -3.4418776000007014 -143.087722225806 1476.7465097049712 857 863 -1
861 24.924562121307275 -148.8253389447849 1451.1593109600515 858 864 -1
862 -33.76798652657851 -143.45232073569784 1469.5257697800666 859 865 -1
863 -3.4050019004507726 -143.261813356219 1476.8314063139235 860 866 -1
864 25.039670027015692 -148.68644377829835 1451.2115892096572 861 867 -1
865 -33.884399568902005 -143.41066051681833 1469.6771193528762 862 868 -1
866 -3.3692483755977816 -143.43913958143244 1476.9098391762036 863 869 -1
867 25.154240191966473 -148.54680834016798 1451.2630706280197 864 870 -1
868 -34.001395775896334 -143.36885919663592 1469.8279795420312 865 871 -1
869 -3.33377135753144 -143.6193951140335 1476.9814145342407 866 872 -1
870 25.26828173447727 -148.4064504236121 1451.3137547829003 867 873 -1
871 -34.119003318196036 -143.32693472432433 1469.9783293341457 868 874 -1
872 -3.2977065598922364 -143.80238069610445 1477.0453585483506 869 875 -1
873 25.381798227327472 -148.26538009878195 1451.363633315969 870 876 -1
874 -34.2372481915705 -143.28490554500854 1470.1281490555766 871 877 -1
875 -3.26010824081902 -143.98779419488972 1477.1008542473296 872 878 -1
876 25.494792081869594 -148.12360585740433 1451.4126961583645 873 879 -1
877 -34.35615748982844 -143.24278994449824 1470.2774176098997 874 880 -1
878 -3.220019198522887 -144.17519327961182 1477.1471553682013 875 881 -1
879 25.60725941883538 -147.98112787583906 1451.46092308699 876 882 -1
880 -34.47575755300139 -143.20060638901998 1470.4261139915693 877 883 -1
881 -3.176425845673351 -144.36402576439173 1477.183341617959 878 884 -1
882 25.71920651731695 -147.8379599938811 1451.5083098713278 879 885 -1
883 -34.59607420134072 -143.15837344599038 1470.574217060392 880 886 -1
884 -3.1282923507180884 -144.55354707593892 1477.2084598721872 881 887 -1
885 25.83063839239549 -147.69411426658783 1451.5548506214 882 888 -1
886 -34.71713416795066 -143.11610972725077 1470.7217043258204 883 889 -1
887 -3.074568044879699 -144.74277523297297 1477.2215056197765 884 890 -1
888 25.94155751557313 -147.54959938152 1451.6005354323597 885 891 -1
889 -34.83896180884396 -143.07383402102934 1470.8685546442157 886 892 -1
890 -3.014348730795274 -144.9304813865147 1477.2217064346235 887 893 -1
891 26.051961448371504 -147.4044177644727 1451.64534594855 888 894 -1
892 -34.96158426916977 -143.03156520486684 1471.0147439013417 889 895 -1
893 -2.9469034342713063 -145.11523194530784 1477.2084862480679 890 896 -1
894 26.16185386521832 -147.25857988339453 1451.6892739867842 891 897 -1
895 -35.08502425447025 -142.98932222283193 1471.160250994459 892 898 -1
896 -2.872201261381722 -145.29575031535896 1477.1821957332738 893 899 -1
897 26.271241085027572 -147.1120995246217 1451.7323162541772 894 900 -1
898 -35.209309312354 -142.94712433104183 1471.305050060462 895 901 -1
899 -2.7910187624188048 -145.47136322998765 1477.1443544718811 896 902 -1
900 26.380125617422323 -146.96498558758017 1451.7744630316815 897 903 -1
901 -35.33446077030482 -142.90499060360153 1471.449119703008 898 904 -1
902 -2.7041463649923267 -145.641773443585 1477.0966009601811 899 905 -1
903 26.488506196077452 -146.81724234971625 1451.815697692429 900 906 -1
904 -35.46050517030915 -142.86294065024967 1471.5924333590328 901 907 -1
905 -2.6122162335788643 -145.80687905080853 1477.0403947519806 902 908 -1
906 26.596384337195193 -146.66887773765094 1451.8560083899763 903 909 -1
907 -35.58746371772149 -142.82099377405936 1471.7349681715675 904 910 -1
908 -2.5158328772957543 -145.96684538794634 1476.9772068817274 905 911 -1
909 26.703767422729936 -146.51990688829696 1451.8953943482552 906 912 -1
910 -35.71536122013164 -142.779169859438 1471.8766973766137 907 913 -1
911 -2.415511557975011 -146.12199074915037 1476.908363908324 908 914 -1
912 26.81065798076953 -146.3703389295936 1451.9338460611118 909 915 -1
913 -35.844218818284794 -142.7374885306794 1472.0175964785371 910 916 -1
914 -2.3115134555876398 -146.2725008663916 1476.8348362711677 911 917 -1
915 26.9170555500939 -146.2201794988838 1451.9713482282302 912 918 -1
916 -35.97405932261328 -142.69596986251753 1472.1576386380696 913 919 -1
917 -2.2042395250296876 -146.41887219728633 1476.757740103508 914 920 -1
918 27.02296013861167 -146.06943500959645 1452.0078861615389 915 921 -1
919 -36.10490376411865 -142.6546338808795 1472.2967976237996 916 922 -1
920 -2.0937966488919466 -146.56132866797907 1476.6778313136087 917 923 -1
921 27.128379852549568 -145.91812146534113 1452.0434612694041 918 924 -1
922 -36.23677269606316 -142.61350075314337 1472.4350466633243 919 925 -1
923 -1.9804391834351183 -146.70034098344763 1476.5959592706745 920 926 -1
924 27.233317221190354 -145.76624823877344 1452.0780642914171 921 927 -1
925 -36.36968700749389 -142.57259098521888 1472.5723576766545 922 928 -1
926 -1.864193330203764 -146.83615309326186 1476.5127742535417 923 929 -1
927 27.337772125486183 -145.61382176815727 1452.1116805398908 924 930 -1
928 -36.50366469030595 -142.53192471650823 1472.7087041629723 925 931 -1
929 -1.7451880797093704 -146.96912736881472 1476.4289079686873 926 932 -1
930 27.441743913169148 -145.46084812360954 1452.1442939355782 927 933 -1
931 -36.638726488812495 -142.4915230158131 1472.8440560501535 928 934 -1
932 -1.6236088798355932 -147.09944059653225 1476.3445565482498 929 935 -1
933 27.545240980798464 -145.30734361428108 1452.175907439425 930 936 -1
934 -36.77488747080395 -142.4514058408751 1472.9783873978913 931 937 -1
935 -1.4996177208989587 -147.22708660763945 1476.2596388156862 932 938 -1
936 27.64826584397274 -145.15331787216923 1452.206512075695 933 939 -1
937 -36.912168281306045 -142.41159492001805 1473.11166594837 934 940 -1
938 -1.3735047481307745 -147.35221325951946 1476.1740982944032 935 941 -1
939 27.750818167910058 -144.9987775407673 1452.236092691164 936 942 -1
940 -37.05058137527083 -142.3721100560535 1473.2438659988668 937 943 -1
941 -1.2454741491599888 -147.47489223815904 1476.087863013013 938 944 -1
942 27.852897684360002 -144.84372959524816 1452.2646339997693 939 945 -1
943 -37.19014516968835 -142.33297308081978 1473.3749550041116 940 946 -1
944 -1.1156916895908877 -147.59515417897245 1476.0008447744742 941 947 -1
945 27.954512551156554 -144.68819004296392 1452.292139546392 942 948 -1
946 -37.33087157257206 -142.29420421841255 1473.5049054841484 943 949 -1
947 -0.9843647391050201 -147.71309832550247 1475.912975393227 944 950 -1
948 28.05566366231128 -144.53217125923356 1452.318621576026 945 951 -1
949 -37.47277518546833 -142.25582486643503 1473.6336861230104 946 952 -1
950 -0.8516814321833271 -147.82881464468267 1475.8241861362446 947 953 -1
951 28.156341692439426 -144.3756922018045 1452.3441749667504 948 954 -1
952 -37.615868057019725 -142.21785596644986 1473.761266863279 949 955 -1
953 -0.7178086553836351 -147.94237319016287 1475.7344014194707 950 956 -1
954 28.256538851241984 -144.218776760209 1452.3689302647895 951 957 -1
955 -37.760160127371236 -142.18031806326832 1473.8876185472445 952 958 -1
956 -0.5828950778432023 -148.0538161851727 1475.6435300350647 953 959 -1
957 28.356254877230487 -144.0614526920693 1452.3930262290664 954 960 -1
958 -37.90566399392659 -142.14323307079556 1474.0127079623442 955 961 -1
959 -0.447104887998816 -148.16322492244132 1475.5514997480539 956 962 -1
960 28.455485554952602 -143.90374181247114 1452.416591728415 957 963 -1
961 -38.05238529131715 -142.1066206681627 1474.1365078654558 958 964 -1
962 -0.3105946621071333 -148.27068077728032 1475.4582419844612 959 965 -1
963 28.554221247963458 -143.74566062382328 1452.4397519315924 960 966 -1
964 -38.200334147977195 -142.07050265020678 1474.2589849584595 961 967 -1
965 -0.17350853509748287 -148.37624639564714 1475.363679143359 962 968 -1
966 28.652461861714638 -143.5872318396261 1452.4626408021559 963 969 -1
967 -38.34951559256239 -142.03489918648677 1474.3801100688952 964 970 -1
968 -0.035985705180731374 -148.47998018200164 1475.2677330373053 965 971 -1
969 28.750208535029902 -143.42847753036253 1452.485388525108 966 972 -1
970 -38.5 -142.0 1474.5 967 973 974
971 0.10198496783258086 -148.581712782977 1475.1702995357607 968 975 -1
972 28.847459129487017 -143.26941676421185 1452.5081217835323 969 976 -1
973 -38.63857825317021 -141.85364757501208 1474.5716868720244 970 977 -1
974 -38.562917830326285 -142.08486748710314 1474.6425961028995 970 978 -1
975 0.24070653503490982 -148.6808215134317 1475.0712436545796 971 979 -1
976 28.944202196354365 -143.11006345254344 1452.5309714148593 972 980 -1
977 -38.77900332407234 -141.70951395281594 1474.6442254915169 973 981 -1
978 -38.62517455358497 -142.16762814429708 1474.786707669778 974 982 -1
979 0.3804926910750599 -148.77662538607774 1474.9704514875393 975 983 -1
980 29.04044604165995 -142.95044291219085 1452.554062569679 976 984 -1
981 -38.92121191522187 -141.5675535234512 1474.7175708576904 977 985 -1
982 -38.686828415863374 -142.2482901916216 1474.9322611658417 978 986 -1
983 0.5216450279015306 -148.86835987113474 1474.8677985941736 979 987 -1
984 29.136189091522336 -142.79057463243547 1452.577518739845 980 988 -1
985 -39.0651368430226 -141.42773559235357 1474.791680155165 981 989 -1
986 -38.74786510321793 -142.32686633237998 1475.0792091655167 982 990 -1
987 0.6644440686423599 -148.95517950931534 1474.763171664337 983 991 -1
988 29.23142292802234 -142.63047583986295 1452.6014702707848 984 992 -1
989 -39.210711025982604 -141.29002497304472 1474.8665106654162 985 993 -1
990 -38.808271658698025 -142.40337306669676 1475.2275034134022 986 994 -1
991 0.8091593180720205 -149.03607973639262 1474.6564586524917 987 995 -1
992 29.326147440448697 -142.47016877814275 1452.62604012632 988 996 -1
993 -39.35786786850374 -141.15438239758728 1474.942019968475 989 997 -1
994 -38.868036832873045 -142.4778315165233 1475.3770945081094 990 998 -1
995 0.9560216551664213 -149.10990466676435 1474.5475799469084 991 999 -1
996 29.420364690149835 -142.30967698879812 1452.651343171191 992 1000 -1
997 -39.50654277934615 -141.02076654324205 1475.018166599808 993 1001 -1
998 -38.927149555808256 -142.55026242395306 1475.527935153155 994 1002 -1
999 1.1051414139734912 -149.1755478917306 1474.4365610391203 995 1003 -1
1000 29.51406746345885 -142.14902182156155 1452.6775050852393 996 1004 -1
1001 -39.65667070894061 -140.88913078038948 1475.09490903042 997 1005 -1
1002 -38.9856002686979 -142.62069034051686 1475.6799775467557 998 1006 -1
1003 1.2565779954084344 -149.23161846718006 1474.3234591290468 999 1007 -1
1004 29.60724860354625 -141.98822687456195 1452.704652316718 1000 1008 -1
1005 -39.80818933076581 -140.7594275204613 1475.1722069987738 1001 1009 -1
1006 -39.043381076987 -142.68914379852671 1475.8331734569347 1002 1010 -1
1007 1.4102879078548092 -149.2763851750994 1474.2084154159413 1003 1011 -1
1008 29.699911765253074 -141.82731972577847 1452.7328854910893 1004 1012 -1
1009 -39.961036309220695 -140.6316045499146 1475.2500204109228 1005 1013 -1
1010 -39.1004839554087 -142.7556499809736 1475.9874773516865 1006 1014 -1
1011 1.5659387667149682 -149.30859512776337 1474.0918055043383 1007 1015 -1
1012 29.79204801191476 -141.6663264664536 1452.7623262001207 1008 1016 -1
1013 -40.11515193086815 -140.50560881458216 1475.3283103851597 1009 1017 -1
1014 -39.15690296084869 -142.82024111094776 1476.1428427309531 1010 1018 -1
1015 1.7230734927457414 -149.32627266553567 1473.9740997684078 1011 1019 -1
1016 29.88364651881115 -141.50527566677545 1452.7930994308595 1012 1020 -1
1017 -40.270476754109296 -140.38138318468734 1475.4070383595338 1013 1021 -1
1018 -39.21263315897194 -142.88295115768423 1476.2992241024936 1014 1022 -1
1019 1.880899184001149 -149.32831359992508 1473.8560244023636 1015 1023 -1
1020 29.97471723056969 -141.34418616150214 1452.8252079157044 1016 1024 -1
1021 -40.426954122551884 -140.25887024261104 1475.486167016287 1017 1025 -1
1022 -39.267669424744604 -142.94381266112626 1476.4565786168428 1018 1026 -1
1023 2.0384313441715056 -149.31364968067288 1473.738450964432 1019 1027 -1
1024 30.065272608931146 -141.1830425933386 1452.8584823907054 1020 1028 -1
1025 -40.58452765560497 -140.13800873036422 1475.565659390621 1021 1029 -1
1026 -39.32200906818394 -143.00286370870202 1476.614862378151 1022 1030 -1
1027 2.194837022450461 -149.28419373421576 1473.6221231541488 1023 1031 -1
1028 30.15533539749574 -141.0218207757952 1452.8927018157729 1024 1032 -1
1029 -40.743143614463555 -140.0187372385185 1475.6454796755675 1025 1033 -1
1030 -39.37564981015642 -143.06014240663905 1476.7740333937031 1026 1034 -1
1031 2.3497765867793166 -149.24294082674473 1473.5074018680925 1027 1035 -1
1032 30.244937015975196 -140.86049592578 1452.92763923556 1028 1036 -1
1033 -40.90274905864788 -139.90099159626783 1475.7255926048533 1029 1037 -1
1034 -39.4285893668609 -143.1156859885671 1476.934051898946 1030 1038 -1
1035 2.503242162773719 -149.19239267108264 1473.3944116398657 1031 1039 -1
1036 30.33409277569371 -140.699037038576 1452.963094580548 1032 1040 -1
1037 -41.063293009063145 -139.7847068154098 1475.8059638112445 1033 1041 -1
1038 -39.48082744181554 -143.16953572598828 1477.0948779314958 1034 1042 -1
1039 2.65554625081416 -149.13522681020078 1473.2830041249736 1035 1043 -1
1040 30.42283463958942 -140.5374160328964 1452.9988485346992 1036 1044 -1
1041 -41.224725961304664 -139.66981653124842 1475.8865596524686 1037 1045 -1
1042 -39.53236423544076 -143.2217331274965 1477.2564731975926 1038 1046 -1
1043 2.8071059283421675 -149.07357942510285 1473.1729706764334 1039 1047 -1
1044 30.511188620860445 -140.37560325095447 1453.034695662427 1040 1048 -1
1045 -41.38699959106483 -139.5562527164736 1475.9673471336116 1041 1049 -1
1046 -39.583200340319735 -143.27231975733395 1477.418801077943 1042 1050 -1
1047 2.9584328359188037 -149.0094079356847 1473.064061144954 1043 1051 -1
1048 30.599171959712617 -140.21356282683425 1453.0704258680707 1044 1052 -1
1049 -41.550067611633935 -139.4439472230599 1476.0482940691456 1045 1053 -1
1050 -39.633336620262924 -143.32133704070728 1477.581826634699 1046 1054 -1
1051 3.110101177307421 -148.94468041595152 1472.9559578004537 1047 1055 -1
1052 30.686818052492423 -140.05126989870504 1453.1058373014375 1048 1056 -1
1053 -41.71388441858036 -139.33282982574647 1476.1293687708862 1049 1057 -1
1054 -39.682775718737865 -143.36882957198165 1477.7455151235624 1050 1058 -1
1055 3.262687510764106 -148.88127602720104 1472.8483658812813 1051 1059 -1
1056 30.774144415426825 -139.8886900305653 1453.1407181948296 1052 1060 -1
1057 -41.87840613921677 -139.22283007104204 1476.210540230709 1053 1061 -1
1058 -39.73152020112235 -143.41484092423897 1477.9098338130145 1054 1062 -1
1059 3.4167743665904413 -148.82117949235163 1472.741020337778 1055 1063 -1
1060 30.861174991547685 -139.72579543921722 1453.1748617452251 1056 1064 -1
1061 -42.04359017953855 -139.1138767431755 1476.2917779752333 1057 1065 -1
1062 -39.77957316473339 -143.4594150525497 1478.0747512934272 1058 1066 -1
1063 3.5729364193479283 -148.7666687214506 1472.633704149075 1059 1067 -1
1064 30.94793379288317 -139.56256368012444 1453.2080736184937 1060 1068 -1
1065 -42.20939478621464 -139.00589735680708 1476.3730519971398 1061 1069 -1
1066 -39.82693819492273 -143.5025961994384 1478.2402374642493 1062 1070 -1
1067 3.7314795473119213 -148.7196391709127 1472.5263482049295 1063 1071 -1
1068 31.03443255668265 -139.3989598332247 1453.2401114892791 1064 1072 -1
1069 -42.37577957394428 -138.89881916881012 1476.4543327526217 1065 1073 -1
1070 -39.87361908771781 -143.54442835713039 1478.4062636927624 1066 1074 -1
1071 3.8922431080378304 -148.68014218969003 1472.419252013539 1067 1075 -1
1072 31.120695952046823 -139.23497341515545 1453.2707985262452 1068 1076 -1
1073 -42.54270513280087 -138.7925687293468 1476.5355910607202 1069 1077 -1
1074 -39.9196204779741 -143.5849564984498 1478.572802269572 1070 1078 -1
1075 4.054856631400675 -148.64698912595202 1472.3127918704245 1071 1079 -1
1076 31.206735730753998 -139.07058204095856 1453.2999052291 1072 1080 -1
1077 -42.71013274946767 -138.68707163416514 1476.6167980743303 1073 1081 -1
1078 -39.964947276585185 -143.62422544086954 1478.7398268147933 1074 1082 -1
1079 4.219049060966523 -148.61891318061456 1472.2072937961777 1075 1083 -1
1080 31.2925636927261 -138.9057709137687 1453.3272059880078 1076 1084 -1
1081 -42.87802466567245 -138.58225308752588 1476.6979252018875 1077 1085 -1
1082 -40.00960460942268 -143.66227976280172 1478.9073122460863 1078 1086 -1
1083 4.384609642399201 -148.59449658746345 1472.103025800906 1079 1087 -1
1084 31.378192725932017 -138.74053916069292 1453.3525150987496 1080 1088 -1
1085 -43.046343891873526 -138.47803776421972 1476.7789440164706 1081 1089 -1
1086 -40.05359789199938 -143.69916396271347 1479.0752346576473 1082 1090 -1
1087 4.551391626680146 -148.572236430429 1472.0002294239512 1083 1091 -1
1088 31.46362585925817 -138.57488200353217 1453.3756079444329 1084 1092 -1
1089 -43.21505390277114 -138.37434952942007 1476.8598262420405 1085 1093 -1
1090 -40.09693279504661 -143.73492240597537 1479.2435712842812 1086 1094 -1
1091 4.719258799775301 -148.55054571791908 1471.8990902940868 1087 1095 -1
1092 31.548876565349623 -138.40884094339165 1453.3965137555801 1088 1096 -1
1093 -43.384118682598924 -138.2711116633512 1476.9405436661925 1089 1097 -1
1094 -40.13961521192792 -143.76959927779453 1479.4123004635205 1090 1098 -1
1095 4.8881148328937645 -148.52775974407697 1471.7998580166295 1091 1099 -1
1096 31.633956467225673 -138.2424555264459 1453.4152681853327 1092 1100 -1
1097 -43.55350263054998 -138.16824686447336 1477.0210680505406 1093 1101 -1
1098 -40.18165122790087 -143.80323854193904 1479.5814015962128 1094 1102 -1
1099 5.057781839397775 -148.50223605007048 1471.702701863895 1095 1103 -1
1100 31.718874571682367 -138.07575801346218 1453.431859988993 1096 1104 -1
1101 -43.723170404327014 -138.06567717446947 1477.1013710695865 1097 1105 -1
1102 -40.22304709122154 -143.83588390494768 1479.7508551059536 1098 1106 -1
1103 5.228048064666545 -148.47222007325433 1471.6079137768552 1099 1107 -1
1104 31.80364780422016 -137.90879328223616 1453.4463754816309 1100 1108 -1
1105 -43.89308680070936 -137.9633239563324 1477.1814242377893 1101 1109 -1
1106 -40.26380912098654 -143.867578691375 1479.9206424305012 1102 1110 -1
1107 5.398567730872648 -148.43602912403816 1471.515787264983 1103 1111 -1
1108 31.888288271422216 -137.74159451684443 1453.4588266104302 1104 1112 -1
1109 -44.06321663227547 -137.86110786894116 1477.2611988351907 1105 1113 -1
1110 -40.303943550456644 -143.89836565269596 1480.0907460361036 1106 1114 -1
1111 5.568864262607992 -148.39216833069773 1471.4266383000688 1107 1115 -1
1112 31.97281000366786 -137.5741963636806 1453.469237974984 1108 1116 -1
1113 -44.2335246001148 -137.75894883907057 1477.3406658316349 1109 1117 -1
1114 -40.343457224357195 -143.9282879643309 1480.2611490231236 1110 1118 -1
1115 5.738426589242871 -148.33956980307568 1471.3408816621559 1111 1119 -1
1116 32.05722999848545 -137.40663597073532 1453.4776793157857 1112 1120 -1
1117 -44.40397516233037 -137.65676603181873 1477.4197958096097 1113 1121 -1
1118 -40.382356792712336 -143.95738805962802 1480.431835484565 1114 1122 -1
1119 5.907044740505178 -148.27899747400053 1471.2585928780227 1115 1123 -1
1120 32.141562477502404 -137.23894393018182 1453.4841540192347 1116 1124 -1
1121 -44.57453239810818 -137.5544778204866 1477.498558885751 1117 1125 -1
1122 -40.4206489507321 -143.98570800690993 1480.6027903270883 1118 1126 -1
1123 6.074578522565041 -148.21105652165792 1471.1799151187404 1119 1127 -1
1124 32.22582475648389 -137.0711536548042 1453.4887135480549 1120 1128 -1
1125 -44.74515986711536 -137.45200175699915 1477.5769246310542 1121 1129 -1
1126 -40.458340420139024 -144.01328949996244 1480.7739992293755 1122 1130 -1
1127 6.240957103911763 -148.13645225609537 1471.1049043961682 1123 1131 -1
1128 32.3100343548215 -136.9032966363662 1453.4914144030965 1124 1132 -1
1129 -44.91582046398415 -137.34925454402946 1477.6548619898708 1125 1133 -1
1130 -40.495437323257356 -144.04017317224518 1480.945448836664 1126 1134 -1
1131 6.406162424056654 -148.05586475465506 1471.0335745382267 1127 1135 -1
1132 32.39420811521016 -136.73540195358365 1453.4922535297526 1128 1136 -1
1133 -45.08647625730332 -137.24615190508655 1477.7323390802367 1129 1137 -1
1134 -40.53194684892798 -144.06640055041174 1481.1171260460953 1130 1138 -1
1135 6.570199669090387 -147.96986022603866 1470.965968553476 1131 1139 -1
1136 32.47836506126946 -136.56749948342454 1453.491302420936 1132 1140 -1
1137 -45.257088329300025 -137.14260873392055 1477.8093233431775 1133 1141 -1
1138 -40.567875800079385 -144.09201230577767 1481.2890185671838 1134 1142 -1
1139 6.7331230907592055 -147.87904450495262 1470.9020578572083 1135 1143 -1
1140 32.562523651133986 -136.3996166742254 1453.4886060543106 1136 1144 -1
1141 -45.42761663930889 -137.03853905484513 1477.8857813736058 1137 1145 -1
1142 -40.603230485703115 -144.11704827132647 1481.4611148835195 1138 1146 -1
1143 6.895000822720013 -147.78393472404625 1470.8418395491922 1139 1147 -1
1144 32.6467038052255 -136.23178190014931 1453.4841588442432 1140 1148 -1
1145 -45.59801975750653 -136.93385557859838 1477.96167845534 1141 1149 -1
1146 -40.63801735794518 -144.14154815770917 1481.6334039688284 1142 1150 -1
1147 7.0559149600474305 -147.6849906122818 1470.7853276934652 1143 1151 -1
1148 32.7309248329048 -136.06402013978732 1453.4780446801017 1144 1152 -1
1149 -45.768254862543415 -136.82847056837653 1478.0369792741735 1145 1153 -1
1150 -40.67224349199121 -144.16555190801805 1481.8058751134363 1146 1154 -1
1151 7.215985417642332 -147.58272927302292 1470.7324378812723 1147 1155 -1
1152 32.815206899589555 -135.8963566087585 1453.4702935510222 1148 1156 -1
1153 -45.938277341536974 -136.72229484507554 1478.1116469365127 1149 1157 -1
1154 -40.70591478294512 -144.18909813254214 1481.9785184667674 1150 1158 -1
1155 7.375300354937058 -147.47746717652552 1470.6832835452205 1151 1159 -1
1156 32.89957234754561 -135.7288180488265 1453.4609173721929 1152 1160 -1
1157 -46.108040745834955 -136.61523846933025 1478.1856434674633 1153 1161 -1
1158 -40.73903786404776 -144.2122258133493 1482.1513243788663 1154 1162 -1
1159 7.534003011699789 -147.36968017451815 1470.6377534462315 1155 1163 -1
1160 32.98404058149465 -135.56142538854263 1453.4499893554027 1156 1164 -1
1161 -46.27749657640091 -136.50721064742436 1478.258929595764 1157 1165 -1
1162 -40.77161930336223 -144.2349735540351 1482.3242836366621 1158 1166 -1
1163 7.69219083991608 -147.2596871536353 1470.5958493691462 1159 1167 -1
1164 33.068633980504934 -135.39420258917352 1453.437534386221 1160 1168 -1
1165 -46.44659400818264 -136.39811955968972 1478.3314645106818 1161 1169 -1
1166 -40.80366460424952 -144.2573790195029 1482.4973876847757 1162 1170 -1
1167 7.849898380732959 -147.14770983988163 1470.5575430951342 1163 1171 -1
1168 33.153376314177166 -135.22717391740608 1453.4235775441452 1164 1172 -1
1169 -46.61527971956407 -136.28787256885954 1478.4032058873404 1165 1173 -1
1170 -40.83518084564696 -144.27948060985707 1482.6706278838044 1166 1174 -1
1171 8.007174423133872 -147.03402339653326 1470.5226480272916 1167 1175 -1
1172 33.238287382167584 -135.06035737608443 1453.4081831047847 1168 1176 -1
1173 -46.78349768225787 -136.17637631805374 1478.4741098088944 1169 1177 -1
1174 -40.866173023335264 -144.301315313751 1482.8439964315057 1170 1178 -1
1175 8.164059785434965 -146.91883012834487 1470.4910931401148 1171 1179 -1
1176 33.323392047420704 -134.8937762844117 1453.3913725645482 1172 1180 -1
1177 -46.951188948932206 -136.06353685502833 1478.5441306940304 1173 1181 -1
1178 -40.89664807564057 -144.32292089626577 1483.0174853208973 1174 1182 -1
1179 8.320600595937863 -146.80232016309628 1470.4628315340844 1175 1183 -1
1180 33.40871476232414 -134.72745213863766 1453.3731800336252 1176 1184 -1
1181 -47.118291440320036 -135.94925978565627 1478.6132212313491 1177 1185 -1
1182 -40.92661091673482 -144.34433400769063 1483.1910872603974 1178 1186 -1
1183 8.476860271922673 -146.68472006699923 1470.437702238368 1179 1187 -1
1184 33.494275979966176 -134.5614009040169 1453.3536626785171 1180 1188 -1
1185 -47.284739478198645 -135.8334498837129 1478.6813319576763 1181 1189 -1
1186 -40.95606813212398 -144.36559173774788 1483.3647948005898 1182 1190 -1
1187 8.632897863338094 -146.5662145951815 1470.4156289066875 1183 1191 -1
1188 33.580103147914485 -134.3956456267362 1453.3328404709123 1184 1192 -1
1189 -47.45046416820925 -135.71601269879122 1478.748412096143 1185 1193 -1
1190 -40.98502441973943 -144.3867304170464 1483.538601069468 1186 1194 -1
1191 8.788774919944245 -146.44697142524015 1470.396602962962 1187 1195 -1
1192 33.66622107847667 -134.23020531383526 1453.3107524825978 1188 1196 -1
1193 -47.61539244513981 -135.59685309449853 1478.8144084250903 1189 1197 -1
1194 -41.01348624128693 -144.40778661206815 1483.7124990047548 1190 1198 -1
1195 8.944564476216005 -146.3271885211212 1470.380471242806 1191 1199 -1
1196 33.752651010086225 -134.06509451234376 1453.287450736191 1192 1200 -1
1197 -47.77944757300608 -135.47587709626694 1478.8792662372896 1193 1201 -1
1198 -41.0414578998587 -144.42879638006107 1483.8864820709155 1194 1202 -1
1199 9.1003371740121 -146.20703658798047 1470.367165611572 1195 1203 -1
1200 33.839422775692746 -133.90033605979937 1453.262955662395 1196 1204 -1
1201 -47.94254816534203 -135.3529905687164 1478.94292828942 1197 1205 -1
1202 -41.06894564041176 -144.44979581798285 1484.0605434956672 1198 1206 -1
1203 9.256169728817623 -146.08668256130358 1470.3566857536855 1199 1207 -1
1204 33.926561883493996 -133.73594741441363 1453.2373072839932 1200 1208 -1
1205 -48.10460886617919 -135.22810134482842 1479.0053359076715 1201 1209 -1
1206 -41.09595388101686 -144.4708208004425 1484.2346768849318 1202 1210 -1
1207 9.412140120502247 -145.96630129430767 1470.348922323254 1203 1211 -1
1208 34.01409024095489 -133.57194200520746 1453.210554569426 1204 1212 -1
1209 -48.26553971021362 -135.10111862739384 1479.066428378931 1205 1213 -1
1210 -41.12248805773435 -144.49190705319842 1484.4088757358782 1206 1214 -1
1211 9.568327480059173 -145.84605956133652 1470.3438077899673 1207 1215 -1
1212 34.10203940321648 -133.40834214723938 1453.182720427406 1208 1216 -1
1213 -48.42524609270467 -134.97195365144597 1479.1261431276769 1209 1217 -1
1214 -41.14855299491355 -144.51309020224113 1484.5831336637166 1210 1218 -1
1215 9.724821226274985 -145.7261330106746 1470.3413435698567 1211 1219 -1
1216 34.19043686807264 -133.2451654742724 1453.1538419875944 1212 1220 -1
1217 -48.58362877969889 -134.84052036420147 1479.1844159045527 1213 1221 -1
1218 -41.17415317723233 -144.53440587725126 1484.757444318715 1214 1222 -1
1219 9.881706520164533 -145.60669389406337 1470.3414622917146 1215 1223 -1
1220 34.27930469195545 -133.08242421455859 1453.1239673096943 1216 1224 -1
1221 -48.74058389605305 -134.7067360137948 1479.2411809235098 1217 1225 -1
1222 -41.199293844719925 -144.55588933461 1484.9318012489773 1218 1226 -1
1223 10.039067345934985 -145.48791114122653 1470.344098266098 1219 1227 -1
1224 34.368674695931 -132.92013962675972 1453.0931220432105 1220 1228 -1
1225 -48.89600257779221 -134.57052118906256 1479.2963706480052 1221 1229 -1
1226 -41.2239787592295 -144.57757629527163 1485.1061980985835 1222 1230 -1
1227 10.197008575064054 -145.36998546614285 1470.349275319781 1223 1231 -1
1228 34.45857583037738 -132.7583378180978 1453.061299723177 1224 1232 -1
1229 -49.04977224369977 -134.43180231275997 1479.3499171909432 1225 1233 -1
1230 -41.24821298214516 -144.5995018203683 1485.280628322681 1226 1234 -1
1231 10.355617501194144 -145.25309542091782 1470.3569278769494 1227 1235 -1
1232 34.549022806272056 -132.59704041795746 1453.0284793880055 1228 1236 -1
1233 -49.201775731453246 -134.2905106561873 1479.4017514879836 1229 1237 -1
1234 -41.272000643387706 -144.6217012937756 1485.4550853622006 1230 1238 -1
1235 10.514986432519548 -145.13743058701277 1470.3670181246746 1231 1239 -1
1236 34.64003857089277 -132.43627811759808 1452.9946223511913 1232 1240 -1
1237 -49.3518912724407 -134.14658278070834 1479.4518033830434 1233 1241 -1
1238 -41.29534561863789 -144.64421024535045 1485.6295625405935 1234 1242 -1
1239 10.675238913891667 -145.02323956145102 1470.3795922793556 1235 1243 -1
1240 34.731655344623555 -132.27609215693974 1452.9596724497642 1236 1244 -1
1241 -49.5 -134.0 1479.5 1237 -1 -1
1242 -41.31825252923654 -144.66706355895838 1485.8040530112073 1238 1245 -1
1243 10.836448681999439 -144.91069656627994 1470.3945573382305 1239 1246 -1
1244 34.82388272135951 -132.11650351843227 1452.9236139172624 1240 1247 -1
1245 -41.340724758809664 -144.69029701524363 1485.9785497971716 1242 1248 -1
1246 10.99874908551542 -144.80009111811972 1470.4119748621988 1243 1249 -1
1247 34.91674121965521 -131.95754493370785 1452.8864103367064 1244 1250 -1
1248 -41.362766466004395 -144.713945683833 1486.1530457118413 1245 1251 -1
1249 11.162138090913261 -144.6915103426667 1470.4317895313118 1246 1252 -1
1250 35.01026035070146 -131.79926012275558 1452.84800819414 1247 1253 -1
1251 -41.38438155763955 -144.7380447166826 1486.3275333698136 1248 1254 -1
1252 11.326530854113095 -144.58494146365368 1470.454071569831 1249 1255 -1
1253 35.104455149953566 -131.64167999242414 1452.8083793817295 1250 1256 -1
1254 -41.40557296793176 -144.76263031356189 1486.5020051103422 1251 1257 -1
1255 11.491783703532812 -144.48025361134188 1470.4787784714633 1252 1258 -1
1256 35.19934013972542 -131.48483625272698 1452.7674958720897 1253 1259 -1
1257 -41.42634493075878 -144.78773710566296 1486.676453060179 1254 1260 -1
1258 11.657791588313328 -144.3773948527488 1470.5059810008697 1255 1261 -1
1259 35.29493500630764 -131.3287678183117 1452.7253193667295 1256 1262 -1
1260 -41.446700517305835 -144.81340102882638 1486.8508690077444 1257 1263 -1
1261 11.824407242428574 -144.27620113494922 1470.5356056938585 1258 1264 -1
1262 35.39126904070351 -131.17352677551412 1452.6817929957115 1259 1265 -1
1263 -41.46664291559083 -144.83965787765655 1487.025244421152 1260 1266 -1
1264 11.991517972807719 -144.176592389941 1470.567710923979 1261 1267 -1
1265 35.488346276173395 -131.01913892946445 1452.6369050188343 1262 1268 -1
1266 -41.48617575887524 -144.86654267846043 1487.1995704896706 1263 1269 -1
1267 12.158985750807622 -144.07840122188418 1470.602231594899 1264 1270 -1
1268 35.58618258745853 -130.86564503038346 1452.59062113321 1265 1271 -1
1269 -41.50530151414859 -144.89409221469555 1487.3738378914927 1266 1272 -1
1270 12.326686663274522 -143.98148994885338 1470.639155193599 1267 1273 -1
1271 35.684798394207164 -130.71309370261685 1452.5428975371503 1268 1274 -1
1272 -41.5240236846796 -144.92234152997236 1487.5480370619734 1269 1275 -1
1273 12.494495527162343 -143.88571698207267 1470.6784806420685 1270 1276 -1
1274 35.78421191358199 -130.56153388792828 1452.4936931959778 1271 1277 -1
1275 -41.54234509100907 -144.9513266945419 1487.722157929702 1272 1278 -1
1276 12.662288194215026 -143.79090027608444 1470.7201246163438 1273 1279 -1
1277 35.88442670640563 -130.41099831790297 1452.4429932278595 1274 1280 -1
1278 -41.560268225361924 -144.98108438321438 1487.8961899002638 1275 1281 -1
1279 12.829942838881664 -143.69689013077834 1470.7640892224626 1276 1282 -1
1280 35.98545451462269 -130.2615319260936 1452.3907665091938 1277 1283 -1
1281 -41.577796368227716 -145.01164961027655 1488.070122104959 1278 1284 -1
1282 12.997341533988301 -143.6035067546916 1470.810307092516 1279 1285 -1
1283 36.08731378201231 -130.11319158022076 1452.3369679279617 1280 1286 -1
1284 -41.594931533733195 -145.04305990317698 1488.2439428608575 1281 1287 -1
1285 13.164384310704866 -143.51059244917965 1470.8587072738492 1282 1288 -1
1286 36.19001353502248 -129.96602468456356 1452.2815686901288 1283 1289 -1
1287 -41.61167678389838 -145.07535046126657 1488.417640259707 1284 1290 -1
1288 13.33100722251526 -143.41809999256927 1470.9093126046514 1285 1291 -1
1289 36.293554258226024 -129.82006869972346 1452.2245552120353 1286 1292 -1
1290 -41.62803441516162 -145.1085580384407 1488.5912016293814 1287 1293 -1
1291 13.497188135580435 -143.32599151753035 1470.9620274317654 1288 1294 -1
1292 36.397942400820746 -129.67537168932967 1452.1659014020966 1289 1295 -1
1293 -41.64400673278787 -145.14271930803164 1488.7646137135825 1290 1296 -1
1294 13.662890336987786 -143.23424475268035 1471.0168387012552 1291 1297 -1
1295 36.503192882691735 -129.53199802469345 1452.1055631011247 1292 1298 -1
1296 -41.6595964433939 -145.17786976336646 1488.9378628365516 1293 1299 -1
1297 13.828078748388121 -143.14283474842532 1471.0737241569457 1294 1300 -1
1298 36.6093053162241 -129.38999210766406 1452.0435244366165 1295 1301 -1
1299 -41.6748052201895 -145.21404747450438 1489.1109342435545 1296 1302 -1
1300 13.99273379173546 -143.05172818690755 1471.1326078884454 1297 1303 -1
1301 36.716275569873865 -129.2493941619269 1451.9797759562284 1298 1304 -1
1302 -41.68963599738141 -145.25128692499374 1489.283813132269 1299 1305 -1
1303 14.156812092438514 -142.96090502426713 1471.1935050727702 1300 1306 -1
1304 36.82410377850219 -129.11025355088844 1451.9142986102281 1301 1307 -1
1305 -41.70409021481971 -145.2896266191677 1489.4564832660221 1302 1308 -1
1306 14.320299450940883 -142.87033091386374 1471.2563318116945 1303 1309 -1
1307 36.93280195549957 -128.97264435663516 1451.8470473922448 1304 1310 -1
1308 -41.718170629890075 -145.3291010305985 1489.628928436472 1305 1311 -1
1309 14.483164499695173 -142.77998033504747 1471.3210679533545 1306 1312 -1
1310 37.04235648476063 -128.83659891210468 1451.7780279814388 1307 1313 -1
1311 -41.73187879514869 -145.36974804574012 1489.8011309994695 1308 1314 -1
1312 14.645379925827763 -142.68982549489618 1471.3876808086532 1309 1315 -1
1313 37.15275923416388 -128.70216053259335 1451.7072341075082 1310 1316 -1
1314 -41.7452171283263 -145.41160261257033 1489.973073118738 1311 1317 -1
1315 14.806932438722242 -142.5998356665402 1471.4561034779558 1312 1318 -1
1316 37.264006889534635 -128.569384451361 1451.6346480858956 1313 1319 -1
1317 -41.75818730934918 -145.45470181154784 1490.144735675566 1314 1320 -1
1318 14.967781902966369 -142.50998624037413 1471.5263429312745 1315 1321 -1
1319 37.37610138842515 -128.43834127705463 1451.5602388486038 1316 1322 -1
1320 -41.770791537948575 -145.49908069395207 1490.3160991478555 1317 1323 -1
1321 15.127951865425032 -142.42028908856753 1471.5983086479944 1318 1324 -1
1322 37.48901840525885 -128.30904997637703 1451.4840308151984 1319 1325 -1
1323 -41.78303154952348 -145.54477561871371 1490.4871428220442 1320 1326 -1
1324 15.28762661382246 -142.33116631389504 1471.6720658304198 1321 1327 -1
1325 37.60274580352313 -128.18155553701817 1451.4060215354161 1322 1328 -1
1326 -41.794909439772724 -145.59182130751645 1490.6578454652033 1323 1329 -1
1327 15.447122551411807 -142.24322348201562 1471.7476036518979 1324 1330 -1
1328 37.71728568041524 -128.05593998411726 1451.3261744954605 1325 1331 -1
1329 -41.806426940624476 -145.64025347599252 1490.8281846451962 1326 1332 -1
1330 15.606733859323931 -142.15713772577098 1471.8250123261753 1327 1333 -1
1331 37.83260912223641 -127.93221656399548 1451.2445219453912 1328 1334 -1
1332 -41.817586146852925 -145.69010604077835 1490.998137428215 1329 1335 -1
1333 15.766746099553252 -142.07356771426234 1471.9043240345552 1330 1336 -1
1334 37.94869642985716 -127.81041937108098 1451.1610753284574 1331 1337 -1
1335 -41.82838874412043 -145.74141412308967 1491.1676795442845 1332 1338 -1
1336 15.927430978920453 -141.99324578341052 1471.985604778194 1333 1339 -1
1337 38.065544900684486 -127.69063046362248 1451.0758038972754 1334 1340 -1
1338 -41.838836915154374 -145.79421034137883 1491.336786403277 1335 1341 -1
1339 16.089054030194422 -141.9170130274945 1472.068932942255 1336 1342 -1
1340 38.18312295650443 -127.57285168049138 1450.9887541259193 1337 1343 -1
1341 -41.84893227594864 -145.84852921480163 1491.505431794301 1338 1344 -1
1342 16.251825953198477 -141.8456707364774 1472.1543246186059 1339 1345 -1
1343 38.30143030031978 -127.45705801229252 1450.9000442733898 1340 1346 -1
1344 -41.85867716826293 -145.9044015834856 1491.6735895463166 1341 1347 -1
1345 16.415956572375737 -141.7802770828489 1472.2418464386096 1342 1348 -1
1346 38.42051041721559 -127.3432302813823 1450.8098363046515 1343 1349 -1
1347 -41.86807313765643 -145.9618612694592 1491.8412314369716 1344 1350 -1
1348 16.581579638331014 -141.72192267184352 1472.3314970169888 1345 1351 -1
1349 38.54037247729321 -127.23124840181544 1450.71836240564 1346 1352 -1
1350 -41.87712273445729 -146.02093690384183 1492.0083298123136 1347 1353 -1
1351 16.74873881189389 -141.67176026201628 1472.4232186172376 1348 1354 -1
1352 38.661062942114135 -127.12107565249352 1450.6257871096213 1349 1355 -1
1353 -41.88582745883425 -146.08166139501475 1492.1748544222744 1350 1356 -1
1354 16.917381237573434 -141.6311193006277 1472.5169063379437 1351 1357 -1
1355 38.782618670432164 -127.01264321968165 1450.5322935899765 1352 1358 -1
1356 -41.8941900938077 -146.1440608257843 1492.340776236636 1353 1359 -1
1357 17.08730439441611 -141.60141758597703 1472.6123604797735 1354 1360 -1
1358 38.905069585475154 -126.90586787172968 1450.4380636210747 1355 1361 -1
1359 -41.902212148019125 -146.20816681664124 1492.5060630435173 1356 1362 -1
1360 17.25811683316247 -141.58414277321558 1472.7092629263184 1357 1363 -1
1361 39.02848551376814 -126.80073154001025 1450.3432513240223 1358 1364 -1
1362 -41.90989663198029 -146.27400270084965 1492.6706845308865 1359 1365 -1
1363 17.429199084512536 -141.58067670445254 1472.8071454364576 1360 1366 -1
1364 39.15288592134174 -126.69712840080491 1450.2480386982309 1361 1367 -1
1365 -41.91724514820835 -146.34159824171124 1492.8346067076716 1362 1368 -1
1366 17.59970869795503 -141.59216886443141 1472.9053945907028 1363 1369 -1
1367 39.27834422514924 -126.59503627612827 1450.15258214649 1364 1370 -1
1368 -41.92426089634612 -146.41097401017387 1492.9977980333726 1365 1371 -1
1369 17.76861351068216 -141.61947621409163 1473.00327643488 1366 1372 -1
1370 39.404902325782864 -126.4943829305355 1450.0570495524157 1367 1373 -1
1371 -41.93094569201588 -146.48215711111095 1493.1602230786675 1368 1374 -1
1372 17.934771221299368 -141.66298025740906 1473.0999839680462 1369 1375 -1
1373 39.53261457685606 -126.39511503420444 1449.9616031750647 1370 1376 -1
1374 -41.9373028488739 -146.55516558131697 1493.3218490488407 1371 1377 -1
1375 18.097055261866885 -141.7225016532632 1473.1947182577705 1372 1378 -1
1376 39.66155985172851 -126.29720390454511 1449.866413618119 1373 1379 -1
1377 -41.943334550387156 -146.6300227994113 1493.4826396242536 1374 1380 -1
1378 18.25447080146289 -141.79736550727205 1473.2867664079597 1375 1381 -1
1379 39.79177223293684 -126.20057310134894 1449.7716416158876 1376 1382 -1
1380 -41.949044109190005 -146.70674478965714 1493.6425606033308 1377 1383 -1
1381 18.40680199671058 -141.8850927864947 1473.3760304611005 1378 1384 -1
1382 39.92334632413959 -126.1052073321098 1449.6774708943603 1379 1385 -1
1383 -41.954434267740176 -146.78534983964263 1493.8015755864503 1380 1386 -1
1384 18.555927020316282 -141.9794719967004 1473.4639604018862 1381 1387 -1
1385 40.05633228758402 -126.01104824666349 1449.5840726503034 1382 1388 -1
1386 -41.959508180210655 -146.8658528261894 1493.9596486277012 1383 1389 -1
1387 18.703972065285136 -142.07522129808467 1473.552242598173 1384 1390 -1
1388 40.19079004496896 -125.91805092099797 1449.491622449099 1385 1391 -1
1389 -41.964269358176956 -146.94826536794596 1494.1167443246784 1386 1392 -1
1390 18.85312969879178 -142.16723182462562 1473.642579208547 1387 1393 -1
1391 40.326832892070684 -125.82620986126642 1449.4003429852264 1388 1394 -1
1392 -41.96872064798839 -147.03260212430104 1494.2728245675107 1389 1395 -1
1393 19.005554764110514 -142.2493050527806 1473.7368687054493 1390 1396 -1
1394 40.46449643671146 -125.73546456408084 1449.3104080315925 1391 1397 -1
1395 -41.97286606849991 -147.11886938376688 1494.4278545928971 1392 1398 -1
1396 19.162680700609048 -142.314037739157 1473.8366257995062 1393 1399 -1
1397 40.60385773734746 -125.6457889831075 1449.2220284626799 1394 1400 -1
1398 -41.97670927035271 -147.2070745446727 1494.5817981096293 1395 1401 -1
1399 19.323379161295463 -142.35797375428137 1473.94193787396 1396 1402 -1
1400 40.74502702899333 -125.55717795166296 1449.1354636366789 1397 1403 -1
1401 -41.980253732926194 -147.2972250378732 1494.7346177585173 1398 1404 -1
1402 19.484684002294717 -142.3865325833655 1474.0516267904534 1399 1405 -1
1403 40.88805643705732 -125.46959552979503 1449.0509303776794 1400 1406 -1
1404 -41.98350366404529 -147.38932241739232 1494.8862786321492 1401 1407 -1
1405 19.644635593173877 -142.40741663595307 1474.1650124390612 1402 1408 -1
1406 41.03300727361593 -125.38303165940924 1448.9686514216535 1403 1409 -1
1407 -41.9864632206039 -147.4833673555706 1495.036745548264 1404 1410 -1
1408 19.802068327163955 -142.42879915010366 1474.281775538596 1405 1411 -1
1409 41.179850803736706 -125.29753728805825 1448.8886408781211 1406 1412 -1
1410 -41.98913663282169 -147.57935885893258 1495.1859835495713 1407 1413 -1
1411 19.95590711129973 -142.45833156715275 1474.4014660412429 1408 1414 -1
1412 41.328515719359935 -125.21319799755429 1448.8107966256118 1409 1415 -1
1413 -41.9915282803198 -147.67729375143898 1495.3339583105812 1410 1416 -1
1414 20.104636609965166 -142.50236871918113 1474.5230750865926 1411 1417 -1
1415 41.478910763128724 -125.1300870946077 1448.7349808488034 1412 1418 -1
1416 -41.993642690616404 -147.77716666628882 1495.4806362571596 1413 1419 -1
1417 20.246285405258753 -142.5634550435178 1474.6457699803764 1414 1420 -1
1418 41.630936873470425 -125.04826771332975 1448.661036326793 1415 1421 -1
1419 -41.99548453664933 -147.87897004759665 1495.6259846862533 1416 1422 -1
1420 20.37885233865143 -142.64011429541515 1474.769861347462 1417 1423 -1
1421 41.78450366684073 -124.96780527697194 1448.5888059584718 1418 1424 -1
1422 -41.99705863331272 -147.98269416224073 1495.7699718848546 1419 1425 -1
1423 20.50026967349591 -142.73104340758874 1474.8957072442038 1420 1426 -1
1424 41.93951926856902 -124.8887604936363 1448.5181211830186 1421 1427 -1
1425 -41.998369933004426 -148.08832712206922 1495.912567247248 1422 1428 -1
1426 20.607781857240685 -142.8356352371133 1475.0235439872285 1423 1429 -1
1427 42.095890798247275 -124.81118927404273 1448.4488033002892 1424 1430 -1
1428 -41.999423520191606 -148.19585491654684 1496.053741389566 1425 1431 -1
1429 20.698179930497794 -142.95320829351962 1475.1532995027655 1426 1432 -1
1430 42.253524730517746 -124.73514273676665 1448.3806648396849 1427 1433 -1
1431 -42.00022460501209 -148.30526145581027 1496.1934662606775 1428 1434 -1
1432 20.767576536683023 -143.0828917453969 1475.284395553007 1429 1435 -1
1433 42.4123271344906 -124.66066728596428 1448.3135109557115 1430 1436 -1
1434 -42.00077851594041 -148.41652862399536 1496.3317152484378 1431 1437 -1
1435 20.81522556273355 -143.2224931439745 1475.4150699842903 1432 1438 -1
1436 42.5722037998416 -124.58780474575106 1448.2471408331335 1433 1439 -1
1437 -42.00109059677611 -148.52963707243669 1496.4684626684282 1434 1440 -1
1438 20.844166110506617 -143.369315755191 1475.5433443471825 1435 1441 -1
1439 42.733062113716336 -124.51659606480969 1448.1813498587444 1436 1442 -1
1440 -42.0011661026342 -148.64456707343237 1496.603683097523 1437 1443 -1
1441 20.858167286852787 -143.5213260248349 1475.6680735424463 1438 1444 -1
1442 42.8948069646085 -124.4470752517223 1448.1159281801029 1439 1445 -1
1443 -42.0010109770486 -148.76129248754245 1496.73735669379 1440 1446 -1
1444 20.860997993037696 -143.6771827199338 1475.7887765998382 1441 1447 -1
1445 43.05734074432213 -124.37926750144521 1448.0506640054264 1442 1448 -1
1446 -42.00063042907133 -148.87979183635608 1496.8694598311258 1443 1449 -1
1447 20.855798383735078 -143.83622838836163 1475.90518550848 1444 1450 -1
1448 43.22056766089977 -124.31319845016115 1447.9853464839314 1445 1451 -1
1449 -42.0 -149.0 1497.0 1446 -1 -1
1450 20.84577601873569 -143.99802989283108 1476.0174157654901 1447 1452 -1
1451 43.38439103460405 -124.24889016423312 1447.9197655716575 1448 1453 -1
1452 20.832528732801105 -144.16240861357784 1476.1254924841683 1450 1454 -1
1453 43.54872154305284 -124.1863581445237 1447.8537373380002 1451 1455 -1
1454 20.816017278968765 -144.32916003692685 1476.2294051694098 1452 1456 -1
1455 43.713523286603106 -124.1255951930785 1447.7872335649965 1453 1457 -1
1456 20.7962072956707 -144.4979772341265 1476.329328854415 1454 1458 -1
1457 43.878784349409834 -124.06658502469202 1447.7202925969752 1455 1459 -1
1458 20.772977463467065 -144.66862661130972 1476.4253281540762 1456 1460 -1
1459 44.04449376305275 -124.00931150183543 1447.652952720445 1457 1461 -1
1460 20.746143483387527 -144.84089985244955 1476.517407594271 1458 1462 -1
1461 44.21064125672206 -123.95375874887368 1447.5852515786498 1459 1463 -1
1462 20.715690645421684 -145.01451942897668 1476.6057562245123 1460 1464 -1
1463 44.37721722236039 -123.89991118022037 1447.5172262015778 1461 1465 -1
1464 20.681518630770192 -145.18925772195092 1476.6904656954234 1462 1466 -1
1465 44.54421355989556 -123.84775710876488 1447.448912499419 1463 1467 -1
1466 20.643423022876405 -145.36490877947966 1476.7715357957081 1464 1468 -1
1467 44.71162342660456 -123.79728806649386 1447.3803457556512 1465 1469 -1
1468 20.601407374408325 -145.54122126083277 1476.8491586380019 1466 1470 -1
1469 44.87943660458767 -123.74847979250498 1447.3115630294058 1467 1471 -1
1470 20.555382835697834 -145.7179745693029 1476.9234341213426 1468 1472 -1
1471 45.04764580441892 -123.70131805342395 1447.242599246533 1469 1473 -1
1472 20.505191314011377 -145.8949505323092 1476.994407562321 1470 1474 -1
1473 45.21624423858807 -123.6557890073154 1447.1734888795716 1471 1475 -1
1474 20.450769433728265 -146.0719230157902 1477.0621996918892 1472 1476 -1
1475 45.38522559186779 -123.61187921713771 1447.1042659816621 1473 1477 -1
1476 20.392077664174522 -146.24867289795924 1477.126941121817 1474 1478 -1
1477 45.55458399253781 -123.56957566235505 1447.034964220721 1475 1479 -1
1478 20.32903787991544 -146.42498310104102 1477.188728165552 1476 1480 -1
1479 45.7243139844332 -123.5288657488611 1446.9656169138002 1477 1481 -1
1480 20.261470846545166 -146.60061554775626 1477.2475911991783 1478 1482 -1
1481 45.89441393255054 -123.48975221521908 1446.8962572689027 1479 1483 -1
1482 20.189411816377024 -146.7753625015491 1477.3036946666916 1480 1484 -1
1483 46.064875980238526 -123.45220982879606 1446.826918498462 1481 1485 -1
1484 20.11280373362834 -146.94900542219565 1477.3571351167427 1482 1486 -1
1485 46.23569546749808 -123.41622604149808 1446.7576330999573 1483 1487 -1
1486 20.031593713574473 -147.12132433746683 1477.408006337809 1484 1488 -1
1487 46.40686833458822 -123.38179000841576 1446.6884333466342 1485 1489 -1
1488 19.945656387481314 -147.29206807849457 1477.4563602761807 1486 1490 -1
1489 46.578390807651196 -123.34889134095926 1446.619351331773 1487 1491 -1
1490 19.85502364265274 -147.46103319867197 1477.5023270822867 1488 1492 -1
1491 46.75025937456833 -123.31752010924872 1446.5504190031731 1489 1493 -1
1492 19.75978292122365 -147.62806447702283 1477.5459881033175 1490 1494 -1
1493 46.9224732183448 -123.28767775766738 1446.4816697503293 1491 1495 -1
1494 19.66030211642731 -147.79319896326535 1477.5873540079554 1492 1496 -1
1495 47.095028192434874 -123.25935052977596 1446.4131353018636 1493 1497 -1
1496 19.55699976451308 -147.95653759713488 1477.6264254854157 1494 1498 -1
1497 47.26792002511648 -123.23252365108982 1446.3448466380744 1495 1499 -1
1498 19.450249915167763 -148.1181872877542 1477.6631908441152 1496 1500 -1
1499 47.441146013619935 -123.20718901144429 1446.2768354701109 1497 1501 -1
1500 19.340431198676363 -148.27828128566452 1477.6976550259358 1498 1502 -1
1501 47.61470360036909 -123.18333895980246 1446.2091335326945 1499 1503 -1
1502 19.227922582734074 -148.4369754425261 1477.7298434004715 1500 1504 -1
1503 47.78859035031421 -123.16096630207815 1446.1417726178638 1501 1505 -1
1504 19.11305515480884 -148.59441966958514 1477.7597606381069 1502 1506 -1
1505 47.96280662971982 -123.14007648806002 1446.0747879923529 1503 1507 -1
1506 18.996143109842194 -148.7507703856803 1477.7874089414297 1504 1508 -1
1507 48.137348495361444 -123.12065571123121 1446.0082102825768 1505 1509 -1
1508 18.87748609843527 -148.90618921744291 1477.812787061132 1506 1510 -1
1509 48.312212657956856 -123.10269325720549 1445.9420704153247 1507 1511 -1
1510 18.757371723203118 -149.06084205901527 1477.8358894467626 1508 1512 -1
1511 48.48739693673881 -123.08618370807571 1445.8764007366105 1509 1513 -1
1512 18.636078142014444 -149.21489842996212 1477.85670550375 1510 1514 -1
1513 48.66289915727655 -123.07112208396819 1445.8112338139656 1511 1515 -1
1514 18.513872669701687 -149.36852948514277 1477.8752041345936 1512 1516 -1
1515 48.838717127470794 -123.05750383750392 1445.746602468961 1513 1517 -1
1516 18.391027619097045 -149.52191425645145 1477.8913622087084 1514 1518 -1
1517 49.0148513042544 -123.04533726422972 1445.6825450316776 1515 1519 -1
1518 18.267814935562672 -149.67523421868472 1477.9051630641695 1516 1520 -1
1519 49.191296848367635 -123.03460688866434 1445.6190907785845 1517 1521 -1
1520 18.144503423726874 -149.82867140773965 1477.916569010514 1518 1522 -1
1521 49.36804627623987 -123.02528318383216 1445.55626310892 1519 1523 -1
1522 18.021367156529273 -149.98241088820626 1477.9255343982288 1520 1524 -1
1523 49.54509145886634 -123.01733053804823 1445.494082959281 1521 1525 -1
1524 17.89868873720737 -150.13664070177992 1477.9320051420093 1522 1526 -1
1525 49.722424703310054 -123.0107125453283 1445.432570782594 1523 1527 -1
1526 17.77676274486335 -150.2915516982939 1477.9359182794497 1524 1528 -1
1527 49.90003876601805 -123.00539215717033 1445.3717465766993 1525 1529 -1
1528 17.65592469898778 -150.4473566754295 1477.9371519030635 1526 1530 -1
1529 50.07792836913467 -123.00133869830776 1445.3116340239324 1527 1531 -1
1530 17.53649780047544 -150.6042428375825 1477.9356598401755 1528 1532 -1
1531 50.25608686646117 -122.99851255246224 1445.2522520418527 1529 1533 -1
1532 17.41883655954868 -150.7624051676638 1477.9313548451416 1530 1534 -1
1533 50.43450695830366 -122.9968688051242 1445.193615706485 1531 1535 -1
1534 17.30332635117977 -150.92203957473893 1477.9241342142993 1532 1536 -1
1535 50.613183126687225 -122.99636845718786 1445.135743183158 1533 1537 -1
1536 17.190467891083156 -151.0833891748343 1477.9137995314725 1534 1538 -1
1537 50.79211024559122 -122.99697215599598 1445.078652179266 1535 1539 -1
1538 17.080674004767985 -151.246606560342 1477.9002959847421 1536 1540 -1
1539 50.97128356452231 -122.99864024750721 1445.022359946821 1537 1541 -1
1540 16.97446385186183 -151.41187393849384 1477.8834829193363 1538 1542 -1
1541 51.15069946807036 -123.00133604311625 1444.9668860087982 1539 1543 -1
1542 16.872465580909132 -151.5793920747318 1477.8632253141272 1540 1544 -1
1543 51.330354990518465 -123.005023555603 1444.9122509728502 1541 1545 -1
1544 16.7747655284898 -151.74909662726293 1477.8401654354604 1542 1546 -1
1545 51.5102444971268 -123.00965439695472 1444.8584643107613 1543 1547 -1
1546 16.681575688734387 -151.9210332777978 1477.8150572303505 1544 1548 -1
1547 51.690364563866574 -123.01518817645922 1444.8055415098095 1545 1549 -1
1548 16.592766275766216 -152.09511106337416 1477.7888464451223 1546 1550 -1
1549 51.870712041301786 -123.02158442625296 1444.7534976255527 1547 1551 -1
1550 16.508508016831954 -152.27140964755176 1477.7624533762976 1548 1552 -1
1551 52.0512840322118 -123.02880264036473 1444.7023472874187 1549 1553 -1
1552 16.42863347251111 -152.44985369367333 1477.7368654074824 1550 1554 -1
1553 52.23207920975037 -123.03680683361706 1444.652110343699 1551 1555 -1
1554 16.353202581011033 -152.6304737079165 1477.713129842227 1552 1556 -1
1555 52.41309518766332 -123.04555613469586 1444.6028013619828 1553 1557 -1
1556 16.282145140230053 -152.8132131504971 1477.6923164720188 1554 1558 -1
1557 52.59432828727468 -123.05500514790187 1444.554427982376 1555 1559 -1
1558 16.21537030838451 -152.99796454602907 1477.6754752963286 1556 1560 -1
1559 52.77577639686254 -123.06511354086312 1444.5070032068702 1557 1561 -1
1560 16.152916534967495 -153.18461555548046 1477.6638260516559 1558 1562 -1
1561 52.95743753877361 -123.07584110729361 1444.4605396397 1559 1563 -1
1562 16.094651290805018 -153.37289420482776 1477.6583957688933 1560 1564 -1
1563 53.139310667195446 -123.08714990622849 1444.4150533596728 1561 1565 -1
1564 16.040489345810737 -153.56246151994603 1477.6601914860796 1562 1566 -1
1565 53.321395357795396 -123.0990028622132 1444.3705629540373 1563 1567 -1
1566 15.990421350104805 -153.7529277168366 1477.6696478137596 1564 1568 -1
1567 53.503687757785826 -123.11135439416921 1444.3270700174292 1565 1569 -1
1568 15.944229458705147 -153.94393568991555 1477.6856724965785 1566 1570 -1
1569 53.68618619539209 -123.12416503325694 1444.284585630544 1567 1571 -1
1570 15.901704170060144 -154.13526118736067 1477.707172520017 1568 1572 -1
1571 53.868889016043646 -123.13739556335635 1444.243120497018 1569 1573 -1
1572 15.862691696313261 -154.3267781713899 1477.73317873927 1570 1574 -1
1573 54.05179661697075 -123.15101052232217 1444.2026955914741 1571 1575 -1
1574 15.826840106279048 -154.51842903276454 1477.762544511863 1572 1576 -1
1575 54.23490650029584 -123.16496887090332 1444.1633171985673 1573 1577 -1
1576 15.793982472461147 -154.71022340678468 1477.7943820319551 1574 1578 -1
1577 54.41821573457215 -123.17922998534044 1444.1249888457855 1575 1579 -1
1578 15.763784607536481 -154.90220190979645 1477.827713787477 1576 1580 -1
1579 54.60172251748653 -123.1937558297954 1444.08771977249 1577 1581 -1
1580 15.736073689810173 -155.0944405450575 1477.8617033829523 1578 1582 -1
1581 54.78542661377876 -123.20851032764466 1444.0515280572602 1579 1583 -1
1582 15.710524811113954 -155.2870006706398 1477.8955682839367 1580 1584 -1
1583 54.96932628044889 -123.22345539077315 1444.016424197348 1581 1585 -1
1584 15.686751887872285 -155.47983815785372 1477.929150025718 1582 1586 -1
1585 55.15341751877422 -123.23855187710953 1443.982406138163 1583 1587 -1
1586 15.664143247806196 -155.67281734515615 1477.962723497139 1584 1588 -1
1587 55.337698058097025 -123.25376323214297 1443.9494816596812 1585 1589 -1
1588 15.642160745321283 -155.86582373991422 1477.9965561508059 1586 1590 -1
1589 55.52216813557515 -123.2690539086236 1443.9176742242144 1587 1591 -1
1590 15.620277867180363 -156.05874673569483 1478.0309245446836 1588 1592 -1
1591 55.70682359909932 -123.2843865439441 1443.8869824341077 1589 1593 -1
1592 15.597981736094836 -156.251481600414 1478.0660728246592 1590 1594 -1
1593 55.89166053776724 -123.29972539754858 1443.857406438742 1591 1595 -1
1594 15.574782991088323 -156.4439190280614 1478.1022500160911 1592 1596 -1
1595 56.07667703468477 -123.31503527464673 1443.8289595338686 1593 1597 -1
1596 15.550149476102725 -156.63592545181874 1478.1397421135212 1594 1598 -1
1597 56.26187162826166 -123.33028010120384 1443.801659823965 1595 1599 -1
1598 15.523629091834943 -156.827374295518 1478.1787631584382 1596 1600 -1
1599 56.4472379870952 -123.34542647179141 1443.7754948175416 1597 1601 -1
1600 15.494744852180366 -157.01811009314216 1478.2195543940481 1598 1602 -1
1601 56.63277290453605 -123.36044058572328 1443.7504730559044 1599 1603 -1
1602 15.462962442793552 -157.2079328126795 1478.2623938958516 1600 1604 -1
1603 56.818475476770395 -123.37528547587493 1443.7266214910776 1601 1605 -1
1604 15.427813537391438 -157.39663023493554 1478.307508326286 1602 1606 -1
1605 57.004337890899386 -123.3899316614751 1443.7039201032512 1603 1607 -1
1606 15.38885367278837 -157.583962670125 1478.3551070631972 1604 1608 -1
1607 57.19035648527939 -123.40434606669065 1443.682379027231 1605 1609 -1
1608 15.345587520649937 -157.76963001552303 1478.4054283924334 1606 1610 -1
1609 57.37652889645324 -123.41849204119258 1443.6620215033815 1607 1611 -1
1610 15.297479290146406 -157.95326187721275 1478.4587275151018 1608 1612 -1
1611 57.562846780035365 -123.43234394949383 1443.6428260317034 1609 1613 -1
1612 15.244187664289473 -158.1345163123375 1478.5151345188112 1610 1614 -1
1613 57.749306727787136 -123.44586693709938 1443.6248116391166 1611 1615 -1
1614 15.185310618068858 -158.3129725380056 1478.574812121221 1612 1616 -1
1615 57.935903206983625 -123.45902952617993 1443.6079833685976 1613 1617 -1
1616 15.120361220764671 -158.488093888275 1478.637962459214 1614 1618 -1
1617 58.12262821631271 -123.47180805009356 1443.592325242609 1615 1619 -1
1618 15.049115563922605 -158.6594191388978 1478.7046290043538 1616 1620 -1
1619 58.30947905235128 -123.48416142274374 1443.577873434586 1617 1621 -1
1620 14.971373928791964 -158.82644889487725 1478.7748375124818 1618 1622 -1
1621 58.49644586985757 -123.49607207398279 1443.5645983761283 1619 1623 -1
1622 14.887053946660103 -158.98870312061004 1478.8485678558284 1620 1624 -1
1623 58.68352349561272 -123.50750563874496 1443.5525185356153 1621 1625 -1
1624 14.796644833452303 -159.14603836732016 1478.9256762671375 1622 1626 -1
1625 58.870704542164454 -123.51843491203013 1443.5416335667041 1623 1627 -1
1626 14.701036766478394 -159.29867514112846 1479.0058991982216 1624 1628 -1
1627 59.057980796775894 -123.52883748776524 1443.5319344369414 1625 1629 -1
1628 14.601026469020363 -159.44687891762985 1479.089018390864 1626 1630 -1
1629 59.245346091937286 -123.53867706431916 1443.5234430615235 1627 1631 -1
1630 14.497308403126205 -159.59092135321578 1479.1748685671994 1628 1632 -1
1631 59.43279037277532 -123.54794213150667 1443.5161301347705 1629 1633 -1
1632 14.390514833620319 -159.73109609944188 1479.2633147960905 1630 1634 -1
1633 59.62030762142432 -123.55658915656565 1443.5100322311364 1631 1635 -1
1634 14.28122094605414 -159.86770774091298 1479.354250025787 1632 1636 -1
1635 59.80788695674632 -123.56461511458038 1443.5051076414502 1633 1637 -1
1636 14.16995137003213 -160.00106378358007 1479.4475923900286 1634 1638 -1
1637 59.995521679244476 -123.57197247119959 1443.5013993659818 1635 1639 -1
1638 14.057187358832444 -160.1314691566915 1479.5432825400796 1636 1640 -1
1639 60.18320084024679 -123.5786628930775 1443.498861791978 1637 1641 -1
1640 13.943374141201947 -160.25922269792665 1479.6412811464234 1638 1642 -1
1641 60.37091654550088 -123.58463946802173 1443.4975354983462 1639 1643 -1
1642 13.828928161633147 -160.38461514615673 1479.7415666354832 1640 1644 -1
1643 60.55865819448965 -123.58990347090548 1443.497379778958 1641 1645 -1
1644 13.714244068252343 -160.50792823968789 1479.8441331725692 1642 1646 -1
1645 60.74641648519287 -123.59443107769276 1443.4983828153272 1643 1647 -1
1646 13.599701403805357 -160.6294345918433 1479.9489888654866 1644 1648 -1
1647 60.934182146811544 -123.5982641740017 1443.5004006799643 1645 1649 -1
1648 13.485671016262296 -160.74939808092594 1480.056154137835 1646 1650 -1
1649 61.121948619007085 -123.60142828046851 1443.5033115710592 1647 1651 -1
1650 13.372521240505645 -160.8680745439004 1480.1656602020048 1648 1652 -1
1651 61.309711396164765 -123.60395283515012 1443.5069886493366 1649 1653 -1
1652 13.260623918113179 -160.98571260146136 1480.2775475455728 1650 1654 -1
1653 61.49746792056019 -123.60587738703632 1443.5112965657827 1651 1655 -1
1654 13.150360322473611 -161.1025544669843 1480.3918643284387 1652 1656 -1
1655 61.685216821730506 -123.60721253170404 1443.5161294760085 1653 1657 -1
1656 13.042127043066479 -161.21883660429543 1480.508664569969 1654 1658 -1
1657 61.8729584097785 -123.60800458350397 1443.5213512430582 1655 1659 -1
1658 12.936341855169827 -161.33479010069416 1480.628005984724 1656 1660 -1
1659 62.06069357573565 -123.60827046800716 1443.5268506824866 1657 1661 -1
1660 12.833449557023817 -161.45064061392952 1480.7499473024304 1658 1662 -1
1661 62.2484240678198 -123.60803743141489 1443.532509356406 1659 1663 -1
1662 12.733927691328844 -161.56660773720307 1480.8745448845375 1660 1664 -1
1663 62.43615210389197 -123.60733824206204 1443.5382112892978 1661 1665 -1
1664 12.638291976409716 -161.68290360821237 1481.0018484301334 1662 1666 -1
1665 62.62388009196598 -123.60618436431726 1443.5438405005655 1663 1667 -1
1666 12.547101148669311 -161.7997305722863 1481.13189555551 1664 1668 -1
1667 62.81161047918881 -123.60461143003461 1443.5492848969002 1665 1669 -1
1668 12.460960757999338 -161.91727770435386 1481.2647050459252 1666 1670 -1
1669 62.999345490854836 -123.60264163074129 1443.5544323117813 1667 1671 -1
1670 12.380525262574116 -162.03571601254666 1481.4002686320305 1668 1672 -1
1671 63.18708711773483 -123.60029059597568 1443.5591606794076 1669 1673 -1
1672 12.306497550282886 -162.15519220503805 1481.5385412590374 1670 1674 -1
1673 63.37483642294183 -123.5975908679074 1443.5633681473284 1671 1675 -1
1674 12.239624800047983 -162.27582102246953 1481.6794300188503 1672 1676 -1
1675 63.562593933824935 -123.59455971973073 1443.5669333896406 1673 1677 -1
1676 12.180689442453147 -162.397676342233 1481.8227822253748 1674 1678 -1
1677 63.75035904096229 -123.59121867273397 1443.569738335675 1675 1679 -1
1678 12.130493972044565 -162.52078156094927 1481.9683735362264 1676 1680 -1
1679 63.93812974858544 -123.58759489065751 1443.571682661181 1677 1681 -1
1680 12.089790156340763 -162.64506108504207 1482.1159169935092 1678 1682 -1
1681 64.1259027412633 -123.58370375852215 1443.5726274657666 1679 1683 -1
1682 12.058618060670117 -162.77011951536272 1482.2651158052263 1680 1684 -1
1683 64.3136728131419 -123.5795711760452 1443.5724693949865 1681 1685 -1
1684 12.036545061848212 -162.89546670609698 1482.4156895323056 1682 1686 -1
1685 64.50143297373073 -123.57522014196513 1443.5710991005863 1683 1687 -1
1686 12.023189147728667 -163.02065925081519 1482.5674147328643 1684 1688 -1
1687 64.68917322558244 -123.57066665705277 1443.5683567455287 1685 1689 -1
1688 12.018131951535068 -163.14529012649083 1482.7201057300163 1686 1690 -1
1689 64.87688223008574 -123.56593871990587 1443.564162465301 1687 1691 -1
1690 12.020933046847459 -163.26898881568457 1482.873614261862 1688 1692 -1
1691 65.06454460863704 -123.56105551107 1443.5583687170886 1689 1693 -1
1692 12.031204409666055 -163.39140543075092 1483.0278333380288 1690 1694 -1
1693 65.25214194344187 -123.55603923325006 1443.5508443713547 1691 1695 -1
1694 12.048464905754837 -163.51223392442373 1483.182680459969 1692 1696 -1
1695 65.43965417292885 -123.55091438860684 1443.5414948079585 1693 1697 -1
1696 12.072221836756983 -163.63120784910438 1483.3381024731407 1694 1698 -1
1697 65.62705202327597 -123.54570066651313 1443.5301225889432 1695 1699 -1
1698 12.102045135347911 -163.748074717745 1483.4940773299775 1696 1700 -1
1699 65.81430953226274 -123.54042399545213 1443.5166623258672 1697 1701 -1
1700 12.137520393049526 -163.86259999294967 1483.650606132004 1698 1702 -1
1701 66.00138916878163 -123.53510671187252 1443.5009374405654 1699 1703 -1
1702 12.17825054546267 -163.9745623962986 1483.8077101241713 1700 1704 -1
1703 66.18825201279904 -123.52977312551047 1443.4828237909835 1701 1705 -1
1704 12.223856358653666 -164.0837493373921 1483.9654279691777 1702 1706 -1
1705 66.37485427765608 -123.52444757808411 1443.4621974528668 1703 1707 -1
1706 12.273975962848251 -164.18995251344566 1484.1238133220681 1704 1708 -1
1707 66.56113960335857 -123.51915547163638 1443.4388754053234 1705 1709 -1
1708 12.32830692179518 -164.29292539912004 1484.282941803624 1706 1710 -1
1709 66.74705915537501 -123.51392097193757 1443.4127868603562 1707 1711 -1
1710 12.386471972315366 -164.39248485628718 1484.4428847354895 1708 1712 -1
1711 66.93253464473412 -123.50877250038917 1443.3836947897883 1709 1713 -1
1712 12.448148728612418 -164.48841227060322 1484.6037286920518 1710 1714 -1
1713 67.11751158835183 -123.50373290894522 1443.351569009019 1711 1715 -1
1714 12.513027610869273 -164.5804740049065 1484.7655685502802 1712 1716 -1
1715 67.30189120846956 -123.49883348594237 1443.3161573717432 1713 1717 -1
1716 12.58080498609308 -164.66842052569334 1484.9285052060468 1714 1718 -1
1717 67.4856077336788 -123.49409641992673 1443.2774334677838 1715 1719 -1
1718 12.651179756988325 -164.75198265707175 1485.0926438413273 1716 1720 -1
1719 67.66854473838697 -123.48955463191646 1443.2351599799167 1717 1721 -1
1720 12.723849608610971 -164.83086786642332 1485.2580919461955 1718 1722 -1
1721 67.85062232165329 -123.48523019142068 1443.1893059215658 1719 1723 -1
1722 12.798539170609711 -164.9046543312211 1485.424986072613 1720 1724 -1
1723 68.03170606037432 -123.48115704824352 1443.1396521433198 1721 1725 -1
1724 12.874890022926975 -164.973066899379 1485.5934089191976 1722 1726 -1
1725 68.21170367686175 -123.47735659254474 1443.086175518414 1723 1727 -1
1726 12.952566237314084 -165.0357201374919 1485.7634573981063 1724 1728 -1
1727 68.39046232551213 -123.47386338319446 1443.0286747696177 1725 1729 -1
1728 13.031212389990163 -165.09218844844216 1485.9352174046498 1726 1730 -1
1729 68.56787997627491 -123.47069741975466 1442.9671436420092 1727 1731 -1
1730 13.110470731617252 -165.1418792203987 1486.108780067027 1728 1732 -1
1731 68.74378762955932 -123.4678930049136 1442.9014046511702 1729 1733 -1
1732 13.1901084661762 -165.18495580172674 1486.2839298610766 1730 1734 -1
1733 68.9180753823644 -123.46546839342587 1442.8314702496368 1731 1735 -1
1734 13.270019962349338 -165.22180950668368 1486.4603723557445 1732 1736 -1
1735 69.09056571252025 -123.46345579543191 1442.7572016967401 1733 1737 -1
1736 13.350122487750285 -165.25269066837353 1486.6378730599931 1734 1738 -1
1737 69.26113909618712 -123.46187237267914 1442.6786209132913 1735 1739 -1
1738 13.430338707191558 -165.2782726712951 1486.8161644796949 1736 1740 -1
1739 69.42962607180847 -123.46074485910275 1442.5956541693008 1737 1741 -1
1740 13.51061650975126 -165.29900336140722 1486.9950587147741 1738 1742 -1
1741 69.59588788970314 -123.46009171837159 1442.5083091751592 1739 1743 -1
1742 13.590918481183126 -165.31544945944407 1487.1743881162129 1740 1744 -1
1743 69.75979294481408 -123.45992872439702 1442.4166159655479 1741 1745 -1
1744 13.671223191778825 -165.328247596332 1487.354014642923 1742 1746 -1
1745 69.92116046281248 -123.46028050953045 1442.320527936286 1743 1747 -1
1746 13.751523475026161 -165.3379359087262 1487.5338387298284 1744 1748 -1
1747 70.07991995074131 -123.46114853501508 1442.220192650393 1745 1749 -1
1748 13.83182439528419 -165.34522280995438 1487.7137765880095 1746 1750 -1
1749 70.23587933612524 -123.46255752915023 1442.1155638598752 1747 1751 -1
1750 13.91214151309537 -165.3506742424944 1487.893772788265 1748 1752 -1
1751 70.38896063774551 -123.46450935426718 1442.006776466082 1749 1753 -1
1752 13.99249666832969 -165.35499719984688 1488.0737829823443 1750 1754 -1
1753 70.53908079421264 -123.46700689877964 1441.8939483100232 1751 1755 -1
1754 14.072922760740147 -165.35846332438783 1488.253779988528 1752 1756 -1
1755 70.68609742110712 -123.4700635194797 1441.7771177868956 1753 1757 -1
1756 14.1534529837301 -165.3608295392204 1488.4337480768722 1754 1758 -1
1757 70.8299423889183 -123.47367884475419 1441.656419459164 1755 1759 -1
1758 14.234127949792192 -165.3616877479687 1488.6136645626457 1756 1760 -1
1759 70.97057806856687 -123.4778474814883 1441.532014105085 1757 1761 -1
1760 14.314975680121774 -165.36072773787785 1488.7935026031332 1758 1762 -1
1761 71.10794726772419 -123.48256777654296 1441.404029748149 1759 1763 -1
1762 14.39603181617048 -165.3575137467986 1488.973220222578 1760 1764 -1
1763 71.24200645456006 -123.48783600305272 1441.272602347938 1761 1765 -1
1764 14.47731843908578 -165.3516980802167 1489.1527676576322 1762 1766 -1
1765 71.37272594974912 -123.49364647661184 1441.137874221849 1763 1767 -1
1766 14.558857769722952 -165.34286128770384 1489.3320765977355 1764 1768 -1
1767 71.5 -123.5 1441.0 1765 -1 -1
1768 14.64066367270018 -165.33056594131244 1489.5110591531115 1766 1769 -1
1769 14.722638094782285 -165.31467964500533 1489.6896817930756 1768 1770 -1
1770 14.804505569149487 -165.29535582352727 1489.8680150568787 1769 1771 -1
1771 14.885968956384946 -165.27292644162497 1490.0461699309267 1770 1772 -1
1772 14.966744842023877 -165.2477167221923 1490.224266579073 1771 1773 -1
1773 15.046529156599208 -165.21999839209036 1490.4024377393168 1772 1774 -1
1774 15.125056667871817 -165.19014336367923 1490.5808219338041 1773 1775 -1
1775 15.202072863072079 -165.158495618842 1490.7595558462385 1774 1776 -1
1776 15.277278713738427 -165.12536054060703 1490.9387904292755 1775 1777 -1
1777 15.350470199684837 -165.09111254630264 1491.118648397917 1776 1778 -1
1778 15.421411526804057 -165.0560783712868 1491.2992549503047 1777 1779 -1
1779 15.489854414264194 -165.0205846420423 1491.480733456066 1778 1780 -1
1780 15.555666148500322 -164.98495706075718 1491.6631563690578 1779 1781 -1
1781 15.618567515218423 -164.94950802317135 1491.8466374175102 1780 1782 -1
1782 15.678511682970182 -164.91452014874872 1492.0311935081525 1781 1783 -1
1783 15.735231546562336 -164.8802968563574 1492.2169080824226 1782 1784 -1
1784 15.788719456472965 -164.8470687180586 1492.4037584474636 1783 1785 -1
1785 15.838796948382651 -164.81510001444178 1492.5917697975958 1784 1786 -1
1786 15.885407480455633 -164.78460210468543 1492.7809131606953 1785 1787 -1
1787 15.928525109503958 -164.75575490365904 1492.971140710723 1786 1788 -1
1788 15.96808766958472 -164.72874168783622 1493.1624074705499 1787 1789 -1
1789 16.00403630629435 -164.7037364130859 1493.3546579945184 1788 1790 -1
1790 16.036429178945607 -164.68083283654292 1493.5477998950205 1789 1791 -1
1791 16.065319549506277 -164.65997798736444 1493.7417283021932 1790 1792 -1
1792 16.09083788368768 -164.64078774133776 1493.9363010977959 1791 1793 -1
1793 16.113101406741816 -164.62286559364023 1494.1313942135428 1792 1794 -1
1794 16.13220189362939 -164.6058502376278 1494.3269037147145 1793 1795 -1
1795 16.148207714657403 -164.58940813543606 1494.52274007872 1794 1796 -1
1796 16.161165516915794 -164.57322697018955 1494.7188236225027 1795 1797 -1
1797 16.171101537232136 -164.5570098198731 1494.9150807331616 1796 1798 -1
1798 16.178009449368822 -164.5404672489191 1495.1114407591162 1797 1799 -1
1799 16.181855150389932 -164.52330756015942 1495.3078314758352 1798 1800 -1
1800 16.182640473534384 -164.50525321148584 1495.50417759171 1799 1801 -1
1801 16.18031741172263 -164.48602040986503 1495.700399133666 1800 1802 -1
1802 16.174819329432683 -164.46531829028268 1495.8964073214077 1801 1803 -1
1803 16.16606058985018 -164.44284488736292 1496.092101177428 1802 1804 -1
1804 16.1539360262849 -164.41828318276944 1496.2873636237682 1803 1805 -1
1805 16.138320333716898 -164.3912972362914 1496.4820568889513 1804 1806 -1
1806 16.119067487280006 -164.36152845829952 1496.6760170367604 1805 1807 -1
1807 16.096010338926085 -164.328592149088 1496.8690474212638 1806 1808 -1
1808 16.068960382851724 -164.29209233767074 1497.0609143742358 1807 1809 -1
1809 16.037699046105452 -164.25222853407047 1497.2514680551794 1808 1810 -1
1810 16.00196563746023 -164.210017747404 1497.4407260346654 1809 1811 -1
1811 15.961457232062095 -164.1665929989257 1497.6287430434104 1810 1812 -1
1812 15.915824557298969 -164.12317248320628 1497.8155820960612 1811 1813 -1
1813 15.864670235489111 -164.08108697502934 1498.001290595321 1812 1814 -1
1814 15.80755215230575 -164.04181131001823 1498.185869476982 1813 1815 -1
1815 15.743894042324424 -164.00708854606262 1498.3692116842342 1814 1816 -1
1816 15.673157872178196 -163.97889698253223 1498.5510648001616 1815 1817 -1
1817 15.59497808356454 -163.95930656072517 1498.7309788377318 1816 1818 -1
1818 15.508749275505737 -163.95110092749047 1498.9080556562728 1817 1819 -1
1819 15.414586675493167 -163.95649814471219 1499.081131364178 1818 1820 -1
1820 15.312581374816451 -163.97639225224998 1499.2486238307183 1819 1821 -1
1821 15.20304744509777 -164.00887895543028 1499.4092603609881 1820 1822 -1
1822 15.086340415876371 -164.05155716128158 1499.5622951646897 1821 1823 -1
1823 14.962478666061761 -164.10228576979188 1499.7070361021313 1822 1824 -1
1824 14.831662632467863 -164.1586276555251 1499.8433396708492 1823 1825 -1
1825 14.693891647029155 -164.21840718268496 1499.9710641941012 1824 1826 -1
1826 14.549009526621624 -164.27950311552857 1500.089994183985 1825 1827 -1
1827 14.39714328144238 -164.33984996886633 1500.2002791885568 1826 1828 -1
1828 14.238051434184472 -164.39734478704668 1500.3015257375334 1827 1829 -1
1829 14.072063729509374 -164.45009619739267 1500.3938831982769 1828 1830 -1
1830 13.899273283997367 -164.49605923946245 1500.4769132151027 1829 1831 -1
1831 13.720682281808003 -164.53493072879093 1500.5508001606847 1830 1832 -1
1832 13.537245186678177 -164.56731045201784 1500.6153738648275 1831 1833 -1
1833 13.350067293082203 -164.59425115946362 1500.6711188431334 1832 1834 -1
1834 13.159874387664162 -164.61646431806327 1500.71806254635 1833 1835 -1
1835 12.967382715052398 -164.63480716732153 1500.7565571372666 1834 1836 -1
1836 12.773170331375667 -164.65005496166725 1500.7869130173526 1835 1837 -1
1837 12.577695876555847 -164.66287909595002 1500.809245168487 1836 1838 -1
1838 12.381376866144901 -164.67395613621804 1500.823732727239 1837 1839 -1
1839 12.184586169086431 -164.68393987440825 1500.830623185631 1838 1840 -1
1840 11.987650483342215 -164.693428574688 1500.8300237574324 1839 1841 -1
1841 11.790879810343911 -164.70300256560117 1500.822007280491 1840 1842 -1
1842 11.594590444733024 -164.71324718212375 1500.806508870264 1841 1843 -1
1843 11.399095691981191 -164.72472789727163 1500.7836167951432 1842 1844 -1
1844 11.204724335307525 -164.73800252922385 1500.7533354022412 1843 1845 -1
1845 11.011835498897094 -164.7536342144585 1500.7156195634457 1844 1846 -1
1846 10.820826949849842 -164.77219124489287 1500.6704078881367 1845 1847 -1
1847 10.632149753007084 -164.79425480217125 1500.6176171925924 1846 1848 -1
1848 10.44635931432001 -164.82047346907976 1500.5570667280558 1847 1849 -1
1849 10.263964709881796 -164.85129869026767 1500.4888573280098 1848 1850 -1
1850 10.085364490643896 -164.88669357506672 1500.413226985852 1849 1851 -1
1851 9.910812852711265 -164.92631590555087 1500.3305622042521 1850 1852 -1
1852 9.74049985237361 -164.9698110590585 1500.2412614617924 1851 1853 -1
1853 9.574617228446531 -165.0168660151542 1500.1456450111639 1852 1854 -1
1854 9.413203329034323 -165.06708958523882 1500.0441710892715 1853 1855 -1
1855 9.256276792369738 -165.12012881757607 1499.9372370186038 1854 1856 -1
1856 9.103839029176852 -165.17565822749796 1499.8251940569128 1855 1857 -1
1857 8.95586347109111 -165.23336713939526 1499.708369926959 1856 1858 -1
1858 8.8123020564821 -165.2929603309859 1499.5870672620547 1857 1859 -1
1859 8.673090985178016 -165.35415789216432 1499.4615630553242 1858 1860 -1
1860 8.538170278435642 -165.41669825561678 1499.332095924861 1859 1861 -1
1861 8.407467966649328 -165.48032908676427 1499.198886226718 1860 1862 -1
1862 8.28087260047007 -165.54480235574476 1499.0621615931295 1861 1863 -1
1863 8.158300970052212 -165.60988867350974 1498.9221014784703 1862 1864 -1
1864 8.039672288244605 -165.67536658505713 1498.7788645245344 1863 1865 -1
1865 7.924910128420009 -165.74102050576244 1498.6325899742926 1864 1866 -1
1866 7.81394403326556 -165.80663855080513 1498.4833990632637 1865 1867 -1
1867 7.706710875448838 -165.87201026025951 1498.3313963608396 1866 1868 -1
1868 7.60315604412478 -165.9369242085998 1498.1766710499558 1867 1869 -1
1869 7.503234524562204 -166.00116547541765 1498.0192981471 1868 1870 -1
1870 7.406911932380496 -166.06451294347295 1497.8593396768413 1869 1871 -1
1871 7.3142109431325 -166.12671906648762 1497.6968140563295 1870 1872 -1
1872 7.225093288715614 -166.1875447551533 1497.5317815974167 1871 1873 -1
1873 7.1395548713873325 -166.24673197513675 1497.3642785425304 1872 1874 -1
1874 7.057616972766022 -166.3039992105154 1497.1943262744787 1873 1875 -1
1875 6.97933169489735 -166.3590306377646 1497.021931048777 1874 1876 -1
1876 6.90483421457613 -166.41142792146638 1496.8470551110693 1875 1877 -1
1877 6.833943757968302 -166.4610248665526 1496.6698781260181 1876 1878 -1
1878 6.766384108867173 -166.50773782558656 1496.49062706521 1877 1879 -1
1879 6.701784021280731 -166.5515303968532 1496.3095559841822 1878 1880 -1
1880 6.639632124207012 -166.5924868804682 1496.1269697613006 1879 1881 -1
1881 6.579478414524161 -166.63058800728965 1495.9430997711095 1880 1882 -1
1882 6.520715215046318 -166.66602129359947 1495.758248651599 1881 1883 -1
1883 6.462804861989167 -166.6988146964466 1495.5726422169957 1882 1884 -1
1884 6.405137581477576 -166.72921259189803 1495.3865526565032 1883 1885 -1
1885 6.347124815665772 -166.75729243113562 1495.2002063102223 1884 1886 -1
1886 6.288215587804796 -166.78331470239584 1495.0138425990312 1885 1887 -1
1887 6.228014069045589 -166.80742275633676 1494.8276343077353 1886 1888 -1
1888 6.166786110447384 -166.82987189942978 1494.6415529959072 1887 1889 -1
1889 6.104902735118512 -166.85088515567833 1494.4555205158852 1888 1890 -1
1890 6.042713086892831 -166.8706513431644 1494.2694533069905 1889 1891 -1
1891 5.980560570374351 -166.88940668649673 1494.0832690206635 1890 1892 -1
1892 5.918758009833826 -166.90734271938683 1493.89688757668 1891 1893 -1
1893 5.857625482850615 -166.92463347937948 1493.7102244398534 1892 1894 -1
1894 5.797437480900869 -166.9414699481983 1493.5232132821882 1893 1895 -1
1895 5.738378582074645 -166.95792587967364 1493.335808755363 1894 1896 -1
1896 5.680521590398191 -166.97395216906955 1493.1479925620874 1895 1897 -1
1897 5.623931183886072 -166.9894911589666 1492.9597500043203 1896 1898 -1
1898 5.568690525396704 -167.00447853655496 1492.771062366939 1897 1899 -1
1899 5.514851067909138 -167.0188640163627 1492.5819235176343 1898 1900 -1
1900 5.4624796774177895 -167.03259233279556 1492.3923243046602 1899 1901 -1
1901 5.411647161327468 -167.04560728775212 1492.202256639509 1900 1902 -1
1902 5.362426585617176 -167.05785229381118 1492.0117142327658 1901 1903 -1
1903 5.31489353655052 -167.06927013574895 1491.8206927122803 1902 1904 -1
1904 5.269126375284546 -167.0798027470803 1491.6291897691854 1903 1905 -1
1905 5.225206485222876 -167.08939100069927 1491.4372053336567 1904 1906 -1
1906 5.183218511330656 -167.09797451324752 1491.2447417825153 1905 1907 -1
1907 5.143250589949087 -167.10549146339326 1491.0518041809269 1906 1908 -1
1908 5.105394566903225 -167.11187842477955 1490.858400560583 1907 1909 -1
1909 5.069746200875129 -167.1170702149991 1490.6645422367947 1908 1910 -1
1910 5.036405348106697 -167.12099976259128 1490.4702441668876 1909 1911 -1
1911 5.005489550175195 -167.12359052307644 1490.275523231194 1910 1912 -1
1912 4.9770972295705995 -167.12477682694046 1490.080405036034 1911 1913 -1
1913 4.951340483410109 -167.12448584897885 1489.8849183786544 1912 1914 -1
1914 4.928337267835659 -167.12264185349673 1489.6890973947895 1913 1915 -1
1915 4.908208230589088 -167.11916693471736 1489.4929825556942 1914 1916 -1
1916 4.890895525758659 -167.11398156037987 1489.2966364531633 1915 1917 -1
1917 4.87588534731859 -167.10700583761553 1489.1001557346472 1916 1918 -1
1918 4.862575310682745 -167.09815880055126 1488.903627407375 1917 1919 -1
1919 4.850355786011509 -167.08735772097685 1488.7071256618246 1918 1920 -1
1920 4.83861015987118 -167.07451777997898 1488.5107175953801 1919 1921 -1
1921 4.826714557157102 -167.05955203442053 1488.3144691686932 1920 1922 -1
1922 4.814037380185407 -167.04237174101644 1488.1184513828102 1921 1923 -1
1923 4.799918002796165 -167.02286262962858 1487.9227508668355 1922 1924 -1
1924 4.783709032275794 -167.00095016980137 1487.7274679689651 1923 1925 -1
1925 4.764759264263988 -166.97655254647444 1487.532728454402 1924 1926 -1
1926 4.742411096897635 -166.94958713356195 1487.338690608639 1925 1927 -1
1927 4.716009198638026 -166.9199794029487 1487.145550750556 1926 1928 -1
1928 4.684908133116686 -166.88766690611428 1486.953548678045 1927 1929 -1
1929 4.648482732149068 -166.8526038692916 1486.7629716570236 1928 1930 -1
1930 4.606066770465986 -166.81473416772792 1486.5741808331247 1929 1931 -1
1931 4.557164383416547 -166.77408640901564 1486.3875517330184 1930 1932 -1
1932 4.5013274499307725 -166.73070660076453 1486.203504434403 1931 1933 -1
1933 4.438192978235342 -166.68467452747197 1486.0224870182965 1932 1934 -1
1934 4.3678204752184415 -166.63624468390074 1485.8447933788468 1933 1935 -1
1935 4.290625561931121 -166.58581481984325 1485.670519964963 1934 1936 -1
1936 4.206989318300675 -166.5337601311084 1485.499729726183 1935 1937 -1
1937 4.117236579244776 -166.48042808130273 1485.332473615788 1936 1938 -1
1938 4.021639628578221 -166.42614420213638 1485.1687992648012 1937 1939 -1
1939 3.920421924811115 -166.3712179390849 1485.0087582109588 1938 1940 -1
1940 3.813761611743506 -166.31594850831257 1484.8524121442508 1939 1941 -1
1941 3.701794692308853 -166.2606308083521 1484.6998385895217 1940 1942 -1
1942 3.584617838551236 -166.20556148606966 1484.551136409729 1941 1943 -1
1943 3.4622908877906773 -166.15104529882552 1484.4064314877128 1942 1944 -1
1944 3.334839148175818 -166.09740194878785 1484.265882932194 1943 1945 -1
1945 3.2022401910630434 -166.0449783618586 1484.1297039818633 1944 1946 -1
1946 3.06440949251004 -165.99416915273687 1483.9981897845203 1945 1947 -1
1947 2.921326950377386 -165.94537931100228 1483.8716167335851 1946 1948 -1
1948 2.772970319655568 -165.8987387602749 1483.7504219477096 1947 1949 -1
1949 2.619448434763308 -165.85365525064373 1483.635218822436 1948 1950 -1
1950 2.4607717941689566 -165.80936842950396 1483.5269002316859 1949 1951 -1
1951 2.297211699744827 -165.76499797650968 1483.4261502600655 1950 1952 -1
1952 2.1289415481954017 -165.71958486635458 1483.3339969179133 1951 1953 -1
1953 1.95629018437298 -165.67207262661933 1483.251523134241 1952 1954 -1
1954 1.7797136130378421 -165.62126294564376 1483.1800857909664 1953 1955 -1
1955 1.5999794056456642 -165.565955856204 1483.1209511359152 1954 1956 -1
1956 1.418113417429813 -165.5048543145265 1483.0756822668147 1955 1957 -1
1957 1.2355848486663583 -165.43661995119035 1483.0460076403315 1956 1958 -1
1958 1.054326030268224 -165.36030515738878 1483.0330684053977 1957 1959 -1
1959 0.876236550979413 -165.27595927599697 1483.0371494720882 1958 1960 -1
1960 0.7026957626546491 -165.18470974526008 1483.0573333451132 1959 1961 -1
1961 0.5346860987270927 -165.08774401491343 1483.0923425275391 1960 1962 -1
1962 0.3728613660645543 -164.98614040974334 1483.1408209496701 1961 1963 -1
1963 0.21764396936763664 -164.8808288545434 1483.2014850223095 1962 1964 -1
1964 0.06903687833517269 -164.77268353165076 1483.2727978464236 1963 1965 -1
1965 -0.07288812872679479 -164.66233372556354 1483.3537181938145 1964 1966 -1
1966 -0.208279611791045 -164.55034116281652 1483.4431390904751 1965 1967 -1
1967 -0.3372695742159208 -164.43714335942317 1483.5401892234463 1966 1968 -1
1968 -0.4601300423121697 -164.3231136764521 1483.6439914573086 1967 1969 -1
1969 -0.5768675147550039 -164.2085307733065 1483.7540661502283 1968 1970 -1
1970 -0.6878228810033689 -164.09365502926974 1483.8696773695733 1969 1971 -1
1971 -0.7931368370438816 -163.97868786028295 1483.990366445249 1970 1972 -1
1972 -0.8928725944656818 -163.86380637561095 1484.1157858835757 1971 1973 -1
1973 -0.987145786111709 -163.74916818795998 1484.2455772546261 1972 1974 -1
1974 -1.0760883772134535 -163.63491041990795 1484.3794035860478 1973 1975 -1
1975 -1.1597472805226574 -163.52116160577123 1484.5170178317362 1974 1976 -1
1976 -1.2381409971888242 -163.40804483124114 1484.658207888233 1975 1977 -1
1977 -1.3112579111406222 -163.29568148672317 1484.8027916313172 1976 1978 -1
1978 -1.3789674014427116 -163.18421096309436 1484.950662582553 1977 1979 -1
1979 -1.4412691555005237 -163.07375116773588 1485.101635275299 1978 1980 -1
1980 -1.4980472350479335 -162.9644404794273 1485.2555921966564 1979 1981 -1
1981 -1.5491433439686901 -162.85643084010553 1485.412430618547 1980 1982 -1
1982 -1.5943555158017495 -162.74989163513888 1485.5720571072225 1981 1983 -1
1983 -1.6333853355311603 -162.6450440431105 1485.7344118444582 1982 1984 -1
1984 -1.666597862374441 -162.54199207883198 1485.8991928020373 1983 1985 -1
1985 -1.694433587220229 -162.44081786592974 1486.0661212774141 1984 1986 -1
1986 -1.7172890480547698 -162.3416109986491 1486.234977405412 1985 1987 -1
1987 -1.735736632145344 -162.24438190215835 1486.4055159535876 1986 1988 -1
1988 -1.7503967368958266 -162.1490974912628 1486.5775150794216 1987 1989 -1
1989 -1.7617786498184294 -162.05577837329017 1486.7508360680101 1988 1990 -1
1990 -1.7705885845673537 -161.96432027705094 1486.92529600121 1989 1991 -1
1991 -1.7774496478810669 -161.87466177347747 1487.100775459507 1990 1992 -1
1992 -1.7830135912740317 -161.7867294999761 1487.2771725475295 1991 1993 -1
1993 -1.7879728898473124 -161.70038517504744 1487.4543706394918 1992 1994 -1
1994 -1.7929712954882029 -161.61557643611266 1487.632307818712 1993 1995 -1
1995 -1.7981302421171232 -161.53213101582156 1487.8108839309998 1994 1996 -1
1996 -1.8031379260221736 -161.44996267949057 1487.9900556189177 1995 1997 -1
1997 -1.8076684938701597 -161.3689164746813 1488.1697503506985 1996 1998 -1
1998 -1.8113718401131587 -161.2888803024076 1488.3499160511258 1997 1999 -1
1999 -1.813915132308972 -161.20970929458292 1488.530483557095 1998 2000 -1
2000 -1.814924290084705 -161.13128058481962 1488.7113895328482 1999 2001 -1
2001 -1.8140604812858063 -161.05345190887508 1488.8925549647015 2000 2002 -1
2002 -1.8109110724509243 -160.9760990716496 1489.073898346532 2001 2003 -1
2003 -1.80515286751262 -160.8990818155446 1489.2553201119674 2002 2004 -1
2004 -1.796302673401751 -160.822278225049 1489.4367073493547 2003 2005 -1
2005 -1.7840586286911346 -160.74555674394003 1489.6179311128774 2004 2006 -1
2006 -1.7679615795402956 -160.6687649727746 1489.7988230048418 2005 2007 -1
2007 -1.7478138534422156 -160.5915414636295 1489.9791234927243 2006 2008 -1
2008 -1.7234940355476878 -160.51344867394087 1490.1585326970862 2007 2009 -1
2009 -1.694773163810646 -160.43401397139564 1490.336697063493 2008 2010 -1
2010 -1.6616709131474339 -160.35285172255126 1490.5133147676795 2009 2011 -1
2011 -1.6240552874374108 -160.26953853034593 1490.688016504066 2010 2012 -1
2012 -1.5819125440481523 -160.18371318324236 1490.8604526738097 2011 2013 -1
2013 -1.535304208333805 -160.09508654629425 1491.030303013532 2012 2014 -1
2014 -1.4841940379537029 -160.00332290655726 1491.1971651950635 2013 2015 -1
2015 -1.428798912712259 -159.90829186038408 1491.360799414997 2014 2016 -1
2016 -1.3691432199022318 -159.80974200736745 1491.5208137645752 2015 2017 -1
2017 -1.3054939541319586 -159.70764739864097 1491.6770211101887 2016 2018 -1
2018 -1.238040287047242 -159.6019483494339 1491.8291827543653 2017 2019 -1
2019 -1.1669542974314278 -159.4925882645556 1491.9770429187986 2018 2020 -1
2020 -1.0925548340189721 -159.37968668018513 1492.1205462303985 2019 2021 -1
2021 -1.0150878721752785 -159.26331893541837 1492.2595887230623 2020 2022 -1
2022 -0.9348078005557613 -159.14359386568051 1492.3941127124178 2021 2023 -1
2023 -0.8519715545398511 -159.02064779923066 1492.5241064140343 2022 2024 -1
2024 -0.766833091949357 -158.8946383042886 1492.649601991672 2023 2025 -1
2025 -0.6796384620066035 -158.76573801771534 1492.7706722361795 2024 2026 -1
2026 -0.5906216512170762 -158.63412884125643 1492.8874261573778 2025 2027 -1
2027 -0.5 -158.5 1493.0 2026 -1 -1
