0 -27.5 -161.5 1159.5 -1 1 -1
1 -27.648351467178777 -161.37311941105432 1159.4366021747214 0 2 -1
2 -27.799298483087615 -161.24845606647838 1159.3756640591876 1 3 -1
3 -27.95287439006864 -161.12590124061512 1159.3170624574784 2 4 -1
4 -28.109015349147942 -161.00550134828282 1159.2608195965095 3 5 -1
5 -28.267651887382133 -160.88729747099066 1159.2069520924667 4 6 -1
6 -28.428715743788064 -160.7713310814995 1159.1554772305617 5 7 -1
7 -28.592122360292365 -160.65762688993402 1159.1063948904389 6 8 -1
8 -28.757791950740675 -160.5462115907319 1159.0597077731081 7 9 -1
9 -28.925638930293747 -160.43710327666102 1159.0154103035775 8 10 -1
10 -29.095573949463194 -160.33031236960184 1158.9734898739478 9 11 -1
11 -29.26750751412861 -160.2258448470419 1158.9339303257207 10 12 -1
12 -29.441347972775787 -160.12369941021421 1158.8967091757647 11 13 -1
13 -29.617001489134292 -160.02386642849365 1158.861796752807 12 14 -1
14 -29.79437895453823 -159.9263364715875 1158.8291647705184 13 15 -1
15 -29.97338454967667 -159.8310844373803 1158.798770714858 14 16 -1
16 -30.153931260747648 -159.73809042022975 1158.770578484717 15 17 -1
17 -30.335927535586055 -159.64732048661597 1158.7445395947116 16 18 -1
18 -30.519286627420495 -159.55873981769074 1158.7206060734763 17 19 -1
19 -30.70392529010434 -159.47231118669012 1158.698728917171 18 20 -1
20 -30.88975878327891 -159.38798601631814 1158.6788496110362 19 21 -1
21 -31.076711592886546 -159.3057232386374 1158.6609180390817 20 22 -1
22 -31.2647043040201 -159.2254654981509 1158.6448699574757 21 23 -1
23 -31.45366700966615 -159.14716438500813 1158.6306507573584 22 24 -1
24 -31.643528268170815 -159.07075910196423 1158.6181954179608 23 25 -1
25 -31.834224433558433 -158.9961958407727 1158.607446552444 24 26 -1
26 -32.025691035518015 -158.92340948780344 1158.59833738152 25 27 -1
27 -32.21787164244968 -158.85234407277008 1158.590810588023 26 28 -1
28 -32.41070889662387 -158.78293208265129 1158.5847992100487 27 29 -1
29 -32.60415141464017 -158.71511148259617 1158.580242244518 28 30 -1
30 -32.79815092456546 -158.64881951168584 1158.57707887572 29 31 -1
31 -32.99266086641469 -158.5839890127261 1158.5752450959358 30 32 -1
32 -33.187638752160886 -158.52055548172387 1158.5746800765537 31 33 -1
33 -33.383045443984656 -158.45845598809186 1158.5753251174117 32 34 -1
34 -33.57884343542957 -158.3976243216942 1158.5771191980414 33 35 -1
35 -33.77499820185121 -158.33799564744095 1158.580003151979 34 36 -1
36 -33.971477809275896 -158.27950598000214 1158.5839191391915 35 37 -1
37 -34.16825260381396 -158.22209176171214 1158.5888102173124 36 38 -1
38 -34.36529507053546 -158.1656899523168 1158.5946203788642 37 39 -1
39 -34.562579693624635 -158.11023810446466 1158.6012945774442 38 40 -1
40 -34.760082818780525 -158.0556744261163 1158.6087787440301 39 41 -1
41 -34.957782518641224 -158.0019378310313 1158.6170197945319 40 42 -1
42 -35.15565846184117 -157.94896797846138 1158.625965629616 41 43 -1
43 -35.353691786161576 -157.8967053031387 1158.6355651277943 42 44 -1
44 -35.5518649761052 -157.84509103659897 1158.6457681326704 43 45 -1
45 -35.75016174511463 -157.79406722082413 1158.6565254351872 44 46 -1
46 -35.948566931118094 -157.74357675848472 1158.667788793319 45 47 -1
47 -36.14706651246798 -157.69356406715858 1158.6795115491711 46 48 -1
48 -36.3456470482376 -157.64397272919322 1158.6916463329726 47 49 -1
49 -36.54429608000408 -157.59474800178026 1158.7041474397822 48 50 -1
50 -36.743001897190524 -157.5458361422287 1158.7169701929192 49 51 -1
51 -36.94175339716099 -157.4971841382292 1158.7300706868164 50 52 -1
52 -37.14053987822642 -157.4487389466044 1158.7434048930597 51 53 -1
53 -37.33935122552776 -157.4004490293413 1158.756930334619 52 54 -1
54 -37.538177636576464 -157.35226320720554 1158.7706048460343 53 55 -1
55 -37.737009601482924 -157.30413088603268 1158.784386647389 54 56 -1
56 -37.935837835323234 -157.2560022487485 1158.7982349989916 55 57 -1
57 -38.13465324390589 -157.20782810157496 1158.812109211659 56 58 -1
58 -38.33344673136388 -157.1595595332033 1158.825969322654 57 59 -1
59 -38.532209377068 -157.11114883780107 1158.839775905697 58 60 -1
60 -38.73093200980609 -157.0625478656967 1158.8534895868602 59 61 -1
61 -38.92960565532631 -157.01371037665294 1158.8670720677076 60 62 -1
62 -39.12822081371634 -156.96458883307204 1158.8804844111592 61 63 -1
63 -39.32676819077665 -156.91513818471392 1158.893689204068 62 64 -1
64 -39.525237913417506 -156.8653123059268 1158.9066483943907 63 65 -1
65 -39.72361991920656 -156.81506612753537 1158.9193245830445 64 66 -1
66 -39.921903948353005 -156.76435580002888 1158.9316811784317 65 67 -1
67 -40.12007886139548 -156.7131357083367 1158.9436802983869 66 68 -1
68 -40.318133625679295 -156.66136331538337 1158.9552861352802 67 69 -1
69 -40.516056531340624 -156.60899566398436 1158.9664625165492 68 70 -1
70 -40.71383489376536 -156.5559883457206 1158.9771720886972 69 71 -1
71 -40.911456084204445 -156.50230025887257 1158.9873797791224 70 72 -1
72 -41.10890665130513 -156.44788984380682 1158.9970500579052 71 73 -1
73 -41.306172238445946 -156.39271501068288 1159.0061468391773 72 74 -1
74 -41.50323778336643 -156.3367342080503 1159.0146342558862 73 75 -1
75 -41.700087967184736 -156.27990829895742 1159.0224780904825 74 76 -1
76 -41.896706397036596 -156.222197416254 1159.0296433869362 75 77 -1
77 -42.09307581563873 -156.1635620164732 1159.0360952265005 76 78 -1
78 -42.28917776210474 -156.10396185392452 1159.0417979118524 77 79 -1
79 -42.48499380506163 -156.04336048979144 1159.0467184717052 78 80 -1
80 -42.68050417843064 -155.9817204484688 1159.0508228974588 79 81 -1
81 -42.87568821356582 -155.91900493825696 1159.0540774639805 80 82 -1
82 -43.070524321759216 -155.85517789422252 1159.0564487562547 81 83 -1
83 -43.2649898349136 -155.79020358812454 1159.0579033490062 82 84 -1
84 -43.45906106797859 -155.72404695642288 1159.0584080558667 83 85 -1
85 -43.65271396645325 -155.65667552178135 1159.0579314805361 84 86 -1
86 -43.84592318150707 -155.58805666747475 1159.0564418065987 85 87 -1
87 -44.038667057896554 -155.518171436106 1159.0539093175341 86 88 -1
88 -44.230936001399925 -155.4470360020398 1159.050308814983 87 89 -1
89 -44.422722191696444 -155.37467172932088 1159.045615362253 88 90 -1
90 -44.61401735362036 -155.30109904250523 1159.0398034195905 89 91 -1
91 -44.804812717899495 -155.2263374840326 1159.0328468081564 90 92 -1
92 -44.99509898125579 -155.1504057698342 1159.0247186739482 91 93 -1
93 -45.184866265629516 -155.0733218434185 1159.0153914516588 92 94 -1
94 -45.37410407629654 -154.9951029286779 1159.0048368284686 93 95 -1
95 -45.562801258653934 -154.91576558165693 1158.993025707789 94 96 -1
96 -45.75094595345664 -154.83532574152795 1158.9799281729954 95 97 -1
97 -45.93852555029031 -154.75379878101594 1158.965513451191 96 98 -1
98 -46.12552663907317 -154.67119955652274 1158.9497498770836 97 99 -1
99 -46.31193495938086 -154.5875424581985 1158.9326048570588 98 100 -1
100 -46.49773534739504 -154.50284146021778 1158.9140448335693 99 101 -1
101 -46.68291161558541 -154.4171100688909 1158.8940351001277 100 102 -1
102 -46.86744629628673 -154.3303610929196 1158.872539312397 101 103 -1
103 -47.05132145440267 -154.24260805347632 1158.849521477423 102 104 -1
104 -47.23451770846429 -154.15386376765363 1158.824943799866 103 105 -1
105 -47.41701446422101 -154.06414090151944 1158.798767351091 104 106 -1
106 -47.59878984328796 -153.97345202732924 1158.7709520395917 105 107 -1
107 -47.77982060820817 -153.8818096829036 1158.7414565834747 106 108 -1
108 -47.96008208381376 -153.7892264334752 1158.7102384854309 107 109 -1
109 -48.139547989228184 -153.69571484116102 1158.6772538224025 108 110 -1
110 -48.318188946488064 -153.60128606671714 1158.6424541745328 109 111 -1
111 -48.49597680326689 -153.5059547709398 1158.6057962967861 110 112 -1
112 -48.672880230920306 -153.40973431054525 1158.5672325929563 111 113 -1
113 -48.84886582539622 -153.31263826342584 1158.5267137953015 112 114 -1
114 -49.023895756385386 -153.21467862964033 1158.4841843183876 113 115 -1
115 -49.19793502400165 -153.1158724445392 1158.4395976998405 114 116 -1
116 -49.370943303073695 -153.01623457551355 1158.3928996739016 115 117 -1
117 -49.54287590260634 -152.91577931056335 1158.3440307732176 116 118 -1
118 -49.71369137344267 -152.81452609304614 1158.2929418085057 117 119 -1
119 -49.88333808206616 -152.712490021218 1158.2395674139411 118 120 -1
120 -50.05176964917285 -152.60969269482587 1158.1838567523637 119 121 -1
121 -50.21892826545055 -152.5061516597951 1158.1257415410603 120 122 -1
122 -50.38476169773933 -152.40189090921876 1158.0651687884456 121 123 -1
123 -50.54920632325774 -152.29693148134388 1158.002069360104 122 124 -1
124 -50.71220093250843 -152.19129915602704 1157.936383928561 123 125 -1
125 -50.873679626028974 -152.08502078050395 1157.8680501426002 124 126 -1
126 -51.03356983945967 -151.97812402606897 1157.7969999335592 125 127 -1
127 -51.19179757132108 -151.8706398040243 1157.7231690362019 126 128 -1
128 -51.34828616128982 -151.76260170601503 1157.6464950056493 127 129 -1
129 -51.502953397344484 -151.6540452897943 1157.5669128965853 128 130 -1
130 -51.65571310799688 -151.54500890083906 1157.4843584091977 129 131 -1
131 -51.806475145769966 -151.43553385308695 1157.3987682733473 130 132 -1
132 -51.95514540508588 -151.3256646043509 1157.3100806740042 131 133 -1
133 -52.10162588023016 -151.2154489229247 1157.2182357183196 132 134 -1
134 -52.245814769327055 -151.10493804137286 1157.1231759438808 133 135 -1
135 -52.38760663041138 -150.9941867929815 1157.0248468666919 134 136 -1
136 -52.5268925956856 -150.88325372585217 1156.9231975662676 135 137 -1
137 -52.66356064986171 -150.77220118917776 1156.8181813038766 136 138 -1
138 -52.797495506514764 -150.66109538859817 1156.709755598301 137 139 -1
139 -52.92857532655942 -150.55000656708205 1156.5978786415137 138 140 -1
140 -53.056685165845956 -150.43900876656573 1156.482525439774 139 141 -1
141 -53.181704675737 -150.3281796938779 1156.3636727232097 140 142 -1
142 -53.30351017566945 -150.21760092771984 1156.2413018836303 141 143 -1
143 -53.42197774724298 -150.10735771630473 1156.115402507476 142 144 -1
144 -53.536992560760304 -149.99753751336766 1155.9859814169724 143 145 -1
145 -53.64843483111592 -149.88823122663857 1155.8530475745051 144 146 -1
146 -53.75618362983143 -149.7795329815905 1155.7166163844508 145 147 -1
147 -53.860135175715925 -149.67153648921087 1155.5767259220318 146 148 -1
148 -53.96018302688896 -149.56433784444891 1155.4334173200261 147 149 -1
149 -54.05621852018837 -149.45803578421211 1155.2867357374982 148 150 -1
150 -54.14815778018003 -149.35272500113 1155.1367518125508 149 151 -1
151 -54.23591605105436 -149.24850122801263 1154.983538788735 150 152 -1
152 -54.31941763381946 -149.14545863909925 1154.8271800558518 151 153 -1
153 -54.398592684784155 -149.04369034342255 1154.6677659293832 152 154 -1
154 -54.473390987666704 -148.9432836872357 1154.505402025463 153 155 -1
155 -54.543770356955534 -148.84432298103695 1154.3401996033242 154 156 -1
156 -54.60969961606392 -148.74688816569014 1154.172276635987 155 157 -1
157 -54.67115997912282 -148.6510538279182 1154.0017575081745 156 158 -1
158 -54.72814306009279 -148.55688943109092 1153.8287707629315 157 159 -1
159 -54.780649808074386 -148.46445937515654 1153.6534477069051 158 160 -1
160 -54.828703455926295 -148.37381733066837 1153.475927727825 159 161 -1
161 -54.87233150958833 -148.285012807297 1153.2963479361715 160 162 -1
162 -54.91156294378137 -148.1980924956749 1153.1148421066814 161 163 -1
163 -54.946455298256694 -148.11308817767065 1152.9315514643095 162 164 -1
164 -54.977063821859424 -148.03002966374834 1152.746610480185 163 165 -1
165 -55.00344472966777 -147.94894368315963 1152.5601488007576 164 166 -1
166 -55.02567823821953 -147.869842809717 1152.3722987826627 165 167 -1
167 -55.043842168197244 -147.79273756408676 1152.1831854863576 166 168 -1
168 -55.05802098593437 -147.717632163337 1151.9929298046036 167 169 -1
169 -55.068294311249616 -147.64453039376446 1151.8016453396929 168 170 -1
170 -55.07476506620724 -147.57342101138312 1151.6094454504757 169 171 -1
171 -55.07752492685878 -147.50429550329812 1151.4164341976646 170 172 -1
172 -55.07667014224811 -147.43714007175683 1151.2227106940136 171 173 -1
173 -55.07229556432297 -147.37193888913737 1151.0283679129097 172 174 -1
174 -55.064505602473126 -147.30866799991978 1150.8334945717324 173 175 -1
175 -55.053397580121434 -147.2473046831043 1150.6381724495327 174 176 -1
176 -55.03907010341874 -147.18782291411057 1150.4424780815982 175 177 -1
177 -55.021622549031484 -147.13019368870368 1150.2464827530605 176 178 -1
178 -55.00115014368205 -147.07438806372505 1150.050252274879 177 179 -1
179 -54.97774403623665 -147.02037735898216 1149.8538475001014 178 180 -1
180 -54.951507862983306 -146.96812294111726 1149.6573251526468 179 181 -1
181 -54.922522609851804 -146.9175981488831 1149.4607366229486 180 182 -1
182 -54.89088247576472 -146.86876609987377 1149.2641295987835 181 183 -1
183 -54.85667560363393 -146.82159177863167 1149.067547543348 182 184 -1
184 -54.819984979984795 -146.77604170397677 1148.8710302040947 183 185 -1
185 -54.780892369209816 -146.73208151484633 1148.6746138447768 184 186 -1
186 -54.73947815089367 -146.68967613819382 1148.478331388224 185 187 -1
187 -54.69582117842667 -146.64878994628268 1148.2822125654445 186 188 -1
188 -54.649987406187634 -146.60939469705212 1148.0862852318915 187 189 -1
189 -54.602057819988396 -146.57145047052109 1147.8905730574993 188 190 -1
190 -54.55209640003192 -146.5349277582579 1147.695098649557 189 191 -1
191 -54.5 -146.5 1147.5 190 192 193
192 -54.41270034518148 -146.54774793660718 1147.3301560655993 191 194 -1
193 -54.61235370067317 -146.41520456516838 1147.665034590825 191 195 -1
194 -54.32599007379621 -146.59585457389628 1147.1598745401616 192 196 -1
195 -54.72589866374657 -146.3275006865684 1147.8276136575496 193 197 -1
196 -54.239915850969865 -146.64417151335414 1146.9893300503477 194 198 -1
197 -54.840718148776695 -146.23717596022465 1147.98784586768 195 199 -1
198 -54.15446137934426 -146.69262422348464 1146.818512626712 196 200 -1
199 -54.956769634833876 -146.14432936452164 1148.145732042881 197 201 -1
200 -54.069611869011176 -146.7411381657626 1146.6474112418027 198 202 -1
201 -55.07401165329619 -146.0490604261984 1148.301278408843 199 203 -1
202 -53.9853553420241 -146.78963776305937 1146.4760130111827 200 204 -1
203 -55.19240395719458 -145.95146877717087 1148.4544962861628 201 205 -1
204 -53.90167327757387 -146.83804686317788 1146.3043080389557 202 206 -1
205 -55.31190769111521 -145.85165369865112 1148.6054017050994 203 207 -1
206 -53.81855579158786 -146.88628665691851 1146.1322814978357 204 208 -1
207 -55.43248579712309 -145.74971320061906 1148.754014428964 205 209 -1
208 -53.73598300335198 -146.93428018640373 1145.959924084602 206 210 -1
209 -55.55410221448451 -145.64574546894795 1148.9003595300544 207 211 -1
210 -53.65394512186143 -146.98194474383152 1145.7872203080879 208 212 -1
211 -55.67672277128544 -145.5398469529667 1149.044465313724 209 213 -1
212 -53.57242304012715 -147.029201741095 1145.6141606681554 210 214 -1
213 -55.80031499336242 -145.43211261021506 1149.1863634781246 211 215 -1
214 -53.4914053124828 -147.0759655838924 1145.4407306319952 212 216 -1
215 -55.92484813753071 -145.32263570298534 1149.3260887753136 213 217 -1
216 -53.41087548498319 -147.1221534519582 1145.266919455505 214 218 -1
217 -56.050293208132665 -145.21150763060336 1149.4636786825934 215 219 -1
218 -53.330818983413465 -147.16767973156365 1145.0927155407237 216 220 -1
219 -56.17662295885285 -145.0988177951014 1149.5991730868036 217 221 -1
220 -53.25122362388702 -147.2124528359341 1144.9181056184887 218 222 -1
221 -56.30381188170877 -144.9846534977531 1149.7326139836955 219 223 -1
222 -53.172071499757344 -147.25638992002598 1144.7430823646048 220 224 -1
223 -56.431836185042584 -144.8690998638487 1149.864045193995 221 225 -1
224 -53.09335309974281 -147.29939037614926 1144.56763144179 222 226 -1
225 -56.56067545354763 -144.75223718059829 1149.9935080055695 223 227 -1
226 -53.01505167832027 -147.34136701299292 1144.3917465910374 224 228 -1
227 -56.69030772462025 -144.6341486491471 1150.1210527543792 225 229 -1
228 -52.93715334072778 -147.3822266981047 1144.2154203195028 226 230 -1
229 -56.82071406334822 -144.51491282122183 1150.2467274341068 227 231 -1
230 -52.859649070190294 -147.42185931161052 1144.03864095692 228 232 -1
231 -56.951877162639924 -144.39460587904733 1150.370580729847 229 233 -1
232 -52.782522693402235 -147.4601758632008 1143.8614068395143 230 234 -1
233 -57.08378338313737 -144.27329902699051 1150.4926568685373 231 235 -1
234 -52.70576229033676 -147.49707464230556 1143.683713651886 232 236 -1
235 -57.21641647262092 -144.15106680090267 1150.613010327667 233 237 -1
236 -52.62935910767626 -147.53245630774214 1143.5055585759217 234 238 -1
237 -57.34976327270608 -144.02797913395767 1150.7316918125734 235 239 -1
238 -52.55331025956498 -147.56634588988754 1143.3269623124093 236 240 -1
239 -57.48381452634604 -143.90410115729006 1150.8487463749075 237 241 -1
240 -52.47761592329077 -147.59883436552073 1143.1479554886766 238 242 -1
241 -57.618557919065616 -143.77950094280857 1150.9642292128615 239 243 -1
242 -52.40227635370714 -147.63001126520308 1142.9685660985024 240 244 -1
243 -57.75398479964824 -143.654241859004 1151.0781898481082 241 245 -1
244 -52.32729126042722 -147.65996729335063 1142.7888204400479 242 246 -1
245 -57.89008851436055 -143.5283849433757 1151.1906760189809 243 247 -1
246 -52.2526595721496 -147.6887956680312 1142.6087435563768 244 248 -1
247 -58.0268599939734 -143.4019924504633 1151.3017428581322 245 249 -1
248 -52.17837683163541 -147.7165993664035 1142.4283614842261 246 250 -1
249 -58.16429674089721 -143.2751207489965 1151.4114336573844 247 251 -1
250 -52.104439218351054 -147.74347827520086 1142.2476976151297 248 252 -1
251 -58.30239056866948 -143.14782946080123 1151.5198052260776 249 253 -1
252 -52.03084204320885 -147.76953441617442 1142.0667743435883 250 254 -1
253 -58.441140855760494 -143.0201725014951 1151.6269007315636 251 255 -1
254 -51.957579816519726 -147.79487176732263 1141.8856131521802 252 256 -1
255 -58.58054160228721 -142.89220596208247 1151.7327751788584 253 257 -1
256 -51.88464631925525 -147.81959609300804 1141.7042347112185 254 258 -1
257 -58.72059402834322 -142.7639816843913 1151.837471246838 255 259 -1
258 -51.812035730123114 -147.8438134610848 1141.5226583972405 256 260 -1
259 -58.861293674699965 -142.63555294417324 1151.9410429259356 257 261 -1
260 -51.739739434438924 -147.86763485433138 1141.3409043582717 258 262 -1
261 -59.002642778087704 -142.50697002037091 1152.0435334001074 259 263 -1
262 -51.6677494530379 -147.89117041865606 1141.158991550503 260 264 -1
263 -59.144639462368296 -142.37828348256483 1152.1449935378087 261 265 -1
264 -51.59605741983995 -147.9145314310253 1140.9769386200687 262 266 -1
265 -59.287285517990895 -142.24954239407657 1152.2454688401792 263 267 -1
266 -51.524654628179974 -147.93783021179658 1140.7947640768448 264 268 -1
267 -59.43058267500623 -142.12079527239496 1152.3450055758556 265 269 -1
268 -51.45353211195818 -147.96117998466647 1140.6124864545125 266 270 -1
269 -59.57453144393909 -141.99208979287192 1152.4436519990209 267 271 -1
270 -51.382680727341054 -147.98469473564222 1140.4301244764551 268 272 -1
271 -59.71913704188094 -141.86347345322645 1152.541450409736 269 273 -1
272 -51.312091236877954 -148.00848905686289 1140.2476972237941 270 274 -1
273 -59.86440026038984 -141.73499261826214 1152.6384491054678 271 275 -1
274 -51.241756938999316 -148.0326633607572 1140.0652213797703 272 276 -1
275 -60.01032496927588 -141.60669349805053 1152.734692517567 273 277 -1
276 -51.171680440871825 -148.05726516869876 1139.8827034982771 274 278 -1
277 -60.15691688424488 -141.47862261928907 1152.8302233645027 275 279 -1
278 -51.10186662700459 -148.08232949596157 1139.7001478905518 276 280 -1
279 -60.304178227841234 -141.3508248668244 1152.9250880844227 277 281 -1
280 -51.032320468311795 -148.10789143967247 1139.517559130868 278 282 -1
281 -60.452114573908204 -141.22334599709723 1153.0193295907318 279 283 -1
282 -50.963047108741506 -148.13398633249525 1139.3349420681066 280 284 -1
283 -60.60073207837744 -141.09623202592277 1153.1129904817312 281 285 -1
284 -50.894051878285936 -148.16064978179574 1139.152301852249 282 286 -1
285 -60.75003429473523 -140.96952731424471 1153.20611540171 283 287 -1
286 -50.82533975537405 -148.18791648831018 1138.9696439849292 284 288 -1
287 -60.90002766295146 -140.84327773310125 1153.2987464945384 285 289 -1
288 -50.75691609627052 -148.21582170805053 1138.786974275386 286 290 -1
289 -61.05071911683209 -140.717529690261 1153.390925670222 287 291 -1
290 -50.688786362076314 -148.24440069327682 1138.6042988871002 288 292 -1
291 -61.2021128788782 -140.59232764172972 1153.482696353409 289 293 -1
292 -50.620956121410124 -148.2736886712296 1138.421624355462 290 294 -1
293 -61.354215836397145 -140.46771815643157 1153.574100111427 291 295 -1
294 -50.55343105269249 -148.30372082138237 1138.2389576050787 292 296 -1
295 -61.507035663419025 -140.34374895911296 1153.6651781838684 293 297 -1
296 -50.486216945999395 -148.33453225116241 1138.0563059666463 294 298 -1
297 -61.660576753132005 -140.2204651453829 1153.7559730451535 295 299 -1
298 -50.4193197044526 -148.36615797009213 1137.8736771932972 296 300 -1
299 -61.814846196947784 -140.09791470140914 1153.8465257653318 297 301 -1
300 -50.3527453451134 -148.39863286230917 1137.6910794763287 298 302 -1
301 -61.969851945737574 -139.9761473067835 1153.9368771964716 299 303 -1
302 -50.28649999934516 -148.4319916574336 1137.5085214602163 300 304 -1
303 -62.12559822747651 -139.85520932112033 1154.0270689573968 301 305 -1
304 -50.22058991261027 -148.4662688997552 1137.326012256806 302 306 -1
305 -62.28209226450854 -139.73515115214883 1154.1171417079981 303 307 -1
306 -50.15502144366677 -148.50149891572588 1137.1435614585773 304 308 -1
307 -62.43934134904139 -139.61602447823375 1154.2071361539001 305 309 -1
308 -50.08980106313021 -148.53771577975132 1136.961179150861 306 310 -1
309 -62.597349366458225 -139.49787777395767 1154.297093102912 307 311 -1
310 -50.024935351367034 -148.57495327828713 1136.7788759228936 308 312 -1
311 -62.75612374935116 -139.38076530112545 1154.3870530090137 309 313 -1
312 -49.96043099568478 -148.61324487225752 1136.5966628775873 310 314 -1
313 -62.91566969588554 -139.2647398761196 1154.4770563462705 311 315 -1
314 -49.89629478678916 -148.6526236578273 1136.4145516398844 312 316 -1
315 -63.075990716950315 -139.14985330523442 1154.5671432193974 313 317 -1
316 -49.8325336144753 -148.69312232557212 1136.2325543635727 314 318 -1
317 -63.23709465031785 -139.03616569949685 1154.6573542881877 315 319 -1
318 -49.769154462526195 -148.73477311810714 1136.0506837364273 316 320 -1
319 -63.39898267223862 -138.92372893119685 1154.7477291314553 317 321 -1
320 -49.70616440279046 -148.7776077862503 1135.8689529835488 318 322 -1
321 -63.561659786185075 -138.81260292961295 1154.8383079648443 319 323 -1
322 -49.64357058841852 -148.82165754381197 1135.6873758687677 320 324 -1
323 -63.725129135483186 -138.70284709339066 1154.9291306966325 321 325 -1
324 -49.58138024623414 -148.8669530211226 1135.5059666939846 322 326 -1
325 -63.88939156675473 -138.59451928836475 1155.020236486441 323 327 -1
326 -49.51960066822899 -148.91352421742377 1135.3247402963202 324 328 -1
327 -64.05445104546611 -138.48768600056204 1155.1116658229969 325 329 -1
328 -49.45823920216562 -148.961400452271 1135.1437120429537 326 330 -1
329 -64.22030476687299 -138.3824002934397 1155.2034522933393 327 331 -1
330 -49.39730324128498 -149.0106103161111 1134.9628978235357 328 332 -1
331 -64.38695636725333 -138.27869950062527 1155.2955971791475 329 333 -1
332 -49.33680021311585 -149.0611816202176 1134.7823140400644 330 334 -1
333 -64.55440106608613 -138.17658971193006 1155.3880804290766 331 335 -1
334 -49.276737567392075 -149.11314134618644 1134.601977594131 332 336 -1
335 -64.72264265666533 -138.07609442917723 1155.4808853317943 333 337 -1
336 -49.21712276309063 -149.1665155952085 1134.4219058714452 334 338 -1
337 -64.89167646945398 -137.97722037622032 1155.5739915754389 335 339 -1
338 -49.15796325460611 -149.2213295373591 1134.2421167235707 336 340 -1
339 -65.06150582959549 -137.87999101967836 1155.6673817160697 337 341 -1
340 -49.099266477092215 -149.27760736115334 1134.062628446808 338 342 -1
341 -65.23212694774644 -137.78441556936303 1155.7610355447066 339 343 -1
342 -49.04103983100071 -149.33537222363756 1133.8834597581888 340 344 -1
343 -65.40354156658186 -137.6905152084412 1155.8549345347176 341 345 -1
344 -48.98329066586262 -149.39464620129684 1133.7046297685577 342 346 -1
345 -65.57574789165969 -137.5983042022179 1155.9490587896803 343 347 -1
346 -48.92602626336084 -149.45545024207178 1133.5261579527387 344 348 -1
347 -65.74874494165319 -137.50779900948484 1156.0433884928157 345 349 -1
348 -48.86925277582854 -149.51779875940107 1133.3480625569416 346 350 -1
349 -65.9225339244212 -137.41902146552601 1156.1379040676075 347 351 -1
350 -48.81296791046544 -149.58166070730206 1133.1703486893575 348 352 -1
351 -66.09711155540155 -137.3319841890123 1156.232584655877 349 353 -1
352 -48.75716254609072 -149.64697516901253 1132.9930118739169 350 354 -1
353 -66.2724784290513 -137.2467089643597 1156.327409990301 351 355 -1
354 -48.70182753011557 -149.7136829755016 1132.8160466848103 352 356 -1
355 -66.44863371078762 -137.1632151797222 1156.4223591632008 353 357 -1
356 -48.64695380992852 -149.7817270110393 1132.63944694307 354 358 -1
357 -66.62557485394424 -137.0815190348312 1156.5174107618984 355 359 -1
358 -48.59253214303745 -149.8510512210541 1132.4632055369275 356 360 -1
359 -66.80330130345403 -137.00164204628715 1156.6125433484528 357 361 -1
360 -48.53855312475717 -149.92160060466347 1132.287314488365 358 362 -1
361 -66.98181271975602 -136.92360719660073 1156.7077350621232 359 363 -1
362 -48.48500721357178 -149.9933212015035 1132.1117650159279 360 364 -1
363 -67.16110579049665 -136.84743136685407 1156.802963490034 361 365 -1
364 -48.43188475426161 -150.06616007344942 1131.9365475937902 362 366 -1
365 -67.34117876872611 -136.77313602767458 1156.8982060019528 363 367 -1
366 -48.37917789295054 -150.1400700389855 1131.761653465121 364 368 -1
367 -67.52202989399231 -136.70074367301027 1156.9934395398484 365 369 -1
368 -48.326874970572504 -150.2149952634906 1131.5870703243404 366 370 -1
369 -67.70365798897544 -136.63027942602338 1157.0886405203603 367 371 -1
370 -48.27496603496157 -150.2908855314874 1131.4127866616088 368 372 -1
371 -67.88605904248591 -136.5617625266502 1157.1837850396475 369 373 -1
372 -48.223441153846444 -150.3676916954892 1131.238790470424 370 374 -1
373 -68.06923021160215 -136.49521629483533 1157.2788487110872 371 375 -1
374 -48.17229036717895 -150.44536548191115 1131.0650692414515 372 376 -1
375 -68.2531683163626 -136.43066451233685 1157.37380666542 373 377 -1
376 -48.12150457666451 -150.52386136776468 1130.89161061651 374 378 -1
377 -68.43786981214961 -136.36813141865133 1157.4686335348495 375 379 -1
378 -48.07107409305814 -150.60313313350912 1130.7184013368978 376 380 -1
379 -68.62333076090216 -136.30764170544845 1157.5633034373718 377 381 -1
380 -48.020987697940605 -150.68313209169645 1130.545426698004 378 382 -1
381 -68.8095468011502 -136.2492205093964 1157.657789961414 379 383 -1
382 -47.97123541417804 -150.76381303415369 1130.3726725135518 380 384 -1
383 -68.99651311686677 -136.19289340325466 1157.7520661508597 381 385 -1
384 -47.921807282756404 -150.84513141516257 1130.2001242573608 382 386 -1
385 -69.1842244051445 -136.13868638510309 1157.8461044905503 383 387 -1
386 -47.87269462241479 -150.92704556817063 1130.0277678118448 384 388 -1
387 -69.37267484270778 -136.086625865575 1157.9398768923566 385 389 -1
388 -47.82388692678113 -151.00951076837904 1129.8555875874356 386 390 -1
389 -69.56185805128196 -136.03673865295514 1158.033354681929 387 391 -1
390 -47.77537354963855 -151.09248271774572 1129.683567699356 388 392 -1
391 -69.7517670618502 -135.98905193599953 1158.1265085862349 389 393 -1
392 -47.727144640541425 -151.17591902580588 1129.5116924725849 390 394 -1
393 -69.94239427784055 -135.9435932643329 1158.2193087220044 391 395 -1
394 -47.67919066559452 -151.2597781226233 1129.3399461140011 392 396 -1
395 -70.13373143729585 -135.90039052627498 1158.311724585219 393 397 -1
396 -47.631503017112706 -151.3440198560034 1129.1683128848517 394 398 -1
397 -70.32576957409462 -135.85947192394627 1158.4037250417748 395 399 -1
398 -47.58407036669582 -151.42860048936373 1128.9967756895508 396 400 -1
399 -70.51849897830083 -135.8208659455042 1158.495278319477 397 401 -1
400 -47.53688300627474 -151.51347898580985 1128.8253179808603 398 402 -1
401 -70.71190915574303 -135.78460133435928 1158.5863520015146 399 403 -1
402 -47.489931264585096 -151.59861451573178 1128.653923026742 400 404 -1
403 -70.90598878693196 -135.75070705522592 1158.6769130215862 401 405 -1
404 -47.443206607356814 -151.6839672903452 1128.4825740635438 402 406 -1
405 -71.1007256968681 -135.71921229991204 1158.7669276505553 403 407 -1
406 -47.39669855606089 -151.76949561998225 1128.3112537077266 404 408 -1
407 -71.29610808998389 -135.69015143143415 1158.8563602454492 405 409 -1
408 -47.35039716442443 -151.8551586143454 1128.139944653402 406 410 -1
409 -71.49212066229576 -135.6635493132127 1158.9451767942596 407 411 -1
410 -47.304292891308805 -151.94091572860378 1127.9686295227934 408 412 -1
411 -71.68874835662864 -135.63943539263144 1159.0333416027706 409 413 -1
412 -47.25837645553304 -152.02672636276424 1127.7972907433448 410 414 -1
413 -71.88597511692076 -135.61783927994338 1159.1208182872363 411 415 -1
414 -47.212638938309084 -152.1125494954739 1127.6259103740401 412 416 -1
415 -72.08378530468026 -135.5987973846369 1159.2075677953558 413 417 -1
416 -47.1670699214925 -152.19834393385446 1127.4544707625091 414 418 -1
417 -72.2821590414043 -135.58233238591052 1159.2935543191347 415 419 -1
418 -47.12165996026235 -152.28406851602335 1127.2829540219932 416 420 -1
419 -72.48107685479344 -135.56847336875973 1159.3787396421803 417 421 -1
420 -47.07639962663493 -152.36968177362925 1127.1113421564705 418 422 -1
421 -72.68051965647801 -135.5572575571641 1159.4630821937812 419 423 -1
422 -47.03127962762852 -152.45514168865745 1126.939616946784 420 424 -1
423 -72.88046399390934 -135.54870623636612 1159.546544792346 421 425 -1
424 -46.98629085880101 -152.5404051980737 1126.7677597325928 422 426 -1
425 -73.08088275715684 -135.54284050425628 1159.62909652071 423 427 -1
426 -46.941414324073364 -152.62544512271302 1126.595762449582 424 428 -1
427 -73.28172489205804 -135.53963033714595 1159.710760715188 425 429 -1
428 -46.89661421879553 -152.71026200594113 1126.4236351558252 426 430 -1
429 -73.48293104639087 -135.53901367413536 1159.7915855180659 427 431 -1
430 -46.85185233845373 -152.79485991990109 1126.2513901962714 428 432 -1
431 -73.68444618264326 -135.54094173542205 1159.8716162183223 429 433 -1
432 -46.80709015809693 -152.87924306429593 1126.079039995483 430 434 -1
433 -73.88621536591147 -135.54534588805646 1159.9509056398392 431 435 -1
434 -46.76228886670098 -152.96341575287565 1125.9065970698264 432 436 -1
435 -74.0881874699457 -135.55216900375106 1160.0295043726662 433 437 -1
436 -46.71740897950204 -153.0473816810197 1125.73407380099 434 438 -1
437 -74.29031290207729 -135.5613432814023 1160.1074673195112 435 439 -1
438 -46.67241131736749 -153.1311460565609 1125.5614832485053 436 440 -1
439 -74.49254477274461 -135.57280341627802 1160.1848497931906 437 441 -1
440 -46.62725647078418 -153.2147135290367 1125.388838308046 438 442 -1
441 -74.69483846889699 -135.58648203563703 1160.261708743958 439 443 -1
442 -46.58190485501623 -153.29808872391567 1125.2161519891565 440 444 -1
443 -74.89715168512598 -135.60230777555185 1160.3381029943414 441 445 -1
444 -46.53631677886283 -153.3812763100276 1125.0434374608158 442 446 -1
445 -75.09944441210739 -135.62021388503618 1160.4140913199199 443 447 -1
446 -46.49045248315667 -153.46428098505643 1124.8707080651645 444 448 -1
447 -75.30167900177013 -135.6401243217673 1160.4897350584029 445 449 -1
448 -46.44427218011994 -153.54710746099371 1124.6979773310884 446 450 -1
449 -75.50381959027898 -135.6619735225222 1160.5650945355803 447 451 -1
450 -46.39773609362041 -153.6297604495908 1124.5252589875336 448 452 -1
451 -75.70583304285782 -135.68568234358835 1160.6402326544692 449 453 -1
452 -46.35080378630388 -153.71224437895233 1124.3525670430804 450 454 -1
453 -75.90768726503306 -135.71118492242462 1160.715211281504 451 455 -1
454 -46.30343556833061 -153.7945639856421 1124.179915721329 452 456 -1
455 -76.10935308725146 -135.7384028095386 1160.790093894317 453 457 -1
456 -46.25559250531138 -153.87672412760142 1124.0073193908113 454 458 -1
457 -76.31080217960906 -135.76726655629665 1160.8649436786068 455 459 -1
458 -46.20723528715398 -153.9587293678739 1123.8347927060056 456 460 -1
459 -76.51200836949712 -135.79770207924642 1160.9398243051912 457 461 -1
460 -46.15832482901559 -154.04058419802362 1123.6623505804673 458 462 -1
461 -76.71294707732784 -135.82963554122233 1161.0147994150425 459 463 -1
462 -46.108822317468785 -154.1222930244472 1123.4900081957746 460 464 -1
463 -76.91359419241427 -135.86299780899776 1161.0899332034223 461 465 -1
464 -46.05868925767534 -154.20386015498542 1123.3177810092523 462 466 -1
465 -77.11392843278549 -135.89771249946114 1161.165288937461 463 467 -1
466 -46.007887521541555 -154.28528978588517 1123.145684760339 464 468 -1
467 -77.31392804552435 -135.93371069483578 1161.2409308626666 465 469 -1
468 -45.956379474670854 -154.3665859982391 1122.973735456243 466 470 -1
469 -77.51357325429869 -135.97091968396927 1161.3169223532059 467 471 -1
470 -45.9041539727048 -154.4477558026303 1122.8019429034082 468 472 -1
471 -77.7128453785205 -136.00926693943876 1161.393326163947 469 473 -1
472 -45.85126707797922 -154.52881406165085 1122.6303000630385 470 474 -1
473 -77.9117249541299 -136.0486846541236 1161.4702065819083 471 475 -1
474 -45.797789684904615 -154.6097778538818 1122.458795635153 472 476 -1
475 -78.11019504386105 -136.0891001435961 1161.5476252873027 473 477 -1
476 -45.74379039244655 -154.69066414819522 1122.2874181984266 474 478 -1
477 -78.30823861193252 -136.13044321746128 1161.6256441557553 475 479 -1
478 -45.68933725398385 -154.77149008273247 1122.1161559096206 476 480 -1
479 -78.50583786622867 -136.17264627536633 1161.704326347726 477 481 -1
480 -45.634497992611436 -154.85227296960576 1121.9449965305612 478 482 -1
481 -78.70297682372406 -136.2156390547236 1161.7837322827336 479 483 -1
482 -45.579340067260944 -154.93303027522808 1121.7739274877576 480 484 -1
483 -78.89963944706433 -136.25935251297662 1161.863922028357 481 485 -1
484 -45.523930741549634 -155.01377960174986 1121.6029359304594 482 486 -1
485 -79.09580929403049 -136.3037188254377 1161.9449557844714 483 487 -1
486 -45.46833715491855 -155.09453866936624 1121.4320087874735 484 488 -1
487 -79.29146912264918 -136.34867123958455 1162.026894519307 485 489 -1
488 -45.41262637712833 -155.1753253162286 1121.261132837148 486 490 -1
489 -79.48660357013259 -136.3941411705897 1162.1097948850097 487 491 -1
490 -45.356865642277505 -155.25615762424295 1121.0902947781415 488 492 -1
491 -79.6811960131212 -136.4400618143 1162.1937145317042 489 493 -1
492 -45.301122488322285 -155.33705348455362 1120.9194810661768 490 494 -1
493 -79.87522954499451 -136.48636674164067 1162.2787102223326 491 495 -1
494 -45.24546428630698 -155.418030916393 1120.7486783072245 492 496 -1
495 -80.06868640527247 -136.53299010438315 1162.3648387472304 493 497 -1
496 -45.18995865580166 -155.49910797174894 1120.5778731659057 494 498 -1
497 -80.2615488957135 -136.57986603824082 1162.4521549170975 495 499 -1
498 -45.13467354137547 -155.58030271773197 1120.407052422166 496 500 -1
499 -80.4537993496685 -136.62692896432995 1162.5407113311553 497 501 -1
500 -45.07967728859296 -155.66163321805197 1120.2362030292031 498 502 -1
501 -80.6454190224902 -136.67411396561923 1162.6305604186578 499 503 -1
502 -45.02503871910412 -155.74311751333795 1120.0653121730184 500 504 -1
503 -80.83638856037446 -136.72135650805316 1162.7217533279575 501 505 -1
504 -44.97082720437551 -155.8247736000248 1119.894367333956 502 506 -1
505 -81.0266879544958 -136.7685924536559 1162.8143398366972 503 507 -1
506 -44.91711273757173 -155.90661940753284 1119.7233563505977 504 508 -1
507 -81.21629650239383 -136.81575807878 1162.908368258262 505 509 -1
508 -44.86396600305962 -155.98867277345906 1119.5522674863512 506 510 -1
509 -81.40519277699234 -136.86279009796053 1163.0038853446686 507 511 -1
510 -44.811459062799614 -156.0709516280731 1119.3810894120804 508 512 -1
511 -81.59335460364089 -136.90962569378607 1163.100936186171 509 513 -1
512 -44.75966436763054 -156.15347358577276 1119.2098114273367 510 514 -1
513 -81.78075904557303 -136.9562025531432 1163.1995641079618 511 515 -1
514 -44.70865433650134 -156.23625578317538 1119.0384236067493 512 516 -1
515 -81.96738239817374 -137.0024589101318 1163.2998105644479 513 517 -1
516 -44.65850299533071 -156.31931537857398 1118.8669166550444 514 518 -1
517 -82.15320019243327 -137.04833359587988 1163.401715031698 515 519 -1
518 -44.60927466080505 -156.4026680777892 1118.6952845511923 516 520 -1
519 -82.33818720795047 -137.09376609541349 1163.5053148987486 517 521 -1
520 -44.560967378206065 -156.48632191842827 1118.523537278025 518 522 -1
521 -82.52231749580965 -137.1386966116535 1163.6106453585815 519 523 -1
522 -44.51355216225939 -156.57028201382062 1118.3516908689253 520 524 -1
523 -82.70556441161644 -137.18306613652175 1163.717739299677 521 525 -1
524 -44.46699926980783 -156.65455356265906 1118.1797611532766 522 526 -1
525 -82.88790065892013 -137.22681652904254 1163.826627199154 523 527 -1
526 -44.42127834547224 -156.73914185427677 1118.0077637258296 524 528 -1
527 -83.06929834317779 -137.26989060021992 1163.9373370186017 525 529 -1
528 -44.376358459327605 -156.8240522611656 1117.835713942944 526 530 -1
529 -83.24972903633787 -137.31223220436243 1164.0498941037838 527 531 -1
530 -44.332208144420754 -156.90929023101552 1117.6636269203311 528 532 -1
531 -83.4291628653146 -137.3537855262464 1164.1643229082026 529 533 -1
532 -44.288795434048275 -156.9948612782946 1117.49151753222 530 534 -1
533 -83.60756967361219 -137.39449596174885 1164.2806447798755 531 535 -1
534 -44.24608789872331 -157.0807709753933 1117.3194004118764 532 536 -1
535 -83.78492121479272 -137.43431209680182 1164.3988741745256 533 537 -1
536 -44.20405268276879 -157.16702494335559 1117.1472899533921 534 538 -1
537 -83.96118771316719 -137.47318290724243 1164.519025134422 535 539 -1
538 -44.162656540485955 -157.25362884221883 1116.9752003146657 536 540 -1
539 -84.13633546776737 -137.51105542074947 1164.6411152306812 537 541 -1
540 -44.12186587185406 -157.34058836098677 1116.8031454214854 538 542 -1
541 -84.31033721772441 -137.54788401749798 1164.7651477968984 539 543 -1
542 -44.081646757728016 -157.4279092072582 1116.6311389726277 540 544 -1
543 -84.48316198175756 -137.58362139653516 1164.8911297826467 541 545 -1
544 -44.0419649945073 -157.51559709653543 1116.4591944458846 542 546 -1
545 -84.65477757673774 -137.61822066159988 1165.0190671945095 543 547 -1
546 -44.002786128259146 -157.60365774123593 1116.2873251049255 544 548 -1
547 -84.82515693514284 -137.65164133937847 1165.1489553090494 545 549 -1
548 -43.96407548828524 -157.69209683943018 1116.1155440069062 546 550 -1
549 -84.99426717604216 -137.68383895884284 1165.2807961836982 547 551 -1
550 -43.92579822012792 -157.78092006333105 1115.943864010733 548 552 -1
551 -85.16208141829073 -137.71477632636604 1165.41458041646 549 553 -1
552 -43.88791931801898 -157.87013304755803 1115.7722977858905 550 554 -1
553 -85.3285715386304 -137.74441654795234 1165.5502987038633 551 555 -1
554 -43.85040365677938 -157.95974137719958 1115.6008578217443 552 556 -1
555 -85.49370586469206 -137.77272062803752 1165.6879449149603 553 557 -1
556 -43.813216023182356 -158.04975057570013 1115.4295564372303 554 558 -1
557 -85.65746132393863 -137.7996594063709 1165.8274991394037 555 559 -1
558 -43.776321146798175 -158.14016609259502 1115.2584057908405 556 560 -1
559 -85.81981134487374 -137.82520158336425 1165.9689452184546 557 561 -1
560 -43.7396837303411 -158.23099329112003 1115.0874178908216 558 562 -1
561 -85.98073046089462 -137.84931817670184 1166.112264288744 559 563 -1
562 -43.703268479543596 -158.32223743571961 1114.9166046055009 560 564 -1
563 -86.14019358096755 -137.87198173044726 1166.257435928607 561 565 -1
564 -43.667040132583445 -158.41390367948173 1114.745977673656 562 566 -1
565 -86.29817879860447 -137.8931690537115 1166.4044348812076 563 567 -1
566 -43.63096348909311 -158.5059970515261 1114.5755487148479 564 568 -1
567 -86.45466563668515 -137.9128593981485 1166.5532336745168 565 569 -1
568 -43.59500343878019 -158.59852244437272 1114.405329239641 566 570 -1
569 -86.6096342995339 -137.93103363149606 1166.703803708222 567 571 -1
570 -43.55912498968944 -158.69148460132038 1114.2353306596315 568 572 -1
571 -86.76306431127571 -137.94767280592427 1166.8561168452302 569 573 -1
572 -43.52329329613601 -158.78488810386494 1114.0655642972085 570 574 -1
573 -86.91494067609591 -137.9627642270334 1167.0101387005286 571 575 -1
574 -43.487473686339584 -158.87873735918654 1113.8960413949833 572 576 -1
575 -87.06524895292952 -137.97629645401233 1167.1658345907958 573 577 -1
576 -43.45163168978751 -158.97303658773865 1113.7267731248096 574 578 -1
577 -87.21397665476604 -137.98826061448426 1167.323168154768 575 579 -1
578 -43.41573306435266 -159.06778981097247 1113.5577705963362 576 580 -1
579 -87.3611071367509 -137.99864429234893 1167.4821075431216 577 581 -1
580 -43.37974382319131 -159.1630008392274 1113.3890448650216 578 582 -1
581 -87.50663435401474 -138.00744605866853 1167.6426107700615 579 583 -1
582 -43.34363026144141 -159.25867325982685 1113.2206069395586 580 584 -1
583 -87.65054862206004 -138.01466130216681 1167.804640278051 581 585 -1
584 -43.30735898273992 -159.35481042541284 1113.0524677886433 582 586 -1
585 -87.7928430215193 -138.02028850467852 1167.9681565924432 583 587 -1
586 -43.27089692557364 -159.45141544255753 1112.8846383470418 584 588 -1
587 -87.93351084388823 -138.0243266676343 1168.1331208622214 585 589 -1
588 -43.23421138947448 -159.54849116069065 1112.717129520897 586 590 -1
589 -88.07255237016194 -138.02678185332834 1168.299489098259 587 591 -1
590 -43.1972700610648 -159.64604016138207 1112.549952192236 588 592 -1
591 -88.2099626310265 -138.0276552018438 1168.4672229357482 589 593 -1
592 -43.160041039954855 -159.74406474802095 1112.3831172226278 590 594 -1
593 -88.34573959424542 -138.0269508805184 1168.6362824283376 591 595 -1
594 -43.12249286448882 -159.842566935931 1112.2166354559545 592 596 -1
595 -88.47988740071801 -138.0246791101489 1168.8066238526 593 597 -1
596 -43.08459382590705 -159.94154934033406 1112.050518420213 594 598 -1
597 -88.61240821867868 -138.02084825216537 1168.9782063764424 595 599 -1
598 -43.04631330237493 -160.04101331178737 1111.8847769365098 596 600 -1
599 -88.74330596193157 -138.0154683648503 1169.1509890592079 597 601 -1
600 -43.007622328118266 -160.1409585153278 1111.7194207126884 598 602 -1
601 -88.87258625884809 -138.00855112720325 1169.3249309775956 599 603 -1
602 -42.9685029698383 -160.24137017341414 1111.5544483147792 600 604 -1
603 -89.0 -138.0 1169.5 601 -1 -1
604 -42.928947801298314 -160.3422198004778 1111.3898474002317 602 605 -1
605 -42.888949770343025 -160.44347884043677 1111.225605240805 604 606 -1
606 -42.848501755685774 -160.54511922935058 1111.0617091899694 605 607 -1
607 -42.807594561836794 -160.64711476812968 1110.8981480708455 606 608 -1
608 -42.766222190514085 -160.74943706464097 1110.7349083607312 607 609 -1
609 -42.72437780791851 -160.85205893100093 1110.5719773040169 608 610 -1
610 -42.68205398620248 -160.95495395124587 1110.4093426230909 609 611 -1
611 -42.639243214581064 -161.0580960550738 1110.2469921469658 610 612 -1
612 -42.59593514376467 -161.16146055681477 1110.0849152369278 611 613 -1
613 -42.55212403072564 -161.26502087702235 1109.9230987361418 612 614 -1
614 -42.50780268555669 -161.3687515378279 1109.7615304783133 613 615 -1
615 -42.46296323751513 -161.47262756126355 1109.6001987380946 614 616 -1
616 -42.41759560440057 -161.5766245569797 1109.4390927530435 615 617 -1
617 -42.37169179154307 -161.68071761680284 1109.2782008334323 616 618 -1
618 -42.325245454549105 -161.78488188775222 1109.1175108318146 617 619 -1
619 -42.278248322750784 -161.88909307098803 1108.9570115058393 618 620 -1
620 -42.23068931300453 -161.99332696691863 1108.796692540875 619 621 -1
621 -42.18256063330871 -162.09755915081186 1108.6365425625384 620 622 -1
622 -42.13385549098834 -162.2017654997063 1108.4765501304985 621 623 -1
623 -42.084565180602304 -162.30592200310872 1108.316704514687 622 624 -1
624 -42.034676557831006 -162.4100039546469 1108.1569960153738 623 625 -1
625 -41.98418411316144 -162.51398754275903 1107.99741325955 624 626 -1
626 -41.93307949904517 -162.6178488139787 1107.8379457611018 625 627 -1
627 -41.88135233807114 -162.72156334520744 1107.678583516124 626 628 -1
628 -41.82899029548863 -162.82510589933975 1107.5193168145572 627 629 -1
629 -41.77598804760017 -162.9284531595934 1107.360135067263 628 630 -1
630 -41.7223360737019 -163.03158073234042 1107.2010285251038 629 631 -1
631 -41.66802115124406 -163.1344626368684 1107.0419878885807 630 632 -1
632 -41.61303486293445 -163.23707440911016 1106.8830034560867 631 633 -1
633 -41.557369413585185 -163.33939193131854 1106.7240657419168 632 634 -1
634 -41.50101475792398 -163.44139008325376 1106.56516563411 633 635 -1
635 -41.44395496913081 -163.54304049165893 1106.4062943442607 634 636 -1
636 -41.38618556200546 -163.6443202357902 1106.247442793126 635 637 -1
637 -41.327696204711785 -163.7452034757988 1106.0886023993455 636 638 -1
638 -41.26847463420031 -163.84566297676471 1105.9297647560174 637 639 -1
639 -41.208507897134766 -163.945670616236 1105.7709215606524 638 640 -1
640 -41.14778947401233 -164.04520201166486 1105.6120648112633 639 641 -1
641 -41.08630862193264 -164.1442300472243 1105.4531867353294 640 642 -1
642 -41.02405184444441 -164.24272534096986 1105.2942796588163 641 643 -1
643 -40.96100752087171 -164.3406592900882 1105.1353361561628 642 644 -1
644 -40.897167953205596 -164.43800588573228 1104.976349284547 643 645 -1
645 -40.83252207297928 -164.53473643372422 1104.81731223339 644 646 -1
646 -40.76705679339548 -164.63082020737767 1104.6582183106455 645 647 -1
647 -40.70075900917625 -164.72622585091585 1104.4990610585558 646 648 -1
648 -40.63362262460107 -164.8209293005963 1104.3398359979888 647 649 -1
649 -40.56565494461162 -164.9149431135629 1104.1805549156334 648 650 -1
650 -40.496876508729216 -165.0083105282527 1104.0212416073953 649 651 -1
651 -40.42730444367861 -165.10107358958416 1103.8619198322815 650 652 -1
652 -40.35696401121488 -165.19328121136957 1103.7026129963258 651 653 -1
653 -40.285877809607115 -165.28498059168402 1103.5433438178159 652 654 -1
654 -40.214067922124904 -165.37621899566813 1103.3841345318237 653 655 -1
655 -40.141556336597255 -165.467044070132 1103.2250069507775 654 656 -1
656 -40.0683621237463 -165.55750249936318 1103.065983065582 655 657 -1
657 -39.994511998025665 -165.64764530845656 1102.907083248424 656 658 -1
658 -39.920028796073765 -165.73752140706162 1102.7483278944042 657 659 -1
659 -39.84493549178328 -165.82717987838805 1102.5897369685508 658 660 -1
660 -39.7692536769466 -165.91666957177378 1102.43133056272 659 661 -1
661 -39.69300594753611 -166.00603995139065 1102.2731283103617 660 662 -1
662 -39.61621790949474 -166.09534076515396 1102.115148259007 661 663 -1
663 -39.53891291123881 -166.1846209055068 1101.9574088210213 662 664 -1
664 -39.46111397699464 -166.27392905745114 1101.7999282874896 663 665 -1
665 -39.38284193869254 -166.3633143757877 1101.6427262145276 664 666 -1
666 -39.30412352780118 -166.45282455582296 1101.485818352739 665 667 -1
667 -39.2249822547039 -166.5425069522384 1101.3292218524505 666 668 -1
668 -39.14544067727619 -166.63240901001564 1101.1729544707894 667 669 -1
669 -39.06552118908012 -166.72257836879416 1101.0170343079578 668 670 -1
670 -38.98524968056848 -166.81305913482817 1100.8614758044491 669 671 -1
671 -38.9046496437449 -166.90389589242537 1100.7062951079179 670 672 -1
672 -38.823741909247225 -166.99513651455075 1100.5515119834126 671 673 -1
673 -38.74255267175183 -167.086820976615 1100.3971390892048 672 674 -1
674 -38.661105493716555 -167.1789907979784 1100.2431916871797 673 675 -1
675 -38.579421390375614 -167.27169283504682 1100.0896900355228 674 676 -1
676 -38.49752613223482 -167.36496211525156 1099.936645207602 675 677 -1
677 -38.41544241292599 -167.4588389205406 1099.7840735297887 676 678 -1
678 -38.333192589343966 -167.5533650991248 1099.631993055012 677 679 -1
679 -38.25080124214674 -167.64857109586984 1099.4804140910542 678 680 -1
680 -38.16828994150224 -167.7445005224153 1099.3293574004508 679 681 -1
681 -38.08568273230348 -167.8411805993656 1099.178832657599 680 682 -1
682 -38.00300174657958 -167.93864950869343 1099.0288581658235 681 683 -1
683 -37.92026990946979 -168.03693565852458 1098.8794461479677 682 684 -1
684 -37.837509514969234 -168.13607205703227 1098.7306128123607 683 685 -1
685 -37.75474288260245 -168.23608487963654 1098.5823704971795 684 686 -1
686 -37.67199210171973 -168.33700572784863 1098.4347359848134 685 687 -1
687 -37.58927875330254 -168.43885384023267 1098.2877185765917 686 688 -1
688 -37.50662502082717 -168.54166451103794 1098.141339018416 687 689 -1
689 -37.42405142649705 -168.64544929315883 1097.9956030858395 688 690 -1
690 -37.3415796870104 -168.75023789866566 1097.8505293205924 689 691 -1
691 -37.25923040267816 -168.8560484325282 1097.7061293352192 690 692 -1
692 -37.17702333218044 -168.96289466586933 1097.562412579302 691 693 -1
693 -37.09498339529952 -169.0707799220337 1097.41937811884 692 694 -1
694 -37.01314173225945 -169.17965403929557 1097.2769807315665 693 695 -1
695 -36.9315289281065 -169.2894620397988 1097.135170257113 694 696 -1
696 -36.85017554021128 -169.4001559194487 1096.99390043518 695 697 -1
697 -36.769113438319415 -169.5116947393452 1096.8531286033713 696 698 -1
698 -36.68837104842033 -169.62403067631686 1096.7128075783387 697 699 -1
699 -36.607976824812084 -169.73712022536793 1096.572892553416 698 700 -1
700 -36.527959590843345 -169.85092331373193 1096.4333404224903 699 701 -1
701 -36.44834804753963 -169.9654013875939 1096.2941086817125 700 702 -1
702 -36.369172398006306 -170.08051922805492 1096.1551561385102 701 703 -1
703 -36.290461422967205 -170.19624020914017 1096.0164407871393 702 704 -1
704 -36.21224285541608 -170.31252764944514 1095.8779207552452 703 705 -1
705 -36.13454601438009 -170.42934766154693 1095.7395553011938 704 706 -1
706 -36.05740064106776 -170.54666716306454 1095.6013039351499 705 707 -1
707 -35.9808370041976 -170.66445374922787 1095.463126349828 706 708 -1
708 -35.904886006174195 -170.7826755678575 1095.3249823513916 707 709 -1
709 -35.829582825400244 -170.90130314771005 1095.1868315505326 708 710 -1
710 -35.754957150014285 -171.02030329438932 1095.0486335587484 709 711 -1
711 -35.681042231075914 -171.13964491031464 1094.9103480920674 710 712 -1
712 -35.60787267932431 -171.25929712025493 1094.7719346968927 711 713 -1
713 -35.53548431379963 -171.37922897612756 1094.633352687148 712 714 -1
714 -35.463914286476125 -171.49940932919364 1094.4945610798304 713 715 -1
715 -35.39320689492775 -171.6198078775683 1094.3555166823116 714 716 -1
716 -35.32339841901514 -171.74039130101525 1094.2161786256036 715 717 -1
717 -35.25453016073155 -171.86112679747134 1094.0765048205062 716 718 -1
718 -35.1866461038533 -171.98198099476133 1093.936452406178 717 719 -1
719 -35.11979624593751 -172.10291977926786 1093.795976218313 718 720 -1
720 -35.05403231991549 -172.22390742306203 1093.6550303644624 719 721 -1
721 -34.98939931180513 -172.34490671251118 1093.5135723622716 720 722 -1
722 -34.92595069254993 -172.46587944533366 1093.3715565841449 721 723 -1
723 -34.863758453939425 -172.58678447126684 1093.2289287743934 722 724 -1
724 -34.80286849884182 -172.7075802389164 1093.0856480667092 723 725 -1
725 -34.743349662852374 -172.82822189494652 1092.9416631911201 724 726 -1
726 -34.68527819790331 -172.9486609747386 1092.79691979183 725 727 -1
727 -34.62871238880538 -173.06884951654442 1092.6513742070276 726 728 -1
728 -34.573751436401274 -173.18872990879245 1092.5049623015643 727 729 -1
729 -34.520455042210436 -173.30824941847385 1092.3576429096845 728 730 -1
730 -34.46893370435623 -173.42734140296963 1092.2093491684213 729 731 -1
731 -34.41926544904786 -173.54594347320776 1092.060034276421 730 732 -1
732 -34.37155520466463 -173.6639832096921 1091.9096393295306 731 733 -1
733 -34.3259221813574 -173.7813794893736 1091.7581006821435 732 734 -1
734 -34.282468252805444 -173.89805246106042 1091.6053678776511 733 735 -1
735 -34.241319142320236 -174.01391025429646 1091.451381539908 734 736 -1
736 -34.20260922180629 -174.1288526849114 1091.2960825030348 735 737 -1
737 -34.16648646557641 -174.2427685389324 1091.1394100634188 736 738 -1
738 -34.13309772527274 -174.35554086149023 1090.981310703118 737 739 -1
739 -34.10260270253786 -174.46704089242155 1090.821731615237 738 740 -1
740 -34.075175122380685 -174.57712634392846 1090.6606214569085 739 741 -1
741 -34.05100745734858 -174.68563770581966 1090.4979297333055 740 742 -1
742 -34.03028720670159 -174.79240883084933 1090.333619782608 741 743 -1
743 -34.013217284110056 -174.8972563759657 1090.1676603076182 742 744 -1
744 -34.0 -175.0 1090.0 743 745 746
745 -33.918860528165 -175.0166222011106 1090.1904606854816 744 747 -1
746 -34.04504733025898 -175.03456869467092 1089.8358264428225 744 748 -1
747 -33.81651355468936 -175.04591737933808 1090.3686523455547 745 749 -1
748 -34.091018628357475 -175.0680407392398 1089.6717989494332 746 750 -1
749 -33.68823184887326 -175.09259427021544 1090.5248194838086 747 751 -1
750 -34.13781560908011 -175.1005806578952 1089.507817386882 748 752 -1
751 -33.534655541007304 -175.1595877721014 1090.6467910335355 749 753 -1
752 -34.185421636677276 -175.13219047803804 1089.3438867825625 750 754 -1
753 -33.36354320754683 -175.24599836857683 1090.7255993649685 751 755 -1
754 -34.233819901706575 -175.16287247082823 1089.180011882713 752 756 -1
755 -33.18619528929571 -175.34752501740635 1090.7613537699683 753 757 -1
756 -34.2829934344104 -175.19262914241918 1089.016197151123 754 758 -1
757 -33.011159029407 -175.45916107146186 1090.7634051533987 755 759 -1
758 -34.33292511764306 -175.2214632251041 1088.8524467683897 756 760 -1
759 -32.84242463510964 -175.57823688394745 1090.7411183140964 757 761 -1
760 -34.38359769932769 -175.24937766840083 1088.6887646316995 758 762 -1
761 -32.681065867911066 -175.70346289821163 1090.703091796273 759 763 -1
762 -34.43499380442401 -175.27637563010458 1088.5251543551099 760 764 -1
763 -32.52727533600247 -175.83476252701885 1090.6553152905567 761 765 -1
764 -34.48709594639307 -175.30246046733507 1088.3616192703066 762 766 -1
765 -32.38104433194066 -175.972640621186 1090.6025594426553 763 767 -1
766 -34.53988653814674 -175.32763572760396 1088.1981624278117 764 768 -1
767 -32.242552852105675 -176.1179883341701 1090.5489892362655 765 769 -1
768 -34.59334790247147 -175.35190513992657 1088.0347865986141 766 770 -1
769 -32.11241956812156 -176.27196715741727 1090.4987392648782 767 771 -1
770 -34.64746228191718 -175.37527260599865 1087.8714942761994 768 772 -1
771 -31.9919559577687 -176.43584851538034 1090.4564564945074 769 773 -1
772 -34.702211848148075 -175.39774219146173 1087.7082876789536 770 774 -1
773 -31.883358514652453 -176.61051373096115 1090.4274591480337 771 775 -1
774 -34.757578710750444 -175.41931811727562 1087.5451687529119 772 776 -1
775 -31.788544327695604 -176.79487067219227 1090.414535846083 773 777 -1
776 -34.8135453437032 -175.44000411464975 1087.3821392401505 774 778 -1
777 -31.707499620211376 -176.98611389433037 1090.4169223812542 775 779 -1
778 -34.8700932471291 -175.4598054351353 1087.2192004771978 776 780 -1
779 -31.639425916098027 -177.18170849204444 1090.4332203231793 777 781 -1
780 -34.92720439772635 -175.47872671430815 1087.0563536117193 778 782 -1
781 -31.583108728146566 -177.37963446131988 1090.4618598471282 779 783 -1
782 -34.98486074210488 -175.49677270633143 1086.8935995335846 780 784 -1
783 -31.53682426566034 -177.5783795838013 1090.5009904614487 781 785 -1
784 -35.04304420030948 -175.51394827995966 1086.7309388785905 782 786 -1
785 -31.498599817340864 -177.77697363964185 1090.548708193463 783 787 -1
786 -35.101736671413924 -175.53025841088285 1086.568372032779 784 788 -1
787 -31.466648532119535 -177.97487376245175 1090.6034498893532 785 789 -1
788 -35.16092003859281 -175.54570817427415 1086.4058991369468 786 790 -1
789 -31.439251736288302 -178.1718225803166 1090.6638301646258 787 791 -1
790 -35.22057617367828 -175.56030273754982 1086.2435200913176 788 792 -1
791 -31.41478399878506 -178.36774210714768 1090.7286675561659 789 793 -1
792 -35.280686941213006 -175.57404735335092 1086.0812345603667 790 794 -1
793 -31.391595789513733 -178.56269970265586 1090.7967977810124 791 795 -1
794 -35.34123420200462 -175.5869473527509 1085.919041977777 792 796 -1
795 -31.368092614098003 -178.75681680484627 1090.8671848003974 793 797 -1
796 -35.40219981619892 -175.59900813869825 1085.7569415515072 794 798 -1
797 -31.342635012440105 -178.95022708516086 1090.9388240166024 795 799 -1
798 -35.46356564587477 -175.61023517969437 1085.594932268961 796 800 -1
799 -31.313614796471377 -179.14301908084894 1091.0107697578703 797 801 -1
800 -35.525313557179345 -175.6206340037152 1085.4330129022394 798 802 -1
801 -31.28024235025287 -179.33510474938578 1091.082716120001 799 803 -1
802 -35.587425422010526 -175.63021019237542 1085.2711820134637 800 804 -1
803 -31.24236577376608 -179.5263450091874 1091.1546821805014 801 805 -1
804 -35.64988326314945 -175.63896901914933 1085.1094379974782 802 806 -1
805 -31.199824399052876 -179.7165860673439 1091.2266898903051 803 807 -1
806 -35.712668921520404 -175.64691622125724 1084.947779004059 804 808 -1
807 -31.15227427602145 -179.90561208241283 1091.2987626731333 805 809 -1
808 -35.77576419136574 -175.65405773672518 1084.786202972781 806 810 -1
809 -31.099725565316536 -180.09327758167728 1091.3709179539153 807 811 -1
810 -35.839150970922 -175.66039931014097 1084.6247076789698 808 812 -1
811 -31.041905934811314 -180.2793461751693 1091.4431760897469 809 813 -1
812 -35.9028111663409 -175.66594671412903 1084.4632907151822 810 814 -1
813 -30.978828773921972 -180.46365304827975 1091.5155504935653 811 815 -1
814 -35.96672669091412 -175.67070574501187 1084.301949496729 812 816 -1
815 -30.91031073790291 -180.64595395981945 1091.5880575484837 813 817 -1
816 -36.030879463939776 -175.6746822187175 1084.1406812672017 814 818 -1
817 -30.83646869258021 -180.82610773083888 1091.6607049969818 815 819 -1
818 -36.095251409240326 -175.67788196693158 1083.979483103998 816 820 -1
819 -30.757153125786896 -181.00385630321077 1091.7335067934384 817 821 -1
820 -36.159824453347746 -175.6803108334924 1083.818351923843 818 822 -1
821 -30.672608064101563 -181.1791126514233 1091.8064651769662 819 823 -1
822 -36.224580523366875 -175.68197467102564 1083.6572844882992 820 824 -1
823 -30.58277194300589 -181.3516458973024 1091.8795913071222 821 825 -1
824 -36.28950154453073 -175.682879337817 1083.496277409267 822 826 -1
825 -30.487936557691633 -181.5214100681082 1091.9528854856821 823 827 -1
826 -36.354569437461066 -175.68303069491972 1083.3353271544713 824 828 -1
827 -30.388231727799855 -181.68827649620135 1092.0263744140357 825 829 -1
828 -36.41976611514452 -175.68243460349316 1083.174430052933 826 830 -1
829 -30.28426543939578 -181.85240409402454 1092.100128458003 827 831 -1
830 -36.485073479640086 -175.68109692237113 1083.013582300427 828 832 -1
831 -30.176436655956767 -182.0138535567132 1092.1742498714689 829 833 -1
832 -36.55047341852729 -175.6790235058548 1082.8527799649264 830 834 -1
833 -30.065342397615126 -182.17286324362763 1092.248823716009 831 835 -1
834 -36.61594780110814 -175.676220201728 1082.6920189920336 832 836 -1
835 -29.951348914083905 -182.32953745225922 1092.323965270496 833 837 -1
836 -36.681478474375524 -175.67269284949145 1082.5312952104016 834 838 -1
837 -29.834937164840138 -182.48410213421423 1092.399766550761 835 839 -1
838 -36.74704725875921 -175.66844727881252 1082.3706043371485 836 840 -1
839 -29.716509701165734 -182.6367514415869 1092.4763246452117 837 841 -1
840 -36.81263594761793 -175.66348779220152 1082.2099420349348 838 842 -1
841 -29.59639161091029 -182.78762408946181 1092.5537666595085 839 843 -1
842 -36.878226206805685 -175.65782144936856 1082.0493037510091 840 844 -1
843 -29.474977045664062 -182.9369538161108 1092.6321718881295 841 845 -1
844 -36.9437997374511 -175.6514542601624 1081.8886848896364 842 846 -1
845 -29.352588709526042 -183.0849217426468 1092.7116383849825 843 847 -1
846 -37.009338200938046 -175.6443920040595 1081.7280807738393 844 848 -1
847 -29.22953018316202 -183.23169977462211 1092.7922685588537 845 849 -1
848 -37.07482320767874 -175.63664044606406 1081.5674866421818 846 850 -1
849 -29.106094633662465 -183.3774517639993 1092.8741737867156 847 851 -1
850 -37.1402363117575 -175.6282053363907 1081.4068976542383 848 852 -1
851 -28.982570321390412 -183.52236345502862 1092.9574250576286 849 853 -1
852 -37.205559005433415 -175.6190924103411 1081.2463088960913 850 854 -1
853 -28.859223668181667 -183.6665937607236 1093.0421105385183 851 855 -1
854 -37.27077271351333 -175.60930738837163 1081.0857153858674 852 856 -1
855 -28.736312014062467 -183.81029464747044 1093.1283147368479 853 857 -1
856 -37.33585878760648 -175.59885597634988 1080.9251120793203 854 858 -1
857 -28.61408488441759 -183.95361058163252 1093.2161180727253 855 859 -1
858 -37.40079807821802 -175.5877421898282 1080.7644938243275 856 860 -1
859 -28.492780622184576 -184.09667610168074 1093.3055935595708 857 861 -1
860 -37.46557190387096 -175.57597271608802 1080.6038554671268 858 862 -1
861 -28.37247626061548 -184.23955023619817 1093.3967102182748 859 863 -1
862 -37.53016149181136 -175.56355384710702 1080.4431918222615 860 864 -1
863 -28.253048096090392 -184.38220061146322 1093.4893182526089 861 865 -1
864 -37.59454783306284 -175.55049123730012 1080.2824976507263 862 866 -1
865 -28.134348739194362 -184.52459488966042 1093.5832481881753 863 867 -1
866 -37.658711815078 -175.53679053058343 1080.121767680075 864 868 -1
867 -28.016241968738782 -184.66670228144275 1093.6783524223238 865 869 -1
868 -37.72263421553277 -175.5224573617244 1079.9609966104788 866 870 -1
869 -27.898594378888554 -184.80849427472165 1093.774491078925 867 871 -1
870 -37.78629569609084 -175.50749735786718 1079.8001791208972 868 872 -1
871 -27.781274902278618 -184.94994398509974 1093.871530819664 869 873 -1
872 -37.84967548296032 -175.49191344093572 1079.639309625546 870 874 -1
873 -27.664154304242274 -185.0910255681919 1093.9693437202693 871 875 -1
874 -37.912755065217674 -175.47571384758342 1079.4783829711728 872 876 -1
875 -27.547104656168223 -185.2317136794044 1094.0678062012905 873 877 -1
876 -37.97551472893787 -175.45890423860448 1079.3173938130021 874 878 -1
877 -27.429998793995043 -185.37198296795506 1094.1667980025074 875 879 -1
878 -38.037934598799914 -175.44149023054945 1079.1563368074803 876 880 -1
879 -27.312709766415594 -185.51180759287078 1094.26620118978 877 881 -1
880 -38.0999946520376 -175.4234774426639 1078.995206622916 878 882 -1
881 -27.195110276402392 -185.6511607494359 1094.3658991829268 879 883 -1
882 -38.16167361891014 -175.40486989361938 1078.8339977177798 880 884 -1
883 -27.07707211916518 -185.79001419504303 1094.4657757931218 881 885 -1
884 -38.222951046866115 -175.38567332470527 1078.6727047736558 882 886 -1
885 -26.958465619564205 -185.92833776366848 1094.5657142581636 883 887 -1
886 -38.28380736477726 -175.3658948494907 1078.5113227308284 884 888 -1
887 -26.83915907234782 -186.06609885823457 1094.6655962638722 885 889 -1
888 -38.34422188802566 -175.34554012705405 1078.349846376661 886 890 -1
889 -26.719018189361947 -186.20326190997397 1094.765300939761 887 891 -1
890 -38.404173754785084 -175.32461483377932 1078.1882705482165 888 892 -1
891 -26.597905559145957 -186.33978779357702 1094.8647038170463 889 893 -1
892 -38.463639274410546 -175.303121732599 1078.0265895660323 890 894 -1
893 -26.475680126133135 -186.4756331864306 1094.9636757370372 891 895 -1
894 -38.522599163337034 -175.28106903042453 1077.8647988111354 892 896 -1
895 -26.35219669911468 -186.61074985966627 1095.0620816980631 893 897 -1
896 -38.58103235125755 -175.25846290896467 1077.7028933989668 894 898 -1
897 -26.22730550178653 -186.74508388810813 1095.1597796294268 895 899 -1
898 -38.63891720139375 -175.2353091520203 1077.5408684498211 896 900 -1
899 -26.100851782232528 -186.87857476560734 1095.2566190815796 897 901 -1
900 -38.69622874630259 -175.21161074527947 1077.3787184963815 898 902 -1
901 -25.97267550322032 -187.01115441180949 1095.3524398229663 899 903 -1
902 -38.752946890536535 -175.1873756201526 1077.2164392845173 900 904 -1
903 -25.84261114136652 -187.14274605628225 1095.4470703360332 901 905 -1
904 -38.809050157943666 -175.16261043972779 1077.0540264190108 902 906 -1
905 -25.71048763070377 -187.27326298636623 1095.5403262080838 903 907 -1
906 -38.86451545846033 -175.13732068716422 1076.8914753250226 904 908 -1
907 -25.576108518780245 -187.40259654542047 1095.6319936442203 905 909 -1
908 -38.91931625272938 -175.1115095541242 1076.7287808713822 906 910 -1
909 -25.439276438021597 -187.53062663093888 1095.7218428350661 907 911 -1
910 -38.97343361866617 -175.08518641091965 1076.5659397656332 908 912 -1
911 -25.299827530461737 -187.65723823127982 1095.8096539381397 909 913 -1
912 -39.02684439526789 -175.0583573959411 1076.4029480026893 910 914 -1
913 -25.157571335278128 -187.78228722606224 1095.8951699880413 911 915 -1
914 -39.079520522897795 -175.03102565253656 1076.239800765374 912 916 -1
915 -25.012269202611776 -187.90558271942848 1095.9780694196068 913 917 -1
916 -39.131443999853 -175.00319984103965 1076.0764958552882 914 918 -1
917 -24.863713953997273 -188.02692713020778 1096.0580271558158 915 919 -1
918 -39.18262414573099 -174.974888863395 1075.9130397349536 916 920 -1
919 -24.711762201275068 -188.14613562725484 1096.1347475063428 917 921 -1
920 -39.23308414363103 -174.94609917019358 1075.7494433744432 918 922 -1
921 -24.55611925669099 -188.26289116634828 1096.2077466652393 919 923 -1
922 -39.28285469840143 -174.9168417273055 1075.5857188368477 920 924 -1
923 -24.396689955615415 -188.37696765387477 1096.2766939335977 921 925 -1
924 -39.33196629070872 -174.88712723377947 1075.4218776463624 922 926 -1
925 -24.233297343554305 -188.48804053079562 1096.341115599824 923 927 -1
926 -39.38044391333944 -174.85696227491644 1075.2579299868635 924 928 -1
927 -24.06620931714712 -188.5961185851677 1096.40099574207 925 929 -1
928 -39.42832059844258 -174.826358896428 1075.0938870076943 926 930 -1
929 -23.895652788787668 -188.70119561853662 1096.4562626419183 927 931 -1
930 -39.47562756271474 -174.79532777068908 1074.929759106149 928 932 -1
931 -23.72204377809261 -188.80346127095493 1096.5071258452422 929 933 -1
932 -39.52239064323416 -174.76387515275167 1074.7655555783067 930 934 -1
933 -23.54565905505952 -188.9030165296114 1096.5536353311247 931 935 -1
934 -39.568645704017634 -174.73201487300224 1074.6012867561842 932 936 -1
935 -23.366870704868724 -189.00009314602195 1096.5960264531154 933 937 -1
936 -39.614422745043456 -174.69975605303577 1074.4369618070286 934 938 -1
937 -23.186026910631824 -189.09494749550427 1096.6345611784457 935 939 -1
938 -39.659751734912824 -174.6671074110331 1074.272589638423 936 940 -1
939 -23.003398885317594 -189.1877935041548 1096.6694001905855 937 941 -1
940 -39.70466751445488 -174.63408181591885 1074.1081793387746 938 942 -1
941 -22.819339106385716 -189.27897957724247 1096.7009347707722 939 943 -1
942 -39.74920002754415 -174.60068754254945 1073.9437392445527 940 944 -1
943 -22.6341109926414 -189.36879201560834 1096.7294301874542 941 945 -1
944 -39.79338260308603 -174.56693583622118 1073.7792777246566 942 946 -1
945 -22.447973907547517 -189.45754581791348 1096.7551922452592 943 947 -1
946 -39.837248943940025 -174.53283842748007 1073.6148028547793 944 948 -1
947 -22.261179786182115 -189.54557368189086 1096.7785851152216 945 949 -1
948 -39.880829258706875 -174.4984028389993 1073.4503223981355 946 950 -1
949 -22.07393495164786 -189.63317920166034 1096.7998684095687 947 951 -1
950 -39.92415891981369 -174.4636425707177 1073.285844010257 948 952 -1
951 -21.88642680169879 -189.7206237481184 1096.8194281955266 949 953 -1
952 -39.96727018175217 -174.4285673573936 1073.1213750881693 950 954 -1
953 -21.698676462908757 -189.80786321043925 1096.8375280869827 951 955 -1
954 -40.01019559370674 -174.39318686538454 1072.9569229395865 952 956 -1
955 -21.51067564443655 -189.89478434693922 1096.8545273252912 953 957 -1
956 -40.05296936495663 -174.35751367038915 1072.7924945102384 954 958 -1
957 -21.322396753141827 -189.98126139831194 1096.8706945278038 955 959 -1
958 -40.095623836811875 -174.32155675057953 1072.628096888935 956 960 -1
959 -21.133823044756625 -190.06719250847038 1096.8863282723094 957 961 -1
960 -40.138192596740424 -174.28532767604767 1072.4637368036606 958 962 -1
961 -20.94493263441013 -190.15247340879603 1096.9016969312597 959 963 -1
962 -40.18070886096378 -174.24883800270348 1072.299420782946 960 964 -1
963 -20.755697939137526 -190.2369881489586 1096.9170620796324 961 965 -1
964 -40.223205525853565 -174.21209635141375 1072.1351558484437 962 966 -1
965 -20.566107577910113 -190.3206562058757 1096.9326736085322 963 967 -1
966 -40.26571576841482 -174.1751155531441 1071.9709481014131 964 968 -1
967 -20.37614178310061 -190.40337466533114 1096.948772997392 965 969 -1
968 -40.30827235637673 -174.1379060809221 1071.8068040289097 966 970 -1
969 -20.185780829392897 -190.48503128082086 1096.9656071390239 967 971 -1
970 -40.350908569715116 -174.10047754912202 1071.6427304395445 968 972 -1
971 -19.995022905742257 -190.5655525532726 1096.9833877409774 969 973 -1
972 -40.39365643818138 -174.06284234570694 1071.4787331980642 970 974 -1
973 -19.80386252446037 -190.64484441122744 1097.0023316204167 971 975 -1
974 -40.43654867025433 -174.02501070316467 1071.3148188703635 972 976 -1
975 -19.612293794267185 -190.72279311349305 1097.0226716798786 973 977 -1
976 -40.47961816812528 -173.9869929488714 1071.1509941118163 974 978 -1
977 -19.42032445529336 -190.79930847491184 1097.0446116182711 975 979 -1
978 -40.52289592252073 -173.94880098122792 1070.987264788228 976 980 -1
979 -19.227932212286483 -190.87423586850394 1097.0682585823868 977 981 -1
980 -40.56641429957039 -173.9104451487047 1070.8236375844451 978 982 -1
981 -19.034945847156227 -190.94711462609342 1097.0934157364202 979 983 -1
982 -40.610205678596444 -173.87193595742698 1070.660119277291 980 984 -1
983 -18.84115924536201 -191.01738822225147 1097.1198007338571 981 985 -1
984 -40.654299844554565 -173.83328507556453 1070.496715814288 982 986 -1
985 -18.64635952572839 -191.08441447308377 1097.147150694544 983 987 -1
986 -40.69872810491725 -173.7945031277631 1070.3334339514922 984 988 -1
987 -18.45038744883952 -191.1476339527773 1097.1751708677018 985 989 -1
988 -40.74352299007745 -173.7556004165135 1070.1702810418167 986 990 -1
989 -18.253096340247875 -191.20641488387588 1097.2035832228003 987 991 -1
990 -40.78871251751422 -173.71658856587828 1070.0072630846 988 992 -1
991 -18.054369924444313 -191.2600814141576 1097.2321029885682 989 993 -1
992 -40.83432649146906 -173.67747836900062 1069.844386970946 990 994 -1
993 -17.854123064312535 -191.30787100542423 1097.260430027943 991 995 -1
994 -40.88039690447844 -173.6382802094054 1069.6816605450597 992 996 -1
995 -17.65231694755742 -191.34892000565756 1097.2882365549829 993 997 -1
996 -40.92695131195852 -173.59900529292702 1069.5190904572532 994 998 -1
997 -17.449025712819942 -191.38251137066757 1097.3151925977318 995 999 -1
998 -40.974017527414894 -173.55966454948882 1069.356683745741 996 1000 -1
999 -17.244389136872044 -191.40785789820737 1097.3409439332274 997 1001 -1
1000 -41.02162370909877 -173.52026875053795 1069.194447857685 998 1002 -1
1001 -17.038722679419127 -191.42526640053873 1097.365072361603 999 1003 -1
1002 -41.06979601112001 -173.48082812402095 1069.0323900707199 1000 1004 -1
1003 -16.832399775364948 -191.43655322448143 1097.387189564401 1001 1005 -1
1004 -41.11851734370835 -173.44135084377174 1068.8705054255543 1002 1006 -1
1005 -16.62564686334901 -191.44362535735493 1097.40694355031 1003 1007 -1
1006 -41.167757032161006 -173.40184353754535 1068.7087850158198 1004 1008 -1
1007 -16.41857932725825 -191.44833329743648 1097.4239310625903 1005 1009 -1
1008 -41.21748496346477 -173.36231268366163 1068.5472198191535 1006 1010 -1
1009 -16.211268976100076 -191.45263227526587 1097.4377709717633 1007 1011 -1
1010 -41.2676723364467 -173.32276461951608 1068.385800955615 1008 1012 -1
1011 -16.00379526054757 -191.45846127669247 1097.4481397535594 1009 1013 -1
1012 -41.3182899124035 -173.28320563069175 1068.2245191499137 1010 1014 -1
1013 -15.796296365941773 -191.4678342913548 1097.4545926418045 1011 1015 -1
1014 -41.36930730772127 -173.2436419123216 1068.0633645259607 1012 1016 -1
1015 -15.589040040273947 -191.48276696494634 1097.456740520574 1013 1017 -1
1016 -41.42069589371747 -173.20407951087336 1067.9023275524075 1014 1018 -1
1017 -15.382462643002171 -191.5051220824422 1097.454276153447 1015 1019 -1
1018 -41.472427367607196 -173.1645243835128 1067.7413986061874 1016 1020 -1
1019 -15.177267611105897 -191.53697879718626 1097.446754397689 1017 1021 -1
1020 -41.52447373648218 -173.12498240479513 1067.5805679855341 1018 1022 -1
1021 -14.974247395631036 -191.57947039010784 1097.4343572654127 1019 1023 -1
1022 -41.5768081028935 -173.08545944908317 1067.4198261654412 1020 1024 -1
1023 -14.773453452431754 -191.63089940436996 1097.419538530038 1021 1025 -1
1024 -41.6294022652078 -173.0459612276654 1067.2591630756642 1022 1026 -1
1025 -14.574340797349047 -191.6887439525093 1097.4056185743964 1023 1027 -1
1026 -41.68222880277672 -173.00649338491817 1067.0985687694122 1024 1028 -1
1027 -14.376149877330587 -191.7504754323128 1097.3959065831864 1025 1029 -1
1028 -41.73526081496542 -172.9670615269827 1066.93803335233 1026 1030 -1
1029 -14.178198802615864 -191.81364954659043 1097.3936451381087 1027 1031 -1
1030 -41.788471627932246 -172.92767120961764 1066.777546907301 1028 1032 -1
1031 -13.980104001624776 -191.87575390538504 1097.402323071993 1029 1033 -1
1032 -41.841834778087986 -172.88832794428217 1066.6170995041375 1030 1034 -1
1033 -13.781929780897777 -191.93394538746134 1097.4249028434772 1031 1035 -1
1034 -41.89532399558676 -172.84903720411873 1066.456681208886 1032 1036 -1
1035 -13.583731231357664 -191.9854914831146 1097.459981367612 1033 1037 -1
1036 -41.948913201665235 -172.809804441652 1066.2962820945224 1034 1038 -1
1037 -13.385364389316488 -192.0274583544778 1097.505362139758 1035 1039 -1
1038 -42.002576569415105 -172.7706352418563 1066.1358922395634 1036 1040 -1
1039 -13.186700727496385 -192.05672166675228 1097.5586785057042 1037 1041 -1
1040 -42.05628804833173 -172.73153483617165 1065.9755017028692 1038 1042 -1
1041 -12.987850124010954 -192.0704580357832 1097.6172486099194 1039 1043 -1
1042 -42.110021989671054 -172.6925086009286 1065.8151006259818 1040 1044 -1
1043 -12.789397141600265 -192.06494409501357 1097.6783771442822 1041 1045 -1
1044 -42.16375285636008 -172.65356190279118 1065.6546791888366 1042 1046 -1
1045 -12.592585084362234 -192.03779987095862 1097.7389313890958 1043 1047 -1
1046 -42.217455207198455 -172.61470010415775 1065.494227617681 1044 1048 -1
1047 -12.399429428709535 -191.98681872655925 1097.7956926966465 1045 1049 -1
1048 -42.27110368124882 -172.5759285684703 1065.33373619291 1046 1050 -1
1049 -12.211995612679384 -191.91277743463593 1097.8460351882943 1047 1051 -1
1050 -42.324672982434656 -172.537252665434 1065.1731952568543 1048 1052 -1
1051 -12.028832907755472 -191.82533669628975 1097.8905831176976 1049 1053 -1
1052 -42.37813786436489 -172.4986777761473 1065.0125952215615 1050 1054 -1
1053 -11.846246002947433 -191.73466506178465 1097.9309270896488 1051 1055 -1
1054 -42.43147311540258 -172.46020929814378 1064.8519265766051 1052 1056 -1
1055 -11.659902191963216 -191.6507589936631 1097.9684360418016 1053 1057 -1
1056 -42.484653543999634 -172.42185265034465 1064.6911798969586 1054 1058 -1
1057 -11.46573297841246 -191.58651343286988 1098.0042192108326 1055 1059 -1
1058 -42.53765396431361 -172.3836132779232 1064.5303458509688 1056 1060 -1
1059 -11.26314035251805 -191.55868376644204 1098.0387268035258 1057 1061 -1
1060 -42.590449069754 -172.34549671963742 1064.369415156897 1058 1062 -1
1061 -11.058533559429339 -191.57086174686083 1098.0714259299375 1059 1063 -1
1062 -42.64301339158169 -172.3075086084837 1064.2083785844056 1060 1064 -1
1063 -10.857293734747106 -191.61200854611417 1098.1022904892502 1061 1065 -1
1064 -42.695321962030576 -172.26965432799744 1064.0472272654797 1062 1066 -1
1065 -10.659813232192997 -191.6693323152857 1098.1321574602032 1063 1067 -1
1066 -42.74734948124179 -172.2319394757281 1063.885952325735 1064 1068 -1
1067 -10.464071044816249 -191.7323709426171 1098.1621499846683 1065 1069 -1
1068 -42.79907058750901 -172.19436969856199 1063.7245450265254 1066 1070 -1
1069 -10.267192520750122 -191.79095542115633 1098.1935392021094 1067 1071 -1
1070 -42.8504598450848 -172.1569506970163 1063.5629967742163 1068 1072 -1
1071 -10.066897221043536 -191.83416598659667 1098.2275923347563 1069 1073 -1
1072 -42.90149173243751 -172.11968822942754 1063.401299129773 1070 1074 -1
1073 -9.863296535034493 -191.84832102861097 1098.265392437922 1071 1075 -1
1074 -42.95214063098923 -172.08258811602988 1063.2394438187023 1072 1076 -1
1075 -9.660834197363075 -191.82829847403306 1098.3067283089795 1073 1077 -1
1076 -43.002380814367925 -172.04565624291573 1063.0774227413647 1074 1078 -1
1077 -9.463133276080999 -191.78227198267237 1098.3507424983652 1075 1079 -1
1078 -43.05218643820553 -172.0088985658745 1062.9152279836849 1076 1080 -1
1079 -9.2707075077419 -191.71904439041734 1098.3970584842207 1077 1081 -1
1080 -43.10153153052133 -171.97232111409872 1062.7528518282843 1078 1082 -1
1081 -9.082429448295011 -191.64583579725226 1098.445797735522 1079 1083 -1
1082 -43.1503899827267 -171.93592999375136 1062.5902867660545 1080 1084 -1
1083 -8.896328710320967 -191.56896080752594 1098.497220374411 1081 1085 -1
1084 -43.198735541294795 -171.89973139138314 1062.427525508193 1082 1086 -1
1085 -8.71084391423669 -191.49277318257217 1098.5517905054019 1083 1087 -1
1086 -43.246541800137365 -171.86373157718972 1062.2645609987178 1084 1088 -1
1087 -8.524633914151439 -191.42111565162733 1098.6098775272624 1085 1089 -1
1088 -43.29378368627713 -171.8279368618678 1062.1013868678501 1086 1090 -1
1089 -8.336570184637052 -191.358207590119 1098.6719313473452 1087 1091 -1
1090 -43.340450200463806 -171.79235319034132 1061.9380011484961 1088 1092 -1
1091 -8.145900286193944 -191.30934079750168 1098.738403663012 1089 1093 -1
1092 -43.386537660406916 -171.75698654136644 1061.77440408108 1090 1094 -1
1093 -7.953294499667937 -191.27665444097002 1098.8091618094522 1091 1095 -1
1094 -43.43204332955174 -171.72184259101857 1061.6105962966822 1092 1096 -1
1095 -7.76131982693987 -191.2478737782719 1098.88333866544 1093 1097 -1
1096 -43.476964639426576 -171.68692695097582 1061.4465785345972 1094 1098 -1
1097 -7.572703590447791 -191.20630066541736 1098.9597947292286 1095 1099 -1
1098 -43.52129858500381 -171.65224540696988 1061.2823514265556 1096 1100 -1
1099 -7.391919075737633 -191.13882211121998 1099.0364957973845 1097 1101 -1
1100 -43.565042135908776 -171.61780376492732 1061.117915647785 1098 1102 -1
1101 -7.219811164909392 -191.0507689925524 1099.1125693768113 1099 1103 -1
1102 -43.60819223688893 -171.58360785104708 1060.9532719181634 1100 1104 -1
1103 -7.053742612697545 -190.95188082949633 1099.1888938628983 1101 1105 -1
1104 -43.65074580831088 -171.54966351185013 1060.7884210033828 1102 1106 -1
1105 -6.890332517365836 -190.84979109800122 1099.26675794309 1103 1107 -1
1106 -43.692699746683765 -171.51597661419945 1060.6233637161245 1104 1108 -1
1107 -6.72721283849045 -190.7493196343786 1099.3472872178809 1105 1109 -1
1108 -43.73405092521305 -171.48255304528868 1060.4581009172432 1106 1110 -1
1109 -6.564243550563592 -190.6508600264544 1099.4305604797369 1107 1111 -1
1110 -43.77479619438202 -171.44939871260044 1060.2926335169643 1108 1112 -1
1111 -6.401707470581425 -190.55389797985623 1099.5163993403673 1109 1113 -1
1112 -43.81493238256385 -171.41651954383164 1060.1269624760862 1110 1114 -1
1113 -6.239904297493096 -190.45794564609056 1099.6047222900174 1111 1115 -1
1114 -43.85445629666441 -171.3839214867861 1059.9610888071957 1112 1116 -1
1115 -6.079088486063942 -190.36244276464583 1099.6953069181977 1113 1117 -1
1116 -43.893364722795965 -171.35161050923335 1059.7950135758888 1114 1118 -1
1117 -5.9195229895353565 -190.26685384984432 1099.7879877239393 1115 1119 -1
1118 -43.93165387682514 -171.3195928632607 1059.628737725731 1116 1120 -1
1119 -5.761482832847646 -190.1706290548574 1099.8826035435613 1117 1121 -1
1120 -43.96932015929041 -171.28787473646247 1059.4622623283108 1118 1122 -1
1121 -5.605171932906604 -190.0732653694909 1099.9789111170528 1119 1123 -1
1122 -44.00636115753645 -171.25646174877463 1059.2955888946544 1120 1124 -1
1123 -5.4508535990161215 -189.97424480194465 1100.0767301349906 1121 1125 -1
1124 -44.04277358143302 -171.22535994645352 1059.1287187152857 1122 1126 -1
1125 -5.298670557583065 -189.87326696536684 1100.1758843100401 1123 1127 -1
1126 -44.07855412395753 -171.19457539445645 1058.9616531399754 1124 1128 -1
1127 -5.148553093495707 -189.77046620602906 1100.276306369016 1125 1129 -1
1128 -44.113699462073065 -171.16411417607537 1058.7943935789967 1126 1130 -1
1129 -5.000442993630314 -189.66599649713757 1100.3779796339759 1127 1131 -1
1130 -44.14820625764329 -171.1339823925294 1058.626941504381 1128 1132 -1
1131 -4.854290199294684 -189.55999936314777 1100.4808971066936 1129 1133 -1
1132 -44.18207115838357 -171.1041861625167 1058.4592984511755 1130 1134 -1
1133 -4.709988051037209 -189.4526512433841 1100.5850187666285 1131 1135 -1
1134 -44.21529079884991 -171.07473162172388 1058.2914660187023 1132 1136 -1
1135 -4.567469135666901 -189.3440895444831 1100.690331778596 1133 1137 -1
1136 -44.24786180146604 -171.0456249222915 1058.1234458718134 1134 1138 -1
1137 -4.426667483020343 -189.23444477763275 1100.796826525774 1135 1139 -1
1138 -44.279780777588506 -171.01687223223672 1057.9552397421455 1136 1140 -1
1139 -4.287541124050716 -189.12382935095576 1100.904512867322 1137 1141 -1
1140 -44.31104346382731 -170.98848021572456 1057.7868491900385 1138 1142 -1
1141 -4.150007717955351 -189.01237472522678 1101.013373763918 1139 1143 -1
1142 -44.34164639138749 -170.9604551217584 1057.6182760788404 1140 1144 -1
1143 -4.014000339394521 -188.9001976361823 1101.1234036122585 1141 1145 -1
1144 -44.37158703178578 -170.9328026752594 1057.4495225979751 1142 1146 -1
1145 -3.8794604272244153 -188.78740665468004 1101.234603900637 1143 1147 -1
1146 -44.400861963594465 -170.90552910150646 1057.2805907595337 1144 1148 -1
1147 -3.7463313049180402 -188.67410648189355 1101.346978446984 1145 1149 -1
1148 -44.429467760303275 -170.8786406380283 1057.1114826486084 1146 1150 -1
1149 -3.6145581849651283 -188.56039845967405 1101.4605332808562 1147 1151 -1
1150 -44.457400991630024 -170.852143533739 1056.9422004245002 1148 1152 -1
1151 -3.484088157443423 -188.44638105981406 1101.5752765397613 1149 1153 -1
1152 -44.48465822487255 -170.82604404802407 1056.772746321915 1150 1154 -1
1153 -3.3548804647940176 -188.33214932396908 1101.691228736505 1151 1155 -1
1154 -44.511236026303784 -170.80034844977496 1056.6031226521445 1152 1156 -1
1155 -3.226877197750843 -188.21779987980824 1101.8083943852555 1153 1157 -1
1156 -44.53713096260863 -170.77506301637206 1056.4333318042295 1154 1158 -1
1157 -3.100027864357484 -188.1034257313143 1101.926784464862 1155 1159 -1
1158 -44.562339602364105 -170.7501940326155 1056.263376246106 1156 1160 -1
1159 -2.9742869604682247 -187.98911830140793 1102.0464148935987 1157 1161 -1
1160 -44.586856527526116 -170.72574902120363 1056.093258067551 1158 1162 -1
1161 -2.849610658211577 -187.87496840009118 1102.1673033456213 1159 1163 -1
1162 -44.61068020020872 -170.70173313578903 1055.9229803518158 1160 1164 -1
1163 -2.7259567624116032 -187.76106663372963 1102.289469203873 1161 1165 -1
1164 -44.633807272558606 -170.6781526347938 1055.7525458272444 1162 1166 -1
1165 -2.603284668797435 -187.64750380997555 1102.4129335168163 1163 1167 -1
1166 -44.656234337087135 -170.65501382082806 1055.5819572894743 1164 1168 -1
1167 -2.4815553254488596 -187.5343713406186 1102.5377189573815 1165 1169 -1
1168 -44.677957996325155 -170.63232299769317 1055.4112176184337 1166 1170 -1
1169 -2.360731198827517 -187.42176164458942 1102.6638497824288 1167 1171 -1
1170 -44.69897486456398 -170.61008646898185 1055.2403297793298 1168 1172 -1
1171 -2.240776245676494 -187.30976855325835 1102.7913517908887 1169 1173 -1
1172 -44.71928156963909 -170.58831053662274 1055.0692968236037 1170 1174 -1
1173 -2.1216581429616093 -187.1984899958659 1102.9202562876233 1171 1175 -1
1174 -44.73887475475634 -170.56700149936782 1054.8981218898493 1172 1176 -1
1175 -2.0033476206042784 -187.0880295193344 1103.0506000198486 1173 1177 -1
1176 -44.75775059598171 -170.54616597370716 1054.7268081135946 1174 1178 -1
1177 -1.885806706258308 -186.9784825237209 1103.1824026255724 1175 1179 -1
1178 -44.77590446263333 -170.52581113492295 1054.5553585790005 1176 1180 -1
1179 -1.769005257704631 -186.86995303282802 1103.3156957714375 1177 1181 -1
1180 -44.79333482158771 -170.50594209677197 1054.3837770338469 1178 1182 -1
1181 -1.6529146097220464 -186.76254867024053 1103.4505123636038 1179 1183 -1
1182 -44.81003839802164 -170.48656512827486 1054.2120669748801 1180 1184 -1
1183 -1.5375076106018257 -186.65638111889257 1103.5868864454678 1181 1185 -1
1184 -44.82601194233421 -170.46768648676195 1054.0402319899613 1182 1186 -1
1185 -1.4227586743234673 -186.5515665934341 1103.724853073708 1183 1187 -1
1186 -44.84125223222 -170.44931241601626 1053.8682757587121 1184 1188 -1
1187 -1.3086438501098308 -186.4482263254837 1103.8644481682413 1185 1189 -1
1188 -44.85575607478038 -170.43144914435985 1053.6962020531053 1186 1190 -1
1189 -1.1951476397545562 -186.3465067489343 1104.0057276817236 1187 1191 -1
1190 -44.8695203086724 -170.41410288268406 1053.5240147380007 1188 1192 -1
1191 -1.0822465675891761 -186.24653707327028 1104.148722372583 1189 1193 -1
1192 -44.882541806293446 -170.3972798224239 1053.3517177716192 1190 1194 -1
1193 -0.9699186609456895 -186.148447959029 1104.2934598290974 1191 1195 -1
1194 -44.89481557685004 -170.38098749142193 1053.179314948515 1192 1196 -1
1195 -0.8581477141289674 -186.05238673239396 1104.439977387105 1193 1197 -1
1196 -44.906339967528005 -170.36523105666862 1053.006810630727 1194 1198 -1
1197 -0.7469197174115628 -185.95849149364676 1104.588301173354 1195 1199 -1
1198 -44.91711245119023 -170.35001629364004 1052.8342091282473 1196 1200 -1
1199 -0.6362317109142613 -185.86686636280282 1104.7384375789582 1197 1201 -1
1200 -44.92713006002275 -170.33534929285327 1052.6615147771863 1198 1202 -1
1201 -0.526059914804224 -185.77750409050955 1104.8903073877184 1199 1203 -1
1202 -44.93638987148409 -170.3212361143015 1052.4887320083583 1200 1204 -1
1203 -0.41638531604375106 -185.6904203376394 1105.043851476168 1201 1205 -1
1204 -44.9448890106795 -170.30768278510644 1052.315865347335 1202 1206 -1
1205 -0.3071918957129339 -185.60565098786802 1105.1990252480869 1203 1207 -1
1206 -44.952624652760406 -170.29469529712057 1052.14291941442 1204 1208 -1
1207 -0.1984654512525723 -185.52325197721436 1105.3557954918765 1205 1209 -1
1208 -44.9595940253476 -170.2822796044814 1051.9698989245412 1206 1210 -1
1209 -0.09017295060066828 -185.44318936164387 1105.514069389962 1207 1211 -1
1210 -44.965793746350364 -170.27044212375415 1051.7968086311923 1208 1212 -1
1211 0.017708535800913097 -185.3654861908947 1105.6737934586058 1209 1213 -1
1212 -44.97122013037042 -170.2591895163145 1051.6236533716747 1210 1214 -1
1213 0.12519762268698692 -185.29020624122248 1105.8349362913427 1211 1215 -1
1214 -44.97587227518162 -170.24852633189855 1051.4504382974503 1212 1216 -1
1215 0.23233337693033915 -185.21729434087368 1105.9973978226446 1213 1217 -1
1216 -44.979747646066826 -170.2384583456443 1051.2771684996587 1214 1218 -1
1217 0.3391423030275194 -185.14678315930382 1106.161129388356 1215 1219 -1
1218 -44.98284377327913 -170.22899128193922 1051.1038491621232 1216 1220 -1
1219 0.4456545469409477 -185.0786975386507 1106.3260763528851 1217 1221 -1
1220 -44.9851582545569 -170.22013081172008 1050.9304855606922 1218 1222 -1
1221 0.5519102500715357 -185.01298580190283 1106.4921478058222 1219 1223 -1
1222 -44.9866887576447 -170.2118825497376 1050.7570830624807 1220 1224 -1
1223 0.6578964190006926 -184.94965462681435 1106.6593129801724 1221 1225 -1
1224 -44.98743302281768 -170.20425205178884 1050.5836471250088 1222 1226 -1
1225 0.7634924376183208 -184.88844976774763 1106.8275141132117 1223 1227 -1
1226 -44.987388865405926 -170.19724481192029 1050.4101832952392 1224 1228 -1
1227 0.8685497158314179 -184.82913272388458 1106.9967261536294 1225 1229 -1
1228 -44.98655417831595 -170.19086625960324 1050.2366972085056 1226 1230 -1
1229 0.9729113479038196 -184.77147241871228 1107.1669385591968 1227 1231 -1
1230 -44.98492485772028 -170.1851234279995 1050.0631945590842 1228 1232 -1
1231 1.0764497712831922 -184.71517581355093 1107.3381076735143 1229 1233 -1
1232 -44.982501060126346 -170.18001993738002 1049.8896812142075 1230 1234 -1
1233 1.1789823018774785 -184.66001952984317 1107.5102508653263 1231 1235 -1
1234 -44.979280945664335 -170.1755609900074 1049.716163066706 1232 1236 -1
1235 1.2803432791940408 -184.6053099200235 1107.683228512172 1233 1237 -1
1236 -44.975262746768564 -170.17175172420693 1049.5426460919543 1234 1238 -1
1237 1.3801754996657103 -184.54951146588763 1107.856745405323 1235 1239 -1
1238 -44.97044478598934 -170.16859719916724 1049.3691363465632 1236 1240 -1
1239 1.4781654758366 -184.49100938883427 1108.0304193289485 1237 1241 -1
1240 -44.96482547842232 -170.16610239202038 1049.195639966636 1238 1242 -1
1241 1.573933955497103 -184.42818543569425 1108.2038185085253 1239 1243 -1
1242 -44.95840333410967 -170.16427219491808 1049.0221631659101 1240 1244 -1
1243 1.6670997101379577 -184.35955689032554 1108.3764285075863 1241 1245 -1
1244 -44.95117956178936 -170.16311141156146 1048.8487121217483 1242 1246 -1
1245 1.7573059075237474 -184.2839161308437 1108.5476702007772 1243 1247 -1
1246 -44.943174021694816 -170.1626247556285 1048.6752921874706 1244 1248 -1
1247 1.844049516255291 -184.19995400112103 1108.7168042555218 1245 1249 -1
1248 -44.934414972506765 -170.16281686474883 1048.5019080894579 1246 1250 -1
1249 1.927037935064399 -184.10711769299678 1108.8831543772176 1247 1251 -1
1250 -44.924930675563495 -170.16369230941112 1048.3285642428154 1248 1252 -1
1251 2.005928362750847 -184.004953105391 1109.0459923131366 1249 1253 -1
1252 -44.914749325428254 -170.16525559787493 1048.155264768492 1250 1254 -1
1253 2.0809573593748656 -183.8947202684881 1109.2053755848676 1251 1255 -1
1254 -44.90389838860268 -170.16751188990816 1047.9820135608245 1252 1256 -1
1255 2.1532828768796817 -183.77993924287753 1109.3627984758343 1253 1257 -1
1256 -44.89240631461256 -170.1704652195939 1047.8088141774185 1254 1258 -1
1257 2.224147787366387 -183.66395003850118 1109.5200027902492 1255 1259 -1
1258 -44.88030143175666 -170.174119527715 1047.6356699153553 1256 1260 -1
1259 2.294712814201275 -183.54988540463776 1109.6787374033167 1257 1261 -1
1260 -44.86761158041722 -170.17847911516384 1047.4625838652946 1258 1262 -1
1261 2.3661456628913893 -183.44121840084185 1109.8408179772005 1259 1263 -1
1262 -44.8543644990815 -170.18354824170856 1047.2895588979623 1260 1264 -1
1263 2.4396469940531573 -183.34228411697597 1110.0080890326535 1261 1265 -1
1264 -44.84058781998846 -170.18933112942756 1047.1165976787672 1262 1266 -1
1265 2.5162865507231715 -183.25822007293652 1110.1819263505604 1263 1267 -1
1266 -44.826309065508696 -170.1958319658788 1046.9437026823032 1264 1268 -1
1267 2.5961092939872144 -183.18983299249356 1110.3611408271688 1265 1269 -1
1268 -44.81155564520517 -170.20305490699997 1046.7708762067168 1266 1270 -1
1269 2.6788593298443857 -183.1350803687378 1110.5437002066026 1267 1271 -1
1270 -44.79635485352359 -170.21100407973472 1046.5981203879312 1268 1272 -1
1271 2.764371782270641 -183.09068706636972 1110.727815317792 1269 1273 -1
1272 -44.780733868061304 -170.21968358438176 1046.4254372137052 1270 1274 -1
1273 2.8527236686034603 -183.05288872420326 1110.9120749495164 1271 1275 -1
1274 -44.76471974836518 -170.22909749666272 1046.252828537527 1272 1276 -1
1275 2.9439334138137268 -183.01725799040048 1111.095374822578 1273 1277 -1
1276 -44.748339435209225 -170.239249869507 1046.0802960923218 1274 1278 -1
1277 3.0380973505185827 -182.97962635794477 1111.2767665728215 1275 1279 -1
1278 -44.731619750303715 -170.25014473454965 1045.9078415039792 1276 1280 -1
1279 3.1351958439396013 -182.93595019586093 1111.455220082303 1277 1281 -1
1280 -44.714587396389426 -170.26178610334065 1045.7354663046817 1278 1282 -1
1281 3.234798628896203 -182.8843291888516 1111.6301374342825 1279 1283 -1
1282 -44.697268957670055 -170.27417796826364 1045.5631719460403 1280 1284 -1
1283 3.336362289889917 -182.82506027443827 1111.8014698662612 1281 1285 -1
1284 -44.67969090053894 -170.28732430316074 1045.3909598120288 1282 1286 -1
1285 3.439302109137151 -182.75902138505708 1111.9694753721317 1283 1287 -1
1286 -44.66187957455486 -170.30122906366356 1045.218831231713 1284 1288 -1
1287 3.543170291259354 -182.68677625128203 1112.1343289103231 1285 1289 -1
1288 -44.64386121362553 -170.31589618722657 1045.04678749178 1286 1290 -1
1289 3.6475756870509217 -182.60876702865664 1112.2961911233638 1287 1291 -1
1290 -44.62566193735558 -170.33132959286326 1044.8748298488574 1288 1292 -1
1291 3.752161488617108 -182.52556923071486 1112.4553310037393 1289 1293 -1
1292 -44.60730775251903 -170.3475331805819 1044.7029595416307 1290 1294 -1
1293 3.8566272487136852 -182.43756872518776 1112.6119479346976 1291 1295 -1
1294 -44.5888245546162 -170.36451083052071 1044.5311778027524 1292 1296 -1
1295 3.9607020304211074 -182.3451054897543 1112.766238451256 1293 1297 -1
1296 -44.570238129476294 -170.38226640178004 1044.3594858705449 1294 1298 -1
1297 4.064133889701105 -182.2484584315805 1112.9183836185623 1295 1299 -1
1298 -44.551574154867204 -170.40080373095208 1044.1878850005 1296 1300 -1
1299 4.166690296815305 -182.1478937956254 1113.068570301656 1297 1301 -1
1300 -44.53285820207647 -170.42012663034507 1044.0163764765698 1298 1302 -1
1301 4.268161830916978 -182.04367063002027 1113.216989313065 1299 1303 -1
1302 -44.514115737426415 -170.44023888590263 1043.844961622251 1300 1304 -1
1303 4.3683430169885105 -181.93598891171737 1113.3638074925982 1301 1305 -1
1304 -44.49537212368869 -170.46114425481673 1043.6736418114654 1302 1306 -1
1305 4.46703358609988 -181.8250244666176 1113.5091839588488 1303 1307 -1
1306 -44.47665262136369 -170.48284646283432 1043.5024184792292 1304 1308 -1
1307 4.564035128776789 -181.71093203064592 1113.653270423472 1305 1309 -1
1308 -44.45798238979109 -170.505349201257 1043.3312931321134 1306 1310 -1
1309 4.659147978092189 -181.59384800680778 1113.7962116338956 1307 1311 -1
1310 -44.439386557974245 -170.52865669155693 1043.1602674296807 1308 1312 -1
1311 4.752168245684636 -181.47389296926235 1113.9381458759974 1309 1313 -1
1312 -44.42089018972862 -170.55277288756133 1042.9893430983725 1310 1314 -1
1313 4.842885324426834 -181.35117420706612 1114.0792054487913 1311 1315 -1
1314 -44.40251808119982 -170.57770056291028 1042.8185218230178 1312 1316 -1
1315 4.931173221107066 -181.22584523101165 1114.2195099078765 1313 1317 -1
1316 -44.3842950029413 -170.60344323694758 1042.6478054983206 1314 1318 -1
1317 5.017218901246506 -181.09824099914226 1114.3591560707666 1315 1319 -1
1318 -44.36624562632406 -170.63000437503763 1042.4771961397944 1316 1320 -1
1319 5.101295810910564 -180.96873092001965 1114.498246763759 1317 1321 -1
1320 -44.348394522991306 -170.6573873837398 1042.3066958929048 1318 1322 -1
1321 5.1836827160268255 -180.83767106614934 1114.6368971710633 1319 1323 -1
1322 -44.330765664451526 -170.685595597286 1042.1363070919544 1320 1324 -1
1323 5.264663569173095 -180.70540775568952 1114.7752334038075 1321 1325 -1
1324 -44.31336139586986 -170.71463191113614 1041.9660343472897 1322 1326 -1
1325 5.3445279928828455 -180.57228161208312 1114.9133913894127 1323 1327 -1
1326 -44.296153099519636 -170.7444985800003 1041.7958853504329 1324 1328 -1
1327 5.423572237383265 -180.43863204505698 1115.051516016816 1325 1329 -1
1328 -44.279109705365286 -170.77519767224516 1041.625867957066 1326 1330 -1
1329 5.502100529897443 -180.30480216809022 1115.1897604541423 1327 1331 -1
1330 -44.26220027444827 -170.80673110982318 1041.455989940629 1328 1332 -1
1331 5.5804267338635345 -180.17114419905238 1115.3282855398863 1329 1333 -1
1332 -44.24539401278521 -170.83910066546738 1041.286259005739 1330 1334 -1
1333 5.658876231146706 -180.038025415573 1115.4672591290573 1331 1335 -1
1334 -44.22866039068854 -170.8723100982689 1041.1166832153706 1332 1336 -1
1335 5.737793713382935 -179.90584429450223 1115.6068609430895 1333 1337 -1
1336 -44.21196869176678 -170.90635956551455 1040.947269967833 1334 1338 -1
1337 5.817545948829377 -179.7750352827784 1115.747277686545 1335 1339 -1
1338 -44.19528856463691 -170.94124970916025 1040.7780267205003 1336 1340 -1
1339 5.898504422347798 -179.64605115474146 1115.8886876208644 1337 1341 -1
1340 -44.17858991357263 -170.9769816763406 1040.60896103604 1338 1342 -1
1341 5.9810638437929065 -179.51940035657776 1116.0312746790378 1339 1343 -1
1342 -44.16184285361586 -171.013556446042 1040.4400804703255 1340 1344 -1
1343 6.0656339983220695 -179.39564125691822 1116.1752149194695 1341 1345 -1
1344 -44.1450177236029 -171.050974824464 1040.2713925833805 1342 1346 -1
1345 6.152385061445204 -179.2749975760854 1116.32049640912 1343 1347 -1
1346 -44.128085099200256 -171.08923744013228 1040.10290494978 1344 1348 -1
1347 6.241148833969816 -179.1571813225435 1116.466878957449 1345 1349 -1
1348 -44.111015447629015 -171.12834656144753 1039.9346256335834 1346 1350 -1
1349 6.331823203334028 -179.0419667906871 1116.6141594221508 1347 1351 -1
1350 -44.09377953848069 -171.16830299959548 1039.7665624648496 1348 1352 -1
1351 6.424241787558828 -178.9290086907241 1116.7621028842082 1349 1353 -1
1352 -44.0763490673517 -171.20910465348518 1039.598722593393 1350 1354 -1
1353 6.518235360544726 -178.81793057056606 1116.9104775733433 1351 1355 -1
1354 -44.05869566864968 -171.2507513930471 1039.4311137535667 1352 1356 -1
1355 6.613638172544922 -178.70833339942604 1117.059054613449 1353 1357 -1
1356 -44.04079127959826 -171.29324288297664 1039.263743737606 1354 1358 -1
1357 6.7102516609054135 -178.59976239349172 1117.2076031267552 1355 1359 -1
1358 -44.02260815403189 -171.33657857683204 1039.0966204020906 1356 1360 -1
1359 6.807892985320305 -178.49176325356015 1117.3558965154111 1357 1361 -1
1360 -44.004116858948244 -171.38076279279295 1038.9297532598816 1358 1362 -1
1361 6.906355625732894 -178.383857874768 1117.5037143924696 1359 1363 -1
1362 -43.985291822185886 -171.4257898733847 1038.7631489654505 1360 1364 -1
1363 7.0054405576732 -178.27557343210535 1117.6508375030799 1361 1365 -1
1364 -43.966106371177375 -171.47165843578685 1038.5968155609594 1362 1366 -1
1365 7.1049384574587116 -178.1664465252915 1117.7970563317726 1363 1367 -1
1366 -43.94653414462833 -171.5183670329931 1038.430761223433 1364 1368 -1
1367 7.204642786121428 -178.05602902816779 1117.9421609583792 1365 1369 -1
1368 -43.92654749958685 -171.56591715718358 1038.2649953408763 1366 1370 -1
1369 7.304344817130343 -177.94391709259347 1118.0859614335063 1367 1371 -1
1370 -43.90612049343938 -171.61430697622643 1038.0995264115038 1368 1372 -1
1371 7.40383625896635 -177.82970452178162 1118.228246015255 1369 1373 -1
1372 -43.8852294375538 -171.6635312811401 1037.9343618537187 1370 1374 -1
1373 7.502923123941103 -177.71310831231457 1118.3688692985004 1371 1375 -1
1374 -43.863849590147936 -171.71358762762634 1037.7695102100952 1372 1376 -1
1375 7.601414151230256 -177.59380306134435 1118.5076261546144 1373 1377 -1
1376 -43.84195326642302 -171.76447851666094 1037.6049821954557 1374 1378 -1
1377 7.6993508477199875 -177.47200922338075 1118.6446025463547 1375 1379 -1
1378 -43.81951810418795 -171.81619808243494 1037.4407855345871 1376 1380 -1
1379 7.796887422126245 -177.3481098659364 1118.779967458759 1377 1381 -1
1380 -43.796521996652714 -171.86874102996322 1037.2769282525323 1378 1382 -1
1381 7.89417330707989 -177.22243358443117 1118.9138674548433 1379 1383 -1
1382 -43.77293967244861 -171.92210705287016 1037.1134206582722 1380 1384 -1
1383 7.991359659063402 -177.09530278955867 1119.0464606780024 1381 1385 -1
1384 -43.74874694968664 -171.9762942784064 1036.9502727379288 1382 1386 -1
1385 8.088592342428928 -176.96702880236506 1119.1779142784644 1383 1387 -1
1386 -43.72392543936898 -172.0312937310384 1036.7874914844358 1384 1388 -1
1387 8.186010958804577 -176.83788164516204 1119.3083717405395 1385 1389 -1
1388 -43.698450578435086 -172.08710490818729 1036.6250878881006 1386 1390 -1
1389 8.283752150379065 -176.70811567649366 1119.4379712204784 1387 1391 -1
1390 -43.672299925535036 -172.14372463445255 1036.4630720580706 1388 1392 -1
1391 8.38194990233775 -176.5779726810588 1119.5668455907373 1389 1393 -1
1392 -43.645457385255696 -172.20114282559422 1036.3014508743058 1390 1394 -1
1393 8.480735887706482 -176.44768470613394 1119.6951225782132 1391 1395 -1
1394 -43.617896495665974 -172.25936157980698 1036.1402375043808 1392 1396 -1
1395 8.580246952115175 -176.31747918383704 1119.8229219317789 1393 1397 -1
1396 -43.589601908949234 -172.31837077380888 1035.979439176774 1394 1398 -1
1397 8.680605940564533 -176.1875773020383 1119.9503666294588 1395 1399 -1
1398 -43.56055456773089 -172.37816495440364 1035.8190656146876 1396 1400 -1
1399 8.781938939942263 -176.058196298291 1120.0775700556153 1397 1401 -1
1400 -43.53073137739725 -172.43874286577417 1035.6591291852149 1398 1402 -1
1401 8.884371697411051 -175.92955341382168 1120.2046409465129 1399 1403 -1
1402 -43.5 -172.5 1035.5 1400 -1 -1
1403 8.988029260976559 -175.80186784746027 1120.3316838627838 1401 1404 -1
1404 9.093036096682372 -175.6753626882041 1120.4587992180507 1403 1405 -1
1405 9.19951610015803 -175.55026677239482 1120.586083214838 1404 1406 -1
1406 9.307587493335156 -175.42681109683332 1120.7136267592725 1405 1407 -1
1407 9.417242482577612 -175.30509899532106 1120.841494193157 1406 1408 -1
1408 9.528316026951506 -175.18506354011325 1120.969721996312 1407 1409 -1
1409 9.640632772804636 -175.06662110439353 1121.098347902309 1408 1410 -1
1410 9.75401974097488 -174.94968558956978 1121.2274131307458 1409 1411 -1
1411 9.868305917289911 -174.83416878779863 1121.3569621569038 1410 1412 -1
1412 9.98332177553958 -174.71998068983376 1121.487042494155 1411 1413 -1
1413 10.098898740724287 -174.60702974352017 1121.6177044869316 1412 1414 -1
1414 10.2148702565595 -174.49523076091273 1121.7490061527253 1413 1415 -1
1415 10.331063907246945 -174.3844828686828 1121.8810003909307 1414 1416 -1
1416 10.44730924406865 -174.27468897222755 1122.0137439834684 1415 1417 -1
1417 10.563434727505376 -174.16575300428627 1122.1472968268026 1416 1418 -1
1418 10.679266306363452 -174.05757810566985 1122.2817206396198 1417 1419 -1
1419 10.794626622847503 -173.9500667249854 1122.4170787179885 1418 1420 -1
1420 10.909334188892446 -173.84312071896377 1122.553435658755 1419 1421 -1
1421 11.023202538234074 -173.73664146200926 1122.6908570414018 1420 1422 -1
1422 11.13603200958998 -173.63053158034026 1122.8294162118823 1421 1423 -1
1423 11.247612454580668 -173.52469113057748 1122.9691873736774 1422 1424 -1
1424 11.3577469316763 -173.41901694736305 1123.1102250952683 1423 1425 -1
1425 11.46627416390094 -173.31341463812345 1123.2525565756464 1424 1426 -1
1426 11.573231807224712 -173.20780639533044 1123.3960672050919 1425 1427 -1
1427 11.678709543888763 -173.10211432120028 1123.54060802289 1426 1428 -1
1428 11.782804183156829 -172.99625386114724 1123.6860257939588 1427 1429 -1
1429 11.88565018940867 -172.89014166183847 1123.832146930728 1428 1430 -1
1430 11.987365044717173 -172.78368992960435 1123.9788120076626 1429 1431 -1
1431 12.088061595241314 -172.6768027548767 1124.125862675148 1430 1432 -1
1432 12.187865386077291 -172.56938132731838 1124.273132556651 1431 1433 -1
1433 12.286921799149761 -172.46133782730706 1124.4204519753823 1432 1434 -1
1434 12.385363534999199 -172.3525766173428 1124.5676552805626 1433 1435 -1
1435 12.483315810883132 -172.24297661459025 1124.7145626258875 1434 1436 -1
1436 12.58093135305598 -172.13246053557722 1124.8610069740469 1435 1437 -1
1437 12.678348079081886 -172.0209337584618 1125.0068160275625 1436 1438 -1
1438 12.77570340635231 -171.90827351333388 1125.1517921796708 1437 1439 -1
1439 12.873044270344701 -171.7943729073245 1125.2958054263108 1438 1440 -1
1440 12.970258489600345 -171.679065858077 1125.4387810820374 1439 1441 -1
1441 13.067205251531446 -171.56213060461695 1125.5806110881297 1440 1442 -1
1442 13.163748128262132 -171.4434077487314 1125.7212258808909 1441 1443 -1
1443 13.259746890883527 -171.3227260818376 1125.860539460608 1442 1444 -1
1444 13.355026146347978 -171.19982832024024 1125.9984016177868 1443 1445 -1
1445 13.4494456912623 -171.07459000625133 1126.134739796918 1444 1446 -1
1446 13.542825113742664 -170.94679336018027 1126.2694095205316 1445 1447 -1
1447 13.634971001904814 -170.8162227780834 1126.4022549237764 1446 1448 -1
1448 13.72571951693761 -170.6827509599324 1126.5331643764025 1447 1449 -1
1449 13.814807857695344 -170.54608051651323 1126.6618947836992 1448 1450 -1
1450 13.902079523404637 -170.40614832520433 1126.7883440593878 1449 1451 -1
1451 13.987236480074104 -170.26266888998163 1126.9122326897173 1450 1452 -1
1452 14.07009169503107 -170.11557806533537 1127.033416328387 1451 1453 -1
1453 14.150380844716294 -169.96466049941668 1127.151583632144 1452 1454 -1
1454 14.228562364858114 -169.81023717040503 1127.266594651252 1453 1455 -1
1455 14.305375307715499 -169.65262973514012 1127.3781582564552 1454 1456 -1
1456 14.381670656319153 -169.49236642982476 1127.4862400859524 1455 1457 -1
1457 14.458275272827441 -169.3297915202164 1127.5905865773836 1456 1458 -1
1458 14.535984745538748 -169.16542167549215 1127.6912381757886 1457 1459 -1
1459 14.615642526186479 -168.99964963167508 1127.7879905863156 1458 1460 -1
1460 14.69792033337631 -168.83297350844688 1127.8809202976895 1459 1461 -1
1461 14.783627287924318 -168.66583866198488 1127.9698379933136 1460 1462 -1
1462 14.873260927173957 -168.49873534755156 1128.0548549241062 1461 1463 -1
1463 14.967459182880274 -168.33215271957957 1128.1358613182729 1462 1464 -1
1464 15.066629019454242 -168.16657601147824 1128.2128952818653 1463 1465 -1
1465 15.171068171031083 -168.00246897802992 1128.2860087092988 1464 1466 -1
1466 15.281066401520608 -167.84030555275115 1128.3552016066249 1465 1467 -1
1467 15.396800131598523 -167.68054030373145 1128.420506453381 1466 1468 -1
1468 15.518226985356062 -167.52353427432234 1128.4820540426745 1467 1469 -1
1469 15.645002644827464 -167.36941655096985 1128.5400200051035 1468 1470 -1
1470 15.77624484923263 -167.21786515883136 1128.5947301877802 1469 1471 -1
1471 15.911150026489127 -167.06850790934706 1128.646493559357 1470 1472 -1
1472 16.049048264367595 -166.9209892087445 1128.6955797844375 1471 1473 -1
1473 16.189372487228376 -166.77497116221585 1128.7422226141532 1472 1474 -1
1474 16.331661699215257 -166.63014776959042 1128.7865842246708 1473 1475 -1
1475 16.475441622642897 -166.48618079337876 1128.8288799563843 1474 1476 -1
1476 16.62031726576465 -166.34276349733832 1128.869262364957 1475 1477 -1
1477 16.7659200959565 -166.199591363473 1128.9078613863323 1476 1478 -1
1478 16.911892955645467 -166.05635471847384 1128.9447883066005 1477 1479 -1
1479 17.057876225043746 -165.912731170198 1128.9801381316906 1478 1480 -1
1480 17.20348524924399 -165.76836581451482 1129.0139769926352 1479 1481 -1
1481 17.348310990850464 -165.62289031813296 1129.0463908433915 1480 1482 -1
1482 17.491898669600296 -165.47589849994435 1129.07743958659 1481 1483 -1
1483 17.633717415880824 -165.32693049781832 1129.1071662981 1482 1484 -1
1484 17.773130160882445 -165.17546176070917 1129.1356014844496 1483 1485 -1
1485 17.909277799921295 -165.02082123553427 1129.162738868062 1484 1486 -1
1486 18.041166057594644 -164.86232182701502 1129.1885865011318 1485 1487 -1
1487 18.168135093218414 -164.69965051676115 1129.213116187489 1486 1488 -1
1488 18.290126153954947 -164.5330096060338 1129.236232988133 1487 1489 -1
1489 18.40768302780221 -164.36302719516308 1129.2579652856186 1488 1490 -1
1490 18.52143622292346 -164.19030736577267 1129.2783397719782 1489 1491 -1
1491 18.632323125269572 -164.01558714913935 1129.2974413789163 1490 1492 -1
1492 18.741584408477525 -163.8397269003804 1129.3154304697089 1491 1493 -1
1493 18.850627296428108 -163.66364039312035 1129.3325118539012 1492 1494 -1
1494 18.960944244928935 -163.4882865667668 1129.3489241529057 1493 1495 -1
1495 19.07400015101068 -163.31465041541705 1129.364925513229 1494 1496 -1
1496 19.19110648423942 -163.14370953241774 1129.3807731678542 1495 1497 -1
1497 19.313305452957714 -162.97638195795687 1129.396686029232 1496 1498 -1
1498 19.440899369342333 -162.8129921456121 1129.41107146998 1497 1499 -1
1499 19.573112492231946 -162.65286742868224 1129.4187272845704 1498 1500 -1
1500 19.708924342497742 -162.49569988111128 1129.41403163337 1499 1501 -1
1501 19.846699835879274 -162.3416855163566 1129.3927619196638 1500 1502 -1
1502 19.984379542445144 -162.19185784724183 1129.3510505395982 1501 1503 -1
1503 20.11959536505292 -162.04746637358653 1129.287721280157 1502 1504 -1
1504 20.25102634713416 -161.90888324811428 1129.205952862085 1503 1505 -1
1505 20.378813230692018 -161.77508120107018 1129.1113754953867 1504 1506 -1
1506 20.503515094162417 -161.64479109230703 1129.0081412069626 1505 1507 -1
1507 20.625737352527498 -161.51682144651116 1128.899182383543 1506 1508 -1
1508 20.74612401955399 -161.3900006972842 1128.7868814992796 1507 1509 -1
1509 20.8652848709268 -161.26322693123612 1128.673225777977 1508 1510 -1
1510 20.98377639135987 -161.13543533494448 1128.5600124367418 1509 1511 -1
1511 21.102122778957007 -161.0055344016495 1128.4490765575385 1510 1512 -1
1512 21.22081995433566 -160.8723552950306 1128.34249828252 1511 1513 -1
1513 21.340316199053667 -160.7346207606002 1128.2428460304318 1512 1514 -1
1514 21.46094136699056 -160.59096897650764 1128.1534794366514 1513 1515 -1
1515 21.582698358839668 -160.4402812671639 1128.0784461283413 1514 1516 -1
1516 21.704930812470803 -160.2829445154339 1128.0195923666972 1515 1517 -1
1517 21.82677804670923 -160.12015434179796 1127.9769887774944 1516 1518 -1
1518 21.947437944255324 -159.95311702479643 1127.9504206196611 1517 1519 -1
1519 22.066356015674298 -159.78316714848484 1127.9383415003294 1518 1520 -1
1520 22.183189138409396 -159.61134086230507 1127.9391641793336 1519 1521 -1
1521 22.297876526428187 -159.43845028664268 1127.950794251092 1520 1522 -1
1522 22.410563298124654 -159.26503201132383 1127.9710632842769 1521 1523 -1
1523 22.52156746034697 -159.09138926945297 1127.9977501219907 1522 1524 -1
1524 22.631324067839152 -158.9176463610428 1128.0286459058107 1523 1525 -1
1525 22.7403454228065 -158.74380767520006 1128.0615551954609 1524 1526 -1
1526 22.84918855101371 -158.56981664529366 1128.0942473267532 1525 1527 -1
1527 22.958418031573498 -158.3956218087479 1128.1244553020015 1526 1528 -1
1528 23.06860151410639 -158.221238673136 1128.149656275663 1527 1529 -1
1529 23.18019884285839 -158.0468449469593 1128.1673774114922 1528 1530 -1
1530 23.293591696740908 -157.87287673293312 1128.1746854966693 1529 1531 -1
1531 23.408907118407594 -157.70015002078412 1128.1687024041194 1530 1532 -1
1532 23.52594059754046 -157.52990539416282 1128.1468003324744 1531 1533 -1
1533 23.64411596427662 -157.36365226432451 1128.1073542956626 1532 1534 -1
1534 23.762639856303494 -157.20241818490544 1128.0514956067905 1533 1535 -1
1535 23.88088176020543 -157.04668416773683 1127.9812513271784 1534 1536 -1
1536 23.99837627296597 -156.89688721585173 1127.898013578073 1535 1537 -1
1537 24.1148307546534 -156.75303847368963 1127.8035640456087 1536 1538 -1
1538 24.2300343323618 -156.61522858887344 1127.6990938554065 1537 1539 -1
1539 24.343908740765382 -156.483235259089 1127.5860009705955 1538 1540 -1
1540 24.45635727157535 -156.3571345775827 1127.4650254470882 1539 1541 -1
1541 24.567416446097255 -156.23660520200053 1127.337275162215 1540 1542 -1
1542 24.677102501778066 -156.1215281513989 1127.2034496003341 1541 1543 -1
1543 24.785416839790134 -156.0119295352894 1127.0640225576128 1542 1544 -1
1544 24.892444050914513 -155.90757280521296 1126.9196667397673 1543 1545 -1
1545 24.99823767756195 -155.80839890430607 1126.7708159911558 1544 1546 -1
1546 25.102840922349294 -155.71444649891237 1126.6177935568953 1545 1547 -1
1547 25.20631209223508 -155.62574150993572 1126.460917997518 1546 1548 -1
1548 25.30872588267885 -155.54227322515766 1126.3005146277242 1547 1549 -1
1549 25.410128749915383 -155.46421674963025 1126.136778454258 1548 1550 -1
1550 25.51054304912991 -155.39197905247116 1125.9697964388822 1549 1551 -1
1551 25.609984533255915 -155.32602481115302 1125.7996635885681 1550 1552 -1
1552 25.708388898334547 -155.2672729496356 1125.6263209923277 1551 1553 -1
1553 25.805744957411612 -155.21616167420115 1125.4499931457754 1552 1554 -1
1554 25.90193513914985 -155.17374867315132 1125.2707457885504 1553 1555 -1
1555 25.996897829766795 -155.14048940659902 1125.088934706588 1554 1556 -1
1556 26.090483029125274 -155.11728050042015 1124.904864237047 1555 1557 -1
1557 26.18254318909062 -155.1047587022372 1124.7190011834182 1556 1558 -1
1558 26.272928165448754 -155.10336594820757 1124.5319043556499 1557 1559 -1
1559 26.36141546783143 -155.11379897880772 1124.3441882687519 1558 1560 -1
1560 26.447851420255862 -155.13614228637127 1124.1565606939632 1559 1561 -1
1561 26.532066585182633 -155.17047853540825 1123.969733997906 1560 1562 -1
1562 26.614014306444304 -155.21523858593156 1123.7840843847866 1561 1563 -1
1563 26.69480249709972 -155.25701663402668 1123.5972618547894 1562 1564 -1
1564 26.775293692391894 -155.2775415575987 1123.4069260178605 1563 1565 -1
1565 26.854618264952435 -155.27353962749024 1123.2150118602806 1564 1566 -1
1566 26.931821232389787 -155.2491904634205 1123.023683003348 1565 1567 -1
1567 27.006496523066044 -155.2093808877356 1122.8339165987927 1566 1568 -1
1568 27.078727979330267 -155.15925395293283 1122.6456290896542 1567 1569 -1
1569 27.14875001068015 -155.1034487790106 1122.4580923317865 1568 1570 -1
1570 27.216993432719114 -155.04651955020591 1122.2702355817405 1569 1571 -1
1571 27.28376888051042 -154.9928844574029 1122.08089571424 1570 1572 -1
1572 27.34936970187095 -154.9470148200493 1121.8891374692425 1571 1573 -1
1573 27.413822618718083 -154.91444898375744 1121.6943287534325 1572 1574 -1
1574 27.476870631766754 -154.90036731248318 1121.4969118770516 1573 1575 -1
1575 27.537011482176162 -154.9070831410404 1121.298188008051 1574 1576 -1
1576 27.591848967497537 -154.93232331457685 1121.0994073392155 1575 1577 -1
1577 27.639342575322004 -154.97306137950704 1120.901294716591 1576 1578 -1
1578 27.677382551111137 -155.02677677506685 1120.7042273365303 1577 1579 -1
1579 27.704354602767467 -155.09052273999615 1120.508327442095 1578 1580 -1
1580 27.718565659942453 -155.16175918573802 1120.3136686577793 1579 1581 -1
1581 27.71838026692855 -155.23796418078607 1120.1203845382752 1580 1582 -1
1582 27.702511712988898 -155.31662101297786 1119.9287465493978 1581 1583 -1
1583 27.66963838517982 -155.3952620077193 1119.7392873693855 1582 1584 -1
1584 27.618972898409844 -155.4714492502011 1119.552780928016 1583 1585 -1
1585 27.550449983110994 -155.542956523649 1119.3701710294088 1584 1586 -1
1586 27.464079610402308 -155.60765143468996 1119.1926600036709 1585 1587 -1
1587 27.363933617347985 -155.6648422733837 1119.019804342403 1586 1588 -1
1588 27.265279777989072 -155.71740886649323 1118.8446631264305 1587 1589 -1
1589 27.18971863856346 -155.7684681198078 1118.6583361775026 1588 1590 -1
1590 27.17493119396618 -155.8187815433811 1118.458850481347 1589 1591 -1
1591 27.2332293154623 -155.8646292507252 1118.2654175311905 1590 1592 -1
1592 27.32058570751132 -155.90664613295334 1118.0816182683236 1591 1593 -1
1593 27.400474652700407 -155.9490194798422 1117.8946788581775 1592 1594 -1
1594 27.44898363151853 -155.99444675265974 1117.6980747904147 1593 1595 -1
1595 27.46444598617246 -156.0432430888125 1117.4968655165883 1594 1596 -1
1596 27.452649119864162 -156.09570418919168 1117.2962493761106 1595 1597 -1
1597 27.422062871434584 -156.1524053444561 1117.0987290173907 1596 1598 -1
1598 27.380298217485 -156.2144251404748 1116.904849757845 1597 1599 -1
1599 27.33463079201787 -156.28281179119548 1116.714006672516 1598 1600 -1
1600 27.29145031113127 -156.358929211671 1116.5255372964953 1599 1601 -1
1601 27.255944678221386 -156.44338585050323 1116.3390385877374 1600 1602 -1
1602 27.228336910624776 -156.5351274744898 1116.1546401231817 1601 1603 -1
1603 27.205997603058883 -156.6319253535512 1115.9721128733265 1602 1604 -1
1604 27.186679154491905 -156.73208112195846 1115.791051528852 1603 1605 -1
1605 27.168162052722142 -156.83404739964544 1115.6109167913532 1604 1606 -1
1606 27.148252287148367 -156.9362957072685 1115.4310920293176 1605 1607 -1
1607 27.124797263511592 -157.03735468825911 1115.2510270853936 1606 1608 -1
1608 27.09646876096595 -157.13561061179627 1115.0701150630978 1607 1609 -1
1609 27.06508512416533 -157.22965544379366 1114.8874784659074 1608 1610 -1
1610 27.032946214261333 -157.31775827401393 1114.7020379004948 1609 1611 -1
1611 27.00267367654604 -157.39789174304437 1114.512721728885 1610 1612 -1
1612 26.97736963465136 -157.4674213052895 1114.3185731040319 1611 1613 -1
1613 26.959692466754575 -157.52609018312333 1114.1200253243635 1612 1614 -1
1614 26.95009017341856 -157.5814377877748 1113.919956287474 1613 1615 -1
1615 26.947925612929442 -157.64334855812143 1113.7216285424668 1614 1616 -1
1616 26.95205747849257 -157.72022780667731 1113.5286986692524 1615 1617 -1
1617 26.961189659709216 -157.81451075866224 1113.343801224729 1616 1618 -1
1618 26.974078618669306 -157.92193265985946 1113.166413886157 1617 1619 -1
1619 26.989845123345805 -158.03909053926972 1112.9955200837996 1618 1620 -1
1620 27.00773111507794 -158.1631920552039 1112.8298042411493 1619 1621 -1
1621 27.02720266612847 -158.2923151457582 1112.6681455059252 1620 1622 -1
1622 27.047828951001993 -158.42494470151075 1112.5094915592235 1621 1623 -1
1623 27.069251012658192 -158.55983877170928 1112.352862164987 1622 1624 -1
1624 27.09115585261321 -158.69592335133703 1112.19733169539 1623 1625 -1
1625 27.113254462017878 -158.83220622242223 1112.042002104823 1624 1626 -1
1626 27.135290986421843 -158.9677839002948 1111.8860483559363 1625 1627 -1
1627 27.1572274730374 -159.10236267224707 1111.7292177238103 1626 1628 -1
1628 27.179151904442595 -159.23600200056592 1111.5715840342211 1627 1629 -1
1629 27.201159067934093 -159.36877582041086 1111.4132320380195 1628 1630 -1
1630 27.223347489755827 -159.5007646598535 1111.254250274933 1629 1631 -1
1631 27.245818931782953 -159.63205513771322 1111.0947308537914 1630 1632 -1
1632 27.268678413196458 -159.762738793269 1110.9347688493176 1631 1633 -1
1633 27.292039604965392 -159.89290827903537 1110.7744604560794 1632 1634 -1
1634 27.316006423302525 -160.0226719452748 1110.61391264912 1633 1635 -1
1635 27.34068790759836 -160.1521345852575 1110.4532301817674 1634 1636 -1
1636 27.366193125374256 -160.28140332869955 1110.2925202935596 1635 1637 -1
1637 27.392630448999185 -160.41058672849732 1110.1318924835678 1636 1638 -1
1638 27.420106809829377 -160.53979381359574 1109.9714582588995 1637 1639 -1
1639 27.448742795439987 -160.66913614628461 1109.811336193666 1638 1640 -1
1640 27.4786328949978 -160.79872186994422 1109.651640833387 1639 1641 -1
1641 27.509869279078945 -160.92865473063273 1109.4924862869234 1640 1642 -1
1642 27.54252462355917 -161.05903245440481 1109.3339817655174 1641 1643 -1
1643 27.576421706085167 -161.18991185203288 1109.176152530234 1642 1644 -1
1644 27.61119549281269 -161.32132243623954 1109.0189564337484 1643 1645 -1
1645 27.64648018766512 -161.45330275565124 1108.8623524958355 1644 1646 -1
1646 27.681901307480032 -161.5858831529346 1108.70628714161 1645 1647 -1
1647 27.717094983422946 -161.7190964603924 1108.5507101130738 1646 1648 -1
1648 27.751699850748516 -161.85297769298114 1108.3955751197645 1647 1649 -1
1649 27.7853537049909 -161.98756060451277 1108.2408387634312 1648 1650 -1
1650 27.817692276521917 -162.12287646716337 1108.0864618263556 1649 1651 -1
1651 27.848345699325435 -162.25895371708057 1107.9324109419367 1650 1652 -1
1652 27.876909493842085 -162.39582525962362 1107.778662858598 1651 1653 -1
1653 27.90303131899547 -162.533495716173 1107.625194785244 1652 1654 -1
1654 27.92633003326342 -162.67197213735056 1107.47199832628 1653 1655 -1
1655 27.94642009936812 -162.81125151022195 1107.3190764329925 1654 1656 -1
1656 27.962912456095662 -162.95131896097595 1107.1664449543766 1655 1657 -1
1657 27.975416028825027 -163.09214590746421 1107.0141341733047 1656 1658 -1
1658 27.983607453148856 -163.233693162959 1106.8621983721569 1657 1659 -1
1659 27.988114198621375 -163.3758651313002 1106.710691040975 1658 1660 -1
1660 27.989814197414763 -163.51858943365758 1106.5596448382905 1659 1661 -1
1661 27.989582018859952 -163.6618185054086 1106.4090666799345 1660 1662 -1
1662 27.988291146233525 -163.8055215632299 1106.2589455386524 1661 1663 -1
1663 27.986813353317594 -163.94967750352683 1106.1092608215336 1662 1664 -1
1664 27.98604298585959 -164.09427330814228 1105.9599959985076 1663 1665 -1
1665 27.98684969114057 -164.2392763325493 1105.8111278417264 1664 1666 -1
1666 27.990098922675045 -164.38464762392582 1105.6626540891527 1665 1667 -1
1667 27.99665206916008 -164.53032703270793 1105.5145938234164 1666 1668 -1
1668 28.007362029003893 -164.67622577346071 1105.3669945578858 1667 1669 -1
1669 28.023065632533488 -164.8222194690051 1105.2199387411617 1668 1670 -1
1670 28.04464586702375 -164.96813918314692 1105.0735585619254 1669 1671 -1
1671 28.07250353204022 -165.1138022737113 1104.9279856900826 1670 1672 -1
1672 28.10618478168033 -165.25910075758236 1104.7832805761877 1671 1673 -1
1673 28.145113469696188 -165.40396987482998 1104.6394625523048 1672 1674 -1
1674 28.188729960587164 -165.54837376912 1104.496522930688 1673 1675 -1
1675 28.236494706623187 -165.69230120106948 1104.3544296652276 1674 1676 -1
1676 28.287889932729037 -165.83576150446027 1104.2131316100706 1675 1677 -1
1677 28.342419822416947 -165.97878091407463 1104.0725622768048 1676 1678 -1
1678 28.399609555865393 -166.1213993227882 1103.9326430604763 1677 1679 -1
1679 28.459003495784128 -166.26366747446528 1103.7932859521236 1678 1680 -1
1680 28.520162758670814 -166.40564456488343 1103.6543957856043 1679 1681 -1
1681 28.582662355054516 -166.54739620147464 1103.5158720838385 1680 1682 -1
1682 28.64608803582009 -166.68899266036237 1103.3776105782365 1681 1683 -1
1683 28.71003294418017 -166.83050737283722 1103.2395044783748 1682 1684 -1
1684 28.77409414459311 -166.97201557058145 1103.1014455694842 1683 1685 -1
1685 28.837869080647017 -167.113593017836 1102.9633252147612 1684 1686 -1
1686 28.900952003259277 -167.25531475812483 1102.8250353391254 1685 1687 -1
1687 28.962930408224693 -167.39725380247302 1102.686469471406 1686 1688 -1
1688 29.023381737999127 -167.53947961897143 1102.5475239458174 1687 1689 -1
1689 29.082042954927797 -167.68200306494705 1102.4081168141024 1688 1690 -1
1690 29.139142359818532 -167.82467671112548 1102.2682154544334 1689 1691 -1
1691 29.195025406615912 -167.96732359768336 1102.1277964143474 1690 1692 -1
1692 29.250037719971562 -168.10976861977667 1101.9868295611154 1691 1693 -1
1693 29.304532954396937 -168.25183551034218 1101.8452814282414 1692 1694 -1
1694 29.35887262312427 -168.39334508524604 1101.7031166281813 1693 1695 -1
1695 29.41342597282567 -168.5341133781664 1101.5602994037683 1694 1696 -1
1696 29.468569820773958 -168.67394969480364 1101.4167953412639 1695 1697 -1
1697 29.52468826047069 -168.8126546218654 1101.272573269357 1696 1698 -1
1698 29.582172130725013 -168.95001803611706 1101.127607366743 1697 1699 -1
1699 29.641432002883395 -169.08580562770908 1100.981874550369 1698 1700 -1
1700 29.702888399059862 -169.21976601354345 1100.8353634250805 1699 1701 -1
1701 29.76692826292514 -169.35166035187484 1100.6880875682978 1700 1702 -1
1702 29.833955827475883 -169.4812168291693 1100.5400691901298 1701 1703 -1
1703 29.904371068903387 -169.60814585140085 1100.391349882559 1702 1704 -1
1704 29.97859233854141 -169.73211879822043 1100.2419900911616 1703 1705 -1
1705 30.05704227321644 -169.85277411949616 1100.092077505635 1704 1706 -1
1706 30.13948878275637 -169.96997609201776 1099.9415682249653 1705 1707 -1
1707 30.219467826680965 -170.08536318696054 1099.788370461307 1706 1708 -1
1708 30.283748358731938 -170.20171113432076 1099.6288055446687 1707 1709 -1
1709 30.3138837283254 -170.32015404078595 1099.4612859051922 1708 1710 -1
1710 30.296210149037158 -170.43720339558894 1099.290913844168 1709 1711 -1
1711 30.25733604547544 -170.55085100334082 1099.121333602811 1710 1712 -1
1712 30.23332647164953 -170.66392908888406 1098.9489255269855 1711 1713 -1
1713 30.248009957666333 -170.77608261242335 1098.774968060434 1712 1714 -1
1714 30.29303552728911 -170.88496365030196 1098.6039305541312 1713 1715 -1
1715 30.35604531564317 -170.99066737058473 1098.43650253923 1714 1716 -1
1716 30.425979564279636 -171.0948673024011 1098.2708541997936 1715 1717 -1
1717 30.49379774740297 -171.19949616036124 1098.104609329907 1716 1718 -1
1718 30.550403027731125 -171.3063237437504 1097.9356490700925 1717 1719 -1
1719 30.584214274339786 -171.41651945137974 1097.7629416238492 1718 1720 -1
1720 30.583788433705962 -171.52914093799222 1097.5887175161408 1719 1721 -1
1721 30.54221211932391 -171.6407796363946 1097.418808970655 1720 1722 -1
1722 30.472510977825976 -171.74935682623922 1097.2560271127477 1721 1723 -1
1723 30.38808715500561 -171.85569837627463 1097.0987219891954 1722 1724 -1
1724 30.299217961462464 -171.96173947688754 1096.9436543934337 1723 1725 -1
1725 30.21408793739104 -172.06949160103906 1096.7876947224727 1724 1726 -1
1726 30.141497553058233 -172.18082389307017 1096.6280343028668 1725 1727 -1
1727 30.09303119545802 -172.29693740084122 1096.4629081925968 1726 1728 -1
1728 30.07852885945188 -172.41664034737607 1096.2939385673983 1727 1729 -1
1729 30.091521593348105 -172.53696895509785 1096.1251362142689 1728 1730 -1
1730 30.121873117167027 -172.65669905784387 1095.9580433810281 1729 1731 -1
1731 30.159037463710042 -172.77610219260959 1095.7920622187303 1730 1732 -1
1732 30.193863926702395 -172.89596829626703 1095.6259187211306 1731 1733 -1
1733 30.216838238911674 -173.0169329028326 1095.4585746932967 1732 1734 -1
1734 30.22223017820273 -173.1386668197467 1095.2903143383169 1733 1735 -1
1735 30.2113235715494 -173.2602759772407 1095.122208313187 1734 1736 -1
1736 30.186119188959683 -173.38107459383187 1094.9550369428657 1735 1737 -1
1737 30.149222607717807 -173.5006813642331 1094.789173360358 1736 1738 -1
1738 30.1029395791495 -173.6189403164114 1094.624691613041 1737 1739 -1
1739 30.049319817143438 -173.73584480550218 1094.4614648549177 1738 1740 -1
1740 29.99020543272321 -173.85148315793512 1094.299230435999 1739 1741 -1
1741 29.927366130301316 -173.96602688843154 1094.137617298128 1740 1742 -1
1742 29.862440709772258 -174.07968638959534 1093.976202754452 1741 1743 -1
1743 29.796961273680328 -174.1926770403382 1093.8145421127635 1742 1744 -1
1744 29.732446615516807 -174.30521336107174 1093.6521792062279 1743 1745 -1
1745 29.670453284545346 -174.417494270454 1093.4886637425434 1744 1746 -1
1746 29.612643968859583 -174.52968670758398 1093.3235661940678 1745 1747 -1
1747 29.560932090142984 -174.641905667049 1093.156483121714 1746 1748 -1
1748 29.517225521406015 -174.75417871797882 1092.9871765588323 1747 1749 -1
1749 29.48368411890515 -174.86640874519253 1092.8155505043428 1748 1750 -1
1750 29.461950483317406 -174.97829863517967 1092.641813903404 1749 1751 -1
1751 29.451369365562943 -175.08940858117708 1092.4665395880224 1750 1752 -1
1752 29.45046601033277 -175.19940935197312 1092.2902447939562 1751 1753 -1
1753 29.45800862848924 -175.30803952901482 1092.1132538701652 1752 1754 -1
1754 29.472412038494998 -175.41517583856455 1091.9357733957027 1753 1755 -1
1755 29.49211722612511 -175.52078056662623 1091.7578804624975 1754 1756 -1
1756 29.515732242231074 -175.6248112944026 1091.5795336390504 1755 1757 -1
1757 29.541627164707087 -175.72736480641856 1091.400646995247 1756 1758 -1
1758 29.56832931340026 -175.82848474845355 1091.2210636328598 1757 1759 -1
1759 29.59429145166861 -175.9282434732106 1091.0406131676873 1758 1760 -1
1760 29.61798051683973 -176.02672240482568 1090.8591515551682 1759 1761 -1
1761 29.63766532542486 -176.12391662106472 1090.6765258671646 1760 1762 -1
1762 29.651819505732494 -176.21985789994153 1090.4927334226136 1761 1763 -1
1763 29.65851389497079 -176.31442764168347 1090.3078164326596 1762 1764 -1
1764 29.65749501184116 -176.4076108283566 1090.1220758674585 1763 1765 -1
1765 29.649799269579557 -176.4994410473812 1089.935814178125 1764 1766 -1
1766 29.637014092152018 -176.59010370821193 1089.7492569496103 1765 1767 -1
1767 29.62045814363925 -176.6797725294495 1089.56251324846 1766 1768 -1
1768 29.601657464974345 -176.76871198953592 1089.3756316990384 1767 1769 -1
1769 29.582008912281793 -176.85716734672053 1089.188607001322 1768 1770 -1
1770 29.562950209892815 -176.94541814619177 1089.001425052522 1769 1771 -1
1771 29.54596034509994 -177.0337277235171 1088.8140731867254 1770 1772 -1
1772 29.532399512622714 -177.12233773445075 1088.6265858823574 1771 1773 -1
1773 29.523838187777258 -177.21147608157017 1088.4390577707902 1772 1774 -1
1774 29.52153893930486 -177.30129395277504 1088.2516765848632 1773 1775 -1
1775 29.527098594905606 -177.39191992498755 1088.0647590436024 1774 1776 -1
1776 29.541453234723686 -177.48337424540767 1087.8787186003708 1775 1777 -1
1777 29.564396386511934 -177.5757896812329 1087.6940139461874 1776 1778 -1
1778 29.59442803042187 -177.66936266757082 1087.510911288237 1777 1779 -1
1779 29.630234919976466 -177.76434130633533 1087.329575478254 1778 1780 -1
1780 29.67060632247025 -177.86101822958148 1087.15010287438 1779 1781 -1
1781 29.714262878457266 -177.95963360532605 1086.9724618660243 1780 1782 -1
1782 29.76012280198043 -178.06046872772933 1086.796630117009 1781 1783 -1
1783 29.80715926682586 -178.163845110618 1086.622593727557 1782 1784 -1
1784 29.854362323359133 -178.26996667628592 1086.4502636039238 1783 1785 -1
1785 29.90081801921282 -178.37906968493394 1086.2796010114052 1784 1786 -1
1786 29.945655769276087 -178.4913650815749 1086.1105852899354 1785 1787 -1
1787 29.98805365105965 -178.60701947592045 1085.9432138660836 1786 1788 -1
1788 30.027654548150586 -178.72549068153333 1085.777129526504 1787 1789 -1
1789 30.06477047302171 -178.84519848989842 1085.6113565428136 1788 1790 -1
1790 30.09975221347317 -178.96450022064766 1085.4448289714996 1789 1791 -1
1791 30.132898095714065 -179.0817086813901 1085.276452774757 1790 1792 -1
1792 30.164461097173767 -179.19493328704144 1085.1050798562737 1791 1793 -1
1793 30.19465890894643 -179.3019112172801 1084.9295105142012 1792 1794 -1
1794 30.223622314352692 -179.4002523916415 1084.7487658671446 1793 1795 -1
1795 30.251223462431657 -179.48972195281144 1084.5632547422983 1794 1796 -1
1796 30.277364329368453 -179.57183759929595 1084.374158815461 1795 1797 -1
1797 30.301915650823734 -179.6481680015017 1084.1824372635126 1796 1798 -1
1798 30.324903783758824 -179.72103382875423 1083.9891760127598 1797 1799 -1
1799 30.346335688101725 -179.79277697675764 1083.7953151135769 1798 1800 -1
1800 30.366284094941577 -179.86592223218557 1083.6018220372794 1799 1801 -1
1801 30.384858449962618 -179.94282365169389 1083.4096572573562 1800 1802 -1
1802 30.402256273392922 -180.02493144420777 1083.2195472905873 1801 1803 -1
1803 30.419012606230403 -180.11125368230276 1083.0312526741488 1802 1804 -1
1804 30.435640039110915 -180.20086570917206 1082.8444878484663 1803 1805 -1
1805 30.452641233166677 -180.2926900286612 1082.6588335630893 1804 1806 -1
1806 30.470527610371338 -180.385877710822 1082.4739428166254 1805 1807 -1
1807 30.489766505585784 -180.47953240685328 1082.2894242759278 1806 1808 -1
1808 30.510872328949525 -180.5728009756454 1082.104914901994 1807 1809 -1
1809 30.534353008930456 -180.66480986360952 1081.9200615503034 1808 1810 -1
1810 30.56071786539405 -180.75466726469304 1081.7345417469865 1809 1811 -1
1811 30.590575081786756 -180.8413601995842 1081.5480505553403 1810 1812 -1
1812 30.62443257154986 -180.92391236816167 1081.3603711024195 1811 1813 -1
1813 30.662953580294534 -181.0010803823511 1081.1713087180337 1812 1814 -1
1814 30.703250018882844 -181.0726167921136 1080.9804069572306 1813 1815 -1
1815 30.735098467704383 -181.13986526875723 1080.7864191398041 1814 1816 -1
1816 30.746179453017206 -181.20408677247687 1080.5892393339188 1815 1817 -1
1817 30.73729429724908 -181.2659917820817 1080.391091306113 1816 1818 -1
1818 30.725586726058403 -181.32684463331657 1080.1927367347564 1817 1819 -1
1819 30.730192073079497 -181.38816845490746 1079.9943728874466 1818 1820 -1
1820 30.762425170243127 -181.4505617543184 1079.7989452834354 1819 1821 -1
1821 30.814734235334047 -181.5147230885237 1079.6083844373916 1820 1822 -1
1822 30.877315623547478 -181.58207562796136 1079.4220237798054 1821 1823 -1
1823 30.941787076464284 -181.65420725285196 1079.238106439514 1822 1824 -1
1824 31.000567276813634 -181.73297369323382 1079.0550331776826 1823 1825 -1
1825 31.046012650247963 -181.81990516872474 1078.871917611503 1824 1826 -1
1826 31.07003220313944 -181.91594323958418 1078.689378201013 1825 1827 -1
1827 31.0650113415379 -182.02062388925998 1078.5101970560481 1826 1828 -1
1828 31.031332850767498 -182.13107919555384 1078.3376031986904 1827 1829 -1
1829 30.97717387858544 -182.24430001407336 1078.1720478320062 1828 1830 -1
1830 30.909785622683412 -182.3586891306527 1078.0121972905708 1829 1831 -1
1831 30.834609998897303 -182.47355183820642 1077.8561823609614 1830 1832 -1
1832 30.755886194824487 -182.5886251344418 1077.7020752640776 1831 1833 -1
1833 30.67728389388781 -182.70381335218502 1077.5479922003353 1832 1834 -1
1834 30.60247656008428 -182.81902280302717 1077.3920584023554 1833 1835 -1
1835 30.535712969028467 -182.93399730909954 1077.232373046551 1834 1836 -1
1836 30.482447356332468 -183.04805641569777 1077.0671082034833 1835 1837 -1
1837 30.450323663119768 -183.15955739212683 1076.894886377532 1836 1838 -1
1838 30.449221382533146 -183.26504309201823 1076.716193946091 1837 1839 -1
1839 30.487985618979035 -183.35905023109197 1076.535471609175 1838 1840 -1
1840 30.570787728023333 -183.43508461632055 1076.3611767884229 1839 1841 -1
1841 30.682816656523276 -183.49426565170083 1076.1966574386151 1840 1842 -1
1842 30.80920515867734 -183.54111979710362 1076.038548335207 1841 1843 -1
1843 30.94049001251523 -183.57931374339734 1075.8820603055958 1842 1844 -1
1844 31.06894831914461 -183.61151963409586 1075.7219411380927 1843 1845 -1
1845 31.184956258570256 -183.63987916248578 1075.5520140043639 1844 1846 -1
1846 31.276492414149324 -183.66603175168555 1075.3675163650098 1845 1847 -1
1847 31.342160848707827 -183.69119737836797 1075.1721052167443 1846 1848 -1
1848 31.387993991266256 -183.71739412344695 1074.9711516472219 1847 1849 -1
1849 31.425019424570593 -183.7474005413625 1074.7688785072503 1848 1850 -1
1850 31.465906689825545 -183.7840200315096 1074.5684777267493 1849 1851 -1
1851 31.52212660179111 -183.8293117738105 1074.373734472268 1850 1852 -1
1852 31.601045785564754 -183.8836296964748 1074.1895296941566 1851 1853 -1
1853 31.703510716985956 -183.94568260289222 1074.0198682804062 1852 1854 -1
1854 31.819209042479837 -184.01344228141363 1073.8611398221608 1853 1855 -1
1855 31.939622073622907 -184.0863312981862 1073.708260205786 1854 1856 -1
1856 32.05869086773472 -184.16459262926008 1073.5569947783208 1855 1857 -1
1857 32.17052163089307 -184.24898076129185 1073.4035558096316 1856 1858 -1
1858 32.26739315152985 -184.3405515362144 1073.244283169128 1857 1859 -1
1859 32.33746720697188 -184.44001642013805 1073.0761825455077 1858 1860 -1
1860 32.363615347001875 -184.54568988996368 1072.8997950771445 1859 1861 -1
1861 32.349198963610945 -184.65166102428998 1072.721844834192 1860 1862 -1
1862 32.315910162484094 -184.75461457658338 1072.5444374070753 1861 1863 -1
1863 32.28607186959301 -184.85418124999134 1072.364543883082 1862 1864 -1
1864 32.277727926475 -184.9489483354562 1072.179935335269 1863 1865 -1
1865 32.291940074107785 -185.035535289584 1071.9916901019553 1864 1866 -1
1866 32.3259738937382 -185.11032412984505 1071.8009185076226 1865 1867 -1
1867 32.37644466119865 -185.16963246535488 1071.6083485624965 1866 1868 -1
1868 32.439181274894004 -185.21049340587197 1071.4145967459294 1867 1869 -1
1869 32.51137235453194 -185.23401098396678 1071.2212158716966 1868 1870 -1
1870 32.5914391380924 -185.24550491766362 1071.0298201421688 1869 1871 -1
1871 32.67809446948658 -185.2505996112035 1070.8410126584827 1870 1872 -1
1872 32.77032237312087 -185.25463848718854 1070.6548315705666 1871 1873 -1
1873 32.86725467167219 -185.26273886523822 1070.471197769089 1872 1874 -1
1874 32.967872908777416 -185.279204238712 1070.2901373835457 1873 1875 -1
1875 33.07130107701347 -185.30472587507614 1070.1117196075654 1874 1876 -1
1876 33.176879531874505 -185.3376884879098 1069.9357912133955 1875 1877 -1
1877 33.28401341555655 -185.3762733822114 1069.761953601073 1876 1878 -1
1878 33.39231316222181 -185.41915118572905 1069.589848980603 1877 1879 -1
1879 33.50139265617539 -185.46483627780765 1069.4189612132511 1878 1880 -1
1880 33.61097292595713 -185.51212028982508 1069.248829055308 1879 1881 -1
1881 33.72076955526695 -185.5597296765844 1069.0789270029024 1880 1882 -1
1882 33.830518660274265 -185.60641142953608 1068.9087377962019 1881 1883 -1
1883 33.940012235957816 -185.65117844135602 1068.7378715843847 1882 1884 -1
1884 34.04922868522124 -185.6936825865208 1068.5662518986035 1883 1885 -1
1885 34.15820228786665 -185.73384192788694 1068.393914881564 1884 1886 -1
1886 34.26695829078827 -185.7714997403421 1068.220877111561 1885 1887 -1
1887 34.37552510659363 -185.80652915554617 1068.0471700504818 1886 1888 -1
1888 34.48393257726448 -185.83885203987637 1067.8728398631688 1887 1889 -1
1889 34.59220371114066 -185.86827634616998 1067.6979127638403 1888 1890 -1
1890 34.70036805521327 -185.8947757202768 1067.5224532119364 1889 1891 -1
1891 34.80844921663497 -185.9182371696352 1067.3465104739464 1890 1892 -1
1892 34.91647009649811 -185.93854300683083 1067.1701389593886 1891 1893 -1
1893 35.02445350631843 -185.95568947336284 1066.993409527359 1892 1894 -1
1894 35.13241882936113 -185.96956603674383 1066.8163822020038 1893 1895 -1
1895 35.24038070181902 -185.98033173832127 1066.63913612037 1894 1896 -1
1896 35.34835170382711 -185.98831366263045 1066.4617478180685 1895 1897 -1
1897 35.45635068128661 -185.99379980330576 1066.2842814374858 1896 1898 -1
1898 35.564399481838926 -185.99718295064613 1066.1067924503348 1897 1899 -1
1899 35.67252732950077 -185.99872062165846 1065.9293257208046 1898 1900 -1
1900 35.78075992343629 -185.99879494000064 1065.7519159968126 1899 1901 -1
1901 35.889132535139666 -185.99766317709205 1065.574595182021 1900 1902 -1
1902 35.99767150002017 -185.9956566113165 1065.3973837784076 1901 1903 -1
1903 36.10641085693349 -185.9930402775655 1065.2203031421934 1902 1904 -1
1904 36.215379410199034 -185.9900870512179 1065.0433687142186 1903 1905 -1
1905 36.324601759120824 -185.98705024163863 1064.866592251741 1904 1906 -1
1906 36.43410791782711 -185.98416807055838 1064.689988888202 1905 1907 -1
1907 36.54391110373674 -185.98165944420006 1064.5135643770082 1906 1908 -1
1908 36.65389734568913 -185.97963534921834 1064.3372476890386 1907 1909 -1
1909 36.76385722305604 -185.97813042379462 1064.1609093729892 1908 1910 -1
1910 36.873586629913625 -185.97717702731998 1063.984423741853 1909 1911 -1
1911 36.98288334667134 -185.97681339597912 1063.8076676837604 1910 1912 -1
1912 37.091551682170824 -185.97707349684978 1063.6305245294816 1911 1913 -1
1913 37.19940212390371 -185.97799067731003 1063.452884554647 1912 1914 -1
1914 37.306240856715426 -185.9796040485322 1063.2746393904843 1913 1915 -1
1915 37.41187005097406 -185.981955215606 1063.095683171824 1914 1916 -1
1916 37.51608551085869 -185.98508861128036 1062.9159121495172 1915 1917 -1
1917 37.618674305484575 -185.9890518384194 1062.7352244504207 1916 1918 -1
1918 37.71941234553568 -185.99389602060205 1062.5535200076392 1917 1919 -1
1919 37.81806187401889 -185.9996761583403 1062.3707006912464 1918 1920 -1
1920 37.91435961401586 -186.00645522450336 1062.1866660740366 1919 1921 -1
1921 38.00801490954177 -186.0143056280599 1062.0013154995797 1920 1922 -1
1922 38.099000579697694 -186.0232812782426 1061.8146905721019 1921 1923 -1
1923 38.18762156950439 -186.03343850030933 1061.6269910373837 1922 1924 -1
1924 38.274233464921515 -186.04483189937952 1061.4384261950129 1923 1925 -1
1925 38.35921001278604 -186.057514889917 1061.2492003557782 1924 1926 -1
1926 38.44293261004483 -186.0715515457256 1061.0595113932138 1925 1927 -1
1927 38.52581015727307 -186.08699858767648 1060.8695609978647 1926 1928 -1
1928 38.60826702873651 -186.10388938690934 1060.6795504163906 1927 1929 -1
1929 38.69071909488023 -186.12227055202428 1060.4896761696893 1928 1930 -1
1930 38.77358474895893 -186.1421861229489 1060.3001370891013 1929 1931 -1
1931 38.8573047298897 -186.16370692645307 1060.1111499582798 1930 1932 -1
1932 38.94228964334232 -186.18684656277722 1059.9229206769164 1931 1933 -1
1933 39.028942641460304 -186.21163174471317 1059.7356644448491 1932 1934 -1
1934 39.11765820483526 -186.23808870512133 1059.549607040997 1933 1935 -1
1935 39.2088242682639 -186.26623781277792 1059.3649884211022 1934 1936 -1
1936 39.302572388953344 -186.29582739079888 1059.181893999591 1935 1937 -1
1937 39.39872097637151 -186.32630316707719 1059.000194759273 1936 1938 -1
1938 39.49712311040499 -186.35713073988438 1058.819765441965 1937 1939 -1
1939 39.597642269135946 -186.38778179166988 1058.6404763877604 1938 1940 -1
1940 39.7001568374471 -186.4177258394357 1058.4622004311614 1939 1941 -1
1941 39.80456113819679 -186.446410983895 1058.284816568235 1940 1942 -1
1942 39.91070416739288 -186.47331578081386 1058.1081877540473 1941 1943 -1
1943 40.01846269216549 -186.49789952088977 1057.9322006046148 1942 1944 -1
1944 40.127708408937664 -186.51961027075822 1057.7567539028591 1943 1945 -1
1945 40.23830928211349 -186.53786562489103 1057.581763881818 1944 1946 -1
1946 40.3501270141278 -186.55201847871606 1057.4071690021572 1945 1947 -1
1947 40.46296818254023 -186.5616508792914 1057.2329258583447 1946 1948 -1
1948 40.57663472511385 -186.5670600706155 1057.0590356770726 1947 1949 -1
1949 40.6909347364544 -186.56891173060632 1056.8854850832865 1948 1950 -1
1950 40.805701398433364 -186.56783061426142 1056.712235084379 1949 1951 -1
1951 40.920760204428795 -186.56459196355897 1056.539205229124 1950 1952 -1
1952 41.03596159064898 -186.55989630849555 1056.366303110613 1951 1953 -1
1953 41.1511599142562 -186.5544558095643 1056.1934204814188 1952 1954 -1
1954 41.2662060503152 -186.54902671714865 1056.0204362098243 1953 1955 -1
1955 41.380952090072384 -186.54437066288602 1055.8472305774137 1954 1956 -1
1956 41.49523042933991 -186.54129694168705 1055.673681503606 1955 1957 -1
1957 41.60885496806669 -186.54065595366157 1055.4996789350362 1956 1958 -1
1958 41.72163384645711 -186.5432586727118 1055.3251467121538 1957 1959 -1
1959 41.833290261427955 -186.550150918823 1055.1500128294438 1958 1960 -1
1960 41.94358013383364 -186.56209887615546 1054.9742882043224 1959 1961 -1
1961 42.05223656102041 -186.57881415263896 1054.7979321149685 1960 1962 -1
1962 42.159197835659484 -186.59815938797726 1054.620807447172 1961 1963 -1
1963 42.264366328203 -186.61788305452143 1054.4426537411819 1962 1964 -1
1964 42.36772332994692 -186.63560080136094 1054.263236213637 1963 1965 -1
1965 42.469100771349204 -186.64862798012004 1054.0823001977478 1964 1966 -1
1966 42.568311280318305 -186.65423386563737 1053.899799904216 1965 1967 -1
1967 42.66500486645132 -186.65105490106583 1053.7158913175294 1966 1968 -1
1968 42.75880899499179 -186.64154856578912 1053.5306984948302 1967 1969 -1
1969 42.84947971261178 -186.629161596727 1053.3441165199886 1968 1970 -1
1970 42.93684508690525 -186.617549814843 1053.1559169605182 1969 1971 -1
1971 43.02065767009237 -186.61061173691013 1052.9658905147423 1970 1972 -1
1972 43.10053321815063 -186.61258180151077 1052.7740804283587 1971 1973 -1
1973 43.175873499988676 -186.62793617720763 1052.581073919463 1972 1974 -1
1974 43.24605665507667 -186.66064215823812 1052.388310438196 1973 1975 -1
1975 43.31098349335544 -186.71281118830618 1052.1980213670333 1974 1976 -1
1976 43.37076385710072 -186.785103236512 1052.0126967148663 1975 1977 -1
1977 43.42595338622363 -186.87485935247702 1051.8336238742259 1976 1978 -1
1978 43.47836225957024 -186.9719734103838 1051.6575268486881 1977 1979 -1
1979 43.530161313715396 -187.0655142293378 1051.4793529947294 1978 1980 -1
1980 43.5831738908382 -187.14496618210495 1051.2948952346057 1979 1981 -1
1981 43.63863925609602 -187.1988960754666 1051.1022851402734 1980 1982 -1
1982 43.69678645858273 -187.21585689946505 1050.9037978520557 1981 1983 -1
1983 43.75696202906913 -187.2112975870835 1050.7049481177194 1982 1984 -1
1984 43.81971869854705 -187.21705432192857 1050.5070716624775 1983 1985 -1
1985 43.88409396596059 -187.26254080680084 1050.3154289443437 1984 1986 -1
1986 43.9455258857285 -187.36048255877031 1050.1435537588516 1985 1987 -1
1987 44.0 -187.5 1050.0 1986 -1 -1
