0 -42.0 -150.5 1321.0 -1 1 -1
1 -41.941365328515346 -150.4725323737226 1321.1754136614782 0 2 -1
2 -41.88340763251809 -150.44293465198206 1321.350681757576 1 3 -1
3 -41.82609179803862 -150.41121713866775 1321.5257901145321 2 4 -1
4 -41.76940027618044 -150.37742506638207 1321.7007136050952 3 5 -1
5 -41.713314413534924 -150.34160492594629 1321.8754287212923 4 6 -1
6 -41.657814284693885 -150.30380505045542 1322.049913678559 5 7 -1
7 -41.602878827034246 -150.26407521343606 1322.2241484266726 6 8 -1
8 -41.548486060018625 -150.2224659285921 1322.3981145819373 7 9 -1
9 -41.49461304056578 -150.17902864996378 1322.5717954572754 8 10 -1
10 -41.44123592209971 -150.13381563131924 1322.7451760470153 9 11 -1
11 -41.38833001268996 -150.08687979389407 1322.9182430030987 10 12 -1
12 -41.335869831846914 -150.03827460293166 1323.0909846036175 11 13 -1
13 -41.28382916558646 -149.98805395333625 1323.263390714585 12 14 -1
14 -41.23218111944751 -149.93627206463643 1323.4354527458213 13 15 -1
15 -41.18089816918761 -149.882983385331 1323.6071636017937 14 16 -1
16 -41.12995220894977 -149.82824250660596 1323.7785176282237 15 17 -1
17 -41.07931459673126 -149.77210408530675 1323.9495105551996 16 18 -1
18 -41.02895619704253 -149.71462277598934 1324.1201394375014 17 19 -1
19 -40.978847420685106 -149.65585317180538 1324.2904025927699 18 20 -1
20 -40.92895826161315 -149.59584975391925 1324.4602995380972 19 21 -1
21 -40.87925833979026 -149.53466678595035 1324.6298309051228 20 22 -1
22 -40.8297169157479 -149.4723583603274 1324.7989983979003 21 23 -1
23 -40.78030290536444 -149.4089785193264 1324.9678047805958 22 24 -1
24 -40.73098494573573 -149.34458094995776 1325.136253719872 23 25 -1
25 -40.681731399077805 -149.27921908924642 1325.3043497569 24 26 -1
26 -40.632510373214345 -149.21294611700597 1325.4720982432 25 27 -1
27 -40.583289739759344 -149.14581495436414 1325.639505277289 26 28 -1
28 -40.534037150167165 -149.077878267629 1325.806577642266 27 29 -1
29 -40.48472004982563 -149.00918847707717 1325.9733227444283 28 30 -1
30 -40.43530569038601 -148.93979777026956 1326.1397485529683 29 31 -1
31 -40.38576114052861 -148.8697581194993 1326.3058635407715 30 32 -1
32 -40.33605329537299 -148.79912130299638 1326.4716766263039 31 33 -1
33 -40.2861488604922 -148.72793887738374 1326.637197086692 32 34 -1
34 -40.236014390834605 -148.65626231503896 1326.8024345578785 33 35 -1
35 -40.1856163292677 -148.58414303785352 1326.9673989918665 34 36 -1
36 -40.134920949776564 -148.51163232354693 1327.1321005283726 35 37 -1
37 -40.083894387085714 -148.43878140595973 1327.2965494763182 36 38 -1
38 -40.032502642672284 -148.3656415114922 1327.4607562607007 37 39 -1
39 -39.98071159105915 -148.29226389693935 1327.6247313698852 38 40 -1
40 -39.92848698664265 -148.2186998884116 1327.7884853031696 39 41 -1
41 -39.87579441088321 -148.1450009109835 1327.9520284943726 40 42 -1
42 -39.82259932667833 -148.0712185637326 1328.1153712891219 41 43 -1
43 -39.76886727735879 -147.9974046530122 1328.2785239514685 42 44 -1
44 -39.714563622067494 -147.92361118578702 1328.4414965005694 43 45 -1
45 -39.65965365115784 -147.84989043856538 1328.6042987032629 44 46 -1
46 -39.604102601897225 -147.77629499615568 1328.7669400202224 45 47 -1
47 -39.54787540655415 -147.7028778770638 1328.929429497003 46 48 -1
48 -39.490937407309495 -147.62969238064144 1329.0917758618082 47 49 -1
49 -39.43325386368272 -147.55679222302143 1329.2539873405174 48 50 -1
50 -39.37479000831248 -147.48423158475453 1329.41607161504 49 51 -1
51 -39.315510858548215 -147.4120652724322 1329.57803574166 50 52 -1
52 -39.25538183442991 -147.34034847081296 1329.739886179624 51 53 -1
53 -39.19436868434622 -147.26913676759128 1329.9016286987394 52 54 -1
54 -39.132437093958636 -147.19848641850837 1330.063268266137 53 55 -1
55 -39.069552432464555 -147.12845461520186 1330.2248089670907 54 56 -1
56 -39.00568152281544 -147.059098351548 1330.3862541140452 55 57 -1
57 -38.940790951709026 -146.9904755395553 1330.5476059995124 56 58 -1
58 -38.87484691868064 -146.92264527173194 1330.7088658308492 57 59 -1
59 -38.8078176651853 -146.8556660081362 1330.870033869466 58 60 -1
60 -38.73967101148618 -146.78959745892143 1331.0311091466278 59 61 -1
61 -38.6703751096682 -146.72450011506953 1331.1920894635584 60 62 -1
62 -38.599900057994134 -146.66043387258782 1331.3529714566891 61 63 -1
63 -38.52821540207815 -146.59746022063612 1331.5137503243009 62 64 -1
64 -38.45529252276473 -146.5356401776492 1331.674419963068 63 65 -1
65 -38.381103815438664 -146.47503500295014 1331.8349728433934 64 66 -1
66 -38.30562167601581 -146.41570725168543 1331.9953998496258 65 67 -1
67 -38.22882159388381 -146.35771772656227 1332.1556905302587 66 68 -1
68 -38.150678712176315 -146.30112891874123 1332.3158327077183 67 69 -1
69 -38.0711706120053 -146.24600219281197 1332.4758127233572 68 70 -1
70 -37.99027664263664 -146.19239840941486 1332.6356153501686 69 71 -1
71 -37.907976324400785 -146.14037973654314 1332.7952235383389 70 72 -1
72 -37.82425323969398 -146.0900052459459 1332.9546189339994 71 73 -1
73 -37.73909163320872 -146.04133469076638 1333.1137814109866 72 74 -1
74 -37.65247726538234 -145.99442759167417 1333.2726891526706 73 75 -1
75 -37.56439965322142 -145.94934041608752 1333.431319080035 74 76 -1
76 -37.47484969102735 -145.90612937758436 1333.5896464736863 75 77 -1
77 -37.38382036127137 -145.86484954339636 1333.7476451142734 76 78 -1
78 -37.29130736063359 -145.82555392848957 1333.9052874729514 77 79 -1
79 -37.19730935747525 -145.78829298294738 1334.0625448770816 78 80 -1
80 -37.101827196783375 -145.75311553103361 1334.219387406604 79 81 -1
81 -37.00486436352801 -145.72006801160498 1334.3757841081574 80 82 -1
82 -36.906427016775574 -145.68919426098748 1334.531703131797 81 83 -1
83 -36.806524006996774 -145.66053530069672 1334.6871118816032 82 84 -1
84 -36.7051668754212 -145.634129132677 1334.8419771792526 83 85 -1
85 -36.60236944443149 -145.61001118053636 1334.996265271847 84 86 -1
86 -36.49814823081933 -145.58821343541118 1335.1499421658878 85 87 -1
87 -36.392523101740316 -145.56876305511915 1335.3029741763978 86 88 -1
88 -36.285514690167155 -145.5516864602365 1335.455326936679 87 89 -1
89 -36.17714787673021 -145.53700313457784 1335.6069673084978 88 90 -1
90 -36.067447399840255 -145.52473302931486 1335.757861358829 89 91 -1
91 -35.956442279846364 -145.5148883885258 1335.9079770001022 90 92 -1
92 -35.84416230913742 -145.5074797608539 1336.0572823187454 91 93 -1
93 -35.730639118701326 -145.5025138217242 1336.2057463983813 92 94 -1
94 -35.61590602827805 -145.4999933378841 1336.3533395077363 93 95 -1
95 -35.5 -145.5 1336.5 94 96 97
96 -35.58312459140932 -145.3171012643404 1336.566450247108 95 98 -1
97 -35.36368266256264 -145.61348355239002 1336.648403498112 95 99 -1
98 -35.66509348586163 -145.13450602417296 1336.6351874656962 96 100 -1
99 -35.22587081104068 -145.73306757357287 1336.7905031019093 97 101 -1
100 -35.74584005943851 -144.95229694721746 1336.706353379723 98 102 -1
101 -35.08673246119746 -145.85836295114734 1336.9262482263603 99 103 -1
102 -35.82539971932371 -144.77050005640217 1336.7798714627909 100 104 -1
103 -34.946422226667956 -145.98894959162385 1337.0556536868394 101 105 -1
104 -35.90377245512437 -144.58915260494385 1336.855737086988 102 106 -1
105 -34.80507861423619 -146.1243936336204 1337.1787917441443 103 107 -1
106 -35.980993858898216 -144.4082774543257 1336.933876857626 104 108 -1
107 -34.66282131763004 -146.26425652316018 1337.2957866620955 105 109 -1
108 -36.05706937417868 -144.22790871552712 1337.0142786239678 106 110 -1
109 -34.519749515988686 -146.40810291285692 1337.4068080172162 107 111 -1
110 -36.132033903949434 -144.04806658694204 1337.0968737199107 108 112 -1
111 -34.37594111541398 -146.55550697187064 1337.5120635531425 109 113 -1
112 -36.20589837100745 -143.86878149783286 1337.1816424713436 110 114 -1
113 -34.23145274745036 -146.70605715067816 1337.6117919101098 111 115 -1
114 -36.27869663244298 -143.69007138786836 1337.2685214993141 112 116 -1
115 -34.086320541861745 -146.85935863069588 1337.7062572883847 113 117 -1
116 -36.35044464022227 -143.5119627265874 1337.3574844490042 114 118 -1
117 -33.940560987799266 -147.01503594044542 1337.795742051734 115 119 -1
118 -36.42117526668379 -143.33447143237603 1337.4484729617823 116 120 -1
119 -33.79417228950243 -147.1727332647307 1337.8805421099419 117 121 -1
120 -36.49090868623477 -143.15762003638466 1337.5414554685558 118 122 -1
121 -33.6471357614047 -147.3321141671376 1337.9609625626395 119 123 -1
122 -36.55967716213203 -142.98142246310624 1337.636377737801 120 124 -1
123 -33.49941728557199 -147.49286046236423 1338.0373145121896 121 125 -1
124 -36.62750404546729 -142.8058976355308 1337.733204878983 122 126 -1
125 -33.350968693052245 -147.65467064616269 1338.1099124592824 123 127 -1
126 -36.69442157765345 -142.63105728381993 1337.8318854486358 124 128 -1
127 -33.20172899503754 -147.81725793884468 1338.179072241319 125 129 -1
128 -36.760455113680145 -142.45691734896303 1337.9323833816147 126 130 -1
129 -33.051625550269286 -147.98034789840185 1338.2451100141095 127 131 -1
130 -36.8256375733238 -142.28348694127376 1338.0346483969047 128 132 -1
131 -32.90057508009836 -148.14367586067365 1338.3083416746763 129 133 -1
132 -36.889995118710324 -142.11077991207262 1338.1386455092634 130 134 -1
133 -32.74848456055534 -148.30698420727495 1338.3690827812381 131 135 -1
134 -36.95356206991894 -141.93880211967837 1338.244323824707 132 136 -1
135 -32.595251847953364 -148.470019424458 1338.4276486475942 133 137 -1
136 -37.01636426728187 -141.76756644299022 1338.35165167954 134 138 -1
137 -32.44076678700632 -148.63252920270327 1338.4843557627403 135 139 -1
138 -37.0784380931073 -141.5970746791359 1338.4605757557615 136 140 -1
139 -32.28491130656981 -148.79425907768908 1338.5395218442225 137 141 -1
140 -37.13980808401482 -141.42734002868875 1338.5710698438506 138 142 -1
141 -32.12756057254971 -148.95494930052476 1338.5934678026035 139 143 -1
142 -37.20051321554211 -141.25835927796373 1338.6830764476897 140 144 -1
143 -31.968583352143643 -149.11433109983884 1338.6465187751921 141 145 -1
144 -37.26057595164557 -141.09014736921515 1338.7965767616752 142 146 -1
145 -31.80784310053247 -149.27212306743098 1338.6990059229001 143 147 -1
146 -37.32003679164464 -140.92269691858968 1338.9115109386917 144 148 -1
147 -31.64519879287059 -149.42802689618952 1338.7512680509833 145 149 -1
148 -37.37891985391987 -140.7560204337249 1339.0278589348286 146 150 -1
149 -31.48050668660121 -149.58172338342058 1338.8036534081791 147 151 -1
150 -37.437262474714004 -140.59011226464347 1339.1455693786306 148 152 -1
151 -31.31362193701836 -149.73286753095084 1338.8565213334177 149 153 -1
152 -37.495093316640514 -140.42497809115508 1339.2646132389257 150 154 -1
153 -31.14440104129206 -149.88108346022483 1338.910243918802 151 155 -1
154 -37.55244484943862 -140.26061757205784 1339.3849526476442 152 156 -1
155 -30.972705730581136 -150.0259599168612 1338.9652070418595 153 157 -1
156 -37.60935053784741 -140.09702768694552 1339.506547289793 154 158 -1
157 -30.79840669093271 -150.16704405701418 1339.0218114317884 155 159 -1
158 -37.6658382643619 -139.93421497781236 1339.6293737247415 156 160 -1
159 -30.621390201068582 -150.30383757525368 1339.0804721133072 157 161 -1
160 -37.721944363701276 -139.77216946116985 1339.7533839614234 158 162 -1
161 -30.441564758218803 -150.4357910896573 1339.141617667401 159 163 -1
162 -37.77769676462323 -139.6108973082982 1339.8785564605878 160 164 -1
163 -30.258870923378158 -150.56230193317833 1339.2056868478824 161 165 -1
164 -37.833129265030905 -139.4503917769259 1340.0048513933505 162 166 -1
165 -30.073292015103377 -150.6827123313585 1339.2731238785907 163 167 -1
166 -37.888273635314384 -139.29064944562057 1340.1322354385518 164 168 -1
167 -29.884867188981612 -150.79631197806196 1339.344370451823 165 169 -1
168 -37.94315915389864 -139.1316740464767 1340.260686279696 166 170 -1
169 -29.693705523795863 -150.9023451002671 1339.4198546233156 167 171 -1
170 -37.99781991773702 -138.9734541496425 1340.3901617072638 168 172 -1
171 -29.5 -151.0 1339.5 169 173 174
172 -38.05228570356318 -138.81599154193808 1340.52063865828 170 175 -1
173 -29.45140260338904 -150.87196064883597 1339.637709280164 171 176 -1
174 -29.367345397881863 -151.14137006736604 1339.5178396856252 171 177 -1
175 -38.106588078052354 -138.6592818283895 1340.652086563891 172 178 -1
176 -29.403000426737435 -150.74527855575096 1339.7768843005192 173 179 -1
177 -29.233568549696535 -151.28192945184446 1339.5336983250618 174 180 -1
178 -38.16075898649836 -138.50331657274901 1340.784470828539 175 181 -1
179 -29.354919412666288 -150.62004960154877 1339.9174784831478 176 182 -1
180 -29.098676123462244 -151.42163265118512 1339.5475438861984 177 183 -1
181 -38.21482846090675 -138.34809884338884 1340.9177719779448 178 184 -1
182 -29.307216886282056 -150.49629676376395 1340.0595013813054 179 185 -1
183 -28.962669531016843 -151.56043974182498 1339.5593539725567 180 186 -1
184 -38.26882831821593 -138.19361898022464 1341.0519555743974 181 187 -1
185 -29.259954493367 -150.37404849180902 1340.2029670972313 182 188 -1
186 -28.825552124082527 -151.69831069025616 1339.5691091368828 183 189 -1
187 -38.3227894379788 -138.03987050144693 1341.1869920927343 184 190 -1
188 -29.213188864843016 -150.25330997507177 1340.3478669135368 185 191 -1
189 -28.687322321327773 -151.83519918826264 1339.5767800264803 186 192 -1
190 -38.3767426156499 -137.88685686063863 1341.3228638834921 187 193 -1
191 -29.166987553477533 -150.13411322045795 1340.4942169430494 188 194 -1
192 -28.547990203276054 -151.97106744678072 1339.5823586483814 189 195 -1
193 -38.430718811010344 -137.73456568215335 1341.4595358668953 190 196 -1
194 -29.121413674894374 -150.01647088899043 1340.6420142638603 191 197 -1
195 -28.407572434604976 -152.1058834385629 1339.5858499278895 192 198 -1
196 -38.48474849474309 -137.58299149288536 1341.5969815998621 193 199 -1
197 -29.076536106628996 -149.90040471578672 1340.7912636362373 194 200 -1
198 -28.26607959664466 -152.23960884042052 1339.5872475437136 195 201 -1
199 -38.538863376405224 -137.43213738655407 1341.735183961914 196 202 -1
200 -29.03242445109965 -149.7859326510459 1340.9419654201076 197 203 -1
201 -28.123524014930553 -152.3722062096415 1339.5865488326472 198 204 -1
202 -38.59309326088643 -137.28199043845018 1341.874109438053 199 205 -1
203 -28.98915302732866 -149.67307685785363 1341.0941227404733 200 206 -1
204 -27.979919678367082 -152.50363919353947 1339.5837548866718 201 207 -1
205 -38.64746848488654 -137.13254537639304 1342.0137331772803 202 208 -1
206 -28.94679063677748 -149.5618454021677 1341.2477251078392 203 209 -1
207 -27.83528214464157 -152.6338727364297 1339.5788706291526 204 210 -1
208 -38.70202153013616 -136.98380436141625 1342.154037698235 205 211 -1
209 -28.905425778492162 -149.45227574094807 1341.4027867629648 206 212 -1
210 -27.68962843292969 -152.76287328180257 1339.5719048692602 207 213 -1
211 -38.75678141245653 -136.83575566810325 1342.2949923780748 208 214 -1
212 -28.865127162342162 -149.34436798750994 1341.5592878084476 209 215 -1
213 -27.54297690513988 -152.89060896751505 1339.5628703341004 210 216 -1
214 -38.81177828889599 -136.68839358225333 1342.436572903786 211 217 -1
215 -28.82597679351851 -149.2381412030037 1341.7172237403354 212 218 -1
216 -27.395346549085534 -153.017048999288 1339.5517824305775 213 219 -1
217 -38.8670450530536 -136.54171893954478 1342.5787608856494 214 220 -1
218 -28.78806698348275 -149.1336241650553 1341.8765964523413 215 221 -1
219 -27.246748168568605 -153.14215117422 1339.538640573797 216 222 -1
220 -38.922610797065914 -136.3957225370978 1342.7215291798043 217 223 -1
221 -28.75147758596331 -149.0308246445642 1342.037388420691 218 224 -1
222 -27.097212739263302 -153.26590201538133 1339.5234888917832 219 225 -1
223 -38.97850520393421 -136.25039775298023 1342.8648533285714 220 226 -1
224 -28.71629531688078 -148.92975727251218 1342.1995862786348 221 227 -1
225 -26.94676285884294 -153.38827831713715 1339.5063561476338 222 228 -1
226 -39.03476108082855 -136.10574388293108 1343.0087137654532 223 229 -1
227 -28.682610511989715 -148.83043817859814 1342.3631759604632 224 230 -1
228 -26.795421737880446 -153.50925939822963 1339.4872748512225 225 231 -1
229 -39.09140878523737 -135.9617551587749 1343.15308680645 226 232 -1
230 -28.65051529758639 -148.73288263647942 1342.5281406058164 227 233 -1
231 -26.643213045371525 -153.6288272146543 1339.4662811601013 228 234 -1
232 -39.14847706190062 -135.81842376353364 1343.2979474736312 229 235 -1
233 -28.62010341074502 -148.6371050106182 1342.694460400096 230 236 -1
234 -26.49016075510574 -153.74696645462785 1339.4434147631496 231 237 -1
235 -39.20599807920042 -135.67574740736072 1343.4432749719838 232 238 -1
236 -28.591469996462077 -148.54311869972562 1342.8621124155038 233 239 -1
237 -26.336274574425573 -153.863638337452 1339.4186864153753 234 240 -1
238 -39.26400478971056 -135.53372428644636 1343.5890485818763 235 241 -1
239 -28.564712043108 -148.45093668637182 1343.0310708835682 236 242 -1
240 -26.181590672232957 -153.9788532381531 1339.3921692703398 237 243 -1
241 -39.32252444907804 -135.39234527281147 1343.7352426733087 238 244 -1
242 -28.539925236248862 -148.36056879362351 1343.2013051509516 239 245 -1
243 -26.026135669010912 -154.0926091077121 1339.363918813773 240 246 -1
244 -39.38158806557721 -135.25160660075662 1343.8818353263564 241 247 -1
245 -28.517208210711317 -148.27202586763207 1343.3727825655194 242 248 -1
246 -25.869933386441566 -154.20490241329895 1339.333987834473 243 249 -1
247 -39.44123247150117 -135.11151061530228 1344.028807939101 244 250 -1
248 -28.49665981034815 -148.1853173030451 1343.5454665708285 245 251 -1
249 -25.71299405318455 -154.31570510898297 1339.3024023834723 246 252 -1
250 -39.50148288099619 -134.9720469204348 1344.1761342794507 247 253 -1
251 -28.478377878835186 -148.10045032169924 1343.7193162125 248 254 -1
252 -25.55534936756764 -154.42503615025203 1339.2692406906372 249 255 -1
253 -39.56237027527499 -134.83321196343718 1344.3237922119217 250 256 -1
254 -28.462460334206657 -148.0174311314284 1343.8942868636625 251 257 -1
255 -25.397026518385612 -154.53291096615345 1339.2345745667055 252 258 -1
256 -39.623931803168055 -134.69500780029628 1344.471762043561 253 259 -1
257 -28.44900436597475 -147.93626447463262 1344.0703298887752 254 260 -1
258 -25.238042298494364 -154.6393271568687 1339.1984566837612 255 261 -1
259 -39.68619478595477 -134.5574272716381 1344.6200192444464 256 262 -1
260 -28.438106026769113 -147.85695354375096 1344.2473925825902 257 263 -1
261 -25.078409373544307 -154.74427658659886 1339.1609353160563 258 264 -1
262 -39.74918897316408 -134.42046601879355 1344.7685407059435 259 265 -1
263 -28.429859801254807 -147.77949989483966 1344.4254181361237 260 266 -1
264 -24.9181610631842 -154.84780317412327 1339.1221070636914 261 267 -1
265 -39.812950839154695 -134.28412528409774 1344.9173052974825 262 268 -1
266 -28.424358154744418 -147.7039033601053 1344.6043456332036 263 269 -1
267 -24.75731032814251 -154.9499206675802 1339.0820567241794 264 270 -1
268 -39.87751114438758 -134.14840159986872 1345.066289587029 265 271 -1
269 -28.421696476621054 -147.63016539038813 1344.7841115050974 266 272 -1
270 -24.595835078108813 -155.05063416796276 1339.0409767664526 267 273 -1
271 -39.94289788816054 -134.01328985381502 1345.2154695327142 268 274 -1
272 -28.42196688470115 -147.55828494223988 1344.964647441048 269 275 -1
273 -24.433730731530353 -155.15002381370297 1338.999156509487 270 276 -1
274 -40.009147032872406 -133.87879101475204 1345.3648227301305 271 277 -1
275 -28.425243834953644 -147.4882501851968 1345.145877765676 272 278 -1
276 -24.270969527464462 -155.24812770700976 1338.9568538534095 273 279 -1
277 -40.07629261927463 -133.74490458161713 1345.514325747037 274 280 -1
278 -28.4316067257218 -147.42005306490805 1345.3277256987783 275 281 -1
279 -24.10751111659779 -155.3449710553338 1338.9143352703722 276 282 -1
280 -40.14436092870181 -133.61162517066998 1345.663953809731 277 283 -1
281 -28.4411304730456 -147.35368338874093 1345.5101109224634 278 284 -1
282 -23.9433440668037 -155.4406349279343 1338.8718768653994 279 285 -1
283 -40.213387924716955 -133.47895411628122 1345.8136832861655 280 286 -1
284 -28.45389745713902 -147.28913555450865 1345.6929512164413 281 287 -1
285 -23.77842823395696 -155.53515275713895 1338.8297549719725 282 288 -1
286 -40.28340999584154 -133.34689296085827 1345.9634898458216 283 289 -1
287 -28.46996669623379 -147.22639145210323 1345.8761584721026 284 290 -1
288 -23.61273047197641 -155.6285716370655 1338.7882550754762 285 291 -1
289 -40.35445206484023 -133.215436630578 1346.1133480959286 286 292 -1
290 -28.48939012393968 -147.16543039153845 1346.059642471911 287 293 -1
291 -23.446236970278004 -155.72096137661867 1338.7476460296148 288 294 -1
292 -40.42655100555373 -133.08458755657517 1346.263233041357 289 295 -1
293 -28.51221973688899 -147.1062329338774 1346.2433116339384 290 296 -1
294 -23.278897555985232 -155.81234219155007 1338.708249965638 291 297 -1
295 -40.49974372813614 -132.9543482206288 1346.4131188893068 292 298 -1
296 -28.53850082695836 -147.04877728755247 1346.427072540913 293 299 -1
297 -23.11070946402006 -155.90278551603123 1338.6703333886067 294 300 -1
298 -40.574054533999245 -132.82471453059912 1346.5629795894483 295 301 -1
299 -28.568287868492718 -146.9930471047653 1346.6108299560342 296 302 -1
300 -22.941648064695027 -155.99232892043753 1338.6342082404187 297 303 -1
301 -40.64952253813129 -132.69569083479186 1346.7127884024758 298 304 -1
302 -28.601595365709265 -146.93900765919682 1346.7944878113174 299 305 -1
303 -22.771695376375995 -156.08100892337362 1338.6001989666227 300 306 -1
304 -40.726182367757275 -132.56727927587005 1346.8625179819576 301 307 -1
305 -28.638445423976894 -146.88662962075725 1346.9779501964701 302 308 -1
306 -22.600866433180023 -156.16888197757157 1338.5685700452584 303 309 -1
307 -40.80405885092991 -132.43947750048085 1347.0121413675795 304 310 -1
308 -28.67885317980674 -146.83588185649626 1347.161121444924 305 311 -1
309 -22.429139225130108 -156.2559579212661 1338.5397259625915 306 312 -1
310 -40.88319509708251 -132.31229268411485 1347.1616293873828 307 313 -1
311 -28.722771160254634 -146.78672775452807 1347.3439191937712 308 314 -1
312 -22.256563324359 -156.34229545458942 1338.5138870745848 309 315 -1
313 -40.96361962908801 -132.18572517370072 1347.3109536630604 310 316 -1
314 -28.76999540800367 -146.73911892106082 1347.5263016441409 311 317 -1
315 -22.083145286651824 -156.42789850226592 1338.491473887024 312 318 -1
316 -41.045359370509594 -132.0597751954663 1347.4600857970324 313 319 -1
317 -28.82029877609291 -146.6930026951489 1347.7082442071305 314 320 -1
318 -21.908951735279704 -156.51280474265104 1338.4727287716553 315 321 -1
319 -41.12846357052657 -131.93445375412173 1347.6089931330582 316 322 -1
320 -28.873460658729094 -146.64832451626924 1347.889732586079 317 323 -1
321 -21.734034758293646 -156.59701739811675 1338.4580364309759 318 324 -1
322 -41.212949830174644 -131.80975775381216 1347.75764753267 319 325 -1
323 -28.929267532917628 -146.60502857528058 1348.0707616459638 320 326 -1
324 -21.55848383905789 -156.6805511359413 1338.4476749706841 321 327 -1
325 -41.298855026388225 -131.68569350785236 1347.9060170198386 322 328 -1
326 -28.987513269347442 -146.5630583705175 1348.251334336295 323 329 -1
327 -21.3823994909336 -156.76340519796216 1338.4419654529488 324 330 -1
328 -41.386219358151834 -131.56226919941037 1348.0540678440238 325 331 -1
329 -29.047999248896836 -146.52235717423184 1348.4314606836947 326 332 -1
330 -21.205903042849123 -156.84557161744772 1338.4412189885597 327 333 -1
331 -41.475061444778156 -131.439484182033 1348.2017704033562 328 334 -1
332 -29.110534318413528 -146.4828684162255 1348.6111568640852 329 335 -1
333 -21.029139967454995 -156.92704499941874 1338.4456452168017 330 336 -1
334 -41.5654286907434 -131.31735085191647 1348.3490874850727 331 337 -1
335 -29.17493461602746 -146.44453599245136 1348.7904443593886 332 338 -1
336 -20.85223937140668 -157.00778816835418 1338.4551349027092 333 339 -1
337 -41.657328772667164 -131.19586755442126 1348.4959932101876 334 340 -1
338 -29.24102329255955 -146.40730450672282 1348.9693491997234 335 341 -1
339 -20.67527435469737 -157.087801406119 1338.4687457910773 336 342 -1
340 -41.75073589758733 -131.07502610043156 1348.642477251409 337 343 -1
341 -29.30863015184337 -146.3711194536403 1349.1479012891652 338 344 -1
342 -20.498261657100052 -157.16706050276457 1338.4857465150988 339 345 -1
343 -41.84562356190354 -130.95481907045456 1348.7885311222158 340 346 -1
344 -29.377591229185512 -146.3359273505109 1349.3261338110403 341 347 -1
345 -20.32118306192827 -157.2456086040897 1338.5051942153002 342 348 -1
346 -41.94194076515833 -130.83522787572625 1348.934154216588 343 349 -1
347 -29.44774832385575 -146.3016758255262 1349.5040827072949 344 350 -1
348 -20.143989157966594 -157.32346315021678 1338.5263151345807 345 351 -1
349 -42.039667962968 -130.71624683727975 1349.0793370686852 346 352 -1
350 -29.51895150886013 -146.26831650110742 1349.681785535274 347 353 -1
351 -19.966613190376833 -157.40066283676984 1338.5482970831947 348 354 -1
352 -42.138755390698165 -130.5978565748778 1349.224080244519 349 355 -1
353 -29.591050577717255 -146.23579830966338 1349.8592830042714 350 356 -1
354 -19.78898376499048 -157.47725660144422 1338.5703522170984 351 357 -1
355 -42.23917213034361 -130.480045244008 1349.3683790288737 352 358 -1
356 -29.663899030295457 -146.20407033020396 1350.0366174952105 353 359 -1
357 -19.611013425729737 -157.55326293449917 1338.591676749326 354 360 -1
358 -42.34088373172965 -130.36279885930028 1349.5122303923565 355 361 -1
359 -29.737356364305747 -146.17308477666336 1350.2138321147654 356 362 -1
360 -19.432644570644538 -157.62873414605122 1338.6115152804327 357 363 -1
361 -42.44384502560987 -130.24609814934908 1349.6556357898733 358 364 -1
362 -29.81128520387241 -146.1427949774184 1350.3909709881646 359 365 -1
363 -19.253819349104724 -157.7036878496493 1338.6290673911449 360 366 -1
364 -42.54803474401544 -130.12993368389695 1349.7985886513177 361 367 -1
365 -29.88555219055718 -146.1131597470478 1350.5680791654427 362 368 -1
366 -19.0745066322395 -157.7781346393361 1338.6435156061136 363 369 -1
367 -42.6534004562192 -130.01428185499546 1349.941094541504 364 370 -1
368 -29.96002109353683 -146.08412951833432 1350.745202778371 365 371 -1
369 -18.894730298249875 -157.85208030811776 1338.6543106376016 366 372 -1
370 -42.75991806203244 -129.89913084142952 1350.083148968493 367 373 -1
371 -30.034560508764425 -146.05566048144794 1350.9223878252276 368 374 -1
372 -18.714559597246005 -157.9254783607892 1338.6617791490503 369 375 -1
373 -42.86754443024111 -129.78445999196038 1350.2247554113603 370 376 -1
374 -30.109039953420357 -146.02770982509284 1351.0996805978207 371 377 -1
375 -18.5340759880932 -157.99831385400623 1338.6668320038737 372 378 -1
376 -42.976245015293955 -129.6702518606536 1350.3659146062625 373 379 -1
377 -30.183326859290545 -146.00023854496303 1351.2771290025375 374 380 -1
378 -18.35332147107896 -158.07057000134822 1338.6702933206125 375 381 -1
379 -43.08598823208163 -129.5564897378758 1350.5066265334037 376 382 -1
380 -30.257291465067297 -145.97320114664356 1351.4547785480618 377 383 -1
381 -18.17231675595245 -158.1422305605373 1338.6729959444492 378 384 -1
382 -43.196729455598316 -129.4431508741005 1350.6468974641048 379 385 -1
383 -30.330802934305204 -145.94655667083137 1351.6326753473363 380 386 -1
384 -17.99108314579036 -158.21330664266878 1338.6757892687901 381 387 -1
385 -43.3084472611579 -129.3302218385259 1350.786723867403 382 388 -1
386 -30.40372843266316 -145.92026499258213 1351.8108655367114 383 389 -1
387 -17.809631828628923 -158.2837804665412 1338.6795236839353 384 390 -1
388 -43.42109291424212 -129.21767728490835 1350.926115199074 385 391 -1
389 -30.475929214139757 -145.89428730836792 1351.9893965248157 386 392 -1
390 -17.627993286601242 -158.35365131501717 1338.6850291176374 387 393 -1
391 -43.534640336983195 -129.10550086146935 1351.065070958469 388 394 -1
392 -30.547273199060715 -145.8685815433197 1352.168310837909 389 395 -1
393 -17.44621684211334 -158.42290757622018 1338.6931134490283 390 396 -1
394 -43.64905105904601 -128.9936706881669 1351.2035970397674 391 397 -1
395 -30.617621769005787 -145.84310817810567 1352.3476519727844 392 398 -1
396 -17.26438107516783 -158.49150395304034 1338.7046984740173 393 399 -1
397 -43.764290103462265 -128.8821659480207 1351.3416982309984 394 400 -1
398 -30.68683307541283 -145.81782785000019 1352.5274622401002 395 401 -1
399 -17.08260807117443 -158.55941827280512 1338.720492779527 396 402 -1
400 -43.88032842483811 -128.77096770799943 1351.4793766569996 397 403 -1
401 -30.754753409733322 -145.79270192158887 1352.707785600857 398 404 -1
402 -16.901068668188383 -158.6265814951124 1338.7413515223911 399 405 -1
403 -43.99712433069816 -128.66005188614045 1351.6166417030936 400 406 -1
404 -30.821239079544107 -145.7676900542881 1352.8886585193209 401 407 -1
405 -16.71995667922241 -158.6928900244532 1338.7678812761255 402 408 -1
406 -44.11465383619197 -128.54940062005738 1351.753493500137 403 409 -1
407 -30.886136677547224 -145.74275293100789 1353.0701174441274 404 410 -1
408 -16.539376485168287 -158.75818162024856 1338.7999768286986 405 411 -1
409 -44.2328754984549 -128.43898941428398 1351.8899424281815 406 412 -1
410 -30.94928698079456 -145.71785127010494 1353.2521965362025 407 413 -1
411 -16.359425815172838 -158.82224519045832 1338.8376076685329 408 414 -1
412 -44.351760338134945 -128.32879790585517 1352.02599218921 409 415 -1
413 -31.01052536281913 -145.69294570668708 1353.434926866728 410 416 -1
414 -16.18018081643334 -158.88490600094394 1338.8805878090868 411 417 -1
415 -44.47127552987434 -128.21880407616783 1352.1616490798592 412 418 -1
416 -31.069679991537825 -145.6679967305853 1353.6183363207836 413 419 -1
417 -16.001706887310842 -158.946007031522 1338.928715432872 414 420 -1
418 -44.59138515201661 -128.10898480783055 1352.2969218704275 415 421 -1
419 -31.126569308744777 -145.64296448266037 1353.8024495174857 416 422 -1
420 -15.824081888766168 -159.0053623650831 1338.981904237191 417 423 -1
421 -44.71206367968378 -127.99931966780298 1352.431812845496 418 424 -1
422 -31.18101784766565 -145.61780959717944 1353.9872823385604 419 425 -1
423 -15.647373107010804 -159.062804244429 1339.0400177223119 420 426 -1
424 -44.833271993331 -127.88978435884879 1352.5663338071795 421 427 -1
425 -31.2328376720141 -145.59249270445267 1354.1728470078137 422 428 -1
426 -15.471625620907151 -159.1182098222514 1339.1028326750334 423 429 -1
427 -44.95498313316669 -127.78035747923796 1352.7004885259755 424 430 -1
428 -31.281890455238283 -145.56698887824683 1354.3591366519581 425 431 -1
429 -15.296893665418763 -159.17143640901733 1339.1702015225317 426 432 -1
430 -45.07716344272408 -127.67101587878352 1352.8342858409703 427 433 -1
431 -31.3281514588555 -145.54130314539714 1354.5461142257827 428 434 -1
432 -15.12323941490434 -159.22232320309865 1339.2420193833611 429 435 -1
433 -45.19978074566525 -127.56173672336611 1352.9677339651469 430 436 -1
434 -31.371613439748167 -145.5154446456719 1354.7337384398695 431 437 -1
435 -14.950710920086328 -159.27073978050882 1339.3181296723794 432 438 -1
436 -45.32280739227085 -127.45249749032052 1353.100837592581 433 439 -1
437 -31.412271898878487 -145.4894227209047 1354.9219675653485 434 440 -1
438 -14.779341032380097 -159.316590389594 1339.3983355689597 435 441 -1
439 -45.446208045742566 -127.34327489602468 1353.2336082498 436 442 -1
440 -31.4501250695407 -145.46324688773453 1355.1107595737094 437 443 -1
441 -14.609101694337625 -159.3597782225004 1339.4823397673133 438 444 -1
442 -45.569955561790174 -127.2340459867602 1353.3660504779295 439 445 -1
443 -31.485173892946968 -145.43692681018163 1355.3000722751099 440 446 -1
444 -14.439596530226448 -159.40029458941487 1339.5691186311317 441 447 -1
445 -45.694017197962175 -127.12478768603147 1353.4981742154528 442 448 -1
446 -31.51742198161901 -145.4104722722693 1355.4898634541494 443 449 -1
447 -14.270266609446722 -159.43814598497175 1339.6574319190324 444 450 -1
448 -45.818362427780045 -127.01547698465221 1353.6299876601954 445 451 -1
449 -31.546875571167316 -145.38389315089563 1355.6800910021382 446 452 -1
450 -14.100519868453768 -159.47328448234097 1339.74606572149 447 453 -1
451 -45.94296278384319 -126.90609011595473 1353.7614966541832 448 454 -1
452 -31.573543461142034 -145.35719938914758 1355.8707130449675 449 455 -1
453 -13.929742196479078 -159.50565088553057 1339.8337674679026 450 456 -1
454 -46.0677855124714 -126.7966047648046 1353.8927124942982 451 457 -1
455 -31.597436945725587 -145.330400970238 1356.0616880657658 452 458 -1
456 -13.757322160143092 -159.53515415148811 1339.9192316834854 453 459 -1
457 -46.19280256433582 -126.68699659359059 1354.0236404856184 454 460 -1
458 -31.61856973510886 -145.30350789223377 1356.2529750216202 455 461 -1
459 -13.582646994189094 -159.56163259875208 1340.0010198109335 456 462 -1
460 -46.317982686148376 -126.57724303547455 1354.1542905810486 457 463 -1
461 -31.636957868452477 -145.2765301437238 1356.4445334537331 458 464 -1
462 -13.405110365405754 -159.5848421735418 1340.0774524658102 459 465 -1
463 -46.4432958980194 -126.46732108280587 1354.2846712456019 460 466 -1
464 -31.652613181287627 -145.24947752612442 1356.6363240498295 461 467 -1
465 -13.22411149425048 -159.6044012681475 1340.1463951407243 462 468 -1
466 -46.56871310743817 -126.35720586858109 1354.4147885685493 463 469 -1
467 -31.66556201789453 -145.22236012851036 1356.8283072181025 464 470 -1
468 -13.039369147426575 -159.6200125616577 1340.2057078407843 465 471 -1
469 -46.6942034329808 -126.24687629181156 1354.5446535639956 466 472 -1
470 -31.675827164878132 -145.19518778770126 1357.0204448076058 467 473 -1
471 -12.850733253225009 -159.63110303404122 1340.2523914923 468 474 -1
472 -46.819737577045146 -126.13630705931887 1354.6742721487296 469 475 -1
473 -31.68343305744792 -145.16797023711476 1357.2126996448205 470 476 -1
474 -12.65920758192604 -159.63804109563972 1340.286463278596 471 477 -1
475 -46.945285413735185 -126.02547594656873 1354.8036535939088 472 478 -1
476 -31.68840592658655 -145.1407170960524 1357.4050355823565 473 479 -1
477 -12.465995723655668 -159.64176899356707 1340.3099788095458 474 480 -1
478 -47.070824110124214 -125.91436738844979 1354.932805742705 475 481 -1
479 -31.690773681556855 -145.11343785328583 1357.5974175616507 476 482 -1
480 -12.271987943993448 -159.643579210266 1340.326088788606 477 483 -1
481 -47.19635782736948 -125.80298889642462 1355.0617300297185 478 484 -1
482 -31.69056579077478 -145.08614185214904 1357.7898116674533 479 485 -1
483 -12.077664231261146 -159.64476902994437 1340.3379859974193 480 486 -1
484 -47.32189779446972 -125.69136065064426 1355.1904320363092 481 487 -1
485 -31.68781316191391 -145.05883827714666 1357.9821851742286 482 488 -1
486 -11.883293904222295 -159.64670521424955 1340.3490065969365 483 489 -1
487 -47.44745530783762 -125.57949778853845 1355.3189130343474 484 490 -1
488 -31.68254802205562 -145.03153614207326 1358.1745065846608 485 491 -1
489 -11.68912582415369 -159.65076219572163 1340.3626107487728 486 492 -1
490 -47.57304163982448 -125.46741781706264 1355.4471764732575 487 493 -1
491 -31.6748018422792 -145.00424429476163 1358.3667455714196 488 494 -1
492 -11.495578530052487 -159.65827200212598 1340.3821401486111 489 495 -1
493 -47.69866780821625 -125.35513883997515 1355.5752266762975 490 496 -1
494 -31.664606509614973 -144.97697142842128 1358.5588729578865 491 497 -1
495 -11.303458862602106 -159.67058473477036 1340.410964029631 492 498 -1
496 -47.824345765729845 -125.24267536194303 1355.7030639754043 493 499 -1
497 -31.652002481350095 -144.94972596355112 1358.7508612714307 494 500 -1
498 -11.114044658045481 -159.68875562037778 1340.4519122772974 495 501 -1
499 -47.95008610997124 -125.13004670748768 1355.830694341054 496 502 -1
500 -31.6370261237719 -144.92251613728686 1358.942684184402 497 503 -1
501 -10.928248664161655 -159.71169794364306 1340.5052509098705 498 504 -1
502 -48.07590041874706 -125.01726885504495 1355.9581199052236 499 505 -1
503 -31.619714542739512 -144.89534997790673 1359.1343166826812 500 506 -1
504 -10.746029568486922 -159.7360581916899 1340.5692778456073 501 507 -1
505 -48.201800239173465 -124.90435837304125 1356.0853433986001 502 508 -1
506 -31.600105477980847 -144.86823530134018 1359.3257350633571 503 509 -1
507 -10.566739661829763 -159.75858948992166 1340.6417062171065 504 510 -1
508 -48.32779609014413 -124.79133304399126 1356.212369694417 505 511 -1
509 -31.578237201399467 -144.84117970885222 1359.5169169271312 506 512 -1
510 -10.389903298133714 -159.77617955765555 1340.7211886634432 507 513 -1
511 -48.453900247709214 -124.67820860914837 1356.339200144999 508 514 -1
512 -31.554148419687934 -144.8141905858307 1359.7078411659081 509 515 -1
513 -10.214983648012616 -159.78615139109382 1340.8060357013242 510 516 -1
514 -48.58012318602257 -124.56500254298847 1356.4658394593898 511 517 -1
515 -31.527878181484084 -144.7872751016001 1359.8984879460302 512 518 -1
516 -10.041764456158312 -159.786532131416 1340.8948660278825 513 519 -1
517 -48.7064757828368 -124.45173158263272 1356.5922913099992 514 520 -1
518 -31.499465789250088 -144.76044021018507 1360.088838687606 515 521 -1
519 -9.870097663829574 -159.7778867670581 1340.9862666684157 516 522 -1
520 -48.83297063897862 -124.33841190760637 1356.718557149779 517 523 -1
521 -31.46895071600131 -144.73369265194685 1360.2788760403791 518 524 -1
522 -9.699677257332404 -159.76141027666017 1341.0789241503533 519 525 -1
523 -48.959617175106 -124.22506068805829 1356.8446424993379 520 526 -1
524 -31.43637252696323 -144.70703895601537 1360.468583856562 521 527 -1
525 -9.53013099963565 -159.73794596947855 1341.1716868560848 522 528 -1
526 -49.08642710722967 -124.1116943161544 1356.970549870916 523 529 -1
527 -31.401770806190076 -144.68048544344117 1360.6579471610569 524 530 -1
528 -9.36099131434032 -159.7083419547918 1341.2634336201597 525 531 -1
529 -49.213411998234754 -123.99832941125445 1357.0962821058336 526 532 -1
530 -31.365185088138507 -144.65403823099402 1360.846952119454 527 533 -1
531 -9.191742140959658 -159.6734703778109 1341.3531053666354 528 534 -1
532 -49.34058132188379 -123.88498239432813 1357.2218439458925 529 535 -1
533 -31.32665479415452 -144.62770323553735 1361.035586004182 530 536 -1
534 -9.021833050531157 -159.63399061504487 1341.439560698448 531 537 -1
535 -49.467947282910394 -123.77166989736743 1357.3472375202778 532 538 -1
536 -31.28621917379881 -144.60148617890914 1361.2238371591664 533 539 -1
537 -8.850821907108548 -159.59051674061553 1341.5218254357278 534 540 -1
538 -49.59552024371677 -123.65840833308972 1357.4724665731446 535 541 -1
539 -31.243917250910837 -144.57539259324585 1361.4116949633215 536 542 -1
540 -8.678951968617476 -159.54347510169023 1341.6002528088413 537 543 -1
541 -49.72330975097826 -123.54521370367733 1357.5975352553396 538 544 -1
542 -31.19978777428571 -144.54942782668735 1361.5991497931827 539 545 -1
543 -8.506625603218742 -159.49304909079507 1341.6755162223583 540 546 -1
544 -49.851328348290664 -123.43210301280614 1357.7224454926913 541 547 -1
545 -31.15386917282058 -144.52359704940505 1361.786192984959 542 548 -1
546 -8.334236574904903 -159.43963078105233 1341.748541828123 543 549 -1
547 -49.97958528710385 -123.31909211830829 1357.847201460891 544 550 -1
548 -31.10619951496943 -144.49790525990048 1361.9728167962626 545 551 -1
549 -8.16213494370907 -159.38350557795732 1341.820204925411 546 552 -1
550 -50.108090085594846 -123.20619678704726 1357.9718069049104 547 553 -1
551 -31.056816472335946 -144.47235729152416 1362.159014367749 548 554 -1
552 -7.990643310871408 -159.32502682797428 1341.891448579083 549 555 -1
553 -50.236855332299925 -123.09343434489578 1358.096263716377 550 556 -1
554 -31.005757287217694 -144.44695781916863 1362.3447796848727 551 557 -1
555 -7.820058866220864 -159.26456017486885 1341.963208806033 552 558 -1
556 -50.365889541762336 -122.98082009618595 1358.2205760558115 553 559 -1
557 -30.953058743916216 -144.42171136609525 1362.5301075399527 554 560 -1
558 -7.6506952730158275 -159.2024392931884 1342.0364315552943 555 561 -1
559 -50.49520196465308 -122.86836958227552 1358.34474743948 556 562 -1
560 -30.898757143616816 -144.39662231085538 1362.7149934947058 557 563 -1
561 -7.482810158510001 -159.13907060541337 1342.111951622113 558 564 -1
562 -50.624804782240055 -122.75610019273255 1358.468779880166 559 565 -1
563 -30.842888282642154 -144.37169489427257 1362.8994338433988 560 566 -1
564 -7.316750651912425 -159.07480091004092 1342.1906753043017 561 567 -1
565 -50.75470645997094 -122.64402708226284 1358.592677108662 562 568 -1
566 -30.785487433882988 -144.3469332264557 1363.0834255767395 563 569 -1
567 -7.152786775482669 -159.01003064454983 1342.2732813900136 564 570 -1
568 -50.88491558967937 -122.53216537557834 1358.7164425780225 565 571 -1
569 -30.726589331211247 -144.32234129381465 1363.2669663466206 566 572 -1
570 -6.991105202237012 -158.94508844764417 1342.3601424346066 567 573 -1
571 -51.015443322572054 -122.4205320298209 1358.8400785620338 568 574 -1
572 -30.66622815668265 -144.29792296605615 1363.4500544318025 569 575 -1
573 -6.83165621255368 -158.88017714205597 1342.451061008239 570 576 -1
574 -51.146299102234345 -122.30914291130529 1358.9635879838565 571 577 -1
575 -30.60443753034007 -144.27368200313802 1363.632688704613 572 578 -1
576 -6.6742444183170715 -158.81546140333694 1342.5455977528777 573 579 -1
577 -51.27749030514598 -122.1980123078691 1359.086974384896 574 580 -1
578 -30.541250502435535 -144.24962206216486 1363.8148685987253 575 581 -1
579 -6.518706066107787 -158.75108774800395 1342.6434131623928 576 582 -1
580 -51.40902624894996 -122.08715598081837 1359.2102404242569 577 583 -1
581 -30.476699234690813 -144.22574674844023 1363.996593971299 578 584 -1
582 -6.364886540865875 -158.6871919235342 1342.7442156193486 579 585 -1
583 -51.54091874363497 -121.97659188389856 1359.3333878774058 580 586 -1
584 -30.410811131409364 -144.2020602015077 1364.1778637137832 581 587 -1
585 -6.212632803418614 -158.6239014530142 1342.8477415833802 582 588 -1
586 -51.67317321785752 -121.86633278962188 1359.4564205111185 583 589 -1
587 -30.343622227769874 -144.1785651766036 1364.3586803340554 584 590 -1
588 -6.061808905201858 -158.56134791338985 1342.9537785740426 585 591 -1
589 -51.805798153375115 -121.75639396541898 1359.579340904945 586 592 -1
590 -30.27516328257444 -144.15526498769202 1364.5390452206216 587 593 -1
591 -5.912242068368363 -158.49963707862005 1343.0620661712844 588 594 -1
592 -51.93880352425952 -121.64679211230056 1359.702151108397 589 595 -1
593 -30.205464475604188 -144.1321628788537 1364.718960180208 590 596 -1
594 -5.763785832146262 -158.43888125795786 1343.1724029119453 591 597 -1
595 -52.072197863147494 -121.5375428108836 1359.8248535109387 592 598 -1
596 -30.134555410826955 -144.10926203060168 1364.8984274125821 593 599 -1
597 -5.616296216234689 -158.37919148997415 1343.2846023750951 594 600 -1
598 -52.20598712234926 -121.42865932343075 1359.947451052879 595 601 -1
599 -30.06246512094096 -144.08656556607914 1365.0774494865857 596 602 -1
600 -5.469631539427326 -158.3206790423682 1343.398490880199 597 603 -1
601 -52.34017905767712 -121.32015659218882 1360.0699460241237 598 604 -1
602 -29.98921805798343 -144.0640773093062 1365.2560277494667 599 605 -1
603 -5.323652104326378 -158.2634568556228 1343.5139053279922 600 606 -1
604 -52.47478292790287 -121.21205113635611 1360.192340239211 601 607 -1
605 -29.914844127767484 -144.0417999895703 1365.4341661535302 602 608 -1
606 -5.178219785806086 -158.20764095789661 1343.630691157259 603 609 -1
607 -52.60980634569101 -121.10435805076925 1360.3146358203876 604 610 -1
608 -29.839372776840726 -144.01973622132564 1365.611869048277 605 611 -1
609 -5.033197553834014 -158.15335187759374 1343.748700387319 606 612 -1
610 -52.74525456527945 -120.99709015457371 1360.4368352843105 607 613 -1
611 -29.762830838841243 -143.99788895758743 1365.7891402742266 608 614 -1
612 -4.88844895641665 -158.10071607911243 1343.8677897134082 609 615 -1
613 -52.881134541587734 -120.89026200598664 1360.558940600302 610 616 -1
614 -29.685244613982338 -143.97626112308956 1365.9659839388248 611 617 -1
615 -4.74386294037162 -158.04984326839053 1343.9878389279445 612 618 -1
616 -53.017453021328905 -120.78388806035038 1360.680953654217 613 619 -1
617 -29.6066361571661 -143.95485646477493 1366.1424028298163 614 620 -1
618 -4.599441336689206 -158.00069993536252 1344.1088030553658 615 621 -1
619 -53.15421981055846 -120.6779861637069 1360.8028756033161 616 622 -1
620 -29.527031933492076 -143.9336776858156 1366.318401984188 617 623 -1
621 -4.455216652808593 -157.9531918019741 1344.2306521633234 618 624 -1
622 -53.29143804094653 -120.5725672519934 1360.9247088292796 619 625 -1
623 -29.446459389986 -143.91272707554623 1366.4939873321023 620 626 -1
624 -4.31122065074473 -157.90723309269927 1344.353362988536 621 627 -1
625 -53.42911369082076 -120.46764531633197 1361.0464549796056 622 628 -1
626 -29.364942815014622 -143.8920074987206 1366.669163899387 623 629 -1
627 -4.16748346792626 -157.86273537551503 1344.4769129536116 624 630 -1
628 -53.56725262281639 -120.3632343402449 1361.168115591791 625 631 -1
629 -29.28250525110147 -143.8715220211836 1366.843936562104 626 632 -1
630 -4.024033653771158 -157.81960779202237 1344.6012801873278 627 633 -1
631 -53.705860472348434 -120.25934818102145 1361.2896921144447 628 634 -1
632 -29.199165357372106 -143.85127482163267 1367.0183085970834 629 635 -1
633 -3.880898220471016 -157.77775727701592 1344.726443531246 630 636 -1
634 -53.84494363062329 -120.15600185071202 1361.4111858660633 631 637 -1
635 -29.114951703282284 -143.83126733502255 1367.1922880631096 632 638 -1
636 -3.7381027064719206 -157.7370887666677 1344.8523825333011 633 639 -1
637 -53.98449379847872 -120.05319664739845 1361.5326031739996 634 640 -1
638 -29.029886754468507 -143.8115024474461 1367.3658806927253 635 641 -1
639 -3.595674539119696 -157.6975137921495 1344.9790836940392 636 642 -1
640 -54.12449018674288 -119.9509220814732 1361.653954924879 637 643 -1
641 -28.943992550609984 -143.79198306292008 1367.5390923658983 638 644 -1
642 -3.4536363797679046 -157.65892991928985 1345.1065262353843 639 645 -1
643 -54.26491325550381 -119.84916885466319 1361.7752519466048 640 646 -1
644 -28.857284817529013 -143.77271399882767 1367.7119263318477 641 647 -1
645 -3.312007425965884 -157.62123003873418 1345.234686759943 642 648 -1
646 -54.40574384956073 -119.74792779392517 1361.8965050648121 643 649 -1
647 -28.769790898160785 -143.75369640457106 1367.8843915529947 644 650 -1
648 -3.1708081211302868 -157.5843127866283 1345.3635473301583 645 651 -1
649 -54.546963178639004 -119.64718985116212 1362.0177251043522 646 652 -1
650 -28.681529864534753 -143.73493433923275 1368.0564935113293 647 653 -1
651 -3.030057896089718 -157.5480756804164 1345.493090511973 648 654 -1
652 -54.68855279801783 -119.5469461026904 1362.1389228910714 649 655 -1
653 -28.5925091229453 -143.7164385809914 1368.2282326348738 650 656 -1
654 -2.8897752802204844 -157.51241525725638 1345.623299304275 651 657 -1
655 -54.830494807375146 -119.44718805906707 1362.2601092534878 652 658 -1
656 -28.502726481753864 -143.69822453245342 1368.3996048535548 653 659 -1
657 -2.749980188225509 -157.47722878968622 1345.754159794474 654 660 -1
658 -54.97277225862805 -119.34790834907132 1362.3812950749768 655 661 -1
659 -28.412190726658665 -143.68030351363763 1368.5706113511078 656 662 -1
660 -2.6106941482029793 -157.44241211532525 1345.8856604669575 657 663 -1
661 -55.11536635736828 -119.24909664835029 1362.5024912330598 658 664 -1
662 -28.320904941385084 -143.6626888249697 1368.7412505500201 659 665 -1
663 -2.4719276507183894 -157.4078537287456 1346.0177770995206 660 666 -1
664 -55.25825987037987 -119.15074453260871 1362.6237085754544 661 667 -1
665 -28.228870968768266 -143.64539430798607 1368.9115202123214 662 668 -1
666 -2.3336967683933736 -157.37344740301512 1346.1504935503458 663 669 -1
667 -55.40143581749334 -119.05284369592712 1362.7449579641116 664 670 -1
668 -28.13608824508364 -143.62843502003847 1369.0814168214804 665 671 -1
669 -2.1960172676548257 -157.33908652505977 1346.2837936470141 666 672 -1
670 -55.5448774543493 -118.95538594918588 1362.8662502784234 667 673 -1
671 -28.042564500828362 -143.61182224904508 1369.25094095254 668 674 -1
672 -2.0589047273427243 -157.3046641995208 1346.4176610776196 669 675 -1
673 -55.68856825544367 -118.85836321837688 1362.9875964186126 670 676 -1
674 -27.94830266014329 -143.59556933471 1369.4200907520426 671 677 -1
675 -1.9223793758582843 -157.27007118111865 1346.5520834932215 672 678 -1
676 -55.832491897431446 -118.76176754281964 1363.1090073093008 673 679 -1
677 -27.853303049695842 -143.57969098822812 1369.5888629656888 674 680 -1
678 -1.786458189475093 -157.2351972535878 1346.6870444734714 675 681 -1
679 -55.97663224267171 -118.66559107329233 1363.2304939032367 676 682 -1
680 -27.757567711200394 -143.56420120015218 1369.7572551183916 677 683 -1
681 -1.6511512878969812 -157.199936963505 1346.8225212847221 678 684 -1
682 -56.12097332298921 -118.5698260700931 1363.352067185183 679 685 -1
683 -27.66110289630117 -143.5491116344192 1369.9252668670151 680 686 -1
684 -1.5164746507219606 -157.1641833588748 1346.9584958521366 681 687 -1
685 -56.2654993236348 -118.4744649010411 1363.4737381759421 682 688 -1
686 -27.563911422674035 -143.5344357079503 1370.092896039216 683 689 -1
687 -1.3824446295631907 -157.12782977032938 1347.094949363852 684 690 -1
688 -56.41019456742004 -118.37950003942986 1363.5955179365262 685 691 -1
689 -27.46599189240774 -143.52018943035498 1370.260138122072 686 692 -1
690 -1.2490780459314643 -157.09076993980455 1347.231862148815 687 693 -1
691 -56.55504377895678 -118.28492483415563 1363.7174178374244 688 694 -1
692 -27.367349572902004 -143.50638497490726 1370.426992044421 689 695 -1
693 -1.11640191553431 -157.05288554377358 1347.3692193132706 690 696 -1
694 -56.70003125903586 -118.19073143907889 1363.8394489178397 691 697 -1
695 -27.267988989504246 -143.4930348051481 1370.5934562973712 692 698 -1
696 -0.9844276621152941 -157.01407811112514 1347.5069942171565 693 699 -1
697 -56.8451415340676 -118.09691233649997 1363.9616222940729 694 700 -1
698 -27.167912848572946 -143.48015248810836 1370.7595283140754 695 701 -1
699 -0.8531664850298555 -156.9742815859613 1347.6451675591684 696 702 -1
700 -56.99035932392299 -118.00346040662788 1364.0839492340906 697 703 -1
701 -27.067118158881108 -143.46775560482843 1370.9252022396208 698 704 -1
702 -0.722619563881298 -156.93351649476782 1347.7837346825816 699 705 -1
703 -57.135669407618096 -117.91036862413023 1364.2064410693215 700 706 -1
704 -26.965613547941206 -143.45585391761298 1371.090478556276 701 707 -1
705 -0.5927855215231742 -156.8918194196116 1347.92269377197 702 708 -1
706 -57.28105660804757 -117.8176300559962 1364.3291091994906 703 709 -1
707 -26.863401787104422 -143.444461048649 1371.2553544344885 704 710 -1
708 -0.46366274098162186 -156.84922661366474 1348.0620434554917 705 711 -1
709 -57.42650577673611 -117.72523785941188 1364.4519650975435 706 712 -1
710 -26.76048376824711 -143.43359209854867 1371.4198258475838 707 713 -1
711 -0.3352613112869153 -156.80576010160496 1348.2017893497396 708 714 -1
712 -57.57200177858507 -117.6331852796543 1364.575020314648 709 715 -1
713 -26.65686028109957 -143.42326247442872 1371.5838885417015 710 716 -1
714 -0.20756720367878437 -156.76147055591576 1348.3419243665528 711 717 -1
715 -57.71752947659107 -117.54146564801174 1364.6982864852728 712 718 -1
716 -26.552538078193187 -143.41348298292422 1371.7475416250631 713 719 -1
717 -0.08057819272815347 -156.7163933040267 1348.4824483988575 714 720 -1
718 -57.86307371651193 -117.4500723797365 1364.8217753323331 715 721 -1
719 -26.44751999093902 -143.40426738908582 1371.9107818388695 716 722 -1
720 0.045708066636287674 -156.67056335118724 1348.6233617511941 717 723 -1
721 -58.00861931145749 -117.35899897203728 1364.9454986724027 718 724 -1
722 -26.341805262801515 -143.39563259555743 1372.0736036132612 719 725 -1
723 0.1712940484018688 -156.6240154296046 1348.7646651125297 720 726 -1
724 -58.15415102638233 -117.26823900211522 1365.0694684209739 721 727 -1
725 -26.235398360154562 -143.3875913182202 1372.2360043472531 722 728 -1
726 0.29618179815502554 -156.57678351095058 1348.9063598493651 723 729 -1
727 -58.299653562453294 -117.1777861252532 1365.1936965977752 724 730 -1
728 -26.128304297952855 -143.38015568932195 1372.3979816921676 725 731 -1
729 0.4203634673309138 -156.52889252793256 1349.0484533862273 726 732 -1
730 -58.445111449310296 -117.08763452486787 1365.3181957657696 727 733 -1
731 -26.02052603652813 -143.37333962260365 1372.5595319231484 728 734 -1
732 0.5438529342485601 -156.48038734888337 1349.1909412789655 729 735 -1
733 -58.590509102545504 -116.99777813279361 1365.4429783820322 730 736 -1
734 -25.912061435366553 -143.36716198732725 1372.7206478924695 731 737 -1
735 0.666652996170403 -156.4313017591881 1349.3338256707314 732 738 -1
736 -58.73583101342027 -116.90821025214494 1365.5680563020517 733 739 -1
737 -25.80291834632173 -143.36163246143641 1372.8813286107784 734 740 -1
738 0.7887664896798899 -156.38166935867986 1349.477109037999 735 741 -1
739 -58.88106145813329 -116.81892483421406 1365.6934420276516 736 742 -1
740 -25.693100286472937 -143.35676468370815 1373.0415702407981 737 743 -1
741 0.9101962750583602 -156.3315235815825 1349.6207941813066 738 744 -1
742 -59.0261845670778 -116.7299158995184 1365.8191481927076 739 745 -1
743 -25.582609390926915 -143.3525737710653 1373.2013678691799 740 746 -1
744 1.03094360397425 -156.28089665192292 1349.7648851903289 741 747 -1
745 -59.17118430790849 -116.64117753634062 1365.945187568605 742 748 -1
746 -25.471445557927407 -143.34907742445694 1373.3607148457158 743 749 -1
747 1.1510029361039746 -156.2298167823527 1349.909390649695 744 750 -1
748 -59.316044468305314 -116.5527038993644 1366.0715730696797 745 751 -1
749 -25.35961650945883 -143.34628531333394 1373.5196096025388 746 752 -1
750 1.2703871376989002 -156.17832408722055 1350.054308329321 747 753 -1
751 -59.460748638403906 -116.46448920841581 1366.1983177586412 748 754 -1
752 -25.247125611614003 -143.3442115875865 1373.6780475184016 749 755 -1
753 1.3890990063773552 -156.12645155762212 1350.199642259868 750 756 -1
754 -59.60528019286836 -116.37652774731538 1366.3254348519567 751 757 -1
755 -25.133974133705475 -143.34287290572522 1373.836022288266 752 758 -1
756 1.5071412923898686 -156.0742321340219 1350.345396753258 753 759 -1
757 -59.74962168212741 -116.28881455516841 1366.45293886706 754 760 -1
758 -25.020164758450626 -143.34228465103803 1373.9935283290924 755 761 -1
759 1.6245166858381466 -156.021698730865 1350.4915763946565 756 762 -1
760 -59.893755879991936 -116.20134396226493 1366.5808434018938 757 763 -1
761 -24.905704197662835 -143.34245760544655 1374.1505627784934 758 764 -1
762 1.7412217053580346 -155.9688819723612 1350.638190043958 759 765 -1
763 -60.03766585004531 -116.1141098289881 1366.7091612334589 760 766 -1
764 -24.79059615891595 -143.34340601508652 1374.30712046461 761 767 -1
765 1.8572589424464705 -155.91581566020457 1350.7852429527773 762 768 -1
766 -60.18133389590768 -116.02710668546155 1366.8379062645056 763 769 -1
767 -24.67484144490708 -143.3451479203556 1374.463193785528 764 770 -1
768 1.972636793599732 -155.86253532200175 1350.9327366311577 765 771 -1
769 -60.32474200815052 -115.94032912185256 1366.9670925782466 766 772 -1
770 -24.55844498440908 -143.347696570781 1374.6187779508937 767 773 -1
771 2.087357570615716 -155.80907405217908 1351.0806767014835 768 774 -1
772 -60.46787184355634 -115.85377178809291 1367.096734443195 769 775 -1
773 -24.441412865929873 -143.35106371519808 1374.7738689102796 770 776 -1
774 2.2014234643974877 -155.75546505609302 1351.2290690201426 771 777 -1
775 -60.61070357321286 -115.76743014468144 1367.226848052273 772 778 -1
776 -24.32374922288578 -143.35526364641356 1374.9284609205054 773 779 -1
777 2.314832591868993 -155.70174118920136 1351.3779224830882 774 780 -1
778 -60.753217801592044 -115.68129898005724 1367.3574483891173 775 781 -1
779 -24.20545479030788 -143.360315528644 1375.0825452067447 776 782 -1
780 2.4275817537991418 -155.6479361546701 1351.5272472320412 777 783 -1
781 -60.895396095873444 -115.59537234771238 1367.4885486327523 778 784 -1
782 -24.086536208919853 -143.36623080996014 1375.2361174551095 779 785 -1
783 2.539682066514282 -155.5940847931686 1351.6770430317922 780 786 -1
784 -61.03721852653497 -115.50964513593588 1367.6201638612758 781 787 -1
785 -23.966999335031716 -143.37302195618724 1375.3891725676308 782 788 -1
786 2.6511393451188567 -155.5402170029683 1351.8273120161257 783 789 -1
787 -61.178664781063205 -115.42411249778272 1367.7523094214914 784 790 -1
788 -23.84684881435539 -143.38070323795458 1375.541704217364 785 791 -1
789 2.761961538854898 -155.48636084912303 1351.9780541563762 786 792 -1
790 -61.319731845873996 -115.33883756164802 1367.8850255868992 787 793 -1
791 -23.726085683385442 -143.38929461803824 1375.6937025966124 788 794 -1
792 2.8721487011469877 -155.43254542907133 1352.1292756144428 789 795 -1
793 -61.4604729307472 -115.25404185118518 1368.0183931837819 790 796 -1
794 -23.604717819942252 -143.39880615948866 1375.8451635411468 791 797 -1
795 2.9817117167563456 -155.37879982770335 1352.2809746344803 792 798 -1
796 -61.60094494460603 -115.16997700694557 1368.1525049075278 793 799 -1
797 -23.482751213589218 -143.4092507187062 1375.996081068359 794 800 -1
798 3.090664280181501 -155.32515234585284 1352.4331473015075 795 801 -1
799 -61.74120227637626 -115.0869071572991 1368.2874584778335 796 802 -1
800 -23.36019110903978 -143.42064245438357 1376.1464482657238 797 803 -1
801 3.1990147277304684 -155.27163185417075 1352.5857938672116 798 804 -1
802 -61.881297529121795 -115.00511310378518 1368.4233560826542 799 805 -1
803 -23.2370391541854 -143.4330017823696 1376.2962544292081 800 806 -1
804 3.3067671017931732 -155.21826882720504 1352.7389181745789 801 807 -1
805 -62.02128229107528 -114.92487067339384 1368.5602882761827 802 808 -1
806 -23.113304101459615 -143.4463377865916 1376.4454952515362 803 809 -1
807 3.413925002270325 -155.16509506665898 1352.8925247309212 804 810 -1
808 -62.16120281657722 -114.84649272856129 1368.6983608433002 805 811 -1
809 -22.988992383365368 -143.46066335454935 1376.594164033097 806 812 -1
810 3.5205063441611224 -155.11213767984026 1353.0466064195598 807 813 -1
811 -62.301101782093816 -114.77030369826055 1368.8376743364854 808 814 -1
812 -22.86410992808596 -143.47599242111656 1376.7422532872586 809 815 -1
813 3.6265197007634904 -155.05942652534918 1353.2011636517445 810 816 -1
814 -62.441016064965105 -114.69663747882039 1368.9783222832682 811 817 -1
815 -22.738659218396702 -143.49234555356276 1376.8897515182775 812 818 -1
816 3.73196835106007 -155.0069946912594 1353.3562014630545 813 819 -1
817 -62.58097579863001 -114.62588575639042 1369.1204131607121 814 820 -1
818 -22.612649678642928 -143.50973112485295 1377.0366540797866 815 821 -1
819 3.8368579473733138 -154.95487538713945 1353.5117231206514 816 822 -1
820 -62.7210016195067 -114.55842599356306 1369.2640307785489 817 823 -1
821 -22.48608840964474 -143.5281617214842 1377.1829537015699 818 824 -1
822 3.941205702146835 -154.9030950796981 1353.6677217633394 819 825 -1
823 -62.86110356053571 -114.49469898386228 1369.4092688929964 820 826 -1
824 -22.35898210208307 -143.54765091995273 1377.3286423505106 821 827 -1
825 4.045020315511917 -154.85168477461326 1353.8241977685634 822 828 -1
826 -63.00127763718802 -114.43517851298989 1369.5562108198797 823 829 -1
827 -22.23133418819484 -143.56821926299702 1377.4737077721372 824 830 -1
828 4.1483002789007974 -154.80068433334333 1353.9811609398723 825 831 -1
829 -63.14150219418668 -114.38034222227064 1369.704915165088 826 832 -1
830 -22.103154757767214 -143.58987438245111 1377.6181449667151 827 833 -1
831 4.2510611873304 -154.75012131228777 1354.1386055446915 828 834 -1
832 -63.281735083541655 -114.33073203744462 1369.8554345669456 829 835 -1
833 -21.97445169652836 -143.6126283374276 1377.7619461817758 830 836 -1
834 4.3533153533286395 -154.7000249398571 1354.2965285139103 831 837 -1
835 -63.42190796056592 -114.2869482883492 1370.0078043147112 832 838 -1
836 -21.84523252732768 -143.63649418918536 1377.9051028843912 833 839 -1
837 4.455066815458537 -154.65043261116318 1354.4549345343662 834 840 -1
838 -63.561921975471364 -114.24958572712873 1370.1620163492557 835 841 -1
839 -21.715501623245103 -143.66149250513465 1378.047601969051 836 842 -1
840 4.5563200513912125 -154.60138304817343 1354.6138280363277 837 843 -1
841 -63.70164282695256 -114.21927917605385 1370.3180291547033 838 844 -1
842 -21.58526994816677 -143.68762965446933 1378.1894383624683 839 845 -1
843 4.657092921660546 -154.552900052957 1354.773200067498 840 846 -1
844 -63.84089530315725 -114.19669050955373 1370.4757568333473 841 847 -1
845 -21.454546163384443 -143.7149171445687 1378.3306038099588 842 848 -1
846 4.7573920978895154 -154.50501975079837 1354.9330524084664 843 849 -1
847 -63.979459177043324 -114.18248781796679 1370.6350583079695 844 850 -1
848 -21.323338679656498 -143.74336734388385 1378.4710893472363 845 851 -1
849 4.857216675485555 -154.4577903911115 1355.0933947185163 846 852 -1
850 -64.11706666751225 -114.1773270023934 1370.7957297350351 847 853 -1
851 -21.191652677095142 -143.77300123440364 1378.6108807302 848 854 -1
852 4.956587043903119 -154.4112310429348 1355.254214379137 849 855 -1
853 -64.2534005539003 -114.18184078176645 1370.9574999404501 850 856 -1
854 -21.059500410979055 -143.8038226878663 1378.7499735296185 851 857 -1
855 5.055509984337188 -154.36537923612258 1355.4155124634797 852 858 -1
856 -64.38809777425416 -114.19660214776499 1371.1200256786233 853 859 -1
857 -20.926891177078325 -143.8358429507357 1378.888358794071 854 860 -1
858 5.153983004168479 -154.32027881575405 1355.5772969648422 855 861 -1
859 -64.52076596220736 -114.22205298023377 1371.2828941798455 856 862 -1
860 -20.793833938458977 -143.86907454207892 1379.026026602917 857 863 -1
861 5.252018275521477 -154.27587843205154 1355.7395403115092 858 864 -1
862 -64.6509877035889 -114.2585329735087 1371.445637490429 859 865 -1
863 -20.660335555196927 -143.90353660171166 1379.162962855053 860 866 -1
864 5.349609803783942 -154.23212575665877 1355.902226576515 861 867 -1
865 -64.77834339114386 -114.30621596893165 1371.6077496725968 862 868 -1
866 -20.52640904233082 -143.93923142733647 1379.299163246334 863 869 -1
867 5.446749119938558 -154.1889691286853 1356.065342150008 864 870 -1
868 -64.90251093689852 -114.36466434191473 1371.7688124155584 865 871 -1
869 -20.39206443976986 -143.9761696990885 1379.4346182927238 866 872 -1
870 5.543445360416275 -154.14633434420128 1356.228857743673 867 873 -1
871 -65.02332681531938 -114.43287899207249 1371.9285838532946 868 874 -1
872 -20.257310738726677 -144.0143658809641 1379.5693160025612 869 875 -1
873 5.63969016044062 -154.10416831258914 1356.3927607911353 870 876 -1
874 -65.14071786320169 -114.50986131644842 1372.0869225843287 871 877 -1
875 -20.122157771378856 -144.0538327283235 1379.703245154335 872 878 -1
876 5.7354837336827655 -154.06240706828353 1356.5570314207762 873 879 -1
877 -65.25467882481834 -114.59466895993377 1372.2437664571103 874 880 -1
878 -19.98661837264699 -144.0945735652545 1379.8364000340528 875 881 -1
879 5.8308332374228575 -154.0209819718931 1356.7216451807476 876 882 -1
880 -65.36524708854533 -114.68644508279336 1372.3991126187225 877 883 -1
881 -19.85070350998298 -144.13659781553014 1379.9687710419198 878 884 -1
882 5.925726271154638 -153.9798373267145 1356.8865927219183 879 885 -1
883 -65.47248612774136 -114.78442029440201 1372.553002330237 880 886 -1
884 -19.71442184132098 -144.1799239184155 1380.100342795406 881 887 -1
885 6.02017444873219 -153.93890188294353 1357.0518473564664 882 888 -1
886 -65.57651799279887 -114.88783871939165 1372.705527836745 883 889 -1
887 -19.577786876142603 -144.22455371868944 1380.2311098657497 884 890 -1
888 6.1141769991145605 -153.89811216216023 1357.2173918699298 885 891 -1
889 -65.67743782396596 -114.99608731736164 1372.856789568568 886 892 -1
890 -19.4408108555072 -144.27049342502906 1380.3610639784786 887 893 -1
891 6.207728251560501 -153.85740366760197 1357.3832118038154 888 894 -1
892 -65.77536529586308 -115.10858625350517 1373.0069139649695 889 895 -1
893 -19.30350442394902 -144.31775604745047 1380.4901924059495 890 896 -1
894 6.300840988759937 -153.81670924749605 1357.5492818258801 891 897 -1
895 -65.87042113816304 -115.22481670537321 1373.156039453012 892 898 -1
896 -19.165879225358424 -144.3663517067331 1380.61848395519 893 899 -1
897 6.393506212195668 -153.7759622205408 1357.715589090834 894 900 -1
898 -65.96272436610971 -115.34431144106813 1373.304312855805 895 901 -1
899 -19.027949339536722 -144.41628032379793 1380.7459336653449 896 902 -1
900 6.48573257782002 -153.735096705576 1357.882111090197 897 903 -1
901 -66.0523732729847 -115.46666501696704 1373.4518825660443 898 904 -1
902 -18.889726731333575 -144.46755104847222 1380.8725305801845 899 905 -1
903 6.57752349197623 -153.69404726197635 1358.0488283353018 900 906 -1
904 -66.13948859056002 -115.59149068333797 1373.598898862966 901 907 -1
905 -18.751222417076452 -144.52017893142514 1380.9982597001137 902 908 -1
906 6.668872260821922 -153.65274197524164 1358.2157251357442 903 909 -1
907 -66.22411294509467 -115.71856376143546 1373.7454443751212 904 910 -1
908 -18.612451601335852 -144.5741590475367 1381.1231186174853 905 911 -1
909 6.759793280707543 -153.61112186061195 1358.3827772151742 906 912 -1
910 -66.30628624462372 -115.84769678826258 1373.8915837532747 907 913 -1
911 -18.47342696423307 -144.6294987357679 1381.2470969137514 908 914 -1
912 6.850278389750762 -153.5691117860689 1358.5499682960008 909 915 -1
913 -66.38605970639134 -115.97870387572927 1374.037384661064 910 916 -1
914 -18.33415997806741 -144.68621370159187 1381.3701784475854 911 917 -1
915 6.940336140825924 -153.52665057881399 1358.7172760977835 912 918 -1
916 -66.46346766294516 -116.1114220061044 1374.1829132146206 913 919 -1
917 -18.19466630280773 -144.74429608983127 1381.4923622692477 914 920 -1
918 7.02997008394408 -153.48367403813108 1358.8846798673387 915 921 -1
919 -66.53853179207695 -116.2457031374089 1374.3282358828883 916 922 -1
920 -18.054958843383908 -144.8037539867951 1381.6136368587042 917 923 -1
921 7.119174154271859 -153.44010465213591 1359.0521599695726 918 924 -1
922 -66.61128399159031 -116.38139771758776 1374.4734214692496 919 925 -1
923 -17.915050352233237 -144.86459849865022 1381.7339884099972 920 926 -1
924 7.207962107944023 -153.39589358688312 1359.2196929988775 921 927 -1
925 -66.68175755262429 -116.5183616316639 1374.6185391540748 922 928 -1
926 -17.77495637119785 -144.9268212622263 1381.8534159454816 923 929 -1
927 7.2963255848185815 -153.35095888920964 1359.387257897383 924 930 -1
928 -66.74997422808688 -116.6564623076057 1374.7636580720389 925 931 -1
929 -17.634689715473925 -144.9904341962794 1381.9719047443862 926 932 -1
930 7.384273649070098 -153.30524618958322 1359.5548308743157 927 933 -1
931 -66.81595228401162 -116.79557242344747 1374.9088480233 928 934 -1
932 -17.494264862955202 -145.0554375451073 1382.089447728518 929 935 -1
933 7.471822491734661 -153.25868370279207 1359.722378903905 930 936 -1
934 -66.87970637951439 -116.93556909309613 1375.054179502939 931 937 -1
935 -17.353695990503287 -145.12182278253727 1382.2060424541276 932 938 -1
936 7.558991520872468 -153.21116812259152 1359.8898573316942 933 939 -1
937 -66.94123846311768 -117.07633573827889 1375.1997249145406 934 940 -1
938 -17.21298709808601 -145.18957847089266 1382.3216760223077 935 941 -1
939 7.645817759256237 -153.16264207893815 1360.05722401183 936 942 -1
940 -67.00056315761377 -117.21775919863128 1375.3455497955097 937 943 -1
941 -17.072140955982313 -145.25864434473297 1382.436363512618 938 944 -1
942 7.732320146545382 -153.1129989844552 1360.2244306550622 939 945 -1
943 -67.05771266001301 -117.35983781676013 1375.491606328926 940 946 -1
944 -16.931156800534364 -145.32898871204497 1382.5501005006133 941 947 -1
945 7.818528048773733 -153.06216799490954 1360.3914322959565 942 948 -1
946 -67.11273440616648 -117.50266906116647 1375.6377458304999 943 949 -1
947 -16.790034813842976 -145.4005663251836 1382.6628932283534 944 950 -1
948 7.904468834328172 -153.01008049876162 1360.5581842206534 945 951 -1
949 -67.16567298955874 -117.64635608861408 1375.7838158673742 946 952 -1
950 -16.648774428445332 -145.47333512414136 1382.7747466494986 947 953 -1
951 7.990159679155395 -152.95661784347087 1360.7246292027976 948 954 -1
952 -67.21656935643487 -117.79100421813656 1375.9296630150861 949 955 -1
953 -16.507373612588093 -145.54726158609398 1382.8856595706009 950 956 -1
954 8.075631543509084 -152.9017438818761 1360.8907270208128 951 957 -1
955 -67.26545978091215 -117.93672165134592 1376.0751314610256 952 958 -1
956 -16.36583185228282 -145.6222968589823 1382.9956442867394 953 959 -1
957 8.16090368517208 -152.84536159482036 1361.0564217887693 954 960 -1
958 -67.31236710108463 -118.08362572545705 1376.2200582694827 955 961 -1
959 -16.224145229914964 -145.69841556522601 1383.1046940480396 956 962 -1
960 8.245997053220808 -152.78738763392144 1361.2216584869832 957 963 -1
961 -67.35733292138076 -118.23182279404934 1376.3642821518968 958 964 -1
962 -16.082313084102108 -145.77556565787143 1383.2128260073803 959 965 -1
963 8.330935195591398 -152.72777892712722 1361.3863925801859 960 966 -1
964 -67.40038379160154 -118.3814278080401 1376.5076339245475 961 967 -1
965 -15.940330099167067 -145.85372560717363 1383.3200308416083 962 968 -1
966 8.415734169062642 -152.6664247632931 1361.5505564659597 963 969 -1
967 -67.44154280265101 -118.53255808157266 1376.649937469049 964 970 -1
968 -15.798195036278525 -145.932844573987 1383.426326844614 965 971 -1
969 8.500414290350333 -152.60327965545235 1361.714101296142 966 972 -1
970 -67.48082324219796 -118.68533924214897 1376.791003533816 967 973 -1
971 -15.655901840913845 -146.01290042141764 1383.5317058838243 968 974 -1
972 8.584993345865078 -152.53829411380087 1361.8769760841024 969 975 -1
973 -67.51823561762785 -118.8399001208283 1376.9306309785475 970 976 -1
974 -15.513448357682332 -146.09384625823495 1383.6361846650916 971 977 -1
975 8.669484693850684 -152.47135026518615 1362.0391014585932 972 978 -1
976 -67.55380374685004 -118.99635467278786 1377.0686213307952 973 979 -1
977 -15.370827824769552 -146.17565944926824 1383.7397560444133 974 980 -1
978 8.753905055904994 -152.4024348805832 1362.2004356368618 975 981 -1
979 -67.58753527616068 -119.15482996478264 1377.2047541356014 976 982 -1
980 -15.22803748419997 -146.25829537472123 1383.8424364843272 977 983 -1
981 8.838267518311493 -152.33149680740547 1362.3609211976673 978 984 -1
982 -67.61941656960344 -119.31547649048719 1377.3387709655565 979 985 -1
983 -15.08506966334292 -146.341732159463 1383.944218411987 980 986 -1
984 8.922582622358023 -152.25842346123082 1362.5204707810124 981 987 -1
985 -67.64947084401271 -119.47839733049584 1377.470443261745 982 988 -1
986 -14.941921317760336 -146.42592622815846 1384.045119208079 983 989 -1
987 9.006862037585485 -152.18321756907224 1362.679045059879 984 990 -1
988 -67.67768204216239 -119.64373840385313 1377.59947940873 985 991 -1
989 -14.79858364127248 -146.5108572885073 1384.1451296613511 986 992 -1
990 9.09111465275893 -152.10583638210923 1362.8365836194803 987 993 -1
991 -67.70404955531593 -119.81161993733436 1377.725591283154 988 994 -1
992 -14.6550533643748 -146.59648284411006 1384.2442679114374 989 995 -1
993 9.17534765965263 -152.02619194538516 1362.9930006659927 990 996 -1
994 -67.72856278553911 -119.98216733795452 1377.8484574000845 991 997 -1
995 -14.511321083037052 -146.68278203853902 1384.3425254961498 992 998 -1
996 9.259567546289993 -151.94427344991738 1363.1482457376433 993 999 -1
997 -67.75121227272567 -120.15549366208104 1377.9677391869081 994 1000 -1
998 -14.367382656122258 -146.7697158472466 1384.439918092017 995 1001 -1
999 9.343779103983309 -151.8600628897842 1363.302264003326 996 1002 -1
1000 -67.77197590703571 -120.33171829694184 1378.08304985778 997 1003 -1
1001 -14.223228663718174 -146.85726124256294 1384.5364401568943 998 1004 -1
1002 9.427985637492261 -151.7735236870726 1363.4549888901008 999 1005 -1
1003 -67.79085032936314 -120.51091518606957 1378.1940214582953 1000 1006 -1
1004 -14.078853701237676 -146.94538327676707 1384.6321034150203 1001 1007 -1
1005 9.512191483432332 -151.6845986378496 1363.6063373828276 1002 1008 -1
1006 -67.80780178781657 -120.6931613740637 1378.300234658246 1003 1009 -1
1007 -13.934248667202764 -147.03405650431853 1384.7269059849089 1004 1010 -1
1008 9.596410078928223 -151.59337522440842 1363.7563044458907 1005 1011 -1
1009 -67.8228077238859 -120.87837948377413 1378.401482661504 1006 1012 -1
1010 -13.789406673405558 -147.1232497410114 1384.820855176209 1007 1013 -1
1011 9.680657276905158 -151.49989943316947 1363.9048618460608 1008 1014 -1
1012 -67.83585065925972 -121.06644175764936 1378.4976306901149 1009 1015 -1
1013 -13.644319196488034 -147.21293531779307 1384.9139530332868 1010 1016 -1
1014 9.764948841830485 -151.40421246165587 1364.051979547501 1011 1017 -1
1015 -67.84691597484097 -121.25721245137922 1378.588548956789 1012 1018 -1
1016 -13.498977658051611 -147.303085304425 1385.0062022030138 1013 1019 -1
1017 9.849301634548388 -151.30631742214868 1364.197601898264 1014 1020 -1
1018 -67.85599542569709 -121.45054360292279 1378.6741220191093 1015 1021 -1
1019 -13.35337434085277 -147.3936701694386 1385.0976087165486 1016 1022 -1
1020 9.93373093255234 -151.20627194912683 1364.3417103624133 1017 1023 -1
1021 -67.86309195624088 -121.64627094912125 1378.7542627181526 1018 1024 -1
1022 -13.20749880042518 -147.48466458166607 1385.1881705205435 1019 1025 -1
1023 10.01825197118987 -151.10411447426077 1364.484274955107 1020 1026 -1
1024 -67.86822809508391 -121.84420852050464 1378.8289377167118 1021 1027 -1
1025 -13.061344304716648 -147.57603762446013 1385.2778974912985 1022 1028 -1
1026 10.102880218817214 -150.99986931419105 1364.6252559353047 1023 1029 -1
1027 -67.87142909448812 -122.04417163346967 1378.8981226294898 1024 1030 -1
1028 -12.914898417733788 -147.6677658159875 1385.3667830450913 1025 1031 -1
1029 10.187631093009564 -150.89355726239214 1364.764610606857 1026 1032 -1
1030 -67.87272958577182 -122.24597092390681 1378.9618212887435 1027 1033 -1
1031 -12.768155503063573 -147.75981739708357 1385.4548405607643 1028 1034 -1
1032 10.272522409968506 -150.78516322931998 1364.9022655613096 1029 1035 -1
1033 -67.87217287329042 -122.44941558247524 1379.0200650771876 1030 1036 -1
1034 -12.621101080244104 -147.8521699411718 1385.5420592982832 1031 1037 -1
1035 10.357568135502444 -150.6747268539737 1365.0381907254277 1032 1038 -1
1036 -67.86980221097049 -122.6543221090247 1379.0728877633785 1033 1039 -1
1037 -12.473730059739639 -147.94479182490977 1385.628454166062 1034 1040 -1
1038 10.442783075670327 -150.5622664026215 1365.172338517079 1035 1041 -1
1039 -67.86567913490477 -122.86050148653861 1379.1203814005607 1036 1042 -1
1040 -12.326027666366912 -148.03765962512273 1385.7140151355661 1037 1043 -1
1041 10.528182477636095 -150.44779004627182 1365.3046513128993 1038 1044 -1
1042 -67.85987057813266 -123.06777295557818 1379.1626600029192 1039 1045 -1
1043 -12.17798762924021 -148.1307433711847 1385.7987539628068 1040 1046 -1
1044 10.613781524596035 -150.33130329901562 1365.4350670696033 1041 1047 -1
1045 -67.8524446778203 -123.2759673836542 1379.1998470715296 1042 1048 -1
1046 -12.02959539691049 -148.22401829220263 1385.882662483215 1043 1049 -1
1047 10.69960031154429 -150.21276542705994 1365.5634746628853 1044 1050 -1
1048 -67.84345804690997 -123.48493232969582 1379.2320340097604 1045 1051 -1
1049 -11.880843680854312 -148.3174554679691 1385.9657499480818 1046 1052 -1
1050 10.785649601190638 -150.0922194402562 1365.6898418722478 1047 1053 -1
1051 -67.8329975062154 -123.69451295687095 1379.2594150194225 1048 1054 -1
1052 -11.731717853946462 -148.41102912052585 1386.0480090784977 1049 1055 -1
1053 10.871944260402616 -149.96966360374046 1365.8140905763403 1050 1056 -1
1054 -67.82113289408714 -123.90457570360331 1379.2821364153106 1051 1057 -1
1055 -11.58221002737105 -148.504710832558 1386.1294477186461 1052 1058 -1
1056 10.958498950543937 -149.84509422409923 1365.9361366314877 1053 1059 -1
1057 -67.80793392980034 -124.11499811944 1379.3003494588752 1054 1060 -1
1058 -11.432304990104752 -148.5984740096654 1386.2100582080368 1055 1061 -1
1059 11.04533472511051 -149.71845897046452 1366.0558341793712 1056 1062 -1
1060 -67.7934808113724 -124.3256675729403 1379.3142477284027 1057 1063 -1
1061 -11.281994862559422 -148.6922903899087 1386.289848289087 1058 1064 -1
1062 11.132460659889077 -149.58978980740858 1366.1731270958915 1059 1065 -1
1063 -67.77786561413916 -124.53648645491671 1379.324018114176 1060 1066 -1
1064 -11.131263134626769 -148.78613251358715 1386.3688084397866 1061 1067 -1
1065 11.219889623815455 -149.4590835995233 1366.287915339569 1062 1068 -1
1066 -67.7612869938407 -124.74737455089866 1379.3299773451272 1063 1069 -1
1067 -10.980102768321492 -148.8799721870676 1386.4469478196409 1064 1070 -1
1068 11.307639905023498 -149.32629777931064 1366.4000404973663 1065 1071 -1
1069 -67.7439670318956 -124.95827292316751 1379.332481314448 1066 1072 -1
1070 -10.828495003184722 -148.9737807330954 1386.5242533443845 1067 1073 -1
1071 11.39572395227222 -149.19142370357767 1366.5093762741474 1068 1074 -1
1072 -67.72610647337527 -125.16914056675247 1379.3318307231857 1069 1075 -1
1073 -10.676433466299365 -149.06753002694518 1386.600735095559 1070 1076 -1
1074 11.48414866062366 -149.05447932906202 1366.6158252426444 1071 1077 -1
1075 -67.7078971201553 -125.37995038607248 1379.3283135192357 1072 1078 -1
1076 -10.523899719343145 -149.16119016165914 1386.6763812019763 1073 1079 -1
1077 11.572933495334636 -148.91540007315345 1366.7191605588334 1074 1080 -1
1078 -67.68952225588217 -125.59068741499206 1379.3222222451498 1075 1081 -1
1079 -10.370884610638488 -149.25473242386434 1386.7511964131565 1076 1082 -1
1080 11.662081856311383 -148.77420905247416 1366.8192680080642 1077 1083 -1
1081 -67.67115328571158 -125.80134549692248 1379.3138147109246 1078 1084 -1
1082 -10.217372856628126 -149.34812647820553 1386.8251746909377 1079 1085 -1
1083 11.751602875698437 -148.6308857924467 1366.9159537898474 1080 1086 -1
1084 -67.65295417504895 -126.01192559715057 1379.303334660399 1081 1087 -1
1085 -10.063350169903751 -149.44134156049225 1386.8983118882334 1082 1088 -1
1086 11.841505243425882 -148.48540191629192 1367.0089892940875 1083 1089 -1
1087 -67.63508256530596 -126.22243419334201 1379.2910130641474 1084 1090 -1
1088 -9.90880616267279 -149.5343481240405 1386.9706100059275 1085 1091 -1
1089 11.931777023161464 -148.33779595997743 1367.098247530181 1086 1092 -1
1090 -67.61769084893716 -126.43288190504347 1379.2770694313938 1087 1093 -1
1091 -9.753720451275331 -149.62711184220274 1387.042055094238 1088 1094 -1
1092 12.022308347623751 -148.18826222436834 1367.183967127771 1089 1095 -1
1093 -67.60092719758246 -126.64328232140802 1379.2617131143115 1090 1096 -1
1094 -9.598084375682495 -149.7196030378689 1387.112651619529 1091 1097 -1
1095 12.112921092731733 -148.03717676919973 1367.2668347054066 1092 1098 -1
1096 -67.58493654050231 -126.8536509899109 1379.2451445866825 1093 1099 -1
1097 -9.44188247297373 -149.81178854275748 1387.1823931190065 1094 1100 -1
1098 12.203452729633 -147.8848886202972 1367.3475642671347 1095 1101 -1
1099 -67.56986149266015 -127.0640045324504 1379.2275566853643 1096 1102 -1
1100 -9.285095942134529 -149.90363228834798 1387.2512682475403 1097 1103 -1
1101 12.29374920499529 -147.73174071386305 1367.426920542965 1098 1104 -1
1102 -67.55584323302863 -127.27435985868024 1379.2091358076998 1099 1105 -1
1103 -9.127714714436395 -149.9951027152297 1387.3192783608943 1100 1106 -1
1104 12.383676856230105 -147.5780814429432 1367.5057057373892 1101 1107 -1
1105 -67.54302233416121 -127.48473344954972 1379.1900630612718 1102 1108 -1
1106 -8.969723256805274 -150.08616449552238 1387.3864164048653 1103 1109 -1
1107 12.473089978541969 -147.42423782295455 1367.5847162506318 1104 1110 -1
1108 -67.53153954392032 -127.69514068677174 1379.1705153645212 1105 1111 -1
1109 -8.811100865952728 -150.17677755593482 1387.452667972854 1106 1112 -1
1110 12.561880945584774 -147.27054096877384 1367.6647070020585 1107 1113 -1
1111 -67.52153651958255 -127.90559520629009 1379.1506664979079 1108 1114 -1
1112 -8.651837286496306 -150.2669083957631 1387.5180330412938 1109 1115 -1
1113 12.649903063831387 -147.11733072662673 1367.746459883008 1110 1116 -1
1114 -67.51315651341909 -128.11610825581232 1379.1306881056964 1111 1117 -1
1115 -8.49191662236173 -150.35651877340615 1387.582503222491 1112 1118 -1
1116 12.73706222004694 -146.9649140055638 1367.83058427585 1113 1119 -1
1117 -67.50654500730627 -128.32668803817396 1379.1107506481592 1114 1120 -1
1118 -8.331322171279318 -150.44556872482624 1387.6460687007698 1115 1121 -1
1119 12.823202111389906 -146.81365502690238 1367.917789284493 1116 1122 -1
1120 -67.50185029197904 -128.5373390237995 1379.091024303141 1117 1123 -1
1121 -8.170034646532077 -150.53401472303773 1387.7087159118964 1118 1124 -1
1122 12.908236891903371 -146.66383666176796 1368.008493019135 1119 1125 -1
1123 -67.4992239842011 -128.74806121693481 1379.0716798145083 1120 1126 -1
1124 -8.008041749178748 -150.62181821033712 1387.7704400396049 1121 1127 -1
1125 12.99203026033156 -146.51579655433147 1368.1031825728053 1122 1128 -1
1126 -67.49882147239161 -128.95884936178894 1379.0528892830866 1123 1129 -1
1127 -7.845327112903166 -150.70893595666675 1387.8312302836964 1124 1130 -1
1128 13.074602405923166 -146.36960212398344 1368.2017360434759 1125 1131 -1
1129 -67.50080491611693 -129.16969211425908 1379.0348278314675 1126 1132 -1
1130 -7.681874317631557 -150.79532329186807 1387.8910751849114 1127 1133 -1
1131 13.156153770700342 -146.2249940569963 1368.3034322023093 1128 1134 -1
1132 -67.50534121994768 -129.38057094242993 1379.0176739324274 1129 1135 -1
1133 -7.5176669276403745 -150.88093403105793 1387.9499626030301 1130 1136 -1
1134 13.236875126955143 -146.08171715433386 1368.4076456653675 1131 1137 -1
1135 -67.512593243193 -129.5914590969238 1379.0016059831428 1132 1138 -1
1136 -7.3526885348487845 -150.96572039852444 1388.0078796946648 1133 1139 -1
1137 13.31694969086866 -145.93952369650543 1368.5138249207769 1134 1140 -1
1138 -67.52273364985574 -129.80232072117332 1378.986807721567 1135 1141 -1
1139 -7.186922102867263 -151.04963213881965 1388.0648120152646 1136 1142 -1
1140 13.396559232090029 -145.79816512923463 1368.6214594609546 1137 1143 -1
1141 -67.53593944675839 -130.0131095119591 1378.973466952776 1138 1144 -1
1142 -7.020351678746626 -151.1326182661295 1388.1207455653812 1139 1145 -1
1143 13.475883997722653 -145.657391065486 1368.730066375216 1140 1146 -1
1144 -67.55239161626253 -130.22376741797868 1378.9617757413448 1141 1147 -1
1145 -6.852962278906757 -151.2146269679442 1388.1756665198989 1142 1148 -1
1146 13.555092937360325 -145.51696846918009 1368.839211761023 1143 1149 -1
1147 -67.57227451328096 -130.4342232687029 1378.9519304246442 1144 1150 -1
1148 -6.684738195954631 -151.29560344080753 1388.229559033081 1145 1151 -1
1149 13.63435159609375 -145.37666942333632 1368.9484799304062 1146 1152 -1
1150 -67.59577498981244 -130.64439135864822 1378.9441314133414 1147 1153 -1
1151 -6.51566405992869 -151.3754909039511 1388.2824064477004 1148 1154 -1
1152 13.713823205109327 -145.23627026430106 1369.0574643117166 1149 1155 -1
1153 -67.62308120975307 -130.85417002435165 1378.9385827421495 1150 1156 -1
1154 -6.3457249232826864 -151.45423052122771 1388.334191274497 1151 1157 -1
1155 13.79366977830752 -145.09555066960485 1369.1657587978377 1152 1158 -1
1156 -67.65438111876779 -131.06344026558943 1378.9354913320253 1153 1159 -1
1157 -6.174904899330701 -151.5317592526303 1388.3848933802656 1154 1160 -1
1158 13.874053119940198 -144.95429287767976 1369.2729493080851 1155 1161 -1
1159 -67.68986053946372 -131.27206447840624 1378.9350659254742 1156 1162 -1
1160 -6.0031903891943355 -151.608014014365 1388.4344937981152 1157 1163 -1
1161 13.955135647078825 -144.81228121518217 1369.3786053532174 1158 1164 -1
1162 -67.72970087196417 -131.47988538457687 1378.9375156601416 1159 1165 -1
1163 -5.830568832654015 -151.68292993533632 1388.4829730422327 1160 1166 -1
1164 14.037080916488813 -144.66930212529118 1369.4822714245238 1161 1167 -1
1165 -67.77407639516068 -131.68672525896807 1378.9430482536216 1162 1168 -1
1166 -5.6570280029213205 -151.75643906131563 1388.5303100715353 1163 1169 -1
1167 14.120063645777439 -144.52513340620465 1369.5834330552186 1164 1170 -1
1168 -67.823151185101 -131.89238557104733 1378.951867785202 1165 1171 -1
1169 -5.482556676563873 -151.82847102506022 1388.5764829332832 1166 1172 -1
1170 14.204230921265426 -144.37959018738357 1369.6816020287674 1167 1173 -1
1171 -67.87707569436562 -132.0966471670287 1378.9641720789364 1168 1174 -1
1172 -5.307144783214309 -151.8989529914297 1388.6214687559109 1169 1175 -1
1173 14.28961907027866 -144.23262118227305 1369.7765381511824 1170 1176 -1
1174 -67.93598306935641 -132.2992711218428 1378.9801497171788 1171 1177 -1
1175 -5.130779259069734 -151.9678019465049 1388.665238183162 1172 1178 -1
1176 14.376232703369922 -144.08421367578578 1369.8680642497955 1173 1179 -1
1177 -68.0 -132.5 1379.0 1174 -1 -1
1178 -4.953454335782778 -152.03494184943278 1388.7077682245304 1175 1180 -1
1179 14.464073101175973 -143.93436008764743 1369.9559941074276 1176 1181 -1
1180 -4.77516655015771 -152.10029561030154 1388.7490358599573 1178 1182 -1
1181 14.553151958030753 -143.78304186749966 1370.0400855749674 1179 1183 -1
1182 -4.595908497008799 -152.16377240687677 1388.7890094119348 1180 1184 -1
1183 14.643465547940277 -143.63026026324326 1370.1201144744944 1181 1185 -1
1184 -4.415676896193102 -152.22528175605754 1388.8276586912862 1182 1186 -1
1185 14.734985131547583 -143.47604809502454 1370.1959163376805 1183 1187 -1
1186 -4.234477495146269 -152.28474450362043 1388.8649618405896 1184 1188 -1
1187 14.827699127431822 -143.32041994589142 1370.2672401963023 1185 1189 -1
1188 -4.052303864248086 -152.34204653962684 1388.9008751910233 1186 1190 -1
1189 14.921604184925961 -143.16338315645575 1370.3337546182372 1187 1191 -1
1190 -3.8691712335088764 -152.39711258785098 1388.9353809505042 1188 1192 -1
1191 15.016636855597516 -143.00501880930244 1370.3953349250532 1189 1193 -1
1192 -3.6850800169556015 -152.44982261773487 1388.9684340120418 1190 1194 -1
1193 15.112776894672972 -142.84536017032823 1370.4516251536625 1191 1195 -1
1194 -3.5 -152.5 1389.0 1192 -1 -1
1195 15.209963820449593 -142.6844912008754 1370.5023993102072 1193 1196 -1
1196 15.30813033155208 -142.5225074048155 1370.547415636192 1195 1197 -1
1197 15.407211763545078 -142.35950613544955 1370.5863409739536 1196 1198 -1
1198 15.507073597169507 -142.19568340423726 1370.6193878114846 1197 1199 -1
1199 15.607554086668637 -142.03129324657152 1370.6473701853936 1198 1200 -1
1200 15.708494766186856 -141.86656541114777 1370.6714517693845 1199 1201 -1
1201 15.809786679373076 -141.70166081846764 1370.6926946279389 1200 1202 -1
1202 15.911333895866473 -141.53670638129788 1370.712274396678 1201 1203 -1
1203 16.01306222868655 -141.3718012773532 1370.7313254075584 1202 1204 -1
1204 16.114898328856633 -141.2070370044729 1370.751005205218 1203 1205 -1
1205 16.216764975503008 -141.04251411382808 1370.772457334128 1204 1206 -1
1206 16.318567913141493 -140.87835883825284 1370.7968162672416 1205 1207 -1
1207 16.420188462595455 -140.71473632242444 1370.8251767898862 1206 1208 -1
1208 16.521472931779943 -140.55186805901675 1370.85860867272 1207 1209 -1
1209 16.622249048000587 -140.39000391337493 1370.8979288953467 1208 1210 -1
1210 16.72243695498637 -140.2292414370539 1370.9428770999468 1209 1211 -1
1211 16.822013030311425 -140.06958933904926 1370.9928667287256 1210 1212 -1
1212 16.920996247997067 -139.9109853870457 1371.047187991731 1211 1213 -1
1213 17.019390492142517 -139.75339760931394 1371.1054011932624 1212 1214 -1
1214 17.117252814149666 -139.59670496625145 1371.1668400602289 1213 1215 -1
1215 17.21462700222066 -139.44081157217533 1371.231028640499 1214 1216 -1
1216 17.311565445040518 -139.2856074981307 1371.2975080391402 1215 1217 -1
1217 17.408141148885136 -139.13095100184614 1371.3657687641412 1216 1218 -1
1218 17.504418981639436 -138.97671338138252 1371.4353855303686 1217 1219 -1
1219 17.600468209757498 -138.82275778123912 1371.5059366543676 1218 1220 -1
1220 17.696366908724166 -138.668936356291 1371.5769837618227 1219 1221 -1
1221 17.79218801461299 -138.51510764194634 1371.648119781542 1220 1222 -1
1222 17.88810179660356 -138.3609690127354 1371.7184528266505 1221 1223 -1
1223 17.98456984096023 -138.20575557973484 1371.7855770365397 1222 1224 -1
1224 18.082071728677057 -138.04866438347145 1371.8465280357811 1223 1225 -1
1225 18.181008504039703 -137.88900767494755 1371.8976499981009 1224 1226 -1
1226 18.28146570426999 -137.72661541405066 1371.9353333213562 1225 1227 -1
1227 18.38318391889671 -137.56185213795723 1371.954812984131 1226 1228 -1
1228 18.48526141402557 -137.39615022903084 1371.956449089175 1227 1229 -1
1229 18.58692526137902 -137.23072151701098 1371.9427681019658 1228 1230 -1
1230 18.68779592118885 -137.06616587938967 1371.9174277692523 1229 1231 -1
1231 18.787788803752377 -136.9025930615213 1371.883570727113 1230 1232 -1
1232 18.887047789631676 -136.73975088329658 1371.8444056808296 1231 1233 -1
1233 18.985819342481367 -136.57720600806894 1371.8028300259668 1232 1234 -1
1234 19.084401002338705 -136.414462006463 1371.7615853104764 1233 1235 -1
1235 19.183036728983144 -136.2511782137699 1371.7226788015562 1234 1236 -1
1236 19.281922088475024 -136.08714138224525 1371.6877993180394 1235 1237 -1
1237 19.381207222305754 -135.92220239803424 1371.658840459263 1236 1238 -1
1238 19.480949801169803 -135.75637669721894 1371.6375946620688 1237 1239 -1
1239 19.581104719175073 -135.58984851369686 1371.6260870460226 1238 1240 -1
1240 19.681471649623436 -135.4230640716163 1371.626182405374 1239 1241 -1
1241 19.781721213760573 -135.25668103040587 1371.6388019306203 1240 1242 -1
1242 19.881612415357036 -135.0912084173631 1371.6619949427557 1241 1243 -1
1243 19.981121113611525 -134.92678292411512 1371.6930347994082 1242 1244 -1
1244 20.08036905970022 -134.76330238664295 1371.7294705139934 1243 1245 -1
1245 20.179574886859246 -134.6004975522641 1371.7689384823677 1244 1246 -1
1246 20.279001082294556 -134.43802422271915 1371.8092139325195 1245 1247 -1
1247 20.378931080750043 -134.27552748876653 1371.8481176533335 1246 1248 -1
1248 20.479551979281382 -134.11277643692932 1371.884059440822 1247 1249 -1
1249 20.580927380310666 -133.94979187322278 1371.9166680908004 1248 1250 -1
1250 20.683052864874597 -133.7866529391669 1371.9459988957137 1249 1251 -1
1251 20.785944121184137 -133.62343294626586 1371.972015309766 1250 1252 -1
1252 20.88961625241697 -133.46020743056377 1371.9946813004801 1251 1253 -1
1253 20.99405863948033 -133.2970504673788 1372.0140680561653 1252 1254 -1
1254 21.09929684577744 -133.13403986845256 1372.0300905959705 1253 1255 -1
1255 21.20531596014704 -132.9712461711676 1372.042833168626 1254 1256 -1
1256 21.312113329649748 -132.80873922289268 1372.0523257707869 1255 1257 -1
1257 21.419707797159692 -132.64659878220542 1372.0585078183924 1256 1258 -1
1258 21.528073233768996 -132.48488236293304 1372.0615043394248 1257 1259 -1
1259 21.637197902741338 -132.3236489811158 1372.061396313984 1258 1260 -1
1260 21.747075527149104 -132.162957501741 1372.0582862778033 1259 1261 -1
1261 21.8576670481797 -132.0028335175625 1372.052424852678 1260 1262 -1
1262 21.968953813343255 -131.84330695014404 1372.0439899330502 1261 1263 -1
1263 22.08092291570208 -131.68440417800056 1372.0331463626783 1262 1264 -1
1264 22.19357732149902 -131.52615953141375 1372.0200148440906 1263 1265 -1
1265 22.306895652052315 -131.36857666629317 1372.0048023371073 1264 1266 -1
1266 22.420874003531694 -131.21166931841594 1371.9876592857595 1265 1267 -1
1267 22.535511065271393 -131.0554483170199 1371.9687312793965 1266 1268 -1
1268 22.65080790276862 -130.89992201894253 1371.9481592554523 1267 1269 -1
1269 22.76677488402869 -130.74510422934256 1371.9260650467718 1268 1270 -1
1270 22.883412727513562 -130.59099463297568 1371.9025937551976 1269 1271 -1
1271 23.000725552203363 -130.4375931701571 1371.8778802106322 1270 1272 -1
1272 23.11872217921242 -130.28490191097245 1371.8520488267668 1271 1273 -1
1273 23.237412965654382 -130.13292211184026 1371.8252207780909 1272 1274 -1
1274 23.356809683106757 -129.98165445592906 1371.7975143070282 1273 1275 -1
1275 23.476925406975525 -129.83109927296601 1371.7690450347461 1274 1276 -1
1276 23.597774415319616 -129.68125674122587 1371.7399262737076 1275 1277 -1
1277 23.71937209567558 -129.53212707434477 1371.7102693405109 1276 1278 -1
1278 23.8417407160828 -129.38371604311206 1371.6801814588787 1277 1279 -1
1279 23.964892748457757 -129.23601975214046 1371.6497746695948 1278 1280 -1
1280 24.088845541924062 -129.08903872941346 1371.6191565586234 1279 1281 -1
1281 24.21361816329591 -128.94277505126584 1371.5884334745806 1280 1282 -1
1282 24.339230393594253 -128.79723162256383 1371.5577113488143 1281 1283 -1
1283 24.465702651414613 -128.65241232005533 1371.5270959943612 1282 1284 -1
1284 24.59305591319493 -128.50832213545573 1371.4966934009515 1283 1285 -1
1285 24.721310731851474 -128.3649683164608 1371.4666014220857 1284 1286 -1
1286 24.850483687591588 -128.22236425009726 1371.4368765964805 1285 1287 -1
1287 24.980590124769453 -128.08052624396856 1371.4075605827804 1286 1288 -1
1288 25.111645739878007 -127.9394717587567 1371.3786955510845 1287 1289 -1
1289 25.243666576659216 -127.79921945484388 1371.3503243759092 1288 1290 -1
1290 25.376671816606315 -127.65979162933343 1371.3224923561083 1289 1291 -1
1291 25.510682951452395 -127.52121370871474 1371.2952472782174 1290 1292 -1
1292 25.645710195701557 -127.38350275022886 1371.2686310016045 1291 1293 -1
1293 25.78177082883198 -127.24668300713982 1371.2426901696417 1292 1294 -1
1294 25.918882340121264 -127.11078029719273 1371.217472551169 1293 1295 -1
1295 26.05706238590238 -126.97582208644002 1371.193027122107 1294 1296 -1
1296 26.19632874037497 -126.84183757731701 1371.1694041465778 1295 1297 -1
1297 26.336699239231024 -126.70885780097628 1371.1466552572447 1296 1298 -1
1298 26.478192827802587 -126.57691676094814 1371.1248344931355 1297 1299 -1
1299 26.620843715457088 -126.44606526026452 1371.1040113072916 1298 1300 -1
1300 26.76465345889102 -126.31632571908028 1371.0842287982234 1299 1301 -1
1301 26.90963945727349 -126.18773771801294 1371.0655450874958 1300 1302 -1
1302 27.055818741667935 -126.06034320555513 1371.048020051612 1301 1303 -1
1303 27.203207854804894 -125.93418661336457 1371.0317153856356 1302 1304 -1
1304 27.35183999494012 -125.80933354491083 1371.0167134340752 1303 1305 -1
1305 27.501723715341708 -125.68582792162616 1371.0030742870524 1304 1306 -1
1306 27.652864300455906 -125.56371330577174 1370.9908563682893 1305 1307 -1
1307 27.805274802455216 -125.44304558648723 1370.980129457966 1306 1308 -1
1308 27.95898550063347 -125.32390627881259 1370.9709888804705 1307 1309 -1
1309 28.114004167377946 -125.20635681301192 1370.9635079689103 1308 1310 -1
1310 28.27032447137877 -125.09044600162119 1370.9577451651492 1309 1311 -1
1311 28.427960129663802 -124.9762535630347 1370.9537895366805 1310 1312 -1
1312 28.586932321694324 -124.86387911532428 1370.9516900286596 1311 1313 -1
1313 28.747177622038382 -124.75330889666716 1370.951119557677 1312 1314 -1
1314 28.908671584782862 -124.64457012463417 1370.9517076880772 1313 1315 -1
1315 29.071397594712106 -124.5376905714297 1370.9530621732174 1314 1316 -1
1316 29.235298953877788 -124.43262717977909 1370.9547608959545 1315 1317 -1
1317 29.400375433409927 -124.3294188136287 1370.9563883209578 1316 1318 -1
1318 29.56658259898263 -124.22803476097538 1370.9575161720734 1317 1319 -1
1319 29.733887043223195 -124.12846595656433 1370.9577126328556 1318 1320 -1
1320 29.902267852411896 -124.03073612140106 1370.95651139062 1319 1321 -1
1321 30.07165020820435 -123.93479264149535 1370.9535075078181 1320 1322 -1
1322 30.242011231133127 -123.84070239230068 1370.9481669938352 1321 1323 -1
1323 30.413248432488245 -123.74839777169822 1370.940290924622 1322 1324 -1
1324 30.58533174444755 -123.65792454385979 1370.929975838073 1323 1325 -1
1325 30.758195216088428 -123.5692226734717 1370.9175347023863 1324 1326 -1
1326 30.93181438933866 -123.48230117560081 1370.903191991529 1325 1327 -1
1327 31.106147649920423 -123.3971065481613 1370.887236827551 1326 1328 -1
1328 31.281177182936922 -123.31362193212016 1370.869921245235 1327 1329 -1
1329 31.45687931791108 -123.23179809256784 1370.8515216850874 1328 1330 -1
1330 31.633242257585326 -123.15160091646459 1370.8322994164582 1329 1331 -1
1331 31.810253320913574 -123.07298441533287 1370.8125118679457 1330 1332 -1
1332 31.987904277348736 -122.99590450010031 1370.7924155302899 1331 1333 -1
1333 32.16618930334911 -122.92031650783576 1370.772266917093 1332 1334 -1
1334 32.34510245749585 -122.84617165013024 1370.752324979735 1333 1335 -1
1335 32.52463993754503 -122.77342524379951 1370.7328491161052 1334 1336 -1
1336 32.70479496111512 -122.70202811497866 1370.7140968985702 1335 1337 -1
1337 32.88554313137912 -122.6319199589132 1370.6962083016338 1336 1338 -1
1338 33.06683688858352 -122.56302087698316 1370.6791622680676 1337 1339 -1
1339 33.24862726469563 -122.49524476332967 1370.6629213024094 1338 1340 -1
1340 33.43087067406669 -122.42851231768175 1370.6474535735356 1339 1341 -1
1341 33.613520053061734 -122.36273077218516 1370.6327175082124 1340 1342 -1
1342 33.79653743710678 -122.29782386151331 1370.618685181413 1341 1343 -1
1343 33.97987707033824 -122.23369207605698 1370.6053101176615 1342 1344 -1
1344 34.16350576960701 -122.17026193604465 1370.5925691238606 1343 1345 -1
1345 34.347378809673245 -122.10742803976744 1370.580410218808 1344 1346 -1
1346 34.53146649535095 -122.04511809435678 1370.5688153716396 1345 1347 -1
1347 34.71572614412841 -121.98322504571172 1370.5577298980454 1346 1348 -1
1348 34.90012701807635 -121.92166808312612 1370.547131588043 1347 1349 -1
1349 35.084631206454475 -121.8603469268399 1370.5369732275647 1348 1350 -1
1350 35.26920527404589 -121.79917001657341 1370.5272224322919 1349 1351 -1
1351 35.453814185807815 -121.73804037692138 1370.5178416797432 1350 1352 -1
1352 35.638423253315565 -121.67686182204912 1370.5087884765949 1351 1353 -1
1353 35.822996246127865 -121.61553128124964 1370.500033020734 1352 1354 -1
1354 36.00749829478163 -121.55395253095564 1370.491528297987 1353 1355 -1
1355 36.19189179599035 -121.4920203694278 1370.4832386528822 1354 1356 -1
1356 36.37613741717955 -121.42962666844508 1370.4751243868052 1355 1357 -1
1357 36.56019610690629 -121.36667471804759 1370.4670804846955 1356 1358 -1
1358 36.74401230490578 -121.30305997465017 1370.4587147422876 1357 1359 -1
1359 36.927527327409166 -121.23869328267438 1370.449534045853 1358 1360 -1
1360 37.11068012573035 -121.17349795356989 1370.4390644746584 1359 1361 -1
1361 37.29339183401359 -121.10738469836456 1370.4268043112322 1360 1362 -1
1362 37.475576238143404 -121.0402849951742 1370.412276221291 1361 1363 -1
1363 37.657142172512 -120.97215468848042 1370.3950589574174 1362 1364 -1
1364 37.837966413322775 -120.90293471586375 1370.3746789383154 1363 1365 -1
1365 38.017924125423974 -120.83260353513667 1370.3507512237545 1364 1366 -1
1366 38.1968882822013 -120.7611642785128 1370.3229676082753 1365 1367 -1
1367 38.374677176718606 -120.68859527302119 1370.2909006696764 1366 1368 -1
1368 38.55154434756334 -120.61537371024964 1370.2553848011069 1367 1369 -1
1369 38.72857763923551 -120.54287820539824 1370.219211068301 1368 1370 -1
1370 38.90698009358635 -120.47259831386963 1370.1855079038562 1369 1371 -1
1371 39.087875631925286 -120.40627996709216 1370.1576512804609 1370 1372 -1
1372 39.27197884207957 -120.34584907034638 1370.1391724400933 1371 1373 -1
1373 39.45940348673395 -120.29368118237748 1370.1340343635695 1372 1374 -1
1374 39.649189118274485 -120.25258155197602 1370.1464087292477 1373 1375 -1
1375 39.839341855838356 -120.22297186117957 1370.175398631531 1374 1376 -1
1376 40.028674724607384 -120.20307997100336 1370.2160073060286 1375 1377 -1
1377 40.217169164606595 -120.1906801235622 1370.263080946759 1376 1378 -1
1378 40.40546474872841 -120.1836543247658 1370.312059362123 1377 1379 -1
1379 40.594443137419326 -120.18015686730519 1370.3587249671416 1378 1380 -1
1380 40.784850292420444 -120.17842498980886 1370.3992431139525 1379 1381 -1
1381 40.976758581964184 -120.17737387414742 1370.4319489127292 1380 1382 -1
1382 41.16981322057625 -120.17633629352935 1370.457025383437 1381 1383 -1
1383 41.36368214433524 -120.1746753757043 1370.4746985262448 1382 1384 -1
1384 41.55806029345123 -120.17175890833097 1370.485146218458 1383 1385 -1
1385 41.752650398088974 -120.1670266843493 1370.488778798068 1384 1386 -1
1386 41.94717357232469 -120.15982634957052 1370.4856359314049 1385 1387 -1
1387 42.14136253004611 -120.1496953591147 1370.4762177421999 1386 1388 -1
1388 42.334953335910285 -120.1361075593689 1370.4607616728467 1387 1389 -1
1389 42.52766589750656 -120.11851751271874 1370.4394710924557 1388 1390 -1
1390 42.71927534838045 -120.09666847288092 1370.4128369588755 1389 1391 -1
1391 42.90972715726554 -120.07098672316747 1370.3816735247717 1390 1392 -1
1392 43.09912963120785 -120.04224527950639 1370.346968246778 1391 1393 -1
1393 43.28768622232912 -120.01122115401967 1370.3097063268256 1392 1394 -1
1394 43.47565111768337 -119.97864255496926 1370.2708113513504 1393 1395 -1
1395 43.663296908503504 -119.94517564390956 1370.231134340012 1394 1396 -1
1396 43.85091034662272 -119.9114690420923 1370.1915069009751 1395 1397 -1
1397 44.03878287574038 -119.8781751173904 1370.152770438875 1396 1398 -1
1398 44.227202335198115 -119.84597770629122 1370.1158101668507 1397 1399 -1
1399 44.416416780785134 -119.81556247544508 1370.0815082415338 1398 1400 -1
1400 44.606631657226714 -119.78765907610232 1370.0508083575398 1399 1401 -1
1401 44.7978814487583 -119.76272431246059 1370.0242606277986 1400 1402 -1
1402 44.98999511706764 -119.7406948328313 1370.0016664420175 1401 1403 -1
1403 45.18275840758547 -119.72125662358219 1369.9824786061654 1402 1404 -1
1404 45.376013216153275 -119.70415083389621 1369.966225923466 1403 1405 -1
1405 45.569637017192505 -119.6891500522396 1369.9524656395718 1404 1406 -1
1406 45.76351510020011 -119.6759051136148 1369.940606035029 1405 1407 -1
1407 45.95756566193536 -119.66410889600591 1369.9301055742194 1406 1408 -1
1408 46.15172542634687 -119.65346506811893 1369.920416189262 1407 1409 -1
1409 46.34593758351995 -119.64361130234201 1369.9109401363617 1408 1410 -1
1410 46.54015421415983 -119.63422361974115 1369.9010905404082 1409 1411 -1
1411 46.734324490815304 -119.62495303531912 1369.8902692237878 1410 1412 -1
1412 46.92839033771817 -119.61545530373655 1369.8778915378896 1411 1413 -1
1413 47.122271847719205 -119.6053671372819 1369.8633015679272 1412 1414 -1
1414 47.31587674349119 -119.59436069516748 1369.845971440511 1413 1415 -1
1415 47.50906574733086 -119.58205870009199 1369.8252224174435 1414 1416 -1
1416 47.70168139098578 -119.56814737537191 1369.8005446898512 1415 1417 -1
1417 47.89351497208864 -119.55229252653889 1369.771368705929 1416 1418 -1
1418 48.08430646804862 -119.5341637192856 1369.737133567664 1417 1419 -1
1419 48.2737905523287 -119.5135296902766 1369.6974901819915 1418 1420 -1
1420 48.46160447520019 -119.49007476051473 1369.6519168774225 1419 1421 -1
1421 48.6476848779886 -119.46380097693724 1369.6010620196462 1420 1422 -1
1422 48.832361785001254 -119.43489585165176 1369.546630530331 1421 1423 -1
1423 49.01604798153351 -119.40346595278619 1369.490273089946 1422 1424 -1
1424 49.19922965046068 -119.36965866462448 1369.433648981943 1423 1425 -1
1425 49.382379868286115 -119.33358602771088 1369.3783393419335 1424 1426 -1
1426 49.565943522459584 -119.29531075909651 1369.3259658303032 1425 1427 -1
1427 49.750324737805855 -119.25487693134897 1369.2783143164077 1426 1428 -1
1428 49.93579078795982 -119.21241875743408 1369.237092460758 1427 1429 -1
1429 50.122473525755616 -119.16804480439303 1369.2042687029195 1428 1430 -1
1430 50.31028507311718 -119.12191177069131 1369.1821028283214 1429 1431 -1
1431 50.498778832361175 -119.074337859788 1369.1722891927989 1430 1432 -1
1432 50.687252455183575 -119.02566180836075 1369.174349295374 1431 1433 -1
1433 50.875263091698926 -118.97621145393187 1369.184735191928 1432 1434 -1
1434 51.06280490486855 -118.92619333845325 1369.1999203223609 1433 1435 -1
1435 51.250112498495156 -118.87572979802468 1369.2164894467346 1434 1436 -1
1436 51.437500348720185 -118.82494500440427 1369.231004284597 1435 1437 -1
1437 51.625131632282105 -118.77398388633095 1369.2410513686054 1436 1438 -1
1438 51.81294148909715 -118.72306148335625 1369.247275748545 1437 1439 -1
1439 52.000884372347564 -118.6723812617436 1369.2510095202335 1438 1440 -1
1440 52.188969179170684 -118.62215048886942 1369.2535018769624 1439 1441 -1
1441 52.37721898710214 -118.57254664643477 1369.2560821591942 1440 1442 -1
1442 52.5656584838894 -118.52376432506419 1369.2600416289965 1441 1443 -1
1443 52.75428970699308 -118.47600060757203 1369.266483889579 1442 1444 -1
1444 52.94312819397319 -118.42930995754784 1369.2745541172567 1443 1445 -1
1445 53.13224766093113 -118.38373401724907 1369.282408987992 1444 1446 -1
1446 53.321703282886844 -118.33926345880457 1369.2881743197281 1445 1447 -1
1447 53.51149812558319 -118.29593144744456 1369.2899637157013 1446 1448 -1
1448 53.701521878009565 -118.25380775216523 1369.2857931547 1447 1449 -1
1449 53.891503929979265 -118.21294694178077 1369.2741074237101 1448 1450 -1
1450 54.08118999625377 -118.17346139979581 1369.2550883323115 1449 1451 -1
1451 54.270558095325704 -118.1353413081364 1369.2308003649482 1450 1452 -1
1452 54.45972980692965 -118.09858575105267 1369.2030941171977 1451 1453 -1
1453 54.64892481433363 -118.06319223219799 1369.1738086264852 1452 1454 -1
1454 54.83840071428482 -118.02910571715033 1369.1447915356423 1453 1455 -1
1455 55.0283546980868 -117.99635336507475 1369.1174133796242 1454 1456 -1
1456 55.21880287811869 -117.9649480867429 1369.0919590340488 1455 1457 -1
1457 55.40973610263345 -117.93491752380511 1369.0685634842462 1456 1458 -1
1458 55.601153228165764 -117.90632949953512 1369.0474253000825 1457 1459 -1
1459 55.79302300719906 -117.87917850406961 1369.0286276613288 1458 1460 -1
1460 55.985333943908394 -117.85354176137125 1369.012388365824 1459 1461 -1
1461 56.17804751852533 -117.82942791285947 1368.9988104697516 1460 1462 -1
1462 56.37112935679165 -117.806884943168 1368.9880639005787 1461 1463 -1
1463 56.56453602025579 -117.78595740270694 1368.9803113805058 1462 1464 -1
1464 56.75819913996049 -117.76659020747287 1368.9754173922381 1463 1465 -1
1465 56.95204840660433 -117.74867227173264 1368.9729357752637 1464 1466 -1
1466 57.14602331362325 -117.73199293873327 1368.9722343846126 1465 1467 -1
1467 57.340091039737715 -117.71641964125673 1368.9727949404444 1466 1468 -1
1468 57.534226403765366 -117.70175074191819 1368.9740190814005 1467 1469 -1
1469 57.72841616280648 -117.68782887387567 1368.975348976115 1468 1470 -1
1470 57.92264831048049 -117.67447446439472 1368.976216367504 1469 1471 -1
1471 58.11690879254611 -117.66151422566537 1368.9760597178984 1470 1472 -1
1472 58.31117578610806 -117.64877884636569 1368.97429536173 1471 1473 -1
1473 58.50541535996542 -117.63609510389271 1368.9704313991783 1472 1474 -1
1474 58.69959057850185 -117.62329019035384 1368.964350778095 1473 1475 -1
1475 58.89368580970817 -117.61019953721505 1368.9565568645721 1474 1476 -1
1476 59.087692748659904 -117.59664393627946 1368.9474620084757 1475 1477 -1
1477 59.28161416163286 -117.58246025708641 1368.9375363255624 1476 1478 -1
1478 59.47545543516629 -117.56747908879464 1368.9272240286539 1477 1479 -1
1479 59.66922178601805 -117.55152001926696 1368.916972580636 1478 1480 -1
1480 59.86291807267986 -117.53444104735829 1368.9072167769143 1479 1481 -1
1481 60.05653859783129 -117.51603434042154 1368.8984256951892 1480 1482 -1
1482 60.25007271401499 -117.49617565104612 1368.8910086524181 1481 1483 -1
1483 60.44349318149131 -117.4746824954576 1368.88542235964 1482 1484 -1
1484 60.6367585357863 -117.45140951332125 1368.8820478679077 1483 1485 -1
1485 60.82982950875637 -117.42637708454848 1368.880759193903 1484 1486 -1
1486 61.022667783184744 -117.3995827702813 1368.8812859823606 1485 1487 -1
1487 61.21526033005142 -117.37113677749147 1368.8832400516626 1486 1488 -1
1488 61.407592490943834 -117.34107223259404 1368.8863118722368 1487 1489 -1
1489 61.599657049202584 -117.30942913220682 1368.8901789443582 1488 1490 -1
1490 61.79145929479535 -117.2762892833942 1368.894506169242 1489 1491 -1
1491 61.982996427014044 -117.24166831632688 1368.8989800163704 1490 1492 -1
1492 62.174276536017146 -117.20563315861807 1368.9032791235406 1491 1493 -1
1493 62.365306810783395 -117.16824394125575 1368.9070965896287 1492 1494 -1
1494 62.55608334946118 -117.12950946363175 1368.9100983671487 1493 1495 -1
1495 62.74661175533294 -117.08951120492075 1368.9121303207341 1494 1496 -1
1496 62.93688756667924 -117.0482974912543 1368.9134247711745 1495 1497 -1
1497 63.12690147287922 -117.00588131089559 1368.9142901067823 1496 1498 -1
1498 63.316661794671056 -116.96234279189011 1368.915056553613 1497 1499 -1
1499 63.50616984173598 -116.9177230281193 1368.9160327893658 1498 1500 -1
1500 63.69542063520263 -116.87203937046883 1368.917547419447 1499 1501 -1
1501 63.88442085161363 -116.82536502542743 1368.9198981337008 1500 1502 -1
1502 64.07316676975796 -116.77774296923546 1368.923388762815 1501 1503 -1
1503 64.26164240621415 -116.72919296648115 1368.9283707739235 1502 1504 -1
1504 64.44984076243564 -116.67978823142792 1368.935110041248 1503 1505 -1
1505 64.63774024572731 -116.62957633184034 1368.943904676663 1504 1506 -1
1506 64.82530944993542 -116.5785810590076 1368.954955972891 1505 1507 -1
1507 65.01255654890956 -116.52683438148406 1368.967832239312 1506 1508 -1
1508 65.1995009621212 -116.47434436739738 1368.9820346411302 1507 1509 -1
1509 65.38616595211111 -116.42110018953865 1368.9970827525215 1508 1510 -1
1510 65.57258804668085 -116.36710685049668 1369.0124696661746 1509 1511 -1
1511 65.75880582026333 -116.31237054056596 1369.027704478035 1510 1512 -1
1512 65.94485254595052 -116.25688275376467 1369.042295297686 1511 1513 -1
1513 66.13075753962761 -116.20063438735056 1369.0557309170183 1512 1514 -1
1514 66.31654547410456 -116.14364039399631 1369.06753889987 1513 1515 -1
1515 66.50222629787493 -116.08590408734798 1369.0772295897323 1514 1516 -1
1516 66.68779154573946 -116.02741421960236 1369.0842284247265 1515 1517 -1
1517 66.87321942352774 -115.96820580910348 1369.0881024389182 1516 1518 -1
1518 67.05846312473284 -115.90830084912825 1369.088358845092 1517 1519 -1
1519 67.24344252673413 -115.84771612746101 1369.0844044351272 1518 1520 -1
1520 67.42805673106042 -115.78650582111223 1369.075809681167 1519 1521 -1
1521 67.61217343235269 -115.72472793099814 1369.062130038407 1520 1522 -1
1522 67.79561386251582 -115.66244334424968 1369.0428308355408 1521 1523 -1
1523 67.97817103287794 -115.59973689872882 1369.0174855025357 1522 1524 -1
1524 68.15962060704838 -115.53671042450173 1368.9857880197762 1523 1525 -1
1525 68.3397005507739 -115.47347238331551 1368.9474064592216 1524 1526 -1
1526 68.51810873544255 -115.41013677438643 1368.9020168816712 1525 1527 -1
1527 68.69480860783686 -115.34674916042256 1368.8504293276758 1526 1528 -1
1528 68.86994394069411 -115.28328029905545 1368.793839137303 1527 1529 -1
1529 69.04372094188811 -115.21967333022076 1368.7333434549248 1528 1530 -1
1530 69.2163911546757 -115.15585154273532 1368.6699679991682 1529 1531 -1
1531 69.38823497204834 -115.09172333023702 1368.6046813720181 1530 1532 -1
1532 69.55954845602491 -115.02718063211496 1368.5384154345356 1531 1533 -1
1533 69.73064800839167 -114.96211816402408 1368.4721050891412 1532 1534 -1
1534 69.90183980519038 -114.89642234294487 1368.4066643478513 1533 1535 -1
1535 70.07342250720095 -114.82997838478768 1368.3430305884583 1534 1536 -1
1536 70.24567810522095 -114.76267407290045 1368.2821845318874 1535 1537 -1
1537 70.41886005820048 -114.69440477472055 1368.2251692743025 1536 1538 -1
1538 70.59319694219175 -114.62506315923562 1368.173200787819 1537 1539 -1
1539 70.76881431500239 -114.55459366144746 1368.1274467252372 1538 1540 -1
1540 70.94559372750726 -114.48303810685174 1368.0883343076025 1539 1541 -1
1541 71.12326904712307 -114.41049634660389 1368.0556093778707 1540 1542 -1
1542 71.30160440202079 -114.33704135469789 1368.0290937719553 1541 1543 -1
1543 71.48035772061526 -114.26278759824702 1368.0082125313124 1542 1544 -1
1544 71.6593432961514 -114.1878098223404 1367.9925435591408 1543 1545 -1
1545 71.83840561616928 -114.11215701272423 1367.9817357491322 1544 1546 -1
1546 72.01741868128673 -114.03590294961941 1367.9751484081821 1545 1547 -1
1547 72.1962894685915 -113.95908249986049 1367.9723177589844 1546 1548 -1
1548 72.37495080321109 -113.88172341079587 1367.9727326483521 1547 1549 -1
1549 72.55336716557404 -113.80385818206852 1367.975790247628 1548 1550 -1
1550 72.7315142793517 -113.72548558297561 1367.9809235870785 1549 1551 -1
1551 72.90940023576242 -113.64661834899319 1367.9873826881392 1550 1552 -1
1552 73.08704122332004 -113.56725290902551 1367.9944582751943 1551 1553 -1
1553 73.26445641135265 -113.48737435813918 1368.001423245271 1552 1554 -1
1554 73.44167331174233 -113.40698993481217 1368.0075594974148 1553 1555 -1
1555 73.61869976018093 -113.32608253558337 1368.0120920116728 1554 1556 -1
1556 73.79553688479349 -113.2446681078926 1368.0143086446246 1555 1557 -1
1557 73.97215561799014 -113.16275831070791 1368.0134342179786 1556 1558 -1
1558 74.14849446884115 -113.08038302919446 1368.0086868392996 1557 1559 -1
1559 74.32445841646916 -112.99760024860629 1367.999373287213 1558 1560 -1
1560 74.49989776713183 -112.914470727107 1367.9847647673898 1559 1561 -1
1561 74.67477291607173 -112.83103825655824 1367.9657468379157 1560 1562 -1
1562 74.84913007826029 -112.74726848027801 1367.9436782309226 1561 1563 -1
1563 75.02310727969991 -112.66311646558111 1367.920107559782 1562 1564 -1
1564 75.19685456324085 -112.57850315751737 1367.8964921941551 1563 1565 -1
1565 75.37053207512342 -112.49335828004358 1367.8743272359682 1564 1566 -1
1566 75.54426951175556 -112.40761767993915 1367.855149522294 1565 1567 -1
1567 75.71813570826065 -112.32124568259113 1367.840553511422 1566 1568 -1
1568 75.89209991266868 -112.23426019879344 1367.8321497120614 1567 1569 -1
1569 76.06599326481276 -112.1467429593136 1367.8316439247749 1568 1570 -1
1570 76.23946663093014 -112.05887500516425 1367.8406680615458 1569 1571 -1
1571 76.41196488631456 -111.97094410045122 1367.8607936137073 1570 1572 -1
1572 76.58273746747007 -111.88334419944991 1367.8932509656415 1571 1573 -1
1573 76.75135347963842 -111.79629257774359 1367.9366961847388 1572 1574 -1
1574 76.91801750683649 -111.70966340745194 1367.9878812540333 1573 1575 -1
1575 77.08322370324332 -111.62316935741659 1368.0438267710817 1574 1576 -1
1576 77.24765559587486 -111.53643787896674 1368.101662855332 1575 1577 -1
1577 77.41202660462207 -111.44903252279241 1368.1586470970228 1576 1578 -1
1578 77.57702711505274 -111.36056498943417 1368.2120431243661 1577 1579 -1
1579 77.74301506407475 -111.27077204882882 1368.259869037197 1578 1580 -1
1580 77.90981783320667 -111.17970347020554 1368.3021265787568 1579 1581 -1
1581 78.0772371364433 -111.08740076679386 1368.338916381298 1580 1582 -1
1582 78.24506941376347 -110.99393722702494 1368.370535337662 1581 1583 -1
1583 78.41313720931822 -110.89934293612657 1368.3971475171631 1582 1584 -1
1584 78.58127226687111 -110.80369197154242 1368.4191686952486 1583 1585 -1
1585 78.74932644642143 -110.70698826355228 1368.4367727343713 1584 1586 -1
1586 78.91717304670918 -110.60930096570395 1368.4505079792073 1585 1587 -1
1587 79.08469516750013 -110.51063226770815 1368.4607611257056 1586 1588 -1
1588 79.25180976611516 -110.41101507989025 1368.4680845483851 1587 1589 -1
1589 79.41844702178741 -110.3104514395114 1368.4729569117553 1588 1590 -1
1590 79.58455562315518 -110.20894137349258 1368.475881412553 1589 1591 -1
1591 79.75010413291503 -110.10648877496227 1368.4773676733585 1590 1592 -1
1592 79.91505825553777 -110.0030721971715 1368.4778947805157 1591 1593 -1
1593 80.07940986815802 -109.89869924484161 1368.4779584674009 1592 1594 -1
1594 80.24313125933486 -109.79334050823739 1368.478030989657 1593 1595 -1
1595 80.40622066929967 -109.68700765127835 1368.478571425973 1594 1596 -1
1596 80.56865064218636 -109.57967928753119 1368.480043670357 1595 1597 -1
1597 80.73043704229651 -109.47140919097224 1368.4828254462354 1596 1598 -1
1598 80.89164566779432 -109.36233271344277 1368.4871901341241 1597 1599 -1
1599 81.05234831041194 -109.2526007507817 1368.493390991269 1598 1600 -1
1600 81.21262084117265 -109.14237496104181 1368.5016276185995 1599 1601 -1
1601 81.37251058108919 -109.03179449228534 1368.5122103959916 1600 1602 -1
1602 81.53208234778255 -108.9210228113787 1368.525291747848 1601 1603 -1
1603 81.69137559110719 -108.81021044234141 1368.54112918893 1602 1604 -1
1604 81.85042390890338 -108.69951634982192 1368.559966905038 1603 1605 -1
1605 82.00925707623051 -108.5890964106013 1368.5819610142548 1604 1606 -1
1606 82.16788675750064 -108.47911901908228 1368.6073728090919 1605 1607 -1
1607 82.3263176959976 -108.36975295824739 1368.6364016761881 1606 1608 -1
1608 82.48454590927692 -108.26115889819985 1368.6691884715042 1607 1609 -1
1609 82.64255137541875 -108.15351748931913 1368.7059490087013 1608 1610 -1
1610 82.80030147646615 -108.0470188131405 1368.746893800604 1609 1611 -1
1611 82.95775925243493 -107.94182193799371 1368.7921036209002 1610 1612 -1
1612 83.11487250430638 -107.83810541634124 1368.8417173946555 1611 1613 -1
1613 83.27157321807492 -107.73606768172793 1368.8959056073475 1612 1614 -1
1614 83.42778619599417 -107.63589080941308 1368.9547701493104 1613 1615 -1
1615 83.58343366246156 -107.53773018203424 1369.0183388665412 1614 1616 -1
1616 83.73842527173007 -107.4417554391777 1369.0866684788436 1615 1617 -1
1617 83.89266422553536 -107.34812946200213 1369.159791746086 1616 1618 -1
1618 84.04604897595182 -107.25700623733152 1369.2377165241562 1617 1619 -1
1619 84.19847514075686 -107.16852870346037 1369.3204252609428 1618 1620 -1
1620 84.34983757978664 -107.08282665799915 1369.4078749896296 1619 1621 -1
1621 84.5 -107.0 1369.5 1620 -1 -1
