0 -15.0 -4.5 -92.5 -1 1 -1
1 -14.997142659006359 -4.468750977267646 -92.31358439619399 0 2 -1
2 -14.994043361135091 -4.436314870013401 -92.1273012815754 1 3 -1
3 -14.99069865512377 -4.402672545021973 -91.94123648264738 2 4 -1
4 -14.987118390763309 -4.367809929765137 -91.75540085816175 3 5 -1
5 -14.983312537295399 -4.331713116356658 -91.5698055128409 4 6 -1
6 -14.979291181013618 -4.294368376781613 -91.38446179735429 5 7 -1
7 -14.975064522621569 -4.255762178501156 -91.19938130780798 6 8 -1
8 -14.970642874339058 -4.215881200414029 -91.01457588472059 7 9 -1
9 -14.966036656747761 -4.174712349153513 -90.83005761145887 8 10 -1
10 -14.961256395368421 -4.132242775695789 -90.64583881210716 9 11 -1
11 -14.956312716961756 -4.088459892253396 -90.46193204874467 10 12 -1
12 -14.951216345546156 -4.043351389424405 -90.27835011810625 11 13 -1
13 -14.945978098125687 -3.9969052535654064 -90.0951060476024 12 14 -1
14 -14.940608880122658 -3.949109784353667 -89.91221309067599 13 15 -1
15 -14.93511968050983 -3.8999536125010303 -89.72968472147406 14 16 -1
16 -14.929521566638176 -3.8494257175792845 -89.54753462881479 15 17 -1
17 -14.923825660646242 -3.7975151547351893 -89.36577679436066 16 18 -1
18 -14.91804318424846 -3.7442117852377903 -89.18442528327303 17 19 -1
19 -14.912185415667276 -3.6895058729212433 -89.00349434880101 18 20 -1
20 -14.906263678652616 -3.6333879757614964 -88.8229984630575 19 21 -1
21 -14.900289344700376 -3.5758490900434645 -88.64295227133678 20 22 -1
22 -14.894273826020665 -3.5168806678602094 -88.46337058153446 21 23 -1
23 -14.888228562570735 -3.456474190523831 -88.28426850463987 22 24 -1
24 -14.882165037803805 -3.3946224043380457 -88.10566103433175 23 25 -1
25 -14.876094743115859 -3.331318340261999 -87.92756335888103 24 26 -1
26 -14.870029177224477 -3.2665554482318053 -87.74999081346334 25 27 -1
27 -14.863979839842585 -3.2003277168460342 -87.57295883099604 26 28 -1
28 -14.85795822845436 -3.132629480912444 -87.396483007348 27 29 -1
29 -14.85197582622812 -3.063455757992886 -87.22057896731272 28 30 -1
30 -14.846044075719607 -2.9928025657906256 -87.04526221944244 29 31 -1
31 -14.840174389980293 -2.9206661984268414 -86.87054842520409 30 32 -1
32 -14.834378136909356 -2.8470435576145268 -86.69645326036489 31 33 -1
33 -14.828666629455752 -2.7719321640490637 -86.52299239639241 32 34 -1
34 -14.823051115666322 -2.69533016786819 -86.35018148128358 33 35 -1
35 -14.817542768602713 -2.6172363581231304 -86.17803611986636 34 36 -1
36 -14.81215269167675 -2.5376499919152757 -86.00657193730186 35 37 -1
37 -14.806891860168967 -2.456571384963489 -85.83580428955402 36 38 -1
38 -14.801771156830764 -2.3740013179247375 -85.66574851382653 37 39 -1
39 -14.796801349887646 -2.2899412148650864 -85.49641983100102 38 40 -1
40 -14.791993080919141 -2.204393169339653 -85.32783331389729 39 41 -1
41 -14.787356854543418 -2.117359946831475 -85.16000386555804 40 42 -1
42 -14.78290306137757 -2.0288447311368025 -84.99294633298484 41 43 -1
43 -14.778641892507201 -1.9388517390411852 -84.82667516561466 42 44 -1
44 -14.774583378196462 -1.8473857920308194 -84.66120460988829 43 45 -1
45 -14.770737377051763 -1.7544523355888197 -84.49654867866083 44 46 -1
46 -14.767113560844473 -1.6600574794043161 -84.33272110644728 45 47 -1
47 -14.763721464611693 -1.5642076338963686 -84.16973553948381 46 48 -1
48 -14.760570417961612 -1.4669099206434375 -84.0076052850557 47 49 -1
49 -14.757669396690764 -1.3681729215719771 -83.84634282132049 48 50 -1
50 -14.755027378273965 -1.2680045776608504 -83.68596103972106 49 51 -1
51 -14.752652972635175 -1.1664142618785474 -83.52647197099832 50 52 -1
52 -14.750554599721623 -1.0634117049778542 -83.3678874084935 51 53 -1
53 -14.748740457829781 -0.9590071429037244 -83.21021879980044 52 54 -1
54 -14.747218547613283 -0.8532111719403631 -83.05347732309646 53 55 -1
55 -14.74599645955225 -0.7460356871512528 -82.8976732252109 54 56 -1
56 -14.745081765834584 -0.6374920329269348 -82.74281705109458 55 57 -1
57 -14.744481681338318 -0.5275925458221058 -82.58891857970771 56 58 -1
58 -14.744203085041137 -0.41635035973319684 -82.43598690894842 57 59 -1
59 -14.744252684789833 -0.30377867751347987 -82.28403095310507 58 60 -1
60 -14.744636919973736 -0.1898911662170766 -82.1330591441645 59 61 -1
61 -14.745361957756417 -0.07470193730746028 -81.98307942114974 60 62 -1
62 -14.746433689779629 0.04177447385878369 -81.83409922047473 61 63 -1
63 -14.74785772934629 0.15952312920614756 -81.68612546734444 62 64 -1
64 -14.749639532567157 0.27852913218516495 -81.53916491502812 63 65 -1
65 -14.751784201083659 0.3987769436514319 -81.39322358015252 64 66 -1
66 -14.75429640273386 0.5202501868651096 -81.24830653078048 65 67 -1
67 -14.757180977271428 0.6429336543463824 -81.10441956324117 66 68 -1
68 -14.76044194332521 0.766810081360067 -80.96156644738207 67 69 -1
69 -14.764083697177849 0.8918639973403861 -80.81975222433812 68 70 -1
70 -14.768109752063223 1.0180777902489087 -80.6789797505551 69 71 -1
71 -14.77252370970442 1.1454347412937198 -80.53925234839127 70 72 -1
72 -14.777328907651581 1.2739179261841398 -80.40057283503562 71 73 -1
73 -14.78252845401382 1.4035103283773827 -80.26294361195792 72 74 -1
74 -14.788125062182571 1.5341944013364 -80.12636622444882 73 75 -1
75 -14.794121386885044 1.6659530080027238 -79.99084224912785 74 76 -1
76 -14.800519692639941 1.7987685236613036 -79.85637241290254 75 77 -1
77 -14.80732202351832 1.9326233159119848 -79.7229570398491 76 78 -1
78 -14.814530197823712 2.067499734977479 -79.59059603269357 77 79 -1
79 -14.822146214276263 2.2033810985337845 -79.45928991477884 78 80 -1
80 -14.830171050894995 2.3402487592006516 -79.32903672426316 79 81 -1
81 -14.838606387120473 2.4780862942978836 -79.19983645233863 80 82 -1
82 -14.84745296581069 2.6168755757858078 -79.07168682466522 81 83 -1
83 -14.85671165448927 2.75659930381051 -78.94458602480208 82 84 -1
84 -14.866383154913677 2.8972403019497817 -78.81853194146082 83 85 -1
85 -14.876467960534153 3.0387814229015193 -78.6935220570427 84 86 -1
86 -14.886966360790678 3.181205563941306 -78.56955345634005 85 87 -1
87 -14.89787844557383 3.3244956818940645 -78.44662283569 86 88 -1
88 -14.909204109835246 3.4686348075989244 -78.3247265125468 87 89 -1
89 -14.920943058333444 3.613606059849003 -78.20386043543938 88 90 -1
90 -14.933095332868321 3.759393670520169 -78.0840214883251 89 91 -1
91 -14.945659878409964 3.905980166796498 -77.96520392792138 90 92 -1
92 -14.958636572144213 4.053350327003612 -77.84740441331834 91 93 -1
93 -14.972024226562459 4.201487330490903 -77.73061706067861 92 94 -1
94 -14.98582202142293 4.350375489904222 -77.61483698047 93 95 -1
95 -15.0 4.5 -77.5 94 96 97
96 -15.101245522892276 4.668204003855307 -77.40697855483072 95 98 -1
97 -14.870456932245284 4.409046672613044 -77.37987273638515 95 99 -1
98 -15.203426117919836 4.8356202188259285 -77.31334849813896 96 100 -1
99 -14.741116404847176 4.3089012793019545 -77.26701834837624 97 101 -1
100 -15.306565655204524 5.002217434980665 -77.2193099366813 98 102 -1
101 -14.612086364408215 4.201150532634208 -77.16100642458917 99 103 -1
102 -15.410665699007389 5.167982926656264 -77.12486085208322 100 104 -1
103 -14.483311769778465 4.087560069158606 -77.06093768682604 101 105 -1
104 -15.515727767424426 5.332903769944108 -77.02999924161352 102 106 -1
105 -14.354661829331924 3.969319086286602 -76.96623003430763 103 107 -1
106 -15.62175512789124 5.496965215812725 -76.93472234368116 104 108 -1
107 -14.225941303494057 3.8475283627182417 -76.87622766745693 105 109 -1
108 -15.728747524338104 5.660155397509402 -76.83902890907528 106 110 -1
109 -14.096922369762536 3.723154571842677 -76.7902720219002 107 111 -1
110 -15.836705899743512 5.822461161604412 -76.74291717436543 108 112 -1
111 -13.967353150860621 3.596991016424205 -76.70782014153485 109 113 -1
112 -15.94563155485755 5.983868774491715 -76.64638522023448 110 114 -1
113 -13.836962670595266 3.469752160348522 -76.6283670241365 111 115 -1
114 -16.055525726884582 6.144364291637873 -76.54943115336937 112 116 -1
115 -13.705443648907162 3.342102451224045 -76.55147292423463 113 117 -1
116 -16.166389585565742 6.303933555180522 -76.45205310880938 114 118 -1
117 -13.572505964207927 3.2146891466124825 -76.47665436062388 115 119 -1
118 -16.278224229112563 6.462562191599476 -76.3542492523888 116 120 -1
119 -13.437834409241027 3.08813827029007 -76.40349205413723 117 121 -1
120 -16.391030679988795 6.620235609468608 -76.25601778327594 118 122 -1
121 -13.301097415473025 2.963092488384544 -76.33158530300982 119 123 -1
122 -16.50480988053731 6.776938997296454 -76.15735693661053 120 124 -1
123 -13.161948310001236 2.840233604966041 -76.26054367966123 121 125 -1
124 -16.619562688449463 6.932657321464413 -76.05826498624145 122 126 -1
125 -13.020016907629307 2.720317597517901 -76.18998244405654 123 127 -1
126 -16.735289872074183 7.087375324271646 -75.95874024756684 124 128 -1
127 -12.87486791343205 2.604266810916458 -76.11951019089437 125 129 -1
128 -16.851992105564165 7.241077522096029 -75.85878108047822 126 130 -1
129 -12.726176848993035 2.4929908560789973 -76.04873227939846 127 131 -1
130 -16.969669963856937 7.3937482036812305 -75.75838589241059 128 132 -1
131 -12.573582989685017 2.387602013965887 -75.9772629187943 129 133 -1
132 -17.08832391748862 7.545371428560265 -75.65755314149972 130 134 -1
133 -12.416629899599045 2.289650301137377 -75.9046795871354 131 135 -1
134 -17.207954327238344 7.695931025626318 -75.55628133984865 132 136 -1
135 -12.25518694064104 2.200465396755495 -75.83067328115337 133 137 -1
136 -17.328561438601774 7.84541059186216 -75.45456905690432 134 138 -1
137 -12.089328609395467 2.120951182564028 -75.75541924666099 135 139 -1
138 -17.45014677892105 7.993791892338583 -75.352414286539 136 140 -1
139 -11.919536229153438 2.0509090088560336 -75.67952116336056 137 141 -1
140 -17.572710055974838 8.141058319658624 -75.24981584986409 138 142 -1
141 -11.74614293792553 1.9903492972617585 -75.60360099096998 139 143 -1
142 -17.69625027644805 8.287193716714468 -75.14677289696627 140 144 -1
143 -11.569643010388557 1.938653072736842 -75.52828680614765 141 145 -1
144 -17.82076716189135 8.432180731961603 -75.04328426364937 142 146 -1
145 -11.390379171976207 1.8953691109577655 -75.45419545014245 143 147 -1
146 -17.946260288045618 8.576001778312941 -74.93934886180884 144 148 -1
147 -11.208654066701465 1.85992743914142 -75.38195191771842 145 149 -1
148 -18.072731249237954 8.718636357464844 -74.83496468436279 146 150 -1
149 -11.024778813513558 1.8314651818287757 -75.31209842277664 147 151 -1
150 -18.200178786895755 8.860066939990496 -74.73013104083111 148 152 -1
151 -10.838966710830762 1.809198997443849 -75.24517384134668 149 153 -1
152 -18.328600583722316 9.000276932155533 -74.62484774512922 150 154 -1
153 -10.651360270678076 1.7923661994674889 -75.1817547719201 151 155 -1
154 -18.457995801176644 9.139247481356055 -74.51911394484158 152 156 -1
155 -10.462109385707938 1.780025440127039 -75.1223126891924 153 157 -1
156 -18.588367271202813 9.276954417379327 -74.41292709224471 154 158 -1
157 -10.271319399941666 1.771277091182425 -75.06731833193106 155 159 -1
158 -18.719709424797312 9.413383963977877 -74.30628855349525 156 160 -1
159 -10.079072635165257 1.765232841790307 -75.01725091550443 157 161 -1
160 -18.85202140160998 9.548515797388024 -74.19919752798418 158 162 -1
161 -9.885427489216395 1.7610106299779609 -74.9726897278067 159 163 -1
162 -18.985305049980163 9.682325266744224 -74.09165195776488 160 164 -1
163 -9.69050282388506 1.7576607237307635 -74.93403204068005 161 165 -1
164 -19.119554001757255 9.814798407659477 -73.98365364810418 162 166 -1
165 -9.494423482589863 1.7542769022079787 -74.90174978357415 163 167 -1
166 -19.25476964470199 9.945910009146052 -73.87520078742928 164 168 -1
167 -9.297357888641878 1.7499552628323252 -74.87631375296604 165 169 -1
168 -19.39094802820926 10.075641727418382 -73.76629408970992 166 170 -1
169 -9.099526008698986 1.7437491235981344 -74.85832164996063 167 171 -1
170 -19.528086687847324 10.203972570176175 -73.65693359212096 168 172 -1
171 -8.901247622233335 1.7350945141938616 -74.84782432593472 169 173 -1
172 -19.66618421428614 10.330879335612268 -73.54711885191114 170 174 -1
173 -8.702826143259133 1.724298937450371 -74.8442109359482 171 175 -1
174 -19.80523563049781 10.456343519378123 -73.43685114007005 172 176 -1
175 -8.504482780622169 1.7118312899125625 -74.84674854582872 173 177 -1
176 -19.94523990828878 10.580339994470053 -73.3261298759882 174 178 -1
177 -8.306359473332568 1.698161645522816 -74.85468301118863 175 179 -1
178 -20.086191589378558 10.702849767424976 -73.21495661154808 176 180 -1
179 -8.108521884203288 1.6837594159527571 -74.86717792226979 177 181 -1
180 -20.228087970724594 10.823848894821055 -73.10333161240361 178 182 -1
181 -7.910987699370329 1.6690518505649035 -74.88354331438771 179 183 -1
182 -20.37092503178864 10.943314752595027 -72.99125579854169 180 184 -1
183 -7.7137330690374375 1.6544648517888738 -74.90308980625544 181 185 -1
184 -20.514696455784026 11.061227861168723 -72.87873122310137 182 186 -1
185 -7.51669862438609 1.6403967485202329 -74.92509014236659 183 187 -1
186 -20.659401453819537 11.177558666113573 -72.76575730960737 184 188 -1
187 -7.319814582473972 1.6272594047392532 -74.9489385934635 185 189 -1
188 -20.80503074980199 11.292291253788445 -72.65233759826287 186 190 -1
189 -7.122994490669316 1.6154289659746597 -74.97397011314759 187 191 -1
190 -20.951581054023098 11.405398719283633 -72.53847277863473 188 192 -1
191 -6.926153925628325 1.6052890888936324 -74.99957531122834 189 193 -1
192 -21.09904720647015 11.516856443766676 -72.4241644723979 190 194 -1
193 -6.729211577759671 1.5972494509599187 -75.0251400378091 191 195 -1
194 -21.24742087251691 11.62664482119603 -72.3094158767311 192 196 -1
195 -6.532104414820956 1.591641743495345 -75.05007212501695 193 197 -1
196 -21.39669682493549 11.734737748076885 -72.19422871927402 194 198 -1
197 -6.334779667730073 1.588948248524416 -75.07372860621382 195 199 -1
198 -21.546869513560928 11.841108629194947 -72.07860491759588 196 200 -1
199 -6.137227079590196 1.5894596764380295 -75.09555005181332 197 201 -1
200 -21.69792937292211 11.945737757230692 -71.9625483852364 198 202 -1
201 -5.939469928314566 1.5934718453237269 -75.11502916663783 199 203 -1
202 -21.84986887245287 12.048600688543514 -71.84606208708095 200 204 -1
203 -5.741580642093672 1.6007778239224801 -75.1320545854315 201 205 -1
204 -22.002681130603023 12.14967059692532 -71.72914871038746 202 206 -1
205 -5.543625888303687 1.6111839390603904 -75.14651826330491 203 207 -1
206 -22.15635784226109 12.248922452815794 -71.6118116799175 204 208 -1
207 -5.3456678004946845 1.6244919193078933 -75.1583107424133 205 209 -1
208 -22.31088865682491 12.346334632862408 -71.49405546912708 206 210 -1
209 -5.1477618909952145 1.6404525385574875 -75.16737785178267 207 211 -1
210 -22.466264219536775 12.441882468786197 -71.37588411030035 208 212 -1
211 -4.949962289659226 1.6589136888763876 -75.17356044114841 209 213 -1
212 -22.622474693453242 12.535541284638825 -71.25730191956988 210 214 -1
213 -4.752313165280552 1.6795961398528532 -75.17685277875466 211 215 -1
214 -22.779509750551387 12.627286418807534 -71.13831350300484 212 216 -1
215 -4.554865665890276 1.70236141610919 -75.17706522699153 213 217 -1
216 -22.93735982599813 12.717090157094091 -71.01892313907948 214 218 -1
217 -4.357654478268545 1.7269403427507544 -75.17430921818608 215 219 -1
218 -23.096012221374966 12.804931106967256 -70.89913670296264 216 220 -1
219 -4.160698918964996 1.7531720692369617 -75.16931637134356 217 221 -1
220 -23.255455005031248 12.89078501246903 -70.77895974511411 218 222 -1
221 -3.9639678760544665 1.780834536257902 -75.16327828737012 219 223 -1
222 -23.415675816884292 12.974627508368982 -70.65839808136589 220 224 -1
223 -3.7674142670863326 1.8097518157136536 -75.15733884720007 221 225 -1
224 -23.576660435906966 13.056438508534677 -70.53745884430735 222 226 -1
225 -3.5709864338729185 1.83973215291996 -75.15266488443649 223 227 -1
226 -23.738385460347452 13.136225881153628 -70.41615596135472 224 228 -1
227 -3.3746519459290907 1.8705829824410871 -75.1504039876077 225 229 -1
228 -23.90082390363011 13.214010385964098 -70.29450591833037 226 230 -1
229 -3.178419873643126 1.9021167408926154 -75.15178092836258 227 231 -1
230 -24.063948985870145 13.28981450618459 -70.1725249133162 228 232 -1
231 -2.9823554851673535 1.9341164696052986 -75.15788319991371 229 233 -1
232 -24.227734205317088 13.363662330397327 -70.05022881230428 230 234 -1
233 -2.7866197099708563 1.9663690698048428 -75.1700651611943 231 235 -1
234 -24.392153390393116 13.435579478614159 -69.92763311941397 232 236 -1
235 -2.5914540366993495 1.9986297329444396 -75.18928013341818 233 237 -1
236 -24.55718074761103 13.50559302638896 -69.80475295013073 234 238 -1
237 -2.39719961000964 2.030740718082817 -75.21637086280498 235 239 -1
238 -24.722790905320956 13.57373142752211 -69.68160300755576 236 240 -1
239 -2.204067780190466 2.0627903386884423 -75.25062529902043 237 241 -1
240 -24.888958953272493 13.640024435879056 -69.55819756163136 238 242 -1
241 -2.012218313641178 2.0949124131063703 -75.2914102957514 239 243 -1
242 -25.055660478014715 13.704503026817811 -69.43455043128492 240 244 -1
243 -1.82171358151715 2.127248003803091 -75.33793360912868 241 245 -1
244 -25.222871594188 13.767199318689693 -69.31067496941476 242 246 -1
245 -1.632579680742801 2.1599451376105288 -75.38952864761787 243 247 -1
246 -25.390568971790223 13.828146494844713 -69.1865840506237 244 248 -1
247 -1.4447777877883496 2.193151386372946 -75.44548445456385 245 249 -1
248 -25.558729859525524 13.887378726538595 -69.06229006159239 246 250 -1
249 -1.2582531754482313 2.2270250013621244 -75.50519103132433 247 251 -1
250 -25.727332104365196 13.94493109710226 -68.93780489397152 248 252 -1
251 -1.0728940808820848 2.2617101764240948 -75.5679843790756 249 253 -1
252 -25.89635416746904 14.000839527698568 -68.81313993966248 250 254 -1
253 -0.8886093034019192 2.2973846819334667 -75.6333356475824 251 255 -1
254 -26.06577513663056 14.055140704954425 -68.68830608834926 252 256 -1
255 -0.7052414299210443 2.334178087485764 -75.70061853703163 253 257 -1
256 -26.235574735421803 14.10787201072043 -68.56331372713791 254 258 -1
257 -0.5226798113165957 2.3722943737063398 -75.76934295676242 255 259 -1
258 -26.40573332922225 14.159071454174923 -68.43817274215733 256 260 -1
259 -0.34075893040113664 2.411861482210675 -75.8389412371164 257 261 -1
260 -26.57623192832331 14.208777606455216 -68.3128925219736 258 262 -1
261 -0.15934376216196935 2.4530704252823368 -75.90890580204598 259 263 -1
262 -26.747052188303105 14.25702953796617 -68.18748196266947 260 264 -1
263 0.02170891419410525 2.496097184554643 -75.97871440428041 261 265 -1
264 -26.918176407868373 14.303866758485192 -68.06194947444304 262 266 -1
265 0.20253873542328898 2.5410897391083913 -76.04785744637196 263 267 -1
266 -27.089587524359676 14.349329160153728 -67.93630298958196 264 268 -1
267 0.38326899251251534 2.588293812704984 -76.11577411761448 265 269 -1
268 -27.261269107113673 14.393456963418055 -67.81054997167331 266 270 -1
269 0.5640068972848663 2.6377306978053134 -76.18206166339684 267 271 -1
270 -27.433205395177914 14.436290423523014 -67.68469740794055 268 272 -1
271 0.7448291215019692 2.689343334003018 -76.24643300250445 269 273 -1
272 -27.6053812228133 14.477870091691864 -67.55875184576477 270 274 -1
273 0.9258063317096079 2.7429502076569126 -76.3087043931605 271 275 -1
274 -27.77778192369396 14.518237248104539 -67.43271943664953 272 276 -1
275 1.1070113641521344 2.7984187690153726 -76.36863843444438 273 277 -1
276 -27.95039349095297 14.557432951087366 -67.30660588188796 274 278 -1
277 1.2885153758925951 2.855604341676691 -76.42599839090887 275 279 -1
278 -28.123202490783047 14.59549836282601 -67.18041647409629 276 280 -1
279 1.4703837939706421 2.914344290196165 -76.4805644661621 277 281 -1
280 -28.29619604674292 14.632474712968545 -67.05415611120986 278 282 -1
281 1.652686009921415 2.9745034756144944 -76.53204893338416 279 283 -1
282 -28.469361823102716 14.668403265036114 -66.92782931090963 280 284 -1
283 1.8354753677040163 3.0359050017816887 -76.58023208002072 281 285 -1
284 -28.64268800736496 14.703325285561862 -66.80144022539035 282 286 -1
285 2.0188070324970644 3.098399352581599 -76.62481481014471 283 287 -1
286 -28.81616329208845 14.73728201586929 -66.67499265639111 284 288 -1
287 2.2026461640541406 3.16177819205799 -76.6659266268443 285 289 -1
288 -28.989776856133012 14.77031464639355 -66.54849007041419 286 290 -1
289 2.3869122224308077 3.225824921176182 -76.70398260647188 287 291 -1
290 -29.16351834543376 14.802464293442759 -66.42193561406665 288 292 -1
291 2.5715401733793937 3.2903181153131995 -76.73944507021552 289 293 -1
292 -29.337377853404558 14.833771978291447 -66.2953321294649 290 294 -1
293 2.756477971909705 3.355035767418288 -76.77282615693461 291 295 -1
294 -29.511345920459927 14.864278460158534 -66.16868216103016 292 296 -1
295 2.9416993948104633 3.419759733063726 -76.80458526043188 293 297 -1
296 -29.68541358923776 14.894023594156835 -66.0419879338583 294 298 -1
297 3.127174633357811 3.4842730563851654 -76.83527499953671 295 299 -1
298 -29.859572022535183 14.923049147907289 -65.91525153335151 296 300 -1
299 3.312893319602211 3.548351425640515 -76.86539917500703 297 301 -1
300 -30.033812902441518 14.951395608622052 -65.78847473653708 298 302 -1
301 3.4988406936458367 3.6117734905715935 -76.89550102561918 299 303 -1
302 -30.208128257901315 14.979103295067592 -65.66165909224486 300 304 -1
303 3.6849997451971035 3.674324776592228 -76.9261110929854 301 305 -1
304 -30.38251044450118 15.006212348194778 -65.53480593599468 302 306 -1
305 3.87135354443528 3.7357446486252055 -76.95780559629674 303 307 -1
306 -30.556952124353682 15.032762723296791 -65.4079164046946 304 308 -1
307 4.057862673348878 3.7958232186285557 -76.99111226530096 305 309 -1
308 -30.731446320093106 15.0587934057509 -65.28099139488184 306 310 -1
309 4.244477075959703 3.8543291613749555 -77.02655769863969 307 311 -1
310 -30.905986184463945 15.084344497478954 -65.15403171892164 308 312 -1
311 4.431140935924648 3.9112153803130196 -77.06430597331372 309 313 -1
312 -31.080565140823754 15.109455757944076 -65.02703802912741 310 314 -1
313 4.6178107297566235 3.966701815152386 -77.10405664305469 311 315 -1
314 -31.25517687883184 15.13416636048349 -64.90001080979864 312 316 -1
315 4.804456218566031 4.020978531703448 -77.14555531124671 313 317 -1
316 -31.429815296690894 15.15851527242466 -64.77295041686149 314 318 -1
317 4.991055768198347 4.074233979854336 -77.18855772808023 315 319 -1
318 -31.604474513988958 15.182540649602888 -64.64585702129985 316 320 -1
319 5.177598268184104 4.1266972326767855 -77.23276539799383 317 321 -1
320 -31.77914874147769 15.206281601679958 -64.51873080320343 318 322 -1
321 5.36407860638697 4.1785740953993 -77.2779181301444 319 323 -1
322 -31.953832373961102 15.229776736228747 -64.39157183716158 320 324 -1
323 5.55049587491191 4.230072588155385 -77.32375968572144 321 325 -1
324 -32.12851995679004 15.25306420532733 -64.26438009597855 322 326 -1
325 5.736857000009454 4.281417443489028 -77.3700003879788 323 327 -1
326 -32.303206140149335 15.276181724950504 -64.13715543022484 324 328 -1
327 5.923215346895377 4.332834293295841 -77.41617209752125 325 329 -1
328 -32.47788565837388 15.29916725434824 -64.00989769917805 326 330 -1
329 6.109690499982686 4.384580150720924 -77.46149540846459 327 331 -1
330 -32.652553377831204 15.322058165662586 -63.88260672042991 328 332 -1
331 6.296393119601322 4.436900082634025 -77.50519074162854 329 333 -1
332 -32.82720515179597 15.344872374774527 -63.755280097256914 330 334 -1
333 6.483414738861571 4.490038040425553 -77.54646333202103 331 335 -1
334 -33.001838077292675 15.367601113059832 -63.62791234290625 332 336 -1
335 6.6708201500983115 4.54425129854771 -77.584461526998 333 337 -1
336 -33.17644943790662 15.390234061887961 -63.50049797482919 334 338 -1
337 6.858584236464377 4.599760037106842 -77.61861855175293 335 339 -1
338 -33.35103650230978 15.412760881378341 -63.37303151680436 336 340 -1
339 7.046621696033411 4.656760975931767 -77.64854616835292 337 341 -1
340 -33.52559647507491 15.435171015762869 -63.245507401011004 338 342 -1
341 7.23482069906817 4.715449593071744 -77.67383427846983 339 343 -1
342 -33.70012654723865 15.457453927702108 -63.11792008283188 340 344 -1
343 7.423034810515797 4.776045587579764 -77.69398074737393 341 345 -1
344 -33.87462401731524 15.479599607631865 -62.99026429770558 342 346 -1
345 7.611082339707589 4.838685209353975 -77.70867566903391 343 347 -1
346 -34.049086076408614 15.501597669185593 -62.8625346120275 344 348 -1
347 7.798755636367584 4.903497449208394 -77.7175842947876 345 349 -1
348 -34.22350980330679 15.523437354430714 -62.734725423603116 346 350 -1
349 7.985878805021318 4.970406176846575 -77.72077639538368 347 351 -1
350 -34.397892510056224 15.545108959573987 -62.60683167984984 348 352 -1
351 8.172341471157559 5.039178568108663 -77.71865508777252 349 353 -1
352 -34.572231337518524 15.566602168916077 -62.47884804255608 350 354 -1
353 8.358095456396823 5.109541507536976 -77.71178023261298 351 355 -1
354 -34.74652326268165 15.587906114711618 -62.35076891665073 352 356 -1
355 8.543118774207308 5.181270725960027 -77.70061611198666 353 357 -1
356 -34.92076558031193 15.609011318551495 -62.22258943162853 354 358 -1
357 8.727402822295346 5.254179933216492 -77.68553785208749 355 359 -1
358 -35.094955331758435 15.629907392441485 -62.09430428267421 356 360 -1
359 8.910996752962975 5.328047033995465 -77.66707667871877 357 361 -1
360 -35.26908942930464 15.65058356478797 -61.96590799654175 358 362 -1
361 9.093954976092997 5.402692135144443 -77.64566084777638 359 363 -1
362 -35.44316510674118 15.671030455215295 -61.83739582999679 360 364 -1
363 9.276335356785905 5.477959249040658 -77.6216461463756 361 365 -1
364 -35.61717924542635 15.691237424407548 -61.70876243150291 362 366 -1
365 9.458220653776538 5.553665047859662 -77.5953627187598 363 367 -1
366 -35.79112875369759 15.711194081683178 -61.58000260452426 364 368 -1
367 9.639643065575681 5.6296405891756125 -77.56676035654627 365 369 -1
368 -35.965010749165664 15.730890978728098 -61.45111165850217 366 370 -1
369 9.820632915308396 5.705709488214498 -77.53576653197307 367 371 -1
370 -36.138821882628015 15.750317017477569 -61.322084101762094 368 372 -1
371 10.001227225213272 5.781700395449793 -77.50236737735729 369 373 -1
372 -36.312559140323 15.76946253637261 -61.192915200172216 370 374 -1
373 10.181441415705217 5.857435633032579 -77.46643107659533 371 375 -1
374 -36.486219442656854 15.788317764329873 -61.06360019716777 372 376 -1
375 10.361309216440347 5.932752604416115 -77.42797011915287 373 377 -1
376 -36.659799176688786 15.806871090117907 -60.934133446357784 374 378 -1
377 10.540844379808556 6.007475282988774 -77.38688543925689 375 379 -1
378 -36.83329546074109 15.825113804397391 -60.80451079606335 376 380 -1
379 10.720064303007755 6.081436483609365 -77.34313416214827 377 381 -1
380 -37.00670478695526 15.843035022907024 -60.67472703914159 378 382 -1
381 10.898981469922099 6.15447319709295 -77.29667459749903 379 383 -1
382 -37.180023706052644 15.86062426300306 -60.54477720995236 380 384 -1
383 11.077601111250614 6.226415734568056 -77.24744608791976 381 385 -1
384 -37.35324907065575 15.877872315749025 -60.414657018413884 382 386 -1
385 11.25593857343219 6.297152967550848 -77.19552148042627 383 387 -1
386 -37.526376960449 15.894767341969468 -60.284360903354745 384 388 -1
387 11.433993740653074 6.366515078199808 -77.14084619133484 385 389 -1
388 -37.69940421307001 15.911300436148766 -60.15388480839275 386 390 -1
389 11.611780605150184 6.43441444986569 -77.08352569382942 387 391 -1
390 -37.872327137185245 15.927460964761075 -60.02322385917701 388 392 -1
391 11.789291463988212 6.500657941087724 -77.02347743610235 389 393 -1
392 -38.04514187953011 15.943237925437403 -59.89237304575766 390 394 -1
393 11.966536223777885 6.565174750418869 -76.96082018222005 391 395 -1
394 -38.21784512457175 15.958622409340476 -59.761328438802686 392 396 -1
395 12.143501160353006 6.6277612598785645 -76.89547218553007 393 397 -1
396 -38.39043258557125 15.97360229649973 -59.63008457185398 394 398 -1
397 12.32018909746128 6.688349216534878 -76.82754253705305 395 399 -1
398 -38.56290082642241 15.988168651278349 -59.4986375964642 396 400 -1
399 12.496570351626056 6.746762125384225 -76.756962363925 397 401 -1
400 -38.73524583730682 16.00231074137265 -59.366982828730386 398 402 -1
401 12.672580917730563 6.803158494734212 -76.68386127494755 399 403 -1
402 -38.907463411884365 16.016017390051935 -59.23511542183703 400 404 -1
403 12.84811441302848 6.85764526865821 -76.6082087084501 401 405 -1
404 -39.0795499717508 16.029279770991174 -59.10303172685511 402 406 -1
405 13.023102887698649 6.9104595766287265 -76.53014542688895 403 407 -1
406 -39.25150075494848 16.04208527552749 -58.9707263093078 404 408 -1
407 13.197445516247617 6.961719826223187 -76.44963891709614 405 409 -1
408 -39.423312113199266 16.054425273839918 -58.83819572214914 406 410 -1
409 13.371094250399471 7.011657444222949 -76.36683394083968 407 411 -1
410 -39.5949795647408 16.066288564320594 -58.7054353272568 408 412 -1
411 13.543955326470572 7.060404576357074 -76.28170387864247 409 413 -1
412 -39.766498599984466 16.077664107409806 -58.5724406271175 410 414 -1
413 13.715992052816507 7.1081728379869125 -76.19437719497442 411 415 -1
414 -39.937865283602 16.088542969423557 -58.43920819137717 412 416 -1
415 13.887127838454003 7.155115440864419 -76.10485981622662 413 417 -1
416 -40.109074276759614 16.098911900054368 -58.305732588424235 414 418 -1
417 14.057321944369784 7.201414175566677 -76.01323641571655 415 419 -1
418 -40.280121768719525 16.108762837770435 -58.17201092392601 416 420 -1
419 14.2265423806227 7.2471854018104835 -75.91956716620464 417 421 -1
420 -40.45100266997223 16.118083846824238 -58.038038522268685 418 422 -1
421 14.394767951844115 7.292459900901932 -75.8238859617116 419 423 -1
422 -40.62171219676109 16.12686423971897 -57.903811369148244 420 424 -1
423 14.562019072876437 7.3372792046847986 -75.72630096671917 421 425 -1
424 -40.79224592768274 16.135094703677193 -57.76932615923578 422 426 -1
425 14.728270430992055 7.381662534468918 -75.62682650154262 423 427 -1
426 -40.962598002096115 16.14276170838611 -57.63457768242144 424 428 -1
427 14.89353377026987 7.425644985509218 -75.52554401895486 425 429 -1
428 -41.13276432646601 16.149857464956668 -57.49956348035273 426 430 -1
429 15.057817731043226 7.469258484779718 -75.42252337968355 427 431 -1
430 -41.30273915203913 16.15636934086379 -57.364278908169126 428 432 -1
431 15.22109639542761 7.512522205712209 -75.31777149414988 429 433 -1
432 -41.4725174107751 16.16228707304558 -57.228720497037834 430 434 -1
433 15.383392780386187 7.555471936508946 -75.21137682778809 431 435 -1
434 -41.642094089418784 16.16760080886015 -57.09288503462237 432 436 -1
435 15.544711865270054 7.598135820606379 -75.10339257082776 433 437 -1
436 -41.81146288394805 16.17229713378721 -56.956767758157056 434 438 -1
437 15.705035365709744 7.640535576091855 -74.99383295261069 435 439 -1
438 -41.98061925558136 16.176368018486215 -56.82036649371642 436 440 -1
439 15.86437866521647 7.682701726379877 -74.8827636156485 437 441 -1
440 -42.14955694876685 16.17978771590378 -56.68367665461465 438 442 -1
441 16.022751372298213 7.724662026788848 -74.77023761350064 439 443 -1
442 -42.31827083578238 16.18251021740756 -56.546695064051086 440 444 -1
443 16.180150555968122 7.766441143127287 -74.65628711143411 441 445 -1
444 -42.48675534499715 16.18448674205594 -56.40941869521334 442 446 -1
445 16.33656644344553 7.808063037833032 -74.54093369729733 443 447 -1
446 -42.6550033402607 16.1856645991198 -56.27184342364301 444 448 -1
447 16.492021190542218 7.849556203972833 -74.4242424353286 445 449 -1
448 -42.823009200485465 16.185997751839206 -56.133967962862954 446 450 -1
449 16.646518061681746 7.89094538713125 -74.30624929201993 447 451 -1
450 -42.990764876261515 16.18543338534112 -55.995788984781626 448 452 -1
451 16.800054758151166 7.9322547780191135 -74.18698163843419 449 453 -1
452 -43.15826308818902 16.18392313308696 -55.857305144424046 450 454 -1
453 16.952624950906777 7.973508750519506 -74.06646107501054 451 455 -1
454 -43.32549593630192 16.181418394307443 -55.718515378283975 452 456 -1
455 17.10424815862859 8.014732679193433 -73.94474115145842 453 457 -1
456 -43.4924536036079 16.177865350607988 -55.57941756371556 454 458 -1
457 17.254927811484812 8.055950450357452 -73.82185300988677 455 459 -1
458 -43.659128048172235 16.173219176205414 -55.440012682106676 456 460 -1
459 17.404667299059252 8.097185789183039 -73.69782674028026 457 461 -1
460 -43.82550842624878 16.16742661483589 -55.30029981515438 458 462 -1
461 17.55345577899415 8.13846396213764 -73.57267525488965 459 463 -1
462 -43.99158456367961 16.160439447667105 -55.16027998324823 460 464 -1
463 17.70130069898281 8.17981766936791 -73.44643527304883 461 465 -1
464 -44.15734584818744 16.15221037193003 -55.019954905990105 462 466 -1
465 17.848202194166603 8.221284417973997 -73.31913549220697 463 467 -1
466 -44.32277904758174 16.142684444981363 -54.87932507245512 464 468 -1
467 17.99415529157765 8.262901755005378 -73.19079816110667 465 469 -1
468 -44.487873340405244 16.131819074629178 -54.738394444890304 466 470 -1
469 18.13915494521054 8.304706958559704 -73.06144506961968 467 471 -1
470 -44.6526146010507 16.119561532991924 -54.59716526023358 468 472 -1
471 18.283186579542225 8.346739608402338 -72.93108805555792 469 473 -1
472 -44.816989246941844 16.105864265203913 -54.455641554536435 470 474 -1
473 18.42624679728666 8.389036887919023 -72.7997506576953 471 475 -1
474 -44.9809836058775 16.090682412890366 -54.3138284719822 472 476 -1
475 18.568337883514744 8.431633488173151 -72.66746143810401 473 477 -1
476 -45.14458060185691 16.07396105922286 -54.17172993342182 474 478 -1
477 18.70945422826733 8.474565712613373 -72.53424063298117 475 479 -1
478 -45.30776641244739 16.055661105032417 -54.02935345118728 476 480 -1
479 18.84959002571308 8.51786966694291 -72.4001081855692 477 481 -1
480 -45.47052312857997 16.035730982724314 -53.886704969265445 478 482 -1
481 18.988739253637092 8.561581271435767 -72.26508377858602 479 483 -1
482 -45.63283386243418 16.014126397029642 -53.74379241166393 480 484 -1
483 19.126886654410463 8.605740583075942 -72.12917918020018 481 485 -1
484 -45.79468129112375 15.990804650425895 -53.60062458504621 482 486 -1
485 19.264028180507786 8.650382755362408 -71.99241633445807 483 487 -1
486 -45.956044951197576 15.965714879114156 -53.45720987869891 484 488 -1
487 19.40016364495535 8.695540230009534 -71.85482011500429 485 489 -1
488 -46.116907852288065 15.938822202037024 -53.31355960179147 486 490 -1
489 19.53528595637424 8.741248269429034 -71.71640945905781 487 491 -1
490 -46.27724753300057 15.9100753993986 -53.16968366393033 488 492 -1
491 19.66938771926301 8.787542002600798 -71.57720320797203 489 493 -1
492 -46.43704538325704 15.879440277827742 -53.025594815183496 490 494 -1
493 19.802461219480346 8.834456432060934 -71.43722013953153 491 495 -1
494 -46.596278891049884 15.846872236980444 -52.88130531484222 492 496 -1
495 19.934498410617383 8.882026439730135 -71.29647900024777 493 497 -1
496 -46.754926664518955 15.812333959199467 -52.73682894279994 494 498 -1
497 20.065480806526523 8.93029373514481 -71.15499162936099 495 499 -1
498 -46.91297019612092 15.77581746765294 -52.59217683975203 496 500 -1
499 20.19540530022209 8.979289721412608 -71.01278122716315 497 501 -1
500 -47.0703987121822 15.737378843431516 -52.44735212676557 498 502 -1
501 20.324267175760035 9.029046001638463 -70.86986975212905 499 503 -1
502 -47.22720583079481 15.697089265233727 -52.302356396087056 500 504 -1
503 20.452056919026735 9.079596993556711 -70.72627613743583 501 505 -1
504 -47.38338374051845 15.655011521803852 -52.157189501096695 502 506 -1
505 20.57876462889964 9.130977003966125 -70.58201944869266 503 507 -1
506 -47.53892871437243 15.611216072793574 -52.0118511301247 504 508 -1
507 20.704380009120396 9.183220225670516 -70.43711891605314 505 509 -1
508 -47.693835191269066 15.56576479114009 -51.86633926021186 506 510 -1
509 20.828892361144625 9.2363607326712 -70.29159396624341 507 511 -1
510 -47.84810105728853 15.518725220943924 -51.72065165579467 508 512 -1
511 20.95229057800707 9.29043247352783 -70.14546425447305 509 513 -1
512 -48.00172347663045 15.470159967735965 -51.57478479387521 510 514 -1
513 21.074550582081088 9.345480282365537 -69.99874345725743 511 515 -1
514 -48.15470089282897 15.420131972772579 -51.4287344673928 512 516 -1
515 21.195671281095024 9.4015288222141 -69.8514577702959 513 517 -1
516 -48.307033695056006 15.368705843294824 -51.28249605273589 514 518 -1
517 21.315641859105018 9.458610257274694 -69.70362853535792 515 519 -1
518 -48.458719857512975 15.315938746948014 -51.136063274147034 516 520 -1
519 21.43444952043251 9.516757915984567 -69.55527664082017 517 521 -1
520 -48.60976300047465 15.261897246002796 -50.989430687570234 518 522 -1
521 21.552081048295115 9.5760049368175 -69.40642336147694 519 523 -1
522 -48.760161121101945 15.206634825109166 -50.842590254355564 520 524 -1
523 21.668522806078478 9.63638424870237 -69.25709038852054 521 525 -1
524 -48.90991879936787 15.150215702233284 -50.69553525452997 522 526 -1
525 21.783760740076193 9.69792854906774 -69.10729985893157 523 527 -1
526 -49.05903747989841 15.092696468133651 -50.548257214373784 524 528 -1
527 21.897780383783257 9.760670279453082 -68.95707438417185 525 529 -1
528 -49.207519009087136 15.034133180063073 -50.4007470427584 526 530 -1
529 22.010563264096692 9.824645236134431 -68.80643595883978 527 531 -1
530 -49.35536872841021 14.974586061017034 -50.252996290868765 528 532 -1
531 22.12208689250576 9.889892773577659 -68.65540638308937 529 533 -1
532 -49.5025876834217 14.91410744930057 -50.10499423174053 530 534 -1
533 22.23234620275922 9.956433794607157 -68.504013399208 531 535 -1
534 -49.64918124671201 14.852755093717773 -49.95673123760478 532 536 -1
535 22.341325151194425 10.02429939679817 -68.35228179792526 533 537 -1
536 -49.795154343472824 14.7905847536382 -49.80819702470438 534 538 -1
537 22.449007331736453 10.093520258714104 -68.20023697348041 535 539 -1
538 -49.940508279608835 14.72764685807963 -49.65937911549509 536 540 -1
539 22.55537599171444 10.164126599884558 -68.04790494498992 537 541 -1
540 -50.08525044880325 14.663998610275506 -49.51026732672651 538 542 -1
541 22.660414049908415 10.236148138220896 -67.89531237601597 539 543 -1
542 -50.22938539297288 14.599692785233938 -49.36084977031289 540 544 -1
543 22.764104116919892 10.309614044911708 -67.74248659213528 541 545 -1
544 -50.372915374066324 14.534779491485867 -49.21111286297049 542 546 -1
545 22.86642851795434 10.38455289686023 -67.58945559629696 543 547 -1
546 -50.51584801988701 14.469313675236497 -49.0610454717233 544 548 -1
547 22.967369318098687 10.460992626748038 -67.43624808174954 545 549 -1
548 -50.65818802482446 14.403346743489738 -48.91063460698842 546 550 -1
549 23.066898444119534 10.538971314881193 -67.28289262330641 547 551 -1
550 -50.79993803921889 14.336928415735981 -48.75986563128349 548 552 -1
551 23.165002911332184 10.618509641455693 -67.12942029908943 549 553 -1
552 -50.941105640411465 14.270111851031587 -48.608726615157 550 554 -1
553 23.261668655951066 10.699628403445264 -66.9758624061567 551 555 -1
554 -51.08169567860528 14.202947723437358 -48.45720377302095 552 556 -1
555 23.35688841492596 10.782350357909621 -66.82225641606404 553 557 -1
556 -51.22171061234116 14.135485526153682 -48.30528134911475 554 558 -1
557 23.450698521025267 10.866690651280951 -66.66866312435899 555 559 -1
558 -51.36115791979878 14.067777227934847 -48.152946887474144 556 560 -1
559 23.543146457643207 10.952664187099037 -66.51514943886909 557 561 -1
560 -51.5 14.0 -48.0 558 562 563
561 23.634278190613184 11.040288127153506 -66.36178197249431 559 565 -1
562 -51.672301749755775 14.083698616207858 -48.03980138147543 560 566 -1
563 -51.54779236802007 13.841965087344157 -47.81136192025277 560 567 -1
564 -51.48087222322309 14.003296870561751 -47.766357804812614 560 568 -1
565 23.7241382181894 11.12958189923028 -66.2086273586052 561 569 -1
566 -51.845455848847685 14.167015263073854 -48.07724084916063 562 570 -1
567 -51.590190422154855 13.686518084484188 -47.61936410943635 563 571 -1
568 -51.46331746756493 14.010953330673278 -47.53274837834609 564 572 -1
569 23.812769631328322 11.220567207349381 -66.05575257217446 565 573 -1
570 -52.019327308127814 14.24991076221769 -48.11220873473058 566 574 -1
571 -51.62700291828693 13.533869855252705 -47.42399882089638 567 575 -1
572 -51.447272221810536 14.022854536640043 -47.29920803305679 568 576 -1
573 23.900214173559263 11.31326804565342 -65.90322525360321 569 577 -1
574 -52.19389355810404 14.332365960447147 -48.144665694323 570 578 -1
575 -51.65801070543478 13.384221184049744 -47.22533392828735 571 579 -1
576 -51.43272857741587 14.038985434076086 -47.0658232001115 572 580 -1
577 23.986512123275027 11.407710997291284 -65.75111411492736 573 581 -1
578 -52.369132071094626 14.414360202790826 -48.1745668938799 574 582 -1
579 -51.68299425361914 13.237781191673772 -47.023455665154756 575 583 -1
580 -51.419668968836085 14.059304823792644 -46.8326777707161 576 584 -1
581 24.071691012981248 11.503944406333048 -65.59949523732696 577 585 -1
582 -52.54501560927551 14.495874684937734 -48.20188041023213 578 586 -1
583 -51.701751759893774 13.094757445278095 -46.818478136791676 579 587 -1
584 -51.40807808491943 14.083778951095914 -46.59985397234563 580 588 -1
585 24.155800917547207 11.601981102995333 -65.4484360546611 581 589 -1
586 -52.72151845395274 14.57688802338533 -48.22656297058361 582 590 -1
587 -51.71409812843519 12.955355483495463 -46.61054101101237 583 591 -1
588 -51.397935261837276 14.11236006000315 -46.367430800225385 584 592 -1
589 24.238878699983523 11.701854712397173 -65.29801050057866 585 593 -1
590 -52.89861095499141 14.657380413968744 -48.248582190672224 586 594 -1
591 -51.719869149098635 12.819775373521697 -46.39980962189378 587 595 -1
592 -51.38921881102661 14.144998646831475 -46.13548453968473 588 596 -1
593 24.32096015358248 11.803601255386884 -65.14829495571797 589 597 -1
594 -53.076262834897385 14.737331143669365 -48.26790320234086 590 598 -1
595 -51.71892456189933 12.688208593360233 -46.18647396226935 591 599 -1
596 -51.38190242975164 14.18163324266943 -45.90408716457704 592 600 -1
597 24.40208004280401 11.907259161856949 -64.9993686372534 593 601 -1
598 -53.25444227276235 14.816719321279063 -48.28449249974093 594 602 -1
599 -51.711156702453266 12.560831124104027 -45.97074888173061 595 603 -1
600 -51.375961312382124 14.222207862509812 -45.673308456836224 596 604 -1
601 24.482272138658356 12.012869277707042 -64.85131400712419 597 605 -1
602 -53.43311582540711 14.895524055108432 -48.298318678499335 598 606 -1
603 -51.69648847876134 12.437802627058241 -45.75286952744145 599 607 -1
604 -51.371363021224965 14.266645826206794 -45.443211570810846 600 608 -1
605 24.56156924781757 12.120474862849909 -64.70421720115571 601 609 -1
606 -53.61224850124362 14.973724517502054 -48.3093525631896 602 610 -1
607 -51.674877744649834 12.31926159769465 -45.53308881682251 603 611 -1
608 -51.368079162960655 14.314883272416512 -45.213858414721166 604 612 -1
609 24.6399925707196 12.230148317632816 -64.55818308985305 605 613 -1
610 -53.79180384401611 15.051300011024843 -48.317567327366305 606 614 -1
611 -51.646315447871814 12.205324347097594 -45.3116727330775 607 615 -1
612 -51.36607490810896 14.366838940870931 -44.98530396608005 608 616 -1
613 24.717579380555662 12.34192557608709 -64.41330211333499 609 617 -1
614 -53.97174402601754 15.128230035856696 -48.32293860508402 610 618 -1
615 -51.61083317103435 12.096077649750837 -45.08889749414322 611 619 -1
616 -51.36531484138829 14.422430937694296 -44.75759898485526 612 620 -1
617 24.794364109675065 12.455846921166414 -64.26966953369467 613 621 -1
618 -54.152029950263284 15.204494357904814 -48.325444592880466 614 622 -1
619 -51.56849659280143 11.991580691851569 -44.865043221193005 615 623 -1
620 -51.36576602048302 14.481585809708056 -44.53079255819584 616 624 -1
621 24.870375847966027 12.571965351065277 -64.12739171658548 617 625 -1
622 -54.33262168910744 15.280072204053074 -48.32506254809982 618 626 -1
623 -51.51940842588633 11.891860796277372 -44.64038976275651 619 627 -1
624 -51.36738815646763 14.544209589856102 -44.304924614602776 620 628 -1
625 24.945641708828557 12.690339321732795 -63.98658359513206 621 629 -1
626 -54.51347769653167 15.354944321137529 -48.3217772696111 622 630 -1
627 -51.46370110834832 11.79691647840485 -44.41521125010674 623 631 -1
628 -51.37014324740006 14.61021601772211 -44.08003281781375 624 632 -1
629 25.020164928665398 12.811064701977894 -63.847386214514586 625 633 -1
630 -54.69455571195018 15.429091406220515 -48.31557421388503 626 634 -1
631 -51.40153286414546 11.706718633721817 -44.189772155842164 627 635 -1
632 -51.373994416538736 14.67952332961361 -43.856152325523425 628 636 -1
633 25.093941823286897 12.934070871384861 -63.70979761194262 629 637 -1
634 -54.87581271652696 15.502494231443695 -48.30643999266625 630 638 -1
635 -51.33309352912776 11.62120467415213 -43.96432369740899 631 639 -1
636 -51.37889927548456 14.752034108685573 -43.63330937300571 632 640 -1
637 25.16694210297631 13.059315264340283 -63.57382329706396 633 641 -1
638 -55.05720480558551 15.575134751875627 -48.29436654192176 634 642 -1
639 -51.25858696174335 11.5402903873205 -43.73910041408826 635 643 -1
640 -51.38481795517887 14.827659381353307 -43.4115286292368 636 644 -1
641 25.239122493964203 13.18678851797154 -63.43949233786257 637 645 -1
642 -55.23868754683106 15.646995732984765 -48.27934929138799 638 646 -1
643 -51.17823700709527 11.463864718513223 -43.514317911287776 639 647 -1
644 -51.391711216779775 14.90631310195373 -43.19083192817308 640 648 -1
645 25.31045891437325 13.316427120877485 -63.306792739992666 641 649 -1
646 -55.42021616278176 15.718059039705494 -48.2613807119685 642 650 -1
647 -51.09227996206437 11.391794934517389 -43.29017103857238 643 651 -1
648 -51.399535922960624 14.987897859243313 -42.971232966801146 644 652 -1
649 25.380935883333812 13.448150353721097 -63.175696383509646 645 653 -1
650 -55.60174543563578 15.788309480581185 -48.240464361756715 646 654 -1
651 -51.00095455131381 11.323934305980789 -43.06683407246096 647 655 -1
652 -51.40825184147384 15.07232602132077 -42.752745042032515 648 656 -1
653 25.450511992718884 13.58194013849444 -63.046221448383534 649 657 -1
654 -55.78323011043262 15.857731635763425 -48.21660285062851 650 658 -1
655 -50.90451235243177 11.260114019663273 -42.844458328367494 651 659 -1
656 -51.417818121690345 15.159508777506522 -42.53537726310973 652 660 -1
657 25.519172924049464 13.717715981258467 -62.91833516090358 653 661 -1
658 -55.96462492195375 15.926310961475698 -48.18980179691028 654 662 -1
659 -50.80319713402529 11.200159765944607 -42.62317545329377 655 663 -1
660 -51.428192152545876 15.249352101776392 -42.31913272357476 656 664 -1
661 25.58691050864889 13.855390174711053 -62.791995128972474 657 665 -1
662 -56.1458847533521 15.99403388010497 -48.16006993634981 658 666 -1
663 -50.69725810358834 11.143881794074519 -42.40309502843764 659 667 -1
664 -51.43933460318832 15.341773350118226 -42.10401566753669 660 668 -1
665 25.653678950151534 13.994951274907358 -62.66721904068399 661 669 -1
666 -56.326964779857896 16.060887768295093 -48.12741888140713 662 670 -1
667 -50.58693368843725 11.091088424118505 -42.18430897496555 663 671 -1
668 -51.45120328849049 15.43668081991775 -41.89002283323301 664 672 -1
669 25.719490437260642 14.136277299182671 -62.54392995867975 665 673 -1
670 -56.507820629187634 16.12686106053217 -48.091863278714136 666 674 -1
671 -50.47246253832958 11.041578050406487 -41.966889360634774 667 675 -1
672 -51.463757867501386 15.533989363026782 -41.67715033635072 668 676 -1
673 25.784325227841205 14.279311552967405 -62.42210183280002 669 677 -1
674 -56.68840861923827 16.19194353166734 -48.05342151765395 670 678 -1
675 -50.35406961251161 10.995150946937315 -41.75089378010529 671 679 -1
676 -51.476958666060256 15.633616646373005 -41.46539233695288 672 680 -1
677 25.848162206370013 14.42399962864543 -62.301708004398776 673 681 -1
678 -56.86868576757115 16.25612583700614 -48.0121140414756 674 682 -1
679 -50.23197577404878 10.951602469739896 -41.53636337702544 675 683 -1
680 -51.49076448374552 15.73547498303377 -41.254737108848445 676 684 -1
681 25.911017267126073 14.570230561706655 -62.182669084177384 677 685 -1
682 -57.048609971522346 16.319399755801367 -47.96796399048593 678 686 -1
683 -50.106391372402484 10.910728908163593 -41.323326329178045 679 687 -1
684 -51.50513750135043 15.839489475166324 -41.04517617868324 680 688 -1
685 25.972859794608507 14.717969299805263 -62.06496900137476 681 689 -1
686 -57.228140058937974 16.38175804611267 -47.920996603006365 682 690 -1
687 -49.97751646706856 10.872327999485513 -41.11179927662161 683 691 -1
688 -51.52003674254551 15.945573306124048 -40.83669201252392 684 692 -1
689 26.0337063146944 14.867112884954706 -61.94852823486097 685 693 -1
690 -57.40723605074095 16.443194799742596 -47.871240160864026 686 694 -1
691 -49.845541453196276 10.836199096082266 -40.90178847232788 687 695 -1
692 -51.535425008685394 16.05365452765497 -40.6292719136808 688 696 -1
693 26.09355808569595 15.017585846078346 -61.83328822587094 689 697 -1
694 -57.585859224091514 16.503705295363 -47.81872537215426 690 698 -1
695 -49.71064708251588 10.802143742000991 -40.69329113622832 691 699 -1
696 -51.55126269772071 16.163651419344962 -40.42289524946325 692 700 -1
697 26.15239749150604 15.169338787216262 -61.71921102532157 693 701 -1
698 -57.763972153909656 16.563285888137802 -47.763484914601236 694 702 -1
699 -49.57300464023292 10.769966055370531 -40.48629670852206 695 703 -1
700 -51.56751299083742 16.275493999081604 -40.21754513193954 696 704 -1
701 26.210255777650623 15.322264509183894 -61.60620305930028 697 705 -1
702 -57.94153882403811 16.62193406052614 -47.70555347626547 698 706 -1
703 -49.43277624548834 10.739472939992844 -40.28078799486649 699 707 -1
704 -51.58413748472537 16.389105087423836 -40.01319817359022 700 708 -1
705 26.267121725951878 15.476310925442322 -61.49421798453528 701 709 -1
706 -58.11852470070963 16.67964840567859 -47.64496760139643 702 710 -1
707 -49.29011524757975 10.710474148354688 -40.07674220140429 703 711 -1
708 -51.6010998400927 16.50442027658019 -39.80983583357347 704 712 -1
709 26.323006796338383 15.631401789850909 -61.38318467415191 705 713 -1
710 -58.29489679498919 16.736428605869182 -47.581765533772014 706 714 -1
711 -49.14516669466307 10.682782216588725 -39.874131861624704 707 715 -1
712 -51.61836180126719 16.62138089436922 -39.60744064501307 708 716 -1
713 26.37793502860334 15.787452337091178 -61.27302178987133 709 717 -1
714 -58.4706237142621 16.792275406362418 -47.515987058815725 710 718 -1
715 -48.99806785592639 10.65621228984677 -39.67292566000448 711 719 -1
716 -51.63588683356474 16.739942178568658 -39.406001606941444 712 720 -1
717 26.43189607126796 15.944414292820323 -61.1636786509795 713 721 -1
718 -58.645675702954364 16.84719058514038 -47.44767334571574 714 722 -1
719 -48.84894878214443 10.630581854323575 -39.473089159422344 715 723 -1
720 -51.653637110179716 16.86005073083065 -39.20550105654902 716 724 -1
721 26.484917100534865 16.10220602582817 -61.05507237417656 717 725 -1
722 -58.820024672777656 16.901176918933327 -47.37686679069167 718 726 -1
723 -48.69793289303395 10.605710389932353 -39.27458544067727 719 727 -1
724 -51.67157652307738 16.981664189085567 -39.00592659137833 720 728 -1
725 26.537022932232784 16.2607671909772 -60.947145823979795 721 729 -1
726 -58.993644222883745 16.95423814600779 -47.30361086246658 722 730 -1
727 -48.54513715071815 10.581419059521265 -39.07737598835331 723 731 -1
728 -51.68966798185655 17.1047314444391 -38.807259063967955 724 732 -1
729 26.58823353072084 16.420117566856476 -60.839955667027574 725 733 -1
730 -59.16650965039444 17.006378926169813 -47.22794995090529 726 734 -1
731 -48.39067350054591 10.557529906764694 -38.88142059764514 727 735 -1
732 -51.707875511490485 17.229210252713617 -38.609483527046855 728 736 -1
733 26.638600578292408 16.580275589618843 -60.73357264610227 729 737 -1
734 -59.33859785558723 17.057604688918303 -47.1499289407437 730 738 -1
735 -48.234649748855674 10.53386548386497 -38.68667755744856 731 739 -1
736 -51.72616286860765 17.355053963753303 -38.412581022124584 732 740 -1
737 26.68817173738647 16.741259454349997 -60.62806594584772 733 741 -1
738 -59.50988761343016 17.107921913529974 -47.06959390192156 734 742 -1
739 -48.07716897819228 10.510248562200449 -38.493104960667196 735 743 -1
740 -51.74449423055526 17.482219479667872 -38.21653365731496 736 744 -1
741 26.736979998813684 16.903100253939623 -60.52351892761689 737 745 -1
742 -59.680359365941506 17.157337844490257 -46.986991325194836 738 746 -1
743 -47.9183307356279 10.486501336287514 -38.300660652900625 739 747 -1
744 -51.762833896512284 17.610664739594277 -38.021323104426386 740 748 -1
745 26.785054110722246 17.065834095614267 -60.4200233803145 741 749 -1
746 -59.84999514697769 17.20586039379909 -46.902167870370384 742 750 -1
747 -47.75823123610514 10.462444573924484 -38.10930294980919 743 751 -1
748 -51.78114638521027 17.740345575108776 -37.826928573004 744 752 -1
749 26.832443653183915 17.22946866253665 -60.31763842540649 745 753 -1
750 -60.01877861641704 17.25349816779325 -46.81517043307763 746 754 -1
751 -47.5969657184546 10.437897509741504 -37.918989439073236 747 755 -1
752 -51.79939614044434 17.87122445500208 -37.63333266413497 748 756 -1
753 26.879182248215958 17.394027688761046 -60.21644284601596 749 757 -1
754 -60.18669487738631 17.300260273889464 -46.72604567713751 750 758 -1
755 -47.434627201800886 10.412676762576583 -37.72967890011589 751 759 -1
756 -51.817548101075566 18.003257419165852 -37.440512742067305 752 760 -1
757 26.9252946563284 17.55954692244019 -60.11653421392417 753 761 -1
758 -60.35373068990632 17.346156534264715 -46.634840563510096 754 762 -1
759 -47.271307896464414 10.386595686113086 -37.54133098660916 755 763 -1
760 -51.835566876103925 18.136407156531615 -37.24844973069738 756 764 -1
761 26.97081422181261 17.72604783996267 -60.01799445413622 757 765 -1
762 -60.51987443399195 17.391197431092696 -46.54160221320565 758 766 -1
763 -47.10709993681633 10.359463631466433 -37.35390650064585 759 767 -1
764 -51.853417400684386 18.270634034187502 -37.05712215465959 760 768 -1
765 27.015778120373923 17.893541102127045 -59.92089199706202 761 769 -1
766 -60.68511587008116 17.435393872465514 -46.44637736130809 762 770 -1
767 -46.942096149739655 10.331085191929592 -37.1673676807175 763 771 -1
768 -51.871064727489205 18.405899231327123 -36.86650829318106 764 772 -1
769 27.060215411777214 18.06204736620689 -59.82531169246585 765 773 -1
770 -60.849446167336126 17.478757227062523 -46.34921246303454 766 774 -1
771 -46.7763908666196 10.301259434158329 -36.981678513090635 767 775 -1
772 -51.88847324152243 18.54216739035391 -36.67658808449755 768 776 -1
773 27.10414763558143 18.23160083228171 -59.73136385909398 769 777 -1
774 -61.01285784974943 17.52129927957695 -46.2501536118478 770 778 -1
775 -46.61008078747071 10.269779121406469 -36.79680507661438 771 779 -1
776 -51.90560845241716 18.679399077024623 -36.48733796311013 772 780 -1
777 27.14760480769587 18.402216225503658 -59.63913358058939 773 781 -1
778 -61.17534474020281 17.56303218744115 -46.14924646471077 774 782 -1
779 -46.44326583904283 10.236429585640044 -36.612716058311136 775 783 -1
780 -51.92243445352574 18.817560709125605 -36.298737818279434 776 784 -1
781 27.19061805004559 18.573900336027897 -59.54869609913613 777 785 -1
782 -61.33690089264333 17.603967590932857 -46.04653427214373 778 786 -1
783 -46.27605018752898 10.200987187882484 -36.42938336025441 779 787 -1
784 -51.93891564536252 18.956626199042024 -36.110772592400814 780 788 -1
785 27.233212733022313 18.746668620798296 -59.46014488151479 781 789 -1
786 -61.49752327783611 17.644118914704627 -45.942063106657436 782 790 -1
787 -46.10854383710826 10.163221954084477 -36.24678149214612 783 791 -1
788 -51.95501532402577 19.096580688985973 -35.923435173964556 784 792 -1
789 27.275408387543283 18.92054984930499 -59.373603959314984 785 793 -1
790 -61.65720938946289 17.683499300154864 -45.83587718815322 786 794 -1
791 -45.94086300578987 10.122889917787134 -36.064890321606036 787 795 -1
792 -51.970696182300486 19.237410696598722 -35.73671938180456 788 796 -1
793 27.317230759334105 19.09555261330229 -59.28916853767686 789 797 -1
794 -61.81595666312279 17.7221212057718 -45.72801809435523 790 798 -1
795 -45.7731322947415 10.079740573839938 -35.88369331703303 791 799 -1
796 -51.98592239052712 19.379099723608885 -35.550616856298475 792 800 -1
797 27.35870680248901 19.27167517265041 -59.20691933254145 793 801 -1
798 -61.97376476502005 17.759998281742398 -45.618528941735725 794 802 -1
799 -45.60548568362046 10.033509323943749 -35.70318027578311 795 803 -1
800 -52.00065563594536 19.521635733900325 -35.365122422964326 796 804 -1
801 27.399858675546607 19.448924643922364 -59.1269600048351 797 805 -1
802 -62.13063440828554 17.797144385412672 -45.50745220993617 798 806 -1
803 -45.43806845863099 9.983919474603931 -35.52334749578383 799 807 -1
804 -52.01486037922075 19.665001782389083 -35.18022740439982 800 808 -1
805 27.440703360930964 19.62732204951986 -59.049433243701245 801 809 -1
806 -62.28656533771681 17.833572074484234 -45.39482655026081 802 810 -1
807 -45.2710389538521 9.930681893610258 -35.34419889720938 803 811 -1
808 -52.028498769184935 19.809184591042705 -34.99592580962408 804 812 -1
809 27.481258069066897 19.806836671631174 -58.97437245875468 805 813 -1
810 -62.44156112823202 17.869296286258603 -45.280694748167484 806 814 -1
811 -45.104570421945695 9.873494912527393 -35.16574731094364 807 815 -1
812 -52.04153406287879 19.954169013393056 -34.81221036965488 808 816 -1
813 27.521532279222473 19.987395891319267 -58.90170418077106 809 817 -1
814 -62.59562262924885 17.904329393685686 -45.165093149839485 810 818 -1
815 -44.93885338144617 9.812042824044102 -34.988016227549025 811 819 -1
816 -52.05392952257608 20.099939883102596 -34.62907389161075 812 820 -1
817 27.56153290271397 20.168936043025486 -58.831365467970144 813 821 -1
818 -62.748754795511005 17.938686319254014 -45.048062615183994 814 822 -1
819 -44.77409800075144 9.74599637512946 -34.811041454573676 815 823 -1
820 -52.06564697243632 20.24648353918706 -34.44651042327413 816 824 -1
821 27.601262839411593 20.35141190327434 -58.76333199606604 817 825 -1
822 -62.9009606637219 17.97238010640387 -44.92963914446142 818 826 -1
823 -44.61053637360848 9.675014455028355 -34.63487290995787 819 827 -1
824 -52.07665095964579 20.39378316027725 -34.264511812834584 820 828 -1
825 27.640734766972443 20.534749467369913 -58.69750066325674 821 829 -1
826 -63.05224506750698 18.005424655529957 -44.809859710663645 822 830 -1
827 -44.44842465679556 9.598746482355148 -34.45957661949279 823 831 -1
828 -52.08690180727359 20.54182614647385 -34.0830732489477 824 832 -1
829 27.679959749159224 20.718886267081164 -58.63378622503374 825 833 -1
830 -63.202613778923364 18.037834085772463 -44.688760925418926 826 834 -1
831 -44.28804596538393 9.51683276549895 -34.28523734676985 827 835 -1
832 -52.0963647302669 20.690594892397574 -33.90218635482114 828 836 -1
833 27.718948158004878 20.903767104575692 -58.57211330323981 829 837 -1
834 -63.352071706881404 18.069621517039305 -44.5663765561683 830 838 -1
835 -44.129713522936925 9.428905745172118 -34.11196144259152 831 839 -1
836 -52.105000473235854 20.84007580694254 -33.721846030543325 832 840 -1
837 27.75770648720655 21.08935282096049 -58.5124446924383 833 841 -1
838 -63.50062518069204 18.10080066684337 -44.442740875653655 834 842 -1
839 -43.97376926283329 9.334603763638441 -33.93987766248621 835 843 -1
840 -52.11277298034175 20.990252275271587 -33.542045125080506 836 844 -1
841 27.796251074256244 21.275578529953645 -58.454661404571034 837 845 -1
842 -63.64828128494825 18.131385380934702 -44.317887706177444 838 846 -1
843 -43.82058997542934 9.233563527813306 -33.769142013993154 839 847 -1
844 -52.119644166919684 21.141109176940894 -33.36277792803868 840 848 -1
845 27.83459481138335 21.46239446765114 -58.39867747530431 841 849 -1
846 -63.79504696243331 18.16138905361086 -44.19184926608673 842 850 -1
847 -43.67058222846724 9.125441445686711 -33.59993712854896 843 851 -1
848 -52.12557660693302 21.292630618451074 -33.184038449752975 844 852 -1
849 27.872750545096796 21.64975492638233 -58.344410599410544 845 853 -1
850 -63.94092953926621 18.190824998879098 -44.06465696688952 846 854 -1
851 -43.52418495379559 9.009913472531272 -33.43247547737584 847 855 -1
852 -52.130533515749796 21.44480008023913 -33.00582054242339 848 856 -1
853 27.910728794181683 21.837624457743704 -58.29180430050447 849 857 -1
854 -64.08593669054271 18.219706439594795 -43.93634142012056 850 858 -1
855 -43.38186478644846 8.886690028651863 -33.266998950198825 851 859 -1
856 -52.134476030615836 21.597602135613034 -32.82811932472886 852 860 -1
857 27.948545849153824 22.025954571752436 -58.24075160541841 853 861 -1
858 -64.23007623271195 18.248046390115174 -43.80693222896354 854 862 -1
859 -43.244111879814426 8.755526192412356 -33.10377839934094 855 863 -1
860 -52.137368783416 21.751018978713386 -32.65092836984313 856 864 -1
861 27.986216640398894 22.21470397172223 -58.19115994551913 857 865 -1
862 -64.37335668059937 18.275858011797318 -43.676458732348095 858 866 -1
863 -43.11143222586309 8.6162348349005 -32.943111003311444 859 867 -1
864 -52.139171436760456 21.90503541119909 -32.47424386433826 860 868 -1
865 28.023755532529368 22.403835924797242 -58.142944522754874 861 869 -1
866 -64.51578665216618 18.30315424888586 -43.544949295203004 862 870 -1
867 -42.98433334995629 8.468704920655506 -32.78531350953654 863 871 -1
868 -52.13984997119345 22.0596325232784 -32.29805932101271 864 872 -1
869 28.061176776756525 22.593316813721945 -58.096024681160046 865 873 -1
870 -64.65737490441711 18.329947866154615 -43.412431411876966 866 874 -1
871 -42.86331991941855 8.312900303198665 -32.630719657266134 867 875 -1
872 -52.13936309635236 22.214794863510658 -32.12237173860542 868 876 -1
873 28.098494250768745 22.783117023875572 -58.050328579149415 869 877 -1
874 -64.79813014846556 18.35625135494513 -43.27893154356585 870 878 -1
875 -42.74887044802711 8.14888092313535 -32.479666771247366 871 879 -1
876 -52.13767723395417 22.370502943689722 -31.94717510274499 872 880 -1
877 28.135724848698167 22.973200143076443 -58.00575118793 873 881 -1
878 -64.93806156402167 18.382077246683135 -43.144475769822634 874 882 -1
879 -42.64142534407276 7.97680173065454 -32.332486978219144 875 883 -1
880 -52.134751775567025 22.526740211048526 -31.77246659774119 876 884 -1
881 28.172886867952272 23.163548243580358 -57.962260664747554 877 885 -1
882 -65.07717851861678 18.40743795109563 -43.00908948609117 878 886 -1
883 -42.54137344319444 7.796910809251932 -32.189496710419974 879 887 -1
884 -52.13055222101982 22.683487165805595 -31.598241302995255 880 888 -1
885 28.210006035174573 23.35417052610285 -57.919950720557765 881 889 -1
886 -65.21549044225618 18.432345693904047 -42.87279730103415 882 890 -1
887 -42.449035794733916 7.609547083601495 -32.0509837367703 883 891 -1
888 -52.125039242880135 22.840725949884128 -31.424496481744043 884 892 -1
889 28.247108719731717 23.54507936183584 -57.87893837359657 885 893 -1
890 -65.35300687821398 18.45681255581948 -42.73562313544412 886 894 -1
891 -42.364653295155044 7.415130940973042 -31.91719555278222 887 895 -1
892 -52.11817741828234 22.998436888554757 -31.251228309587745 888 896 -1
893 28.28422100879526 23.736288802471 -57.83936050657974 889 897 -1
894 -65.489737464261 18.480850470456872 -42.597590237911575 890 898 -1
895 -42.28838224181718 7.214147068819257 -31.78833209607287 891 899 -1
896 -52.109928881816565 23.15660085094562 -31.078434212101207 892 900 -1
897 28.321368428965357 23.927805448437244 -57.801331931766846 893 901 -1
898 -65.62569120738884 18.504470848409625 -42.45872044899246 894 902 -1
899 -42.220294451921795 7.007125515383833 -31.66454143245621 895 903 -1
900 -52.10025727071943 23.315197844336335 -30.90611148028299 896 904 -1
901 28.358575444818673 24.119633816101974 -57.76497006050201 897 905 -1
902 -65.76087812716875 18.52768547024946 -42.31903600767164 898 906 -1
903 -42.16037596143415 6.794625965306982 -31.545914924696945 899 907 -1
904 -52.08912641646924 23.474207487268355 -30.73425776164234 900 908 -1
905 28.395866082521714 24.31177739436133 -57.73040311858933 901 909 -1
906 -65.89530841561728 18.550506023259775 -42.17855864408566 902 910 -1
907 -42.108535787194604 6.577217663337759 -31.432489254695977 903 911 -1
908 -52.07649896591075 23.633609345039552 -30.56287150004785 904 912 -1
909 28.433263910145932 24.5042368007461 -57.69776321321653 905 913 -1
910 -66.02899139825298 18.572943579710778 -42.037308542928145 906 914 -1
911 -42.064614301177315 6.355463723391982 -31.324249074697725 907 915 -1
912 -52.0623407556002 23.793381802457322 -30.391950597623392 908 916 -1
913 28.47079205685359 24.697009436853495 -57.66718673806397 909 917 -1
914 -66.16193655131043 18.59500914597352 -41.89530545844018 910 918 -1
915 -42.02839775004752 6.1299059345690186 -31.221134551736245 911 919 -1
916 -52.046613338417146 23.953503875258438 -30.22149470876937 912 920 -1
917 28.50847576999411 24.890093440413757 -57.638849021555735 913 921 -1
918 -66.29415462298769 18.61671420966273 -41.752569846201695 914 922 -1
919 -41.99962593257956 5.9010567756259595 -31.123045234951956 915 923 -1
920 -52.029284959418966 24.113952732789766 -30.05150199213595 916 924 -1
921 28.54633610773847 25.08347490865394 -57.61287568653179 917 925 -1
922 -66.42565418549987 18.63806904193232 -41.609119424019 918 926 -1
923 -41.97800614068112 5.6693911121342095 -31.029848757804867 919 927 -1
924 -52.0103158981174 24.274706745687435 -29.88197339303224 920 928 -1
925 28.584394357618315 25.277137768053123 -57.58941145013385 921 929 -1
926 -66.55644603131451 18.65908486424808 -41.46497359756494 922 930 -1
927 -41.963228333360576 5.435340865584096 -30.941391160310122 923 931 -1
928 -51.98967673253689 24.435741986977376 -29.712907455562988 924 932 -1
929 28.622671805127144 25.471061819785433 -57.56861408936434 925 933 -1
930 -66.68653932083689 18.679771979536667 -41.32014965570078 926 934 -1
931 -41.954965810160175 5.1992966675568475 -30.857497629408876 927 935 -1
932 -51.96732798389042 24.597035820199647 -29.544306034068434 928 936 -1
933 28.66118915230818 25.665221089486238 -57.55064726519905 929 937 -1
934 -66.8159440909035 18.70014098524855 -41.17466526672942 930 938 -1
935 -41.952889566647265 4.96160583012303 -30.7779829916491 931 939 -1
936 -51.943244174082835 24.758560878941672 -29.37616553829691 932 940 -1
937 28.69997111691776 25.859585915011028 -57.535733997787794 933 941 -1
938 -66.94466979555766 18.720202090321465 -41.028537080487006 934 942 -1
939 -41.95667246279143 4.722574896596783 -30.70265539052001 935 943 -1
940 -51.917405141920185 24.920280615168863 -29.208473347832903 936 944 -1
941 28.739034383451845 26.054112346742013 -57.52400743573765 937 945 -1
942 -67.07272643766768 18.739965639160182 -40.88178182947989 938 946 -1
943 -41.96599528348387 4.4824720639881255 -30.631321399927167 939 947 -1
944 -51.88979875635123 25.082155507234813 -29.041213061022503 940 948 -1
945 28.778394813158698 26.24874533790871 -57.51547867649399 941 949 -1
946 -67.200123029245 18.75944143258528 -40.73441490581551 942 950 -1
947 -41.980552214200316 4.241530264039908 -30.56379082525335 943 951 -1
948 -51.860410437984704 25.244146267407977 -28.87436907628385 944 952 -1
949 28.818069428475496 26.44342686009657 -57.51008234418665 945 953 -1
950 -67.32687012809504 18.778639836844675 -40.586452729120865 946 954 -1
951 -42.0 4.0 -30.5 947 -1 -1
952 -51.82922415914654 25.40621354947835 -28.70792628209707 948 955 -1
953 28.858083017407232 26.638100627881464 -57.507806040073554 949 956 -1
954 -67.45297581302239 18.797570070189202 -40.43790907578947 950 957 -1
955 -51.796228316087884 25.568317780167085 -28.54186881519883 952 958 -1
956 28.898452678508086 26.83271270924951 -57.508549789764984 953 959 -1
957 -67.5784508048519 18.816242365937484 -40.288799757973386 954 960 -1
958 -51.76140259650835 25.730419338697846 -28.376182848052483 955 961 -1
959 28.939197284731375 27.027213435633183 -57.51222395631033 956 962 -1
960 -67.70330413937364 18.83466616411686 -40.13913871314019 957 963 -1
961 -51.72473719460438 25.892478457499646 -28.210852660257835 958 964 -1
962 28.980343977209206 27.221553488041774 -57.51879037948553 959 965 -1
963 -67.82754456966187 18.85285072522721 -39.98893931393005 960 966 -1
964 -51.68621194372889 26.054454966163465 -28.04586480643638 961 967 -1
965 29.0219226255927 27.415684186503707 -57.52821002614162 962 968 -1
966 -67.95118218126728 18.870805746200613 -39.838215783004365 963 969 -1
967 -51.645813910411434 26.21630871072097 -27.881204749362162 964 970 -1
968 29.0639519842249 27.60956583515298 -57.54036284308684 965 971 -1
969 -68.07422599413647 18.888540430689435 -39.686981103212894 966 972 -1
970 -51.603526042984114 26.377999073469265 -27.716858991469632 967 973 -1
971 29.106468506606998 27.803152267699428 -57.55522654042638 968 974 -1
972 -68.19668437625135 18.906063687338225 -39.53524742317981 969 975 -1
973 -51.55933088917121 26.53948501685752 -27.552814371685308 970 976 -1
974 29.149505398729886 27.996401649985405 -57.57274255540586 971 977 -1
975 -68.31856721442217 18.923384904681402 -39.3830279088496 972 978 -1
976 -51.513215112335146 26.700725686099588 -27.389057431363273 973 979 -1
977 29.193087012157417 28.189281421931216 -57.59280245938299 974 980 -1
978 -68.43988344530506 18.940513058360334 -39.230334647566536 975 981 -1
979 -51.465156749789266 26.8616786750343 -27.225576313389453 976 982 -1
980 29.23727163701936 28.38173862552171 -57.61543711779977 977 983 -1
981 -68.56064172628137 18.957456975067068 -39.07717924575436 978 984 -1
982 -51.415144846979416 27.022302829714608 -27.062357964870145 979 985 -1
983 29.28207736846243 28.57375148749425 -57.640494877330916 980 986 -1
984 -68.68085059712077 18.97422539808595 -38.923572979485726 981 987 -1
985 -51.36315731573629 27.182554720483722 -26.899391222275487 982 988 -1
986 29.327568924404382 28.76526808847824 -57.66799581680278 983 989 -1
987 -68.8005193294552 18.990827247490568 -38.76952749153215 984 990 -1
988 -51.30918084567866 27.342392055953315 -26.736664185116688 985 991 -1
989 29.373775219264363 28.95626535968026 -57.697819308137255 986 992 -1
990 -68.91965658819348 19.00727119641598 -38.61505370357529 987 993 -1
991 -51.25319632774273 27.501770906748284 -26.574166095488692 988 994 -1
992 29.42077185439218 29.14668945440311 -57.72998146423042 989 995 -1
993 -69.03827096999109 19.023565852822962 -38.460162272056316 990 996 -1
994 -51.19518669967976 27.660647215714867 -26.41188638255992 991 997 -1
995 29.468593663547676 29.336519139401357 -57.76436435997903 992 998 -1
996 -69.15637077756845 19.039719704506826 -38.30486342053676 993 999 -1
997 -51.13513629809263 27.818976772144158 -26.249814806611546 994 1000 -1
998 29.5173240548243 29.525701306910065 -57.800969076495775 995 1001 -1
999 -69.27396443305315 19.055741240056626 -38.14916727799095 996 1002 -1
1000 -51.07302469313674 27.976713434245138 -26.0879420834102 997 1003 -1
1001 29.567021489458345 29.71420190614223 -57.83972589503966 998 1004 -1
1002 -69.39106063087425 19.071638977889677 -37.99308399921495 999 1005 -1
1003 -51.008839518106214 28.133812809045423 -25.926258673775397 1000 1006 -1
1004 29.61771675449531 29.901984736198678 -57.880616054970815 1001 1007 -1
1005 -69.50766769278934 19.0874213041941 -37.83662326867003 1002 1008 -1
1006 -50.94255745058738 28.290226421969493 -25.764756558375474 1003 1009 -1
1007 29.669424296187543 30.08900761973155 -57.92366508304551 1004 1010 -1
1008 -69.62379387408001 19.103096560711535 -37.67979455093911 1005 1011 -1
1009 -50.874168484856035 28.44590948484806 -25.603427126345135 1006 1012 -1
1010 29.72214508048444 30.27523687244979 -57.968871434587676 1007 1013 -1
1011 -69.73944736442567 19.118673049012774 -37.52260709914486 1008 1014 -1
1012 -50.8036491935531 28.60081183923738 -25.442263450537997 1009 1015 -1
1013 29.775857926044335 30.46065719551653 -58.01618569143591 1010 1016 -1
1014 -69.85463628893164 19.134159034825 -37.3650699631815 1011 1017 -1
1015 -50.73098921060164 28.7548873359399 -25.281258186035895 1012 1018 -1
1016 29.830543962055586 30.645253488779087 -58.06556256223196 1013 1019 -1
1017 -69.96936836187844 19.149562694992778 -37.207191740454824 1014 1020 -1
1018 -50.656167174989555 28.908084824960202 -25.12040543883057 1015 1021 -1
1019 29.886175823857332 30.829020107401174 -58.11693781129797 1016 1022 -1
1020 -70.08365194945812 19.164892307762422 -37.048981373847255 1017 1023 -1
1021 -50.579171543128204 29.060356294014987 -24.959699270331466 1018 1024 -1
1022 29.942721620064475 31.011958267880036 -58.17023661949194 1019 1025 -1
1023 -70.19749498963924 19.180156057326524 -36.89044735006347 1020 1026 -1
1024 -50.49998329766116 29.211649719655217 -24.799134930198765 1021 1027 -1
1025 30.000144042421436 31.19407740755786 -58.22537165286727 1022 1028 -1
1026 -70.31090535989883 19.19536210974778 -36.731597982815224 1023 1029 -1
1027 -50.41859037078251 29.36191527677665 -24.638707919741098 1024 1030 -1
1028 30.05838732828173 31.375408664352765 -58.282216138827174 1025 1031 -1
1029 -70.42389088041439 19.210518617828278 -36.57244142135748 1026 1032 -1
1030 -50.33497591878415 29.51110001652502 -24.478414770253135 1027 1033 -1
1031 30.117399478636983 31.55598445585971 -58.34065068960826 1028 1034 -1
1032 -70.53645931584127 19.22563372576243 -36.41298565774658 1029 1035 -1
1033 -50.249128000325314 29.659152422240705 -24.31825247101511 1030 1036 -1
1034 30.177125297858808 31.73584482654373 -58.40054892125071 1031 1037 -1
1035 -70.64861837719056 19.240715573850046 -36.2532385339642 1032 1038 -1
1036 -50.161031838331965 29.8060185767465 -24.15821895857668 1033 1039 -1
1037 30.237522069679784 31.915021171806483 -58.461809292224714 1034 1040 -1
1038 -70.76037567158653 19.25577230102233 -36.09320771233515 1035 1041 -1
1039 -50.07067623328295 29.951645448272004 -23.998312768410987 1036 1042 -1
1040 30.298517415271988 32.0935792499771 -58.524270189161314 1037 1043 -1
1041 -70.87173862274541 19.27081205304157 -35.93290062712725 1038 1044 -1
1042 -49.97804846211521 30.09597814678591 -23.83853335092395 1039 1045 -1
1043 30.360057759713545 32.2715693125165 -58.58780880077116 1040 1046 -1
1044 -70.98271503547362 19.285843003020123 -35.77232488277219 1041 1047 -1
1045 -49.88313860998304 30.238962333022773 -23.678880851599057 1042 1048 -1
1046 30.422096039854246 32.449037810845354 -58.65231493599145 1043 1049 -1
1047 -71.0933124253664 19.300873324626973 -35.611487788721575 1044 1050 -1
1048 -49.78593612308409 30.380542215912147 -23.519356326443248 1045 1051 -1
1049 30.484612338367928 32.62601135985941 -58.71771310272433 1046 1052 -1
1050 -71.20353826523042 19.315911212373233 -35.45039653837901 1047 1053 -1
1051 -49.686432800457276 30.52066235402953 -23.359961596304295 1048 1054 -1
1052 30.547708323925452 32.80240172778351 -58.78412195899327 1049 1055 -1
1053 -71.31339998746573 19.330964886753296 -35.28905821558951 1050 1056 -1
1054 -49.58462053528423 30.65926625072271 -23.200699393946262 1051 1057 -1
1055 30.611467373717485 32.9781350409918 -58.85163003438658 1052 1058 -1
1056 -71.42290498651833 19.346042599470735 -35.12747980105402 1053 1059 -1
1057 -49.48049311175652 30.796297521366725 -23.041573279753607 1054 1060 -1
1058 30.675978101672683 33.153126382794824 -58.92034041893308 1055 1061 -1
1059 -71.53206055733513 19.361152646365813 -34.965668136269684 1056 1062 -1
1060 -49.374045344667145 30.931699339978707 -22.882587707377542 1057 1063 -1
1061 30.74133993051205 33.32727454185244 -58.99037554529586 1058 1064 -1
1062 -71.64087382471763 19.376303392254144 -34.80362988352689 1059 1065 -1
1063 -49.265273070490544 31.065414435518694 -22.723748039347505 1060 1066 -1
1064 30.807613105038776 33.50051150136839 -59.06179975897548 1061 1067 -1
1065 -71.74935234719052 19.391503191898973 -34.64137192731483 1062 1068 -1
1066 -49.1541747297972 31.19738627693381 -22.565060457302625 1063 1069 -1
1067 30.874873299613867 33.67274847525112 -59.13470421073533 1064 1070 -1
1068 -71.85750339276146 19.406760477733407 -34.478900898543536 1065 1071 -1
1069 -49.0407480279389 31.327556593108426 -22.406532190033786 1066 1072 -1
1070 30.943208310898576 33.843878005260116 -59.20919942521074 1067 1073 -1
1071 -71.96533420486813 19.422083741170592 -34.31622335637703 1068 1074 -1
1072 -48.92499599385518 31.455870097264143 -22.248171102804356 1069 1075 -1
1073 31.01268317697733 34.013809455978404 -59.2853636006068 1070 1076 -1
1074 -72.07285200521102 19.437481538452328 -34.15334579439516 1071 1077 -1
1075 -48.80691772341697 31.582267152988027 -22.089986364019676 1072 1078 -1
1076 31.08335638903144 34.18245304092095 -59.363267215277006 1073 1079 -1
1077 -72.18006361483476 19.452962613859295 -33.99027440736202 1074 1080 -1
1078 -48.6865220778459 31.706695078408913 -21.93198740706007 1075 1081 -1
1079 31.15529332440779 34.349705127283364 -59.44299225148541 1076 1082 -1
1080 -72.28697659011976 19.46853558662469 -33.82701581257688 1077 1083 -1
1081 -48.56380873044059 31.829092161282038 -21.774185436141046 1078 1084 -1
1082 31.228557257870065 34.5154571210268 -59.524618840097986 1079 1085 -1
1083 -72.39359811397289 19.484209244294455 -33.66357634969703 1080 1086 -1
1084 -48.438792339777066 31.949408723977065 -21.616591391763198 1081 1087 -1
1085 31.303209364867975 34.67959504938774 -59.608225227267816 1082 1088 -1
1086 -72.5 19.5 -33.5 1083 -1 -1
1087 -48.31147670051455 32.06758421683283 -21.45921819983602 1084 1089 -1
1088 31.37932206153961 34.841982620403186 -59.69390664509468 1085 1090 -1
1089 -48.181877596597865 32.18356808485731 -21.302078657386883 1087 1091 -1
1090 31.456943245225954 35.0025036407297 -59.781724548919875 1088 1092 -1
1091 -48.050008312103245 32.29730653847059 -21.1451867626279 1089 1093 -1
1092 31.536122091847204 35.16103183241645 -59.87174338964738 1090 1094 -1
1093 -47.91588141273608 32.40874387538906 -20.988557615437944 1091 1095 -1
1094 31.616909969668665 35.317428399898354 -59.96403180260695 1092 1096 -1
1095 -47.77951935152617 32.517833608284754 -20.83220609802113 1093 1097 -1
1096 31.69935516910529 35.47154780649331 -60.05865514280408 1094 1098 -1
1097 -47.640939702685394 32.624523376820804 -20.676148591674377 1095 1099 -1
1098 31.78350250491138 35.62323772713679 -60.155674949085274 1096 1100 -1
1099 -47.50016315850334 32.7287631386933 -20.52040202583008 1097 1101 -1
1100 31.86939285611479 35.772339111698166 -60.255148325571675 1098 1102 -1
1101 -47.35721700469631 32.830509567655454 -20.364983231315986 1099 1103 -1
1102 31.957062647745282 35.91868637846202 -60.357127244117194 1100 1104 -1
1103 -47.21212713870196 32.92971726657371 -20.209910020054437 1101 1105 -1
1104 32.04654328707498 36.06210788158511 -60.46165760337128 1102 1106 -1
1105 -47.06491921413938 33.02633975879304 -20.05520108857644 1103 1107 -1
1106 32.13786546039859 36.202497031342624 -60.56868274350745 1104 1108 -1
1107 -46.91562489406362 33.12033732003742 -19.900874866890177 1105 1109 -1
1108 32.231077721764954 36.33997422632954 -60.67783864299065 1106 1110 -1
1109 -46.76427748682491 33.211672084879396 -19.74695011701468 1107 1111 -1
1110 32.32624676407299 36.47471558761828 -60.78870503665598 1108 1112 -1
1111 -46.610911013798486 33.300306906011016 -19.59344607096304 1109 1113 -1
1112 32.423455065634556 36.60689558540296 -60.90087858205424 1110 1114 -1
1113 -46.455561403400395 33.386207007566426 -19.440382141406857 1111 1115 -1
1114 32.52280083413685 36.736685587053834 -61.013967093600336 1112 1116 -1
1115 -46.298266423218 33.46934010428878 -19.287777845073684 1113 1117 -1
1116 32.624398185177625 36.86425299903415 -61.12758338696902 1114 1118 -1
1117 -46.13906560170547 33.5496765129982 -19.135652724113676 1115 1119 -1
1118 32.728377503508774 36.98976072637982 -61.24133883595524 1116 1120 -1
1119 -45.978000139753526 33.62718925533231 -18.984026265973814 1117 1121 -1
1120 32.834909856298516 37.113351221889324 -61.35483065715618 1118 1122 -1
1121 -45.81511281255743 33.70185415078627 -18.832917822352197 1119 1123 -1
1122 32.944145054676156 37.23519195317904 -61.4676423736734 1120 1124 -1
1123 -45.65044786231949 33.77364989914956 -18.682346527832188 1121 1125 -1
1124 33.05626761678648 37.35543042728291 -61.57933382018837 1122 1126 -1
1125 -45.484050882430665 33.842558151522084 -18.53233121881623 1123 1127 -1
1126 33.17148034528092 37.47420776917273 -61.689431102545456 1124 1128 -1
1127 -45.31596869387838 33.908563569190335 -18.382890353390387 1125 1129 -1
1128 33.289987302037375 37.59164157693779 -61.797452447201096 1126 1130 -1
1129 -45.14624614971989 33.97164822206357 -18.23404311140811 1127 1131 -1
1130 33.41178885446698 37.70763588902727 -61.90334478648014 1128 1132 -1
1131 -44.974933867927334 34.03180563203861 -18.085806472466558 1129 1133 -1
1132 33.5367595755007 37.82189106146354 -62.00742041273028 1130 1134 -1
1133 -44.802082369176276 34.08903103200139 -17.938197056934335 1131 1135 -1
1134 33.66462574436262 37.93417132369967 -62.11011940306953 1132 1136 -1
1135 -44.62773729340193 34.14331161369068 -17.791233286800615 1133 1137 -1
1136 33.79512816629906 38.04424422451084 -62.21188826576581 1134 1138 -1
1137 -44.45195301732166 34.19465361176461 -17.644929388445657 1135 1139 -1
1138 33.928036159689555 38.151841451864776 -62.313190887252226 1136 1140 -1
1139 -44.27477674053527 34.24305072172583 -17.499302326368184 1137 1141 -1
1140 34.06304692956751 38.25675485074943 -62.4145277983721 1138 1142 -1
1141 -44.0962628053131 34.28851398671687 -17.354364970093354 1139 1143 -1
1142 34.19982568402816 38.35883108936366 -62.516389897367844 1140 1144 -1
1143 -43.916457499805034 34.331039016419155 -17.210133701754007 1141 1145 -1
1144 34.3380745178644 38.457849055258166 -62.619280659763696 1142 1146 -1
1145 -43.735414980233074 34.370641731863486 -17.066619872748056 1143 1147 -1
1146 34.47745433662224 38.55367964720472 -62.72365224474614 1144 1148 -1
1147 -43.553185505908225 34.40733216784013 -16.92383599873238 1145 1149 -1
1148 34.61779003940834 38.64635621563113 -62.829580095568055 1146 1150 -1
1149 -43.36981893699166 34.44112225121147 -16.78179389680665 1147 1151 -1
1150 34.7590916665425 38.735960331285995 -62.936859663396234 1148 1152 -1
1151 -43.185364911595336 34.47202641111519 -16.640504491496685 1149 1153 -1
1152 34.90138705168189 38.8225676524639 -63.04528120615239 1150 1154 -1
1153 -43.0 34.5 -16.5 1151 -1 -1
1154 35.04468090518728 38.906335108086324 -63.15461524992867 1152 1155 -1
1155 35.18900130207941 38.98735746921865 -63.264665920013 1154 1156 -1
1156 35.33438887574311 39.06570637620538 -63.37524693368688 1155 1157 -1
1157 35.48089024575194 39.14144947239229 -63.48617310106945 1156 1158 -1
1158 35.62853047563175 39.2147069277466 -63.597258495570095 1157 1159 -1
1159 35.777354539284495 39.28555337988264 -63.70832812879615 1158 1160 -1
1160 35.927410780183926 39.35405858593862 -63.81920879013168 1159 1161 -1
1161 36.078773639052905 39.42024935492473 -63.9297186943508 1160 1162 -1
1162 36.231482000637754 39.484216973761725 -64.03968508829621 1161 1163 -1
1163 36.385588184594035 39.54602535554256 -64.1489337528625 1162 1164 -1
1164 36.54115196149324 39.605724936253864 -64.25728568294488 1163 1165 -1
1165 36.69824859373947 39.663344610807805 -64.36454655695421 1164 1166 -1
1166 36.85695421935826 39.718913647942415 -64.47051260474463 1165 1167 -1
1167 37.017312464970324 39.77249841022276 -64.57500175235145 1166 1168 -1
1168 37.17938977220402 39.8241313837539 -64.67780750280184 1167 1169 -1
1169 37.34327928505745 39.87381376969009 -64.77868299959148 1168 1170 -1
1170 37.50904886462692 39.92157150278846 -64.8773919909991 1169 1171 -1
1171 37.67674134333588 39.96744821739902 -64.97371556323051 1170 1172 -1
1172 37.84644205593543 40.011438322390276 -65.06736442617023 1171 1173 -1
1173 38.01815034997392 40.053452375381625 -65.15821996241012 1172 1174 -1
1174 38.19155620212634 40.09321467417098 -65.24683836163584 1173 1175 -1
1175 38.36636322852633 40.1303076364632 -65.33384747097901 1174 1176 -1
1176 38.54221764267566 40.16440763032883 -65.41996573472645 1175 1177 -1
1177 38.71877025096555 40.19521164794592 -65.50589687298199 1176 1178 -1
1178 38.89567123318528 40.222313738525784 -65.59235578483242 1177 1179 -1
1179 39.07253758209667 40.24554204230001 -65.68000265129258 1178 1180 -1
1180 39.248979326037414 40.26459566116058 -65.76949086961456 1179 1181 -1
1181 39.42458094744331 40.27923896189708 -65.86142562529221 1180 1182 -1
1182 39.59894506769555 40.28938586651464 -65.95627308335101 1181 1183 -1
1183 39.77184445487885 40.2951126411046 -66.05412798088499 1182 1184 -1
1184 39.943372330097745 40.29677654413064 -66.15452051684827 1183 1185 -1
1185 40.11374323186232 40.29490889312103 -66.25686215772468 1184 1186 -1
1186 40.2831557187205 40.28991068157633 -66.36068081827763 1185 1187 -1
1187 40.4518184878507 40.28214941297979 -66.4655466074512 1186 1188 -1
1188 40.61994747881484 40.271965289722566 -66.57106142551058 1187 1189 -1
1189 40.78776355053496 40.25967528440375 -66.6768506139984 1188 1190 -1
1190 40.95549135197482 40.245575443269715 -66.78255454914257 1189 1191 -1
1191 41.123362088563425 40.229939922898375 -66.88781483140238 1190 1192 -1
1192 41.2916070834488 40.21305724100541 -66.99228182429937 1191 1193 -1
1193 41.46046020087569 40.19519335796324 -67.09559779544715 1192 1194 -1
1194 41.630158627896385 40.17661266523522 -67.19739051155123 1193 1195 -1
1195 41.80094263552867 40.15758230271492 -67.29726562154411 1194 1196 -1
1196 41.97304658760235 40.13836376888051 -67.39481072671853 1195 1197 -1
1197 42.1465801853195 40.119031578580945 -67.48976613526483 1196 1198 -1
1198 42.32156157126195 40.09948198108757 -67.58198035157626 1197 1199 -1
1199 42.49796787237518 40.07960206436121 -67.67136495375462 1198 1200 -1
1200 42.67577535652855 40.05927661736409 -67.75782458952764 1199 1201 -1
1201 42.854964085030765 40.03838479724403 -67.84124426059829 1200 1202 -1
1202 43.035543020656206 40.0167806060806 -67.92142114158307 1201 1203 -1
1203 43.217453327163696 39.99434384473051 -67.99829037454683 1202 1204 -1
1204 43.40065272423011 39.97094215152376 -68.07173416718271 1203 1205 -1
1205 43.585137541214 39.946394169969324 -68.14149288339885 1204 1206 -1
1206 43.770811214984754 39.92058930962905 -68.2075438759503 1205 1207 -1
1207 43.95763723373511 39.89334228423904 -68.26964711836212 1206 1208 -1
1208 44.14552754246112 39.86450989659691 -68.32769002232219 1207 1209 -1
1209 44.33440210321938 39.833914880457165 -68.38147825638633 1208 1210 -1
1210 44.524153671601645 39.80140207370212 -68.4308747018439 1209 1211 -1
1211 44.71467259267569 39.76678102351601 -68.47566744822225 1210 1212 -1
1212 44.90581485425289 39.72992080042557 -68.51577244333002 1211 1213 -1
1213 45.0974435865256 39.69058663674046 -68.55089322912175 1212 1214 -1
1214 45.28938341744708 39.64876823149415 -68.58110134683544 1213 1215 -1
1215 45.48149833494558 39.604683731726304 -68.60662146083968 1214 1216 -1
1216 45.673684660467366 39.55868739808066 -68.62788050475001 1215 1217 -1
1217 45.86587726125825 39.51115092233672 -68.64537106607881 1216 1218 -1
1218 46.05804467804714 39.46240524401211 -68.65949902592295 1217 1219 -1
1219 46.25018565431658 39.412814456698946 -68.67076374723516 1218 1220 -1
1220 46.44232486270656 39.3627354391948 -68.67966020712272 1219 1221 -1
1221 46.63450847931458 39.3125179768785 -68.68661617071152 1220 1222 -1
1222 46.826799663311036 39.26252715869572 -68.69207824516948 1221 1223 -1
1223 47.01926917426253 39.213124954428395 -68.69652348648317 1222 1224 -1
1224 47.211994253049234 39.16468178560868 -68.70041435238954 1223 1225 -1
1225 47.40505614085245 39.117593544904835 -68.70423042109987 1224 1226 -1
1226 47.598530676100516 39.07227076331506 -68.70847592051202 1225 1227 -1
1227 47.7924776463582 39.02912023521567 -68.71366053086251 1226 1228 -1
1228 47.98692091463564 38.98846334318823 -68.72021872970974 1227 1229 -1
1229 48.181769240158346 38.950046157716976 -68.72813675182783 1228 1230 -1
1230 48.376905648681934 38.91338982754919 -68.73723415737119 1229 1231 -1
1231 48.57222603285833 38.87799192359665 -68.74732183484895 1230 1232 -1
1232 48.76763620631268 38.843332313253015 -68.75820722689375 1231 1233 -1
1233 48.96304722002845 38.80886776624972 -68.76968248910303 1232 1234 -1
1234 49.158373037257064 38.774052320899706 -68.78154161479019 1233 1235 -1
1235 49.35352458256047 38.738332175699256 -68.79357432904878 1234 1236 -1
1236 49.54840693724809 38.70114917101564 -68.80553119535575 1235 1237 -1
1237 49.7429354641474 38.66194074505852 -68.81674155974216 1236 1238 -1
1238 49.93701500990562 38.62014695864098 -68.82623532065998 1237 1239 -1
1239 50.13050529097154 38.575222748751635 -68.83303348414485 1238 1240 -1
1240 50.32320395367662 38.52665058773634 -68.83616667653683 1239 1241 -1
1241 50.514833806323544 38.473956674933 -68.83471753868447 1240 1242 -1
1242 50.705047262414425 38.41672688415487 -68.82811191637153 1241 1243 -1
1243 50.893452251881875 38.3546181155414 -68.81604575915932 1242 1244 -1
1244 51.079629639079606 38.28737105231957 -68.79829194328376 1243 1245 -1
1245 51.26311518402627 38.21475869374961 -68.77463812796383 1244 1246 -1
1246 51.44349430505299 38.136742341764396 -68.74505926311019 1245 1247 -1
1247 51.62041383470118 38.05340357316514 -68.70967102356215 1246 1248 -1
1248 51.79380411444903 37.96512909788064 -68.66913051040699 1247 1249 -1
1249 51.963781680367774 37.87239189760138 -68.6243139027188 1248 1250 -1
1250 52.130628580313 37.77573538486619 -68.57612996586128 1249 1251 -1
1251 52.29448483003771 37.675424843574106 -68.52522162694038 1250 1252 -1
1252 52.45566698275817 37.57187074877015 -68.47230637215597 1251 1253 -1
1253 52.61438464678384 37.46530295050344 -68.41794091327736 1252 1254 -1
1254 52.77085442472706 37.355923952969036 -68.36264795301847 1253 1255 -1
1255 52.9253376635744 37.243970613473515 -68.30692184461478 1254 1256 -1
1256 53.0780348484008 37.12960196056487 -68.25117595285289 1255 1257 -1
1257 53.229082729178046 37.012954671323456 -68.19565746923057 1256 1258 -1
1258 53.37863645488318 36.89421449145321 -68.14053171416582 1257 1259 -1
1259 53.526836562540005 36.773540607872015 -68.08595175896343 1258 1260 -1
1260 53.67380841888883 36.65106585452101 -68.03206589127123 1259 1261 -1
1261 53.819672431816834 36.5269123530315 -67.97901753880058 1260 1262 -1
1262 53.964544176417824 36.4011929648111 -67.92694652848934 1261 1263 -1
1263 54.108534576736766 36.27401262169231 -67.8759902530848 1262 1264 -1
1264 54.25175012030304 36.14546955165998 -67.82628475748417 1263 1265 -1
1265 54.39429106639326 36.01565225804738 -67.77797111047144 1264 1266 -1
1266 54.5362574487855 35.8846514947862 -67.73118449465396 1265 1267 -1
1267 54.677745332297434 35.75255507040896 -67.68605887621987 1266 1268 -1
1268 54.818845396910845 35.619444772393116 -67.64273463737494 1267 1269 -1
1269 54.95964494828473 35.48540090336891 -67.6013552711977 1268 1270 -1
1270 55.100208456788714 35.35052205649308 -67.56193154193484 1269 1271 -1
1271 55.24051291057381 35.21498930937761 -67.52384754859277 1270 1272 -1
1272 55.380516491373044 35.07900201403282 -67.48627893271468 1271 1273 -1
1273 55.520183293350804 34.94275366372617 -67.44840445869555 1272 1274 -1
1274 55.659475893713356 34.80643858707317 -67.4094109312626 1273 1275 -1
1275 55.79834821671741 34.67025850983945 -67.36849792182642 1274 1276 -1
1276 55.9367389145038 34.534428594354324 -67.32488348325508 1275 1277 -1
1277 56.07456549239268 34.39918257157541 -67.27781154670161 1276 1278 -1
1278 56.21171950351367 34.26477650413228 -67.22656150997686 1277 1279 -1
1279 56.34806324907317 34.13149064012407 -67.17046025039805 1278 1280 -1
1280 56.48342861390376 33.99962867671711 -67.10889682103202 1279 1281 -1
1281 56.61766048349977 33.8694734142336 -67.04149594745563 1280 1282 -1
1282 56.75077064571145 33.74113748761601 -66.96859998649458 1281 1283 -1
1283 56.88283638285347 33.61467004730186 -66.89070593942684 1282 1284 -1
1284 57.01395288032788 33.49010167435384 -66.80827868626044 1283 1285 -1
1285 57.14423996982166 33.36742182168263 -66.72180289384475 1284 1286 -1
1286 57.27381697005409 33.24662678474957 -66.63168256896006 1285 1287 -1
1287 57.402809702255645 33.1277071484722 -66.53828782967614 1286 1288 -1
1288 57.531349280331256 33.01065057510192 -66.44195897387738 1287 1289 -1
1289 57.65956997700863 32.895460894981696 -66.34298940368222 1288 1290 -1
1290 57.787616531844044 32.78213862941003 -66.24166621041894 1289 1291 -1
1291 57.91564005886011 32.67064477123233 -66.13830592263528 1290 1292 -1
1292 58.04379207707896 32.560973439244975 -66.03316985445474 1291 1293 -1
1293 58.17223060122067 32.453124072314296 -65.92650912954397 1292 1294 -1
1294 58.30112315551329 32.34710742419015 -65.81856587218901 1293 1295 -1
1295 58.430658757176815 32.24296449339527 -65.7095734158495 1294 1296 -1
1296 58.56101419231313 32.14068165837808 -65.59980004654703 1295 1297 -1
1297 58.692387642677325 32.04029103521755 -65.48949505029907 1296 1298 -1
1298 58.82495806960286 31.941786109426523 -65.37892236456018 1297 1299 -1
1299 58.95883485860972 31.845041373622138 -65.26836942770457 1298 1300 -1
1300 59.09412211673546 31.749900191070058 -65.15814233752054 1299 1301 -1
1301 59.23093381638583 31.6561964038426 -65.04856756658586 1300 1302 -1
1302 59.36939336322193 31.563754088703085 -64.93999605194963 1301 1303 -1
1303 59.509632795402496 31.472387317161285 -64.83280791468722 1302 1304 -1
1304 59.651791464017094 31.38189999258689 -64.72741783395111 1303 1305 -1
1305 59.79601399706885 31.29208586221869 -64.6242810725868 1304 1306 -1
1306 59.94244729522389 31.20272883560851 -64.52390010184338 1305 1307 -1
1307 60.091294836138296 31.1136040034893 -64.42692350862497 1306 1308 -1
1308 60.24264403425236 31.024472664732084 -64.3339091503479 1307 1309 -1
1309 60.396388576284025 30.93522297156961 -64.24502612346753 1308 1310 -1
1310 60.55221531739977 30.845869424084583 -64.15995215977836 1309 1311 -1
1311 60.709659239110536 30.75642301559044 -64.07800832532845 1310 1312 -1
1312 60.868328610496256 30.6668711979026 -63.99857935459095 1311 1313 -1
1313 61.0277836701468 30.57718913864405 -63.92088775962317 1312 1314 -1
1314 61.18760246117818 30.487337253166697 -63.84414447167575 1313 1315 -1
1315 61.34735787163614 30.397275504924412 -63.76751521976932 1314 1316 -1
1316 61.506619635708304 30.306959678642237 -63.69016187208243 1315 1317 -1
1317 61.664995603658184 30.216365294251453 -63.611331089422535 1316 1318 -1
1318 61.82232028599801 30.125516937143473 -63.5307078606425 1317 1319 -1
1319 61.97864160453614 30.034480844069208 -63.44836290115563 1318 1320 -1
1320 62.1340046180059 29.94331886709471 -63.36436007308945 1319 1321 -1
1321 62.288441598859414 29.85208925132479 -63.278738525470395 1320 1322 -1
1322 62.44201504525278 29.760848996071534 -63.19158859605504 1321 1323 -1
1323 62.594745139208634 29.66965241700012 -63.10292393822897 1322 1324 -1
1324 62.74668601764536 29.57855073711773 -63.01281745630596 1323 1325 -1
1325 62.89788207524611 29.48759201265403 -62.9213242061721 1324 1326 -1
1326 63.048355221208354 29.396828482295255 -62.82845557556622 1325 1327 -1
1327 63.198155527687085 29.306303663755973 -62.734275471200206 1326 1328 -1
1328 63.3473227845313 29.216060666887905 -62.63882856842159 1327 1329 -1
1329 63.49588716116119 29.12614580790577 -62.542139660991936 1328 1330 -1
1330 63.643879754210154 29.03660537949595 -62.444234049372405 1329 1331 -1
1331 63.79134398769019 28.947475261458205 -62.34516376320104 1330 1332 -1
1332 63.93831263763766 28.858796170170564 -62.24495874315678 1331 1333 -1
1333 64.08481590629815 28.770610627397954 -62.14364274458585 1332 1334 -1
1334 64.23088083922742 28.682965635227603 -62.04123072556201 1333 1335 -1
1335 64.37654606394653 28.595892040439967 -61.937767440303254 1334 1336 -1
1336 64.52184171241196 28.509428894258125 -61.83327763681435 1335 1337 -1
1337 64.66679732440174 28.423615096138608 -61.727785018836805 1336 1338 -1
1338 64.81144094090064 28.338491858365007 -61.62130919220046 1337 1339 -1
1339 64.95579801007736 28.254105372771157 -61.513862460924834 1338 1340 -1
1340 65.09989042468095 28.170444958522232 -61.405496625070576 1339 1341 -1
1341 65.2437237592114 28.087465093522088 -61.296266738550976 1340 1342 -1
1342 65.38730357187158 28.005117382467656 -61.18622782638478 1341 1343 -1
1343 65.53063612705857 27.923353502297836 -61.07543371295204 1342 1344 -1
1344 65.67372819556005 27.8421255078144 -60.96393671315271 1343 1345 -1
1345 65.81658423446753 27.761391167024936 -60.85178040816593 1344 1346 -1
1346 65.95921568407982 27.681094948405217 -60.73902532449503 1345 1347 -1
1347 66.10163096408162 27.601189185436485 -60.62572093251112 1346 1348 -1
1348 66.24383887701818 27.521626407380587 -60.51191579469858 1347 1349 -1
1349 66.38584855408192 27.442359350345768 -60.397657628741435 1348 1350 -1
1350 66.52766940360418 27.36334096501266 -60.282993371578186 1349 1351 -1
1351 66.66931106206079 27.284524421445205 -60.16796924412945 1350 1352 -1
1352 66.81078300416118 27.205863345288403 -60.05263023699442 1351 1353 -1
1353 66.95209420879011 27.127311505671347 -59.93702004337114 1352 1354 -1
1354 67.09325630780845 27.04882134078148 -59.821186012957284 1353 1355 -1
1355 67.2342793929652 26.97034694839493 -59.70517210203441 1354 1356 -1
1356 67.37517356882663 26.891842636437982 -59.58902188229618 1355 1357 -1
1357 67.51594891474959 26.813262918288803 -59.47277860499506 1356 1358 -1
1358 67.6566154479098 26.734562507751402 -59.356485264470926 1357 1359 -1
1359 67.79718308718874 26.655696314014918 -59.24018466094586 1358 1360 -1
1360 67.93766161773003 26.576619436903318 -59.12391946247524 1359 1361 -1
1361 68.07806065598196 26.497287162713622 -59.00773226594793 1360 1362 -1
1362 68.21838961505073 26.41765496093478 -58.891665657027566 1361 1363 -1
1363 68.35865734110745 26.33767602959439 -58.77576356795329 1362 1364 -1
1364 68.49887306938557 26.257307096718616 -58.66006854809192 1363 1365 -1
1365 68.63904260550459 26.176506739231563 -58.5446183349537 1364 1366 -1
1366 68.77912422342868 26.095260282992477 -58.429374663592455 1365 1367 -1
1367 68.91903371694289 26.01357869332245 -58.31422953266316 1366 1368 -1
1368 69.05868611076745 25.93147495391389 -58.19907255021819 1367 1369 -1
1369 69.19799780114393 25.848963037169746 -58.08379473393253 1368 1370 -1
1370 69.33688683918422 25.766057930185287 -57.96828929565481 1369 1371 -1
1371 69.47527321128254 25.682775648381686 -57.85245239223838 1370 1372 -1
1372 69.61307911796095 25.599133234467146 -57.73618383425608 1371 1373 -1
1373 69.75022925188343 25.51514874075692 -57.61938774476434 1372 1374 -1
1374 69.88665107503962 25.43084119331964 -57.50197316092545 1373 1375 -1
1375 70.02230189569475 25.346213742075875 -57.383897257486154 1374 1376 -1
1376 70.15737434890097 25.261122863298844 -57.26549162392797 1375 1377 -1
1377 70.29219507554701 25.175335560417246 -57.147301993229 1376 1378 -1
1378 70.42708579267433 25.08861407434365 -57.02987704300278 1377 1379 -1
1379 70.562362705936 25.00071557379639 -56.91378006049442 1378 1380 -1
1380 70.69833886048814 24.911389950703057 -56.79960669628986 1379 1381 -1
1381 70.83532524160101 24.820378366845237 -56.68800357795018 1380 1382 -1
1382 70.97362995922668 24.72741305778704 -56.5796883014623 1381 1383 -1
1383 71.11355460269088 24.632219122553238 -56.47547105928533 1382 1384 -1
1384 71.25538652544529 24.534519329188594 -56.376277701423184 1383 1385 -1
1385 71.39938545540583 24.434043328911972 -56.28317322355867 1384 1386 -1
1386 71.54577278815698 24.33052986181996 -56.1974188409383 1385 1387 -1
1387 71.69472273892494 24.223719671083963 -56.12060282953175 1386 1388 -1
1388 71.84619678066335 24.113546546971957 -56.05420634451876 1387 1389 -1
1389 72.0 24.0 -56.0 1388 -1 -1
