0 66.0 14.5 -193.5 -1 1 -1
1 65.92410336039285 14.543606010028714 -193.32724375857526 0 2 -1
2 65.84649544887826 14.59050692562605 -193.15610070292843 1 3 -1
3 65.76722756785682 14.640681580160248 -192.98665515766712 2 4 -1
4 65.68636105348992 14.694108115675698 -192.81896816438493 3 5 -1
5 65.60400052424464 14.750673205298089 -192.65304670073905 4 6 -1
6 65.5201734204082 14.81042644285504 -192.4889875668223 5 7 -1
7 65.43499477680443 14.873225986547233 -192.326772804732 6 8 -1
8 65.34852033924567 14.939058794123968 -192.1664572727257 7 9 -1
9 65.26082282945244 15.007873008940617 -192.00806962227443 8 10 -1
10 65.17199448084682 15.079564044419866 -191.8515994858925 9 11 -1
11 65.08207565921826 15.154159891344769 -191.69712264599386 10 12 -1
12 64.99117359780993 15.231507053260547 -191.54458654532758 11 13 -1
13 64.89933606660318 15.311612965664626 -191.39404759329895 12 14 -1
14 64.80664560724352 15.39438193666286 -191.24548492432245 13 15 -1
15 64.71317212232461 15.47975029168673 -191.09889673063606 14 16 -1
16 64.61897203689634 15.567698986540313 -190.9543126300384 15 17 -1
17 64.52412922392796 15.658104357708694 -190.81167690641217 16 18 -1
18 64.42869040457882 15.75098128807534 -190.6710405629094 17 19 -1
19 64.33273309242374 15.846213620570603 -190.53234567006385 18 20 -1
20 64.23631473222213 15.943764041718078 -190.3955950321526 19 21 -1
21 64.13949260792224 16.043596550101288 -190.26079035317707 20 22 -1
22 64.04233324862591 16.14560973579901 -190.1278739282909 21 23 -1
23 63.944885029553085 16.24981626010532 -189.99688430514504 22 24 -1
24 63.84721095046472 16.356111222962355 -189.86775419002157 23 25 -1
25 63.749363608310254 16.46445887197113 -189.74047433599446 24 26 -1
26 63.65139487184566 16.574837245407902 -189.61504609468346 25 27 -1
27 63.55335877763524 16.68715446595062 -189.4914043004087 26 28 -1
28 63.45530498845776 16.80141228016425 -189.36956769246683 27 29 -1
29 63.3572835208804 16.917541470853166 -189.249487058402 28 30 -1
30 63.259341688804405 17.035487689130676 -189.13112448784122 29 31 -1
31 63.16153064072421 17.155263647908388 -189.0145039490277 30 32 -1
32 63.06389283372595 17.276776493429562 -188.8995469832357 31 33 -1
33 62.966475995573525 17.40001290336502 -188.786249170826 32 34 -1
34 62.8693276034204 17.524950759456335 -188.67459621942245 33 35 -1
35 62.77248625966415 17.651523852500297 -188.56452949333547 34 36 -1
36 62.676003562099076 17.779738184492874 -188.4560589041824 35 37 -1
37 62.57991881812193 17.90954310550085 -188.34913792313208 36 38 -1
38 62.48427047402631 18.040895435463867 -188.2437258991159 37 39 -1
39 62.3891171329977 18.173818107505404 -188.13984543386124 38 40 -1
40 62.29448577258963 18.30823558947547 -188.03742194507143 39 41 -1
41 62.200422454732724 18.444140137730784 -187.93644772849038 40 42 -1
42 62.10693771770762 18.581506386079422 -187.83692446648786 41 43 -1
43 62.01399387214943 18.72025103423618 -187.7388166425354 42 44 -1
44 61.92157614767045 18.860354762770783 -187.64215378274554 43 45 -1
45 61.82964808830587 19.00174552162416 -187.54690836519072 44 46 -1
46 61.73817831344706 19.144366684894756 -187.4530663706158 45 47 -1
47 61.647147277130905 19.288197372086255 -187.36065459479528 46 48 -1
48 61.55651149584135 19.43315329026338 -187.26962277230376 47 49 -1
49 61.46624680145251 19.57920724644577 -187.17998796209957 48 50 -1
50 61.37631876422468 19.726305583286365 -187.0917331608526 49 51 -1
51 61.28669017927724 19.874387033080087 -187.0048279713588 50 52 -1
52 61.197336274651896 20.023436098357088 -186.91930499121116 51 53 -1
53 61.108213900267536 20.173375200266836 -186.83510647709858 52 54 -1
54 61.01929224308118 20.324174373425908 -186.75224222885072 53 55 -1
55 60.93053567048764 20.475789038019627 -186.67069954513923 54 56 -1
56 60.84190612405297 20.628161893413058 -186.59044194416472 55 57 -1
57 60.753370593760415 20.781274479609895 -186.51149910572983 56 58 -1
58 60.66488941491321 20.93506033036209 -186.43381405729818 57 59 -1
59 60.576426353892266 21.089488541742167 -186.35739287047974 58 60 -1
60 60.48794340561414 21.244517856537726 -186.28222193224252 59 61 -1
61 60.399403592824434 21.40009761006158 -186.20826486294115 60 62 -1
62 60.31076540284576 21.556205176322308 -186.13554820705684 61 63 -1
63 60.221993601909816 21.71278284577345 -186.06401491980796 62 64 -1
64 60.13304624538623 21.869800358820246 -185.99367372221053 63 65 -1
65 60.043884288943985 22.02721606083996 -185.92450391891762 64 66 -1
66 59.95447050783859 22.18498726533736 -185.85647855327005 65 67 -1
67 59.86475726038529 22.343083239323597 -185.7896113128718 66 68 -1
68 59.77471333377233 22.50145589756689 -185.7238524752779 67 69 -1
69 59.6842879651226 22.66007373225502 -185.6592175881564 68 70 -1
70 59.5934468695182 22.818893570094534 -185.59567085804372 69 71 -1
71 59.5021457445721 22.977878085314114 -185.53320437372233 70 72 -1
72 59.41033906890181 23.136989112394527 -185.4718101612861 71 73 -1
73 59.31799381794201 23.296185977473176 -185.4114549684719 72 74 -1
74 59.22505025935092 23.455431090093754 -185.35215467592337 73 75 -1
75 59.13148530637813 23.61468385590709 -185.29386069037193 74 76 -1
76 59.037234695407875 23.773903919435902 -185.23659096080084 75 77 -1
77 58.94227231259379 23.933051993750855 -185.18030544555174 76 78 -1
78 58.846540661915135 24.092085552540727 -185.1250081198818 77 79 -1
79 58.75000274705985 24.25096420243623 -185.07067564625996 78 80 -1
80 58.65261070396044 24.409645077698233 -185.017298000951 79 81 -1
81 58.55431781410983 24.56808306338348 -184.96485836248246 80 82 -1
82 58.45509373180628 24.726226531682002 -184.91329065133422 81 83 -1
83 58.35489256484477 24.884013771324444 -184.86252725696312 82 84 -1
84 58.25369482291431 25.04139255646008 -184.81247786964474 83 85 -1
85 58.15144745544044 25.198296574566363 -184.76307531567787 84 86 -1
86 58.048136658836874 25.3546767663176 -184.7142274379127 85 87 -1
87 57.94370513674732 25.51046210270321 -184.6658643968149 86 88 -1
88 57.83814255200345 25.665605546574444 -184.61789526080594 87 89 -1
89 57.731390694273465 25.820032082494148 -184.57024586211108 88 90 -1
90 57.62344025917085 25.973694763028426 -184.52282808419807 89 91 -1
91 57.514235757408045 26.12651610026692 -184.47556321231178 90 92 -1
92 57.403759163347374 26.278456505354974 -184.42841493968618 91 93 -1
93 57.29190641996407 26.42951154543132 -184.38166861123963 92 94 -1
94 57.17858575630707 26.579721754510803 -184.33574368952495 93 95 -1
95 57.063680274805485 26.72910515705826 -184.29107829805258 94 96 -1
96 56.94708629057989 26.877677506270885 -184.2481182302751 95 97 -1
97 56.82871193627296 27.02544540632662 -184.2073081919636 96 98 -1
98 56.70843592578541 27.17238538230507 -184.16915961513166 97 99 -1
99 56.586215576172386 27.3184864263423 -184.1340964193095 98 100 -1
100 56.46191537093661 27.463670480127924 -184.10273654844073 99 101 -1
101 56.335535510538115 27.607887414633673 -184.07550794341444 100 102 -1
102 56.207022621673254 27.751026543952523 -184.05298874301195 101 103 -1
103 56.07636295811435 27.892936258655833 -184.03564399393326 102 104 -1
104 55.94364226668344 28.033454566139902 -184.02335324235435 103 105 -1
105 55.80888895905236 28.172377234158446 -184.01603399465003 104 106 -1
106 55.672165956798395 28.309533566932114 -184.01349790843463 105 107 -1
107 55.533551256354926 28.44478739700992 -184.0155012064386 106 108 -1
108 55.393068820666244 28.577962164038 -184.0219100917537 107 109 -1
109 55.25078039087776 28.70893581825818 -184.03248189956284 108 110 -1
110 55.1067506276426 28.837613833983347 -184.04695501930706 109 111 -1
111 54.96098816788781 28.96384195888529 -184.06517685964542 110 112 -1
112 54.813556218684575 29.0875583834728 -184.08686292492774 111 113 -1
113 54.6644989357852 29.208695853652674 -184.11176537205316 112 114 -1
114 54.513807580492475 29.327113995104956 -184.13972664224357 113 115 -1
115 54.36155594097338 29.442825940885758 -184.17043087157472 114 116 -1
116 54.207739975225714 29.555726525908334 -184.20369995894632 115 117 -1
117 54.052392719367106 29.665787388044464 -184.2392886087116 116 118 -1
118 53.895538690643484 29.772977935261178 -184.27696964271954 117 119 -1
119 53.73717716612205 29.877227839091002 -184.3165481621068 118 120 -1
120 53.57735064017389 29.978560571392187 -184.3577807946169 119 121 -1
121 53.416042190573904 30.076894509335375 -184.40047784601003 120 122 -1
122 53.2532970970398 30.172335436926037 -184.44427521124658 121 123 -1
123 53.089090898053826 30.264892750205703 -184.48880251787685 122 124 -1
124 52.9234431806004 30.35467443206563 -184.53367290447778 123 125 -1
125 52.75633100380051 30.441711778111152 -184.57852042833306 124 126 -1
126 52.58774144214606 30.526056612196896 -184.62298150657847 125 127 -1
127 52.417671994271075 30.607775368215712 -184.66670431557833 126 128 -1
128 52.246075424992114 30.686848791269043 -184.7093095971264 127 129 -1
129 52.07297922161092 30.76337537713489 -184.7504741281608 128 130 -1
130 51.898321854199 30.837287374408035 -184.78977837574996 129 131 -1
131 51.72214232942263 30.908666852054132 -184.82690749157223 130 132 -1
132 51.54441727266882 30.977468215783535 -184.8614445134203 131 133 -1
133 51.3651700894647 31.043695776109754 -184.89301629697135 132 134 -1
134 51.18443645752761 31.10734184046913 -184.92124238097657 133 135 -1
135 51.002242358601286 31.168340448436076 -184.9456635949832 134 136 -1
136 50.81868784169668 31.226714874368465 -184.9659569610299 135 137 -1
137 50.633826747105815 31.28233898521871 -184.98156610462217 136 138 -1
138 50.44782516245599 31.33525661604336 -184.99225199201337 137 139 -1
139 50.260809342175584 31.385304789490498 -184.9978842435893 138 140 -1
140 50.07298012187515 31.43253125215944 -184.99918982850116 139 141 -1
141 49.88444485295701 31.476805273183952 -184.99663611249747 140 142 -1
142 49.695319624606356 31.518176295317964 -184.99091996399738 141 143 -1
143 49.50566100744214 31.556553733101865 -184.98257549998812 142 144 -1
144 49.31552480940654 31.591974145002748 -184.97224647432935 143 145 -1
145 49.124932050646805 31.62437401167251 -184.9605058539373 144 146 -1
146 48.93390313258112 31.65376712729693 -184.94796453255913 145 147 -1
147 48.74244256062943 31.680104930704726 -184.93521921039297 146 148 -1
148 48.55055913024756 31.70337654783006 -184.92287343135064 147 149 -1
149 48.35826164659602 31.72353544422329 -184.91154346468932 148 150 -1
150 48.165572207487045 31.740553444726785 -184.901844471995 149 151 -1
151 47.972526867956816 31.75437165685663 -184.89442070868506 150 152 -1
152 47.77918867731674 31.764961804182843 -184.88989767856336 151 153 -1
153 47.58564821489876 31.7722380227443 -184.88896937377805 152 154 -1
154 47.39203788374801 31.776198608127068 -184.89223735582334 153 155 -1
155 47.19853603075421 31.77672073752402 -184.90045140988104 154 156 -1
156 47.00532129509522 31.773883709729123 -184.91353781096996 155 157 -1
157 46.81253287883444 31.76759787032099 -184.93100025131304 156 158 -1
158 46.62023446809222 31.758000640744598 -184.95200847972112 157 159 -1
159 46.4284733424476 31.745051922855314 -184.97593753788848 158 160 -1
160 46.23724708716638 31.728821788095058 -185.00205085613018 159 161 -1
161 46.046535445941565 31.70933264388282 -185.02966113538554 160 162 -1
162 45.856303901149914 31.68657867319274 -185.05807544820692 161 163 -1
163 45.66649565479917 31.660641849426835 -185.08659491023133 162 164 -1
164 45.47707211483534 31.631435612164715 -185.1145036008193 163 165 -1
165 45.28797622351868 31.599070767704507 -185.14111589617872 164 166 -1
166 45.09918213102232 31.563490624513527 -185.16568410416517 165 167 -1
167 44.91067574440881 31.524728866896993 -185.18748183450745 166 168 -1
168 44.72247186529851 31.48282595483786 -185.20579681877342 167 169 -1
169 44.534635594410304 31.437730100695056 -185.2197721971341 168 170 -1
170 44.34727790361972 31.389568401415083 -185.22920424220777 169 171 -1
171 44.16056270453279 31.33836359652947 -185.2344469595726 170 172 -1
172 43.9746248534794 31.284170063273717 -185.23599559650506 171 173 -1
173 43.78955015158416 31.22709625238994 -185.2344117386204 172 174 -1
174 43.6054304421575 31.167140702141012 -185.23015021804127 173 175 -1
175 43.42230286088249 31.104398655206825 -185.2237678624637 174 176 -1
176 43.240193673013096 31.038933438951208 -185.21577923652464 175 177 -1
177 43.05914559486716 30.970727769438497 -185.2066710668011 176 178 -1
178 42.87913908606709 30.89989615704322 -185.1969788811338 177 179 -1
179 42.7001921386952 30.826440150469416 -185.18719744954927 178 180 -1
180 42.52230624925041 30.750398058774074 -185.17783709510272 179 181 -1
181 42.345468243278795 30.67184722996963 -185.16938232435567 180 182 -1
182 42.1697173192232 30.59075629785839 -185.16237064558936 181 183 -1
183 41.99504176473515 30.50723749651988 -185.15726025622325 182 184 -1
184 41.82148337720796 30.421312233366308 -185.15456465058395 183 185 -1
185 41.64909116207889 30.3330315331879 -185.15479217694428 184 186 -1
186 41.47790449441543 30.24250630746677 -185.15836628986673 185 187 -1
187 41.308035794400695 30.149747326648843 -185.16564354569874 186 188 -1
188 41.139496215049405 30.054895308698306 -185.17614287809985 187 189 -1
189 40.97233963237115 29.957969905842532 -185.18945424860118 188 190 -1
190 40.8065649120604 29.859037565838833 -185.20508541650054 189 191 -1
191 40.642163186868615 29.75814356712413 -185.22257519020886 190 192 -1
192 40.47913381524756 29.655297332200266 -185.2414855190535 191 193 -1
193 40.317425248248654 29.550562391914188 -185.2613494017345 192 194 -1
194 40.15704393478621 29.44390590649971 -185.28174347597397 193 195 -1
195 39.99791598015965 29.3354042913591 -185.30222298819913 194 196 -1
196 39.84005508536822 29.22500241098789 -185.32234920759322 195 197 -1
197 39.68338907250916 29.11277674125266 -185.3417088817303 196 198 -1
198 39.527930901504845 28.998682588664373 -185.35984287436355 197 199 -1
199 39.37363276790096 28.88278235931285 -185.3763547461671 198 200 -1
200 39.220512421284546 28.76505578236631 -185.39077334868483 199 201 -1
201 39.06855245180815 28.64556131729729 -185.40270215028266 200 202 -1
202 38.917784703189895 28.524311518847956 -185.41167111827548 201 203 -1
203 38.768228866924424 28.401371536006753 -185.41727131426936 202 204 -1
204 38.6199381838622 28.27679615173212 -185.41905241731394 203 205 -1
205 38.472975780458505 28.150669451660818 -185.4165931609933 204 206 -1
206 38.32741218434678 28.02308801678814 -185.40977851813963 205 207 -1
207 38.18331017240604 27.89412564599875 -185.399015532549 206 208 -1
208 38.040688867097124 27.76385419032767 -185.38482400839854 207 209 -1
209 37.89957246310225 27.632306287267795 -185.36766486676362 208 210 -1
210 37.759940693308074 27.499522993396038 -185.3480449925619 209 211 -1
211 37.621789171652836 27.365508085301823 -185.32641865089155 210 212 -1
212 37.48507838010898 27.230275572968683 -185.3032666653166 211 213 -1
213 37.34978340544842 27.09381231366964 -185.27904223537314 212 214 -1
214 37.21586148460123 26.956110325641006 -185.25420432832757 213 215 -1
215 37.08327515891586 26.817150570867476 -185.22920625962863 214 216 -1
216 36.95198954976567 26.676909514287804 -185.2045005402125 215 217 -1
217 36.8219635409644 26.5353720584114 -185.18053899222264 216 218 -1
218 36.693177393980775 26.392508032094923 -185.15778644587965 217 219 -1
219 36.56559640018004 26.248314919123743 -185.13669227909563 218 220 -1
220 36.43922097144192 26.10276868300665 -185.11774751314914 219 221 -1
221 36.31403392851691 25.9558872907813 -185.10140221064847 220 222 -1
222 36.19005987006606 25.807670117604047 -185.08817468426716 221 223 -1
223 36.0673110584458 25.65816395508494 -185.07852439613808 222 224 -1
224 35.945839286873706 25.50741328386727 -185.0729438996739 223 225 -1
225 35.825687727284375 25.35551314894458 -185.07136440413308 224 226 -1
226 35.70689166762955 25.202553517555387 -185.07331040150208 225 227 -1
227 35.589469940110284 25.048603550784456 -185.07828365771033 226 228 -1
228 35.47340868990115 24.893724753518367 -185.08575431670283 227 229 -1
229 35.35870918127311 24.73794363740388 -185.09523656513431 228 230 -1
230 35.24532085381073 24.58130102952618 -185.10619051101045 229 231 -1
231 35.13323864267817 24.42379255274305 -185.1181304502558 230 232 -1
232 35.022388871744624 24.265449416115647 -185.13052972434792 231 233 -1
233 34.912768927149614 24.10624890199635 -185.1428840868828 232 234 -1
234 34.804295929718116 23.946223880363 -185.15469646600428 233 235 -1
235 34.6969727290914 23.785350002851334 -185.16542806764062 234 236 -1
236 34.59072523711665 23.623668857614845 -185.17461394448478 235 237 -1
237 34.48555842282887 23.46117765766829 -185.1816903334344 236 238 -1
238 34.38142410136788 23.297932684318944 -185.18620657499915 237 239 -1
239 34.27833486089842 23.133970182454654 -185.18759496198732 238 240 -1
240 34.17627342581204 22.969375714588608 -185.18540873193993 239 241 -1
241 34.075268059085666 22.80423792392709 -185.17910215455956 240 242 -1
242 33.97533531888288 22.63868649136292 -185.1682369734475 241 243 -1
243 33.876525705477604 22.472871101540864 -185.1523164652716 242 244 -1
244 33.77887255425555 22.306951112834593 -185.13119528311051 243 245 -1
245 33.68238364894868 22.141016373718603 -185.1053523465537 244 246 -1
246 33.587018355038126 21.975109845980832 -185.07546540387617 245 247 -1
247 33.49274615984139 21.809241930969975 -185.0420924407893 246 248 -1
248 33.39948247351536 21.643395137785166 -185.00589563349277 247 249 -1
249 33.30718776795348 21.477530708098936 -184.96736746790194 248 250 -1
250 33.2157533126086 21.31159480625632 -184.9271317063567 249 251 -1
251 33.12511780708905 21.145517931040747 -184.88568648524503 250 252 -1
252 33.03518728277794 20.979226085171916 -184.84357209317125 251 253 -1
253 32.94587492366798 20.812641267643404 -184.80130009393207 252 254 -1
254 32.85710999320042 20.645673345992275 -184.75938840809144 253 255 -1
255 32.76879779012861 20.478253871162792 -184.71833131225944 254 256 -1
256 32.680871529022376 20.310298129893216 -184.6786611988154 255 257 -1
257 32.5932575223357 20.141743496538922 -184.6408881169682 256 258 -1
258 32.50589050673982 19.97254306671245 -184.605508642163 257 259 -1
259 32.418722276289095 19.80263912364717 -184.57314301874982 258 260 -1
260 32.33170373815417 19.632036764707006 -184.54423938099868 259 261 -1
261 32.244809908931245 19.460730490663618 -184.51941882048433 260 262 -1
262 32.15806453518277 19.288783742140634 -184.4988755321419 261 263 -1
263 32.07153510086753 19.116284243704857 -184.48246838192998 262 264 -1
264 31.9852941967443 18.943301459697572 -184.47013126069317 263 265 -1
265 31.89939547597236 18.76991888784925 -184.46160175404248 264 266 -1
266 31.813908768565938 18.596188331473826 -184.45683932811477 265 267 -1
267 31.728876729424577 18.422173930549388 -184.4555860980546 266 268 -1
268 31.644354287553398 18.247919737103036 -184.45772255939454 267 269 -1
269 31.56038715969008 18.073466262368033 -184.46308314479435 268 270 -1
270 31.477007660338717 17.89884922045852 -184.47145543972266 269 271 -1
271 31.39427148548638 17.724090954821776 -184.48275639688086 270 272 -1
272 31.312192291983358 17.549215926218995 -184.49672846792308 271 273 -1
273 31.23081682007553 17.37423573233795 -184.51326712284418 272 274 -1
274 31.150166437143987 17.19916027835907 -184.53218067978057 273 275 -1
275 31.070262407063012 17.02399382903544 -184.5532937279252 274 276 -1
276 30.991146954281973 16.848733261986734 -184.57649369677438 275 277 -1
277 30.912819986622534 16.67337607962718 -184.60156446595337 276 278 -1
278 30.835320053200412 16.497910961404415 -184.62838982345346 277 279 -1
279 30.758659503723347 16.32232619841122 -184.65679816967645 278 280 -1
280 30.682848851105383 16.14660742096824 -184.68662411708382 279 281 -1
281 30.60793126827299 15.970731623042079 -184.71775326214595 280 282 -1
282 30.533897098241983 15.794682555883155 -184.74999684186443 281 283 -1
283 30.460780010019498 15.618433597328321 -184.78322636922354 282 284 -1
284 30.38859632109771 15.441959385348913 -184.81729086970032 283 285 -1
285 30.31734848719235 15.265236942988567 -184.85203231579953 284 286 -1
286 30.24708804587394 15.088228139372951 -184.8873226448905 285 287 -1
287 30.177800873910552 14.910912881794905 -184.92299671376645 286 288 -1
288 30.109524728681116 14.733254769262048 -184.9589135084338 287 289 -1
289 30.04227936357105 14.555222504116013 -184.99492215120463 288 290 -1
290 29.97607389773078 14.376789222254157 -185.03087273826984 289 291 -1
291 29.91096104482413 14.197911100421546 -185.06660738835944 290 292 -1
292 29.84692990389336 14.01857213437178 -185.1019848545406 291 293 -1
293 29.78400707589502 13.838758629814313 -185.1369397848179 292 294 -1
294 29.722128001839312 13.658510748161232 -185.17151894302847 293 295 -1
295 29.661271110079074 13.477850306927241 -185.20575768122325 294 296 -1
296 29.60138403355943 13.296810643578905 -185.23970232955293 295 297 -1
297 29.54242972461047 13.115418066955998 -185.27339494931397 296 298 -1
298 29.48436227594597 12.93370134463176 -185.30688057451485 297 299 -1
299 29.42713602421143 12.751688305714659 -185.34020474692332 298 300 -1
300 29.370706135839903 12.569405659977045 -185.37341328128832 299 301 -1
301 29.315023447599888 12.38688092358235 -185.40655339673344 300 302 -1
302 29.260040485096987 12.204140336358378 -185.43967241505692 301 303 -1
303 29.205708059592624 12.021210209727833 -185.47281874352524 302 304 -1
304 29.151973901396783 11.83811714049368 -185.5060406967677 303 305 -1
305 29.098790743614362 11.654886127949865 -185.53938857923728 304 306 -1
306 29.046100809976913 11.471544316202813 -185.57291005421814 305 307 -1
307 28.993859298279354 11.28811594908423 -185.6066591115251 306 308 -1
308 28.9420035370651 11.104628360710677 -185.6406801008133 307 309 -1
309 28.890490456375122 10.921106172562316 -185.67503344089977 308 310 -1
310 28.839255554476697 10.737576159193544 -185.70975895095987 309 311 -1
311 28.788251857198386 10.554064677462843 -185.74492000272457 310 312 -1
312 28.73741897385841 10.370597793576973 -185.78055785792273 311 313 -1
313 28.686704013520124 10.187203040422588 -185.81673092356246 312 314 -1
314 28.63605031114827 10.003907789865861 -185.85348931900356 313 315 -1
315 28.58540232226606 9.820738953382989 -185.89088023684252 314 316 -1
316 28.5347030228654 9.637727914487341 -185.92896768174575 315 317 -1
317 28.483898537920187 9.454899509456766 -185.96778499951924 316 318 -1
318 28.432928714065163 9.272289699350376 -186.0074060868651 317 319 -1
319 28.38174177009666 9.089923898557425 -186.04786212892765 318 320 -1
320 28.330279504538073 8.90783676681496 -186.08921407922483 319 321 -1
321 28.278485730577703 8.726061432673658 -186.13151284287883 320 322 -1
322 28.226310629516654 8.544626954717671 -186.1747948912561 321 323 -1
323 28.173688297925576 8.363577826329045 -186.21913597642143 322 324 -1
324 28.12057806453695 8.18293847002151 -186.26455329846237 323 325 -1
325 28.066919679955607 8.002754021844554 -186.31111873627304 324 326 -1
326 28.012707736849322 7.8230435295813 -186.35885949554296 325 327 -1
327 27.95794755446897 7.643826936934588 -186.40781573886707 326 328 -1
328 27.902638994502567 7.465130945477633 -186.45804188567297 327 329 -1
329 27.84680078456959 7.286964670138372 -186.5095475486933 328 330 -1
330 27.790423163963055 7.109367340730248 -186.5624125066821 329 331 -1
331 27.733529381915112 6.932344539025575 -186.6166338177549 330 332 -1
332 27.676117448256818 6.755930249564045 -186.67227367241668 331 333 -1
333 27.61819932536573 6.580144081838547 -186.72935793406535 332 334 -1
334 27.559785245000914 6.405008035458337 -186.78791614605038 333 335 -1
335 27.500877320588977 6.2305568991616775 -186.84800390942044 334 336 -1
336 27.44149657602001 6.056799522798367 -186.90961713029984 335 337 -1
337 27.38163688454827 5.883786741012517 -186.9728410947945 336 338 -1
338 27.321324813573042 5.711519707259859 -187.03765137711952 337 339 -1
339 27.260558655985292 5.540046734009124 -187.10412197143407 338 340 -1
340 27.199358560106198 5.369380026635285 -187.17224862299494 339 341 -1
341 27.13773060321107 5.199558315889629 -187.2420798585573 340 342 -1
342 27.07568971837032 5.030605065521649 -187.31363067545814 341 343 -1
343 27.01324810930684 4.862549862599758 -187.38692658704352 342 344 -1
344 26.950417377450755 4.695425807711407 -187.46199735074637 343 345 -1
345 26.887213915799887 4.5292550013785595 -187.53885019769697 344 346 -1
346 26.823647880163165 4.364077468284944 -187.6175235244056 345 347 -1
347 26.759737907994605 4.199910613578869 -187.6980127307429 346 348 -1
348 26.695494519480658 4.036797342072294 -187.78035700158594 347 349 -1
349 26.63093672852253 3.874754543140849 -187.86454817941834 348 350 -1
350 26.566077058220944 3.7138223724386115 -187.95061659164182 349 351 -1
351 26.500933210364717 3.554023040260375 -188.03856068407111 350 352 -1
352 26.43552106631075 3.395386477567646 -188.12839046384187 351 353 -1
353 26.36985562653136 3.237947984205689 -188.22012304335541 352 354 -1
354 26.303957076462535 3.0817176858703754 -188.31373485908244 353 355 -1
355 26.23783676057154 2.9267539435791137 -188.40927561532052 354 356 -1
356 26.171518006116127 2.773046203038685 -188.5066893619053 355 357 -1
357 26.105012809816433 2.6206551455737284 -188.60602567306765 356 358 -1
358 26.038341661143384 2.469583835218138 -188.7072485746331 357 359 -1
359 25.971522141299126 2.319852436832149 -188.81034726715228 358 360 -1
360 25.904568554446566 2.1715167837175793 -188.91535883002018 359 361 -1
361 25.837497995065494 2.0245635224355847 -189.02222288577738 360 362 -1
362 25.770281366459244 1.8790411435461543 -189.13093732844493 361 363 -1
363 25.702858564923915 1.7350229218095254 -189.24151114940975 362 364 -1
364 25.63517795075206 1.5925301148522122 -189.35388883381376 363 365 -1
365 25.567185010253628 1.451620967608622 -189.4680607058191 364 366 -1
366 25.498814971667294 1.3124015444261083 -189.5840655008903 365 367 -1
367 25.430023139412135 1.1748944064840035 -189.70184925459546 366 368 -1
368 25.360756346942914 1.039170023938576 -189.82140905629691 367 369 -1
369 25.29095162767028 0.9053367331246351 -189.94277411172754 368 370 -1
370 25.220557395693792 0.7734662353318419 -190.06593367293027 369 371 -1
371 25.14952560131519 0.6436267826060434 -190.19087207948988 370 372 -1
372 25.07779689983756 0.5159286165819518 -190.3176063499263 371 373 -1
373 25.005305132210502 0.3905062011873126 -190.4461656647232 372 374 -1
374 24.932010009606508 0.26742398425692443 -190.5765183561451 373 375 -1
375 24.85785289393972 0.14680839666239695 -190.70867672497224 374 376 -1
376 24.782755442706495 0.028848062915808062 -190.84268747664717 375 377 -1
377 24.706684415358154 -0.08638704132296707 -190.97850747877948 376 378 -1
378 24.62957310513824 -0.19872307334626654 -191.1161570823537 377 379 -1
379 24.551347569720598 -0.3079556209773034 -191.25566282514848 378 380 -1
380 24.471975872565174 -0.4139853275958531 -191.39698006785036 379 381 -1
381 24.39136794992644 -0.5165363235142174 -191.54015212833562 380 382 -1
382 24.309504327908062 -0.615525770309531 -191.6851072560588 381 383 -1
383 24.22638632533706 -0.7109600029280998 -191.83172360417726 382 384 -1
384 24.14203604188484 -0.8029301089351261 -191.97984288616925 383 385 -1
385 24.056484758661025 -0.8915737903466925 -192.12929576014028 384 386 -1
386 23.96974083967935 -0.9769863931385048 -192.27993845011474 385 387 -1
387 23.881838534200163 -1.059353624237955 -192.4316023877049 386 388 -1
388 23.79278059457678 -1.138797229842166 -192.58414966200948 387 389 -1
389 23.702595535851113 -1.2155226658940173 -192.73742462620183 388 390 -1
390 23.61128530289061 -1.2896861947400988 -192.89129371758406 389 391 -1
391 23.518868107315157 -1.3614969936102321 -193.04561748900622 390 392 -1
392 23.42534781767844 -1.4311439684511966 -193.20026845373076 391 393 -1
393 23.330730703319155 -1.4988332976341592 -193.35512155800907 392 394 -1
394 23.23502400756316 -1.5647786252851723 -193.51005785196293 393 395 -1
395 23.1382224940229 -1.6291825761212264 -193.6649625304453 394 396 -1
396 23.040337381869485 -1.6922729729330688 -193.8197269543626 395 397 -1
397 22.941353897919626 -1.7542515651211066 -193.9742419260872 396 398 -1
398 22.841287169774663 -1.81534975568401 -194.12840952168563 397 399 -1
399 22.740116083910884 -1.8757718235000829 -194.28212219276742 398 400 -1
400 22.637858975391502 -1.935743996315869 -194.43529149179838 399 401 -1
401 22.534492679541707 -1.995474903391898 -194.5878091413934 400 402 -1
402 22.430038351637403 -2.055162341039783 -194.7396007888011 401 403 -1
403 22.32447848699429 -2.114965389927988 -194.89057990672708 402 404 -1
404 22.21783468453894 -2.1750326675430456 -195.04068983675407 403 405 -1
405 22.110096219293563 -2.235518911291026 -195.18984673031562 404 406 -1
406 22.001279601258652 -2.29656713856931 -195.33798847178963 405 407 -1
407 21.89138551835966 -2.35832665838149 -195.48503585470095 406 408 -1
408 21.780422759274334 -2.420940935553239 -195.6309144575691 407 409 -1
409 21.66840823035179 -2.4845449183990342 -195.7755556856007 408 410 -1
410 21.555340587719165 -2.549291383864529 -195.91886433399904 409 411 -1
411 21.44125752183711 -2.6152885894919917 -196.06079090925763 410 412 -1
412 21.326145454126035 -2.6827103246811843 -196.20120885623285 411 413 -1
413 21.21005895741639 -2.7516359560748858 -196.3400857841498 412 414 -1
414 21.092994609455598 -2.8222338175360147 -196.47729159467266 413 415 -1
415 20.97499874329793 -2.894591018230405 -196.6127718244648 414 416 -1
416 20.85609836740577 -2.9688289961067174 -196.74643128725003 415 417 -1
417 20.736319975656354 -3.0450772877266403 -196.87816092664943 416 418 -1
418 20.61572152013113 -3.123392925000997 -197.00791450911285 417 419 -1
419 20.49432491947422 -3.203929478653182 -197.13554671849215 418 420 -1
420 20.3721932950551 -3.286732923566177 -197.26100826868807 419 421 -1
421 20.24938105106749 -3.371870475933849 -197.3842231714619 420 422 -1
422 20.125924296719827 -3.459482876117523 -197.50503544731032 421 423 -1
423 20.00184630253757 -3.5494196585130435 -197.623480185612 422 424 -1
424 19.87705743728609 -3.641371416233868 -197.73960921459988 423 425 -1
425 19.75142794330125 -3.735054744590826 -197.85342536549146 424 426 -1
426 19.62486092523303 -3.8301165724486976 -197.9650385639906 425 427 -1
427 19.49723868854039 -3.9262585857451455 -198.0745046364069 426 428 -1
428 19.368415490394955 -4.023200993219861 -198.1818375106845 427 429 -1
429 19.238256774210182 -4.120647352378863 -198.28708241791108 428 430 -1
430 19.1066378147922 -4.218304040401803 -198.39029660708377 429 431 -1
431 18.973397176255304 -4.315880346519755 -198.49148620191033 430 432 -1
432 18.838353886163837 -4.41306623919698 -198.59064096076742 431 433 -1
433 18.701381127022657 -4.509557188521832 -198.68780727185185 432 434 -1
434 18.562278038809463 -4.605011455130885 -198.78294938253384 433 435 -1
435 18.420852364142004 -4.699065487272197 -198.87603874951753 434 436 -1
436 18.276961108890152 -4.791368826579731 -198.96707856243924 435 437 -1
437 18.13031692905344 -4.881430553560893 -199.05594315134869 436 438 -1
438 17.98082621028669 -4.968882362618718 -199.14264335097903 437 439 -1
439 17.828209351477486 -5.053146519537183 -199.22702117422375 438 440 -1
440 17.672637340435507 -5.134096681332193 -199.30921779692022 439 441 -1
441 17.514204550066655 -5.21152365337829 -199.3893187454314 440 442 -1
442 17.353107982899743 -5.285331644736773 -199.4674995736506 441 443 -1
443 17.18955659995343 -5.355454165162063 -199.5439581694941 442 444 -1
444 17.023716499325335 -5.421759147713684 -199.6188785217928 443 445 -1
445 16.855813146756997 -5.484212611760895 -199.69250147744643 444 446 -1
446 16.686076161405126 -5.5428111103749 -199.76508212352863 445 447 -1
447 16.514722047943565 -5.59754340709414 -199.83687897674898 446 448 -1
448 16.34195242513983 -5.648361955140506 -199.90815941089772 447 449 -1
449 16.168010395850153 -5.695351250236299 -199.97921490705875 448 450 -1
450 15.99311756046544 -5.738571481813405 -200.05032939983488 449 451 -1
451 15.817489953260216 -5.778092069610902 -200.12178582595172 450 452 -1
452 15.641334819761536 -5.813937752623867 -200.1938793294356 451 453 -1
453 15.464872248894535 -5.846260961099475 -200.26687996987698 452 454 -1
454 15.288306051727906 -5.875181366614918 -200.34104834982438 453 455 -1
455 15.111836018333568 -5.900787094661387 -200.41665074807355 454 456 -1
456 14.935660783763005 -5.923200265703963 -200.49393532314176 455 457 -1
457 14.759959625754057 -5.9426030596723365 -200.57309090588745 456 458 -1
458 14.584793968673027 -5.95909332284941 -200.65407424031483 457 459 -1
459 14.410005320153527 -5.972864819081922 -200.7363704238481 458 460 -1
460 14.235417785639552 -5.984068638829511 -200.81948023105434 459 461 -1
461 14.060850120231288 -5.992805227985849 -200.9029274622831 460 462 -1
462 13.886122655741188 -5.999241607740419 -200.98624959086405 461 463 -1
463 13.711045290001616 -6.003421208322245 -201.0689787211201 462 464 -1
464 13.535452468954125 -6.005507122548353 -201.15068811793745 463 465 -1
465 13.35914424329508 -6.005506192321196 -201.23086853956121 464 466 -1
466 13.181977463569549 -6.003566609566612 -201.30910844922576 465 467 -1
467 13.003756936666322 -5.999689883923958 -201.3848415559318 466 468 -1
468 12.824358714303616 -5.993988009645464 -201.45761858637204 467 469 -1
469 12.643622083257295 -5.986481984974898 -201.52683091198168 468 470 -1
470 12.461439072843381 -5.977239714544761 -201.59191351269592 469 471 -1
471 12.277728801988742 -5.966322349938322 -201.65226931920301 470 472 -1
472 12.092403720086773 -5.953749348311398 -201.70710805909584 471 473 -1
473 11.905559587061083 -5.939650276591948 -201.75610792102677 472 474 -1
474 11.717397461776349 -5.924181120928602 -201.79931464501269 473 475 -1
475 11.528122241378902 -5.9075139799556124 -201.8368434176847 474 476 -1
476 11.337952205476595 -5.889863633589013 -201.86901820806415 475 477 -1
477 11.147061405890836 -5.871424717501507 -201.89608477762636 476 478 -1
478 10.955596515534143 -5.852389714264173 -201.91824583769997 477 479 -1
479 10.763697418482687 -5.832969718860281 -201.93585096718598 478 480 -1
480 10.571475148324561 -5.813367042838457 -201.94922690489682 479 481 -1
481 10.379017717283546 -5.793780601463373 -201.95868585304885 480 482 -1
482 10.186392476046032 -5.77441602114681 -201.96449017742836 481 483 -1
483 9.993654928938076 -5.755469278223148 -201.96703686327248 482 484 -1
484 9.80084126279683 -5.7371351858249975 -201.96665165003657 483 485 -1
485 9.607974715259706 -5.719611287089038 -201.9636525836735 484 486 -1
486 9.41506763386292 -5.7031071689339194 -201.95834769769908 485 487 -1
487 9.222124570203844 -5.6878045438739555 -201.95110178839784 486 488 -1
488 9.029143316113247 -5.673896137394248 -201.94223878412154 487 489 -1
489 8.836132230217675 -5.661420922190165 -201.9319938063458 488 490 -1
490 8.643125234302586 -5.650083097674321 -201.92043121370892 489 491 -1
491 8.450153011388968 -5.6395212126517436 -201.90761903444854 490 492 -1
492 8.25724089896698 -5.629390877935921 -201.89360758583993 491 493 -1
493 8.064411466210574 -5.619344751808254 -201.87844382285508 492 494 -1
494 7.871687331293207 -5.609023784126843 -201.8621671538702 493 495 -1
495 7.679089192909897 -5.5980756865033 -201.84484384570953 494 496 -1
496 7.486641662171379 -5.586147080047476 -201.8265244492868 495 497 -1
497 7.294374095765566 -5.572882109634598 -201.80726017832467 496 498 -1
498 7.102325777024206 -5.557897642294992 -201.78709320745148 497 499 -1
499 6.910540818022348 -5.5408425080081996 -201.76608641863592 498 500 -1
500 6.719074834713868 -5.521361791972999 -201.74429817050984 499 501 -1
501 6.527997050881663 -5.499095639029752 -201.72178620830704 500 502 -1
502 6.337391819082978 -5.4736844870647285 -201.69861058103774 501 503 -1
503 6.147368907802283 -5.444724996464557 -201.67482801939545 502 504 -1
504 5.958036804042173 -5.411944132233849 -201.65050849332155 503 505 -1
505 5.769476751229346 -5.375339171999859 -201.6256502458132 504 506 -1
506 5.581733421747992 -5.335113405030622 -201.60020873904955 505 507 -1
507 5.394843159900257 -5.291463036424364 -201.5741353051079 506 508 -1
508 5.208834440702954 -5.244579771306324 -201.54737830643182 507 509 -1
509 5.023709687486536 -5.194710448148856 -201.5198987877771 508 510 -1
510 4.839471875112471 -5.142062126323494 -201.4916509687304 509 511 -1
511 4.656116791303232 -5.08683704631886 -201.46258852326864 510 512 -1
512 4.4736471071782855 -5.029199290721113 -201.43265027351674 511 513 -1
513 4.292029614228441 -4.9693893849588004 -201.40180444384097 512 514 -1
514 4.111240979053372 -4.9075995645466 -201.37000558659287 513 515 -1
515 3.9312590002712375 -4.844006223911257 -201.3372009195991 514 516 -1
516 3.7520570431495415 -4.778786392310624 -201.30333598532417 515 517 -1
517 3.573589670974945 -4.712143798768172 -201.26837908242385 516 518 -1
518 3.3958204320698093 -4.644252946188443 -201.23228446768678 517 519 -1
519 3.2187250255318864 -4.575264575847925 -201.19497843902317 518 520 -1
520 3.042247847081543 -4.505374624972352 -201.15644128169012 519 521 -1
521 2.8663484602786213 -4.434747181439904 -201.11662770684487 520 522 -1
522 2.6910009645148847 -4.363534460675486 -201.07544572344918 521 523 -1
523 2.5161651313961944 -4.291918688449493 -201.03281333014962 522 524 -1
524 2.341819673346772 -4.220063992841856 -200.98860393110544 523 525 -1
525 2.1679549461334098 -4.148136633773885 -200.94265418711083 524 526 -1
526 1.9945424059936885 -4.076304171157122 -200.8948840038476 525 527 -1
527 1.8215736624140613 -4.004731776880912 -200.84515487276917 526 528 -1
528 1.6490420587945698 -3.9335892948792743 -200.79333504290673 527 529 -1
529 1.4769347620201703 -3.8630309855624745 -200.73935115851614 528 530 -1
530 1.3052622769559339 -3.7932382826902185 -200.6830382985731 529 531 -1
531 1.1340211374864058 -3.7243601351742517 -200.62433773636312 530 532 -1
532 0.9632244901582308 -3.6565634815066637 -200.5631366777733 531 533 -1
533 0.7928920920838509 -3.5900204073692854 -200.4993226876191 532 534 -1
534 0.6230372564245161 -3.524865424409744 -200.43285865164492 533 535 -1
535 0.4537025907730528 -3.4613005163119155 -200.36358760277872 534 536 -1
536 0.28490441125539584 -3.399426041848066 -200.29153308674503 535 537 -1
537 0.11670229663769864 -3.339456347812887 -200.21653486046017 536 538 -1
538 -0.05087900781878203 -3.28147287801721 -200.13864148665417 537 539 -1
539 -0.21777259579861116 -3.2256804594481996 -200.0577299335804 538 540 -1
540 -0.38409608634315673 -3.1719447697895764 -199.9742891661121 539 541 -1
541 -0.5501176514106711 -3.120054886610594 -199.88909488666525 540 542 -1
542 -0.7161586977004067 -3.069655798880039 -199.8030468204392 541 543 -1
543 -0.8825512243590314 -3.0205062190790444 -199.71695465635588 542 544 -1
544 -1.049620559303057 -2.9723049656949456 -199.6316412274423 543 545 -1
545 -1.2177165218328283 -2.924794323463419 -199.5479747149725 544 546 -1
546 -1.3871596412507687 -2.87770147817334 -199.46683021518373 545 547 -1
547 -1.5582828352743068 -2.83076371024042 -199.38920262949298 546 548 -1
548 -1.7313547962235967 -2.783720607177466 -199.31609642751988 547 549 -1
549 -1.9066563639941905 -2.7363088897440453 -199.24878039611446 548 550 -1
550 -2.0843030017051154 -2.688291551537498 -199.18841335820477 549 551 -1
551 -2.2643850048909453 -2.6394270724688176 -199.13655754214147 550 552 -1
552 -2.446766171022129 -2.589519570382794 -199.09473499201044 551 553 -1
553 -2.6310859245051286 -2.5384304554077373 -199.06448034810379 552 554 -1
554 -2.8167331708436034 -2.486084466294204 -199.0473821435113 553 555 -1
555 -3.002790216697289 -2.432482587935847 -199.04485487022018 554 556 -1
556 -3.1882550524117614 -2.377703556272971 -199.05508229613005 555 557 -1
557 -3.3726204448026715 -2.3217082620236256 -199.07463311267074 556 558 -1
558 -3.555823293113711 -2.264331289766749 -199.10025954570145 557 559 -1
559 -3.7380687753121467 -2.205318461663005 -199.12885500041486 558 560 -1
560 -3.9196940077127342 -2.1444349735850503 -199.15747411255123 559 561 -1
561 -4.100990695993708 -2.0813762145911916 -199.1833053661914 560 562 -1
562 -4.2821356028517235 -2.015930087313068 -199.20361378490037 561 563 -1
563 -4.463072833910141 -1.9479611440435156 -199.21575945573753 562 564 -1
564 -4.643414888618221 -1.8774250655869074 -199.21698719801785 563 565 -1
565 -4.822429868002752 -1.8045523970385438 -199.20520715489366 564 566 -1
566 -4.998944861431909 -1.7296947700661833 -199.1782050351996 565 567 -1
567 -5.171626965514999 -1.653490981098234 -199.13507486699987 566 568 -1
568 -5.339078644798414 -1.5766694770020262 -199.0755321565943 567 569 -1
569 -5.5 -1.5 -199.0 568 570 571
570 -5.550647817302989 -1.5516979642875202 -199.15158317874466 569 572 -1
571 -5.5462449452528375 -1.3783263855748367 -198.8444138872782 569 573 -1
572 -5.600457454449591 -1.6027385187444847 -199.30370102198296 570 574 -1
573 -5.594747767681764 -1.2583347183302256 -198.68845739998707 571 575 -1
574 -5.649416980376041 -1.6531674939283842 -199.45629809573342 572 576 -1
575 -5.645432682550574 -1.1399099613336028 -198.5319979399699 573 577 -1
576 -5.697549639252 -1.7029929025297315 -199.609355813006 574 578 -1
577 -5.6982836939525665 -1.0230726936061154 -198.37506239143906 575 579 -1
578 -5.7448803243033835 -1.7522243781614573 -199.7628551976405 576 580 -1
579 -5.753282984464261 -0.907842014842401 -198.2176777994895 577 581 -1
580 -5.791431012618597 -1.8008698124001061 -199.91677937622893 578 582 -1
581 -5.810410979267092 -0.7942355058573218 -198.05987128709958 579 583 -1
582 -5.8372228464694516 -1.848936832943222 -200.07111236561207 580 584 -1
583 -5.869646416104184 -0.682269196141489 -197.9016699734946 581 585 -1
584 -5.882276166863466 -1.8964328091344567 -200.22583901768024 582 586 -1
585 -5.930966420477085 -0.5719575385850613 -197.74310089439393 583 587 -1
586 -5.926610545959455 -1.9433648577461788 -200.3809449678892 584 588 -1
587 -5.9943465854592 -0.4633133913607214 -197.5841909246271 585 589 -1
588 -5.970244818341376 -1.9897398489525633 -200.53641658723257 586 590 -1
589 -6.05976553957004 -0.35635177804286516 -197.42496605969345 587 591 -1
590 -6.013197111153678 -2.0355644124353667 -200.69224093742915 588 592 -1
591 -6.12719288645954 -0.25107982976534593 -197.26545319962133 589 593 -1
592 -6.055483663322336 -2.0808439386410775 -200.848406342979 590 594 -1
593 -6.196598916892339 -0.14750458144407078 -197.10567849373365 591 595 -1
594 -6.097121151646669 -2.125584447834312 -201.00490116811326 592 596 -1
595 -6.267953906869833 -0.04563242844326032 -196.94566747054986 593 597 -1
596 -6.138126736686997 -2.16979267805634 -201.16171379758023 594 598 -1
597 -6.341227049274361 0.05453181645867857 -196.7854451575296 595 599 -1
598 -6.178514362282199 -2.213472928547072 -201.3188344674678 596 600 -1
599 -6.416392825881639 0.15297910252248495 -196.62503547253945 597 601 -1
600 -6.218298763578643 -2.256630404033583 -201.476253224701 598 602 -1
601 -6.493412177498522 0.249713386204775 -196.4644629760811 599 603 -1
602 -6.257494929351707 -2.299270807614938 -201.63396020139513 600 604 -1
603 -6.572251549931465 0.344734511314388 -196.3037508804041 601 605 -1
604 -6.2961149426276375 -2.341397513999614 -201.79194713484804 602 606 -1
605 -6.652876705503224 0.4380437661020469 -196.14292169914086 603 607 -1
606 -6.334173013079663 -2.3830160237169773 -201.9502049012904 604 608 -1
607 -6.7352574072031794 0.529639276446191 -195.98199701239358 605 609 -1
608 -6.371681556821107 -2.4241304654972513 -202.10872541035525 606 610 -1
609 -6.819354925651469 0.6195282795977989 -195.82099809512232 607 611 -1
610 -6.40865135479441 -2.464743651606405 -202.267501493929 608 612 -1
611 -6.905131913188244 0.7077177015023928 -195.65994524528313 609 613 -1
612 -6.445095790460428 -2.504861037257764 -202.42652489243855 610 614 -1
613 -6.9925521813561 0.7942142708647786 -195.49885786299052 611 615 -1
614 -6.481025794239868 -2.5444860055564007 -202.58578864212382 612 616 -1
615 -7.081582399738377 0.8790226021949479 -195.33775451749187 613 617 -1
616 -6.516450382462973 -2.5836202488738627 -202.74528678108504 614 618 -1
617 -7.1721848230381315 0.9621528313900124 -195.17665301456452 615 619 -1
618 -6.551381637505419 -2.6222686232425243 -202.90501203844087 616 620 -1
619 -7.264320314488228 1.0436176883786497 -195.0155702259289 617 621 -1
620 -6.585829521071636 -2.6604341233655284 -203.06495823614526 618 622 -1
621 -7.357952052837398 1.1234284779612318 -194.85452213584074 619 623 -1
622 -6.619803643896477 -2.698119566777669 -203.22511945442145 620 624 -1
623 -7.453043733817513 1.2015969296943914 -194.69352388395382 621 625 -1
624 -6.653313320049834 -2.735327638964664 -203.385489999776 622 626 -1
625 -7.549561890771803 1.278132461223902 -194.53258991817697 623 627 -1
626 -6.686367577417542 -2.7720608962431634 -203.54606439378287 624 628 -1
627 -7.64746585056259 1.353053806922708 -194.37173347468485 625 629 -1
628 -6.718975167783829 -2.808321768551015 -203.7068373624688 626 630 -1
629 -7.746719242312876 1.4263758954540344 -194.21096707624474 627 631 -1
630 -6.751144576529616 -2.844112562146957 -203.86780382626446 628 632 -1
631 -7.8472859454064485 1.4981144084414566 -194.05030240052938 629 633 -1
632 -6.782884031960894 -2.8794354622195146 -204.0289588904873 630 634 -1
633 -7.949130135640008 1.5682857231570697 -193.88975029212915 631 635 -1
634 -6.814201514280714 -2.9142925354048814 -204.19029783632456 632 636 -1
635 -8.052218642267247 1.6369039173136974 -193.72932102931907 633 637 -1
636 -6.845104764218328 -2.948685732214098 -204.3518161122873 634 638 -1
637 -8.156514312258032 1.7039890815497614 -193.56902366183772 635 639 -1
638 -6.875601291328255 -2.9826168893698175 -204.5135093261075 636 640 -1
639 -8.261981848861922 1.7695601152611786 -193.40886655707112 637 641 -1
640 -6.9056983819720426 -3.016087732053369 -204.67537323705187 638 642 -1
641 -8.368587008947465 1.833635634164197 -193.2488573770814 639 643 -1
642 -6.935403106994713 -3.0490998760627432 -204.83740374862845 640 644 -1
643 -8.4762960205614 1.8962346816174256 -193.0890030386602 641 645 -1
644 -6.964721722449993 -3.0816540998126714 -204.9995971559449 642 646 -1
645 -8.585075606917064 1.95737668061557 -192.9293097346427 643 647 -1
646 -6.993660683103425 -3.1137515210150766 -205.1619497117211 644 648 -1
647 -8.694893007186977 2.017081387745265 -192.76978295603064 645 649 -1
648 -7.022227155823084 -3.1453942610978975 -205.32445741602834 646 650 -1
649 -8.805715994256488 2.075368849165315 -192.6104275147466 647 651 -1
650 -7.050427428641408 -3.176583520563172 -205.4871166791955 648 652 -1
651 -8.917512889599982 2.132259358655456 -192.45124756685416 649 653 -1
652 -7.078266656034642 -3.207319186215114 -205.6499244135425 650 654 -1
653 -9.030253196684267 2.187772494494868 -192.29224675999907 651 655 -1
654 -7.105750774691267 -3.2376022125646964 -205.81287724003155 652 656 -1
655 -9.143905632472201 2.2419299913259234 -192.1334278731479 653 657 -1
656 -7.132886408533955 -3.267434581801303 -205.97597153686945 654 658 -1
657 -9.258440133404148 2.294752807546809 -191.97479321269594 655 659 -1
658 -7.159678077897296 -3.2968156630437675 -206.1392045661501 656 660 -1
659 -9.37382732806444 2.3462618415955827 -191.81634454539304 657 661 -1
660 -7.18613120106173 -3.325746071891976 -206.30257325069005 658 662 -1
661 -9.490038430590204 2.396478060387748 -191.65808310103225 659 663 -1
662 -7.2122521153810375 -3.354227799418976 -206.46607417782502 660 664 -1
663 -9.607045241637646 2.4454224699667657 -191.50000959565665 661 665 -1
664 -7.238043749172751 -3.382258291897239 -206.62970531072537 662 666 -1
665 -9.724820147600617 2.493116088142866 -191.34212425441046 663 667 -1
666 -7.263513116744306 -3.4098406911102632 -206.79346301915854 664 668 -1
667 -9.843336118226183 2.539579919070327 -191.18442683396128 665 669 -1
668 -7.2886636379617435 -3.436973267264652 -206.95734510964814 666 670 -1
669 -9.962566974871196 2.584834460322952 -191.02691671798905 667 671 -1
670 -7.313500684773335 -3.463657108080749 -207.1213486426269 668 672 -1
671 -10.082487018082215 2.6289002801821293 -190.86959284733217 669 673 -1
672 -7.338028403950299 -3.489891655130984 -207.28547117315944 670 674 -1
673 -10.203070575834797 2.6717988109048934 -190.71245360895747 671 675 -1
674 -7.362251354200114 -3.5156770228405985 -207.44971011237297 672 676 -1
675 -10.324292886013604 2.7135507974396154 -190.55549709660576 673 677 -1
676 -7.38617365621278 -3.5410127686561514 -207.61406305394888 674 678 -1
677 -10.44612973893803 2.754176871185776 -190.39872103886893 675 679 -1
678 -7.409799791664784 -3.565899075401127 -207.77852746848254 676 680 -1
679 -10.568557468082604 2.793697534843308 -190.24212281805444 677 681 -1
680 -7.433133189228937 -3.5903345977677588 -207.94310123370084 678 682 -1
681 -10.691552940027998 2.8321331487482895 -190.08569948834898 679 683 -1
682 -7.456178904501302 -3.6143205921872705 -208.1077816328069 680 684 -1
683 -10.815093543735896 2.8695039186237152 -189.92944779326768 681 685 -1
684 -7.478939088059633 -3.6378538264057183 -208.27256703225845 682 686 -1
685 -10.939157179234163 2.9058298846742945 -189.77336418238133 683 687 -1
686 -7.501419338976159 -3.660936616337831 -208.4374545396702 684 688 -1
687 -11.063723150742213 2.941129017024869 -189.6174451292355 685 689 -1
688 -7.523621826398187 -3.6835658463508048 -208.6024425231425 686 690 -1
689 -11.18876988070394 2.9754218491567612 -189.46168640078534 687 691 -1
690 -7.545550880586778 -3.705741967831624 -208.76752857130052 688 692 -1
691 -11.314276257860806 3.0087288280504487 -189.30608350121383 689 693 -1
692 -7.567210358008763 -3.727464767714476 -208.93271045469672 690 694 -1
693 -11.440222094208226 3.0410692604544165 -189.15063185140218 691 695 -1
694 -7.588602055101789 -3.7487305769655035 -209.09798667301612 692 696 -1
695 -11.566587650452039 3.0724622506348354 -188.9953266509444 693 697 -1
696 -7.609730897094609 -3.7695411312669727 -209.26335462707533 694 698 -1
697 -11.693354569962645 3.102924435203563 -188.84016322902784 695 699 -1
698 -7.630599708491674 -3.7898946507642597 -209.4288124609459 696 700 -1
699 -11.82050347971891 3.1324755012380177 -188.68513621204323 697 701 -1
700 -7.6512106437819805 -3.8097881688880997 -209.59435854247135 698 702 -1
701 -11.94801536864813 3.161135162115414 -188.53024001472644 699 703 -1
702 -7.671567998467387 -3.82922274204881 -209.75999049303678 700 704 -1
703 -12.075872149486273 3.1889216899742436 -188.37546906319693 701 705 -1
704 -7.691674589411971 -3.8481992510253398 -209.92570616997665 702 706 -1
705 -12.20405701471465 3.2158507102830955 -188.22081794754445 703 707 -1
706 -7.71153198671248 -3.866718421507316 -210.09150361552346 704 708 -1
707 -12.33255215740987 3.24194110468221 -188.06628060155762 705 709 -1
708 -7.731144295651371 -3.884785723502906 -210.25738007146572 706 710 -1
709 -12.461340049175227 3.267211910877708 -187.91185077921125 707 711 -1
710 -7.750514196365368 -3.9024040323910074 -210.4233332921644 708 712 -1
711 -12.59040422729228 3.291679978175215 -187.7575223599846 709 713 -1
712 -7.769643602731358 -3.9195748020783467 -210.5893613029569 710 714 -1
713 -12.719729245619993 3.31535966078894 -187.60328933997422 711 715 -1
714 -7.788535326190988 -3.9363011583946963 -210.75546188005353 712 716 -1
715 -12.849297892472364 3.338271429465937 -187.44914482772552 713 717 -1
716 -7.807192403335359 -3.9525866701781904 -210.9216327729124 714 718 -1
717 -12.979094451040368 3.360432076355988 -187.29508225203855 715 719 -1
718 -7.825617295506896 -3.968433843649909 -211.0878719416137 716 720 -1
719 -13.10910457510229 3.3818542289143703 -187.14109530499942 717 721 -1
720 -7.843811629034362 -3.983843602556791 -211.2541776142688 718 722 -1
721 -13.239311905293103 3.402558201863951 -186.9871767585749 719 723 -1
722 -7.8617783066638784 -3.9988192957346946 -211.4205476783087 720 724 -1
723 -13.369701536048668 3.4225601821613325 -186.83331971219664 721 725 -1
724 -7.879519921712226 -4.013363704610208 -211.58698014650437 722 726 -1
725 -13.500259681660442 3.4418723241417335 -186.6795174370869 723 727 -1
726 -7.897038734523745 -4.027478985066531 -211.75347315482222 724 728 -1
727 -13.630970866197254 3.46051448022732 -186.52576248385216 725 729 -1
728 -7.914336512531595 -4.041166341391398 -211.9200249948804 726 730 -1
729 -13.761821077178743 3.4785013024664844 -186.37204771975175 727 731 -1
730 -7.931415407616631 -4.054427719177321 -212.0866338766622 728 732 -1
731 -13.892796630996688 3.4958461825835387 -186.21836592706057 729 733 -1
732 -7.9482780352879825 -4.067265981135011 -212.25329791902473 730 734 -1
733 -14.02388306595585 3.5125675046533966 -186.06470955850213 731 735 -1
734 -7.964926470925944 -4.079682948497903 -212.4200154076044 732 736 -1
735 -14.15506708194395 3.5286781308274775 -185.91107121865167 733 737 -1
736 -7.981362746487438 -4.091680361811961 -212.58678466147887 734 738 -1
737 -14.28633502687199 3.544193607202708 -185.75744330540235 735 739 -1
738 -7.9975882009853745 -4.103258581462327 -212.7536041833279 736 740 -1
739 -14.417673342566552 3.5591304179770544 -185.60381817809406 737 741 -1
740 -8.013605287060013 -4.11442018258208 -212.92047222953715 738 742 -1
741 -14.549069187225939 3.5734994818085326 -185.45018808736754 739 743 -1
742 -8.02941607987541 -4.125167003123773 -213.0873871715738 740 744 -1
743 -14.68050909802858 3.5873190039222256 -185.2965452731531 741 745 -1
744 -8.045022444127511 -4.1355004642653155 -213.25434744960697 742 746 -1
745 -14.811980252427784 3.600601697220126 -185.14288183910276 743 747 -1
746 -8.060426205147499 -4.145421909673698 -213.4213515306607 744 748 -1
747 -14.943469765921105 3.613361539071355 -184.98918980728493 745 749 -1
748 -8.0756285911309 -4.154931457039156 -213.58839802195655 746 750 -1
749 -15.074964861926759 3.625614567014185 -184.83546130988546 747 751 -1
750 -8.090631739987582 -4.164031081654452 -213.75548535378394 748 752 -1
751 -15.206452831483272 3.6373713608291056 -184.68168796808243 749 753 -1
752 -8.105437547642614 -4.172722274628886 -213.92261202798397 750 754 -1
753 -15.337921136913057 3.6486491218786634 -184.5278619415962 751 755 -1
754 -8.120047687572733 -4.181006070932828 -214.08977660769278 752 756 -1
755 -15.46935718774213 3.659459884270094 -184.37397483122186 753 757 -1
756 -8.13446379741339 -4.188883430080851 -214.25697767708618 754 758 -1
757 -15.600748491918694 3.6698175232046504 -184.22001835704862 755 759 -1
758 -8.148687114792365 -4.196354462837888 -214.4242139047627 756 760 -1
759 -15.732082790867448 3.679736781607145 -184.065984390942 757 761 -1
760 -8.162719240141728 -4.203420033924611 -214.59148390205164 758 762 -1
761 -15.863347287557295 3.689228625757429 -183.91186401605842 759 763 -1
762 -8.176562047456459 -4.210081594732002 -214.75878624791693 760 764 -1
763 -15.994530083682506 3.698309172007659 -183.75764932385283 761 765 -1
764 -8.190217035838597 -4.2163398021802 -214.92611960037104 762 766 -1
765 -16.125618432110436 3.7069898246331934 -183.60333132275315 763 767 -1
766 -8.203685671585406 -4.22219523866681 -215.0934826332168 764 768 -1
767 -16.25660015421282 3.715284669499479 -183.44890160218154 765 769 -1
768 -8.216969154124145 -4.227647898427273 -215.26087406967173 766 770 -1
769 -16.38746304132799 3.723207248538254 -183.29435163385912 767 771 -1
770 -8.230068657127477 -4.23269770114027 -215.4282926404992 768 772 -1
771 -16.51819413219339 3.7307691054842977 -183.1396721081998 769 773 -1
772 -8.242986016745313 -4.2373460171426025 -215.59573698963848 770 774 -1
773 -16.6487817791479 3.737985275865427 -182.9848549611882 771 775 -1
774 -8.255722572162194 -4.241593127725286 -215.76320584436894 772 776 -1
775 -16.77921279630988 3.744867076300511 -182.82989062166203 773 777 -1
776 -8.268279632349198 -4.245439239445039 -215.93069794289266 774 778 -1
777 -16.909475090695043 3.751428408561023 -182.67477054097537 775 779 -1
778 -8.280658167230937 -4.2488837834601885 -216.09821206967845 776 780 -1
779 -17.039556274914712 3.757682417210407 -182.51948587014056 777 781 -1
780 -8.292859319168421 -4.251926556746294 -216.26574698834264 778 782 -1
781 -17.169442812972942 3.763640664259626 -182.36402673552993 779 783 -1
782 -8.304884722512803 -4.254568469456695 -216.43330141313353 780 784 -1
783 -17.299123063461842 3.769317629627467 -182.2083849658402 781 785 -1
784 -8.316735568799816 -4.2568094237689635 -216.60087411656386 782 786 -1
785 -17.428583429289144 3.7747251299526985 -182.05255066811347 783 787 -1
786 -8.328413021532521 -4.258649245719926 -216.76846387741168 784 788 -1
787 -17.557811077661402 3.7798762290057524 -181.89651465833956 785 789 -1
788 -8.339917505703424 -4.260086016583514 -216.93606954068218 786 790 -1
789 -17.686793638738436 3.7847844356097027 -181.74026817505452 787 791 -1
790 -8.351250773140263 -4.2611208933591325 -217.1036898303986 788 792 -1
791 -17.815516561958525 3.7894613707660967 -181.58380063835963 789 793 -1
792 -8.36241396481025 -4.261753608055091 -217.2713235328793 790 794 -1
793 -17.94396756583125 3.793920879278948 -181.42710345809806 791 795 -1
794 -8.373408134843059 -4.26198367403286 -217.43896944255297 792 796 -1
795 -18.072133442664658 3.7981759681182887 -181.27016730578896 793 797 -1
796 -8.384233605501459 -4.26180881961922 -217.60662639702355 794 798 -1
797 -18.199998781785 3.802238446756554 -181.11298109676093 795 799 -1
798 -8.394891949527368 -4.261229752219158 -217.77429314920104 796 800 -1
799 -18.327551386970917 3.8061223483207836 -180.95553650322248 797 801 -1
800 -8.405384266398661 -4.260246040785517 -217.94196848717874 798 802 -1
801 -18.45477724812064 3.809840590651791 -180.79782376985875 799 803 -1
802 -8.41571134084045 -4.258856466018919 -218.10965121219945 800 804 -1
803 -18.581660378689403 3.8134054584787185 -180.63983163931292 801 805 -1
804 -8.425873528057565 -4.257058705303649 -218.27734013118996 802 806 -1
805 -18.70818781581452 3.8168307701395645 -180.48155143274096 803 807 -1
806 -8.435872449474967 -4.2548535539988785 -218.4450340013193 804 808 -1
807 -18.834344961060562 3.8201296799775655 -180.3229732505938 805 809 -1
808 -8.445708979948765 -4.252239949642933 -218.6127316077471 806 810 -1
809 -18.960115766251924 3.8233151053458627 -180.16408616931724 807 811 -1
810 -8.455383118313984 -4.249214568101845 -218.78043173756188 808 812 -1
811 -19.085485184458967 3.826400500090897 -180.00488021917306 809 813 -1
812 -8.464896411068471 -4.245777978982039 -218.9481331452781 810 814 -1
813 -19.2104384593088 3.829399461893702 -179.8453458063494 811 815 -1
814 -8.474249775174219 -4.24192914959351 -219.11583459523814 812 816 -1
815 -19.334959741144004 3.8323254650300274 -179.685472633768 813 817 -1
816 -8.483443070379874 -4.237664260293967 -219.28353483138415 814 818 -1
817 -19.459031611398505 3.8351919792861495 -179.52524936741202 815 819 -1
818 -8.492477829823095 -4.232983805922042 -219.451232598961 816 820 -1
819 -19.582638260531688 3.8380128903592494 -179.36466612620194 817 821 -1
820 -8.501354741552117 -4.227886066534745 -219.61892663110837 818 822 -1
821 -19.705763363658694 3.8408021108771426 -179.20371282393953 819 823 -1
822 -8.51007372170551 -4.222367213073479 -219.78661561829668 820 824 -1
823 -19.828389696874765 3.8435736262654014 -179.0423788985475 821 825 -1
824 -8.518636291145585 -4.216429012298352 -219.95429833937013 822 826 -1
825 -19.950499648229442 3.8463415737095867 -178.88065372697446 823 827 -1
826 -8.527041837669803 -4.210073631470216 -220.12197371363163 824 828 -1
827 -20.07207408939824 3.8491203022056633 -178.71852580011216 825 829 -1
828 -8.53529069234326 -4.203307569876423 -220.28964080139838 826 830 -1
829 -20.193095390853767 3.851924303786402 -178.55598500604546 827 831 -1
830 -8.54338295379423 -4.196136740202397 -220.45729869860367 828 832 -1
831 -20.313545036444484 3.8547682064011735 -178.3930208401182 829 833 -1
832 -8.551318182621273 -4.188565738318891 -220.62494650938126 830 834 -1
833 -20.433403699784485 3.857666832133875 -178.22962249273922 831 835 -1
834 -8.559097181479135 -4.180602356196453 -220.79258346405314 832 836 -1
835 -20.552651576189977 3.8606351991694514 -178.0657791198758 833 837 -1
836 -8.566719034570458 -4.172250134310419 -220.9602087157565 834 838 -1
837 -20.671268363431928 3.8636885307552027 -177.9014798504431 835 839 -1
838 -8.57418495923215 -4.163517930862939 -221.12782162180608 836 840 -1
839 -20.789233242154676 3.8668422641271674 -177.73671379453486 837 841 -1
840 -8.581493846381647 -4.1544089898611 -221.295421399424 838 842 -1
841 -20.906524857485465 3.870112058170897 -177.57147005359656 839 843 -1
842 -8.588647049627724 -4.144932512116209 -221.46300751610127 840 844 -1
843 -21.02312412813454 3.873511544236882 -177.40573966995782 841 845 -1
844 -8.59564353851816 -4.135092114837886 -221.63057927564674 842 846 -1
845 -21.139021367950832 3.8770467154387602 -177.2395204233245 843 847 -1
846 -8.602484535756437 -4.124896706556739 -221.7981362318588 844 848 -1
847 -21.254208948467713 3.88072190704088 -177.07281163896235 845 849 -1
848 -8.60916934997492 -4.114350858917081 -221.96567780275637 846 850 -1
849 -21.368679185700806 3.8845414994042167 -176.90561271912335 847 851 -1
850 -8.615698817283851 -4.103462641165734 -222.13320359974813 848 852 -1
851 -21.48242434118282 3.888509917535855 -176.7379231452669 849 853 -1
852 -8.622072834169161 -4.092238073130636 -222.30071318565916 850 854 -1
853 -21.595436623065158 3.8926316306032134 -176.56974248030016 851 855 -1
854 -8.628291606164268 -4.080683924678512 -222.4682061980574 852 856 -1
855 -21.707708187288258 3.8969111514121413 -176.40107037083638 853 857 -1
856 -8.634355854508085 -4.068808071166555 -222.63568237614913 854 858 -1
857 -21.819231138822232 3.9013530358480186 -176.23190654946953 855 859 -1
858 -8.640264922054598 -4.056615608790587 -222.80314135137556 856 860 -1
859 -21.929997532979066 3.9059618822789943 -176.06225083706337 857 861 -1
860 -8.646020066582832 -4.044115586574275 -222.97058301163665 858 862 -1
861 -22.039999376798523 3.910742330920537 -175.8921031450534 859 863 -1
862 -8.65162108747336 -4.031314149336509 -223.13800712610984 860 864 -1
863 -22.149228630508773 3.91569906316046 -175.72146347775956 861 865 -1
864 -8.657068269966505 -4.018218491636893 -223.3054135613257 862 866 -1
865 -22.25767649878745 3.9208369681034774 -175.55033149194713 863 867 -1
866 -8.66236243577795 -4.004836843684575 -223.47280228950524 864 868 -1
867 -22.365333990284448 3.926161021002248 -175.37870686673264 865 869 -1
868 -8.667503315301186 -3.99117546004997 -223.64017319920558 866 870 -1
869 -22.472194264586854 3.9316757160763154 -175.20659074193097 867 871 -1
870 -8.672491603175096 -3.977242434797674 -223.8075263332188 868 872 -1
871 -22.57824910781533 3.9373858947937697 -175.03398351972476 869 873 -1
872 -8.677327952322411 -3.9630457842315123 -223.9748617715639 870 874 -1
873 -22.683490267839108 3.943296435762901 -174.86088570697467 871 875 -1
874 -8.682012266388583 -3.948592298382163 -224.14217954846666 872 876 -1
875 -22.787907005650283 3.9494128741085985 -174.6872964731951 873 877 -1
876 -8.686545154479052 -3.933890041572707 -224.30947982136 874 878 -1
877 -22.891492440468177 3.9557398144756952 -174.51321743076406 875 879 -1
878 -8.69092734894073 -3.9189472859509173 -224.47676280162443 876 880 -1
879 -22.994238968994853 3.9622820555356673 -174.33864986772232 877 881 -1
880 -8.695159149545871 -3.903771652092587 -224.64402869034 878 882 -1
881 -23.096136953923644 3.9690449466090074 -174.1635940259719 879 883 -1
882 -8.699240623449796 -3.8883705080826676 -224.8112777027311 880 884 -1
883 -23.19717630818194 3.976033997470842 -173.98805005993012 881 885 -1
884 -8.703172811379716 -3.87275271994738 -224.9785102013572 882 886 -1
885 -23.297351249044073 3.9832536018529563 -173.8120206913562 883 887 -1
886 -8.706956207402445 -3.8569263589168217 -225.14572652403473 884 888 -1
887 -23.396651319650722 3.9907094190222945 -173.63550614210166 885 889 -1
888 -8.710591134895491 -3.840899330177629 -225.3129270276307 886 890 -1
889 -23.495067111498592 3.9984068658211727 -173.4585073886838 887 891 -1
890 -8.714077936735729 -3.8246796591416503 -225.48011210913464 888 892 -1
891 -23.592592766264858 4.006350400447214 -173.28102746419708 889 893 -1
892 -8.717417564539577 -3.8082761941850563 -225.64728226318977 890 894 -1
893 -23.689215022586257 4.014546561728601 -173.10306556434503 891 895 -1
894 -8.720610581943651 -3.791697310848749 -225.81443797721548 892 896 -1
895 -23.784929173684628 4.022999522120715 -172.92462559714767 893 897 -1
896 -8.723657569713763 -3.7749514587897717 -225.98157977363974 894 898 -1
897 -23.879723915964707 4.031715333099581 -172.74570812102374 895 899 -1
898 -8.726558782269583 -3.758046805732889 -226.14870817862203 896 900 -1
899 -23.97359136512996 4.040699099426821 -172.56631563467914 897 901 -1
900 -8.729315082253754 -3.7409922468864223 -226.31582380650497 898 902 -1
901 -24.0665225311083 4.0499562631970925 -172.38645020724184 899 903 -1
902 -8.731927222413034 -3.7237965760153027 -226.4829272895925 900 904 -1
903 -24.158508031172786 4.059492405022464 -172.2061138626789 901 905 -1
904 -8.734395849795085 -3.706468523050475 -226.6500192795595 902 906 -1
905 -24.249539523917047 4.069312819785511 -172.02530929325727 903 907 -1
906 -8.736721627778467 -3.689016886031719 -226.8171004574759 904 908 -1
907 -24.33960783557991 4.0794230676057035 -171.84403892436407 905 909 -1
908 -8.738905235920075 -3.671450529906625 -226.98417153255764 906 910 -1
909 -24.42870358437263 4.089828796053219 -171.66230524339244 907 911 -1
910 -8.740947055271054 -3.6537781694285556 -227.1512332216748 908 912 -1
911 -24.516819536366928 4.10053501098285 -171.4801118906214 909 913 -1
912 -8.74284811962688 -3.636009059679848 -227.31828630944005 910 914 -1
913 -24.603943561172766 4.111548247712532 -171.29746038415283 911 915 -1
914 -8.744609170949811 -3.6181522668689885 -227.48533158238797 912 916 -1
915 -24.690071006002068 4.122872738352304 -171.11435583022381 913 917 -1
916 -8.746230951423689 -3.600216907875916 -227.65236984873238 914 918 -1
917 -24.775188593219145 4.134515426322046 -170.9307995674736 915 919 -1
918 -8.747714218691936 -3.5822121605474404 -227.8194019379265 916 920 -1
919 -24.85929047978804 4.146480936712618 -170.74679643267862 917 921 -1
920 -8.74905974572349 -3.5641472624933366 -227.98642869916532 918 922 -1
921 -24.9423682477741 4.158774708906018 -170.56235022841568 919 923 -1
922 -8.750268320682165 -3.546031509877894 -228.1534509998484 920 924 -1
923 -25.02440912714273 4.171403611659373 -170.3774630796284 921 925 -1
924 -8.751340746799642 -3.527874256205882 -228.32046972400462 922 926 -1
925 -25.105408600799127 4.1843718585539085 -170.19214076734647 923 927 -1
926 -8.752277812759035 -3.509684906145037 -228.48748577029272 924 928 -1
927 -25.185357432297764 4.197685194153788 -170.00638719500068 925 929 -1
928 -8.7530802493243 -3.491472920537523 -228.65450005110037 926 930 -1
929 -25.264243211327674 4.211350440458033 -169.82020517818123 927 931 -1
930 -8.753749053520858 -3.473247849895791 -228.82151349319804 928 932 -1
931 -25.342061227246145 4.22537188118279 -169.63360078286811 929 933 -1
932 -8.754285087053074 -3.455019261562748 -228.98852703033785 930 934 -1
933 -25.418802771983724 4.239755125022336 -169.44657858614076 931 935 -1
934 -8.7546892261156 -3.4367967740819583 -229.155541604476 932 936 -1
935 -25.494457013050955 4.254506517437501 -169.25914252684746 933 937 -1
936 -8.754962361288754 -3.418590055919965 -229.32255816398754 934 938 -1
937 -25.56901617617683 4.2696313863432 -169.07129788220965 935 939 -1
938 -8.755105397437653 -3.4004088241721617 -229.4895776618489 936 940 -1
939 -25.642473344621244 4.285134765159748 -168.88305036417768 937 941 -1
940 -8.755119253614993 -3.3822628432504143 -229.65660105378936 938 942 -1
941 -25.71482013445143 4.30102219274976 -168.69440527455416 939 943 -1
942 -8.755004862967505 -3.3641619235506424 -229.8236292964125 940 944 -1
943 -25.786047062278726 4.317299602177381 -168.5053676881757 941 945 -1
944 -8.754763172645923 -3.3461159200984083 -229.9906633452884 942 946 -1
945 -25.85614535241917 4.333972695897704 -168.31594310283984 943 947 -1
946 -8.754395143718497 -3.328134731170731 -230.15770415301836 944 948 -1
947 -25.925108847685905 4.3510462583163845 -168.12613803894638 945 949 -1
948 -8.753901751087847 -3.3102282968919297 -230.32475266727243 946 950 -1
949 -25.99293278735498 4.368525604016197 -167.93595965116873 947 951 -1
950 -8.753283983411071 -3.292406597801754 -230.49180982880182 948 952 -1
951 -26.059645608759805 4.386414918458351 -167.74542667049232 949 953 -1
952 -8.752542843171758 -3.2746793608668443 -230.65887653845755 950 954 -1
953 -26.125296499148323 4.404717628392137 -167.55456434217916 951 955 -1
954 -8.75167935105177 -3.257048618993482 -230.82595287167254 952 956 -1
955 -26.189934326067803 4.423437815385997 -167.36339694763288 953 957 -1
956 -8.750694549258482 -3.239507833829755 -230.9930380025236 954 958 -1
957 -26.253612901426667 4.44257784945046 -167.1719493760008 955 959 -1
958 -8.74958949855474 -3.222049964108954 -231.1601310655223 956 960 -1
959 -26.316385096606957 4.462140718536305 -166.98024536359918 957 961 -1
960 -8.748365277769524 -3.2046679305984638 -231.32723120425803 958 962 -1
961 -26.37830459965611 4.4821293171349526 -166.78830807658017 959 963 -1
962 -8.747022983505136 -3.1873546181307977 -231.4943375707945 960 964 -1
963 -26.439425909355798 4.50254640802081 -166.59616014574908 961 965 -1
964 -8.745563729840846 -3.1701028776485978 -231.66144932504642 962 966 -1
965 -26.499804238865455 4.523394621705575 -166.40382367793518 963 967 -1
966 -8.743988648033138 -3.15290552826286 -231.82856563413682 964 968 -1
967 -26.559495421518438 4.544676455499006 -166.2113202713493 965 969 -1
968 -8.742298886212648 -3.135755359324086 -231.99568567173662 966 970 -1
969 -26.6185548978726 4.566394976494161 -166.01867083393384 967 971 -1
970 -8.740495609077922 -3.118645132505685 -232.16280861738755 968 972 -1
971 -26.677040510134294 4.588551769745294 -165.82589625991096 969 973 -1
972 -8.738579997586056 -3.1015675838991874 -232.32993365580933 970 974 -1
973 -26.73500947882139 4.611148879415289 -165.63301676169115 971 975 -1
974 -8.73655324864037 -3.0845154261208934 -232.49705997619265 972 976 -1
975 -26.792519223071505 4.634188257157548 -165.4400521213643 973 977 -1
976 -8.734416574775146 -3.067481350429275 -232.66418677147914 974 978 -1
977 -26.84962734869715 4.6576717101289855 -165.2470217363245 975 979 -1
978 -8.73217120383748 -3.050458028852865 -232.83131323762925 976 980 -1
979 -26.9063915678538 4.681600897371689 -165.05394465021075 977 981 -1
980 -8.729818363563142 -3.0334381157666006 -232.99843857260518 978 982 -1
981 -26.962869620866478 4.705977325744056 -164.86083958511435 979 983 -1
982 -8.72735924398151 -3.0164142407367343 -233.16556197406373 980 984 -1
983 -27.01911886412454 4.73080323587445 -164.66772499254208 981 985 -1
984 -8.724795198535727 -2.999379027681046 -233.33268264331613 982 986 -1
985 -27.07519741348174 4.756079019353415 -164.47461911142645 983 987 -1
986 -8.722127513600919 -2.982325092534589 -233.4997997808224 984 988 -1
987 -27.131162682381756 4.781805659144834 -164.28153990564658 985 989 -1
988 -8.719357489216787 -2.965245042888636 -233.6669125862768 986 990 -1
989 -27.18707179890248 4.8079840088586385 -164.08850515210682 987 991 -1
990 -8.716486438753297 -2.9481314801721172 -233.83402025783192 988 992 -1
991 -27.242981558439055 4.8346147432932405 -163.89553247497608 989 993 -1
992 -8.713515688573844 -2.930977001840288 -234.00112199132022 990 994 -1
993 -27.298948488851934 4.861698882814644 -163.70263949214174 991 995 -1
994 -8.710446577696034 -2.913774203570192 -234.16821697947455 992 996 -1
995 -27.35502880106772 4.889236949451507 -163.50984373839336 993 997 -1
996 -8.707280457449883 -2.896515681462397 -234.33530441114863 994 998 -1
997 -27.411277829795075 4.917228365914337 -163.31716246175833 995 999 -1
998 -8.704018691133667 -2.8791940342486533 -234.50238347053929 996 1000 -1
999 -27.467750397841925 4.945673029720005 -163.1246130011635 997 1001 -1
1000 -8.700662653667289 -2.861801865504826 -234.66945333641178 998 1002 -1
1001 -27.52450083275619 4.9745708514244695 -162.93221277721838 999 1003 -1
1002 -8.697213731243215 -2.8443317858688 -234.83651318132914 1000 1004 -1
1003 -27.581583645869177 5.003922455154308 -162.73997965207084 1001 1005 -1
1004 -8.693673320975002 -2.8267764152627315 -235.00356217088773 1002 1006 -1
1005 -27.63905073031971 5.033725787254416 -162.54793062250823 1003 1007 -1
1006 -8.690042830543343 -2.8091283851191338 -235.1705994629596 1004 1008 -1
1007 -27.69695392077961 5.063979853080473 -162.3560831773185 1005 1009 -1
1008 -8.68632367783973 -2.791380340610357 -235.33762420694345 1006 1010 -1
1009 -27.755345697020246 5.094684709654956 -162.16445557501834 1007 1011 -1
1010 -8.682517235871028 -2.773524869744839 -235.5046355339203 1008 1012 -1
1011 -27.814275711267637 5.12583829432549 -161.97306532575323 1009 1013 -1
1012 -8.67862496295521 -2.755554664513251 -235.67163257575817 1010 1014 -1
1013 -27.87379226255575 5.1574382591994254 -161.78192993611393 1011 1015 -1
1014 -8.674648343784959 -2.737462472458262 -235.83861445796538 1012 1016 -1
1015 -27.933945822947553 5.189484289576969 -161.5910684408868 1013 1017 -1
1016 -8.670588833706775 -2.7192410170222328 -236.00558028884913 1014 1018 -1
1017 -27.99478200385448 5.221973094628066 -161.40049840398484 1015 1019 -1
1018 -8.666447896437896 -2.700883046671995 -236.17252916468593 1016 1020 -1
1019 -28.056346531316976 5.254902130182446 -161.2102380972342 1017 1021 -1
1020 -8.66222700369484 -2.6823813371354186 -236.33946016905338 1018 1022 -1
1021 -28.118686721157022 5.2882700862846175 -161.0203071360447 1019 1023 -1
1022 -8.657927634819428 -2.6637286936369318 -236.50637237218 1020 1024 -1
1023 -28.181842384790105 5.322071932936785 -160.83072264072825 1021 1025 -1
1024 -8.653551276402288 -2.6449179531312366 -236.67326483031428 1022 1026 -1
1025 -28.245860979488345 5.356307052756359 -160.64150569483579 1023 1027 -1
1026 -8.649099421903802 -2.6259419865343947 -236.84013658511466 1024 1028 -1
1027 -28.31077796188672 5.3909692097938295 -160.45267299208655 1025 1029 -1
1028 -8.644573571272513 -2.6067937009516173 -237.0069866630612 1026 1030 -1
1029 -28.376638818892086 5.426057317520396 -160.2642462575454 1027 1031 -1
1030 -8.639975230560946 -2.5874660419007682 -237.1738140748905 1028 1032 -1
1031 -28.443476083718174 5.461564787976335 -160.07624239004784 1029 1033 -1
1032 -8.63530591153893 -2.5679519955309926 -237.34061781505488 1030 1034 -1
1033 -28.51133208156518 5.49748960489932 -159.88868328377637 1031 1035 -1
1034 -8.63056713130427 -2.5482445908352056 -237.50739686120747 1032 1036 -1
1035 -28.580238001222135 5.533825469462731 -159.70158673666245 1033 1037 -1
1036 -8.625760411890926 -2.5283369018559307 -237.6741501737134 1034 1038 -1
1037 -28.65022882647631 5.570567991095046 -159.51497295344882 1035 1039 -1
1038 -8.620887279874612 -2.50822204988321 -237.84087669518942 1036 1040 -1
1039 -28.721339206575497 5.607712855895677 -159.3288627773889 1037 1041 -1
1040 -8.61594926597585 -2.4878932056437586 -238.007575350072 1038 1042 -1
1041 -28.793596219291754 5.64525336233232 -159.14327438605483 1039 1043 -1
1042 -8.610947904660497 -2.467343591480284 -238.17424504421575 1040 1044 -1
1043 -28.867029611954578 5.68318410055275 -158.95822788323542 1041 1045 -1
1044 -8.605884733737799 -2.4465664835199523 -238.3408846645226 1042 1046 -1
1045 -28.941670928672423 5.7215004191941885 -158.77374498732084 1043 1047 -1
1046 -8.600761293955925 -2.4255552138307825 -238.50749307860318 1044 1048 -1
1047 -29.017541918656086 5.760194814892574 -158.5898435680846 1045 1049 -1
1048 -8.595579128595084 -2.40430317256498 -238.67406913447084 1046 1050 -1
1049 -29.094667024715555 5.799260965967064 -158.40654342606445 1047 1051 -1
1050 -8.590339783058262 -2.3828038100880216 -238.84061166026981 1048 1052 -1
1051 -29.17306900157205 5.838692296123103 -158.22386424469138 1049 1053 -1
1052 -8.58504480445959 -2.3610506390920776 -239.00711946403786 1050 1054 -1
1053 -29.252768894580782 5.878481982673473 -158.04182554795815 1051 1055 -1
1054 -8.579695741210418 -2.3390372366929073 -239.17359133350445 1052 1056 -1
1055 -29.333786022176106 5.918622965886172 -157.86044665631422 1053 1057 -1
1056 -8.574294142603195 -2.3167572465085544 -239.34002603592518 1054 1058 -1
1057 -29.416137993018626 5.959107967113165 -157.67974665694445 1055 1059 -1
1058 -8.568841558393135 -2.2942043807188597 -239.50642231795314 1056 1060 -1
1059 -29.5 6.0 -157.5 1057 1061 1062
1060 -8.563339538377901 -2.2713724221042364 -239.6727789055479 1058 1063 -1
1061 -29.439866338520083 5.9223419411635305 -157.3178546452871 1059 1064 -1
1062 -29.593585556008485 6.0859864399737456 -157.36951489493023 1059 1065 -1
1063 -8.557789631975242 -2.2482552260624673 -239.83909450392264 1060 1066 -1
1064 -29.37818928409247 5.844684564578716 -157.13611138909272 1061 1067 -1
1065 -29.686734934795904 6.171778712451112 -157.23848237177944 1062 1068 -1
1066 -8.55219338779877 -2.2248467226021433 -240.00536779753006 1063 1069 -1
1067 -29.314779409212157 5.766841370738983 -156.95504518322173 1064 1070 -1
1068 -29.77945196227614 6.257178126166825 -157.10688778168486 1065 1071 -1
1069 -8.54655235323197 -2.201140918311054 -240.1715974500875 1066 1072 -1
1070 -29.249663832470464 5.688805450040656 -156.77466860663296 1067 1073 -1
1071 -29.87173322678443 6.342186227933907 -156.9747347127058 1068 1074 -1
1072 -8.540868074000594 -2.177131898298622 -240.33778210464175 1069 1075 -1
1073 -29.182871722780035 5.6105702481651285 -156.5949927169242 1070 1076 -1
1074 -29.963575029483295 6.426804321079066 -156.84202636712337 1071 1077 -1
1075 -8.53514209374347 -2.152813828110263 -240.50392038367372 1072 1078 -1
1076 -29.11442853197021 5.532128902778094 -156.41602945622103 1073 1079 -1
1077 -30.05497206490647 6.511032339464732 -156.7087639712777 1074 1080 -1
1078 -8.529375953581987 -2.12818095561271 -240.67001088924366 1075 1081 -1
1079 -29.04436060009062 5.453474790075616 -156.2377897729991 1076 1082 -1
1080 -30.145921837595814 6.594872711498372 -156.57495226093937 1077 1083 -1
1081 -8.523571191688335 -2.1032276128484937 -240.83605220317668 1078 1084 -1
1082 -28.972690784952093 5.374600953753942 -156.06028560580432 1079 1085 -1
1083 -30.236419546286893 6.678325886900543 -156.44059313128707 1080 1086 -1
1084 -8.51772934285266 -2.0779482178581037 -241.00204288728904 1081 1087 -1
1085 -28.899444047396994 5.295500857848443 -155.88352738658796 1082 1088 -1
1086 -30.326460954225603 6.761392855623902 -156.30568921471624 1083 1089 -1
1087 -8.511851938049352 -2.052337276468451 -241.1679814836554 1084 1090 -1
1088 -28.82464198557692 5.216167624871897 -155.70752661265695 1085 1091 -1
1089 -30.416042987575086 6.844075612157225 -156.1702445241821 1086 1092 -1
1090 -8.505940504002576 -2.026389384045734 -241.33386651491676 1087 1093 -1
1091 -28.74830545258015 5.136594378137931 -155.53229471418834 1088 1094 -1
1092 -30.505160912551652 6.926374793695761 -156.0342611287001 1089 1095 -1
1093 -8.5 -2.0 -241.5 1090 -1 -1
1094 -28.670456008806763 5.056774485832934 -155.35784232114693 1091 1096 -1
1095 -30.593810545358124 7.008291545769832 -155.897741783376 1092 1097 -1
1096 -28.59111325909054 4.976701137308942 -155.18418064268664 1094 1098 -1
1097 -30.68198873696908 7.089827880407765 -155.7606904216726 1095 1099 -1
1098 -28.510296044059537 4.896367517025342 -155.01132092455367 1096 1100 -1
1099 -30.76969135673856 7.1709850387348855 -155.62310986308538 1097 1101 -1
1100 -28.428022468891893 4.8157668041206 -154.83927447144907 1098 1102 -1
1101 -30.85691320996143 7.251763474609174 -155.48500180189708 1099 1103 -1
1102 -28.344309931199042 4.734892171874871 -154.668052668457 1100 1104 -1
1103 -30.943651599380743 7.332165642358619 -155.34637068566977 1101 1105 -1
1104 -28.259175148069087 4.653736787086587 -154.49766700162067 1102 1106 -1
1105 -31.029902512390024 7.4121929833300175 -155.2072195158219 1103 1107 -1
1106 -28.17263418230451 4.572293809384417 -154.3281290777444 1104 1108 -1
1107 -31.115661762567527 7.491846844552471 -155.06755113148273 1105 1109 -1
1108 -28.08470246789051 4.490556390495629 -154.15945064349205 1106 1110 -1
1109 -31.20092452515629 7.571128142658591 -154.92736774734968 1107 1111 -1
1110 -27.995394834731254 4.408517673490503 -153.99164360384978 1108 1112 -1
1111 -31.28568784282887 7.650039226926521 -154.78667352526287 1109 1113 -1
1112 -27.904725532691973 4.326170792021649 -153.8247200400142 1110 1114 -1
1113 -31.36994771885143 7.7285816924852595 -154.6454715503859 1111 1115 -1
1114 -27.812708254986592 4.243508869576791 -153.6586922267637 1112 1116 -1
1115 -31.453700159885265 7.8067571725030405 -154.50376492824705 1113 1117 -1
1116 -27.719356160950433 4.160525018762721 -153.4935726493656 1114 1118 -1
1117 -31.53694093827621 7.884567170354818 -154.36155655466055 1115 1119 -1
1118 -27.624681898238613 4.077212340637887 -153.32937402006803 1116 1120 -1
1119 -31.6196656380912 7.962013102143326 -154.21884917570583 1117 1121 -1
1120 -27.52869762449104 3.9935639241106324 -153.16610929422134 1118 1122 -1
1121 -31.70187099261178 8.039097224551032 -154.0756466566893 1119 1123 -1
1122 -27.431414662509535 3.9095727459898537 -153.00379195926382 1120 1124 -1
1123 -31.783553021392343 8.115821319413868 -153.93195217912333 1121 1125 -1
1124 -27.332843823038115 3.8252317406114105 -152.8424358513033 1122 1126 -1
1125 -31.864707746520498 8.19218720530708 -153.787768943094 1123 1127 -1
1126 -27.232996641646494 3.7405341464891944 -152.68205422639898 1124 1128 -1
1127 -31.94533119241697 8.268196737281023 -153.6431001669426 1125 1129 -1
1128 -27.13188353103368 3.6554730001300304 -152.5226611664275 1126 1130 -1
1129 -32.02541938562563 8.343851806595074 -153.49794908696197 1127 1131 -1
1130 -27.02951413589046 3.5700412096269325 -152.36427138255019 1128 1132 -1
1131 -32.104968354594476 8.419154340450353 -153.35231895710808 1129 1133 -1
1132 -26.925897429909554 3.4842315636051957 -152.20690020044307 1130 1134 -1
1133 -32.18397370323469 8.494106030227542 -153.20621268072503 1131 1135 -1
1134 -26.82104373521436 3.3980373575913214 -152.05056189575114 1132 1136 -1
1135 -32.26243187158137 8.568709141655102 -153.059633909686 1133 1137 -1
1136 -26.71496203229691 3.3114515768562436 -151.89527191339144 1134 1138 -1
1137 -32.340338967819605 8.642965755293233 -152.91258601308124 1135 1139 -1
1138 -26.607659540176382 3.224466709549109 -151.74104736837853 1136 1140 -1
1139 -32.41769102648454 8.71687793842211 -152.76507231135437 1137 1141 -1
1140 -26.49914592555921 3.137076126786952 -151.58790338162007 1138 1142 -1
1141 -32.49448408278358 8.790447792906994 -152.6170961414197 1139 1143 -1
1142 -26.389429425323225 3.0492728269785285 -151.4358564535447 1140 1144 -1
1143 -32.57071417232815 8.863677454927373 -152.46866085646863 1141 1145 -1
1144 -26.278516419064797 2.961049229686041 -151.2849250183946 1142 1146 -1
1145 -32.64637733085828 8.93656909470622 -152.31976982579275 1143 1147 -1
1146 -26.166415782026665 2.87239870546184 -151.13512540433587 1144 1148 -1
1147 -32.72146959396028 9.009124916239484 -152.17042643462344 1145 1149 -1
1148 -26.053135086167718 2.783314255702051 -150.9864753585494 1146 1150 -1
1149 -32.79598699677792 9.081347157026064 -152.02063408398848 1147 1151 -1
1150 -25.93867986884033 2.6937881815887703 -150.83899494007494 1148 1152 -1
1151 -32.869925573717346 9.153238087798341 -151.87039619058558 1149 1153 -1
1152 -25.823058828622155 2.6038140436225032 -150.69270135211903 1150 1154 -1
1153 -32.943281358146145 9.224800012253468 -151.71971618667283 1151 1155 -1
1154 -25.706278454202238 2.513384642960865 -150.54761430982407 1152 1156 -1
1155 -33.016050382086746 9.296035266785648 -151.5685975199767 1153 1157 -1
1156 -25.588344505679608 2.422492537328038 -150.40375469978216 1154 1158 -1
1157 -33.08822867590476 9.3669462202194 -151.41704365361727 1155 1159 -1
1158 -25.46926491025501 2.3311312231279233 -150.261141465793 1156 1160 -1
1159 -33.15981226799234 9.43753527354413 -151.26505806605107 1157 1161 -1
1160 -25.349045444346608 2.239293386811995 -150.11979627437017 1158 1162 -1
1161 -33.23079718444696 9.507804859649847 -151.11264425103124 1159 1163 -1
1162 -25.227692305253456 2.1469719324088263 -149.97974081639796 1160 1164 -1
1163 -33.30117944874628 9.577757443064652 -150.959805717586 1161 1165 -1
1164 -25.105212786912745 2.0541603000645656 -149.84099597532565 1162 1166 -1
1165 -33.37095508141885 9.647395519693518 -150.8065459900143 1163 1167 -1
1166 -24.981612252195237 1.9608511423888224 -149.70358539524568 1164 1168 -1
1167 -33.440119670945286 9.716721400674848 -150.6528683189832 1165 1169 -1
1168 -24.85689732452777 1.8670377108853269 -149.56753180347744 1166 1170 -1
1169 -33.50866944125241 9.785737757691644 -150.4987764118754 1167 1171 -1
1170 -24.7310749337548 1.772713460893943 -149.43285808554012 1168 1172 -1
1171 -33.5766005491473 9.85444725587991 -150.34427394152465 1169 1173 -1
1172 -24.60415043803645 1.6778711623527893 -149.29958972957883 1170 1174 -1
1173 -33.64390899922099 9.922852515156569 -150.18936449502064 1171 1175 -1
1174 -24.476130687219783 1.5825043203948448 -149.16775101673352 1172 1176 -1
1175 -33.710590791424664 9.99095618554068 -150.03405167496732 1173 1177 -1
1176 -24.347022633615513 1.4866065474214947 -149.03736673997952 1174 1178 -1
1177 -33.77664192072485 10.05876094690355 -149.87833909958806 1175 1179 -1
1178 -24.216832134534265 1.3901709560885056 -148.9084639172708 1176 1180 -1
1179 -33.84205837675771 10.126269508721299 -149.72223040284985 1177 1181 -1
1180 -24.08556591657878 1.2931911143712977 -148.78106921488455 1178 1182 -1
1181 -33.906835863072835 10.19348448299622 -149.56572906496558 1179 1183 -1
1182 -23.953231443597435 1.1956610087459458 -148.65520905963302 1180 1184 -1
1183 -33.9709697802658 10.260408386499273 -149.4088384157533 1181 1185 -1
1184 -23.819835653431753 1.0975743953086685 -148.53091148279543 1182 1186 -1
1185 -34.03445688068963 10.32704437620276 -149.25156261886437 1183 1187 -1
1186 -23.685384691809677 0.9989246206650079 -148.40820670676044 1184 1188 -1
1187 -34.09729312839491 10.393395278676213 -149.09390537419281 1185 1189 -1
1188 -23.54988710853302 0.8997063395512165 -148.28712231660882 1186 1190 -1
1189 -34.159474480365716 10.459463948892864 -148.93587039827145 1187 1191 -1
1190 -23.41335057282401 0.7999137701079256 -148.16768822586087 1188 1192 -1
1191 -34.2209964717608 10.52525309719394 -148.7774611930675 1189 1193 -1
1192 -23.275785439646814 0.6995430542720296 -148.0499306853264 1190 1194 -1
1193 -34.281854366829435 10.59076536518153 -148.61868114772156 1191 1195 -1
1194 -23.137215133539684 0.5985999169207923 -147.9338529263822 1192 1196 -1
1195 -34.34204511023242 10.656004121559052 -148.45953460558363 1193 1197 -1
1196 -22.99766966587235 0.49709450544712913 -147.81944570253177 1194 1198 -1
1197 -34.4015646264486 10.720972333720288 -148.30002535362115 1195 1199 -1
1198 -22.857178321512965 0.39503645758581896 -147.70669977731555 1196 1200 -1
1199 -34.46040833943386 10.785672804838725 -148.140156939784 1197 1201 -1
1200 -22.715770352484846 0.29243529687053316 -147.59560475577894 1198 1202 -1
1201 -34.51857132808478 10.850108249563679 -147.9799327744218 1199 1203 -1
1202 -22.57347497402859 0.18930043841279293 -147.48614904694128 1200 1204 -1
1203 -34.57605072464607 10.914282207014876 -147.81935735748607 1201 1205 -1
1204 -22.43032073019907 0.08564080509275358 -147.37832104708693 1202 1206 -1
1205 -34.6328424157004 10.978197753434676 -147.65843455137158 1203 1207 -1
1206 -22.286337215277452 -0.01853410558537375 -147.27210580748041 1204 1208 -1
1207 -34.688940571674365 11.041857373018617 -147.49716740511056 1205 1209 -1
1208 -22.141553283064344 -0.12321529874025938 -147.1674883591168 1206 1210 -1
1209 -34.744342341160625 11.105264684227864 -147.33556047807352 1207 1211 -1
1210 -21.99599753843735 -0.22839397949559756 -147.06445278715177 1208 1212 -1
1211 -34.79904391539477 11.168422967192484 -147.17361786072595 1209 1213 -1
1212 -21.849698335245982 -0.3340615454338553 -146.96298221303067 1210 1214 -1
1213 -34.85303939625151 11.231334806872177 -147.01134269107183 1211 1215 -1
1214 -21.702683367864484 -0.44020985608665286 -146.863059675655 1212 1216 -1
1215 -34.90632572772619 11.294003817414367 -146.84873948197827 1213 1217 -1
1216 -21.554980602445777 -0.5468305977678009 -146.76466609799442 1214 1218 -1
1217 -34.958899270070795 11.35643342110783 -146.68581247623624 1215 1219 -1
1218 -21.406617626292174 -0.6539156942040245 -146.66778161587013 1216 1220 -1
1219 -35.01075339727804 11.418626090414453 -146.52256461810666 1217 1221 -1
1220 -21.25762147112055 -0.7614574272249703 -146.57238599889743 1218 1222 -1
1221 -35.06188615150284 11.480585866285406 -146.35900096458263 1219 1223 -1
1222 -21.10801873302314 -0.8694483514723812 -146.47845840384116 1220 1224 -1
1223 -35.11229238822836 11.54231577275763 -146.19512518495546 1221 1225 -1
1224 -20.957835165624918 -0.9778816082618368 -146.38597843200768 1222 1226 -1
1225 -35.16196713761497 11.603818938017573 -146.03094107848187 1223 1227 -1
1226 -20.80709708852663 -1.086749829715689 -146.2949225713912 1224 1228 -1
1227 -35.21090782403259 11.665099249324305 -145.86645346902114 1225 1229 -1
1228 -20.65582984160873 -1.1960462972177872 -146.20526802462874 1226 1230 -1
1229 -35.25910735254515 11.726159264187126 -145.70166536011868 1227 1231 -1
1230 -20.504058136255647 -1.305764695285376 -146.11699194101564 1228 1232 -1
1231 -35.30656408040731 11.787003190886969 -145.53658199980327 1229 1233 -1
1232 -20.35180615732194 -1.415899039289406 -146.0300712130023 1230 1234 -1
1233 -35.35327168137836 11.847633895538086 -145.37120679683696 1231 1235 -1
1234 -20.199098243681625 -1.5264430464221854 -145.9444804750381 1232 1236 -1
1235 -35.399226946424726 11.908055169810993 -145.2055444203177 1233 1237 -1
1236 -20.04595775408136 -1.6373911169871427 -145.86019534455255 1234 1238 -1
1237 -35.44442476307739 11.968270299593286 -145.0395988417585 1235 1239 -1
1238 -19.892407232433772 -1.748738252768576 -145.77719217037048 1236 1240 -1
1239 -35.488860939314165 12.028282855112847 -144.87337441902122 1237 1241 -1
1240 -19.73846964141357 -1.8604788190345682 -145.69544411376694 1238 1242 -1
1241 -35.53253098423422 12.088096354570617 -144.7068754357199 1239 1243 -1
1242 -19.584166695444363 -1.9726081821148385 -145.61492644505688 1240 1244 -1
1243 -35.5754303211484 12.14771432341415 -144.5401061835053 1241 1245 -1
1244 -19.429519795896557 -2.0851218025879246 -145.5356136700751 1242 1246 -1
1245 -35.61755447373259 12.20714034327119 -144.37307103051523 1243 1247 -1
1246 -19.274550222780885 -2.1980149498661055 -145.457478720987 1244 1248 -1
1247 -35.65889909399457 12.266378052807928 -144.20577442437403 1245 1249 -1
1248 -19.119277957674697 -2.3112841221288214 -145.3804973844425 1246 1250 -1
1249 -35.69945909841612 12.325430946909597 -144.03822061342927 1247 1251 -1
1250 -18.96372354358481 -2.4249247543935395 -145.30464130489318 1248 1252 -1
1251 -35.739230996117904 12.384302916651233 -143.87041440040346 1249 1253 -1
1252 -18.807906036495147 -2.538933842227073 -145.2298860228917 1250 1254 -1
1253 -35.77820845985971 12.442997238853668 -143.7023597330413 1251 1255 -1
1254 -18.651844907292876 -2.6533073777997056 -145.15620329867065 1252 1256 -1
1255 -35.81638923142514 12.50151812049578 -143.53406186516517 1253 1257 -1
1256 -18.495558342874634 -2.7680428111465067 -145.08356845034814 1254 1258 -1
1257 -35.85376589234598 12.55986867823884 -143.36552452627646 1255 1259 -1
1258 -18.339064850518824 -2.8831365711248362 -145.0119531615897 1256 1260 -1
1259 -35.89033620527759 12.618053158489833 -143.19675303994453 1257 1261 -1
1260 -18.182381802353444 -2.998586488541555 -144.94133248133858 1258 1262 -1
1261 -35.92609446215184 12.676075103418839 -143.02775174667673 1259 1263 -1
1262 -18.025526669541826 -3.1143896240414857 -144.87167871432015 1260 1264 -1
1263 -35.961035578129994 12.733938224460205 -142.85852523245123 1261 1265 -1
1264 -17.868516219696264 -3.230543756122147 -144.80296563424707 1262 1266 -1
1265 -35.995156369996 12.79164661576098 -142.6890786376961 1263 1267 -1
1266 -17.71136677486939 -3.3470469952566972 -144.73516738315902 1264 1268 -1
1267 -36.02845001239435 12.84920371767046 -142.51941618296064 1265 1269 -1
1268 -17.55409447691065 -3.463897056166337 -144.66825664158273 1266 1270 -1
1269 -36.06091316843585 12.90661364302896 -142.3495430593362 1267 1271 -1
1270 -17.396714885284908 -3.5810923198537052 -144.6022074283132 1268 1272 -1
1271 -36.0925415972324 12.963880347803904 -142.1794642501338 1269 1273 -1
1272 -17.239243176431707 -3.6986314529129025 -144.5369940762714 1270 1274 -1
1273 -36.123328349446446 13.02100736761838 -142.00918414697523 1271 1275 -1
1274 -17.081694299227827 -3.8165127425229377 -144.47258969342943 1272 1276 -1
1275 -36.15327040009527 13.077998918652629 -141.83870813813326 1273 1277 -1
1276 -16.92408274572396 -3.93473497717687 -144.40896833815768 1274 1278 -1
1277 -36.18236573911583 13.13485883971321 -141.6680416666416 1275 1279 -1
1278 -16.766422665767426 -4.053297121958288 -144.3461042292194 1276 1280 -1
1279 -36.21061866254107 13.191590353960356 -141.49719102094028 1277 1281 -1
1280 -16.60872787186257 -4.1721984856457945 -144.28397211085309 1278 1282 -1
1281 -36.23803726721854 13.248197007983057 -141.32616311932483 1279 1283 -1
1282 -16.45101190514953 -4.291438026728559 -144.22254580578976 1280 1284 -1
1283 -36.26462976773411 13.304682417280018 -141.1549647696251 1281 1285 -1
1284 -16.293287962560246 -4.411015112780212 -144.16179988803293 1282 1286 -1
1285 -36.29040374499661 13.361050159620659 -140.98360252373266 1283 1287 -1
1286 -16.135568947334388 -4.530929239727142 -144.1017090795432 1284 1288 -1
1287 -36.315365185235855 13.41730365422932 -140.81208251972822 1285 1289 -1
1288 -15.977867480496862 -4.651180025436151 -144.04224825690955 1286 1290 -1
1289 -36.339523695758935 13.473446888970154 -140.64041148249103 1287 1291 -1
1290 -15.820195912262909 -4.771767203366928 -143.9833924572837 1288 1292 -1
1291 -36.36288719619808 13.529483667763081 -140.46859568294158 1289 1293 -1
1292 -15.662566333347781 -4.89269061629596 -143.9251168836243 1290 1294 -1
1293 -36.385463691471585 13.585417865575849 -140.29664129393345 1291 1295 -1
1294 -15.504990586161025 -5.0139502101163425 -143.86739690929105 1292 1296 -1
1295 -36.40726039818435 13.64125332116734 -140.1245542475482 1293 1297 -1
1296 -15.347480275866888 -5.135546027717877 -143.8102080820324 1294 1298 -1
1297 -36.4282860161993 13.696994124362421 -139.95234062110484 1295 1299 -1
1298 -15.190046781294834 -5.257478202950343 -143.75352612740681 1296 1300 -1
1299 -36.44854931444879 13.752644425818383 -139.7800063805127 1297 1301 -1
1300 -15.032701265685631 -5.3797469546723296 -143.69732695167744 1298 1302 -1
1301 -36.46805866436938 13.808208385076009 -139.6075573133642 1299 1303 -1
1302 -14.875454687260628 -5.5023525808870675 -143.641586644218 1300 1304 -1
1303 -36.48682252150044 13.863690231294644 -139.4349991115091 1301 1305 -1
1304 -14.718317809602748 -5.625295452966235 -143.58628147946828 1302 1306 -1
1305 -36.50484934893054 13.919094255209654 -139.26233736137812 1303 1307 -1
1306 -14.561301211839972 -5.748576009961788 -143.5313879184735 1304 1308 -1
1307 -36.5221470255102 13.974424753951856 -139.0895774707763 1305 1309 -1
1308 -14.40441529862272 -5.87219475300568 -143.47688261004365 1306 1310 -1
1309 -36.53872513721408 14.029686255791496 -138.9167249704438 1307 1311 -1
1310 -14.247670309887976 -5.996152239796605 -143.42274239156512 1308 1312 -1
1311 -36.55459244407268 14.084883261348448 -138.74378517070954 1309 1313 -1
1312 -14.09107640909278 -6.120449245308349 -143.36894444542952 1310 1314 -1
1313 -36.56975777614522 14.140020338043472 -138.57076328844576 1311 1315 -1
1314 -13.934643545695995 -6.245086417166734 -143.31546594678704 1312 1316 -1
1315 -36.58423003106857 14.195102119655356 -138.39766444782848 1313 1317 -1
1316 -13.778381469907593 -6.37006432794946 -143.26228417005424 1314 1318 -1
1317 -36.598018171732136 14.25013330591935 -138.22449368119672 1315 1319 -1
1318 -13.622299858671855 -6.495383708475433 -143.20937670265047 1316 1320 -1
1319 -36.611131224079735 14.305118662168052 -138.05125593000605 1317 1321 -1
1320 -13.466408329566876 -6.621045422851491 -143.15672138966792 1318 1322 -1
1321 -36.62357827503913 14.360063019015588 -137.87795604587293 1319 1323 -1
1322 -13.310716494608052 -6.747050515800854 -143.10429633060215 1320 1324 -1
1323 -36.63536847057955 14.414971272085808 -137.70459879170667 1321 1325 -1
1324 -13.155233520378937 -6.873399469866958 -143.0520794312769 1322 1326 -1
1325 -36.646511013897914 14.46984838178539 -137.53118884292545 1323 1327 -1
1326 -13.0 -7.0 -143.0 1324 -1 -1
1327 -36.657014962916406 14.524699366413651 -137.35773077484183 1325 1328 -1
1328 -36.66688987892809 14.579529326520586 -137.18422911123977 1327 1329 -1
1329 -36.676145139393675 14.63434341520136 -137.01068827299432 1328 1330 -1
1330 -36.68479015848177 14.689146849253612 -136.83711259808317 1329 1331 -1
1331 -36.69283440044578 14.743944909776566 -136.66350634427252 1330 1332 -1
1332 -36.70028737857794 14.798742942222146 -136.48987369077346 1331 1333 -1
1333 -36.707158654290325 14.853546356493636 -136.31621873996363 1332 1334 -1
1334 -36.71345783632285 14.908360627092229 -136.14254551917176 1333 1335 -1
1335 -36.71919446066535 14.963191298060242 -135.96885798026904 1334 1336 -1
1336 -36.724378208088105 15.018043978755573 -135.7951600082105 1335 1337 -1
1337 -36.72901892526511 15.072924337685349 -135.6214554199121 1336 1338 -1
1338 -36.733126407308056 15.127838111895487 -135.44774796248007 1337 1339 -1
1339 -36.73671049459774 15.182791104528096 -135.27404131775359 1338 1340 -1
1340 -36.73978107274027 15.237789185255114 -135.10033910443516 1339 1341 -1
1341 -36.7423480726447 15.292838290758631 -134.92664488027373 1340 1342 -1
1342 -36.74442147072107 15.347944425257822 -134.75296214430048 1341 1343 -1
1343 -36.74601128919816 15.403113661081846 -134.5792943391164 1342 1344 -1
1344 -36.74712759655984 15.458352139288337 -134.40564485323114 1343 1345 -1
1345 -36.747779902298426 15.51366617942218 -134.2320170567318 1344 1346 -1
1346 -36.747978941688125 15.569061981565017 -134.0584142162276 1345 1347 -1
1347 -36.747734944699864 15.624545896745667 -133.88483957253794 1346 1348 -1
1348 -36.74705817441521 15.680124350328283 -133.71129632301398 1347 1349 -1
1349 -36.745958944158865 15.73580384022679 -133.53778762338547 1348 1350 -1
1350 -36.74444689065548 15.79159114452893 -133.36431666413438 1349 1351 -1
1351 -36.74253311884941 15.847492749879217 -133.19088647148573 1350 1352 -1
1352 -36.740228141119836 15.90351536997054 -133.01750008976515 1351 1353 -1
1353 -36.73754237230121 15.959665846675117 -132.84416055159673 1352 1354 -1
1354 -36.73448578682427 16.01595130842927 -132.6708709401984 1353 1355 -1
1355 -36.73106976891767 16.0723784667208 -132.4976341302784 1354 1356 -1
1356 -36.727305028438245 16.128954359949173 -132.32445306533543 1355 1357 -1
1357 -36.72320148124086 16.18568653344287 -132.15133083103618 1356 1358 -1
1358 -36.7187708124931 16.242581833449815 -131.97827020322921 1357 1359 -1
1359 -36.71402376238149 16.29964764852881 -131.80527411785488 1358 1360 -1
1360 -36.708970804916845 16.35689169320059 -131.63234559343883 1359 1361 -1
1361 -36.70362372051989 16.414321035141924 -131.45948736473846 1360 1362 -1
1362 -36.69799294244241 16.471943732415657 -131.28670250657822 1361 1363 -1
1363 -36.692090186788555 16.529767135837332 -131.113993792865 1362 1364 -1
1364 -36.68592647517779 16.587799244632674 -130.9413642140075 1363 1365 -1
1365 -36.67951328172282 16.646047884410848 -130.76881666823533 1364 1366 -1
1366 -36.672862058582794 16.704521073448884 -130.59635410377845 1365 1367 -1
1367 -36.66598438189062 16.763226904004565 -130.42397947727147 1366 1368 -1
1368 -36.65889185270975 16.822173663573004 -130.25169580297725 1367 1369 -1
1369 -36.65159641976173 16.881369443883553 -130.07950600897342 1368 1370 -1
1370 -36.644109628612206 16.94082311279652 -129.90741330701607 1369 1371 -1
1371 -36.6364438791049 17.00054261981235 -129.73542055846815 1370 1372 -1
1372 -36.62861088180842 17.060537224427456 -129.56353111647715 1371 1373 -1
1373 -36.620623090697634 17.120815330460797 -129.39174801604534 1372 1374 -1
1374 -36.612492906491035 17.18138566664596 -129.22007442222238 1373 1375 -1
1375 -36.604232536497015 17.242257852554772 -129.04851384580246 1374 1376 -1
1376 -36.595854798862895 17.303440566544825 -128.87706946199467 1375 1377 -1
1377 -36.587372451260286 17.364942991294267 -128.70574465668244 1376 1378 -1
1378 -36.57879834274377 17.426774613547565 -128.53454295617735 1377 1379 -1
1379 -36.57014543211379 17.488945375430074 -128.3634680890855 1378 1380 -1
1380 -36.56142703621267 17.551464463445537 -128.19252353890803 1379 1381 -1
1381 -36.55265650278223 17.61434168995293 -128.02171306626985 1380 1382 -1
1382 -36.54384735312351 17.67758700332277 -127.85104053170748 1381 1383 -1
1383 -36.535013287459435 17.741210489427296 -127.68050990245742 1382 1384 -1
1384 -36.526168190387224 17.805222373034145 -127.51012525948929 1383 1385 -1
1385 -36.51732613641579 17.86963301909156 -127.33989080479257 1384 1386 -1
1386 -36.508501395581604 17.93445293389193 -127.16981086892582 1385 1387 -1
1387 -36.5 18.0 -127.0 1386 -1 -1
