0 55.5 -24.0 193.0 -1 1 -1
1 55.386003926271144 -24.12317119026645 193.1188182782124 0 2 -1
2 55.268759126536345 -24.24464532285845 193.23616492090588 1 3 -1
3 55.14824989444539 -24.364388751633943 193.3519727573373 2 4 -1
4 55.0245075437402 -24.482371387390316 193.46616691693825 3 5 -1
5 54.8975730874068 -24.598569046234815 193.5786756179526 4 6 -1
6 54.76746298152281 -24.712943929319376 193.68941080082132 5 7 -1
7 54.634226069699665 -24.82547724610548 193.79829911537482 6 8 -1
8 54.497973883393634 -24.936190125917857 193.90530585282144 7 9 -1
9 54.35877468253409 -25.045081220346944 194.01037199439244 8 10 -1
10 54.21664396247092 -25.15211764658127 194.11339953109638 9 11 -1
11 54.071752262206836 -25.257368556748574 194.21440055225239 10 12 -1
12 53.9241681659284 -25.3608426349009 194.3133182079968 11 13 -1
13 53.77396632580403 -25.462555830429498 194.41009908036702 12 14 -1
14 53.62131317206696 -25.56259141509953 194.50477047569976 13 15 -1
15 53.466251836837706 -25.66095345342555 194.5972568388434 14 16 -1
16 53.30895101612556 -25.757738592974462 194.6876003947807 15 17 -1
17 53.14950594387252 -25.852998024676427 194.77578115851816 16 18 -1
18 52.988027764484336 -25.94679981590427 194.86179880515232 17 19 -1
19 52.824664063745786 -26.039244141534994 194.9457002207097 18 20 -1
20 52.65948491573303 -26.13038122164428 195.02745019425856 19 21 -1
21 52.4926624249099 -26.2203402652479 195.10714250054266 20 22 -1
22 52.324261518796206 -26.309179199683705 195.18474454533714 21 23 -1
23 52.154434959646224 -26.397023404100267 195.26034665934804 22 24 -1
24 51.983273565405 -26.483959416672704 195.3339626138864 23 25 -1
25 51.81088916019527 -26.5700927765733 195.40564329593724 24 26 -1
26 51.63739939701733 -26.655535831979158 195.47545955387727 25 27 -1
27 51.462868052351524 -26.74034931261578 195.54342311910392 26 28 -1
28 51.28735351828123 -26.8244906313615 195.60966854217384 27 29 -1
29 51.110839314642625 -26.907836038610178 195.67424299810182 28 30 -1
30 50.93334156965102 -26.99028742507907 195.73725013567815 29 31 -1
31 50.75487190386172 -27.07174776608739 195.79878382311728 30 32 -1
32 50.575405836143695 -27.15208034747277 195.85888548655294 31 33 -1
33 50.39497483693322 -27.231212647832027 195.9176759025942 32 34 -1
34 50.21356564732643 -27.309019478694918 195.97521181243275 33 35 -1
35 50.03117579746198 -27.38538592819677 196.03156488370166 34 36 -1
36 49.84782404627406 -27.460229520885935 196.08682904017124 35 37 -1
37 49.66348687409379 -27.533396976348225 196.1410495613146 36 38 -1
38 49.478183919079655 -27.604803936733806 196.1943163666225 37 39 -1
39 49.29192141250984 -27.67434223078784 196.246701422949 38 40 -1
40 49.104679033303235 -27.74184195817451 196.29825269820273 39 41 -1
41 48.91649073970464 -27.80724085760067 196.3490616269001 40 42 -1
42 48.72734810536086 -27.870378215829664 196.3991824633411 41 43 -1
43 48.53726149721997 -27.931124901645603 196.44868223042883 42 44 -1
44 48.34625959325419 -27.98939261311941 196.49763567382135 43 45 -1
45 48.154354014775876 -28.045043044394024 196.54609820447493 44 46 -1
46 47.96166699314893 -28.098278276385066 196.5941722204789 45 47 -1
47 47.76828412471962 -28.14921361716752 196.64194390199998 46 48 -1
48 47.57429824168702 -28.198005384122464 196.68950852724922 47 49 -1
49 47.37980591830468 -28.24484869695969 196.73696456811857 48 50 -1
50 47.18487607870146 -28.289849200323058 196.7844094016486 49 51 -1
51 46.98960171850458 -28.333234712419692 196.8319421269292 50 52 -1
52 46.794050755650076 -28.37514046717907 196.87966543505516 51 53 -1
53 46.59829743744057 -28.415749760125784 196.92767945207763 52 54 -1
54 46.40241139420226 -28.45524300108243 196.9760819033632 53 55 -1
55 46.206457427180325 -28.49377003667068 197.02498577438234 54 56 -1
56 46.01050150193891 -28.53152976764386 197.07447685842658 55 57 -1
57 45.81460755725168 -28.568677790235473 197.1246712986916 56 58 -1
58 45.618837687934395 -28.6053947869743 197.17566062449197 57 59 -1
59 45.4232529455663 -28.641851889372607 197.22753906456452 58 60 -1
60 45.227921786536946 -28.678217375225213 197.28042720803168 59 61 -1
61 45.03290032469134 -28.7146613188525 197.33439300837665 60 62 -1
62 44.838254231588785 -28.75131926556601 197.3895555492464 61 63 -1
63 44.64401109328092 -28.78814319554334 197.44601249535702 62 64 -1
64 44.450185222508935 -28.825021563684214 197.50385096582593 63 65 -1
65 44.2568124923548 -28.861841581389516 197.5632227703734 64 66 -1
66 44.063904794078944 -28.898493652238024 197.6241894139475 65 67 -1
67 43.871491755080946 -28.934867225028835 197.68686193457657 66 68 -1
68 43.679613554976335 -28.970843432164283 197.75137612043483 67 69 -1
69 43.48829077205052 -29.006321270763163 197.8177874710373 68 70 -1
70 43.29756896338792 -29.041181981286346 197.88622306642512 69 71 -1
71 43.10749231739252 -29.075309716763257 197.95678939639012 70 72 -1
72 42.91809473055019 -29.10860625301546 198.0295443287627 71 73 -1
73 42.72943980006325 -29.140941998804493 198.10462457546217 72 74 -1
74 42.541577335665636 -29.17221001287849 198.18210515062637 73 75 -1
75 42.3545560572938 -29.202312359341256 198.26204311682426 74 76 -1
76 42.1684592259345 -29.231109627826296 198.34457678061952 75 77 -1
77 41.98334378858485 -29.258506955299513 198.42975108914675 76 78 -1
78 41.799256406645185 -29.284449362002963 198.51756833922713 77 79 -1
79 41.61624724402221 -29.30891096447332 198.608024756337 78 80 -1
80 41.4343259337581 -29.331923467789927 198.70102009838112 79 81 -1
81 41.253502861332294 -29.3535134274193 198.79646647656404 80 82 -1
82 41.07381249996804 -29.37367428673328 198.89433419723153 81 83 -1
83 40.895267638157286 -29.392425352549193 198.9945504959856 82 84 -1
84 40.71786658303701 -29.40980065981722 199.09702075413784 83 85 -1
85 40.541624493592835 -29.4258113795522 199.20169004713637 84 86 -1
86 40.36657235131948 -29.440449285814683 199.30853470196317 85 87 -1
87 40.19269079239335 -29.45376218378009 199.41744400776625 86 88 -1
88 40.01998521256784 -29.465767019134827 199.5283583157826 87 89 -1
89 39.84847095841009 -29.47646846543213 199.6412375286095 88 90 -1
90 39.67815523480406 -29.48587903808628 199.7560302845076 89 91 -1
91 39.50902191487881 -29.494034524373486 199.87265263808916 90 92 -1
92 39.34107057530552 -29.50095213883287 199.9910498577299 91 93 -1
93 39.17430431183904 -29.50664423164321 200.11117516283332 92 94 -1
94 39.008735573197484 -29.51111268464238 200.232996814329 93 95 -1
95 38.84433987688153 -29.514395792698874 200.35643399122176 94 96 -1
96 38.68111250422045 -29.516510306598445 200.48143729587522 95 97 -1
97 38.51904788424655 -29.517472783686774 200.6079586403409 96 98 -1
98 38.35814417809456 -29.517295167216872 200.7359568358752 97 99 -1
99 38.19840541469993 -29.515982920514233 200.86539943652954 98 100 -1
100 38.03980735036322 -29.51356805246444 200.99622137751922 99 101 -1
101 37.88234169579903 -29.510066062401375 201.12837985210197 100 102 -1
102 37.725999646653065 -29.505492146567487 201.26183329821868 101 103 -1
103 37.570771938710934 -29.499861183457735 201.3965413772367 102 104 -1
104 37.416648899755245 -29.49318772103463 201.53246495068342 103 105 -1
105 37.26363496760762 -29.485472427662415 201.66958128490057 104 106 -1
106 37.11170500104466 -29.47674309352995 201.80783736371694 105 107 -1
107 36.96084786202885 -29.46701367720395 201.94719701952462 106 108 -1
108 36.81105272291439 -29.45629726495901 202.08762575295063 107 109 -1
109 36.66230856334314 -29.444606572009246 202.2290901236545 108 110 -1
110 36.51460420387613 -29.431953938153015 202.3715577205951 109 111 -1
111 36.367928337100196 -29.418351324359314 202.5149971319485 110 112 -1
112 36.22226955633625 -29.403810310192323 202.65937791482227 111 113 -1
113 36.077617102196434 -29.388341428154185 202.8046712046057 112 114 -1
114 35.93396697448798 -29.371948548655496 202.95085492511797 113 115 -1
115 35.79129877666649 -29.354650240915436 203.09789338896036 114 116 -1
116 35.64960098127294 -29.3364565077154 203.24575979344482 115 117 -1
117 35.5088619819562 -29.317378382495914 203.3944282483147 116 118 -1
118 35.36906888432129 -29.297446125941203 203.54387507098878 117 119 -1
119 35.230207568391364 -29.276706151732828 203.69407878727174 118 120 -1
120 35.09226371420804 -29.25520487465345 203.84501906617345 119 121 -1
121 34.955222883866604 -29.232988058591754 203.99667662814278 120 122 -1
122 34.819070556226585 -29.210100858412652 204.1490332002279 121 123 -1
123 34.683792158157395 -29.186587863969905 204.3020714724088 122 124 -1
124 34.54937309257519 -29.162493146073615 204.45577505513984 123 125 -1
125 34.415798763517756 -29.137860304256353 204.6101284381184 124 126 -1
126 34.28305459849527 -29.11273251621072 204.76511695027892 125 127 -1
127 34.15112606834378 -29.08715258879816 204.92072672099235 126 128 -1
128 34.019999234152806 -29.061162763448564 205.0769450432464 127 129 -1
129 33.88966341695569 -29.034803769138303 205.23376234100968 128 130 -1
130 33.76009998665885 -29.008119839245136 205.39116364894048 129 131 -1
131 33.63129477161507 -28.98115283861524 205.54913796383937 130 132 -1
132 33.503233710928285 -28.953944545992044 205.70767490365844 131 133 -1
133 33.37590286347445 -28.926536713855366 205.86676467492202 132 134 -1
134 33.24928841576629 -28.898971129778054 206.02639804084663 133 135 -1
135 33.12337668881865 -28.871289679365052 206.18656629004812 134 136 -1
136 32.998154144164005 -28.843534410854886 206.34726120571307 135 137 -1
137 32.87360738916367 -28.815747601477675 206.50847503510215 136 138 -1
138 32.74972318175595 -28.787971825677122 206.67020045924247 137 139 -1
139 32.626488434780306 -28.760250025316672 206.83243056265465 138 140 -1
140 32.503890220013986 -28.732625582001802 206.99515880294942 139 141 -1
141 32.381915772057695 -28.70514239166182 207.15837898011415 140 142 -1
142 32.260558129539625 -28.677847107447768 207.32208972803957 141 143 -1
143 32.13980054950912 -28.650784278152987 207.48628206788953 142 144 -1
144 32.01962959140267 -28.62399957889078 207.65094970320618 143 145 -1
145 31.900033185413005 -28.597539900111084 207.81608749635413 144 146 -1
146 31.78099944550522 -28.571453072839528 207.9816904844125 145 147 -1
147 31.66251667553949 -28.545787961101148 208.14775384165617 146 148 -1
148 31.54457337630627 -28.520594557905465 208.31427283993705 147 149 -1
149 31.427163770268457 -28.495930214191326 208.4812475674974 148 150 -1
150 31.31027498755962 -28.4718473181369 208.64867194662574 149 151 -1
151 31.19389256550316 -28.448396513340064 208.8165381937293 150 152 -1
152 31.078005887217824 -28.425633601486034 208.98484151226398 151 153 -1
153 30.962604589175918 -28.403616073913845 209.15357695461614 152 154 -1
154 30.847686671656213 -28.38241825090231 209.32274668871497 153 155 -1
155 30.733237695423675 -28.362093111082615 209.4923408484392 154 156 -1
156 30.619258234268628 -28.3426612273809 209.66235537692606 155 157 -1
157 30.505765594177703 -28.32410834774939 209.83279328006313 156 158 -1
158 30.392791531426113 -28.306438604408058 210.00366899383346 157 159 -1
159 30.28034077197016 -28.289609066216986 210.17497413871007 158 160 -1
160 30.16843084690477 -28.27359892273537 210.34671147404396 159 161 -1
161 30.05709550717005 -28.258408380771662 210.5188961402402 160 162 -1
162 29.946338608223904 -28.24399385925825 210.6915199938518 161 163 -1
163 29.83617842816806 -28.230332325097734 210.8645863624212 162 164 -1
164 29.726647273968535 -28.21741540006989 211.03810855523048 163 165 -1
165 29.617744536517076 -28.205195316424664 211.21207617715103 164 166 -1
166 29.509500708573345 -28.1936586741736 211.38650109241058 165 167 -1
167 29.401927720203144 -28.182771071387755 211.56138214979046 166 168 -1
168 29.29503796834606 -28.172498833659244 211.73671878846693 167 169 -1
169 29.188861246851175 -28.162822277384603 211.91252193121895 168 170 -1
170 29.083392829102866 -28.153692929730664 212.0887801181696 169 171 -1
171 28.978674833953143 -28.1450972550042 212.26551194161013 170 172 -1
172 28.874695079564678 -28.136982565904475 212.44270179142404 171 173 -1
173 28.771490703474598 -28.129328271161494 212.6203648110779 172 174 -1
174 28.66905689681725 -28.122088056460356 212.7984905411929 173 175 -1
175 28.56742264358457 -28.115233530987247 212.9770889006749 174 176 -1
176 28.466587634820844 -28.10872170057002 213.15615251842283 175 177 -1
177 28.36657517362536 -28.10251936917669 213.33568780446487 176 178 -1
178 28.267387034475767 -28.096585025896797 213.51568885830488 177 179 -1
179 28.169042818590423 -28.090882610249253 213.6961598476587 178 180 -1
180 28.071544550310893 -28.085371215014987 213.87709518162438 179 181 -1
181 27.974909496952527 -28.0800130644502 214.05849759808436 180 182 -1
182 27.87913879130609 -28.074767651558766 214.24036111820902 181 183 -1
183 27.784248023559677 -28.069596123857536 214.42268740992756 182 184 -1
184 27.69023707673855 -28.064458549880136 214.60546987195048 183 185 -1
185 27.597119727554524 -28.0593154216222 214.78870901959942 184 186 -1
186 27.504895106355118 -28.054127630584432 214.97239784741305 185 187 -1
187 27.4135741838812 -28.04885551614947 215.15653521365286 186 188 -1
188 27.323156742951827 -28.043460803413748 215.34111435769663 187 189 -1
189 27.23364905590974 -28.03790456142517 215.52613158782174 188 190 -1
190 27.145053904558853 -28.032148818571873 215.71158143193998 189 191 -1
191 27.057370045982935 -28.02615692462051 215.89745641446618 190 192 -1
192 26.97060137357519 -28.01989247541645 216.0837514220073 191 193 -1
193 26.88468294015001 -28.01335010296069 216.27043058817677 192 194 -1
194 26.799550146578653 -28.00652961641612 216.4574594502929 193 195 -1
195 26.715100264181324 -27.99944476006129 216.64478788460252 194 196 -1
196 26.631275396319257 -27.992091718053278 216.83238654104028 195 197 -1
197 26.547974625355266 -27.98448522379467 217.02020842952274 196 198 -1
198 26.4651296013035 -27.97662523908885 217.2082213806819 197 199 -1
199 26.382656858135963 -27.968519634519833 217.39638752910034 198 200 -1
200 26.300476851454484 -27.96017526747611 217.58467129665243 199 201 -1
201 26.218516898934066 -27.951592437636688 217.77304025449772 200 202 -1
202 26.136695205292856 -27.94278287186565 217.96145885032735 201 203 -1
203 26.054938592206167 -27.933746778023657 218.1498949714585 202 204 -1
204 25.97317114354449 -27.924491455090365 218.3383157497916 203 205 -1
205 25.89132060736646 -27.91502440348493 218.52668992598393 204 206 -1
206 25.809309304826975 -27.90534404365216 218.71498331420955 205 207 -1
207 25.72707000531679 -27.89546162185885 218.90316672070304 206 208 -1
208 25.64453205982108 -27.88538113101222 219.09120880858612 207 209 -1
209 25.561617181388545 -27.875103273449017 219.27907428793208 208 210 -1
210 25.478266201486637 -27.86463792363178 219.4667363049298 209 211 -1
211 25.394409864504564 -27.853988807731426 219.6541626847225 210 212 -1
212 25.309969717256383 -27.843157262867233 219.84131627679218 211 213 -1
213 25.22489400186337 -27.832152422238046 220.02817165361688 212 214 -1
214 25.139119346986906 -27.820978905857707 220.21469718210798 213 215 -1
215 25.052560674992602 -27.809636915429994 220.4008499583811 214 216 -1
216 24.96517661273044 -27.798135809532347 220.58660687368968 215 217 -1
217 24.87690725877114 -27.786480275798226 220.77193507695836 216 218 -1
218 24.787678652601976 -27.774672814460757 220.95679367955788 217 219 -1
219 24.697435459657715 -27.762718973035074 221.1411496274782 218 220 -1
220 24.60613205596087 -27.750625178329724 221.32497360257395 219 221 -1
221 24.51371359690111 -27.738396234210235 221.50823054053086 220 222 -1
222 24.420102023212188 -27.726034455848207 221.69087191069258 221 223 -1
223 24.32526393991273 -27.713547074295203 221.8728707639948 222 224 -1
224 24.229153531178227 -27.700939538834106 222.05419257270253 223 225 -1
225 24.131722163700715 -27.688216863938525 222.23479994057593 224 226 -1
226 24.032903300406094 -27.675382667627254 222.41464394337308 225 227 -1
227 23.93266017501433 -27.66244298813097 222.59369029914455 226 228 -1
228 23.830966124335212 -27.649409179390396 222.77190963724433 227 229 -1
229 23.72781937532959 -27.6363211901934 222.9492881974569 228 230 -1
230 23.623231368538452 -27.623230418894913 223.12582065149823 229 231 -1
231 23.517194669609175 -27.610188951817975 223.30149043933469 230 232 -1
232 23.409729964547036 -27.597247778114816 223.47629770804437 231 233 -1
233 23.300853496909323 -27.58445639747989 223.65024021545133 232 234 -1
234 23.19057286547586 -27.571864214157447 223.8233104786804 233 235 -1
235 23.078894842342375 -27.559520346719907 223.9955003564681 234 236 -1
236 22.965825422819634 -27.54747370580668 224.16680100533628 235 237 -1
237 22.851354544544993 -27.535777440292343 224.3371927500644 236 238 -1
238 22.735496515190214 -27.524478753407013 224.50667125858317 237 239 -1
239 22.618261283643818 -27.51362484392645 224.675229191418 238 240 -1
240 22.499652156523943 -27.503264521775886 224.84285439419293 239 241 -1
241 22.379671915466915 -27.493446753763543 225.0095337887896 240 242 -1
242 22.25832286823694 -27.484220727666095 225.1752533282332 241 243 -1
243 22.135606901092757 -27.475635914046585 225.33999795081203 242 244 -1
244 22.011507383769008 -27.467751970212753 225.50373812640183 243 245 -1
245 21.8860419407068 -27.460611570372894 225.6664682414035 244 246 -1
246 21.759213182339295 -27.45426456638219 225.82817106256095 245 247 -1
247 21.63102181978476 -27.448762190414556 225.98882690283818 246 248 -1
248 21.50146843929919 -27.444156236388384 226.1484148125356 247 249 -1
249 21.37055356926521 -27.44049910501126 226.3069125274835 248 250 -1
250 21.238275489505277 -27.437845600818576 226.46429452297411 249 251 -1
251 21.104618113325913 -27.436263344713794 226.62052130262214 250 252 -1
252 20.969600886436567 -27.43579309996556 226.77558152912854 251 253 -1
253 20.833224835764508 -27.436490170367605 226.92944702954776 252 254 -1
254 20.69549133432494 -27.438410635633634 227.08208804214462 253 255 -1
255 20.55640219574233 -27.441611368198505 227.23347316230203 254 256 -1
256 20.415959408115867 -27.44615042261461 227.383568929914 255 257 -1
257 20.274142777102917 -27.452111366050705 227.53231705616588 256 258 -1
258 20.13097925457577 -27.45953063270477 227.67970285078465 257 259 -1
259 19.98647351512802 -27.46846841568746 227.8256876672395 258 260 -1
260 19.84063124891516 -27.478985673021146 227.97023096199945 259 261 -1
261 19.693459294116074 -27.491144093257038 228.11329025403887 260 262 -1
262 19.544945732801686 -27.50503300523865 228.2547970561359 261 263 -1
263 19.395113612041627 -27.520699914361312 228.39471900535077 262 264 -1
264 19.243980574406308 -27.53820022419577 228.53301485435824 263 265 -1
265 19.09155962430173 -27.557598054457056 228.66963391059377 264 266 -1
266 18.937860966279747 -27.578965502733805 228.80451672998663 265 267 -1
267 18.782880357714266 -27.602393407395894 228.93757805373448 266 268 -1
268 18.62663583787945 -27.627859233638905 229.06877333609265 267 269 -1
269 18.46911220535523 -27.655355076622534 229.19801465270686 268 270 -1
270 18.31029207494145 -27.68487789850618 229.32520606929694 269 271 -1
271 18.150133886109874 -27.716463293239762 229.45020509473912 270 272 -1
272 17.98865360949599 -27.750060543776737 229.5729578674029 271 273 -1
273 17.825839511901034 -27.78566463236751 229.6933605293139 272 274 -1
274 17.66166437067505 -27.823295968906393 229.81127269840192 273 275 -1
275 17.496115627932554 -27.86295556360283 229.92657017347017 274 276 -1
276 17.329206704076793 -27.90460960614273 230.03917139116618 275 277 -1
277 17.160924145303127 -27.948267342429133 230.148933290748 276 278 -1
278 16.99124444955528 -27.993956124844917 230.2556756924385 277 279 -1
279 16.820200936235874 -28.04162491198047 230.359330267483 278 280 -1
280 16.647784968071235 -28.091288152288964 230.45972317019138 279 281 -1
281 16.47399184869524 -28.142959691866274 230.5566681927108 280 282 -1
282 16.298865760150086 -28.196587331361684 230.6500875319979 281 283 -1
283 16.122396006339095 -28.252205511073516 230.73973787755054 282 284 -1
284 15.944625713276382 -28.309773798090838 230.82550275061467 283 285 -1
285 15.765575453711504 -28.3692140581645 230.9072329992439 284 286 -1
286 15.58521955451032 -28.430398746398552 230.98469331605318 285 287 -1
287 15.403593242205964 -28.49311058157893 231.05784385136351 286 288 -1
288 15.220653281467651 -28.557223869713727 231.12635840037913 287 289 -1
289 15.036450854137799 -28.62251158631952 231.1902225340342 288 290 -1
290 14.850961519427093 -28.688817929207936 231.2491178391189 289 291 -1
291 14.664235190961204 -28.755926100749278 231.30298023673512 290 292 -1
292 14.476271209489045 -28.823649967073415 231.35150018067395 291 293 -1
293 14.287134321177009 -28.89176872634109 231.3946066453614 292 294 -1
294 14.096843702781824 -28.960070597030658 231.4319587045027 293 295 -1
295 13.905493319931335 -29.02832803782153 231.4635299907644 294 296 -1
296 13.713122071462443 -29.096298382509914 231.48890537901778 295 297 -1
297 13.51985540126106 -29.163749819745536 231.50810057956707 296 298 -1
298 13.325780174250577 -29.23041628048756 231.52076742902048 297 299 -1
299 13.131036102376461 -29.296049187886585 231.52681788322874 298 300 -1
300 12.9357734788953 -29.360406723624127 231.52612881302886 299 301 -1
301 12.740199515283788 -29.423423579207004 231.51904366688638 300 302 -1
302 12.544508267654534 -29.48519630692384 231.5063771661936 301 303 -1
303 12.348834140388753 -29.54577987734373 231.4886762163459 302 304 -1
304 12.15326102314378 -29.605318354215193 231.46679477525953 303 305 -1
305 11.95783273934744 -29.663912811152574 231.44134920669592 304 306 -1
306 11.762554699903323 -29.721704120391905 231.41306533041524 305 307 -1
307 11.567406107709916 -29.778827993046956 231.38261004578618 306 308 -1
308 11.372345476385439 -29.83542330881053 231.35063908602947 307 309 -1
309 11.177316357790104 -29.891639267013826 231.31781616381969 308 310 -1
310 10.982254323433231 -29.947615605005886 231.28477954289474 309 311 -1
311 10.787095317033465 -30.00349997438153 231.2521632615053 310 312 -1
312 10.591772962951232 -30.05943505202449 231.2206317663227 311 313 -1
313 10.396240998447949 -30.11555605669746 231.190777217903 312 314 -1
314 10.200453514922307 -30.172008467061918 231.16332353409382 313 315 -1
315 10.00440431400948 -30.22890815896001 231.13882682096093 314 316 -1
316 9.808097727682812 -30.28639288260671 231.11804837711333 315 317 -1
317 9.611587482801319 -30.344556724875915 231.1015355141747 316 318 -1
318 9.41496834712086 -30.40342055898596 231.08934253804037 317 319 -1
319 9.218345543944906 -30.46282682051011 231.08018951269102 318 320 -1
320 9.021770182925327 -30.52263368369902 231.07276465403945 319 321 -1
321 8.825260224309213 -30.58270057044891 231.06571059552854 320 322 -1
322 8.62882633455776 -30.6428941791359 231.05769893465327 321 323 -1
323 8.432496836646658 -30.703074650514285 231.04739409998066 322 324 -1
324 8.236340696967126 -30.76309193425902 231.0335004975888 323 325 -1
325 8.04049522626793 -30.8227739022467 231.01469368643527 324 326 -1
326 7.84517750107221 -30.881930948996196 230.98976948285608 325 327 -1
327 7.6506701310368985 -30.940351560465242 230.95778177398032 326 328 -1
328 7.457074270588365 -30.997890382668526 230.91930522825848 327 329 -1
329 7.264361878168029 -31.054441835460292 230.87531304464366 328 330 -1
330 7.072445357916178 -31.109913907747348 230.82670083036032 329 331 -1
331 6.881169689197862 -31.164258798641498 230.77442172576468 330 332 -1
332 6.690370746058772 -31.217380452088253 230.71922063942003 331 333 -1
333 6.499828326749566 -31.269264320619147 230.66199119194306 332 334 -1
334 6.309340190109642 -31.319837303035516 230.60342200352423 333 335 -1
335 6.118848135490052 -31.369125535966102 230.5437800355817 334 336 -1
336 5.928382782736872 -31.41719256535883 230.48306557657017 335 337 -1
337 5.73797747203588 -31.464061253019896 230.42123606395967 336 338 -1
338 5.547661388705787 -31.509820646501197 230.35831061334744 337 339 -1
339 5.357467519496933 -31.554499455842056 230.29424932255378 338 340 -1
340 5.167424869224038 -31.598163679899663 230.22904976540968 339 341 -1
341 4.977561903415305 -31.640872868272677 230.16270410007257 340 342 -1
342 4.78791258239488 -31.682661282757547 230.09517161145055 341 343 -1
343 4.5984995013972565 -31.72360891352664 230.0264711682851 342 344 -1
344 4.409357455246177 -31.76375011706728 229.9565587391501 343 345 -1
345 4.220511037528876 -31.80315123847997 229.88543660264423 344 346 -1
346 4.03198736195216 -31.841868296432814 229.81309300202307 345 347 -1
347 3.84382115032452 -31.879944131634524 229.73948938256726 346 348 -1
348 3.656030440747383 -31.917450010614086 229.66464458707074 347 349 -1
349 3.4686532632877127 -31.954426576739127 229.58851107879403 348 350 -1
350 3.281710562783054 -31.990937628637436 229.51109565274487 349 351 -1
351 3.0952299115197044 -32.02703743688986 229.43238382311188 350 352 -1
352 2.9092476710830315 -32.06277479028254 229.35233866473862 351 353 -1
353 2.723778881537057 -32.098212953644996 229.27097994213125 352 354 -1
354 2.5388659953028494 -32.13339933655383 229.18825802552675 353 355 -1
355 2.354527634969651 -32.16839306433972 229.10418323609022 354 356 -1
356 2.1707927711870734 -32.203247875791156 229.0187408315474 355 357 -1
357 1.987701133212395 -32.23801680394339 228.93189423956977 356 358 -1
358 1.8052656299049408 -32.27275553526593 228.84366579426188 357 359 -1
359 1.623533759782215 -32.30751806098488 228.75400623256624 358 360 -1
360 1.4425239793280664 -32.342357950295344 228.662927312201 359 361 -1
361 1.2622661306891452 -32.37732818125916 228.5704182947057 360 362 -1
362 1.082806336316771 -32.41248574831957 228.4764403940161 361 363 -1
363 0.9041551886559323 -32.44787837255725 228.3810211304286 362 364 -1
364 0.7263645948467505 -32.48356509888942 228.28411572426944 363 365 -1
365 0.5494567447006804 -32.51959505779215 228.185733144728 364 366 -1
366 0.3734589664932958 -32.55601750515904 228.08587390854672 365 367 -1
367 0.19842940254979596 -32.592895618183235 227.98449183996897 366 368 -1
368 0.024374296976856946 -32.63026721961354 227.88162383262406 367 369 -1
369 -0.14865339660222335 -32.66819231204127 227.7772363925451 368 370 -1
370 -0.32062940903929105 -32.706719566170825 227.67134242989982 369 371 -1
371 -0.4915682919290716 -32.745885357913394 227.5640130576652 370 372 -1
372 -0.661442522181955 -32.785755811968976 227.45526216124753 371 373 -1
373 -0.8302847579741898 -32.82635771268204 227.34518291740056 372 374 -1
374 -0.9980964797219394 -32.86773809714739 227.23382508879075 373 375 -1
375 -1.1648650967823155 -32.90995674332682 227.12122181565326 374 376 -1
376 -1.3306237722502061 -32.95303617264541 227.00745932868296 375 377 -1
377 -1.4953659241460726 -32.997031711571694 226.8925763092561 376 378 -1
378 -1.6590963322877168 -33.041989926879495 226.77662457427553 377 379 -1
379 -1.8218412827647854 -33.087935573561595 226.65967682705 378 380 -1
380 -1.9835930555842336 -33.1349272088394 226.54177069376016 379 381 -1
381 -2.1443649794570594 -33.18300209143018 226.42296457160165 380 382 -1
382 -2.3041798223912804 -33.23218512429887 226.3033236492164 381 383 -1
383 -2.463032826512925 -33.28253280478446 226.18288882055626 382 384 -1
384 -2.6209361814746988 -33.33408175488606 226.0617156300315 383 385 -1
385 -2.7779130914107264 -33.38685261422866 225.93986658676585 384 386 -1
386 -2.9339661995415076 -33.44089187061588 225.81738840929276 385 387 -1
387 -3.0890963401968428 -33.49624940890029 225.6943278769541 386 388 -1
388 -3.243331531262615 -33.55293461824628 225.57074799198443 387 389 -1
389 -3.39668193712038 -33.61098050127056 225.4466994441159 388 390 -1
390 -3.54914662797815 -33.670420556346215 225.3222199887045 389 391 -1
391 -3.7007812405474927 -33.73113279785031 225.19734114475943 390 392 -1
392 -3.851639088135144 -33.79298593677293 225.07208185819508 391 393 -1
393 -4.001769751319408 -33.855858771644805 224.94645691569755 392 394 -1
394 -4.151210109757225 -33.91964948693613 224.8204720448112 393 395 -1
395 -4.300025427769826 -33.98422154151337 224.6941457718395 394 396 -1
396 -4.448268203562046 -34.049459165832715 224.56748864775815 395 397 -1
397 -4.595989907263874 -34.115250126099816 224.4405092593084 396 398 -1
398 -4.743235969691912 -34.18148868653804 224.31321046521816 397 399 -1
399 -4.890063403111262 -34.24805883900058 224.18560144938033 398 400 -1
400 -5.036527421996235 -34.314848932265534 224.05769006211446 399 401 -1
401 -5.182679984738942 -34.38175099673672 223.9294812598444 400 402 -1
402 -5.328571883158274 -34.44865677331899 223.8009778366574 401 403 -1
403 -5.4742541741271085 -34.515454699030045 223.67218084245533 402 404 -1
404 -5.619782842399788 -34.58203678644431 223.54309874884973 403 405 -1
405 -5.7652096235473484 -34.64829437508956 223.41373518203386 404 406 -1
406 -5.91058610464084 -34.71411787988519 223.2840937967715 405 407 -1
407 -6.055964748885644 -34.779382638632924 223.1541726910657 406 408 -1
408 -6.201397867104939 -34.84398405346309 223.0239813735087 407 409 -1
409 -6.346936342888847 -34.907808658214975 222.89352499296365 408 410 -1
410 -6.49262891791667 -34.970743870085116 222.7628088172998 409 411 -1
411 -6.6385046428421015 -35.03270578927739 222.63183219817623 410 412 -1
412 -6.784566680811437 -35.093690977671066 222.50060508064803 411 413 -1
413 -6.930820454454798 -35.153681023256034 222.36913305488193 412 414 -1
414 -7.077273020750173 -35.2126482447106 222.23741980141708 413 415 -1
415 -7.223932666071156 -35.27055801368774 222.10546803123364 414 416 -1
416 -7.370800757914994 -35.327410000566175 221.973288356263 415 417 -1
417 -7.517882337788962 -35.3831840368704 221.84088698731472 416 418 -1
418 -7.665187694164112 -35.43783269316856 221.70826530902048 417 419 -1
419 -7.812717047901346 -35.491358167145634 221.57543476722051 418 420 -1
420 -7.960473933722839 -35.54374487031159 221.4424032798895 419 421 -1
421 -8.108466970426175 -35.594950756905824 221.3091746909511 420 422 -1
422 -8.256698010787671 -35.644966533694856 221.1757587671866 421 423 -1
423 -8.405168287353703 -35.69378492448194 221.0421654731528 422 424 -1
424 -8.553885263553495 -35.74136632600325 220.9084003927308 423 425 -1
425 -8.702851046629021 -35.78769679572687 220.77447317679452 424 426 -1
426 -8.852065184707929 -35.83277422753491 220.6403949160522 425 427 -1
427 -9.00153438803739 -35.876559181341236 220.50617253272645 426 428 -1
428 -9.1512598833726 -35.91903870043496 220.3718164001022 427 429 -1
429 -9.301240071816245 -35.96021326691446 220.23733814672607 428 430 -1
430 -9.451480477084491 -36.00004676623644 220.10274647187194 429 431 -1
431 -9.60197368619387 -36.03858101503933 219.96805897707168 430 432 -1
432 -9.7527073735232 -36.07589370775296 219.83329640117913 431 433 -1
433 -9.903677443327162 -36.11202582296837 219.69847667522353 432 434 -1
434 -10.054873634572942 -36.147053885148196 219.5636189502173 433 435 -1
435 -10.206286242782435 -36.1810546950027 219.4287410729208 434 436 -1
436 -10.35791271945836 -36.21407525799579 219.29385985596664 435 437 -1
437 -10.509744755833971 -36.2461928016351 219.15899179920265 436 438 -1
438 -10.661774741049092 -36.27748278485652 219.024152158033 437 439 -1
439 -10.81400094613907 -36.30799904059226 218.889356534758 438 440 -1
440 -10.96641760539837 -36.33781423715746 218.75461922619098 439 441 -1
441 -11.119018311858264 -36.367003356559145 218.61995314449373 440 442 -1
442 -11.271801199328854 -36.39562694650722 218.48537223291567 441 443 -1
443 -11.424763866773075 -36.423749718246974 218.35088996658584 442 444 -1
444 -11.57790004526185 -36.45144653991409 218.21651679656443 443 445 -1
445 -11.731206824338697 -36.47878221658003 218.08226423669456 444 446 -1
446 -11.884685535223735 -36.5058152896597 217.9481469025284 445 447 -1
447 -12.038329551916322 -36.53261806094099 217.81417268795886 446 448 -1
448 -12.192136148113802 -36.55925397238503 217.68035182411055 447 449 -1
449 -12.346103503510767 -36.585785191426226 217.54669512286776 448 450 -1
450 -12.500231721999388 -36.61227320808845 217.41321537430096 449 451 -1
451 -12.654526158200907 -36.63871955590435 217.27991953335686 450 452 -1
452 -12.80901568770208 -36.66501004238055 217.14681899290443 451 453 -1
453 -12.963731262536873 -36.69101745741438 217.01392558825086 452 454 -1
454 -13.11870814634138 -36.71660647519299 216.88125566610464 453 455 -1
455 -13.273972844400042 -36.741654928185284 216.74881937506274 454 456 -1
456 -13.429553115109671 -36.7660394780725 216.6166298323283 455 457 -1
457 -13.5854766111522 -36.78963552832754 216.48470192324373 456 458 -1
458 -13.741769870451824 -36.81231837541125 216.35305171831075 457 459 -1
459 -13.898465668529788 -36.83394220013042 216.22170225302412 458 460 -1
460 -14.055581659743947 -36.854396409386396 216.09066794202764 459 461 -1
461 -14.21313959101148 -36.87355586200564 215.95996916261242 460 462 -1
462 -14.371159963631749 -36.89129313545213 215.82962854939692 461 463 -1
463 -14.529661341512764 -36.907479700671324 215.6996707971855 462 464 -1
464 -14.688667435530588 -36.921960023917215 215.57012908866872 463 465 -1
465 -14.848187825772108 -36.934615989296155 215.44102963489067 464 466 -1
466 -15.008231464207965 -36.9453230483048 215.31240260118605 465 467 -1
467 -15.168806764553432 -36.9539473698975 215.18428287946168 466 468 -1
468 -15.32991896876345 -36.960353864439774 215.0567083208523 467 469 -1
469 -15.49157680179073 -36.96437409280048 214.92972804630224 468 470 -1
470 -15.653774870073379 -36.96588144881569 214.8033840290254 469 471 -1
471 -15.816503183494527 -36.964753913549806 214.6777201805402 470 472 -1
472 -15.979750958007303 -36.96085305783694 214.55278796231994 471 473 -1
473 -16.14350263428656 -36.954040770172455 214.42864249122098 472 474 -1
474 -16.3077488678345 -36.94421435216673 214.30535511006795 473 475 -1
475 -16.472473632105626 -36.931565598627195 214.1829666404598 474 476 -1
476 -16.637671897824834 -36.91628871064542 214.0615196321446 475 477 -1
477 -16.803345769077062 -36.89856608751181 213.94105633186834 476 478 -1
478 -16.96950420576457 -36.87857155806483 213.82161998416257 477 479 -1
479 -17.136166043025675 -36.85646207554297 213.70326245455624 478 480 -1
480 -17.30333904604473 -36.83245757629839 213.58600000567566 479 481 -1
481 -17.471043365830425 -36.806738106430615 213.46986504651366 480 482 -1
482 -17.6393027992951 -36.77948325107227 213.3548886563679 481 483 -1
483 -17.808155684193526 -36.750850679713345 213.2411233086485 482 484 -1
484 -17.977625308569376 -36.72104250707758 213.1285835476871 483 485 -1
485 -18.147742154009666 -36.6902447333818 213.01729361336317 484 486 -1
486 -18.318541792673177 -36.65863795394162 212.90728349869352 485 487 -1
487 -18.490077009474366 -36.626394984254674 212.7986105835701 486 488 -1
488 -18.662378378535653 -36.593713384439056 212.69128921689406 487 489 -1
489 -18.835483308129632 -36.560782333579915 212.58534608973827 488 490 -1
490 -19.009439605863825 -36.527791298924264 212.48082567056076 489 491 -1
491 -19.18430538512583 -36.49493665334771 212.3777906090624 490 492 -1
492 -19.36009669115651 -36.46230282946194 212.27627165421626 491 493 -1
493 -19.53683818547349 -36.42983442612639 212.17636224001348 492 494 -1
494 -19.71457608085492 -36.39746466150184 212.0782039659564 493 495 -1
495 -19.893303137579508 -36.36512072843175 211.98185016316077 494 496 -1
496 -20.0730472557083 -36.33273204848587 211.8874227081407 495 497 -1
497 -20.253839772662904 -36.300223590674335 211.7950607312252 496 498 -1
498 -20.4356707975815 -36.26752469272044 211.70482945101836 497 499 -1
499 -20.618582006599272 -36.23455286548896 211.61691068871318 498 500 -1
500 -20.802561316693822 -36.201236276617706 211.53138346062414 499 501 -1
501 -20.987625709215198 -36.16749238734331 211.44840315560577 500 502 -1
502 -21.173778079538998 -36.13324009539324 211.36810855852977 501 503 -1
503 -21.361010107010536 -36.098400431212426 211.29062686368346 502 504 -1
504 -21.54932491524334 -36.0628838691397 211.21613464884814 503 505 -1
505 -21.738698533242992 -36.0266125489559 211.14475627257016 504 506 -1
506 -21.929119380900314 -35.98949495651111 211.07667561998178 505 507 -1
507 -22.120556234401516 -35.95144720386158 211.01204656851922 506 508 -1
508 -22.31296942277131 -35.91238755454351 210.95102126013222 507 509 -1
509 -22.506325972277956 -35.87221489563704 210.89382165545217 508 510 -1
510 -22.70055138994843 -35.83086907773025 210.84053622594098 509 511 -1
511 -22.895602911871613 -35.788231381442465 210.7914531283283 510 512 -1
512 -23.09138452017873 -35.744248157968656 210.7466541368115 511 513 -1
513 -23.287811228847332 -35.698835342535574 210.70632841248906 512 514 -1
514 -23.484788224406717 -35.65189460788397 210.6707145957234 513 515 -1
515 -23.68219052120501 -35.603385830417864 210.6398810984351 514 516 -1
516 -23.879896496372062 -35.553224628091186 210.61404105996053 515 517 -1
517 -24.077765202433635 -35.50134419661264 210.59336247705957 516 518 -1
518 -24.275644682029206 -35.44771785386239 210.57790311278575 517 519 -1
519 -24.473372787936224 -35.392275679345346 210.56785958804477 518 520 -1
520 -24.670776343015575 -35.33498674888389 210.56332157030778 519 521 -1
521 -24.867683638968288 -35.2758482710935 210.56430405323692 520 522 -1
522 -25.063896941803435 -35.21480369937189 210.57099156768402 521 523 -1
523 -25.259243981590092 -35.151888349683375 210.58331182811617 522 524 -1
524 -25.453610402577365 -35.08723709509837 210.60100933295854 523 525 -1
525 -25.646937004785475 -35.0210470961652 210.6237112408838 524 526 -1
526 -25.83924125703741 -34.95356117089253 210.65085625300776 525 527 -1
527 -26.03050626977775 -34.88493100922372 210.6821626038496 526 528 -1
528 -26.22080629110314 -34.81537009092917 210.71708971360144 527 529 -1
529 -26.41017017255854 -34.74501526917997 210.75535886664943 528 530 -1
530 -26.598695914218112 -34.67403911113511 210.79651258973527 529 531 -1
531 -26.786445393944803 -34.602567670592514 210.8402775001683 530 532 -1
532 -26.973534947924577 -34.53074732991075 210.88624360167728 531 533 -1
533 -27.16004654506614 -34.45869517286595 210.9341559128531 532 534 -1
534 -27.34609884916736 -34.3865140394643 210.98363513741154 533 535 -1
535 -27.531751739589847 -34.314209000465375 211.0344173712711 534 536 -1
536 -27.717091283036627 -34.24177344922742 211.0861498241026 535 537 -1
537 -27.902186544668414 -34.16919051672742 211.13854643589588 536 538 -1
538 -28.087122284721367 -34.09644929809661 211.19128589625217 537 539 -1
539 -28.27197794319355 -34.02353120552725 211.2440618707485 538 540 -1
540 -28.45683671495661 -33.95042269075306 211.29656263086 539 541 -1
541 -28.6417818814855 -33.87710502109428 211.34846365105435 540 542 -1
542 -28.82689364242374 -33.80356436534932 211.39944662880959 541 543 -1
543 -29.012254246593002 -33.72978280860105 211.44916075242523 542 544 -1
544 -29.197919151800477 -33.65575577402126 211.49735081239822 543 545 -1
545 -29.38387294504663 -33.58149942539623 211.54405164848626 544 546 -1
546 -29.570064502138404 -33.50704820807148 211.5894780448389 545 547 -1
547 -29.756458103093813 -33.43242515782872 211.6337804773212 546 548 -1
548 -29.94300742569879 -33.35766349754544 211.6771849758784 547 549 -1
549 -30.129675712497164 -33.282789304393766 211.71987857032107 548 550 -1
550 -30.316424592040597 -33.20783081283438 211.76206904607244 549 551 -1
551 -30.50321602113318 -33.132816963975294 211.8039719355427 550 552 -1
552 -30.690013126727784 -33.05777531014174 211.84579970591514 551 553 -1
553 -30.876777784512498 -32.982735262011225 211.8877749148812 552 554 -1
554 -31.063472203259547 -32.90772565959614 211.9301152452743 553 555 -1
555 -31.250053862291225 -32.832777937076806 211.97305763626576 554 556 -1
556 -31.436481569089313 -32.7579227149346 212.01682166102577 555 557 -1
557 -31.622711227530214 -32.6831916743148 212.0616282418294 556 558 -1
558 -31.808690139424815 -32.60862127986171 212.1077248349784 557 559 -1
559 -31.994366713493857 -32.53424636634851 212.15533043864912 558 560 -1
560 -32.17968607554447 -32.46010269121037 212.20465677283806 559 561 -1
561 -32.364583259211976 -32.38621635013377 212.25591548677144 560 562 -1
562 -32.54899785433622 -32.3125062358015 212.30912913708204 561 563 -1
563 -32.732883055679835 -32.23884262431064 212.36420659903757 562 564 -1
564 -32.91618655968904 -32.16509863911972 212.42108647224737 563 565 -1
565 -33.09884825247081 -32.09114128863282 212.47972682332107 564 566 -1
566 -33.280832765207144 -32.0168467846809 212.54002292578707 565 567 -1
567 -33.4620950594618 -31.94209119754292 212.60190406409507 566 568 -1
568 -33.64257186158452 -31.86673493880712 212.66533317066745 567 569 -1
569 -33.822237239147555 -31.790668007376862 212.73020097734764 568 570 -1
570 -34.00105020360157 -31.71377301646006 212.79643366409434 569 571 -1
571 -34.178945338747 -31.63590667730041 212.8639897808205 570 572 -1
572 -34.35590496116924 -31.55697867834512 212.93275963462656 571 573 -1
573 -34.53188369967884 -31.47687308933706 213.00267545586456 572 574 -1
574 -34.70682504178634 -31.395461038653053 213.07367699708962 573 575 -1
575 -34.880712857326294 -31.312669105825048 213.14566387369976 574 576 -1
576 -35.05348610756019 -31.22836945674007 213.21857858332893 575 577 -1
577 -35.225116835485075 -31.142482384347787 213.29233381516758 576 578 -1
578 -35.395568461010456 -31.054921972597896 213.3668519426664 577 579 -1
579 -35.564785596914604 -30.965579603398584 213.4420649213753 578 580 -1
580 -35.73275696684147 -30.87441585917574 213.5178823245026 579 581 -1
581 -35.89940781429618 -30.781303431605664 213.59424346307554 580 582 -1
582 -36.06474274486033 -30.68623738241127 213.6710565060594 581 583 -1
583 -36.228680109672716 -30.589090048421177 213.74825974000595 582 584 -1
584 -36.39122659844452 -30.489870372350552 213.8257676060482 583 585 -1
585 -36.55231131404711 -30.388476860629243 213.90351342189905 584 586 -1
586 -36.71192401527833 -30.28490312935562 213.9814209162544 585 587 -1
587 -36.870028149935294 -30.179108286779975 214.05941986662975 586 588 -1
588 -37.026571442966414 -30.07103315858913 214.13744065832196 587 589 -1
589 -37.18155733742899 -29.960703858711195 214.21541547018413 588 590 -1
590 -37.33493341340632 -29.848069258317523 214.2932774428084 589 591 -1
591 -37.486669324437926 -29.733114161119353 214.3709611906084 590 592 -1
592 -37.636762971638674 -29.61586594941772 214.44840757051358 591 593 -1
593 -37.78518957073066 -29.49632236103717 214.52555753881913 592 594 -1
594 -37.9319008305989 -29.374452397837086 214.60234801038357 593 595 -1
595 -38.07689560207867 -29.25029153278748 214.67872729073682 594 596 -1
596 -38.22016579254168 -29.123866734328907 214.75464549495058 595 597 -1
597 -38.36169646418229 -28.99519710739293 214.83005331870828 596 598 -1
598 -38.501475356206285 -28.864306407063594 214.90490415463586 597 599 -1
599 -38.63949298021953 -28.731222770606045 214.97915421565833 598 600 -1
600 -38.77574269582855 -28.595978427499375 215.05276264262292 599 601 -1
601 -38.91022076526681 -28.45860939060094 215.12569159480276 600 602 -1
602 -39.042926386228245 -28.319155131826093 215.19790632216717 601 603 -1
603 -39.17386170246937 -28.17765824591237 215.26937521859855 602 604 -1
604 -39.30303179212451 -28.034164105948513 215.34006985554402 603 605 -1
605 -39.43044463405366 -27.888720514382662 215.40996499590148 604 606 -1
606 -39.55611105290083 -27.741377353184156 215.47903858825347 605 607 -1
607 -39.68004464387324 -27.592186236720107 215.5472717418583 606 608 -1
608 -39.80225082639396 -27.44118905564981 215.61464312025794 607 609 -1
609 -39.92271370230814 -27.288405780026878 215.68112127907827 608 610 -1
610 -40.04149141531984 -27.13393033211319 215.74671458833504 609 611 -1
611 -40.15860741156337 -26.97781834875766 215.81141588262497 610 612 -1
612 -40.27403401408665 -26.820075277153947 215.87519094662602 611 613 -1
613 -40.387816391471915 -26.66077637045894 215.93804625272813 612 614 -1
614 -40.5 -26.5 216.0 613 615 616
615 -40.583627323700384 -26.363933519742883 216.13169363065614 614 618 -1
616 -40.65260303147729 -26.532144608287098 215.89653386693104 614 619 -1
617 -40.3647319727399 -26.624310534124106 215.89577847817867 614 620 -1
618 -40.665864063940646 -26.22781947316904 216.26415565945558 615 621 -1
619 -40.80430357617626 -26.565042291046307 215.79189013034238 616 622 -1
620 -40.22759032785825 -26.748441047366132 215.79382355771568 617 623 -1
621 -40.74682384462943 -26.091554037549013 216.39724717801622 618 624 -1
622 -40.95495848316555 -26.598790920410732 215.68601401934214 619 625 -1
623 -40.08842153180351 -26.872344717821388 215.69437009195013 620 626 -1
624 -40.82651523738784 -25.95514986888844 216.53096066717458 621 627 -1
625 -41.10453833561956 -26.633394527177767 215.5788969044513 622 628 -1
626 -39.94708302642562 -26.995951968194014 215.59764614868504 623 629 -1
627 -40.90494609781956 -25.81861947745441 216.6652892479523 624 630 -1
628 -41.25301671774953 -26.668854037726355 215.47053454132399 625 631 -1
629 -39.80349440936742 -27.1191919936712 215.50381267043164 626 632 -1
630 -40.982130937181715 -25.681975887448836 216.80022311070277 627 633 -1
631 -41.40036664730093 -26.705170220400763 215.3609228064151 628 634 -1
632 -39.65751632525469 -27.241973564596012 215.4131189168188 629 635 -1
633 -41.05808005181134 -25.54523156419479 216.93575482024565 630 636 -1
634 -41.546559900194566 -26.74234414593295 215.2500570139662 631 637 -1
635 -39.50900852376369 -27.36418946031366 215.32583357327903 632 638 -1
636 -41.1328038311712 -25.408398900857552 217.07187720814366 633 639 -1
637 -41.69156809786737 -26.78037633452551 215.137933151746 634 640 -1
638 -39.35783188224984 -27.4857146076351 215.24224513565605 635 641 -1
639 -41.20631916564586 -25.271490582348253 217.20858030679375 636 642 -1
640 -41.83536274191306 -26.819266742214175 215.02454789861468 637 643 -1
641 -39.20385087704991 -27.60640418416489 215.1626619250548 638 644 -1
642 -41.27863558586313 -25.134518693608694 217.34585801891447 639 645 -1
643 -41.97791525001877 -26.859014748081147 214.90989864086907 640 646 -1
644 -39.04686739943861 -27.726064914633852 215.08751741013003 641 647 -1
645 -41.34977085346996 -24.99749562131235 217.48370063830805 642 648 -1
646 -42.11919699311096 -26.899619142387028 214.7939834872759 643 649 -1
647 -38.88678095546058 -27.844504807616847 215.01714010667786 644 650 -1
648 -41.41973841710067 -24.860433383201862 217.62210086703902 645 651 -1
649 -42.259177837211105 -26.941079076128354 214.6767998542428 646 652 -1
650 -38.72343683789316 -27.96147382986135 214.9519873863056 647 653 -1
651 -41.488554439387954 -24.72334395474028 217.76105045500626 648 654 -1
652 -42.39782810681041 -26.983392730966422 214.5583464249141 649 655 -1
653 -38.55672967394994 -28.07669931415435 214.89249347038128 650 656 -1
654 -41.55623566063979 -24.586239157369018 217.9005412252956 651 657 -1
655 -42.53512095676303 -27.02655592142099 214.43862524629125 652 658 -1
656 -38.38648147388797 -28.189804641916727 214.83929714159208 653 659 -1
657 -41.62279854774107 -24.449130652681216 218.04056548196095 654 660 -1
658 -42.671027713038164 -27.070565097972057 214.3176372593088 655 661 -1
659 -38.21266921480843 -28.300431540271585 214.7928547137442 656 662 -1
660 -41.68826124214866 -24.312029954305306 218.1811150825757 657 663 -1
661 -42.80551398805587 -27.115419472211002 214.19537905864442 658 664 -1
662 -38.03525429113847 -28.4081337889451 214.75374909878875 659 665 -1
663 -41.75264211775018 -24.17494839920963 218.3221821260972 660 666 -1
664 -42.93855712594379 -27.161110738505414 214.07185835461644 661 667 -1
665 -37.854232079221276 -28.51237833621652 214.72263667902712 662 668 -1
666 -41.81595911696684 -24.037897193178818 218.46375927391279 663 669 -1
667 -43.07012310117571 -27.207636666769208 213.94707350424662 664 670 -1
668 -37.669720442753835 -28.612619789633197 214.7000635016577 665 671 -1
669 -41.878233832292594 -23.90088724778778 218.60583778685813 666 672 -1
670 -43.200187490569284 -27.254989038822025 213.8210317253266 667 673 -1
671 -37.48192450587341 -28.708279211387072 214.68652648379884 668 674 -1
672 -41.93948268907856 -23.763929554988263 218.7484117709785 669 675 -1
673 -43.32871647414437 -27.303164250461275 213.69373299868838 670 676 -1
674 -37.29110094425716 -28.798675374584246 214.6825919657104 671 677 -1
675 -41.99973010789602 -23.627034532483567 218.89147182092174 672 678 -1
676 -43.45568696111626 -27.352152433974297 213.5651866530553 673 679 -1
677 -37.0976569894183 -28.883189670392312 214.68858570125647 674 680 -1
678 -42.05899421819361 -23.490212812994518 219.03501193164468 675 681 -1
679 -43.58106734570114 -27.401947712267866 213.4353956770259 676 682 -1
680 -36.90208596142551 -28.961232691295855 214.70469447230272 677 683 -1
681 -42.117297817470465 -23.353474569384584 219.17902417838548 678 684 -1
682 -43.70482997398742 -27.452541615215868 213.30436679193033 679 685 -1
683 -36.70494856161156 -29.032261831364142 214.73095588328687 680 686 -1
684 -42.17466409152332 -23.216829726078583 219.3235007737072 681 687 -1
685 -43.82694956828508 -27.50392409083854 213.17210894244786 682 688 -1
686 -36.506852413251764 -29.095847211438148 214.76719055812956 683 689 -1
687 -42.23111207056574 -23.08028853544189 219.46843635279964 684 690 -1
688 -43.94739876089254 -27.556085678484365 213.03862990965212 685 691 -1
689 -36.3084079784268 -29.151696791713796 214.81301025280266 686 692 -1
690 -42.286667860712136 -22.943860314157362 219.61382235757208 687 693 -1
691 -44.06615078689745 -27.60901617495931 212.903938367301 688 694 -1
692 -36.11018569159465 -29.199668385055123 214.8678433960782 689 695 -1
693 -42.34135472282817 -22.807554510673256 219.75965196976347 690 696 -1
694 -44.183178133691165 -27.662705241567096 212.76804291216726 691 697 -1
695 -35.91268082724699 -29.23976520874094 214.9309758967412 692 698 -1
696 -42.39519351918551 -22.67138086458294 219.90591996549992 693 699 -1
697 -44.29845712870051 -27.717140446667003 212.63095518092086 694 700 -1
698 -35.71629635974188 -29.27208748810864 215.00162527085558 695 701 -1
699 -42.448211266948135 -22.5353480263451 220.05261826906894 696 702 -1
700 -44.41196347971886 -27.772309289009453 212.49268665033222 697 703 -1
701 -35.52130902329947 -29.296939141557075 215.07886659292865 698 704 -1
702 -42.500432350052336 -22.399464883891383 220.19974046749996 699 705 -1
703 -44.52367332224243 -27.828198733913585 212.35324936175127 700 706 -1
704 -35.3278888426248 -29.314661833841473 215.16180989392623 701 707 -1
705 -42.55187982669248 -22.263740520516645 220.34728120535232 702 708 -1
706 -44.63356363031698 -27.88479506830337 212.21265615322596 703 709 -1
707 -35.13610400972119 -29.325655113004363 215.24958209269184 704 710 -1
708 -42.60258015391109 -22.128183230551098 220.49523361506397 705 711 -1
709 -44.74161207994626 -27.942083983678593 212.07092052528367 706 712 -1
710 -34.945935397293646 -29.33035262902562 215.34134890564619 707 713 -1
711 -42.652559391603084 -21.99280122292408 220.64359132017378 708 714 -1
712 -44.84779545221658 -28.00005116040075 211.92805565812932 709 715 -1
713 -34.75729339238527 -29.329202443647645 215.43632848474903 710 716 -1
714 -42.70184310973324 -21.85760271364171 220.79234851531788 711 717 -1
715 -44.95209499686174 -28.058680371585726 211.7840775823482 712 718 -1
716 -34.5700348086768 -29.322651901554167 215.53379821964995 713 719 -1
717 -42.750456112648216 -21.72259610021224 220.94150017694878 714 720 -1
718 -45.05449144823439 -28.117955360977234 211.6390020724951 715 721 -1
719 -34.383978425247555 -29.311136843693482 215.63309640973708 716 722 -1
720 -42.7984264977927 -21.58778873883009 221.09103962863682 717 723 -1
721 -45.15496656246678 -28.1778593007424 211.49284554722053 718 724 -1
722 -34.198918390410725 -29.29507455770594 215.73362043242136 719 725 -1
723 -42.84578093046465 -21.453188271523572 221.24096129166776 720 726 -1
724 -45.25350314494719 -28.2383748168382 211.34562503358538 721 727 -1
725 -34.01464119732091 -29.274817971586184 215.83482435883136 722 728 -1
726 -42.892546296204536 -21.31880219821893 221.39125972972207 723 729 -1
727 -45.35007997646468 -28.299485505851926 211.19735546708858 724 730 -1
728 -33.8309122708762 -29.25077460406736 215.93619705260798 725 731 -1
729 -42.93874860975027 -21.18463835242782 221.54193039026546 726 732 -1
730 -45.444686292188536 -28.36117161186087 211.04805734535933 727 733 -1
731 -33.647506487227346 -29.223294622266888 216.03728226137372 728 734 -1
732 -42.98441668714085 -21.050703400514617 221.69296712920487 729 735 -1
733 -45.53730848302589 -28.423414175931 210.89774947317278 730 736 -1
734 -33.464204133953075 -29.192655762551965 216.13764506308874 731 737 -1
735 -43.02957817471057 -20.91700437241297 221.84436479562157 732 738 -1
736 -45.62792796012274 -28.486195392786822 210.74644813877026 733 739 -1
737 -33.280790682304065 -29.15919750397716 216.23689862014317 734 740 -1
738 -43.07426093342303 -20.78354816018474 221.9961183345313 735 741 -1
739 -45.71653731790824 -28.549494317184013 210.59417506053578 736 742 -1
740 -33.0970933021094 -29.123179637878017 216.33472140364563 737 743 -1
741 -43.118492671499 -20.650341740053506 222.14822307319963 738 744 -1
742 -45.803124738477244 -28.613291124531166 210.44094956762663 739 745 -1
743 -32.91312079078133 -29.084896832676286 216.43115792232754 740 746 -1
744 -43.16230157216031 -20.517391860952184 222.3006742464688 741 747 -1
745 -45.887677600461714 -28.677566028195486 210.2867905028877 742 748 -1
746 -32.728934622004495 -29.0445965571734 216.5263573718768 743 749 -1
747 -43.205716637062665 -20.384704721864125 222.45346661271722 744 750 -1
748 -45.97019229161236 -28.742297106851524 210.1317205719174 745 751 -1
749 -32.544590219436245 -29.002556524090274 216.6204927690679 746 752 -1
750 -43.24876646368365 -20.252286727715095 222.60659545028182 747 753 -1
751 -46.050654527790755 -28.80746474547683 209.97575749890075 748 754 -1
752 -32.360129524025474 -28.958994342206033 216.7137042327535 749 755 -1
753 -43.29147980796847 -20.120144179347815 222.7600561050723 750 756 -1
754 -46.12906552037596 -28.873046017762906 209.81892546096353 751 757 -1
755 -32.17558933826268 -28.914142217932596 216.80614371924665 752 758 -1
756 -43.33388552665017 -19.988283329856255 222.913844038946 753 759 -1
757 -46.20541252121843 -28.93902080024278 209.66124241843033 754 760 -1
758 -31.990999654186837 -28.86821624443551 216.89795525070028 755 761 -1
759 -43.3760123169096 -19.856710723139603 223.06795517156587 756 762 -1
760 -46.27969849482246 -29.005365960805154 209.5027325019195 757 763 -1
761 -31.8063849238803 -28.82141217379372 216.98927189211983 758 764 -1
762 -43.417889860670996 -19.7254319205327 223.22238446505523 759 765 -1
763 -46.35191505130682 -29.07206046001116 209.3434149039306 760 766 -1
764 -31.621765702204318 -28.77391514034324 217.08022108890128 761 767 -1
765 -43.45954744527761 -19.59445287910419 223.37712746694206 762 768 -1
766 -46.42206417083849 -29.13908149717546 209.18331253928605 763 769 -1
767 -31.437159564704334 -28.725898901084268 217.17092399358106 764 770 -1
768 -43.50101446895665 -19.463779488891365 223.5321797556011 765 771 -1
769 -46.490144254965365 -29.20640694640375 209.02244651445955 766 772 -1
770 -31.252581620247206 -28.6775308290304 217.2614973095259 767 773 -1
771 -43.542320431999485 -19.333417580458065 223.6875369320964 768 774 -1
772 -46.55615390825991 -29.274014645433144 208.8608376684563 769 775 -1
773 -31.0680451395705 -28.62896650584731 217.35205012538313 770 776 -1
774 -43.583494928115265 -19.203372932467687 223.84319461177583 771 777 -1
775 -46.6200991576641 -29.341881551429797 208.69850902506323 772 778 -1
776 -30.88356416325995 -28.580349982367462 217.44268798162716 773 779 -1
777 -43.62456752809939 -19.073651774832108 223.99914885525814 774 780 -1
778 -46.68197681166462 -29.40998583359552 208.5354799831419 775 781 -1
779 -30.699207613348918 -28.531770123420767 217.533598175061 776 782 -1
780 -43.66556818572864 -18.9442593307016 224.15539483053328 777 783 -1
781 -46.741799444842044 -29.478303855773575 208.3717747199166 778 784 -1
782 -30.51511052151106 -28.483257056366202 217.62506792173656 779 785 -1
783 -43.70652672605753 -18.81520125373499 224.31192813062748 780 786 -1
784 -46.79960684069283 -29.546808820290092 208.20742474556064 781 787 -1
785 -30.331408494553873 -28.434836886637058 217.71737702522708 782 788 -1
786 -43.74747302959963 -18.686483190524072 224.46874434036536 783 789 -1
787 -46.85544747972681 -29.615473263654504 208.0424623906256 784 790 -1
788 -30.148240477225148 -28.38653683088863 217.81080305821567 785 791 -1
789 -43.788437028639144 -18.55811077333748 224.625839013519 786 792 -1
790 -46.90938293063779 -29.684269443296756 207.87692196462967 787 793 -1
791 -29.9657522676208 -28.338385905194023 217.9056254355609 788 794 -1
792 -43.82944869888796 -18.43008962742289 224.78320766322142 789 795 -1
793 -46.96147000069808 -29.75317082446035 207.71083421237066 790 796 -1
794 -29.784100716014056 -28.29041583881148 218.00213038882123 791 797 -1
795 -43.87053805106385 -18.302425378206593 224.94084575223383 792 798 -1
796 -47.0117647668279 -29.822151552322065 207.54422772757866 793 799 -1
797 -29.603458314857896 -28.24266209238166 218.1006158163631 794 800 -1
798 -43.911735298337874 -18.175124127308276 225.09874901430965 795 801 -1
799 -47.06033287167776 -29.891186116298876 207.37713191226175 796 802 -1
800 -29.42401841897824 -28.195165037648948 218.20139609718393 797 803 -1
801 -43.953070409136664 -18.04819109358169 225.25691245620712 798 804 -1
802 -47.10723576064538 -29.960249954387212 207.20957305401473 799 805 -1
803 -29.24600136043066 -28.147971363333998 218.3048069139733 800 806 -1
804 -43.99457343623249 -17.921631912928568 225.41533130660773 801 807 -1
805 -47.152534357097515 -30.029319110816378 207.04157551527157 802 808 -1
806 -29.069661760079708 -28.1011357826499 218.41121007457906 803 809 -1
807 -44.03627444207362 -17.79545228156203 225.57400072748138 804 810 -1
808 -47.1962972396741 -30.09837032480147 206.87316399237488 805 811 -1
809 -28.895297384694018 -28.054723131651638 218.52099824083373 806 812 -1
810 -44.0782034797203 -17.669657929864975 225.73291578006868 807 813 -1
811 -47.238588737259626 -30.167381032519252 206.70436034329856 808 814 -1
812 -28.723259948376864 -28.00881096300489 218.6345993557739 809 815 -1
813 -44.120390583157764 -17.544254628632356 225.89207141462666 810 816 -1
814 -47.279473284784466 -30.23632921072077 206.53518487477274 811 817 -1
815 -28.55396829880666 -27.963492754381143 218.75248038599366 812 818 -1
816 -44.162865757266616 -17.41924819509403 226.05146246015298 813 819 -1
817 -47.31902094678908 -30.30519375394683 206.36565785929324 814 820 -1
818 -28.38792443988466 -27.918881859547934 218.87514974130346 815 821 -1
819 -44.205659014984015 -17.294644554559607 226.2110836448187 816 822 -1
820 -47.35729730405253 -30.373953923534852 206.19579695285026 817 823 -1
821 -28.225732783192807 -27.875116324022432 219.00315737118962 818 824 -1
822 -44.248800660803305 -17.17045005013723 226.3709297402708 819 825 -1
823 -47.3943697291355 -30.442589609555103 206.02561893023082 820 826 -1
824 -28.06811297968512 -27.832368054917385 219.1370798597468 821 827 -1
825 -44.29232018723855 -17.046670215377635 226.5309948884244 822 828 -1
826 -47.43030836446493 -30.511081620914627 205.8551400345096 823 829 -1
827 -27.915534740124368 -27.790788635449143 219.27707020774386 824 830 -1
828 -44.3362473750998 -16.923311109894712 226.69127333076108 825 831 -1
829 -47.465178782637764 -30.579410685292142 205.68437411075794 826 832 -1
830 -27.768323644543596 -27.750514109134155 219.4230591099583 827 833 -1
831 -44.38061191988361 -16.800378866068534 226.8517591365178 828 834 -1
832 -47.49905097153762 -30.64755865638983 205.51333508760115 829 835 -1
833 -27.626853794323054 -27.711698725708576 219.57499829634148 830 836 -1
834 -44.42544341897862 -16.67787969337386 227.01244619278148 831 837 -1
835 -47.53199357716515 -30.7155077541803 205.3420355407997 832 838 -1
836 -27.49142897201341 -27.67448591911714 219.73273475459962 833 839 -1
837 -44.47077135830122 -16.555819882357046 227.17332819474183 834 840 -1
838 -47.56407278997894 -30.783240001424495 205.17048640407083 835 841 -1
839 -27.362283914565392 -27.6390058838484 219.89603843021334 836 842 -1
840 -44.51662509833605 -16.434205808240627 227.3343986361346 837 843 -1
841 -47.595359381025716 -30.850739057135076 204.9986991087644 838 844 -1
842 -27.239645734300574 -27.605391940131934 220.06466739890962 839 845 -1
843 -44.56303395221798 -16.31304400690223 227.49565082763252 840 846 -1
844 -47.625919484453156 -30.917987681599033 204.8266829499571 841 847 -1
845 -27.123704106599185 -27.57377302939162 220.23834466809413 842 848 -1
846 -44.610027625904316 -16.192341510941823 227.6570780000196 843 849 -1
847 -47.655822132097356 -30.984969953069147 204.65444744228557 844 850 -1
848 -27.014526256044697 -27.544246869805278 220.41671061342677 845 851 -1
849 -44.657634373010495 -16.0721044449433 227.81867277590217 846 852 -1
850 -47.685134892515066 -31.051669876505624 204.48200106833977 847 853 -1
851 -26.912122453681448 -27.51689738363336 220.59938952547864 848 854 -1
852 -44.705882903758685 -15.952339553396198 227.9804277516606 849 855 -1
853 -47.71392473176834 -31.118071422226016 204.30935155400667 850 856 -1
854 -26.816445454412946 -27.491793956595366 220.78599637876417 851 857 -1
855 -44.754801723915605 -15.833053677373707 228.14233527834799 852 858 -1
856 -47.742259958063485 -31.184159832834766 204.13650677811597 853 859 -1
857 -26.727381010868797 -27.46898734097818 220.9761387912045 854 860 -1
858 -44.80441911688241 -15.714253755465197 228.30438745402284 855 861 -1
859 -47.77020633216709 -31.24991885519048 203.96347315562056 856 862 -1
860 -26.644753851073226 -27.448510306740125 221.16942774081224 857 863 -1
861 -44.85476312508873 -15.59594682418566 228.46657611654024 858 864 -1
862 -47.797831954600866 -31.31533470540347 203.79025803555524 859 865 -1
863 -26.568335296961134 -27.430378970628166 221.36548661135438 860 866 -1
864 -44.90586153069116 -15.478140017840225 228.62889283684564 861 867 -1
865 -47.82520222399292 -31.38039110973547 203.61686708696027 862 868 -1
866 -26.49785181697816 -27.41459461619018 221.56395829081953 863 869 -1
867 -44.957742988017095 -15.360841300648993 228.79132906976386 864 870 -1
868 -47.85238426526269 -31.4450747017858 203.44330712819473 865 871 -1
869 -26.432993860474227 -27.401145813323513 221.7645102642471 866 872 -1
870 -45.01043379615864 -15.244057396320112 228.9538756715826 867 873 -1
871 -47.87944349613777 -31.50936949688001 203.26958359016746 868 874 -1
872 -26.37342443218273 -27.390010662892557 221.966837814882 869 875 -1
873 -45.06396072066245 -15.127795652349313 229.11652335714447 870 876 -1
874 -47.90644591224666 -31.573262150216685 203.0957029170975 871 877 -1
875 -26.318787003021185 -27.381159022221325 222.17066556429847 872 878 -1
876 -45.11835030356534 -15.012063585945686 229.27926257156378 873 879 -1
877 -47.933456846513536 -31.636736826652694 202.92167055224272 874 880 -1
878 -26.268712494191842 -27.374554603390617 222.37574764451554 875 881 -1
879 -45.173628720546795 -14.896868802861356 229.44208346835967 876 882 -1
880 -47.96054130114814 -31.69978028525218 202.7474929357719 877 883 -1
881 -26.22282519778863 -27.37015687221665 222.5818668122554 878 884 -1
882 -45.22982175773494 -14.782218993582484 229.60497590673737 879 885 -1
883 -47.987764469738984 -31.762376526806708 202.57317571170302 880 886 -1
884 -26.18074759923624 -27.36792270755256 222.78883279979655 881 887 -1
885 -45.28695650699599 -14.668122927265355 229.76792953904493 882 888 -1
886 -48.015190287036305 -31.82451254941713 202.39872565841233 883 889 -1
887 -26.142104141807124 -27.367807806069717 222.9964801608549 884 890 -1
888 -45.34505653572668 -14.55458763069674 229.9309335119253 885 891 -1
889 -48.04288395078374 -31.88617184647455 202.22414882720162 886 892 -1
890 -26.106542411834425 -27.369781746961706 223.20466862612233 887 893 -1
891 -45.40414615943381 -14.44162092665556 230.0939767783468 888 894 -1
892 -48.07090821839182 -31.94734162272545 202.04945259884363 889 895 -1
893 -26.07367758733404 -27.373788952739435 223.41327098321636 890 896 -1
894 -45.4642493745423 -14.329230799616214 230.25704800539134 891 897 -1
895 -48.09932809708665 -32.008005156429384 201.8746438058423 892 898 -1
896 -26.043151995018405 -27.37978714313816 223.62218112622364 893 899 -1
897 -45.52538973827475 -14.217425330705113 230.42013556556807 894 900 -1
898 -48.1282055482645 -32.06814916493282 201.69973053349776 895 901 -1
899 -26.014617046576863 -27.38773649870567 223.83130776403877 896 902 -1
900 -45.58759269121913 -14.106213991404601 230.58322751793736 897 903 -1
901 -48.157604645065135 -32.127757358059895 201.52472078667572 898 904 -1
902 -25.987733534856027 -27.39760059899299 224.04057197184022 899 905 -1
903 -45.650878290610635 -13.995603599176068 230.7463116108798 900 906 -1
904 -48.18758730208535 -32.18681524725081 201.3496235179898 901 907 -1
905 -25.962179924094528 -27.40936430731812 224.24990482555089 902 908 -1
906 -45.71526834089426 -13.88560231905617 230.9093753470696 903 909 -1
907 -48.21821578048359 -32.24530741417451 201.1744481706391 904 910 -1
908 -25.937615313887743 -27.42297635309383 224.45924413304502 905 911 -1
909 -45.78078403386027 -13.776218337736383 231.07240595232375 906 912 -1
910 -48.24955268591959 -32.30321771369247 200.99920483614068 907 913 -1
911 -25.91372310271468 -27.43840778045695 224.668535169258 908 914 -1
912 -45.84744934576515 -13.667461712665235 231.23539020727725 909 915 -1
913 -48.28165752471821 -32.36053193597866 200.82390457621167 910 916 -1
914 -25.890193525825374 -27.455642677352024 224.8777266161077 911 917 -1
915 -45.91528102349203 -13.55933891984147 231.3983148908554 912 918 -1
916 -48.3145941678811 -32.41723202299758 200.64855894748385 913 919 -1
917 -25.866715917870046 -27.474661947309357 225.08676922338685 914 920 -1
918 -45.98429826644069 -13.451858146372167 231.5611664394956 915 921 -1
919 -48.34841587258374 -32.47330436512134 200.47317996359033 916 922 -1
920 -25.842987371299017 -27.495430670432455 225.29561687880945 917 923 -1
921 -46.05452206544937 -13.34502890465235 231.72393084210768 918 924 -1
922 -48.383122558715144 -32.5287353327347 200.29776998063224 919 925 -1
923 -25.81870854278801 -27.517936750592803 225.50422112796417 920 926 -1
924 -46.12596962655103 -13.238859021893305 231.88659403756188 921 927 -1
925 -48.41867142823277 -32.583514363874755 200.12232383867521 922 928 -1
926 -25.793573601430435 -27.542176814064895 225.71252936668455 923 929 -1
927 -46.19865630550452 -13.133355695321207 232.0491418881266 924 930 -1
928 -48.455017403797804 -32.63763244360684 199.9468358857979 925 931 -1
929 -25.767297539631087 -27.568116504226204 225.92049161880755 926 932 -1
930 -46.272598009984115 -13.028527964824825 232.21156072891765 927 933 -1
931 -48.49211962966392 -32.69107731836495 199.7712998705419 928 934 -1
932 -25.739583218769354 -27.595749834520266 226.12804850729853 929 935 -1
933 -46.347767800144084 -12.924374420793468 232.3738495433374 930 936 -1
934 -48.52993376252015 -32.74384010299511 199.5957094221897 931 937 -1
935 -25.710123870214 -27.62507573536637 226.33513201850081 932 938 -1
936 -46.424116688275134 -12.820888669885793 232.53601512525367 933 939 -1
937 -48.568417481390604 -32.79591051714577 199.4200577637184 934 940 -1
938 -25.678648439147366 -27.65606275758289 226.54167601479583 935 941 -1
939 -46.501602148253205 -12.718067436399561 232.69806430391287 936 942 -1
940 -48.60753061830534 -32.847276060937055 199.2443375991792 937 943 -1
941 -25.64485350493419 -27.688709357728925 226.7475967087563 938 944 -1
942 -46.58017346463216 -12.615901895555565 232.86000533489627 939 945 -1
943 -48.64722974368766 -32.8979281547802 199.06854175240844 940 946 -1
944 -25.608438765581575 -27.72300731096105 226.95280069930922 941 947 -1
945 -46.659789040792845 -12.514387962484761 233.02184611334462 942 948 -1
946 -48.687474274319754 -32.94785519091277 198.89266251395168 943 949 -1
947 -25.569143296194024 -27.75892618927134 227.15719395355902 944 950 -1
948 -46.74040279719349 -12.41351812762263 233.18359549452953 945 951 -1
949 -48.7282238121003 -32.99704518223319 198.71669189305294 946 952 -1
950 -25.52665444637151 -27.796464311041458 227.3606548992783 947 953 -1
951 -46.821972349752755 -12.313286552091459 233.34526247063383 948 954 -1
952 -48.769436462950175 -33.04548857835643 198.5406220326904 949 955 -1
953 -25.480695457257056 -27.835598513119383 227.5630574873437 950 956 -1
954 -46.90445530235376 -12.213686798949979 233.50685650039617 951 957 -1
955 -48.81107241733889 -33.09317261677876 198.36444450215433 952 958 -1
956 -25.431018609854377 -27.87629438466797 227.7642698578238 953 959 -1
957 -46.98780953028665 -12.114711977229529 233.6683874362061 954 960 -1
958 -48.853091100023775 -33.14008565024483 198.18815088149395 955 961 -1
959 -25.37730642122353 -27.91854414176258 227.9641201460686 956 962 -1
960 -47.0719949411893 -12.016356088504022 233.82986538492221 957 963 -1
961 -48.895451582602675 -33.18621698418096 198.01173281719068 958 964 -1
962 -25.319356786958387 -27.96229436911638 228.16245744925345 959 965 -1
963 -47.156970599828064 -11.918611934396417 233.99130087082924 960 966 -1
964 -48.938114366988245 -33.2315522933972 197.83518129288043 961 967 -1
965 -25.25716750818777 -28.007428018962912 228.35919481613823 962 968 -1
966 -47.24269768807725 -11.821473414832708 234.15270464506548 963 969 -1
967 -48.981038567441175 -33.27608046084262 197.65848777605365 964 970 -1
968 -25.190790025724322 -28.053808024498288 228.5542670357584 965 971 -1
969 -47.32913704683118 -11.724933649586417 234.31408779257683 966 972 -1
970 -49.02418380360721 -33.319788999034415 197.48164350603344 967 973 -1
971 -25.120413287825436 -28.10125880245585 228.74767283648345 968 974 -1
972 -47.416250411502745 -11.628985994729772 234.47546165530983 969 975 -1
973 -49.067510159817886 -33.36266234444205 197.30463913963789 970 976 -1
974 -25.04612048142774 -28.14963766154863 228.9393770116173 971 977 -1
975 -47.5040006876014 -11.533624395006449 234.636837841082 972 978 -1
976 -49.110976548484 -33.40468959327293 197.12746627369677 973 979 -1
977 -24.968023361222777 -28.198794947347558 229.12936350569694 974 980 -1
978 -47.592349710515194 -11.438841319679122 234.79822818236426 975 981 -1
979 -49.15454255310969 -33.44585499931201 196.95011562632988 976 982 -1
980 -24.886271291841492 -28.24857825642586 229.31764213173415 977 983 -1
981 -47.68126248508519 -11.344631929217801 234.9596448381656 978 984 -1
982 -49.19816717154534 -33.48614462902013 196.77257837480937 979 985 -1
983 -24.800906120463537 -28.298853754869747 229.50417861244875 980 986 -1
984 -47.77070079877895 -11.250987652943317 235.12109999904132 981 987 -1
985 -49.24180924171081 -33.525544566937434 196.59484585160166 982 988 -1
986 -24.712104697418848 -28.34947204216315 229.68901047608915 983 989 -1
987 -47.86063133953182 -11.157904871762689 235.28260643402666 984 990 -1
988 -49.28542724485216 -33.56403726569481 196.41690874399112 985 991 -1
989 -24.619920281672908 -28.400300191893148 229.87212068176828 986 992 -1
990 -47.95101656275792 -11.065374803685328 235.4441766528374 987 993 -1
991 -49.32897952325217 -33.60161006829874 196.23875905190877 988 994 -1
992 -24.524481105454534 -28.451201401871725 230.05353531030593 989 995 -1
993 -48.041822857565485 -10.973393022589477 235.60582382843992 990 996 -1
994 -49.37242351823765 -33.63824322870919 196.06038737144976 991 997 -1
995 -24.425870109798055 -28.50204397493064 230.23326240006614 992 998 -1
996 -48.133014831443305 -10.88195259757747 235.76756100920792 993 999 -1
997 -49.41571702924494 -33.67392349779903 195.881786107278 994 1000 -1
998 -24.324176854855036 -28.552697188318277 230.41131767259125 995 1001 -1
999 -48.22455810335058 -10.791047635824201 235.92940155673202 996 1002 -1
1000 -49.45881636415256 -33.708630553869206 195.70294627899062 997 1003 -1
1001 -24.219501907415562 -28.60303457882235 230.58772718893212 998 1004 -1
1002 -48.31641890620435 -10.700673084762592 236.09135920855536 999 1005 -1
1003 -49.50167847376707 -33.74234952416232 195.52386059491582 1000 1006 -1
1004 -24.11190847393313 -28.652926764406104 230.76249978190987 1001 1007 -1
1005 -48.408562333137176 -10.61082165668631 236.253447330631 1002 1008 -1
1006 -49.54425828690069 -33.775059048568366 195.3445205479345 1003 1009 -1
1007 -24.00150424122677 -28.70225411371475 230.93567254299475 1004 1010 -1
1008 -48.50095565155798 -10.521490115326571 236.41568050101012 1005 1011 -1
1009 -49.58651195575653 -33.80674371063251 195.1649195736766 1006 1012 -1
1010 -23.888336009775678 -28.750885892760866 231.10725052708156 1007 1013 -1
1011 -48.5935639353209 -10.432670553651679 236.57807213730976 1008 1014 -1
1012 -49.62839244064907 -33.83737979512863 194.985049484652 1009 1015 -1
1013 -23.77251098147078 -28.79870887036456 231.27727600696787 1010 1016 -1
1014 -48.68635420299957 -10.344359535913558 236.74063715122955 1011 1017 -1
1015 -49.66985487746168 -33.86695120756772 194.8049045888662 1012 1018 -1
1016 -23.654067213671848 -28.845589844502992 231.44575269617627 1013 1019 -1
1017 -48.77929228911947 -10.256550592617211 236.90338958817168 1014 1020 -1
1018 -49.71085117330301 -33.895434710487656 194.6244779499222 1015 1021 -1
1019 -23.533106441939 -28.891420147896405 231.61272348357065 1016 1022 -1
1020 -48.872344653540914 -10.169239368521447 237.06634437429182 1017 1023 -1
1021 -49.75133371647875 -33.92280978800945 194.443763983433 1018 1024 -1
1022 -23.40966353946122 -28.936064047321487 231.7781923347507 1019 1025 -1
1023 -48.96547744192633 -10.08242084164588 237.22951631460475 1020 1026 -1
1024 -49.79125439689295 -33.94905576256745 194.26275777087852 1021 1027 -1
1025 -23.283832114489112 -28.979414833790557 231.94219947580842 1022 1028 -1
1026 -49.058656714685995 -9.996089978166497 237.3929202931576 1023 1029 -1
1027 -49.8305618808935 -33.974146918905525 194.08145386316536 1024 1030 -1
1028 -23.155647547929743 -29.021334685895706 232.1047498182827 1025 1031 -1
1029 -49.151848432423996 -9.910242883341962 237.5565718587852 1026 1032 -1
1030 -49.869206784383266 -33.998062445668104 193.89984891273193 1027 1033 -1
1031 -23.025194674146377 -29.06171610993102 232.26587884289424 1028 1034 -1
1032 -49.245018346623034 -9.824874235691722 237.72048590790726 1029 1035 -1
1033 -49.90713765768818 -34.020778662447114 193.71793972984275 1030 1036 -1
1034 -22.892511476291826 -29.100419597799817 232.42559222330857 1031 1037 -1
1035 -49.3381318611579 -9.739980888791097 237.88467862020747 1032 1038 -1
1036 -49.94430098293266 -34.04226961771496 193.53572352862255 1033 1039 -1
1037 -22.757675081146232 -29.137334611824798 232.58391966532204 1034 1040 -1
1038 -49.431154351706674 -9.655557681670661 238.04916506646595 1035 1041 -1
1039 -49.98064275853275 -34.06250980216046 193.35319869706066 1036 1042 -1
1040 -22.62072686396493 -29.172319786507337 232.7408666122124 1037 1043 -1
1041 -49.524050463934486 -9.571601783919764 238.21396182305995 1038 1044 -1
1042 -50.01610900550852 -34.08147466239647 193.17036498083593 1039 1045 -1
1043 -22.481738721623543 -29.205260368718754 232.8964568557112 1040 1046 -1
1044 -49.61678492484278 -9.48810869712246 238.3790844257787 1041 1047 -1
1045 -50.05064367216118 -34.09913752341919 192.9872228121393 1042 1048 -1
1046 -22.340755222281427 -29.236011897466785 233.05069389671223 1043 1049 -1
1047 -49.709321638984335 -9.405075425411242 238.54454946825632 1044 1050 -1
1048 -50.084189548775754 -34.11547109349803 192.80377377746314 1045 1051 -1
1049 -22.197846607289893 -29.26445589735026 233.20359620957052 1046 1052 -1
1050 -49.80162415419022 -9.322498686599578 238.71037339135265 1047 1053 -1
1051 -50.116688257418204 -34.130447486603224 192.62002071751866 1048 1054 -1
1052 -22.05305979417622 -29.290442070145613 233.35516300959105 1049 1055 -1
1053 -49.89365592131316 -9.24037479168887 238.87657225742242 1050 1056 -1
1054 -50.14807973611699 -34.14403762921743 192.4359677028632 1051 1057 -1
1055 -21.906467693135763 -29.31385090767093 233.505408661395 1052 1058 -1
1056 -49.985378465685415 -9.158702279128592 239.04316402172407 1053 1059 -1
1057 -50.17830366206493 -34.15621305548667 192.2516205222507 1054 1060 -1
1058 -21.758118465531307 -29.33452168384798 233.6543251929658 1055 1061 -1
1059 -50.076754724173185 -9.077476974189537 239.21016421987503 1056 1062 -1
1060 -50.20729853947503 -34.16694472215903 192.06698651279277 1057 1063 -1
1061 -21.608092364662173 -29.352339199320358 233.80192459826569 1058 1064 -1
1062 -50.1677450053339 -8.996697552463326 239.37759088269289 1059 1065 -1
1063 -50.23500141603454 -34.17620273155122 191.88207462067516 1060 1066 -1
1064 -21.456437854441386 -29.367125650372593 233.94818830793085 1061 1067 -1
1065 -50.25830971118338 -8.916361751023647 239.5454611370304 1062 1068 -1
1066 -50.26134824825729 -34.18395680136317 191.69689561188198 1063 1069 -1
1067 -21.30324708227564 -29.37877847286125 234.09312819020454 1064 1070 -1
1068 -50.34840907951218 -8.83646704594439 239.71379165949256 1065 1071 -1
1069 -50.28627394953179 -34.1901763303587 191.51146219630527 1066 1072 -1
1070 -21.14856850611442 -29.387094058574498 234.23671119055533 1067 1073 -1
1071 -50.438001027261784 -8.757012537851763 239.88260067760527 1068 1074 -1
1072 -50.309712219393326 -34.19483023468328 191.3257891204435 1069 1075 -1
1073 -20.99250792929153 -29.39198814839939 234.37894962436653 1070 1076 -1
1074 -50.527042977545996 -8.677997063135065 240.05190602482082 1071 1077 -1
1075 -50.3315950922126 -34.19788653047284 191.13989324855157 1072 1078 -1
1076 -20.83512094487393 -29.393238121070482 234.51979822899264 1073 1079 -1
1077 -50.61549246132535 -8.59941893916635 240.22172467981943 1074 1080 -1
1078 -50.351855529263936 -34.19931496323519 190.95379402646654 1075 1081 -1
1079 -20.67651932647174 -29.390758702236493 234.6592607597442 1076 1082 -1
1080 -50.70330502531664 -8.521277541026711 240.39207454898178 1077 1083 -1
1081 -50.37042500947046 -34.1990845005574 190.76751322513664 1078 1084 -1
1082 -20.5167820672181 -29.38435147378126 234.79729451915887 1079 1085 -1
1083 -50.790435461160094 -8.443572765741497 240.56297350182808 1080 1086 -1
1084 -50.38723443842437 -34.19716427162718 190.5810751877875 1081 1087 -1
1085 -20.35601705625399 -29.37389019691201 234.9338792151371 1082 1088 -1
1086 -50.87687544534025 -8.366312531714893 240.73442374849463 1083 1089 -1
1087 -50.40221429511612 -34.19352369576802 190.39450694586665 1084 1090 -1
1088 -20.194330995239554 -29.359227879034034 235.06898216825192 1085 1091 -1
1089 -50.96268114390214 -8.28951520159294 240.90639979436264 1086 1092 -1
1090 -50.41529364516028 -34.18813157967545 190.2078382877448 1087 1093 -1
1091 -20.031832423664596 -29.34018546656571 235.20255471316554 1088 1094 -1
1092 -51.0479148109322 -8.21320065268748 241.07887450615243 1089 1095 -1
1093 -50.42640072183651 -34.180956713038846 190.0211019694445 1090 1096 -1
1094 -19.868652349762623 -29.31668031548182 235.33457649580694 1091 1097 -1
1095 -51.132640366856975 -8.13738848021365 241.25182049557216 1092 1098 -1
1096 -50.43546827934304 -34.17197256746067 189.83433386235214 1093 1099 -1
1097 -19.704908704252176 -29.288488357691808 235.46497247515785 1094 1100 -1
1098 -51.21692327223957 -8.06209799175861 241.42521011509302 1095 1101 -1
1099 -50.44242696464622 -34.16115125220059 189.64757276298278 1096 1102 -1
1100 -19.540747472774797 -29.255557894339912 235.593721629088 1097 1103 -1
1101 -51.3008303978857 -7.9873482036925685 241.59901544870849 1098 1104 -1
1102 -50.447203935195404 -34.148462519958045 189.46086074762837 1099 1105 -1
1103 -19.376308641642865 -29.21772037763595 235.72075635888635 1100 1106 -1
1104 -51.38442989145878 -7.913157839216292 241.77320829804594 1101 1107 -1
1105 -50.44973348223731 -34.133882810142616 189.2742429720895 1102 1108 -1
1106 -19.211745134489984 -29.17486673654485 235.84602347980558 1103 1109 -1
1107 -51.46779104075554 -7.8395453277255935 241.94776016426124 1104 1110 -1
1108 -50.44995039600676 -34.11738937481234 189.0877676408704 1105 1111 -1
1109 -19.047214700029347 -29.126924157666007 235.9694766194218 1106 1112 -1
1110 -51.55098413375226 -7.766528805161538 242.12264222620144 1107 1113 -1
1111 -50.44778445078909 -34.0989558696432 188.90148664106758 1108 1114 -1
1112 -18.88288484493078 -29.07373024668924 236.0910307124807 1109 1115 -1
1113 -51.63408031549416 -7.694126115008055 242.29782531537606 1110 1116 -1
1114 -50.44317539723481 -34.078564544365136 188.71545436637953 1111 1117 -1
1115 -18.718920855644114 -29.01529896668683 236.2106585142046 1112 1118 -1
1116 -51.71715144186955 -7.622354809596239 242.4732798883279 1113 1119 -1
1117 -50.436063730889956 -34.0561985144656 188.5297281834267 1114 1120 -1
1118 -18.555504165697897 -28.951481640007877 236.3282661132375 1115 1121 -1
1119 -51.80026993028954 -7.551232151372644 242.64897599704028 1116 1122 -1
1120 -50.42638349276965 -34.031836280304574 188.34436968989473 1117 1123 -1
1121 -18.392754976745415 -28.88258533309102 236.4439187183751 1118 1124 -1
1122 -51.88350860727878 -7.480775113794364 242.8248832580622 1119 1125 -1
1123 -50.414086230052924 -34.00547025190458 188.15944114564923 1120 1126 -1
1124 -18.23075753304724 -28.808971225590227 236.5577068864232 1121 1127 -1
1125 -51.966940552981235 -7.4110003815184475 243.00097082107166 1122 1128 -1
1126 -50.399117460195995 -33.9770883634406 187.97500867823888 1123 1129 -1
1127 -18.069550146688265 -28.73112765222191 236.6697909395904 1124 1130 -1
1128 -52.05063894258999 -7.341924349564736 243.17720733763397 1125 1131 -1
1129 -50.38142520878237 -33.94668076387553 187.79114116917947 1126 1132 -1
1130 -17.909169318019234 -28.64941817719694 236.78029960779966 1127 1133 -1
1131 -52.13467688472951 -7.273563121143882 243.35356093094143 1128 1134 -1
1132 -50.360970252417694 -33.91424720019053 187.6079076395487 1129 1135 -1
1133 -17.749610179675535 -28.564295853456297 236.88941405564304 1130 1136 -1
1134 -52.21912725684665 -7.2059325038601845 243.52999916734868 1131 1137 -1
1135 -50.33770957441168 -33.87978468685049 187.42538059076898 1132 1138 -1
1136 -17.59087961493038 -28.47608300951807 236.99727619342454 1133 1139 -1
1137 -52.30406253771001 -7.139048004017742 243.70648903053544 1134 1140 -1
1138 -50.311606148026186 -33.84329470154473 187.2436337553051 1135 1141 -1
1139 -17.432940355382982 -28.385201048710577 237.10407967244592 1136 1142 -1
1140 -52.38955504704706 -7.072925325624895 243.88299688870268 1137 1143 -1
1141 -50.28263382608881 -33.80478641833888 187.06274011062138 1138 1144 -1
1142 -17.27577274799005 -28.291956936481625 237.2099823635868 1139 1145 -1
1143 -52.47567572880433 -7.007578965785714 244.05948845581182 1140 1146 -1
1144 -50.25076729243879 -33.76426944690498 186.88277432300845 1141 1147 -1
1145 -17.119329178733757 -28.19670487848685 237.31516833493978 1142 1148 -1
1146 -52.56249472258126 -6.9430233306426095 244.235928851326 1143 1149 -1
1147 -50.21598268202996 -33.72175435399686 186.70381267593706 1144 1150 -1
1148 -16.963560739489843 -28.099765864955465 237.41981431305098 1145 1151 -1
1149 -52.650081159155015 -6.8792726008571945 244.41228255753495 1146 1152 -1
1150 -50.17826959480048 -33.677260743828946 186.52592846299078 1147 1153 -1
1151 -16.808425557694292 -28.001422960914965 237.52409087163517 1148 1154 -1
1152 -52.7385028919697 -6.81634058991292 244.58851341687074 1149 1155 -1
1153 -50.13762081749069 -33.63081003614185 186.34919491992673 1150 1156 -1
1154 -16.65385774823375 -27.901993865682062 237.62818005670235 1151 1157 -1
1155 -52.827826318125084 -6.754240722948201 244.76458463976383 1152 1158 -1
1156 -50.094034035655625 -33.58242658054193 186.1736843405415 1153 1159 -1
1157 -16.499801897292922 -27.801758020454884 237.7322546963117 1154 1160 -1
1158 -52.918116199253134 -6.692986012691995 244.9404588208519 1155 1161 -1
1159 -50.047512905757294 -33.53213827104895 185.9994672389767 1156 1162 -1
1160 -16.34620529118463 -27.70098751441383 237.8364918008558 1157 1163 -1
1161 -53.0094354830691 -6.632589032531631 245.1160979642051 1158 1164 -1
1162 -49.99806705499138 -33.47997642745072 185.826611868164 1159 1165 -1
1163 -16.19300250574234 -27.59996321795225 237.94106229642202 1160 1166 -1
1164 -53.1018451264949 -6.573061886795167 245.29146351815203 1161 1167 -1
1165 -49.94571202706666 -33.425975642379676 185.65518375117946 1162 1168 -1
1166 -16.040136646186983 -27.49895081551735 238.04613609778573 1163 1169 -1
1167 -53.19540392136041 -6.514416178386099 245.46651642019864 1164 1170 -1
1168 -49.89046917394149 -33.37017359585347 185.48524523302805 1165 1171 -1
1169 -15.887555631944748 -27.398221790429822 238.15189358881463 1166 1172 -1
1170 -53.29016832379148 -6.456662973965091 245.64121715242248 1167 1173 -1
1171 -49.83236549463675 -33.31261083972893 185.316855060105 1168 1174 -1
1172 -15.735202445912508 -27.298041249951005 238.25849687941783 1169 1175 -1
1173 -53.38619228848888 -6.399812766931393 245.81552580760075 1170 1176 -1
1174 -49.77143072319739 -33.25332893785702 185.150069595038 1171 1177 -1
1175 -15.583027083080989 -27.19867395387505 238.36611021751438 1172 1178 -1
1176 -53.48352710918535 -6.343875438514795 245.98940216619144 1173 1179 -1
1177 -49.7076992334647 -33.19237159131155 184.9849414917632 1174 1180 -1
1178 -15.430984933218548 -27.100397492859987 238.4749066962485 1175 1181 -1
1179 -53.58222126663668 -6.288860217345376 246.16280578413375 1176 1182 -1
1180 -49.64121757981149 -33.1297889426629 184.82151440451793 1177 1183 -1
1181 -15.279035198084141 -27.003492460468554 238.58505355818838 1178 1184 -1
1182 -53.68232028555209 -6.234775637923478 246.3356960912702 1179 1185 -1
1183 -49.572022868760676 -33.065624747256955 184.6598360752035 1180 1186 -1
1184 -15.127142744539645 -26.908226818848668 238.69669872872274 1181 1187 -1
1185 -53.78386879422045 -6.181630892236109 246.50803162291226 1182 1188 -1
1186 -49.5 -33.0 184.5 1183 -1 -1
1187 -14.975280580895369 -26.814884673162958 238.8099971278216 1184 1189 -1
1188 -53.88690499072072 -6.129432284453103 246.67977220724765 1185 1190 -1
1189 -14.823429764746479 -26.723796128098098 238.92512939717207 1187 1191 -1
1190 -53.99146441377818 -6.0781857605296645 246.85087768607508 1188 1192 -1
1191 -14.671580463074342 -26.6352286824392 239.04221309021074 1189 1193 -1
1192 -54.09757963673414 -6.027896694875678 247.0213080884274 1190 1194 -1
1193 -14.51973364117461 -26.549488058530784 239.16138487062116 1191 1195 -1
1194 -54.20528306697165 -5.978571553545591 247.19102238760294 1192 1196 -1
1195 -14.367902219950878 -26.4669256916403 239.28279857651495 1193 1197 -1
1196 -54.31460013182604 -5.930213743982743 247.3599816361301 1194 1198 -1
1197 -14.216112160226292 -26.387849742190973 239.40656076729147 1195 1199 -1
1198 -54.4255506554533 -5.882824543259032 247.52814870380786 1196 1200 -1
1199 -14.064403015097191 -26.31256816038118 239.5327632677571 1197 1201 -1
1200 -54.538160823215605 -5.836410092077583 247.69548237056466 1198 1202 -1
1201 -13.912830547992181 -26.241439264402235 239.66151225574964 1199 1203 -1
1202 -54.65243945906398 -5.790967429877034 247.861949347528 1200 1204 -1
1203 -13.761446597574636 -26.174725341162453 239.79282064849772 1201 1205 -1
1204 -54.76840641090194 -5.746501070778596 248.027509901256 1202 1206 -1
1205 -13.610259737790443 -26.11242798108802 239.9265043455208 1203 1207 -1
1206 -54.88606458062782 -5.703006719347527 248.19213273216795 1204 1208 -1
1207 -13.45927066610836 -26.054565942092722 240.06238746835047 1205 1209 -1
1208 -55.00542618355953 -5.660486386755135 248.3557808418129 1206 1210 -1
1209 -13.308478943662305 -26.00120576935485 240.20031692507618 1207 1211 -1
1210 -55.1264916320251 -5.618936211953926 248.51842341111058 1208 1212 -1
1211 -13.157875925083507 -25.95229230291505 240.34008861797255 1209 1213 -1
1212 -55.24926015475085 -5.578352515493754 248.68003007520457 1210 1214 -1
1213 -13.007453356501644 -25.907834584877275 240.481533320639 1211 1215 -1
1214 -55.37372975560942 -5.538731705699591 248.84057094711468 1212 1216 -1
1215 -12.85720258498252 -25.867891495650703 240.62449962194475 1213 1217 -1
1216 -55.5 -5.5 249.0 1214 1218 1219
1217 -12.707110008180068 -25.832444538549243 240.7688110632501 1215 1220 -1
1218 -55.37552889378784 -5.549267628606794 249.16090054480756 1216 1221 -1
1219 -55.54182834500862 -5.319516534951605 249.09298095920659 1216 1222 -1
1220 -12.557161007088744 -25.801483573794737 240.91429919132744 1217 1223 -1
1221 -55.253211808341845 -5.600601739091519 249.32284049987203 1218 1224 -1
1222 -55.584321052157684 -5.1390620075938696 249.1855153402564 1219 1225 -1
1223 -12.407340952513149 -25.775036694993613 241.06080755570866 1220 1226 -1
1224 -55.13324744497085 -5.654016463710346 249.48586371252463 1221 1227 -1
1225 -55.62756349544018 -4.958580624280399 249.27764917847412 1222 1228 -1
1226 -12.257634574678148 -25.753156834366614 241.2081827651201 1223 1229 -1
1227 -55.01575156137925 -5.709551288645766 249.64997250367867 1224 1230 -1
1228 -55.671535180827796 -4.778086630648251 249.36941244078932 1225 1231 -1
1229 -12.10802373399489 -25.73580498642526 241.35625575415833 1226 1232 -1
1230 -54.90084400216195 -5.767243911144888 249.81516585472923 1227 1233 -1
1231 -55.71621753178722 -4.597593550307539 249.46083358981465 1228 1234 -1
1232 -11.958491503297722 -25.72299857618744 241.50487031199546 1229 1235 -1
1233 -54.788642741895195 -5.827125333873984 249.98143685901178 1230 1236 -1
1234 -55.761591287706004 -4.417114237126318 249.55194085796165 1231 1237 -1
1235 -11.809021416243572 -25.7148095879098 241.6538730981981 1232 1238 -1
1236 -54.67927666332908 -5.8892301579959145 250.1487776751067 1233 1239 -1
1237 -55.807639813085274 -4.236660975973677 249.64276074321072 1234 1240 -1
1238 -11.659595960949503 -25.71122695786899 241.8031021237545 1235 1241 -1
1239 -54.572883449406376 -5.953593953619964 250.3171777945624 1236 1242 -1
1240 -55.854345854043885 -4.0562454570453275 249.7333194900797 1237 1243 -1
1241 -11.510198636753605 -25.712254716981384 241.95239870565172 1238 1244 -1
1242 -54.46959314606881 -6.020240825195535 250.48661812411885 1239 1245 -1
1243 -55.901693532401595 -3.8758788841771765 249.82364224271024 1240 1246 -1
1244 -11.360813988341222 -25.717939624267036 242.10160342496835 1241 1247 -1
1245 -54.369548658770576 -6.089198696742433 250.65707793206744 1242 1248 -1
1246 -55.949667701210956 -3.6955720079099907 249.91375336698167 1243 1249 -1
1247 -11.211427385174819 -25.728341412874098 242.25055149523428 1244 1250 -1
1248 -54.27289624313999 -6.160491719047793 250.82853102780768 1245 1251 -1
1249 -55.998253836892 -3.515335158502146 250.0036765165367 1246 1252 -1
1250 -11.06202577229652 -25.74343590657513 242.39908191717126 1247 1253 -1
1251 -54.17978498955013 -6.234139789088954 251.0009453900155 1248 1254 -1
1252 -56.04743800859387 -3.3351782793672995 250.09343466540417 1249 1255 -1
1253 -10.912597928372188 -25.76325313067805 242.54703003190835 1250 1256 -1
1254 -54.090366216508144 -6.310158058699479 251.17428281923014 1251 1257 -1
1255 -56.09720684915548 -3.155110958208316 250.18305013940773 1252 1258 -1
1256 -10.763133976161663 -25.787900038020794 242.694213782173 1253 1259 -1
1257 -54.004792769954186 -6.388556439422788 251.3484986246343 1254 1260 -1
1258 -56.14754754889373 -2.975142460136549 250.27254464259065 1255 1261 -1
1259 -10.613627542158307 -25.81733807075637 242.84047057544498 1256 1262 -1
1260 -53.92321951644657 -6.469339851430051 251.52354159428398 1257 1263 -1
1261 -56.1984484441403 -2.795281887948762 250.36193920153158 1258 1264 -1
1262 -10.46407458961536 -25.851595528690112 242.98562627291884 1259 1265 -1
1263 -53.8458146527762 -6.5525143448031296 251.6993556494815 1260 1266 -1
1264 -56.24989714093853 -2.6155378403340346 250.4512545066622 1261 1267 -1
1265 -10.314473501116941 -25.890767493826363 243.12948334291917 1262 1268 -1
1266 -53.772718447762465 -6.6380638292895675 251.87587251810234 1263 1269 -1
1267 -56.301882793441564 -2.4359188958484252 250.54051055707635 1264 1270 -1
1268 -10.16482719592698 -25.934844250955898 243.27186607006442 1265 1271 -1
1269 -53.704095610774154 -6.725979726187747 252.05302097664205 1266 1272 -1
1270 -56.354394443272874 -2.2564332979657693 250.62972694282746 1267 1273 -1
1271 -10.015142179423394 -25.983834461654467 243.41259256696586 1268 1274 -1
1272 -53.64009204392291 -6.816237271025257 252.23071988521883 1269 1275 -1
1273 -56.40742199782348 -2.0770892133748573 250.71892276792278 1270 1276 -1
1274 -9.865428710949441 -26.03782525188111 243.55144645629304 1271 1277 -1
1275 -53.580862573104014 -6.908810266351864 252.40888213618817 1272 1278 -1
1276 -56.46095512336091 -1.8978944559751876 250.80811672213696 1273 1279 -1
1277 -9.715702339562322 -26.096810537021884 243.68823865095112 1274 1280 -1
1278 -53.52653719222985 -7.003655075311566 252.58741172113497 1275 1281 -1
1279 -56.51498460205479 -1.7188569025456628 250.89732708343988 1276 1282 -1
1280 -9.56598321795303 -26.16078205989957 243.82277914289938 1277 1283 -1
1281 -53.47726516150547 -7.100731567356834 252.76620754290633 1278 1284 -1
1282 -56.56950122740691 -1.5399841986595593 250.9865717606491 1279 1285 -1
1283 -9.416297296430885 -26.22981863983986 243.95482955941844 1280 1286 -1
1284 -53.43316396796969 -7.199980381607573 252.94516052410796 1281 1287 -1
1285 -56.624495957737544 -1.3612838035175603 251.07586827635672 1282 1288 -1
1286 -9.266675808381052 -26.303893423823922 244.08419483582543 1283 1289 -1
1287 -53.39434589751555 -7.301336009295823 253.1241564187195 1284 1290 -1
1288 -56.67996030748924 -1.1827631507905014 251.1652338289397 1285 1291 -1
1289 -9.117155227728398 -26.38298102595133 244.2106770877018 1286 1292 -1
1290 -53.360915074298156 -7.404725828432954 253.30307604922996 1287 1293 -1
1291 -56.73588608062201 -1.0044295820360007 251.25468530095716 1288 1294 -1
1292 -8.96778077996468 -26.467144001379538 244.33401723256813 1289 1295 -1
1293 -53.332952621851895 -7.51007002081808 253.48179379805876 1290 1296 -1
1294 -56.792265357467286 -0.8262903595915196 251.34423927539018 1291 1297 -1
1295 -8.818602098191727 -26.556272420713746 244.45406187559766 1292 1298 -1
1296 -53.31036158435677 -7.617268475553084 253.66016875077472 1293 1299 -1
1297 -56.849090482165366 -0.6483526788593889 251.43391205129166 1294 1300 -1
1298 -8.669672277800816 -26.650126510794 244.57076867865598 1295 1301 -1
1299 -53.292947969443254 -7.726217098908988 253.8380637328129 1296 1302 -1
1300 -56.90635405065392 -0.4706236800325293 251.523719658869 1297 1303 -1
1301 -8.52104049241769 -26.748510248525164 244.68407629766767 1298 1304 -1
1302 -53.28050240405661 -7.836815983151362 254.0153568623571 1299 1305 -1
1303 -56.964048899177016 -0.29311045930561536 251.61367787401934 1300 1306 -1
1304 -8.372738378276335 -26.85112364858168 244.79401465605488 1301 1307 -1
1305 -53.27280105937065 -7.948969478216022 254.19194212946368 1302 1308 -1
1306 -57.02216809328548 -0.11582007961464796 251.70380223234 1303 1309 -1
1307 -8.224788173974535 -26.957699814755095 244.90060712579015 1304 1310 -1
1308 -53.26961205118723 -8.062588094385431 254.36772872123547 1305 1311 -1
1309 -57.08070511135886 0.06124030718268171 251.79410813549148 1306 1312 -1
1310 -8.077206893043419 -27.06802404505753 245.00384596964352 1307 1313 -1
1311 -53.270696369342055 -8.177588462747686 254.5426406976354 1308 1314 -1
1312 -57.139653498086474 0.23806362734600953 251.88461073178755 1309 1315 -1
1313 -7.929998748753683 -27.181846550439918 245.1037671345608 1310 1316 -1
1314 -53.27579992046143 -8.293890316450863 254.71661899972466 1311 1317 -1
1315 -57.1990067524519 0.41464295854137145 251.97532483939833 1312 1318 -1
1316 -7.783157407048029 -27.298908814147822 245.2004325503681 1313 1319 -1
1317 -53.284672847070404 -8.411422128855303 254.8896170740556 1314 1320 -1
1318 -57.25875881372621 0.5909712283970274 252.0662652067558 1315 1321 -1
1319 -7.636671763537703 -27.418987135037632 245.2938860070028 1316 1322 -1
1320 -53.297069724395946 -8.53012060060303 255.06159947608077 1317 1323 -1
1321 -57.31890422008764 0.7670410561659611 252.15744669227945 1318 1324 -1
1322 -7.490527194342548 -27.541892613869138 245.38414431988457 1319 1325 -1
1323 -53.31274349229884 -8.649928079011334 255.2325427197345 1320 1326 -1
1324 -57.379436701746414 0.9428456822883879 252.24888338583636 1321 1327 -1
1325 -7.344696566756969 -27.667392590744818 245.47128666680064 1322 1328 -1
1326 -53.33144189919153 -8.77079047945683 255.40243642615158 1323 1329 -1
1327 -57.440351082824314 1.1183776811240673 252.34058982947568 1324 1330 -1
1328 -7.199149381748409 -27.795280590130073 245.55537807314997 1325 1331 -1
1329 -53.352930613982366 -8.892664719666223 255.5712743682508 1326 1332 -1
1330 -57.50164177693191 1.2936299726432126 252.4325800499557 1327 1333 -1
1331 -7.053851314270842 -27.925366516184205 245.63647646516438 1328 1334 -1
1332 -53.376969347051805 -9.015509719289655 255.7390620151456 1329 1335 -1
1333 -57.56330361216075 1.4685952301853862 252.5248681399127 1330 1336 -1
1334 -6.9087637802947715 -28.057468372123303 245.71464104865848 1331 1337 -1
1335 -53.40332654271497 -9.139290949987068 255.9058104902224 1332 1338 -1
1336 -57.62533142734448 1.643266161244674 252.61746797809755 1333 1339 -1
1337 -6.763845525759568 -28.191426819150106 245.78990673114765 1334 1340 -1
1338 -53.43177877776209 -9.263980029757299 256.0715353765463 1335 1341 -1
1339 -57.68772035014271 1.8176352735373784 252.71039347615738 1336 1342 -1
1340 -6.6190489667923496 -28.327057851524682 245.86235871061913 1337 1343 -1
1341 -53.46210350058637 -9.389551011355449 256.2362595391799 1338 1344 -1
1342 -57.75046525872422 1.9916953190558502 252.80365809643584 1339 1345 -1
1343 -6.474325372655886 -28.46420074426923 245.93205848483592 1340 1346 -1
1344 -53.49408739143234 -9.5159836689444 256.400008100296 1341 1347 -1
1345 -57.8135618861864 2.1654383109443054 252.89727593568938 1342 1348 -1
1346 -6.329623564382558 -28.602702779378767 245.9990643173471 1343 1349 -1
1347 -53.52752258413885 -9.64326165848323 256.5628093150548 1344 1350 -1
1348 -57.87700511156924 2.3388570408721936 252.99126003888895 1345 1351 -1
1349 -6.184890066393321 -28.742417259414303 246.0634332181629 1346 1352 -1
1350 -53.56220272850277 -9.771369438896668 256.7246968330905 1347 1353 -1
1351 -57.94079064713756 2.511943535981057 253.0856241216297 1348 1354 -1
1352 -6.040069350739113 -28.88320298795633 246.1252206590975 1349 1355 -1
1353 -53.59793317285892 -9.900299101667951 256.8857011917336 1350 1356 -1
1354 -58.00491415953455 2.6846898330272064 253.1803817087457 1351 1357 -1
1355 -5.895104041695383 -29.024923735726315 246.18448034202763 1352 1358 -1
1356 -53.63451767759011 -10.030040715146814 257.0458593805501 1353 1359 -1
1357 -58.06937104958614 2.8570882267274005 253.27554583162862 1354 1360 -1
1358 -5.749934657445667 -29.167448789634918 246.2412600897765 1355 1361 -1
1359 -53.67176677645074 -10.16058798566044 257.20520774024465 1356 1362 -1
1360 -58.1341571333419 3.029130562012351 253.3711298487556 1357 1363 -1
1361 -5.604499531964253 -29.310650951199595 246.29560409388236 1358 1364 -1
1362 -53.70949581677866 -10.29193799022719 257.3637817043139 1359 1365 -1
1363 -58.19926853887324 3.2008082770374955 253.46714740906813 1360 1366 -1
1364 -5.458737528964614 -29.454402353854228 246.34757024340345 1361 1367 -1
1365 -53.7475225517557 -10.424088779109438 257.5216175556606 1362 1368 -1
1366 -58.26470083768681 3.3721133845407723 253.56361127679213 1363 1369 -1
1367 -5.312585268666087 -29.598581316653558 246.39720346978623 1364 1370 -1
1368 -53.78566777123575 -10.557037737884105 257.67875298458154 1365 1371 -1
1369 -58.33045001633581 3.543037379007602 253.66053462617282 1366 1372 -1
1370 -5.165978073160772 -29.74306834782297 246.44454635675032 1367 1373 -1
1371 -53.823801462447165 -10.690779074762538 257.8352173801318 1368 1374 -1
1372 -58.39651212056032 3.713571609593974 253.75793059854138 1369 1375 -1
1373 -5.018850012271446 -29.88774559703691 246.48963910315845 1370 1376 -1
1374 -53.86188919210193 -10.825296228643708 257.991026543829 1371 1377 -1
1375 -58.46288346682889 3.883706984336633 253.8558126607343 1372 1378 -1
1376 -4.871133936804784 -30.03249630772383 246.53251950283976 1373 1379 -1
1377 -53.89990870329716 -10.96057212711761 258.14619415547884 1374 1380 -1
1378 -58.529560008459924 4.053434781864627 253.9541936104602 1375 1381 -1
1379 -4.722761502922728 -30.17720426845626 246.57322293859394 1376 1382 -1
1380 -53.93783800911579 -11.096589919000039 258.30073402291345 1377 1383 -1
1381 -58.59653789697099 4.222745930978886 254.05308644773697 1378 1384 -1
1382 -4.57366319140708 -30.32175326216734 246.61178238808617 1379 1385 -1
1383 -53.97565558378414 -11.233332030223131 258.4546608588394 1380 1386 -1
1384 -58.66381336701773 4.39163113169784 254.15250422538352 1381 1387 -1
1385 -4.423768325697187 -30.466026511722962 246.64822843979664 1382 1388 -1
1386 -54.01334008854702 -11.370782203594462 258.6079885311391 1383 1389 -1
1387 -58.73138268783567 4.560080904889009 254.25245998377864 1384 1390 -1
1388 -4.273005092744105 -30.609906120268683 246.68258931761213 1385 1391 -1
1389 -54.05087044119922 -11.508924570752312 258.7607308260417 1386 1392 -1
1390 -58.79924215844445 4.7280855854603345 254.352966754099 1387 1393 -1
1391 -4.121300210285248 -30.75327227909203 246.71489019018918 1388 1394 -1
1392 -54.08822580331477 -11.647743636810537 258.91290144045416 1389 1395 -1
1393 -58.86738821853933 4.895635125383559 254.45403779724015 1390 1396 -1
1394 -3.9685733181141702 -30.89599864013654 246.7451430354723 1391 1397 -1
1395 -54.1253855676102 -11.787224265174894 259.0645139750214 1392 1398 -1
1396 -58.93581712857045 5.062719589695501 254.55568598269022 1393 1399 -1
1397 -3.8147546433608803 -31.037963215964403 246.77338086227152 1394 1400 -1
1398 -54.16232934545878 -11.927351662541872 259.21558192786637 1395 1401 -1
1399 -59.004525204152735 5.229328785510781 254.65792424184988 1396 1402 -1
1400 -3.6597680624971725 -31.179037572111064 246.799622700274 1397 1403 -1
1401 -54.19903695456987 -12.068111364089821 259.36611868895875 1398 1404 -1
1402 -59.07350881698403 5.395452234190126 254.76076559661945 1399 1405 -1
1403 -3.503536612969255 -31.31908917665816 246.8238854505935 1400 1406 -1
1404 -54.2354884068463 -12.20948921886786 259.5161375350652 1401 1407 -1
1405 -59.142764344636085 5.561079236540493 254.86422307168814 1402 1408 -1
1406 -3.3459826370028503 -31.457980780685116 246.84618395438363 1403 1409 -1
1407 -54.27166389643125 -12.351471375388602 259.6656516252356 1404 1410 -1
1408 -59.212288165768996 5.726198865818285 254.96830969597949 1405 1411 -1
1409 -3.187027967763303 -31.59556978873749 246.86653107111886 1406 1412 -1
1410 -54.3075437879545 -12.494044267427057 259.81467399678286 1407 1413 -1
1411 -59.28207665532518 5.890799960702942 255.07303850377073 1408 1414 -1
1412 -3.026593935211287 -31.731707383615564 246.88493748246816 1409 1415 -1
1413 -54.34310860498689 -12.637194600026891 259.9632175617131 1410 1416 -1
1414 -59.352126179697436 6.054871118243772 255.17842253547656 1411 1417 -1
1415 -2.864584315153887 -31.86621910466542 246.90139143162708 1412 1418 -1
1416 -54.378339018710726 -12.780909335714115 260.11129510357006 1413 1419 -1
1417 -59.42243309186556 6.2184006867833 255.28447483808677 1414 1420 -1
1418 -2.700936104041038 -31.99895680872457 246.9159202470788 1415 1421 -1
1419 -54.41321583681327 -12.925175680916965 260.2589192746533 1416 1422 -1
1420 -59.49299372649643 6.381376758861895 255.39120846524594 1417 1423 -1
1421 -2.535571926618207 -32.12974942003617 246.9285298208223 1418 1424 -1
1422 -54.447719992609095 -13.06998107258904 260.4061025935771 1419 1425 -1
1423 -59.56380448410285 6.543786955040767 255.49863673282238 1420 1426 -1
1424 -2.3684158006348537 -32.25841728288535 246.93922468311956 1421 1427 -1
1425 -54.48183253439737 -13.215313165032557 260.5528574431356 1422 1428 -1
1426 -59.63486155834364 6.705619029284056 255.60677246684494 1423 1429 -1
1427 -2.199375823676247 -32.384748324186816 246.9479904851674 1424 1430 -1
1428 -54.51553461505859 -13.361159816916956 260.69919606844246 1425 1431 -1
1429 -59.706161196882604 6.866860268648234 255.71562873161696 1426 1432 -1
1430 -2.0283845485726775 -32.50854598375796 246.95483490420457 1427 1433 -1
1431 -54.5488074818959 -13.507509078488079 260.8451305753143 1428 1434 -1
1432 -59.77769961183363 7.027497669306095 255.82521860269273 1429 1435 -1
1433 -1.855385066815426 -32.629613742019096 246.95977041750407 1430 1436 -1
1434 -54.581632287270324 -13.654349363257811 260.99067278261526 1431 1437 -1
1435 -59.8494729717267 7.1875179359874055 255.93555515695584 1432 1438 -1
1436 -1.6803021624464223 -32.74771268982535 246.96278710703655 1433 1439 -1
1437 -54.61398996756275 -13.80166948564792 261.1358341867836 1434 1440 -1
1438 -59.92147739629817 7.346907474923702 256.04665147027055 1435 1441 -1
1439 -1.5030627865407327 -32.86258361773242 246.9638727037361 1436 1442 -1
1440 -54.64586251219438 -13.949457416149688 261.28062693205084 1437 1443 -1
1441 -59.99370895121777 7.505652386837101 256.15852061467695 1438 1444 -1
1442 -1.3236428209326363 -32.97401935677696 246.96305192935822 1439 1445 -1
1443 -54.677231444314266 -14.097701841028208 261.42506256034744 1440 1446 -1
1444 -60.066163642749565 7.663738459987476 256.27117565511423 1441 1447 -1
1445 -1.1419727183061896 -33.08171500669888 246.96030263816098 1442 1448 -1
1446 -54.70807833482055 -14.24639157699835 261.5691524686277 1443 1449 -1
1447 -60.138837412345445 7.8211511632930595 256.38462964565485 1444 1450 -1
1448 -0.9580312578906648 -33.18541396673075 246.9556366722136 1445 1451 -1
1449 -54.73838479374711 -14.395515559427311 261.7129079081656 1446 1452 -1
1450 -60.21172613116949 7.977875639542135 256.4988956252322 1447 1453 -1
1451 -0.7718054364202289 -33.28484358400944 246.94906369086848 1448 1454 -1
1452 -54.7681324619246 -14.545062830680136 261.8563399839244 1449 1455 -1
1453 -60.284825602136074 8.13389667230904 256.6139866436236 1450 1456 -1
1454 -0.5832664781738595 -33.379660297492165 246.94057061149738 1451 1457 -1
1455 -54.79730177973299 -14.695023352649883 261.9994590353387 1452 1458 -1
1456 -60.3581316238884 8.289198420659389 256.72991605479393 1453 1459 -1
1457 -0.3924594442221971 -33.46962733521908 246.93019495960598 1454 1460 -1
1458 -54.82587527682469 -14.845385665739045 262.14227639700766 1455 1461 -1
1459 -60.43163973132719 8.44376531291485 256.8466964643215 1456 1462 -1
1460 -0.19937682237966567 -33.554345643234846 246.91791865106393 1457 1463 -1
1461 -54.8538348486129 -14.996138907562182 262.2848028506824 1458 1464 -1
1462 -60.50534545819812 8.597581118808368 256.9643407996151 1459 1465 -1
1463 -0.004112168801401694 -33.63359684745459 246.90379532056758 1460 1466 -1
1464 -54.88116217807473 -15.147272429711055 262.4270489140353 1461 1467 -1
1465 -60.57924423946101 8.750629249975844 257.0828619433379 1462 1468 -1
1466 0.19326240276266565 -33.7070647116872 246.88784892935647 1463 1469 -1
1467 -54.90783894182961 -15.29877563449285 262.5690249554065 1464 1470 -1
1468 -60.65333140540453 8.902892754173472 257.2022727257022 1465 1471 -1
1469 0.3925336499390304 -33.77480606777919 246.870224256755 1466 1472 -1
1470 -54.933844923304235 -15.450638916146687 262.71074051130716 1467 1473 -1
1471 -60.72760217570022 9.054354309756247 257.32258591612947 1468 1474 -1
1472 0.5935382524440519 -33.8367528560566 246.85102891514018 1469 1475 -1
1473 -54.95916335402667 -15.602850825064705 262.8522063229806 1470 1476 -1
1474 -60.80205165340075 9.204996220450443 257.4438142142566 1471 1477 -1
1475 0.7960793317853713 -33.89297213304235 246.83040789060215 1472 1478 -1
1476 -54.98377597049507 -15.755400781772906 262.9934323559384 1473 1479 -1
1477 -60.876674892961326 9.354800034311541 257.56597065339065 1474 1480 -1
1478 0.9999881231366552 -33.94346607123332 246.80848797294254 1475 1481 -1
1479 -55.0076643590956 -15.908278278462566 263.13442837702286 1476 1482 -1
1480 -60.951466717120454 9.503747384643365 257.68906765191514 1477 1483 -1
1481 1.2050945553337136 -33.988270467007865 246.78540433138377 1478 1484 -1
1482 -55.030808421074234 -16.061473467413244 263.27520354370154 1479 1485 -1
1483 -61.0264217951779 9.651819644957941 257.81311739187475 1480 1486 -1
1484 1.4112305089635466 -34.02746221011224 246.7612980269421 1481 1487 -1
1485 -55.0531903446489 -16.21497544968219 263.41576758476003 1482 1488 -1
1486 -61.10153470200586 9.798997571423447 257.9381321921703 1483 1489 -1
1487 1.6182498297908472 -34.061033951294675 246.73629542307336 1484 1490 -1
1488 -55.07479238274939 -16.36877333506801 263.5561300407957 1485 1491 -1
1489 -61.17679986514256 9.945261525068359 258.0641242464179 1486 1492 -1
1490 1.8259917355104385 -34.089133544062115 246.7105450680433 1487 1493 -1
1491 -55.095595949028905 -16.522856536157786 263.6963000614254 1488 1494 -1
1492 -61.25221158904046 10.090591262635243 258.19110582629725 1489 1495 -1
1493 2.0343281824268447 -34.111709336754515 246.6841685378352 1490 1496 -1
1494 -55.11558018736261 -16.677215119543042 263.8362861764244 1491 1497 -1
1495 -61.3277640528268 10.234965837036633 258.3190893582071 1492 1498 -1
1496 2.243113397787718 -34.12894178222339 246.65731269189368 1493 1499 -1
1497 -55.13472775036803 -16.83183786577578 263.97609758015477 1494 1500 -1
1498 -61.40345110333589 10.378365047203228 258.4480858997814 1495 1501 -1
1499 2.452226433674068 -34.14081744567415 246.6301043554492 1496 1502 -1
1500 -55.15302056474364 -16.986713788398237 264.1157430984068 1497 1503 -1
1501 -61.47926651580992 10.52076764908343 258.578107004291 1498 1504 -1
1502 2.661542805835473 -34.14746145222494 246.6026799915772 1499 1505 -1
1503 -55.17043955883086 -17.141832120706948 264.2552311986444 1500 1506 -1
1504 -61.55520388732863 10.662151996568433 258.70916402543446 1501 1507 -1
1505 2.870948625778148 -34.148919069140796 246.5751700964246 1502 1508 -1
1506 -55.18696298808768 -17.29718262108849 264.3945697949834 1503 1509 -1
1507 -61.631256744541304 10.802494930764864 258.8412692069231 1504 1510 -1
1508 3.080333644311188 -34.1452626626233 246.5477062592424 1505 1511 -1
1509 -55.20257483379812 -17.45275345774825 264.533767594677 1506 1512 -1
1510 -61.70741819322262 10.941774951945817 258.9744324817417 1507 1513 -1
1511 3.289594001835745 -34.13658736194931 246.52041736225794 1508 1514 -1
1512 -55.21725608108021 -17.60853350733606 264.67283260719836 1509 1515 -1
1513 -61.783681251105236 11.079969281541066 259.1086644292098 1510 1516 -1
1514 3.4986273361455247 -34.12291628663465 246.49343551595283 1511 1517 -1
1515 -55.2309856181234 -17.764511921026546 264.81177242548955 1512 1518 -1
1516 -61.86003877305951 11.217054274228278 259.2439758138121 1513 1519 -1
1517 3.707341520420807 -34.1043867628157 246.4668836264208 1514 1520 -1
1518 -55.24374451459361 -17.920677198665757 264.95059480051737 1515 1521 -1
1519 -61.9364834131296 11.353005616560809 259.380377353809 1516 1522 -1
1520 3.9156363789367643 -34.080976085599396 246.44089952581282 1517 1523 -1
1521 -55.255515177043414 -18.077017498088573 265.08930743258105 1518 1524 -1
1522 -62.01300749026231 11.487800274266887 259.5178778606535 1519 1525 -1
1523 4.123430902123831 -34.05284613172915 246.4155985008564 1520 1526 -1
1524 -55.26627781613071 -18.233521245628175 265.22791758146144 1521 1527 -1
1525 -62.089603193553216 11.621413775412876 259.6564868385142 1522 1528 -1
1526 4.330624909049754 -34.01996684420067 246.3911109016043 1523 1529 -1
1527 -55.27600997778617 -18.390177028688672 265.3664321229179 1524 1530 -1
1528 -62.16626255463485 11.7538197865848 259.7962147957841 1525 1531 -1
1529 4.537132712327394 -33.98247962034552 246.3674622407995 1526 1532 -1
1530 -55.28469567886867 -18.54697231977833 265.5048583422437 1527 1533 -1
1531 -62.242977214048494 11.884994724764729 259.93706897646507 1528 1534 -1
1532 4.742848087153968 -33.940386733724935 246.34467035974268 1529 1535 -1
1533 -55.29231544967657 -18.703894975220567 265.6432029856095 1530 1536 -1
1534 -62.31973867996578 12.01491292557243 260.07905783609147 1531 1537 -1
1535 4.947682511615493 -33.89378435616396 246.3227353324205 1532 1538 -1
1536 -55.298846336949616 -18.860932985379502 265.7814723934479 1533 1539 -1
1537 -62.39653825122445 12.143546985074838 260.2221906249916 1534 1540 -1
1538 5.151540283626205 -33.842712903816064 246.30166726463972 1535 1541 -1
1539 -55.30427177623888 -19.018073556080584 265.91967304277256 1536 1542 -1
1540 -62.4733668923079 12.270872452336 260.3664732225422 1537 1543 -1
1541 5.354328700641191 -33.787222126204476 246.2814743550524 1538 1544 -1
1542 -55.308591472814456 -19.175304940918167 266.0578093844911 1539 1545 -1
1543 -62.550215394309035 12.396862101334687 260.5119132177549 1540 1546 -1
1544 5.555965205436091 -33.72739048905934 246.26215862722376 1541 1547 -1
1545 -55.311820486244876 -19.332616761885955 266.1958839518488 1542 1548 -1
1546 -62.62707428184554 12.52148853726995 260.65851755351963 1543 1549 -1
1547 5.756347178007922 -33.663219455082526 246.2437376596217 1544 1550 -1
1548 -55.313976813979075 -19.489998726498197 266.33389950017295 1545 1551 -1
1549 -62.703933827551204 12.644726115800871 260.8062909297075 1546 1552 -1
1550 5.955407485474682 -33.594824614728076 246.2262051173344 1547 1553 -1
1551 -55.31508086238599 -19.647440646068226 266.4718590959955 1548 1554 -1
1552 -62.780784050864746 12.766545706597892 260.95524019746523 1549 1555 -1
1553 6.153029701941938 -33.52216381985993 246.2095878800777 1550 1556 -1
1554 -55.315149788537546 -19.80493275818545 266.6097658095146 1551 1557 -1
1555 -62.85761473496705 12.886921092825707 261.10536900167574 1552 1558 -1
1556 6.349153781274376 -33.445360704929776 246.19387721147046 1553 1559 -1
1557 -55.314199608622005 -19.962465515078588 266.7476228448393 1554 1560 -1
1558 -62.934415407299305 13.005824339292678 261.25668163562585 1555 1561 -1
1559 6.543672033315017 -33.36440174509471 246.1790940843812 1556 1562 -1
1560 -55.31225174704655 -20.120029383894423 266.8854338376406 1557 1563 -1
1561 -63.01117531271788 13.123226510467722 261.4091823818614 1558 1564 -1
1562 6.736503367034109 -33.27934639984751 246.16524349056854 1559 1565 -1
1563 -55.30932417369883 -20.277615199895312 267.0232024159407 1560 1566 -1
1564 -63.08788353586189 13.23910138911367 261.5628726035857 1561 1567 -1
1565 6.927561937554314 -33.19023856818561 246.15233369419184 1562 1568 -1
1566 -55.305431471661294 -20.435214007293443 267.1609322491256 1563 1569 -1
1567 -63.16452876086847 13.353418324701726 261.7177563121945 1564 1570 -1
1568 7.116734884586273 -33.09706635301657 246.14038638417995 1565 1571 -1
1569 -55.30059570039399 -20.5928169531902 267.2986274651184 1566 1572 -1
1570 -63.24109961657603 13.466151309299603 261.87383316826174 1567 1573 -1
1571 7.303955227487041 -32.999916917021615 246.12939981058915 1568 1574 -1
1572 -55.294834990610795 -20.750415467353545 267.43629217507413 1569 1575 -1
1573 -63.3175843380259 13.57727074389383 262.03110477367585 1570 1576 -1
1574 7.489100571627036 -32.89876657711325 246.11939917228742 1571 1577 -1
1575 -55.288163906676566 -20.908001083783585 267.5739305521638 1572 1578 -1
1576 -63.39397099860713 13.686748615825746 262.1895707464983 1573 1579 -1
1577 7.672083137891593 -32.79366497827656 246.11039218848464 1574 1580 -1
1578 -55.28060390488727 -21.06556561452803 267.7115471181258 1575 1581 -1
1579 -63.47024747865562 13.79455734041716 262.34922963689775 1576 1582 -1
1580 7.852811685664637 -32.684654461401564 246.10238830301125 1577 1583 -1
1581 -55.27217331936409 -21.223101049049863 267.84914642710834 1578 1584 -1
1582 -63.5464012656896 13.90066699566691 262.51008086500235 1579 1585 -1
1583 8.031142055059842 -32.571694957231664 246.09541902860715 1580 1586 -1
1584 -55.262886997533464 -21.38059937756314 267.9867331315377 1581 1587 -1
1585 -63.62241993926526 14.005051898355369 262.6721201248032 1582 1588 -1
1586 8.206995696780643 -32.45486054646487 246.08948658686282 1583 1589 -1
1587 -55.25276566229231 -21.538053006514815 268.1243121098855 1584 1590 -1
1588 -63.69829046986378 14.107681406144678 262.83534575838183 1585 1591 -1
1589 8.38025842877753 -32.3341697441175 246.08460804444113 1586 1592 -1
1590 -55.24182775016754 -21.695454454545857 268.26188831194725 1587 1593 -1
1591 -63.774000055120766 14.208530131869045 262.99975179638136 1588 1594 -1
1592 8.550774117821087 -32.20959031606623 246.08081565616612 1589 1595 -1
1593 -55.23008815062237 -21.85279612156326 268.39946683239003 1590 1596 -1
1594 -63.84953541324285 14.307569506255067 263.16533367086345 1591 1597 -1
1595 8.718444469732269 -32.08118004860913 246.07811747328319 1592 1598 -1
1596 -55.21756724919021 -22.010070963890332 268.5370528784525 1593 1599 -1
1597 -63.92488317277487 14.404772248899743 263.3320852200036 1594 1600 -1
1598 8.883139932701358 -31.9489579535971 246.0765329788477 1595 1601 -1
1599 -55.20428333691138 -22.1672719807606 268.67465175178734 1596 1602 -1
1600 -64.0 14.5 263.5 1597 -1 -1
1601 9.044710846327467 -31.812926766399173 246.0760876157401 1598 1603 -1
1602 -55.19025116375165 -22.324391918698844 268.8122689652375 1599 1604 -1
1603 9.202993625199436 -31.67308484553856 246.07680983124288 1601 1605 -1
1604 -55.17549108945944 -22.48142426773931 268.9499100094822 1602 1606 -1
1605 9.357859182483564 -31.529479325351623 246.07871433588969 1603 1607 -1
1606 -55.16002106930839 -22.63836244246759 269.08758050745206 1604 1608 -1
1607 9.509145154315444 -31.38212842188779 246.08182602227558 1605 1609 -1
1608 -55.143855592706004 -22.795199461063934 269.22528637924637 1606 1610 -1
1609 9.65668107279586 -31.23105332493692 246.086170584579 1607 1611 -1
1610 -55.12701521450239 -22.95192935260244 269.3630333358293 1608 1612 -1
1611 9.800311101816284 -31.076300750282208 246.09179048455192 1609 1613 -1
1612 -55.1095171533393 -23.108545819076358 269.5008273269051 1610 1614 -1
1613 9.940003721956074 -30.918040426907993 246.09881065596105 1611 1615 -1
1614 -55.09137638613654 -23.26504221961111 269.6386746138294 1612 1616 -1
1615 10.075829606183769 -30.756523303905716 246.107366896861 1613 1617 -1
1616 -55.07261298199857 -23.421412990165464 269.7765811156583 1614 1618 -1
1617 10.207859602861712 -30.591984238450763 246.11759995178693 1615 1619 -1
1618 -55.053243506722865 -23.577652033353903 269.91455311759705 1616 1620 -1
1619 10.336185092036049 -30.424660384052345 246.12964782132227 1617 1621 -1
1620 -55.03328376005616 -23.73375312086963 270.0525971281316 1618 1622 -1
1621 10.460915980546263 -30.254789048994386 246.1436452138656 1619 1623 -1
1622 -55.012753024830886 -23.88971096457079 270.19071928765345 1620 1624 -1
1623 10.582178561887588 -30.082605918650373 246.1597231050533 1621 1625 -1
1624 -54.99166733008825 -24.04551959303113 270.32892622499554 1622 1626 -1
1625 10.700113320730807 -29.908343639677575 246.17800838925433 1623 1627 -1
1626 -54.970043284495056 -24.201173222974177 270.4672246052273 1624 1628 -1
1627 10.814872749377733 -29.73223074824475 246.19862360535004 1625 1629 -1
1628 -54.9478994032861 -24.356666750300757 270.605620799329 1626 1630 -1
1629 10.92661619994186 -29.554489413580708 246.221689450753 1627 1631 -1
1630 -54.92525124987159 -24.511994247171106 270.7441217968235 1628 1632 -1
1631 11.035506008182805 -29.37533485884887 246.24732803845848 1629 1633 -1
1632 -54.90211615658997 -24.66715039954066 270.8827343255718 1630 1634 -1
1633 11.141730062950078 -29.194986155818437 246.27563862249792 1631 1635 -1
1634 -54.878511935449175 -24.822130200030244 271.0214650023129 1632 1636 -1
1635 11.245469021174017 -29.013650556547613 246.30672476641755 1633 1637 -1
1636 -54.854453790853796 -24.97692769133481 271.16032119390144 1634 1638 -1
1637 11.346906274047747 -28.831529822770914 246.3406848015207 1635 1639 -1
1638 -54.82995963633796 -25.131538036735325 271.2993096023727 1636 1640 -1
1639 11.446226512275395 -28.64882041948544 246.37761163774726 1637 1641 -1
1640 -54.80504668271189 -25.28595624683571 271.43843710670757 1638 1642 -1
1641 11.543614437365004 -28.46571377649855 246.41759254696456 1639 1643 -1
1642 -54.779729907719464 -25.440176275050597 271.5777114616907 1640 1644 -1
1643 11.639240243016 -28.282396427915472 246.4607365112327 1641 1645 -1
1644 -54.75402762327909 -25.594193746217087 271.7171392699742 1642 1646 -1
1645 11.733299271765459 -28.09905432032804 246.50709872196398 1643 1647 -1
1646 -54.7279564524753 -25.74800355204091 271.8567277408924 1644 1648 -1
1647 11.82597172375129 -27.915866220685928 246.55674547435365 1645 1649 -1
1648 -54.701531644226456 -25.901599725720885 271.9964848482037 1646 1650 -1
1649 11.917432348108477 -27.733006809521026 246.60973896434936 1647 1651 -1
1650 -54.674771354352146 -26.054978094460726 272.13641721501824 1648 1652 -1
1651 12.007840847899502 -27.55065519275612 246.6661756796569 1649 1653 -1
1652 -54.64769185507999 -26.2081333952737 272.2765323807313 1650 1654 -1
1653 12.097374311641765 -27.36897735408529 246.72607339033306 1651 1655 -1
1654 -54.620308901456525 -26.361059888289628 272.41683835725433 1652 1656 -1
1655 12.18619370477319 -27.188136687010676 246.78946582156348 1653 1657 -1
1656 -54.59264020498944 -26.513753347253687 272.5573419389777 1654 1658 -1
1657 12.274448617511384 -27.00830515428535 246.85641771313269 1655 1659 -1
1658 -54.56470198095682 -26.666208420266813 272.6980509028052 1656 1660 -1
1659 12.362339819556636 -26.829540142640678 246.92662660933135 1657 1661 -1
1660 -54.53651029829126 -26.81841947855982 272.8389733249358 1658 1662 -1
1661 12.450091544931954 -26.651831897436203 246.99963867859861 1659 1663 -1
1662 -54.508082577100076 -26.970382226864523 272.9801161395996 1660 1664 -1
1663 12.537933443056584 -26.4751617885358 247.07502429965982 1661 1665 -1
1664 -54.47943510375752 -27.122091245462308 273.121487291488 1662 1666 -1
1665 12.62609054118493 -26.299482716090992 247.1523343967948 1663 1667 -1
1666 -54.450584108645565 -27.273540847020268 273.26309500619 1664 1668 -1
1667 12.71480160613712 -26.12477396302045 247.23119472579037 1665 1669 -1
1668 -54.421546858870066 -27.42472667847847 273.4049462977851 1666 1670 -1
1669 12.804283585648813 -25.950974582258297 247.31118568603043 1667 1671 -1
1670 -54.392339808118415 -27.575643305280657 273.5470491707665 1668 1672 -1
1671 12.894789409382145 -25.77806320307073 247.3919456393877 1669 1673 -1
1672 -54.362979261040145 -27.72628474938261 273.68941215733594 1670 1674 -1
1673 12.98653186550587 -25.60598287339264 247.4730842691692 1671 1675 -1
1674 -54.33348244223051 -27.876646641962708 273.8320422554333 1672 1676 -1
1675 13.079775909518688 -25.43471459923341 247.55422898446042 1673 1677 -1
1676 -54.3038660229449 -28.02672362297332 273.9749473757728 1674 1678 -1
1677 13.17473972270856 -25.264217039223112 247.63500084198134 1675 1679 -1
1678 -54.27414638675769 -28.176509119731968 274.11813659941726 1676 1680 -1
1679 13.27169558309153 -25.09448058664637 247.71500460452793 1677 1681 -1
1680 -54.24434078436813 -28.325998824840507 274.2616167687626 1678 1682 -1
1681 13.370878112314427 -24.92548907571362 247.79384620265807 1679 1683 -1
1682 -54.21446603007996 -28.47518720737439 274.40539587056327 1680 1684 -1
1683 13.472553102044651 -24.757249903722336 247.8711046787032 1681 1685 -1
1684 -54.18453890306488 -28.62406784224453 274.54948274618687 1682 1686 -1
1685 13.576990105907116 -24.589785969090492 247.9463343997732 1683 1687 -1
1686 -54.154576499737125 -28.772635472527238 274.6938850205631 1684 1688 -1
1687 13.684423415332548 -24.423130211258247 248.01909714768902 1685 1689 -1
1688 -54.12459587946701 -28.920884712060918 274.8386103738428 1686 1690 -1
1689 13.795168707237591 -24.257361425569506 248.08885569987672 1687 1691 -1
1690 -54.09461411775958 -29.068809517834246 274.9836670794689 1688 1692 -1
1691 13.909444148862779 -24.092561814551775 248.15512512250544 1689 1693 -1
1692 -54.064648468645 -29.216403132408793 275.1290640737448 1690 1694 -1
1693 14.027497347761772 -23.92885632142806 248.21735787338335 1691 1695 -1
1694 -54.03471615560382 -29.363660505384395 275.274808448 1692 1696 -1
1695 14.14960447784826 -23.766422406541803 248.27492028139613 1693 1697 -1
1696 -54.00483448247325 -29.510575492926638 275.42090831478487 1694 1698 -1
1697 14.275952347491327 -23.605461787769947 248.3272199091939 1695 1699 -1
1698 -53.97502094759499 -29.65714140925471 275.5673722474266 1696 1700 -1
1699 14.406706761883523 -23.446226327051246 248.37362816431445 1697 1701 -1
1700 -53.94529318689223 -29.80335157972598 275.7142086980174 1698 1702 -1
1701 14.541997365009912 -23.289021723798303 248.4134875279527 1699 1703 -1
1702 -53.915668641602636 -29.949200249291486 275.86142502621044 1700 1704 -1
1703 14.68189768673613 -23.134207751709326 248.44612994537013 1701 1705 -1
1704 -53.8861649984137 -30.094680808126224 276.00902934952364 1702 1706 -1
1705 14.826419898111455 -22.98220469900008 248.47087515473845 1703 1707 -1
1706 -53.856800137677254 -30.239786307596102 276.15702999905625 1704 1708 -1
1707 14.975436535849576 -22.833440456140593 248.4871759557177 1705 1709 -1
1708 -53.827592305625586 -30.384509174804844 276.30543581418675 1706 1710 -1
1709 15.128753168755235 -22.688383376369934 248.49451175057362 1707 1711 -1
1710 -53.79855918766021 -30.52884329762302 276.45425392029085 1708 1712 -1
1711 15.286076412588917 -22.54750734961461 248.49246483213054 1709 1713 -1
1712 -53.76971892302714 -30.67278151502591 276.60349237592806 1710 1714 -1
1713 15.447010684944981 -22.4112570280933 248.48074767646082 1711 1715 -1
1714 -53.74108977553889 -30.816316514376492 276.7531592141027 1712 1716 -1
1715 15.610863738466387 -22.279705736864084 248.45955929319794 1713 1717 -1
1716 -53.71269036296076 -30.95944044588973 276.9032628409166 1714 1718 -1
1717 15.776792741953395 -22.152537431594784 248.42957069291097 1715 1719 -1
1718 -53.68453940457628 -31.10214542774815 277.05381148662246 1716 1720 -1
1719 15.944101891972332 -22.029467400447373 248.3912771056034 1717 1721 -1
1720 -53.65665519862261 -31.244424299651747 277.20481239436117 1718 1722 -1
1721 16.1121755118698 -21.910183643356135 248.3451426166444 1719 1723 -1
1722 -53.62905653795751 -31.386269091072904 277.35627343640084 1720 1724 -1
1723 16.280473459321644 -21.794319809612745 248.29168245699165 1721 1725 -1
1724 -53.60176235725449 -31.527671653286696 277.50820243053505 1722 1726 -1
1725 16.448520274512198 -21.681586436279765 248.23119581131476 1723 1727 -1
1726 -53.5747917358549 -31.668623654136095 277.66060713336185 1724 1728 -1
1727 16.615895700255937 -21.57162353133341 248.16410446508607 1725 1729 -1
1728 -53.54816412424462 -31.809116283747326 277.8134955366757 1726 1730 -1
1729 16.78220647217695 -21.46413573523265 248.09065310650374 1727 1731 -1
1730 -53.52189911336754 -31.94914058871292 277.9668754995932 1728 1732 -1
1731 16.947088561278015 -21.358815891861582 248.01109263653052 1729 1733 -1
1732 -53.49601581392231 -32.088688208426625 278.1207539684058 1730 1734 -1
1733 17.110212260211203 -21.255352490410495 247.92568456333296 1731 1735 -1
1734 -53.47053390057221 -32.22775002838726 278.27513837728145 1732 1736 -1
1735 17.271197273387006 -21.153491657154223 247.83448773973998 1733 1737 -1
1736 -53.44547320263905 -32.3663167255682 278.43003606033915 1734 1738 -1
1737 17.42973954699143 -21.052928042844933 247.73774143951277 1735 1739 -1
1738 -53.42085370513727 -32.50437876367845 278.5854542427456 1736 1740 -1
1739 17.585478936378223 -20.953399631330733 247.6355263014379 1737 1741 -1
1740 -53.39669554942314 -32.64192638855721 278.74140003141616 1738 1742 -1
1741 17.73801489969046 -20.854648275888326 247.52787216508602 1739 1743 -1
1742 -53.37301903343425 -32.77894962371957 278.8978804053127 1740 1744 -1
1743 17.887001788644493 -20.756404047229836 247.41491538686037 1741 1745 -1
1744 -53.349844611492564 -32.91543826607326 279.05490220533284 1742 1746 -1
1745 18.031959197669117 -20.65841532150941 247.29662109431936 1743 1747 -1
1746 -53.327192893644224 -33.05138188182525 279.2124721237864 1744 1748 -1
1747 18.172447147397605 -20.56042496626899 247.1730549559301 1745 1749 -1
1748 -53.3050846445082 -33.186769802601205 279.37059669345626 1746 1750 -1
1749 18.30793887508241 -20.462180842303926 247.04422499983403 1747 1751 -1
1750 -53.28354105181367 -33.32159085517242 279.5292825380019 1748 1752 -1
1751 18.43782759993826 -20.363430684956967 246.9101211617287 1749 1753 -1
1752 -53.26258292252583 -33.45583415777448 279.68853557034794 1750 1754 -1
1753 18.561488469918906 -20.26393097055859 246.77078912173377 1751 1755 -1
1754 -53.24223141075469 -33.58948837612857 279.84836171804227 1752 1756 -1
1755 18.67817237636372 -20.163441028610862 246.62625008643238 1753 1757 -1
1756 -53.22250787043813 -33.72254187299619 280.0087667563591 1754 1758 -1
1757 18.78703500246544 -20.061729358627137 246.47655985232328 1755 1759 -1
1758 -53.20343379604223 -33.8549827612147 280.1697562403553 1756 1760 -1
1759 18.887237041883203 -19.958599703583563 246.32187924310972 1757 1761 -1
1760 -53.18503081786586 -33.986798901614435 280.33133549147215 1758 1762 -1
1761 18.97769723394771 -19.8538601777603 246.162356011768 1759 1763 -1
1762 -53.16732069664434 -34.11797790133639 280.4935095837466 1760 1764 -1
1763 19.057345767797866 -19.747376996999105 245.99829441771757 1761 1765 -1
1764 -53.150325317421085 -34.24850711258502 280.6562833296437 1762 1766 -1
1765 19.12509644983895 -19.639081240245993 245.83013339776502 1763 1767 -1
1766 -53.13406668265616 -34.37837363184901 280.819661265526 1764 1768 -1
1767 19.179797801128068 -19.52897175430988 245.6584421069945 1765 1769 -1
1768 -53.11856690454097 -34.50756429962527 280.98364763677716 1766 1770 -1
1769 19.220600194961666 -19.417165263448034 245.48400250704395 1767 1771 -1
1770 -53.103848285307336 -34.636065622969376 281.14824645070814 1768 1772 -1
1771 19.24783198264752 -19.303926481886073 245.30784099470952 1769 1773 -1
1772 -53.08993348320363 -34.76386362714765 281.31346158514856 1770 1774 -1
1773 19.262318086697704 -19.18949336962836 245.13093813055494 1771 1775 -1
1774 -53.07684455456197 -34.89094468162464 281.47929605612217 1772 1776 -1
1775 19.265151005738648 -19.074035801386405 244.95412627629668 1773 1777 -1
1776 -53.06460396102945 -35.017294608867914 281.64575278861685 1774 1778 -1
1777 19.257439556567565 -18.95764185358604 244.77807007713295 1775 1779 -1
1778 -53.053234222214726 -35.142898982983915 281.81283433754226 1776 1780 -1
1779 19.240308015103388 -18.84033315686976 244.60328379680294 1777 1781 -1
1780 -53.04275790260493 -35.267743133276944 281.98054287133965 1778 1782 -1
1781 19.214725934639386 -18.722059083002694 244.43018477023531 1779 1783 -1
1782 -53.03319759750229 -35.39181214858188 282.1488801554699 1780 1784 -1
1783 19.18186174953342 -18.602753661779303 244.2590313431347 1781 1785 -1
1784 -53.024575917961116 -35.5150908824093 282.317847535829 1782 1786 -1
1785 19.142612255436088 -18.48229184683125 244.09004370423347 1783 1787 -1
1786 -53.01691547470958 -35.637563958944256 282.4874459221416 1784 1788 -1
1787 19.09788127736988 -18.360532932445047 243.92336143613622 1785 1789 -1
1788 -53.01023886104304 -35.75921577993531 282.65767577138973 1786 1790 -1
1789 19.04847823887643 -18.237312855831217 243.75908785532118 1787 1791 -1
1790 -53.00456863467971 -35.880030532512606 282.8285370713364 1788 1792 -1
1791 18.995179851352415 -18.112466625175507 243.59727680986586 1789 1793 -1
1792 -53.0 -36.0 283.0 1790 -1 -1
1793 18.938634791771356 -17.985783411268223 243.43801464744323 1791 1794 -1
1794 18.879536791058218 -17.85709911319612 243.28130365729191 1793 1795 -1
1795 18.818477265990207 -17.726211873094467 243.12719006249287 1794 1796 -1
1796 18.756016698894488 -17.59289327553521 242.9757450500314 1795 1797 -1
1797 18.692724282165898 -17.456973469216088 242.82698173044096 1796 1798 -1
1798 18.6291276926042 -17.31825289650818 242.6809589918471 1797 1799 -1
1799 18.565745155792342 -17.176534551726064 242.53774909050696 1798 1800 -1
1800 18.50310427793555 -17.031588903441232 242.39747374670029 1799 1801 -1
1801 18.44171474049853 -16.88326970168266 242.2602053238202 1800 1802 -1
1802 18.38209252071802 -16.731406695564697 242.12606994447077 1801 1803 -1
1803 18.324759382687887 -16.575846291351024 241.99521507232183 1802 1804 -1
1804 18.270244143221305 -16.416456815030834 241.86781044744836 1803 1805 -1
1805 18.219111211474967 -16.25310502450539 241.74407676264806 1804 1806 -1
1806 18.17189062830719 -16.085741873927788 241.6242124406749 1805 1807 -1
1807 18.12911496022938 -15.91435240538257 241.50844217252603 1806 1808 -1
1808 18.091320376094362 -15.738961218630426 241.3970165817625 1807 1809 -1
1809 18.059029585089608 -15.559649588572134 241.29019783246594 1808 1810 -1
1810 18.03274131554679 -15.37656116943097 241.1882529353488 1809 1811 -1
1811 18.012917903517405 -15.189905677845182 241.0914452882107 1810 1812 -1
1812 18.0 -15.0 241.0 1811 -1 -1
