0 30.0 -141.5 -139.5 -1 1 -1
1 29.86712468364874 -141.4666773815628 -139.65773391165624 0 2 -1
2 29.731197727168936 -141.43113709172167 -139.81238348465368 1 3 -1
3 29.592156865562906 -141.39333533443587 -139.9636934605622 2 4 -1
4 29.44986106472965 -141.3531918480361 -140.11132957210268 3 5 -1
5 29.304345993591575 -141.3107584036804 -140.255135696881 4 6 -1
6 29.15558806701635 -141.26604886744767 -140.39487551982975 5 7 -1
7 29.003573807646273 -141.21909077491466 -140.53030627532596 6 8 -1
8 28.848311933885384 -141.16993481251632 -140.66119642048344 7 9 -1
9 28.689833517279933 -141.11865572622554 -140.78733073865507 8 10 -1
10 28.528191468455688 -141.06535273795373 -140.90851543665897 9 11 -1
11 28.363391072702413 -141.0101094071671 -141.02446364698878 10 12 -1
12 28.1955829753142 -140.95311218562358 -141.13512687964104 11 13 -1
13 28.024881968050607 -140.89453664895467 -141.2404114939973 12 14 -1
14 27.851333658763696 -140.83454201301905 -141.34009326706095 13 15 -1
15 27.675136802613935 -140.77338100563182 -141.43426808732633 14 16 -1
16 27.49638279768948 -140.7112760144523 -141.52283968875022 15 17 -1
17 27.31526092372815 -140.6485022656437 -141.60596398803148 16 18 -1
18 27.13185794383402 -140.58532818579022 -141.68360347620995 17 19 -1
19 26.946372661103297 -140.52205847088777 -141.75604434771523 18 20 -1
20 26.758930906645052 -140.45899647532673 -141.8234596794079 19 21 -1
21 26.56963524554329 -140.39647393235904 -141.8860246282606 20 22 -1
22 26.378639264099917 -140.33481468615074 -141.94411926107534 21 23 -1
23 26.186050886038103 -140.27435716110747 -141.99807419308024 22 24 -1
24 25.991983126913844 -140.21540685631226 -142.04826819321005 23 25 -1
25 25.796672560802122 -140.15786202661437 -142.09516995729618 24 26 -1
26 25.600424297053603 -140.1013427176471 -142.13932893677682 25 27 -1
27 25.403528771409615 -140.04543446545068 -142.18133536553137 26 28 -1
28 25.20626847603019 -139.98969606940327 -142.22183110679254 27 29 -1
29 25.008913201133403 -139.933677799596 -142.2614697575583 28 30 -1
30 24.81172925132779 -139.87692553308727 -142.3009159125901 29 31 -1
31 24.614985911960126 -139.81898920539334 -142.34083576091265 30 32 -1
32 24.418961257166536 -139.7594319633488 -142.3818859551301 31 33 -1
33 24.223946919809357 -139.69783963633847 -142.42470205113838 32 34 -1
34 24.03025098451215 -139.63383047477427 -142.46988635423247 33 35 -1
35 23.838147072098447 -139.56708707755928 -142.51782539527017 34 36 -1
36 23.64765927937403 -139.49743736546958 -142.56802900876565 35 37 -1
37 23.458715183948275 -139.42474738064544 -142.6197361278221 36 38 -1
38 23.271249993227013 -139.3488524101254 -142.67221568005482 37 39 -1
39 23.085170556087714 -139.26965933955307 -142.7247521733873 38 40 -1
40 22.90041023948451 -139.18704675707636 -142.77667341760537 39 41 -1
41 22.71691735523364 -139.10089960285137 -142.82732924508335 40 42 -1
42 22.534684475150602 -139.01103455200132 -142.8760339085167 41 43 -1
43 22.353676948480334 -138.9174318890766 -142.92219609577663 42 44 -1
44 22.173909918684167 -138.82002143027228 -142.9652186159829 43 45 -1
45 21.995452622338636 -138.71867813793548 -143.0044378693809 44 46 -1
46 21.8182122902897 -138.61384231414888 -143.03981358630912 45 47 -1
47 21.6419373652058 -138.50632099097803 -143.0718033447966 46 48 -1
48 21.46633565232543 -138.39687415000446 -143.1008375348581 47 49 -1
49 21.291062557855078 -138.28628857102387 -143.12744715143702 48 50 -1
50 21.11576970472611 -138.17526530378942 -143.15203143979488 49 51 -1
51 20.940081077824175 -138.06453204127712 -143.1750493738209 50 52 -1
52 20.763618196453365 -137.9548062134655 -143.1969398501662 51 53 -1
53 20.58594684354542 -137.84690869736056 -143.21812540303094 52 54 -1
54 20.40667095903376 -137.7416553151162 -143.2390794927484 53 55 -1
55 20.225367318216033 -137.63998907098713 -143.26027702652644 54 56 -1
56 20.041608403039977 -137.54300475777134 -143.2822339191757 55 57 -1
57 19.855068684798713 -137.4518099148274 -143.3054978105167 56 58 -1
58 19.66607014552626 -137.36630538148782 -143.3304744878156 57 59 -1
59 19.47515578190254 -137.28583382505474 -143.35752947555213 58 60 -1
60 19.282870918186347 -137.20959603921975 -143.38704037436923 59 61 -1
61 19.089758272115947 -137.13667355405155 -143.4193951020245 60 62 -1
62 18.8963617402232 -137.06603505319904 -143.45496452676994 61 63 -1
63 18.703152586939122 -136.99662458831875 -143.49382440413083 62 64 -1
64 18.5100674845655 -136.9276425818771 -143.53404911403626 63 65 -1
65 18.316758179696322 -136.85840391737798 -143.57271446597187 64 66 -1
66 18.122930130595936 -136.78822873798913 -143.606786456762 65 67 -1
67 17.92847716025254 -136.71648234814884 -143.63307094417223 66 68 -1
68 17.733639587496665 -136.64261617743782 -143.64809728387368 67 69 -1
69 17.539168514482743 -136.5663347869928 -143.64892288234 68 70 -1
70 17.346086026485683 -136.4877420845467 -143.63542298941178 69 71 -1
71 17.155284397018043 -136.40702230830445 -143.60856002364758 70 72 -1
72 16.96745540669527 -136.32433379775384 -143.5694636579912 71 73 -1
73 16.783094391686532 -136.2397988950256 -143.51933200706728 72 74 -1
74 16.60250562220255 -136.15350853774314 -143.45939940232952 73 75 -1
75 16.425829303047628 -136.06552425052362 -143.3908715549194 74 76 -1
76 16.253125424229115 -135.97586255905674 -143.31479863538365 75 77 -1
77 16.084331464942057 -135.88453205275002 -143.23220983351052 76 78 -1
78 15.91933359851222 -135.7915205253163 -143.14401227076775 77 79 -1
79 15.757979152546445 -135.696804452758 -143.05101322021434 78 80 -1
80 15.60017202073671 -135.60031065913662 -142.95384463838084 79 81 -1
81 15.4456835359813 -135.50201937147594 -142.85320528345176 80 82 -1
82 15.294366258098508 -135.40186391437362 -142.74962654489988 81 83 -1
83 15.146041330016667 -135.29979243898728 -142.64361726448172 82 84 -1
84 15.000569042478112 -135.19572939813523 -142.53560912772662 83 85 -1
85 14.85774713357149 -135.08965022510583 -142.4260356040876 84 86 -1
86 14.717491472295016 -134.98144590110456 -142.3152314559711 85 87 -1
87 14.579636150007767 -134.87108591933708 -142.20354441848576 86 88 -1
88 14.444055853627347 -134.75864319339144 -142.0911517241046 87 89 -1
89 14.310664269531367 -134.6442980388528 -141.9780609420664 88 90 -1
90 14.179391215345865 -134.52821623067413 -141.86426203337055 89 91 -1
91 14.050175912366708 -134.4105476576982 -141.74973971831272 90 92 -1
92 13.922930188510673 -134.29145378287845 -141.63448770501412 91 93 -1
93 13.797597193895824 -134.17106425636354 -141.51848824548102 92 94 -1
94 13.674126315987206 -134.0494987743041 -141.4017206328734 93 95 -1
95 13.552472948510433 -133.92686846956127 -141.28416131065234 94 96 -1
96 13.432598284131155 -133.80327715719497 -141.16578392214424 95 97 -1
97 13.314469137094617 -133.67882245863422 -141.0465593074973 96 98 -1
98 13.198057800663634 -133.55359682590088 -140.92645545327176 97 99 -1
99 13.083341943355217 -133.4276884851621 -140.80543739846524 98 100 -1
100 12.970304547549095 -133.30118231720598 -140.68346709957092 99 101 -1
101 12.858933893945164 -133.17416069116067 -140.56050325625634 100 102 -1
102 12.74922359553155 -133.04670426688827 -140.43650109840493 101 103 -1
103 12.641172685154132 -132.9188927809817 -140.31141213455547 102 104 -1
104 12.534785761434732 -132.79080583117053 -140.1851838611965 103 105 -1
105 12.430073198664552 -132.66252367421308 -140.05775943192205 104 106 -1
106 12.327051427405525 -132.5341280530371 -139.92907728514174 105 107 -1
107 12.225743293883559 -132.40570307002145 -139.79907072888648 106 108 -1
108 12.126189076249023 -132.2773370083562 -139.66765872749693 107 109 -1
109 12.028428019635106 -132.14912343619363 -139.53476029246096 108 110 -1
110 11.932498135287483 -132.0211600929674 -139.40029585285302 109 111 -1
111 11.838454537152657 -131.89355191582698 -139.26417196936637 110 112 -1
112 11.746362327291031 -131.76641223506473 -139.12628716888142 111 113 -1
113 11.656297749952339 -131.639864459345 -138.98653125656483 112 114 -1
114 11.568404938223361 -131.51406578207454 -138.84473169040922 113 115 -1
115 11.482725178840736 -131.38917455652305 -138.70079232829337 114 116 -1
116 11.399236414096167 -131.26546147763383 -138.5545663211045 115 117 -1
117 11.317959412515366 -131.1433195112221 -138.4057961354838 116 118 -1
118 11.238757954621983 -131.02306369939353 -138.25439391751098 117 119 -1
119 11.161646353827132 -130.90518803860013 -138.10007023955612 118 120 -1
120 11.086506937483906 -130.79009073097583 -137.94270767022834 119 121 -1
121 11.013323065229514 -130.67836415520614 -137.7820300981189 120 122 -1
122 10.942014306571421 -130.57057680619303 -137.61785893012558 121 123 -1
123 10.872509674685833 -130.4673702314532 -137.45001385771246 122 124 -1
124 10.80475007921505 -130.36949248952897 -137.2783096094568 123 125 -1
125 10.738674297534237 -130.277773122801 -137.10259819465728 124 126 -1
126 10.6742512444535 -130.19296162444587 -136.9228502594635 125 127 -1
127 10.611610012703574 -130.11489885643348 -136.7394496523005 126 128 -1
128 10.550900722859105 -130.0429192703001 -136.5529348628756 127 129 -1
129 10.492220763594714 -129.97618559784 -136.36383510750372 128 130 -1
130 10.435615745294456 -129.91372881290172 -136.17265087360474 129 131 -1
131 10.381084661473423 -129.85448994042883 -135.97984448271527 130 132 -1
132 10.328587558028696 -129.79736075243804 -135.78583917383634 131 133 -1
133 10.278054268183613 -129.74122109962644 -135.59102445673346 132 134 -1
134 10.229393073986486 -129.68497202751996 -135.39576505892944 133 135 -1
135 10.182498528806299 -129.62756476044513 -135.20041085806207 134 136 -1
136 10.137258015781097 -129.5680260323166 -135.00530554466394 135 137 -1
137 10.093567322208955 -129.5056720874539 -134.81072744217664 136 138 -1
138 10.051374666191416 -129.44082940642465 -134.61663215349293 137 139 -1
139 10.010646032903896 -129.37408669765838 -134.42286798015985 138 140 -1
140 9.971349826396711 -129.30597931868706 -134.2292825793484 139 141 -1
141 9.93346117086482 -129.23699605098278 -134.03572644120018 140 142 -1
142 9.896980833461418 -129.16759314929385 -133.84204972102592 141 143 -1
143 9.861864358549266 -129.098210042097 -133.64811404511397 142 144 -1
144 9.82810214452089 -129.02924866532098 -133.45378789555258 143 145 -1
145 9.795713001798461 -128.96112016595126 -133.25893516425035 144 146 -1
146 9.764658292274799 -128.89417967614565 -133.06345470388231 145 147 -1
147 9.734970372217049 -128.8288088246469 -132.86723231062575 146 148 -1
148 9.70663943323405 -128.76524449897013 -132.6702176717411 147 149 -1
149 9.679689254475255 -128.70372703951867 -132.4723615257104 148 150 -1
150 9.654133721457166 -128.64448037974594 -132.27362959345928 149 151 -1
151 9.629988953078533 -128.58772516999517 -132.0739963681697 150 152 -1
152 9.607275915583505 -128.5336874017904 -131.87344352524315 151 153 -1
153 9.586016335782428 -128.48259008327736 -131.67196301765435 152 154 -1
154 9.566222678324147 -128.4346327886047 -131.46956372617066 153 155 -1
155 9.547935940195094 -128.39007372537898 -131.26624839130855 154 156 -1
156 9.531143078908162 -128.34904289574743 -131.0620635665959 155 157 -1
157 9.515919367519327 -128.31186734708237 -130.85701947494883 156 158 -1
158 9.502235531382377 -128.2783941956871 -130.65123018571788 157 159 -1
159 9.490140724112587 -128.24842336223477 -130.4448019828828 158 160 -1
160 9.479654232326412 -128.22167563863525 -130.2378433300257 159 161 -1
161 9.470764538453723 -128.1978274184115 -130.03045555804505 160 162 -1
162 9.463511978142163 -128.17665739002004 -129.82271331502776 161 163 -1
163 9.457893326645962 -128.15787665664863 -129.6146906979614 162 164 -1
164 9.453896421734184 -128.1412011902541 -129.40645107578212 163 165 -1
165 9.451526817403906 -128.1263838105333 -129.19804579894407 164 166 -1
166 9.450819549816881 -128.11320939699885 -128.9895177713148 165 167 -1
167 9.451737914485479 -128.10140167761267 -128.78090868564075 166 168 -1
168 9.454280872350305 -128.09073327229592 -128.57225160982284 167 169 -1
169 9.458446173911616 -128.08098413126544 -128.3635755143906 168 170 -1
170 9.464230487917066 -128.07194167453477 -128.15490607186652 169 171 -1
171 9.471636857896076 -128.06340225244554 -127.94626662212181 170 172 -1
172 9.480661246330882 -128.05516595338497 -127.73767868972634 171 173 -1
173 9.491284628251204 -128.0470419973153 -127.52916169351477 172 174 -1
174 9.503455321398514 -128.03892416409462 -127.32072899853004 173 175 -1
175 9.517049478024889 -128.03083611740604 -127.11238307094789 174 176 -1
176 9.53194192511343 -128.02281449798713 -126.90412328191117 175 177 -1
177 9.54801410628742 -128.014894744147 -126.69594725344064 176 178 -1
178 9.56515336498528 -128.007111308985 -126.48785116359312 177 179 -1
179 9.583252273134658 -127.99949786618315 -126.27983000329549 178 180 -1
180 9.602208001015278 -127.99208750617011 -126.07187779289082 179 181 -1
181 9.621921723902528 -127.98491292441098 -125.86398776529079 180 182 -1
182 9.642298061070681 -127.97800660352745 -125.65615252167348 181 183 -1
183 9.663244542775079 -127.9714009909074 -125.44836416487325 182 184 -1
184 9.684672260471686 -127.9651297631013 -125.24061450381807 183 185 -1
185 9.706493031301312 -127.95922714527424 -125.03289495059678 184 186 -1
186 9.728617565182919 -127.95372481268092 -124.82519654099936 185 187 -1
187 9.750960038866937 -127.9486567714531 -124.61751041218893 186 188 -1
188 9.773435200249619 -127.94405784705079 -124.40982768734177 187 189 -1
189 9.79595791504436 -127.93996386685608 -124.20213955536131 188 190 -1
190 9.818442713520115 -127.93641184888739 -123.99443735230699 189 191 -1
191 9.840803333322919 -127.93344019821294 -123.78671264752357 190 192 -1
192 9.862952254366919 -127.93108891266974 -123.57895733759086 191 193 -1
193 9.884800575568043 -127.9293997997596 -123.37116378830362 192 194 -1
194 9.906288902497685 -127.92841671413967 -123.16332817936383 193 195 -1
195 9.927434661562803 -127.92818573473184 -122.95545525026355 194 196 -1
196 9.948269688943082 -127.92875529382137 -122.74755161063557 195 197 -1
197 9.968826093458908 -127.93017642131846 -122.53962432934053 196 198 -1
198 9.989136402760396 -127.93250302516445 -122.33168104459476 197 199 -1
199 10.009233715448485 -127.93579219601074 -122.12373008775617 198 200 -1
200 10.029151860464387 -127.94010453916906 -121.91578062350803 199 201 -1
201 10.048925565173818 -127.94550453713329 -121.7078428096264 200 202 -1
202 10.068590633675523 -127.95206094630663 -121.49992798005368 201 203 -1
203 10.08818413697834 -127.95984723192875 -121.29204885564661 202 204 -1
204 10.107744616817577 -127.96894204558618 -121.08421978774143 203 205 -1
205 10.127312305016979 -127.97942975010224 -120.87645704060932 204 206 -1
206 10.146931039960105 -127.99142976703149 -120.66878103556205 205 207 -1
207 10.166645647960223 -128.00502144677475 -120.4612123394895 206 208 -1
208 10.186503330174247 -128.02030880200573 -120.25377538961892 207 209 -1
209 10.206554558700706 -128.03740968673716 -120.04649873289748 208 210 -1
210 10.226861481870051 -128.05650859151217 -119.83942167404271 209 211 -1
211 10.247476102164821 -128.07769167266989 -119.63257806927524 210 212 -1
212 10.268467987909988 -128.1011536132716 -119.42601873172129 211 213 -1
213 10.289866927789857 -128.1270287124683 -119.21978968207631 212 214 -1
214 10.31161460214445 -128.15537257668703 -119.01392205118316 213 215 -1
215 10.333631638817133 -128.18620615532961 -118.80844117437856 214 216 -1
216 10.3558341287719 -128.21959353135284 -118.60337981893515 215 217 -1
217 10.378124643509702 -128.25549774473004 -118.39875377913636 216 218 -1
218 10.400403635915811 -128.293924344448 -118.19458495184668 217 219 -1
219 10.422560365665268 -128.33489948487752 -117.99089892833958 218 220 -1
220 10.444482588491585 -128.37834716580247 -117.78770063526261 219 221 -1
221 10.466053267979344 -128.42422135487894 -117.58499863866813 220 222 -1
222 10.487159069384681 -128.47245844539145 -117.38279675832976 221 223 -1
223 10.507978657288579 -128.5229707496392 -117.18112125388167 222 224 -1
224 10.529157173294065 -128.57564173796973 -116.98003613349243 223 225 -1
225 10.55140291462536 -128.63034819293117 -116.77961097569215 224 226 -1
226 10.575406029347583 -128.68692436127867 -116.57990944285119 225 227 -1
227 10.601833966828156 -128.74519814456968 -116.38100454668826 226 228 -1
228 10.631319180530419 -128.80498392266398 -116.18298090011763 227 229 -1
229 10.66444301808592 -128.86608229643758 -115.98593638802652 228 230 -1
230 10.701721531716561 -128.92828297869116 -115.78998252877435 229 231 -1
231 10.743662471566916 -128.9913777459722 -115.59526153218133 230 232 -1
232 10.790608445631886 -129.0551358856236 -115.40190510830891 231 233 -1
233 10.842611066748757 -129.11942386222583 -115.21002290914919 232 234 -1
234 10.899188415443065 -129.1844377047922 -115.01968422051834 233 235 -1
235 10.95961311895548 -129.250419491591 -114.83086641814134 234 236 -1
236 11.023321806395693 -129.31761827565984 -114.64356247044824 235 237 -1
237 11.089759116917728 -129.38626137782893 -114.45773557725535 236 238 -1
238 11.158459500400852 -129.45659406171382 -114.27336871345638 237 239 -1
239 11.228931963903465 -129.5288006345353 -114.09040009753113 238 240 -1
240 11.300802056903542 -129.60316552944667 -113.90884501141007 239 241 -1
241 11.373635490542345 -129.67984961209288 -113.72864382548845 240 242 -1
242 11.447060526725409 -129.75906005159797 -113.54978044721862 241 243 -1
243 11.520716409250685 -129.84108762499096 -113.37228725663074 242 244 -1
244 11.59423697227565 -129.92607592917838 -113.19613663319366 243 245 -1
245 11.667274518607766 -130.0142317513841 -113.02134740330669 244 246 -1
246 11.739467430410254 -130.10580692573726 -112.84797140435117 245 247 -1
247 11.810452590946857 -130.20101772821306 -112.67606217769362 246 248 -1
248 11.879886701643814 -130.30002117929246 -112.50566958013053 247 249 -1
249 11.94740864080803 -130.40301373003558 -112.3368810287712 248 250 -1
250 12.012610669421607 -130.51024768877338 -112.16983146026425 249 251 -1
251 12.075118970727662 -130.6218792921974 -112.00464504058132 250 252 -1
252 12.13468856827889 -130.73794902824002 -111.84144406810103 251 253 -1
253 12.191343360349538 -130.85832523712372 -111.68033725780185 252 254 -1
254 12.245130488418978 -130.98288961027836 -111.52144572584292 253 255 -1
255 12.296143160041717 -131.11146540467396 -111.36485124589494 254 256 -1
256 12.3444996991481 -131.2438495594609 -111.21060496492323 255 257 -1
257 12.390291146211995 -131.3798871941007 -111.05877302361316 256 258 -1
258 12.433607197729033 -131.51943309405598 -110.90941760853491 257 259 -1
259 12.474502541874395 -131.6623986819326 -110.7626358334341 258 260 -1
260 12.51311949742777 -131.80857863755094 -110.61842589041983 259 261 -1
261 12.549553071754728 -131.95784090969593 -110.47682871418601 260 262 -1
262 12.583898104241209 -132.11005945766834 -110.33788093550761 261 263 -1
263 12.616248952121163 -132.265114241857 -110.20161556684273 262 264 -1
264 12.646671973732241 -132.4229305556949 -110.06810391400558 263 265 -1
265 12.675286543717412 -132.58336243428653 -109.93733829843032 264 266 -1
266 12.70218841762195 -132.74630143194392 -109.80933841337982 265 267 -1
267 12.727467822617895 -132.91165076128158 -109.68412899112512 266 268 -1
268 12.751213757405193 -133.0793188307407 -109.56173408273068 267 269 -1
269 12.773513974064278 -133.24921899815396 -109.4421775281167 268 270 -1
270 12.794441766924272 -133.4212908136214 -109.32551333492164 269 271 -1
271 12.814091784179105 -133.59544312091714 -109.21175036940055 270 272 -1
272 12.832554616683852 -133.7715924707291 -109.10090079616519 271 273 -1
273 12.84991330463898 -133.94966956683677 -108.99299198910141 272 274 -1
274 12.866249976859486 -134.12960863145437 -108.88805309239233 273 275 -1
275 12.881645974601179 -134.31134710487586 -108.78611534999345 274 276 -1
276 12.896181989706033 -134.49482534008985 -108.68721242188793 275 277 -1
277 12.9099275842047 -134.68001096043156 -108.59142776340782 276 278 -1
278 12.922975062346536 -134.86682423752603 -108.49875738270238 277 279 -1
279 12.935404500315835 -135.0552117427326 -108.40924302045552 278 280 -1
280 12.947295672652285 -135.2451223946452 -108.32293141896545 279 281 -1
281 12.958728591013935 -135.43650635755387 -108.23987323077675 280 282 -1
282 12.969783560872877 -135.62931533290654 -108.16012490544136 281 283 -1
283 12.980537842849813 -135.82352480639815 -108.08380776282716 282 284 -1
284 12.99108020892221 -136.01906104523314 -108.01092736919982 283 285 -1
285 13.001493885746687 -136.21587528889208 -107.94155343782457 284 286 -1
286 13.011863416548923 -136.41391793489794 -107.87576102397342 285 287 -1
287 13.022275902080288 -136.61314689178823 -107.81366029202336 286 288 -1
288 13.03282291995413 -136.8135169635465 -107.75537141916904 287 289 -1
289 13.043593957756686 -137.01495483201342 -107.70093246260384 288 290 -1
290 13.054681453399848 -137.21740174847173 -107.65044330104547 289 291 -1
291 13.06618925581 -137.4208106885431 -107.60408419398762 290 292 -1
292 13.07821602000125 -137.62510571677473 -107.56194733655201 291 293 -1
293 13.090858374130601 -137.8302037935662 -107.52411234711337 292 294 -1
294 13.10423418757167 -138.03603624221515 -107.49078720246345 293 295 -1
295 13.118376753444725 -138.24247145556868 -107.46178123368503 294 296 -1
296 13.133200850636614 -138.44933639760697 -107.4363933239816 295 297 -1
297 13.14863711555796 -138.65650144782205 -107.41398344297815 296 298 -1
298 13.16457467752502 -138.86384705644667 -107.39368799922126 297 299 -1
299 13.180929565432592 -139.07128920595656 -107.3747513566801 298 300 -1
300 13.197606009562175 -139.27875482683532 -107.35635777452961 299 301 -1
301 13.21450687674248 -139.48617862946816 -107.33770020859741 300 302 -1
302 13.231540163428807 -139.6934896224531 -107.31794587302511 301 303 -1
303 13.24860669237284 -139.90061237136277 -107.29633896068017 302 304 -1
304 13.265612603964783 -140.1074825366337 -107.2723906980208 303 305 -1
305 13.282473844150903 -140.31413663825091 -107.24654600869974 304 306 -1
306 13.299111749677444 -140.52063591225834 -107.21935161753453 305 307 -1
307 13.315440830594971 -140.7270484433169 -107.19132283868574 306 308 -1
308 13.331394084996301 -140.93345085578835 -107.1630042589712 307 309 -1
309 13.346894367158518 -141.13991714743804 -107.13490104777628 308 310 -1
310 13.361862846421436 -141.34652052172828 -107.1075278617164 309 311 -1
311 13.376239740926636 -141.55332155114405 -107.08135881384356 310 312 -1
312 13.389953301444148 -141.7603735160695 -107.05687473399884 311 313 -1
313 13.402921779829208 -141.9677208914196 -107.03458731848121 312 314 -1
314 13.415094993272461 -142.17537908319161 -107.01490326952556 313 315 -1
315 13.426412959943793 -142.38333817249 -106.99809568606436 314 316 -1
316 13.436813292362043 -142.59155700286917 -106.98415281711907 315 317 -1
317 13.446241921273055 -142.79998995349214 -106.97299686293215 316 318 -1
318 13.45465633586114 -143.00859258324832 -106.9645254995125 317 319 -1
319 13.462000688896277 -143.21732578157932 -106.95867940660507 318 320 -1
320 13.468213650114413 -143.42615221000852 -106.95541333487402 319 321 -1
321 13.47321299873201 -143.63503560972882 -106.95472374631994 320 322 -1
322 13.476955201311272 -143.84393850245397 -106.95652573311395 321 323 -1
323 13.479371464425997 -144.0528251583406 -106.96078988106662 322 324 -1
324 13.480388678645758 -144.2616593857501 -106.96749349491772 323 325 -1
325 13.479901622010374 -144.47040178968913 -106.97666275125435 324 326 -1
326 13.477840014908987 -144.6790134419261 -106.9882623356818 325 327 -1
327 13.474122510411929 -144.88745380734775 -107.00227543768898 326 328 -1
328 13.468650055862723 -145.09567869965173 -107.01870899839544 327 329 -1
329 13.461265518321806 -145.3036322514355 -107.03763912979657 328 330 -1
330 13.451912656675571 -145.51126503672916 -107.05905273819596 329 331 -1
331 13.44052441656188 -145.7185032462683 -107.08313529531681 330 332 -1
332 13.426991705915508 -145.925244540676 -107.11019240159082 331 333 -1
333 13.411333988034437 -146.13140463416795 -107.14035569148899 332 334 -1
334 13.393471407354573 -146.33686097018196 -107.17390308117257 333 335 -1
335 13.373376954263188 -146.5414916878997 -107.21103953488311 334 336 -1
336 13.35104455504189 -146.74517073224106 -107.25193695093398 335 337 -1
337 13.326412184533647 -146.9477315204954 -107.29686699953865 336 338 -1
338 13.299538568122893 -147.14905429110763 -107.34588941448986 337 339 -1
339 13.270344772903469 -147.34892702229146 -107.39931884318068 338 340 -1
340 13.23893196619313 -147.54723801886442 -107.45712789935311 339 341 -1
341 13.205258661164024 -147.74377049586136 -107.51955304838401 340 342 -1
342 13.169397063037746 -147.93849723997093 -107.58627333255272 341 343 -1
343 13.13132196258859 -148.13145736455647 -107.6567945524895 342 344 -1
344 13.091030766143634 -148.3227471316937 -107.7305628568189 343 345 -1
345 13.048542889253595 -148.51250218818694 -107.80701573725423 344 346 -1
346 13.003777623619062 -148.70081254553952 -107.88570985399154 345 347 -1
347 12.956781163582209 -148.8878638776335 -107.96608860125176 346 348 -1
348 12.907480160337046 -149.07378283973895 -108.04770535598811 347 349 -1
349 12.855846293550655 -149.2587307093004 -108.1300827827347 348 350 -1
350 12.80187260083336 -149.44287690420458 -108.21275618333841 349 351 -1
351 12.745438820092323 -149.62635631217753 -108.29526921246327 350 352 -1
352 12.686687831409829 -149.80930263388558 -108.37734767332829 351 353 -1
353 12.625814859728678 -149.9917745544599 -108.4589349975587 352 354 -1
354 12.5630322673359 -150.17383586850607 -108.53999126782458 353 355 -1
355 12.49860663864708 -150.3555676739818 -108.62049626667535 354 356 -1
356 12.432723874497368 -150.53704061820346 -108.7004040853276 355 357 -1
357 12.365638321938192 -150.71834252059884 -108.77969733120254 356 358 -1
358 12.297570251102687 -150.89955864277565 -108.85834697429826 357 359 -1
359 12.228733112591517 -151.08077893936942 -108.93631487253195 358 360 -1
360 12.159368508387468 -151.26209432127155 -109.01359126687845 359 361 -1
361 12.089691446322208 -151.4436036486261 -109.09012775450786 360 362 -1
362 12.019936831777047 -151.62539817138043 -109.1659129832439 361 363 -1
363 11.950334547815672 -151.8075773851826 -109.24091027550757 362 364 -1
364 11.881121590080491 -151.99024053313966 -109.31508607040946 363 365 -1
365 11.812528744151846 -152.1734767284137 -109.38841946321276 364 366 -1
366 11.744819378564037 -152.35739738975653 -109.4608545624099 365 367 -1
367 11.678211089143202 -152.5420734002054 -109.53238260232162 366 368 -1
368 11.613009677591817 -152.72762764579767 -109.60292664849347 367 369 -1
369 11.549419772686452 -152.91411188486342 -109.67248180920535 368 370 -1
370 11.487777665779518 -153.10164440042783 -109.74096279904113 369 371 -1
371 11.428291151631736 -153.29026375120472 -109.8083557991976 370 372 -1
372 11.371330704944569 -153.4800779122839 -109.87456490265696 371 373 -1
373 11.317048235749391 -153.67108168507212 -109.93959170767616 372 374 -1
374 11.265399704228193 -153.86318974018613 -110.00350315212502 373 375 -1
375 11.215961380123238 -154.0561719311999 -110.06652408054101 374 376 -1
376 11.168435802315836 -154.24986547448816 -110.12883163797622 375 377 -1
377 11.122420416181791 -154.4440810485744 -110.19064680575059 376 378 -1
378 11.077561012977894 -154.6386578894006 -110.25217578961957 377 379 -1
379 11.033473533630145 -154.8334326972446 -110.31363679858237 378 380 -1
380 10.989779536655151 -155.02824984554417 -110.3752446261592 379 381 -1
381 10.946099955065295 -155.22295342184938 -110.43722046827881 380 382 -1
382 10.902065213707191 -155.4173941385567 -110.49976720369865 381 383 -1
383 10.857287744946047 -155.61140557058 -110.5631138066812 382 384 -1
384 10.811435123589863 -155.80484438265813 -110.627434150498 383 385 -1
385 10.764105507002983 -155.997519433906 -110.69296440766082 384 386 -1
386 10.715021278806507 -156.18929083422304 -110.7598395891499 385 387 -1
387 10.663778024750702 -156.3799373636605 -110.82829131438174 386 388 -1
388 10.610155117251237 -156.56931664330176 -110.89841599096825 387 389 -1
389 10.553772980581465 -156.75718232043 -110.97042075415338 388 390 -1
390 10.49445267965667 -156.94337817602477 -111.04437401997528 389 391 -1
391 10.431899850984689 -157.12766270634444 -111.12041995474416 390 392 -1
392 10.365925803292816 -157.3098349666985 -111.1986315510995 391 393 -1
393 10.296403682026334 -157.4897158973527 -111.2790418751975 392 394 -1
394 10.223243464705979 -157.6671475034168 -111.36163787260506 393 395 -1
395 10.14671436755051 -157.84223343737509 -111.44616462827932 394 396 -1
396 10.067009444879403 -158.01504531173939 -111.53241984990497 395 397 -1
397 9.984283299202685 -158.1856416026903 -111.62022858148372 396 398 -1
398 9.898651828681643 -158.35406365332022 -111.70943891291296 397 399 -1
399 9.810306037532452 -158.5204205004129 -111.79986923639724 398 400 -1
400 9.719369556486708 -158.6847805899956 -111.89137672758577 399 401 -1
401 9.625954738123301 -158.84721171298472 -111.98382794465888 400 402 -1
402 9.53016345756369 -159.0077804981928 -112.0770977724651 401 403 -1
403 9.432087860673022 -159.16655203184908 -112.17106842959393 402 404 -1
404 9.331795096337197 -159.32357702359965 -112.26563217147223 403 405 -1
405 9.229372417516498 -159.47892670515876 -112.3606788544807 404 406 -1
406 9.124892789691017 -159.6326650671029 -112.45610594206487 405 407 -1
407 9.018415167260944 -159.78484857706394 -112.55181652589549 406 408 -1
408 8.909991724738672 -159.9355314874419 -112.64771678098467 407 409 -1
409 8.799668261582823 -160.08476583539934 -112.74371525822377 408 410 -1
410 8.687484558359976 -160.23260146544405 -112.83972219885423 409 411 -1
411 8.573474686876795 -160.37908606804586 -112.93564886330088 410 412 -1
412 8.457667276921143 -160.5242652287488 -113.03140686654223 411 413 -1
413 8.340085742197353 -160.66818248303107 -113.12690751188438 412 414 -1
414 8.220748467968244 -160.81087937275686 -113.22206111461848 413 415 -1
415 8.099668962850703 -160.95239550047128 -113.31677630654256 414 416 -1
416 7.976847789689724 -161.0927633327684 -113.4109563392179 415 417 -1
417 7.8522903749992095 -161.232007906205 -113.50452147649965 416 418 -1
418 7.726055167803466 -161.37011425824133 -113.59752324511294 417 419 -1
419 7.5982074194028 -161.5070423747775 -113.69006331673208 418 420 -1
420 7.468815462603418 -161.6427547186075 -113.78224746402834 419 421 -1
421 7.3379504792207495 -161.7772163235214 -113.87418493899546 420 422 -1
422 7.205686328499845 -161.91039479477928 -113.9659879985164 421 423 -1
423 7.072082261108289 -162.04224187195342 -114.05777270745399 422 424 -1
424 6.937230435099622 -162.1727412110331 -114.14965863421617 423 425 -1
425 6.801218043682807 -162.3018740429231 -114.24176425605168 424 426 -1
426 6.664128388527296 -162.42961807779102 -114.33420883061707 425 427 -1
427 6.52604667496946 -162.55595332092616 -114.42711191710855 426 428 -1
428 6.387049935936844 -162.6808444514166 -114.52060125884813 427 429 -1
429 6.24723330308341 -162.80428209971845 -114.61479561548289 428 430 -1
430 6.10669380406103 -162.92626358914407 -114.70980749368273 429 431 -1
431 5.965516661532859 -163.0467827560582 -114.80573579473518 430 432 -1
432 5.823747825796305 -163.1658686967619 -114.90257729551159 431 433 -1
433 5.6814089683687365 -163.2835536629133 -115.00029154201782 432 434 -1
434 5.538526457804169 -163.39988575605742 -115.0988289244712 433 435 -1
435 5.395129251671978 -163.51492349154745 -115.19813524855748 434 436 -1
436 5.2512400073736245 -163.6287132205883 -115.29816516871871 435 437 -1
437 5.106880197416504 -163.74130152445042 -115.39887439736498 436 438 -1
438 4.9620701624021715 -163.8527351659685 -115.5002196599604 437 439 -1
439 4.816822381851817 -163.9630436143397 -115.60216773252611 438 440 -1
440 4.671162182891777 -164.07229219348534 -115.70466716812011 439 441 -1
441 4.52510708269117 -164.18052876375452 -115.80767706724691 440 442 -1
442 4.378673367138783 -164.28780044101183 -115.91115776404705 441 443 -1
443 4.2318764552552235 -164.39415438903228 -116.01507033849767 442 444 -1
444 4.084730839774645 -164.4996375407183 -116.11937667665421 443 445 -1
445 3.9372493676064586 -164.60428187263446 -116.2240529717358 444 446 -1
446 3.7894708082935646 -164.7081348383747 -116.32909774061217 445 447 -1
447 3.641431780714832 -164.8112273813581 -116.43452411235207 446 448 -1
448 3.4931686361477716 -164.91359074282073 -116.5403453442879 447 449 -1
449 3.3447174669015234 -165.01525642626876 -116.64657480288133 448 450 -1
450 3.196114116245995 -165.11625616318182 -116.75322594442652 449 451 -1
451 3.0473929299138205 -165.21661264041347 -116.86031916789817 450 452 -1
452 2.898591534424637 -165.31636765087214 -116.96786196149468 451 453 -1
453 2.749745185830731 -165.41555400122385 -117.07586752573776 452 454 -1
454 2.6008888336356737 -165.51420401414464 -117.18434947181323 453 455 -1
455 2.4520572416798694 -165.61235008328399 -117.29332140017168 454 456 -1
456 2.3032850025781397 -165.71002464550998 -117.4027968801182 455 457 -1
457 2.1546078222890706 -165.8072561035302 -117.51279470638751 456 458 -1
458 2.0060602456266796 -165.90407952467547 -117.62332625088087 457 459 -1
459 1.8576758915853662 -166.00052974540336 -117.73440196735724 458 460 -1
460 1.7094887947245216 -166.09663909917188 -117.8460350761107 459 461 -1
461 1.5615328906985595 -166.19243983273955 -117.95823865912281 460 462 -1
462 1.4138420298198884 -166.28796408232273 -118.07102563811556 461 463 -1
463 1.2664499900159047 -166.38324385011978 -118.18440875231612 462 464 -1
464 1.1193951138599236 -166.47830868193944 -118.29840839128745 463 465 -1
465 0.9727078178930301 -166.57319309428803 -118.41303018256666 464 466 -1
466 0.8264211761725885 -166.66792886296372 -118.52828518470649 465 467 -1
467 0.6805687656037441 -166.76254719709408 -118.6441851541427 466 468 -1
468 0.5351841411350157 -166.857079055537 -118.76074154782276 467 469 -1
469 0.39030084238537266 -166.95155512418057 -118.87796549930377 468 470 -1
470 0.2459523988335307 -167.04600579316525 -118.99586779462598 469 471 -1
471 0.10217441152398955 -167.1404612530361 -119.11446126044301 470 472 -1
472 -0.04099591847159035 -167.23495185847958 -119.23375974792681 471 473 -1
473 -0.1835302450749386 -167.32950688449083 -119.35376661223037 472 474 -1
474 -0.32539509690789215 -167.4241552683936 -119.47449097198376 473 475 -1
475 -0.4665570566793035 -167.51892548964287 -119.5959414596051 474 476 -1
476 -0.607000245659968 -167.61382746555674 -119.71812019711973 475 477 -1
477 -0.7467702250083678 -167.7088074642714 -119.84100829772404 476 478 -1
478 -0.8859287842934306 -167.80379536802334 -119.96458232229688 477 479 -1
479 -1.0245374255787523 -167.89872167370683 -120.08881999496631 478 480 -1
480 -1.1626573764469919 -167.99351729880527 -120.21370008834134 479 481 -1
481 -1.3003465427565273 -168.08811111319574 -120.33920736996069 480 482 -1
482 -1.4376692818654675 -168.18243475083221 -120.46531799446952 481 483 -1
483 -1.5746869903530827 -168.27641935578157 -120.59201216201983 482 484 -1
484 -1.711460289069755 -168.36999524812657 -120.71927167848622 483 485 -1
485 -1.8480497961030384 -168.4630920378326 -120.84707879010507 484 486 -1
486 -1.984516182161655 -168.5556383989708 -120.97541606171681 485 487 -1
487 -2.120920224942186 -168.64756184094736 -121.10426625220187 486 488 -1
488 -2.2573228613933747 -168.73878847617488 -121.23361218610755 487 489 -1
489 -2.393785236735923 -168.8292427836718 -121.36343662040994 488 490 -1
490 -2.5303702056749207 -168.91883994637922 -121.49372565091505 489 491 -1
491 -2.667140434953575 -169.00750044206268 -121.62446025955381 490 492 -1
492 -2.804157412243727 -169.09514671952982 -121.75561958521052 491 493 -1
493 -2.941483654403076 -169.18169391662715 -121.88718459167713 492 494 -1
494 -3.0791820477076146 -169.26705424504655 -122.01913537724454 493 495 -1
495 -3.217315845509115 -169.35113672267818 -122.15145098476835 494 496 -1
496 -3.355952116601784 -169.43383784990885 -122.28411116177031 495 497 -1
497 -3.4951606012124157 -169.51504584004218 -122.41709399562133 496 498 -1
498 -3.6349992900109154 -169.59467544790152 -122.55036957376846 497 499 -1
499 -3.7755327404730386 -169.67261957587246 -122.68391032424968 498 500 -1
500 -3.9168255777082432 -169.7487665115018 -122.81768639487078 499 501 -1
501 -4.058961247085032 -169.8229563511659 -122.95166896041064 500 502 -1
502 -4.2019920501686485 -169.89509571801597 -123.08581817826418 501 503 -1
503 -4.3459790947451005 -169.96506338792858 -123.22009441536325 502 504 -1
504 -4.490990710368336 -170.03271180094833 -123.35445643798766 503 505 -1
505 -4.637040696216744 -170.097991049092 -123.48886570026022 504 506 -1
506 -4.784088019903002 -170.16096722239786 -123.62328636912976 505 507 -1
507 -4.932122844422132 -170.22163767454526 -123.7576837242615 506 508 -1
508 -5.081123994435138 -170.28002900770494 -123.89202278884659 507 509 -1
509 -5.231048768689631 -170.33622290709346 -124.02627149704422 508 510 -1
510 -5.381896163453454 -170.39020568351293 -124.16039403142932 509 511 -1
511 -5.5336204256427655 -170.44207498715892 -124.29436142374993 510 512 -1
512 -5.686199307691365 -170.49187656793094 -124.42814280591965 511 513 -1
513 -5.839615248536143 -170.53964921154568 -124.56170673783892 512 514 -1
514 -5.993822006584349 -170.5855057791034 -124.69503149577267 513 515 -1
515 -6.148819667902348 -170.62945165139098 -124.82808243685433 514 516 -1
516 -6.304556251751433 -170.67162247155306 -124.96084469700189 515 517 -1
517 -6.461020700380844 -170.71205979779828 -125.09329017358645 516 518 -1
518 -6.618181536605673 -170.7508583341449 -125.22540102235841 517 519 -1
519 -6.776010192976698 -170.78810946740143 -125.35716076409648 518 520 -1
520 -6.93449372495371 -170.82387267503708 -125.48854627346405 519 521 -1
521 -7.09359122845213 -170.85827383370574 -125.61955298603057 520 522 -1
522 -7.253297659668946 -170.89136254605225 -125.75015631662095 521 523 -1
523 -7.413576122113669 -170.92326001613773 -125.88035469295026 522 524 -1
524 -7.574409420593205 -170.95404499211762 -126.01013606987051 523 525 -1
525 -7.735820728317056 -170.98360413405567 -126.13948380329504 524 526 -1
526 -7.897868230407222 -171.0115782131624 -126.26838734269103 525 527 -1
527 -8.060637730737517 -171.0375043052235 -126.39680782455709 526 528 -1
528 -8.22418144777024 -171.06098134171924 -126.52471384062665 527 529 -1
529 -8.388540413933113 -171.08161345322 -126.65206355442307 528 530 -1
530 -8.553778183893671 -171.09886032755992 -126.7787767743463 529 531 -1
531 -8.719887775400409 -171.11238468512155 -126.90479863344765 530 532 -1
532 -8.886877737945687 -171.12171203849854 -127.03003389845536 531 533 -1
533 -9.054739569220374 -171.1263196364333 -127.15436116708418 532 534 -1
534 -9.22340730891732 -171.12586965256955 -127.27767638800906 533 535 -1
535 -9.392829759360925 -171.1200723280894 -127.39981670522911 534 536 -1
536 -9.562945475681657 -171.10938438671838 -127.52065802983002 535 537 -1
537 -9.733717386546793 -171.09436818446846 -127.64010744899939 536 538 -1
538 -9.905162589635076 -171.07540604485004 -127.75802275261316 537 539 -1
539 -10.077279071835072 -171.05311746695764 -127.8743686094479 538 540 -1
540 -10.250110351571877 -171.02796379559067 -127.98906005488614 539 541 -1
541 -10.423719997003248 -171.00041392344392 -128.10201301615948 540 542 -1
542 -10.598158031901926 -170.9710068846863 -128.21320838129878 541 543 -1
543 -10.77352812222593 -170.94019227429058 -128.32254133970477 542 544 -1
544 -10.949903987732185 -170.90848960571273 -128.42998634089912 543 545 -1
545 -11.127385980186766 -170.8763928537054 -128.53547506979436 544 546 -1
546 -11.306091519204827 -170.84441480413903 -128.63891397357668 545 547 -1
547 -11.486097678063333 -170.8130702895792 -128.74027015900583 546 548 -1
548 -11.667549053823903 -170.78292651982284 -128.8393880639569 547 549 -1
549 -11.85041306296661 -170.75425730947435 -128.93632337630382 548 550 -1
550 -12.03465495950553 -170.72714728876738 -129.03107388423265 549 551 -1
551 -12.220131182113574 -170.7015439329071 -129.1238141859986 550 552 -1
552 -12.406782629480647 -170.67749242049987 -129.2145917432636 551 553 -1
553 -12.594479753919844 -170.6549415213317 -129.3035809613649 552 554 -1
554 -12.783143497375516 -170.63390391659973 -129.39088120979577 553 555 -1
555 -12.972663547285988 -170.61433908227332 -129.4766560664402 554 556 -1
556 -13.162946019279216 -170.5962235558182 -129.56105067350862 555 557 -1
557 -13.353898187327964 -170.5795304761911 -129.64421732865083 556 558 -1
558 -13.545419798617907 -170.56420375831968 -129.72633134626142 557 559 -1
559 -13.737430531999436 -170.55022742968907 -129.80753927616266 558 560 -1
560 -13.929832471457567 -170.53752202376137 -129.8880271515841 559 561 -1
561 -14.122551874959568 -170.5260752123735 -129.9679425133511 560 562 -1
562 -14.315499799472516 -170.5157972745987 -130.04746453093586 561 563 -1
563 -14.508604991901025 -170.50666940600112 -130.12674488645771 562 564 -1
564 -14.701790362135181 -170.49860666739164 -130.20594542615635 563 565 -1
565 -14.894986722755286 -170.4915725118655 -130.28521720895577 564 566 -1
566 -15.088126683563607 -170.48550179411177 -130.36470578168633 565 567 -1
567 -15.281147970459209 -170.4803295222485 -130.4445454096463 566 568 -1
568 -15.473984851676793 -170.47602355493532 -130.52488050378173 567 569 -1
569 -15.666602650572042 -170.4725029929783 -130.60577747293198 568 570 -1
570 -15.859002414600894 -170.46971387628705 -130.6872200844911 569 571 -1
571 -16.051186579506048 -170.4676183528807 -130.76919089240724 570 572 -1
572 -16.243165995036662 -170.46615422072756 -130.85165373635843 571 573 -1
573 -16.434948004589426 -170.46527366425178 -130.9345829335632 572 574 -1
574 -16.626539066689535 -170.46493370454849 -131.0179563411762 573 575 -1
575 -16.817944457279843 -170.46509621180778 -131.10175571016035 574 576 -1
576 -17.009169642921687 -170.4657236572967 -131.18596332639353 575 577 -1
577 -17.200222877886166 -170.46677299470417 -131.27055617209618 576 578 -1
578 -17.391110050624118 -170.46820868747042 -131.35551744657388 577 579 -1
579 -17.581836907304893 -170.4699965376686 -131.44083136960765 578 580 -1
580 -17.772409051678874 -170.47210353357488 -131.52648309473292 579 581 -1
581 -17.962831946357245 -170.47449770631542 -131.61245863003487 580 582 -1
582 -18.153110915204895 -170.47714799435855 -131.69874476561967 581 583 -1
583 -18.34324984804126 -170.4800260242475 -131.78533178766475 582 584 -1
584 -18.533255136175224 -170.48309978514357 -131.87220498468884 583 585 -1
585 -18.72313179991915 -170.48634006100704 -131.95935292718548 584 586 -1
586 -18.91288462599622 -170.48971822534156 -132.04676496676223 585 587 -1
587 -19.102518285472026 -170.49320594562803 -132.1344309445496 586 588 -1
588 -19.29203733850935 -170.49677507350745 -132.22234114586024 587 589 -1
589 -19.481446239026468 -170.50039753585847 -132.31048625749762 588 590 -1
590 -19.670756403445104 -170.50404536220717 -132.39884220140755 589 591 -1
591 -19.860097712070615 -170.5076927165747 -132.48713136062392 590 592 -1
592 -20.04971233570296 -170.51131553615622 -132.57483266093092 591 593 -1
593 -20.239859731708428 -170.51488816379626 -132.6613740721428 592 594 -1
594 -20.430790819558222 -170.51838450980603 -132.74617415220376 593 595 -1
595 -20.622756646643378 -170.52177654697653 -132.82860710344153 594 596 -1
596 -20.816004956992586 -170.52503371876907 -132.90798956832774 595 597 -1
597 -21.010773836713827 -170.52812240597643 -132.98356845950585 596 598 -1
598 -21.207332261793418 -170.53099904970466 -133.05436568350694 597 599 -1
599 -21.405840567136828 -170.53362426177532 -133.11949583016363 598 600 -1
600 -21.6064433652118 -170.53594917992123 -133.1778581756169 599 601 -1
601 -21.809144000882625 -170.53790780399999 -133.22847475012202 600 602 -1
602 -22.013288837337818 -170.53944368859487 -133.27295420101836 601 603 -1
603 -22.21824256490134 -170.54047745732848 -133.31358349907373 602 604 -1
604 -22.42341211697924 -170.54095044162048 -133.35312572236856 603 605 -1
605 -22.62823614534441 -170.54079877751846 -133.39441192545667 604 606 -1
606 -22.83201544424882 -170.5399464628089 -133.4405414263551 605 607 -1
607 -23.033873016298077 -170.53835315948152 -133.49439956545044 606 608 -1
608 -23.232636217519346 -170.5359762500944 -133.55868986758017 607 609 -1
609 -23.427245982832915 -170.53269032821154 -133.63460134079483 608 610 -1
610 -23.617484753456054 -170.5283301786595 -133.72084177800684 609 611 -1
611 -23.80316506184547 -170.52270545628525 -133.81644874337866 610 612 -1
612 -23.98427693317585 -170.51565397408953 -133.92036881420375 611 613 -1
613 -24.160923874469912 -170.5070377516031 -134.03160593902024 612 614 -1
614 -24.333234987198995 -170.49671660319706 -134.14931509083786 613 615 -1
615 -24.501384890901896 -170.48455885356103 -134.27273217095922 614 616 -1
616 -24.665651463827835 -170.4704777794833 -134.40107937459734 615 617 -1
617 -24.82617392948826 -170.45431229343626 -134.53384476050812 616 618 -1
618 -24.983238949507342 -170.43597868081375 -134.67041037781323 617 619 -1
619 -25.137094043438374 -170.41537874381945 -134.8102685446575 618 620 -1
620 -25.287958599057113 -170.39239894502782 -134.95298623897656 619 621 -1
621 -25.43601742290487 -170.36689383029054 -135.09819264243205 620 622 -1
622 -25.581500349246944 -170.33875931241042 -135.24550204972192 621 623 -1
623 -25.72462204611723 -170.30788850895505 -135.39456609100554 622 624 -1
624 -25.865570334794448 -170.27415321025202 -135.5450734863371 623 625 -1
625 -26.004523717085604 -170.23741913223998 -135.6967296426847 624 626 -1
626 -26.14165129655548 -170.19754513435694 -135.84925232567318 625 627 -1
627 -26.2771128329305 -170.1543825155745 -136.00236758102793 626 628 -1
628 -26.411058850522227 -170.1077744023692 -136.1558058545495 627 629 -1
629 -26.543630735905786 -170.0575552509609 -136.3092982603807 628 630 -1
630 -26.67495269737249 -170.0035218961106 -136.462569405949 629 631 -1
631 -26.805155941044706 -169.94551083787152 -136.61533953579257 630 632 -1
632 -26.934337576419644 -169.88342890845507 -136.76737492067795 631 633 -1
633 -27.06253478638196 -169.81747254211817 -136.91861038202055 632 634 -1
634 -27.189780632961483 -169.74789929780758 -137.06902689564114 633 635 -1
635 -27.316116704844045 -169.67496252699158 -137.21861516294365 634 636 -1
636 -27.441592367411115 -169.5989109321351 -137.36737472058016 635 637 -1
637 -27.566264101349006 -169.51998842205242 -137.51531309430484 636 638 -1
638 -27.690194938861303 -169.43843423168653 -137.66244501174327 637 639 -1
639 -27.813454002235538 -169.35448327733954 -137.80879168315363 638 640 -1
640 -27.936109149556703 -169.26834053121271 -137.9543703530293 639 641 -1
641 -28.058249137641678 -169.18026311748125 -138.09922285302738 640 642 -1
642 -28.179960489519253 -169.0904791867455 -138.24338702831258 641 643 -1
643 -28.30133461168378 -168.9992144658204 -138.38690449323224 642 644 -1
644 -28.422468285516675 -168.90669517975311 -138.52982082552714 643 645 -1
645 -28.543463622556843 -168.81314495429766 -138.67218236439535 644 646 -1
646 -28.664431360206418 -168.7187927059379 -138.81403729648898 645 647 -1
647 -28.785488481748022 -168.6238932275923 -138.95545033380347 646 648 -1
648 -28.906756325866922 -168.52869317887544 -139.0964803312265 647 649 -1
649 -29.028372224890713 -168.43345375087796 -139.2371836407333 648 650 -1
650 -29.15047540307308 -168.33845699891074 -139.37762866064799 649 651 -1
651 -29.273206761851295 -168.2439923707592 -139.51788478877404 650 652 -1
652 -29.396754979695828 -168.15041321398257 -139.65801699096662 651 653 -1
653 -29.52125979009788 -168.058036439402 -139.79809994345862 652 654 -1
654 -29.646948377339054 -167.96731141600432 -139.93820464941706 653 655 -1
655 -29.77398638769206 -167.8786312672209 -140.07840059869352 654 656 -1
656 -29.9025948653154 -167.7924112383026 -140.2186989778549 655 657 -1
657 -30.032897569398283 -167.70851847806225 -140.35884506423525 656 658 -1
658 -30.164973998897445 -167.62659556126658 -140.49849537960316 657 659 -1
659 -30.298910778316106 -167.54625120263765 -140.63728852202686 658 660 -1
660 -30.43477744054177 -167.46704040112093 -140.7748520955971 659 661 -1
661 -30.57262058369029 -167.38847888082117 -140.91081230175362 660 662 -1
662 -30.712435981832762 -167.3099464536486 -141.04476014008887 661 663 -1
663 -30.854069726937848 -167.23050211285954 -141.17623583070554 662 664 -1
664 -30.997312213082168 -167.149198154924 -141.30479752264918 663 665 -1
665 -31.141909993424903 -167.0651790622176 -141.43005122540083 664 666 -1
666 -31.287569737399245 -166.9777235255947 -141.55166720764095 665 667 -1
667 -31.433974190489995 -166.88624706100214 -141.66936704358622 666 668 -1
668 -31.580795548146575 -166.79053877845254 -141.78311719630426 667 669 -1
669 -31.72773892865943 -166.69101946865737 -141.8933885804821 668 670 -1
670 -31.874561903517673 -166.58788081006912 -142.00044957155194 669 671 -1
671 -32.021067165031106 -166.48150340430539 -142.10474198329888 670 672 -1
672 -32.16706990355659 -166.37202328872525 -142.2064985539531 671 673 -1
673 -32.31242043991446 -166.25966055759127 -142.306022682591 672 674 -1
674 -32.45698694882012 -166.14458858796914 -142.4035743327934 673 675 -1
675 -32.60064051984827 -166.0269244613479 -142.4993676505795 674 676 -1
676 -32.743245756160086 -165.90674087704895 -142.59358699988928 675 677 -1
677 -32.88470752210222 -165.78417509531027 -142.68645144695506 676 678 -1
678 -33.02491628952188 -165.65930220277286 -142.77813504209237 677 679 -1
679 -33.16376385001386 -165.53218558927094 -142.86880129810478 678 680 -1
680 -33.30114174609821 -165.40287833336023 -142.95860458606995 679 681 -1
681 -33.43693983004481 -165.2714244088408 -143.04769141830508 680 682 -1
682 -33.571044910485284 -165.13785974670728 -143.13620162498535 681 683 -1
683 -33.703339452982036 -165.00221318363137 -143.2242694313781 682 684 -1
684 -33.8336949593711 -164.86450203415828 -143.3120239579655 683 685 -1
685 -33.96197836502421 -164.7247417591958 -143.39959196560932 684 686 -1
686 -34.088058186292514 -164.58295213689382 -143.4870974652822 685 687 -1
687 -34.2117859016933 -164.43914127306442 -143.57466124377794 686 688 -1
688 -34.33300190818231 -164.29331422075893 -143.6624026855759 687 689 -1
689 -34.451534045100935 -164.14547382394227 -143.75044033028598 688 690 -1
690 -34.56719604008084 -163.99562164686355 -143.83889233857397 689 691 -1
691 -34.679785874100745 -163.84375902336092 -143.92787685532207 690 692 -1
692 -34.78908406938427 -163.68988826391532 -144.01751225414435 691 693 -1
693 -34.89485191239778 -163.5340140621609 -144.1079172420862 692 694 -1
694 -34.99682963550385 -163.37614514643474 -144.1992107974085 693 695 -1
695 -35.09472781577792 -163.2162931963905 -144.29151365144673 694 696 -1
696 -35.188168573708744 -163.05445301290825 -144.38496304120963 695 697 -1
697 -35.27687434761545 -162.89068791740385 -144.4796620576692 696 698 -1
698 -35.360596618627476 -162.72509973673945 -144.57571766279491 697 699 -1
699 -35.43953767419795 -162.55800516206244 -144.6732051460579 698 700 -1
700 -35.51402587963737 -162.38976638049843 -144.77221924721857 699 701 -1
701 -35.58451727536333 -162.2207603970232 -144.87284129964317 700 702 -1
702 -35.65153868862432 -162.05134941526933 -144.97514070921002 701 703 -1
703 -35.71559706278131 -161.8818676661857 -145.0792077098084 702 704 -1
704 -35.77717533962482 -161.71264642149734 -145.18517927566876 703 705 -1
705 -35.83688006369621 -161.54399077946374 -145.29310686390653 704 706 -1
706 -35.89526123440522 -161.37618865065272 -145.40306999647032 705 707 -1
707 -35.952859497741954 -161.2095172519084 -145.51514564300226 706 708 -1
708 -36.010211220727804 -161.04427592500772 -145.6294429931666 707 709 -1
709 -36.067843799327164 -160.88069391902954 -145.74596345251825 708 710 -1
710 -36.1262455575563 -160.71901750050537 -145.86473793896056 709 711 -1
711 -36.18587674165873 -160.5594845311704 -145.98577753768836 710 712 -1
712 -36.24721252529769 -160.40220306377046 -146.10889460395796 711 713 -1
713 -36.310875566944816 -160.2468514593224 -146.2332747167105 712 714 -1
714 -36.37753997661128 -160.09302787689475 -146.3579806088867 713 715 -1
715 -36.44790697249252 -159.94036874397105 -146.4820797681587 714 716 -1
716 -36.52266182421972 -159.78854514222934 -146.60462500889037 715 717 -1
717 -36.602537403776715 -159.63728881175874 -146.72460877172315 716 718 -1
718 -36.68829373422281 -159.4863950774048 -146.84092623143664 717 719 -1
719 -36.7807073887854 -159.33574163233328 -146.95234282199962 718 720 -1
720 -36.8805474059302 -159.1853145066896 -147.05746774180577 719 721 -1
721 -36.988533144027365 -159.0352408445149 -147.15474001921072 720 722 -1
722 -37.10534588792453 -158.88583495363923 -147.24234369539255 721 723 -1
723 -37.231445900414116 -158.73763953727482 -147.3183255795602 722 724 -1
724 -37.36680274116126 -158.59140210568773 -147.38095909388346 723 725 -1
725 -37.51109757788558 -158.44808304880786 -147.4285478208252 724 726 -1
726 -37.66356567739447 -158.3087759920637 -147.4597410601226 725 727 -1
727 -37.82302725243461 -158.17459158713618 -147.47371244346692 726 728 -1
728 -37.98798418394653 -158.04649187691138 -147.47034199341095 727 729 -1
729 -38.15682110645065 -157.92515694423784 -147.45021059914782 728 730 -1
730 -38.328011703021986 -157.810935961063 -147.41443029223495 729 731 -1
731 -38.500254649759164 -157.70377419010944 -147.36460202907026 730 732 -1
732 -38.6725607758445 -157.6035010107893 -147.30218006973448 731 733 -1
733 -38.84416654010037 -157.5098498844475 -147.22853050118064 732 734 -1
734 -39.01454603846736 -157.42236551313857 -147.14508448194027 733 735 -1
735 -39.18338340920274 -157.34047650810572 -147.05323868583883 734 736 -1
736 -39.35046295998152 -157.26376334633835 -146.95399589900367 735 737 -1
737 -39.51567031188602 -157.19178867974105 -146.84827322257604 736 738 -1
738 -39.67897121054397 -157.12411549499237 -146.73689465307956 737 739 -1
739 -39.84039205680555 -157.06032038338776 -146.62059042443062 738 740 -1
740 -40.0 -157.0 -146.5 739 741 742
741 -39.91269240640882 -157.15202050271373 -146.5704542102069 740 743 -1
742 -39.98312557235044 -156.77488486253642 -146.51583658977563 740 744 -1
743 -39.824296552430695 -157.3024224627499 -146.64306686522195 741 745 -1
744 -39.98378118252729 -156.54888293322358 -146.52805771311154 742 746 -1
745 -39.73480237098924 -157.4510944639718 -146.71786385796216 743 747 -1
746 -40.000774345449166 -156.32333344575207 -146.5363438580124 744 748 -1
747 -39.64424266261823 -157.59796503607305 -146.7949028898818 745 749 -1
748 -40.03271918293406 -156.0992925878409 -146.5406859556635 746 750 -1
749 -39.55264804334252 -157.74294933171208 -146.874256251652 747 751 -1
750 -40.07803843193391 -155.87752015731007 -146.54114575087956 748 752 -1
751 -39.46004744859518 -157.88594404196192 -146.95601575778545 749 753 -1
752 -40.13508544014917 -155.6584885137614 -146.5378342430684 750 754 -1
753 -39.366477967461734 -158.02684206622254 -147.04027409615475 751 755 -1
754 -40.20228034276952 -155.44243465632613 -146.5308749115091 752 756 -1
755 -39.27198543560952 -158.16553268421762 -147.12712450554383 753 757 -1
756 -40.27811464998958 -155.22939827209717 -146.52040348559254 754 758 -1
757 -39.176625034370105 -158.30190176936676 -147.21666041580463 755 759 -1
758 -40.36121470454744 -155.0192816725394 -146.5065425826569 756 760 -1
759 -39.0804618916073 -158.43583204619486 -147.30897504897143 757 761 -1
760 -40.450332618380955 -154.81188790210442 -146.4893985751972 758 762 -1
761 -38.98357167943216 -158.56720339427815 -147.40416097980838 759 763 -1
762 -40.5443399053538 -154.60695385673665 -146.4690561470112 760 764 -1
763 -38.88604120323561 -158.69589320101798 -147.50230965441125 761 765 -1
764 -40.64221287177109 -154.40417463582307 -146.44557447927787 762 766 -1
765 -38.787963990378074 -158.8217431484956 -147.60354687734466 763 767 -1
766 -40.743005991391776 -154.20321513428573 -146.4189943313401 764 768 -1
767 -38.689454304847814 -158.94461930283626 -147.7079666808658 765 769 -1
768 -40.84584710497966 -154.00373052158128 -146.38932192429218 766 770 -1
769 -38.59064022027991 -159.0643746237968 -147.8156721323852 767 771 -1
770 -40.949969927364954 -153.80539787242947 -146.3565554326077 768 772 -1
771 -38.49166623289647 -159.1808688804749 -147.9267542427413 769 773 -1
772 -41.0547894227485 -153.60797292461694 -146.32067509534147 770 774 -1
773 -38.39269599505262 -159.29390017597115 -148.04136084069842 771 775 -1
774 -41.15974758282495 -153.41121830016647 -146.28165516180508 772 776 -1
775 -38.293914277833714 -159.40334172109928 -148.15955676869063 773 777 -1
776 -41.26428626169798 -153.21489899947582 -146.2394473578206 774 778 -1
777 -38.1955271984079 -159.50902105850523 -148.28144688899835 775 779 -1
778 -41.36783693480938 -153.01878180642657 -146.19399099257996 776 780 -1
779 -38.0977653330413 -159.6107677554021 -148.40712655305754 777 781 -1
780 -41.469809944129075 -152.82263793847292 -146.1452072321308 778 782 -1
781 -38.0008841911329 -159.7084151143761 -148.53667977728156 779 783 -1
782 -41.56958724150228 -152.6262454918368 -146.09300600933966 780 784 -1
783 -37.90517037589893 -159.8017840875154 -148.670193573129 781 785 -1
784 -41.66650529974829 -152.42939203194334 -146.03727747184624 782 786 -1
785 -37.810941910008715 -159.89069764535793 -148.8077432212143 783 787 -1
786 -41.759851565227784 -152.23188030946673 -145.9779048128858 784 788 -1
787 -37.7185250569355 -159.97503775872886 -148.9493419208937 785 789 -1
788 -41.84884919313755 -152.03353440795473 -145.9147609609606 786 790 -1
789 -37.6283228713528 -160.05458518121313 -149.09508078023413 787 791 -1
790 -41.93264522830751 -151.83420862462486 -145.84771320040392 788 792 -1
791 -37.54071409094526 -160.12925386435077 -149.2449236538351 789 793 -1
792 -42.010297884320316 -151.6337993625633 -145.7766286215389 790 794 -1
793 -37.456139837517135 -160.19890048483518 -149.3988716672514 791 795 -1
794 -42.08078720434191 -151.43226419878434 -145.70139363485114 792 796 -1
795 -37.375076184887185 -160.26339792758475 -149.55689699904445 793 797 -1
796 -42.143286540938455 -151.22971562051114 -145.6219396001643 794 798 -1
797 -37.29800824036977 -160.3226685815857 -149.71891678699944 795 799 -1
798 -42.19775067994364 -151.02652428084536 -145.53832034738934 796 800 -1
799 -37.22544253346357 -160.3766590618122 -149.88481381919493 797 801 -1
800 -42.2443222899787 -150.8230890163232 -145.45062347736342 798 802 -1
801 -37.15792432026628 -160.42532377766514 -150.05444636137 799 803 -1
802 -42.28322161943102 -150.61979096387896 -145.3589571725149 800 804 -1
803 -37.09597583876172 -160.46868723651107 -150.22760411826584 801 805 -1
804 -42.31473880405376 -150.41698442223793 -145.2634448185445 802 806 -1
805 -37.040123362293755 -160.50680532918034 -150.40403746117883 803 807 -1
806 -42.339221683712225 -150.2149903493998 -145.1642182347819 804 808 -1
807 -36.99088810961511 -160.53977063043573 -150.58345384582017 805 809 -1
808 -42.357069281146806 -150.01409154706545 -145.06141475922132 806 810 -1
809 -36.94881366719387 -160.56769197263537 -150.7655277191939 807 811 -1
810 -42.368720955389605 -149.81452997406672 -144.95517295546608 808 812 -1
811 -36.914300001397855 -160.59079813986975 -150.94985184791483 809 813 -1
812 -42.3746409992193 -149.61650759931874 -144.84562626985476 810 814 -1
813 -36.88781861202504 -160.60928608754926 -151.13601632824347 811 815 -1
814 -42.37531140172362 -149.42018773486674 -144.73290136213282 812 816 -1
815 -36.86967757103342 -160.62345649646397 -151.3235536045261 813 817 -1
816 -42.37122369521808 -149.22569781098824 -144.61711609577162 814 818 -1
817 -36.860184026299166 -160.63361063305717 -151.51198619848637 815 819 -1
818 -42.362872231683255 -149.03313293117705 -144.49837828165585 816 820 -1
819 -36.85953102691558 -160.64010020189386 -151.70081821722388 817 821 -1
820 -42.35074888631424 -148.84255985629065 -144.37678506832742 818 822 -1
821 -36.86780811816493 -160.64330717320064 -151.88955478424973 819 823 -1
822 -42.33533909648419 -148.65402113564548 -144.2524228625317 820 824 -1
823 -36.88509557117131 -160.64360103138932 -152.0777078839336 821 825 -1
824 -42.31711908855438 -148.46753917411593 -144.12536766750384 822 826 -1
825 -36.910934436461815 -160.64139876134587 -152.26486843797855 823 827 -1
826 -42.29655411663123 -148.2831200900551 -143.99568573839127 824 828 -1
827 -36.94450703115412 -160.63708628878553 -152.45076398076299 825 829 -1
828 -42.27409752956819 -148.10075727457237 -143.86343447036228 826 830 -1
829 -36.984996277223594 -160.63103487073369 -152.6352308424295 827 831 -1
830 -42.25018931439162 -147.9204369490548 -143.72866057769312 828 832 -1
831 -37.03163388316407 -160.6235945549496 -152.81819119528245 829 833 -1
832 -42.225260554205825 -147.7421348403258 -143.5914088612671 830 834 -1
833 -37.08369314832696 -160.61509475158587 -152.9996386646663 831 835 -1
834 -42.19972938569378 -147.56582548380297 -143.451715071771 832 836 -1
835 -37.140525313478776 -160.60583733274203 -153.17961234630397 833 837 -1
836 -42.174004383712315 -147.39148023103456 -143.30961237239873 834 838 -1
837 -37.201527634866856 -160.59610396871676 -153.35819141935406 835 839 -1
838 -42.14848488422963 -147.21907151736806 -143.16512978899854 836 840 -1
839 -37.26615407632093 -160.58615535382472 -153.53548008557814 837 841 -1
840 -42.123561394833324 -147.04857125611963 -143.01829761197047 838 842 -1
841 -37.333908429750956 -160.5762342677527 -153.7115994200913 839 843 -1
842 -42.09961779133785 -146.87995720200317 -142.8691427585549 840 844 -1
843 -37.40433942808042 -160.56656875990373 -153.88668053852135 841 845 -1
844 -42.077030789077064 -146.71320977769022 -142.71769567267972 842 846 -1
845 -37.477050095521356 -160.55738190082712 -154.0608536219872 843 847 -1
846 -42.056168016298734 -146.5483143508532 -142.56399059579903 844 848 -1
847 -37.55163198265327 -160.54887879260835 -154.23426884737927 845 849 -1
848 -42.03725791358817 -146.38526388021742 -142.40808047621397 846 850 -1
849 -37.627732859842304 -160.5412659041954 -154.40706463889666 847 851 -1
850 -42.02031305751232 -146.22405478507548 -142.25004394331344 848 852 -1
851 -37.70501283582333 -160.53474864626702 -154.57938136302062 849 853 -1
852 -42.00532655583995 -146.06468255639632 -142.08995966928495 850 854 -1
853 -37.78313753653494 -160.52951819705675 -154.75136075560138 851 855 -1
854 -41.992291402061866 -145.9071416050406 -141.92790400136576 852 856 -1
855 -37.861795541949206 -160.52579368942207 -154.9231360849756 853 857 -1
856 -41.98120054419359 -145.7514253967456 -141.7639509953415 854 858 -1
857 -37.940668627373405 -160.52375887218932 -155.09484097246334 855 859 -1
858 -41.972046947660395 -145.5975265784809 -141.59817245710465 856 860 -1
859 -38.01944515134754 -160.52365077274567 -155.26660197704092 857 861 -1
860 -41.96482365256791 -145.44543709634883 -141.43063799106727 858 862 -1
861 -38.09781250859444 -160.52566032665018 -155.43853802195503 859 863 -1
862 -41.95952382567349 -145.29514830526267 -141.26141505433137 860 864 -1
863 -38.17544242315444 -160.5300388374547 -155.61076395281333 861 865 -1
864 -41.956142467852786 -145.14665261959564 -141.09056766078683 862 866 -1
865 -38.252008381798206 -160.53700190821868 -155.78338007696917 863 867 -1
866 -41.95467228248391 -144.99993970473844 -140.9181599742533 864 868 -1
867 -38.327176982920996 -160.54677484864456 -155.9564731453127 865 869 -1
868 -41.95510662904733 -144.85499929635566 -140.74425378770047 866 870 -1
869 -38.40077633413622 -160.55927611125918 -156.13006450544404 867 871 -1
870 -41.95744191972787 -144.7118234641997 -140.56890693303163 868 872 -1
871 -38.47273143961858 -160.57425359918315 -156.30414882841643 869 873 -1
872 -41.961671433943536 -144.5704009110565 -140.39217810050195 870 874 -1
873 -38.5429430611547 -160.59148498227955 -156.4787360346593 871 875 -1
874 -41.96779089777042 -144.43072219544595 -140.21412267790083 872 876 -1
875 -38.611351538258575 -160.61069423762228 -156.65383202951554 873 877 -1
876 -41.97579597374304 -144.292777438558 -140.03479475715315 874 878 -1
877 -38.677873939174575 -160.63163306685766 -156.82945585982347 875 879 -1
878 -41.98568271791708 -144.15655678539733 -139.8542468674868 876 880 -1
879 -38.74242103803218 -160.65404875287567 -157.00563370918914 877 881 -1
880 -41.99744672065885 -144.0220496568544 -139.67253057625288 878 882 -1
881 -38.80492894757589 -160.67766597139288 -157.18238897356161 879 883 -1
882 -42.01108693474302 -143.88924826464043 -139.48969426376334 880 884 -1
883 -38.865317110651276 -160.7022179919292 -157.35975281862343 881 885 -1
884 -42.02659845232641 -143.7581410729139 -139.30578752221413 882 886 -1
885 -38.92348832225987 -160.7274345055106 -157.53776322483813 883 887 -1
886 -42.043979702959895 -143.62871936975193 -139.12085693654421 884 888 -1
887 -38.979369241758654 -160.75303026111854 -157.716451802097 885 889 -1
888 -42.0632305605703 -143.50097554519968 -138.93494745203682 886 890 -1
889 -39.0328740962465 -160.77871862970528 -157.8958528134539 887 891 -1
890 -42.08434803265527 -143.3748992606871 -138.7481046143222 888 892 -1
891 -39.08391041990489 -160.80420599375995 -158.07600005597766 889 893 -1
892 -42.10733153686835 -143.25048221053248 -138.5603718567138 890 894 -1
893 -39.13238150953013 -160.8291902059449 -158.25692445020292 891 895 -1
894 -42.132180946916 -143.12771638159353 -138.37179163387867 892 896 -1
895 -39.17817657553087 -160.85335604429505 -158.438655104409 893 897 -1
896 -42.158896699550795 -143.00659416692451 -138.18240544029467 894 898 -1
897 -39.22119973783709 -160.87638486285857 -158.62120852096578 895 899 -1
898 -42.18748025907492 -142.88710878731752 -137.9922537016865 896 900 -1
899 -39.26134170703988 -160.8979469444787 -158.80459502536468 897 901 -1
900 -42.21793190583138 -142.7692523777205 -137.80137670591756 898 902 -1
901 -39.29848782966726 -160.9177024754116 -158.98881396553674 899 903 -1
902 -42.2502533730045 -142.65301831607653 -137.60981357364997 900 904 -1
903 -39.33251967780435 -160.93530232648723 -159.17385075048378 901 905 -1
904 -42.28444685850214 -142.53840036883744 -137.41760274130178 902 906 -1
905 -39.36331594544605 -160.95038904793577 -159.3596740262884 903 907 -1
906 -42.32051502362716 -142.42539270468558 -137.22478201665638 904 908 -1
907 -39.390755041024704 -160.9626011707742 -159.54623241646695 905 909 -1
908 -42.35846099083776 -142.31398990676297 -137.03138863347095 906 910 -1
909 -39.414857634585374 -160.9718599811119 -159.73342138620637 907 911 -1
910 -42.39828834062719 -142.20418698352637 -136.83745930510258 908 912 -1
911 -39.43594182462407 -160.97867247907433 -159.92108032878588 909 913 -1
912 -42.440001107544816 -142.09597937833556 -136.6430302771744 910 914 -1
913 -39.454380950688254 -160.98363520636343 -160.10907656022383 911 915 -1
914 -42.48360377537282 -141.9893629778727 -136.44813737930812 912 916 -1
915 -39.470562172450315 -160.98735566209302 -160.29731000994278 913 917 -1
916 -42.52910127146474 -141.88433411947972 -136.25281607595204 914 918 -1
917 -39.484881503979494 -160.99044733558424 -160.4857061414515 915 919 -1
918 -42.576499705499 -141.78089021588258 -136.05710137630405 916 920 -1
919 -39.497740127957606 -160.99352625102395 -160.67420808978918 917 921 -1
920 -42.62580445587972 -141.67902817169843 -135.8610282759958 918 922 -1
921 -39.50954172148293 -160.99720852727336 -160.86276838225592 919 923 -1
922 -42.677021547599274 -141.57874555024952 -135.66463148715502 920 924 -1
923 -39.52069022653725 -161.00211013719385 -161.05134045679293 921 925 -1
924 -42.73015760257945 -141.48004053951266 -135.46794551289446 922 926 -1
925 -39.53158970408453 -161.00884164406412 -161.23987019070006 923 927 -1
926 -42.78521964519449 -141.382911801226 -135.27100473229046 924 928 -1
927 -39.5426404032056 -161.01800556280665 -161.42828785779525 925 929 -1
928 -42.84221509131919 -141.2873584730527 -135.07384344645422 926 930 -1
929 -39.55423715671736 -161.03019425118688 -161.6165002913495 927 931 -1
930 -42.90115199468401 -141.19338037872188 -134.8764959037768 928 932 -1
931 -39.56676686750256 -161.0459837148391 -161.8043839002167 929 933 -1
932 -42.96203976483615 -141.10097861275133 -134.6789963243141 930 934 -1
933 -39.580604975105416 -161.06589430590154 -161.99178255830046 931 935 -1
934 -43.02488551214407 -141.0101526067603 -134.4813791847738 932 936 -1
935 -39.596117990861394 -161.0897793184488 -162.1785856182504 933 937 -1
936 -43.0896980826382 -140.9209034046511 -134.2836789265062 934 938 -1
937 -39.61366712797585 -161.11688351530557 -162.36476894130777 935 939 -1
938 -43.15648664338215 -140.83323252674492 -134.0859301326202 936 940 -1
939 -39.63360750322353 -161.14644849044677 -162.5503364922008 937 941 -1
940 -43.22526154601468 -140.7471426667571 -133.8881675795151 938 942 -1
941 -39.65628993897336 -161.17773608870118 -162.73530584264205 939 943 -1
942 -43.296032941281574 -140.66263659734832 -133.69042631769392 940 944 -1
943 -39.682047354771434 -161.21002230415667 -162.91969983313874 941 945 -1
944 -43.36880964297538 -140.57971629431165 -133.49274161733422 942 946 -1
945 -39.71120701238125 -161.24260492613024 -163.1035337182228 943 947 -1
946 -43.443601906681415 -140.4983851523629 -133.29514904564354 944 948 -1
947 -39.74408447413104 -161.2747973383585 -163.2868074780032 945 949 -1
948 -43.52042076239914 -140.4186474610138 -133.09768455944806 946 950 -1
949 -39.78098030992498 -161.30592739125566 -163.46949809121364 947 951 -1
950 -43.59927812381931 -140.3405084986168 -132.9003846063199 948 952 -1
951 -39.822183457386416 -161.33533367863512 -163.65155160648442 949 953 -1
952 -43.68018307540398 -140.26397164303287 -132.70328579472906 950 954 -1
953 -39.86778007572746 -161.36249049573914 -163.83290602250403 951 955 -1
954 -43.763146586305844 -140.18904208403265 -132.50642530025132 952 956 -1
955 -39.9172328154545 -161.3873019308217 -164.01358563302912 953 957 -1
956 -43.8481804109563 -140.11572596850283 -132.30984089352808 954 958 -1
957 -39.96994782009401 -161.40974052736817 -164.19365314639762 955 959 -1
958 -43.935296817843344 -140.04403020145335 -132.11357099545208 956 960 -1
959 -40.02537977584416 -161.42975802155664 -164.3731901491626 957 961 -1
960 -44.02450524047919 -139.97395986236512 -131.91765413020067 958 962 -1
961 -40.08296658310636 -161.4473406172773 -164.55230381314027 959 963 -1
962 -44.11581687513472 -139.9055217985765 -131.72212964847617 960 964 -1
963 -40.142188175484904 -161.4624591906438 -164.7311095404589 961 965 -1
964 -44.20924381014542 -139.83872395956968 -131.52703773014926 962 966 -1
965 -40.20255191040013 -161.4750492151161 -164.9097293830548 963 967 -1
966 -44.30479779268381 -139.773574457603 -131.3324192113424 964 968 -1
967 -40.26355365168019 -161.48509540770394 -165.0882937032128 965 969 -1
968 -44.40248822487371 -139.71008003510798 -131.13831507872715 966 970 -1
969 -40.3247131505811 -161.49252869296546 -165.26693192813502 967 971 -1
970 -44.50232591239089 -139.64824898647186 -130.94476734346975 968 972 -1
971 -40.38554502597936 -161.4972932481153 -165.44577280571613 969 973 -1
972 -44.60432250341718 -139.5880907410568 -130.7518190566646 970 974 -1
973 -40.445568869070364 -161.49933573883757 -165.624937983205 971 975 -1
974 -44.708488723480194 -139.52961451559554 -130.55951389010235 972 976 -1
975 -40.50427739775226 -161.49855050237795 -165.8045479037932 973 977 -1
976 -44.814833152702256 -139.47282838262979 -130.36789570007906 974 978 -1
977 -40.561181775800776 -161.49488792762264 -165.9847013691422 975 979 -1
978 -44.923365441301655 -139.41774178135714 -130.17700952423678 976 980 -1
979 -40.61575232701201 -161.48824237482904 -166.1654897788498 977 981 -1
980 -45.034095729092634 -139.36436509065942 -129.98690153711766 978 982 -1
981 -40.66744430314684 -161.47851551781724 -166.34698225248113 979 983 -1
982 -45.1470333849417 -139.31270867126466 -129.7976186791543 980 984 -1
983 -40.71571743915214 -161.4656268992465 -166.52921669062798 981 985 -1
984 -45.262185052356166 -139.26278135412943 -129.60920785038016 982 986 -1
985 -40.7599706521786 -161.4494581135373 -166.71220746128148 983 987 -1
986 -45.3795583078831 -139.21459330915283 -129.42171730836165 984 988 -1
987 -40.799604368657576 -161.42991414401814 -166.89592460734676 985 989 -1
988 -45.499160557173155 -139.16815520904035 -129.23519635047333 986 990 -1
989 -40.83402528957413 -161.40691870951565 -167.08028992352146 987 991 -1
990 -45.62099937447388 -139.12347852268002 -129.04969555735101 988 992 -1
991 -40.86260822814637 -161.38038981986136 -167.2651761639469 989 993 -1
992 -45.745078164500526 -139.08057210623704 -128.86526474993005 990 994 -1
993 -40.88491064796313 -161.35032447722855 -167.45038544164268 991 995 -1
994 -45.871401369705154 -139.03944631649185 -128.68195535889467 992 996 -1
995 -40.90139959886808 -161.31707460298583 -167.6356610461393 993 997 -1
996 -46.0 -139.0 -128.5 994 998 999
997 -40.91271470357025 -161.2810354798055 -167.82080550479557 995 1000 -1
998 -45.91094145331748 -139.03412188688162 -128.32346186239624 996 1001 -1
999 -46.12202808018747 -138.87551121407384 -128.38037408384776 996 1002 -1
1000 -40.91949347963329 -161.24258592741913 -168.00568851214234 997 1003 -1
1001 -45.8138902788229 -139.06748917471285 -128.15105459126775 998 1004 -1
1002 -46.2458483578765 -138.75600680713453 -128.25758674577085 999 1005 -1
1003 -40.92240717703226 -161.20210911383955 -168.19024122057462 1000 1006 -1
1004 -45.70907448755816 -139.1000486555018 -127.98309729985375 1001 1007 -1
1005 -46.37136134124434 -138.64156408882172 -128.1317340243095 1002 1008 -1
1006 -40.922128849064556 -161.15997717650228 -168.3744472080676 1003 1009 -1
1007 -45.596810729329654 -139.13176759357665 -127.81985817122518 1004 1010 -1
1008 -46.49843475540957 -138.53225430948663 -128.00291871657785 1005 1011 -1
1009 -40.91929187998317 -161.11653216485226 -168.55832730334183 1006 1012 -1
1010 -45.47749089915888 -139.16262810004295 -127.66153082361134 1007 1013 -1
1011 -46.626927994224815 -138.42811662691906 -127.87125778966177 1008 1014 -1
1012 -40.914532492096285 -161.07211025837233 -168.74193478374983 1009 1015 -1
1013 -45.351465564734404 -139.19261408117066 -127.50831108348108 1010 1016 -1
1014 -46.756692702046095 -138.32914798378317 -127.73688441441455 1011 1017 -1
1015 -40.90848254801977 -161.0270397745799 -168.92534658967702 1012 1018 -1
1016 -45.21928471584923 -139.22174529131613 -127.36019727099745 1013 1019 -1
1017 -46.887579747818975 -138.23531944530126 -127.5999363150436 1014 1020 -1
1018 -40.90174699842102 -160.98163182324768 -169.1086514848018 1015 1021 -1
1019 -45.08153144918669 -139.25005975377132 -127.21708546977035 1016 1022 -1
1020 -47.01943850693313 -138.14656359536897 -127.4605599150745 1017 1023 -1
1021 -40.89493681258107 -160.93619858668228 -169.29194738040962 1018 1024 -1
1022 -44.93870868041409 -139.27759697703874 -127.07887188197577 1019 1025 -1
1023 -47.15212042954514 -138.06277964223827 -127.31890537767616 1020 1026 -1
1024 -40.88864959303024 -160.89104526736512 -169.47533092259454 1021 1027 -1
1025 -44.79128079895557 -139.3044027131579 -126.94543000749265 1022 1028 -1
1026 -47.28548144200734 -137.98383666693002 -127.17512336067864 1023 1029 -1
1027 -40.883499203462954 -160.8464870412165 -169.65889496930592 1024 1030 -1
1028 -44.63986435141433 -139.33056023868568 -126.81639720569497 1025 1031 -1
1029 -47.41938366521686 -137.90957561112504 -127.0293628762553 1026 1032 -1
1030 -40.879982236154774 -160.80283064753777 -169.8427137088099 1027 1033 -1
1031 -44.48494145283286 -139.35614369029852 -126.69147423228556 1028 1034 -1
1032 -47.553696881880086 -137.83981221586768 -126.88176917946502 1029 1035 -1
1033 -40.878175053525226 -160.7604018799566 -170.026844289763 1030 1036 -1
1034 -44.326914993304314 -139.3812253197589 -126.57039378361236 1031 1037 -1
1035 -47.68830028277664 -137.77435536691073 -126.73247618783056 1032 1038 -1
1036 -40.87801096043919 -160.71953020252252 -170.2113353019335 1033 1039 -1
1037 -44.16626244010371 -139.40589928615438 -126.45273242934421 1034 1040 -1
1038 -47.823080417396184 -137.7129632072217 -126.58162342855279 1035 1041 -1
1039 -40.879413543712204 -160.68053557799914 -170.39622667801723 1036 1042 -1
1040 -44.00339403045023 -139.43025650830927 -126.3380886092002 1037 1043 -1
1041 -47.95793511130235 -137.6553940955445 -126.4293360644976 1038 1044 -1
1042 -40.882329985432094 -160.643773545158 -170.58155694768536 1039 1045 -1
1043 -43.838672441229555 -139.45438676602205 -126.22607287185058 1040 1046 -1
1044 -48.092771966066216 -137.6013967029475 -126.27572962983207 1041 1047 -1
1045 -40.88668606702219 -160.60957737989872 -170.76734915097643 1042 1048 -1
1046 -43.67241476358238 -139.47838013424456 -126.11631870674553 1043 1049 -1
1047 -48.227507781621895 -137.55071184340633 -126.12091004308095 1044 1050 -1
1048 -40.892412631077825 -160.57828897729468 -170.953615635058 1045 1051 -1
1049 -43.504957457155065 -139.50233146773024 -126.00839362850698 1046 1052 -1
1050 -48.36206933147972 -137.50305611135414 -125.96498036472936 1047 1053 -1
1051 -40.89945413104166 -160.55029400993985 -171.1403600673969 1048 1054 -1
1052 -43.33658060069553 -139.52633500871173 -125.90192009046204 1049 1055 -1
1053 -48.49639198273846 -137.45815129015054 -125.80803108445802 1050 1056 -1
1054 -40.907733065044866 -160.52593506486502 -171.32756215585698 1051 1057 -1
1055 -43.16748699483789 -139.55049141791966 -125.79662310986328 1052 1058 -1
1056 -48.63041845849819 -137.4157191234274 -125.65014300976138 1053 1059 -1
1057 -40.91717746306587 -160.50557137656708 -171.51518528772232 1054 1060 -1
1058 -42.9978577093846 -139.5749023737294 -125.69225017454356 1055 1061 -1
1059 -48.76409898619254 -137.3754739945878 -125.49139105059604 1056 1062 -1
1060 -40.927733715938636 -160.48948598514073 -171.70316435228992 1057 1063 -1
1061 -42.82786452564765 -139.59967339158325 -125.58855614752495 1058 1064 -1
1062 -48.89739107209023 -137.3371255028968 -125.33184467661225 1059 1065 -1
1063 -40.93936927278782 -160.47762883930554 -171.89139385879048 1060 1066 -1
1064 -42.657680003695454 -139.6249084082958 -125.48528866424341 1061 1067 -1
1065 -49.03025710718819 -137.300387926988 -125.17156528058418 1062 1068 -1
1066 -40.95205482257436 -160.46988940166696 -172.07977002451744 1063 1069 -1
1067 -42.487472590539035 -139.65070729906734 -125.38219841643911 1064 1070 -1
1068 -49.16266385112165 -137.2649765649601 -125.01060852173372 1065 1071 -1
1069 -40.96576553971648 -160.4661724888101 -172.2681970343347 1066 1072 -1
1070 -42.317407749015395 -139.67717432545547 -125.27904237386447 1067 1073 -1
1071 -49.29458099996881 -137.23060831920534 -124.84902470252018 1068 1074 -1
1072 -40.98047617202667 -160.46637902104163 -172.4565853369215 1069 1075 -1
1073 -42.14765319377011 -139.70441570701334 -125.1755774872399 1070 1076 -1
1074 -49.42598351327951 -137.1969969432779 -124.68686326267331 1071 1077 -1
1075 -40.996149960061736 -160.47036257519136 -172.64485405729334 1072 1078 -1
1076 -41.97838126461935 -139.73254010039105 -125.0715598432263 1073 1079 -1
1077 -49.556847245812676 -137.16386128117614 -124.52416903001304 1074 1080 -1
1078 -41.01275677854877 -160.47800067203744 -172.8329302561635 1075 1081 -1
1079 -41.80978128672269 -139.76167202299365 -124.96673168154507 1076 1082 -1
1080 -49.68714939812355 -137.13092189343885 -124.36098490439967 1077 1083 -1
1081 -41.030272878402144 -160.48919366954496 -173.02074602258503 1078 1084 -1
1082 -41.64204448006881 -139.79192502228727 -124.86084229257065 1079 1085 -1
1083 -49.816867775199675 -137.09790113450237 -124.19735274641788 1080 1086 -1
1084 -41.048658077598354 -160.5037757699752 -173.20824600858631 1081 1087 -1
1085 -41.47536895071129 -139.8234115313176 -124.75364550316212 1082 1088 -1
1086 -49.94597910629642 -137.0645222338564 -124.03331370045692 1083 1089 -1
1087 -41.06788253350783 -160.52161985948624 -173.39537970348874 1084 1090 -1
1088 -41.309972511473184 -139.8562544683978 -124.64488665581176 1085 1091 -1
1089 -50.07446077927061 -137.03051085013254 -123.86891068609343 1086 1092 -1
1090 -41.087920630776736 -160.54261337219296 -173.58210094639816 1087 1093 -1
1091 -41.146091168231 -139.89058069521462 -124.53430802314539 1088 1094 -1
1092 -50.20228876123356 -136.9955954687061 -123.7041880540324 1089 1095 -1
1093 -41.10873362851327 -160.56659150368057 -173.76837762523448 1090 1096 -1
1094 -40.984030687175554 -139.92656237071478 -124.42159378426162 1091 1097 -1
1095 -50.32943651607095 -136.959506443599 -123.53919230461746 1092 1098 -1
1096 -41.130296931763404 -160.59344264456638 -173.95417658718827 1093 1099 -1
1097 -40.82404282733561 -139.96430242202652 -124.30652006507314 1094 1100 -1
1098 -50.45587721210589 -136.9219972703083 -123.37397022825351 1095 1101 -1
1099 -41.15257844831634 -160.62302509173657 -174.13947546498107 1096 1102 -1
1100 -40.666438452586405 -140.00393730413828 -124.1888253949023 1097 1103 -1
1101 -50.5816108978931 -136.88308518385227 -123.20853305314373 1098 1104 -1
1102 -41.17554826751578 -160.65520458868446 -174.32425696377064 1099 1105 -1
1103 -40.51160745864068 -140.04563925255167 -124.06820173229053 1100 1106 -1
1104 -50.70665839048024 -136.84296917258763 -123.0428633699465 1101 1107 -1
1105 -41.19918207352954 -160.68986686369516 -174.5085050441522 1102 1108 -1
1106 -40.359948155965405 -140.08955658418364 -123.94437944338699 1103 1109 -1
1107 -50.831041935341375 -136.8018493050019 -122.87694007198809 1104 1110 -1
1108 -41.22344741442028 -160.7268666028652 -174.69221583863728 1105 1111 -1
1109 -40.21183722732749 -140.1357971322193 -123.81715619587388 1106 1112 -1
1110 -50.95478361269675 -136.759922610688 -122.71073890381292 1107 1113 -1
1111 -41.24832405334532 -160.76610296476946 -174.87538011259218 1108 1114 -1
1112 -40.06779290312662 -140.18453728377048 -123.68625129793315 1109 1115 -1
1113 -51.07790728786016 -136.7173867070359 -122.544233779759 1110 1116 -1
1114 -41.27378076821671 -160.80743445864584 -175.05800321845038 1111 1117 -1
1115 -39.92788519034011 -140.2357071546893 -123.55183380474345 1112 1118 -1
1116 -51.20043657657663 -136.67443801330484 -122.37739644697584 1113 1119 -1
1117 -41.299798222770804 -160.85076218968626 -175.2400839065384 1114 1120 -1
1118 -39.792093983154786 -140.28921112418078 -123.41414242403961 1115 1121 -1
1119 -51.32239468591813 -136.63127316063833 -122.21019676148548 1116 1122 -1
1120 -41.326349429966776 -160.89595967720888 -175.42163234223293 1117 1123 -1
1121 -39.66039669739882 -140.3449637908998 -123.27339937540177 1118 1124 -1
1122 -51.4438044280186 -136.58809029499812 -122.0426031012682 1119 1125 -1
1123 -41.35341334579651 -160.9429213289114 -175.60265664929136 1120 1126 -1
1124 -39.532598286438436 -140.402799778905 -123.12992808415305 1121 1127 -1
1125 -51.56468797400973 -136.54509008880703 -121.87458267233899 1122 1128 -1
1126 -41.3809694873376 -160.99154317845867 -175.78316775459098 1123 1129 -1
1127 -39.40867217151733 -140.46265749387678 -122.98391055280136 1124 1130 -1
1128 -51.685066209465894 -136.5024772665382 -121.7061014326144 1125 1131 -1
1129 -41.40899372469513 -161.0417093418023 -175.96318363381002 1126 1132 -1
1130 -39.28831348009628 -140.52434408748488 -122.83568594279937 1127 1133 -1
1131 -51.80495837610019 -136.46046280450918 -121.53712412492261 1128 1134 -1
1132 -41.437471706399634 -161.09333604210582 -176.14271478917422 1129 1135 -1
1133 -39.171434717597194 -140.5877922451363 -122.68543305191325 1130 1136 -1
1134 -51.924384301331166 -136.41926080351837 -121.3676175253325 1131 1137 -1
1135 -41.46638017012891 -161.1463108936956 -176.32178386143158 1132 1138 -1
1136 -39.05771561625736 -140.65282924183066 -122.53344421584757 1133 1139 -1
1137 -52.04336082736691 -136.3790932716839 -121.19754766063792 1134 1140 -1
1138 -41.495700814463405 -161.2005381234998 -176.50041057689646 1135 1141 -1
1139 -38.94696675676463 -140.71936028191635 -122.37991575353337 1136 1142 -1
1140 -52.16190111397464 -136.3401957540957 -121.02687916902609 1137 1143 -1
1141 -41.525420909258784 -161.2559384026791 -176.67861086471143 1138 1144 -1
1142 -38.838909875692465 -140.78725649862284 -122.2250716453737 1139 1145 -1
1143 -52.28001794437698 -136.30280781625183 -120.85558106914151 1140 1146 -1
1144 -41.5555194210722 -161.31240838508288 -176.85641145993347 1141 1147 -1
1145 -38.73325936694481 -140.85639421109104 -122.06911961623767 1142 1148 -1
1146 -52.39772027940365 -136.26718149710632 -120.68362372056076 1143 1149 -1
1147 -41.58598073522057 -161.36986139539673 -177.03383499494603 1144 1150 -1
1148 -38.629792221287545 -140.92669083366258 -121.91222413576178 1145 1151 -1
1149 -52.51501182808216 -136.2335894636712 -120.51097791264763 1146 1152 -1
1150 -41.616792082626695 -161.42821830050926 -177.21090277896994 1147 1153 -1
1151 -38.528175082861395 -140.99801147422022 -121.75458310739978 1148 1154 -1
1152 -52.631894289041114 -136.20230681818288 -120.33762257082762 1149 1155 -1
1153 -41.64793752474321 -161.48739199676055 -177.38764076146612 1150 1156 -1
1154 -38.4281622060068 -141.07027384604302 -121.5963457266683 1151 1157 -1
1155 -52.7483620280693 -136.1736354106633 -120.16353847386034 1152 1158 -1
1156 -41.67940206526104 -161.54729880270713 -177.56407502213978 1153 1159 -1
1157 -38.32947781133709 -141.143383672579 -121.43766388545114 1154 1160 -1
1158 -52.86440349508682 -136.14789374271774 -119.98871390114425 1155 1161 -1
1159 -41.71117233121303 -161.60785957640522 -177.7402310516479 1156 1162 -1
1160 -38.231834561302605 -141.2172395273526 -121.27868351088163 1157 1163 -1
1161 -52.980000750718325 -136.1254116053259 -119.81314763005437 1158 1164 -1
1162 -41.74323726053762 -161.66899997731545 -177.91613331282056 1159 1165 -1
1163 -38.13497949260456 -141.2917640868356 -121.1195329705119 1160 1166 -1
1164 -53.09512597055031 -136.10654695196567 -119.6368473757964 1161 1167 -1
1165 -41.77558283474115 -161.73064020618008 -178.09180962543772 1162 1168 -1
1166 -38.03865542563391 -141.3668794759805 -120.96033782353534 1163 1169 -1
1167 -53.2097410316791 -136.09167940393866 -119.45983447868124 1164 1170 -1
1168 -41.80819642503854 -161.7927041655638 -178.267287105667 1165 1171 -1
1169 -37.942603171077046 -141.44249781519787 -120.80121652061263 1166 1172 -1
1170 -53.32379578676945 -136.08121032685287 -119.28214701534348 1167 1173 -1
1171 -41.84106633856797 -161.85511795235624 -178.44259261503356 1168 1174 -1
1172 -37.84658411046766 -141.51854539313504 -120.64227983965296 1169 1175 -1
1173 -53.43722602704781 -136.0755619324318 -119.10384323194148 1170 1176 -1
1174 -41.874182076136435 -161.91781390580988 -178.61775112374147 1171 1177 -1
1175 -37.75041885380151 -141.59496528389965 -120.48361035050105 1172 1178 -1
1176 -53.549931781573875 -136.07514557392707 -118.92499291630342 1173 1179 -1
1177 -41.907537764510806 -161.98075742041843 -178.79277526828926 1174 1180 -1
1178 -37.65408075593374 -141.67173721687652 -120.32521588947552 1175 1181 -1
1179 -53.6617554747463 -136.08032318287837 -118.74566506017644 1176 1182 -1
1180 -41.941126472502866 -162.04392427276213 -178.9676743461431 1177 1183 -1
1181 -37.55757579147843 -141.74884195887282 -120.1670848860234 1178 1184 -1
1182 -53.7725166751399 -136.0914518303464 -118.5659497496201 1179 1185 -1
1183 -41.974942905754276 -162.10729218996 -179.14245677360114 1180 1186 -1
1184 -37.46090702620567 -141.8262664717954 -120.00921038204768 1181 1187 -1
1185 -53.88201025156144 -136.10891521355816 -118.38596295377519 1182 1188 -1
1186 -42.00898186897756 -162.1708390995962 -179.31713098887693 1183 1189 -1
1187 -37.36407711712701 -141.90399865100338 -119.85158600923968 1184 1190 -1
1188 -53.99002328589975 -136.1330357728193 -118.2058519310336 1185 1191 -1
1189 -42.043238261386335 -162.23454311349715 -179.49170544760537 1186 1192 -1
1190 -37.26708833576982 -141.982027248638 -119.69420595299981 1187 1193 -1
1191 -54.096314165412764 -136.16417109074595 -118.0257936721077 1188 1194 -1
1192 -42.07770821832617 -162.298383142403 -179.66618816046116 1189 1195 -1
1193 -37.16994251737603 -142.06034193022708 -119.53706502681848 1190 1196 -1
1194 -54.20063705200969 -136.202607975148 -117.84599642065672 1191 1197 -1
1195 -42.112385794901 -162.3623368404669 -179.84058808878137 1192 1198 -1
1196 -37.07263944954156 -142.13893602022225 -119.38016106653367 1193 1199 -1
1197 -54.302720249065764 -136.24864775787185 -117.66670163905268 1194 1200 -1
1198 -42.1472659390862 -162.42638265086944 -180.0149138041174 1195 1201 -1
1199 -36.97518229875534 -142.21779692777207 -119.22348678304289 1196 1202 -1
1200 -54.40230235065429 -136.30248628035633 -117.48817535683133 1197 1203 -1
1201 -42.182343887833554 -162.4904992712789 -180.18917378901673 1198 1204 -1
1202 -36.8775719310745 -142.2969162733225 -119.0670383406615 1199 1205 -1
1203 -54.49910536711435 -136.3643123386928 -117.31071212605025 1200 1206 -1
1204 -42.21761494999484 -162.55466550279226 -180.36337652506836 1201 1207 -1
1205 -36.77980889782692 -142.37628624584707 -118.91081232902161 1202 1208 -1
1206 -54.5928659717722 -136.43422150584925 -117.1346218308021 1203 1209 -1
1207 -42.253074501962125 -162.61886023430387 -180.5375304897664 1204 1210 -1
1208 -36.681893441316994 -142.45589956282217 -118.75480574776356 1205 1211 -1
1209 -54.68333813614041 -136.51223166263182 -116.9602222796497 1206 1212 -1
1210 -42.28871884520112 -162.6830623637934 -180.71164399991173 1207 1213 -1
1211 -36.5838254982513 -142.53574943412283 -118.59901599388238 1208 1214 -1
1212 -54.77046163155593 -136.59803582120824 -116.78778655846185 1209 1215 -1
1213 -42.32454275928037 -162.7472507417201 -180.88572572325347 1210 1216 -1
1214 -36.48560470094307 -142.61582952946426 -118.44344085162982 1211 1217 -1
1215 -54.854530243545064 -136.6907873899596 -116.61744080212905 1212 1218 -1
1216 -42.36054159628138 -162.81140442274847 -181.05978415020226 1213 1219 -1
1217 -36.387230376325284 -142.69613394906202 -118.28807848490109 1214 1220 -1
1218 -54.93588292104267 -136.78967129956132 -116.44923621359106 1215 1221 -1
1219 -42.39671096266416 -162.87550249447716 -181.23382771115294 1216 1222 -1
1220 -36.288701542771506 -142.7766571972245 -118.13292743206546 1217 1223 -1
1221 -55.014884548813164 -136.8939113822676 -116.28315601047895 1218 1224 -1
1222 -42.433046510673904 -162.939524054152 -181.4078648184216 1219 1225 -1
1223 -36.19001495772149 -142.85739674509736 -117.97798919527287 1220 1226 -1
1224 -55.09191038727941 -137.0027869022766 -116.1191325023389 1221 1227 -1
1225 -42.46954393408319 -163.0034481934589 -181.58190386350896 1222 1228 -1
1226 -36.09117078101265 -142.93834530373704 -117.82326061808303 1223 1229 -1
1227 -55.16733377831045 -137.11564424998923 -115.9570655965179 1224 1230 -1
1228 -42.50619922390291 -163.0672537473425 -181.75595324591657 1225 1231 -1
1229 -35.992167042033884 -143.01949846548678 -117.6687413751483 1226 1232 -1
1230 -55.24152688019781 -137.2318818520217 -115.7968288406401 1227 1233 -1
1231 -42.54300847155324 -163.1309192746656 -181.93002141058756 1228 1234 -1
1232 -35.89300140914733 -143.10085216358164 -117.51443153991993 1229 1235 -1
1233 -55.31485793391257 -137.3509457688264 -115.63827819842271 1230 1236 -1
1234 -42.5799668384925 -163.19442423431343 -182.1041166275671 1231 1237 -1
1235 -35.79367118815168 -143.18240263817293 -117.3603315735104 1232 1238 -1
1236 -55.387691045275616 -137.4723199758191 -115.48125633674425 1233 1239 -1
1237 -42.617070143564135 -163.2577475402266 -182.2782471772454 1234 1240 -1
1238 -35.69417330367416 -143.264146423648 -117.20644233555566 1235 1241 -1
1239 -55.460384737064615 -137.59552393548424 -115.3256002289542 1236 1242 -1
1240 -42.65431422554434 -163.32086802428128 -182.4524213049985 1237 1243 -1
1241 -35.59450297735211 -143.3460817284425 -117.05276668541777 1238 1244 -1
1242 -55.53329388915355 -137.72010478972012 -115.171145058289 1239 1245 -1
1243 -42.691694938832555 -163.38376442131147 -182.62664721797321 1240 1246 -1
1244 -35.494655283823576 -143.42820706209807 -116.89930776390652 1241 1247 -1
1245 -55.60677097231701 -137.845627330511 -115.01772470833426 1242 1248 -1
1246 -42.72920814911697 -163.44641535415627 -182.80093308170925 1243 1249 -1
1247 -35.39463944442423 -143.5105611091364 -116.74608110606167 1244 1250 -1
1248 -55.68116739464318 -137.9716692255171 -114.86517566341168 1245 1251 -1
1249 -42.76685033382758 -163.50879791653477 -182.97528738633892 1246 1252 -1
1250 -35.29449123033715 -143.59329185765174 -116.59314415754885 1247 1253 -1
1251 -55.7568353911535 -138.09781383876958 -114.71333878504157 1248 1254 -1
1252 -42.8046168709091 -163.5708912819312 -183.14971801135044 1249 1255 -1
1253 -35.194252878513964 -143.67657257865469 -116.44056523303904 1250 1256 -1
1254 -55.83412967278506 -138.22364335030218 -114.56206100546947 1251 1257 -1
1255 -42.84250348761555 -163.63267394077957 -183.32423289933945 1252 1258 -1
1256 -35.093969673969724 -143.760594614213 -116.28842293359372 1253 1259 -1
1257 -55.91340883327394 -138.3487320728638 -114.41119717003953 1254 1260 -1
1258 -42.88050605057672 -163.6941239066847 -183.4988400133895 1255 1261 -1
1259 -34.99369089016151 -143.8455233171635 -116.13678210879372 1256 1262 -1
1260 -55.99503630262718 -138.47263986179829 -114.26061212758947 1257 1263 -1
1261 -42.918620415220225 -163.75521900567207 -183.67354725490782 1258 1264 -1
1262 -34.89346663870985 -143.93153786819414 -115.98571847144103 1259 1265 -1
1263 -56.079380623651936 -138.594905657779 -114.11018324767866 1260 1266 -1
1264 -42.956842421179815 -163.815936861372 -183.84836245872316 1261 1267 -1
1265 -34.79335439785841 -144.0188591221792 -115.83533194564306 1262 1268 -1
1266 -56.1668147888948 -138.7150412669394 -113.95980352943047 1263 1269 -1
1267 -42.99516844223808 -163.8762525234164 -184.02329407595494 1264 1270 -1
1268 -34.69340936227756 -144.1076416045426 -115.68569187816495 1265 1271 -1
1269 -56.25771433104142 -138.8325255774276 -113.80938544407445 1266 1272 -1
1270 -43.03359378963774 -163.93614472562075 -184.1983493473648 1267 1273 -1
1271 -34.593691475198106 -144.1980663357899 -115.53688612652911 1268 1274 -1
1272 -56.35245381948255 -138.94679953858943 -113.6588656127648 1269 1275 -1
1273 -43.072114112685014 -163.9955908161005 -184.3735357506561 1270 1276 -1
1274 -34.49427388456054 -144.29036795578008 -115.38903515582376 1271 1277 -1
1275 -56.45140139412052 -139.057262388837 -113.50821035126256 1272 1278 -1
1276 -43.11072513883716 -164.05456744237486 -184.54886080044477 1273 1279 -1
1277 -34.395216010382484 -144.38467009555447 -115.24220910452168 1274 1280 -1
1278 -56.55491087518783 -139.1632698400564 -113.35742194744729 1275 1281 -1
1279 -43.149422555509304 -164.11305097494196 -184.72433191447993 1276 1282 -1
1280 -34.29659524031989 -144.481176777808 -115.09652602617072 1277 1283 -1
1281 -56.66326483261316 -139.2641464637924 -113.20651940349362 1278 1284 -1
1282 -43.18820233493552 -164.17101519599362 -184.89995708772153 1279 1285 -1
1283 -34.19849006263365 -144.58006671141104 -114.95209888210724 1280 1286 -1
1284 -56.776580641473316 -139.35921857861075 -113.05549520737276 1281 1287 -1
1285 -43.22705995692914 -164.22843602088898 -185.07574347691198 1282 1288 -1
1286 -34.10096842967278 -144.68145132258223 -114.80901266090896 1283 1289 -1
1287 -56.89490973533138 -139.44779698711216 -112.90437043413019 1284 1290 -1
1288 -43.26599068662477 -164.28529057545163 -185.25169766121473 1285 1291 -1
1289 -34.00413245642198 -144.785560474581 -114.6674254545988 1286 1292 -1
1290 -57.01827035067366 -139.52915218046655 -112.7532107038778 1287 1293 -1
1291 -43.30498999678435 -164.3415539532305 -185.42782659314366 1288 1294 -1
1292 -33.90804779300935 -144.89245633399804 -114.52741218567483 1289 1295 -1
1293 -57.14664440477786 -139.60250319106868 -112.60213279415166 1290 1296 -1
1294 -43.3440532937687 -164.39720089835848 -185.60413708537112 1291 1297 -1
1295 -33.812806079889874 -145.00228285114756 -114.38910177526078 1292 1298 -1
1296 -57.27991767693512 -139.6671095475449 -112.45130853126271 1293 1299 -1
1297 -43.383176361193726 -164.4522003166055 -185.7806373967333 1294 1300 -1
1298 -33.718504545875916 -145.11517801198065 -114.25263051550478 1295 1301 -1
1299 -57.41786025149619 -139.7224309452684 -112.3009914213459 1296 1302 -1
1300 -43.42235396145906 -164.50653085308576 -185.95733265316554 1297 1303 -1
1301 -33.62520904922496 -145.2311632683901 -114.11807280231174 1298 1304 -1
1302 -57.56002028317136 -139.7687118497307 -112.15154736240561 1299 1305 -1
1303 -43.46158124064437 -164.56016634067277 -186.13422911033442 1300 1306 -1
1304 -33.5330042709003 -145.35033244961411 -113.98556084104415 1301 1307 -1
1305 -57.70588962002818 -139.8065287037119 -112.00329785849961 1302 1308 -1
1306 -43.500853278388384 -164.61307995978174 -186.31133291046177 1303 1309 -1
1307 -33.441849465715215 -145.4725125506799 -113.85507967780643 1304 1310 -1
1308 -57.855018543019405 -139.8364787127756 -111.85649686852433 1305 1311 -1
1309 -43.54016536148278 -164.6652377319061 -186.48865189796294 1306 1312 -1
1310 -33.35167581600997 -145.59749295748307 -113.72658352134789 1307 1313 -1
1311 -58.00700826517048 -139.85918208163852 -111.7113362289004 1308 1314 -1
1312 -43.57951201849241 -164.71661734360106 -186.66619024927684 1309 1315 -1
1313 -33.26244024279586 -145.72515117321552 -113.60007987147686 1310 1316 -1
1314 -58.161501570211655 -139.87529294668423 -111.56794524837028 1311 1317 -1
1315 -43.618887982613515 -164.7671913364916 -186.84395326804062 1312 1318 -1
1316 -33.17407366417898 -145.8553038182789 -113.47552279037247 1313 1319 -1
1317 -58.31819338193814 -139.88545598575453 -111.42640444949102 1314 1320 -1
1318 -43.65828796787516 -164.81692838061107 -187.0219469510462 1315 1321 -1
1319 -33.08650529531252 -145.98777390800393 -113.35285918132101 1316 1322 -1
1320 -58.47682735864885 -139.89029540066085 -111.28675535537063 1317 1323 -1
1321 -43.69770651637994 -164.8657952674088 -187.20017737367144 1318 1324 -1
1322 -32.999675985089766 -146.12242838128586 -113.23206227615725 1319 1325 -1
1323 -58.63718951673224 -139.89041345431355 -111.1490072930077 1320 1326 -1
1324 -43.73713785594825 -164.91376850702974 -187.37864756526514 1321 1327 -1
1325 -32.91353309665874 -146.25916506147018 -113.11312701188085 1322 1328 -1
1326 -58.79910357174331 -139.8863862675341 -111.01314469475194 1323 1329 -1
1327 -43.77657625406031 -164.96081744380896 -187.55736208596454 1324 1330 -1
1328 -32.82799803851244 -146.39781147840554 -112.99597736403771 1325 1331 -1
1329 -58.96242767346124 -139.87875846041482 -110.8791355253432 1326 1332 -1
1330 -43.816015779451604 -165.00690130939367 -187.7363276278738 1327 1333 -1
1331 -32.743007646698096 -146.53824852232262 -112.8805769502644 1328 1334 -1
1332 -59.12704752509201 -139.86804995170533 -110.74693370014751 1329 1335 -1
1333 -43.8554503307794 -165.05199892871966 -187.91554530610608 1330 1336 -1
1334 -32.65849955616324 -146.68036739566435 -112.76689362960451 1331 1337 -1
1335 -59.29287007302343 -139.85476094298656 -110.61647984604943 1332 1338 -1
1336 -43.894873703296234 -165.09607744334645 -188.09501879955604 1333 1339 -1
1337 -32.57441550272205 -146.82408466924025 -112.65491796459865 1334 1340 -1
1338 -59.45982434489165 -139.8393628109449 -110.48771145529474 1335 1341 -1
1339 -43.93427929109209 -165.13909370567018 -188.274753734779 1336 1342 -1
1340 -32.49068218897282 -146.96926602215623 -112.54458014726423 1337 1343 -1
1341 -59.62786113896444 -139.82230013475262 -110.3605706592706 1338 1344 -1
1342 -43.97366069938777 -165.1810263327308 -188.45474983600974 1339 1345 -1
1343 -32.40723546461159 -147.1158150175599 -112.43584470144282 1340 1346 -1
1344 -59.796935336461566 -139.80401539110844 -110.23498415566486 1341 1347 -1
1345 -44.01301104313726 -165.22183641177128 -188.63501053557235 1342 1348 -1
1346 -32.324010862115635 -147.26363969020437 -112.3286768187688 1343 1349 -1
1347 -59.967019802358394 -139.78492751653835 -110.11088986299768 1344 1350 -1
1348 -44.05232318910988 -165.26148561503743 -188.81553842765163 1345 1351 -1
1349 -32.240944532634146 -147.4126640575831 -112.2230586736486 1346 1352 -1
1350 -60.138094308776886 -139.7654492695473 -109.98822519682324 1347 1353 -1
1351 -44.0915903151339 -165.2999488855046 -188.99633247569528 1348 1354 -1
1352 -32.157969113177266 -147.5628000942023 -112.11895425327901 1349 1355 -1
1353 -60.3101423187372 -139.74598695262443 -109.86692710995003 1350 1356 -1
1354 -44.130804432910026 -165.33717637609652 -189.17739649004486 1351 1357 -1
1355 -32.075017225187146 -147.71395581154786 -112.0163169470318 1352 1358 -1
1356 -60.48315716196182 -139.72694588651123 -109.74694456519795 1353 1359 -1
1357 -44.16995844679508 -165.3731439431699 -189.35872794738438 1354 1360 -1
1358 -31.992022255123373 -147.86605345533263 -111.91511591389005 1355 1361 -1
1359 -60.6571259523916 -139.70872777897574 -109.62822040197544 1356 1362 -1
1360 -44.20904423125794 -165.40780885698936 -189.5403276096748 1357 1363 -1
1361 -31.908916737063738 -148.01901778576348 -111.81532145138887 1358 1364 -1
1362 -60.83204621549804 -139.69174890366142 -109.5107171712826 1359 1365 -1
1363 -44.2480536465878 -165.4411329891085 -189.72219445880637 1360 1366 -1
1364 -31.825628463612077 -148.17278666650455 -111.71692549596818 1361 1367 -1
1365 -61.00790213061952 -139.67641942700251 -109.39439012748343 1362 1368 -1
1366 -44.286978704311906 -165.47308389752712 -189.90432560431114 1363 1369 -1
1367 -31.742087645299534 -148.32727976596288 -111.61988746887522 1364 1370 -1
1368 -61.18468168171444 -139.66317388346886 -109.27921339051724 1365 1371 -1
1369 -44.325810141254536 -165.50361243890256 -190.0867204874363 1366 1372 -1
1370 -31.65822412049223 -148.4824228347918 -111.52417382293207 1367 1373 -1
1371 -61.362361140411544 -139.65245414297934 -109.16516498698202 1368 1374 -1
1372 -44.36454006312029 -165.53269328594834 -190.2693733111551 1369 1375 -1
1373 -31.57397553868391 -148.63815343708595 -111.42976123696951 1370 1376 -1
1374 -61.54090572471666 -139.64471528265221 -109.05223287916206 1371 1377 -1
1375 -44.40315814379228 -165.5602699053679 -190.4522829082361 1372 1378 -1
1376 -31.489348587879103 -148.79445775461448 -111.33664389717642 1373 1379 -1
1377 -61.72026975131282 -139.64041932222028 -108.9404222919501 1374 1380 -1
1378 -44.44165640069864 -165.5863203159586 -190.63544129871073 1375 1381 -1
1379 -31.404385057278247 -148.95134651687664 -111.24482497689729 1376 1382 -1
1380 -61.90038345822382 -139.6397158256778 -108.82974220521028 1377 1383 -1
1381 -44.48002365726928 -165.6107848672089 -190.81884567387326 1378 1384 -1
1382 -31.319136096622255 -149.10881564631822 -111.154272912083 1379 1385 -1
1383 -62.081171104212025 -139.64255685222759 -108.720200835979 1380 1386 -1
1384 -44.5182515114754 -165.63364058207335 -191.0024865163552 1381 1387 -1
1385 -31.23364705854197 -149.26687091658656 -111.06497703157929 1382 1388 -1
1386 -62.26255861931806 -139.6488867462745 -108.61180291617882 1383 1389 -1
1387 -44.55632831161025 -165.65482959109224 -191.1863584414907 1384 1390 -1
1388 -31.147962251778043 -149.42552430964017 -110.97693825337785 1385 1391 -1
1389 -62.444473353113175 -139.6586416895232 -108.50454836294418 1386 1392 -1
1390 -44.59424474903071 -165.6743230449127 -191.37045090143238 1387 1393 -1
1391 -31.0621283460975 -149.58478681266536 -110.89015343102507 1388 1394 -1
1392 -62.626844798967866 -139.6717519044449 -108.39843283336073 1389 1395 -1
1393 -44.63198924395732 -165.69207033869114 -191.554755168969 1390 1396 -1
1394 -30.976195055869933 -149.74465611466874 -110.80459129821536 1391 1397 -1
1395 -62.80960459863247 -139.6881390435608 -108.29344667971912 1392 1398 -1
1396 -44.66955093347207 -165.70803139757678 -191.73925997042033 1393 1399 -1
1397 -30.890209518701294 -149.90513973293648 -110.72024015710038 1394 1400 -1
1398 -62.992687004062816 -139.7077157548283 -108.18957461758549 1395 1401 -1
1399 -44.70691903459646 -165.72216888902287 -191.92395271073497 1396 1402 -1
1400 -30.80422040105506 -150.06626130671316 -110.63711776608261 1397 1403 -1
1401 -63.176029818725056 -139.73039189164467 -108.08679779391517 1398 1404 -1
1402 -44.74408032110869 -165.73442576211946 -192.1088214282255 1399 1405 -1
1403 -30.718277389497526 -150.22801615548556 -110.55518622701439 1400 1406 -1
1404 -63.35957428533898 -139.756072294946 -107.98509297862518 1401 1407 -1
1405 -44.78102497996135 -165.74477817213275 -192.29384991338577 1402 1408 -1
1406 -30.632429327968456 -150.39041096787196 -110.47442947439193 1403 1409 -1
1407 -63.543265301053445 -139.78465744542592 -107.88443276387123 1404 1410 -1
1408 -44.8177386501888 -165.7531647410463 -192.47902383772185 1405 1411 -1
1409 -30.5467298684775 -150.55346911751317 -110.39486024510009 1406 1412 -1
1410 -63.72705157059712 -139.8160440969181 -107.78478578751796 1407 1413 -1
1411 -44.85421018120758 -165.7595543498946 -192.66432517334724 1408 1414 -1
1412 -30.4612290422914 -150.71719185241207 -110.31645051477419 1409 1415 -1
1413 -63.91088570106835 -139.85012588265928 -107.68611697487967 1410 1416 -1
1414 -44.89042727720631 -165.7639078422741 -192.84973539995437 1411 1417 -1
1415 -30.375976508512593 -150.88158334824058 -110.23917788291914 1412 1418 -1
1416 -64.0947242428723 -139.88679388769708 -107.5883877930985 1413 1419 -1
1417 -44.926374461138614 -165.7661639433497 -193.03523546840808 1414 1420 -1
1418 -30.291033151751893 -151.04667169132176 -110.1630590165994 1415 1421 -1
1419 -64.27852768189817 -139.9259371822297 -107.49155651294382 1416 1422 -1
1420 -44.962041212716805 -165.76630205968414 -193.22080325153826 1417 1423 -1
1421 -30.206447216729632 -151.21245371771656 -110.08805804914061 1418 1424 -1
1422 -64.46226038837744 -139.96744331211502 -107.39557847332811 1419 1425 -1
1423 -44.99741306404659 -165.76427324251725 -193.40641643041803 1420 1426 -1
1424 -30.122272347943955 -151.37893890944483 -110.01416025363154 1421 1427 -1
1425 -64.6458905280004 -140.01119874412458 -107.30040634440854 1422 1428 -1
1426 -45.03247502098627 -165.76002783783585 -193.59205087955138 1423 1429 -1
1427 -30.038576583481106 -151.54615627126245 -109.9413798926911 1424 1430 -1
1428 -64.82938994082436 -140.05708926471726 -107.20599038574728 1425 1431 -1
1429 -45.06721548605406 -165.75354221424723 -193.7776809622931 1426 1432 -1
1430 -29.955402995483247 -151.71409574179717 -109.86967154808876 1427 1433 -1
1431 -65.01273399331697 -140.10500033215496 -107.11227869661647 1428 1434 -1
1432 -45.101619173201925 -165.74476871876112 -193.96327972725103 1429 1435 -1
1433 -29.87282221470255 -151.88278482660533 -109.7990457773329 1430 1436 -1
1434 -65.19590140857215 -140.1548173826681 -107.01921745612991 1431 1437 -1
1435 -45.13567296119246 -165.73366344062882 -194.14881807415776 1432 1438 -1
1436 -29.790889089983516 -152.05222826811686 -109.7294794939029 1433 1439 -1
1437 -65.37887407934907 -140.20642609210825 -106.92675115145187 1434 1440 -1
1438 -45.16945050840439 -165.72022882291358 -194.33425285838408 1435 1441 -1
1439 -29.709647527857147 -152.22241180611442 -109.66091577369448 1436 1442 -1
1440 -65.56163686814024 -140.25971259510274 -106.83482279285741 1437 1443 -1
1441 -45.20313901847209 -165.7044800576309 -194.51952174295258 1438 1444 -1
1442 -29.629110544765787 -152.39326523209178 -109.59319162874851 1439 1445 -1
1443 -65.7441773980014 -140.31456366416694 -106.74337411489564 1440 1446 -1
1444 -45.236938072564456 -165.68643563539058 -194.7045609807779 1441 1447 -1
1445 -29.54925042198861 -152.56467801811888 -109.52608193208448 1442 1448 -1
1446 -65.9264858373915 -140.37086685154406 -106.65234576332858 1443 1449 -1
1447 -45.271044570357354 -165.6661423202841 -194.88931057953968 1444 1450 -1
1448 -29.47007715214385 -152.7365720121412 -109.45939033427511 1445 1451 -1
1449 -66.10855468179312 -140.42851059675263 -106.56167746788593 1446 1452 -1
1450 -45.305655385443565 -165.6436283790836 -195.07370881651255 1447 1453 -1
1451 -29.39155072524374 -152.90883599611288 -109.39288879192202 1448 1454 -1
1452 -66.29037853442614 -140.48738430293753 -106.47130820118828 1449 1455 -1
1453 -45.34097071663082 -165.61891777885475 -195.25769166795558 1450 1456 -1
1454 -29.31367535774978 -153.08138545084853 -109.32636170190644 1451 1457 -1
1455 -66.4719538879378 -140.54737838516502 -106.38117632445486 1452 1458 -1
1456 -45.37717761705996 -165.59206725757204 -195.44120067214072 1453 1459 -1
1457 -29.236413180660083 -153.2541170754533 -109.2595928589063 1454 1460 -1
1458 -66.65327890855964 -140.6083842937856 -106.29121972082389 1455 1461 -1
1459 -45.41446796462958 -165.5631118926123 -195.62417185327644 1456 1462 -1
1460 -29.15975778578108 -153.42693740480772 -109.1923559284687 1457 1463 -1
1461 -66.83435322386802 -140.67029451592876 -106.20137591728597 1458 1464 -1
1462 -45.4530341055403 -165.53208748543122 -195.8065383400071 1459 1465 -1
1463 -29.083677799919553 -153.5997478289994 -109.12444355846776 1460 1466 -1
1464 -67.01517771497338 -140.73300255810085 -106.1115821963636 1461 1467 -1
1465 -45.493046187405554 -165.4990582334984 -195.98823990687146 1462 1468 -1
1466 -29.0081571428804 -153.77244928211678 -109.05563586082393 1463 1469 -1
1467 -67.19575431369547 -140.79640291274404 -106.02177569876812 1464 1470 -1
1468 -45.53469068171605 -165.46406031849511 -196.1692045739292 1465 1471 -1
1469 -28.933172746828998 -153.94494194182025 -108.98572705243535 1466 1472 -1
1470 -67.37608857839298 -140.86038127789064 -105.93189213403106 1467 1473 -1
1471 -45.57813267391724 -165.42715343045182 -196.3493654564417 1468 1474 -1
1472 -28.858699713364757 -154.11712703383972 -108.91452570409513 1469 1475 -1
1473 -67.55621452129677 -140.9247272595955 -105.84185331672808 1470 1476 -1
1474 -45.62352827158872 -165.388399194738 -196.5286545817932 1471 1477 -1
1475 -28.78472598572104 -154.28889556084982 -108.84181412428015 1472 1478 -1
1476 -67.7361827908838 -140.9891752594789 -105.75157248291028 1473 1479 -1
1477 -45.671049015246695 -165.34784255349 -196.7069916892449 1474 1480 -1
1478 -28.711219572022458 -154.4601565278883 -108.76745049579597 1475 1481 -1
1479 -67.91604432384092 -141.05345952957205 -105.66096286931045 1476 1482 -1
1480 -45.72081435794514 -165.30556670355648 -196.8843143151117 1477 1483 -1
1481 -28.638176319417635 -154.63078814392776 -108.69120795173116 1478 1484 -1
1482 -68.09584899730947 -141.1173147575931 -105.56993812170356 1479 1485 -1
1483 -45.77299343871797 -165.26161328953415 -197.06053162335905 1480 1486 -1
1484 -28.565568371657662 -154.8007009049439 -108.6129708623974 1481 1487 -1
1485 -68.2756447696881 -141.180474589295 -105.47841221220558 1482 1488 -1
1486 -45.8276751914978 -165.21607514948232 -197.23558370664696 1483 1489 -1
1487 -28.49338175262991 -154.9697901394486 -108.53258938123078 1484 1490 -1
1488 -68.45547691156025 -141.24267056028512 -105.38629986411934 1485 1491 -1
1489 -45.88500885587838 -165.1690022914184 -197.40937667447193 1486 1492 -1
1490 -28.421611253481036 -155.13793235506998 -108.4498828168506 1487 1493 -1
1491 -68.63538711750613 -141.3036311532339 -105.29351689774887 1488 1494 -1
1492 -45.94506854032072 -165.1204847015618 -197.58184642663642 1489 1495 -1
1493 -28.35023523487481 -155.30504720831343 -108.36478775592957 1490 1496 -1
1494 -68.81541256677453 -141.36308095344654 -105.19998063866645 1491 1497 -1
1495 -46.00795676255626 -165.07059168735591 -197.75290977234332 1492 1498 -1
1496 -28.279244534908173 -155.47103379756584 -108.27719862637133 1493 1499 -1
1497 -68.99558492084384 -141.42073993354674 -105.10561040296476 1494 1500 -1
1498 -46.073723475357895 -165.0193942613709 -197.92249896582155 1495 1501 -1
1499 -28.208639800951374 -155.63576308348846 -108.18696413447225 1496 1502 -1
1500 -69.17592924950338 -141.47632290269414 -105.0103280730848 1497 1503 -1
1501 -46.14215872576917 -164.96694920349745 -198.0906453479726 1498 1504 -1
1502 -28.1383787200346 -155.79918569372308 -108.09412333886976 1499 1505 -1
1503 -69.35646288186412 -141.5295391609944 -104.91405877622402 1500 1506 -1
1504 -46.21299321370911 -164.91328794575367 -198.25740920609985 1501 1507 -1
1505 -28.068361140508806 -155.96128274350775 -107.99880742015505 1502 1508 -1
1506 -69.53719418339836 -141.58009241235757 -104.81673167565657 1503 1509 -1
1507 -46.285984623607916 -164.8584293858038 -198.42284846104525 1504 1510 -1
1508 -27.998479307545505 -156.12204363031879 -107.90115701615997 1505 1511 -1
1509 -69.71810946367107 -141.62774016770513 -104.71828734332036 1506 1512 -1
1510 -46.360871955311524 -164.80240650959493 -198.58704575105062 1507 1513 -1
1511 -27.928628874915237 -156.28145819541285 -107.80130131867797 1508 1514 -1
1512 -69.89914384472117 -141.67245902567922 -104.61869454656524 1509 1515 -1
1513 -46.43742769668487 -164.74523765917064 -198.75007471728063 1510 1516 -1
1514 -27.858706322637442 -156.43949859972258 -107.69933387147893 1511 1517 -1
1515 -70.08022168184014 -141.71428119073957 -104.51792904960838 1512 1518 -1
1516 -46.51543607484067 -164.68693729135526 -198.91201093077882 1513 1519 -1
1517 -27.788612678176566 -156.59617187404308 -107.59539329902972 1514 1520 -1
1518 -70.26126809379717 -141.75324549690646 -104.41596849927949 1515 1521 -1
1519 -46.594691867869486 -164.62751624048516 -199.07293110027862 1516 1522 -1
1520 -27.71825163508596 -156.75146697640304 -107.4895820240664 1517 1523 -1
1521 -70.44220933344305 -141.789395104318 -104.31279165389029 1518 1524 -1
1522 -46.674999215196586 -164.56698196378707 -199.23291244108518 1519 1525 -1
1523 -27.647528384048538 -156.90537005326183 -107.38199327122506 1520 1526 -1
1524 -70.62297305958583 -141.82277790681397 -104.208378695256 1521 1527 -1
1525 -46.75617044149904 -164.50533876856733 -199.39203217870704 1522 1528 -1
1526 -27.576349256297444 -157.05786534232035 -107.27271380424436 1523 1529 -1
1527 -70.80348862060426 -141.853446297881 -104.1027112970306 1524 1530 -1
1528 -46.83802490448344 -164.44258801982244 -199.55036716236944 1525 1531 -1
1529 -27.504621308242264 -157.20893483924087 -107.16182466430965 1526 1532 -1
1530 -70.9836873145155 -141.88145685414437 -103.99577266170851 1527 1533 -1
1531 -46.92038827925776 -164.37872698684237 -199.70799280346478 1528 1534 -1
1532 -27.43225191409319 -157.35855798052938 -107.04940185551611 1529 1535 -1
1533 -71.16350262323621 -141.90687000062425 -103.88754755073222 1530 1536 -1
1534 -47.003089745954625 -164.3137535990444 -199.8649856072748 1531 1537 -1
1535 -27.359148366230066 -157.50671133444433 -106.93551698560768 1532 1538 -1
1536 -71.34287042017 -141.92974966193984 -103.77802230787957 1533 1539 -1
1537 -47.085963380956414 -164.2476614069296 -200.02141963867194 1534 1540 -1
1538 -27.285217482987775 -157.6533682927318 -106.8202378698845 1535 1541 -1
1539 -71.5217280324555 -141.95016511727067 -103.66718347022541 1536 1542 -1
1540 -47.16884591106106 -164.18044171264788 -200.17736779133145 1537 1543 -1
1541 -27.21036522359056 -157.79849875673787 -106.70362910594163 1538 1544 -1
1542 -71.70000061441476 -141.96821678333725 -103.55499997219597 1539 1545 -1
1543 -47.251575708001226 -164.11208371857933 -200.3329016830966 1540 1546 -1
1544 -27.134496310155896 -157.94206881204266 -106.5857526267275 1541 1547 -1
1545 -71.87760509227478 -141.98402418396267 -103.44142657180087 1542 1548 -1
1546 -47.33399180498659 -164.04257467393109 -200.48809156442687 1543 1549 -1
1547 -27.057513857003695 -158.08404038623323 -106.46666823929706 1544 1550 -1
1548 -72.05446019706781 -141.99770397143075 -103.32641654638238 1545 1551 -1
1549 -47.415932931847145 -163.9719000235758 -200.64300622882433 1546 1552 -1
1550 -26.97931900795221 -158.22437088481524 -106.3464341565967 1547 1553 -1
1551 -72.23048433218429 -142.0093656819608 -103.20991892549976 1548 1554 -1
1552 -47.497236565609654 -163.90004356383355 -200.7977129147363 1549 1555 -1
1553 -26.899810582869893 -158.36301280058464 -106.22510752964831 1550 1556 -1
1554 -72.40559958697692 -142.0191227172249 -103.09188657374155 1551 1557 -1
1555 -47.57773799394571 -163.82698761041806 -200.9522771887793 1552 1558 -1
1556 -26.81887481524136 -158.49990157260214 -106.10273860283876 1553 1559 -1
1557 -72.5797282721324 -142.02708390226243 -102.97227048101753 1554 1560 -1
1558 -47.65726938989648 -163.7527131843549 -201.10676280024848 1555 1561 -1
1559 -26.736412053333233 -158.63498794378904 -105.97939039954112 1556 1562 -1
1560 -72.7527923746666 -142.03335438915732 -102.85101994375155 1557 1563 -1
1561 -47.735658897625214 -163.6772002223195 -201.26123149680487 1558 1564 -1
1562 -26.652308213119177 -158.7681995203799 -105.85511515889729 1559 1565 -1
1563 -72.92471190326089 -142.0380349526923 -102.72808106630161 1560 1566 -1
1564 -47.812729730722666 -163.60042781854105 -201.41574279101437 1561 1567 -1
1565 -26.566425885851938 -158.89941679062196 -105.72993834560441 1562 1568 -1
1566 -73.09540654760261 -142.04122572247942 -102.60340009425602 1563 1569 -1
1567 -47.88829928684261 -163.52237450615362 -201.57035366710085 1564 1570 -1
1568 -26.47861491564225 -159.02849260976924 -105.60387686300346 1565 1571 -1
1569 -73.26479838684348 -142.043028708269 -102.47692747340476 1566 1572 -1
1570 -47.96218832125744 -163.44302052651568 -201.72511446662253 1567 1573 -1
1571 -26.388718810269 -159.15526421106128 -105.47695040766688 1568 1574 -1
1572 -73.4328057787867 -142.04354118152904 -102.3486098370924 1569 1575 -1
1573 -48.034330481624025 -163.36236922001586 -201.8800287121255 1570 1576 -1
1574 -26.296574350093497 -159.2795514114074 -105.34918259158411 1571 1577 -1
1575 -73.59934129415514 -142.0428562501282 -102.21838848640124 1572 1578 -1
1576 -48.10473881173659 -163.28043986519504 -202.03506999176184 1573 1579 -1
1577 -26.20201132979928 -159.40115460471827 -105.22060222603054 1574 1580 -1
1578 -73.76432078470147 -142.04107074283885 -102.08621173216365 1575 1581 -1
1579 -48.17342978892799 -163.19725267340428 -202.19021184717093 1576 1582 -1
1580 -26.104847118080652 -159.519846487572 -105.09124341641058 1577 1583 -1
1581 -73.92765771475766 -142.03827986948025 -101.95202773949094 1578 1584 -1
1582 -48.24042173346119 -163.1128284183203 -202.3454284230487 1579 1585 -1
1583 -26.00484635345091 -159.6353226415475 -104.96113891361088 1580 1586 -1
1584 -74.08926013709066 -142.03457637309504 -101.81578161061294 1581 1587 -1
1585 -48.305734748887694 -163.02718836582483 -202.50069452333955 1582 1588 -1
1586 -25.90186088720616 -159.74735726009303 -104.83035730405514 1583 1589 -1
1587 -74.24902851536399 -142.03005110529185 -101.67741392774148 1584 1590 -1
1588 -48.3693906584218 -162.94035420522977 -202.65598566174083 1585 1591 -1
1589 -25.795693618074583 -159.85564621467452 -104.69896755627427 1586 1592 -1
1590 -74.406870839483 -142.02479939706834 -101.53687853861385 1587 1593 -1
1591 -48.43141293798169 -162.85234798224218 -202.8112781064759 1588 1594 -1
1592 -25.686119436965992 -159.95982314580314 -104.56705208901043 1589 1595 -1
1593 -74.56268588381653 -142.01891354843806 -101.39412362324907 1590 1596 -1
1594 -48.49182664654094 -162.7631920340227 -202.9665489193488 1591 1597 -1
1595 -25.5728667062009 -160.059425683262 -104.43471291985271 1592 1598 -1
1596 -74.71636462656909 -142.01248516436797 -101.24909460164005 1593 1599 -1
1597 -48.55065358412916 -162.67290553653632 -203.1217757900557 1594 1600 -1
1598 -25.45581072095995 -160.15413375523624 -104.30209261340005 1595 1601 -1
1599 -74.86779749833751 -142.00560741424803 -101.10174258898013 1596 1602 -1
1600 -48.60792255616487 -162.58151180839525 -203.27693730930295 1597 1603 -1
1601 -25.334671137743648 -160.24337655893336 -104.1693518055647 1598 1604 -1
1602 -75.01687493532174 -141.99837426118756 -100.95202496951077 1599 1605 -1
1603 -48.663666880500266 -162.489036494687 -203.43201320716594 1600 1606 -1
1604 -25.209271454511345 -160.32665595828672 -104.03669453579884 1601 1607 -1
1605 -75.16347934477729 -141.99087921070586 -100.79989776346777 1602 1608 -1
1606 -48.717917288798475 -162.3955025361977 -203.58698400297973 1603 1609 -1
1607 -25.07943559207169 -160.40340063085657 -103.90436776757709 1604 1610 -1
1608 -75.30748369129262 -141.98321621889752 -100.6453154743305 1605 1611 -1
1609 -48.77070572431231 -162.30093287742474 -203.74183112542974 1606 1612 -1
1610 -24.945000912223605 -160.47296911159418 -103.77266988233019 1607 1613 -1
1611 -75.4487639998669 -141.97548054685126 -100.48824348751623 1608 1614 -1
1612 -48.82206526835523 -162.20535041947872 -203.89653691975752 1609 1615 -1
1613 -24.805856771645487 -160.534686288865 -103.64195954769481 1610 1616 -1
1614 -75.58732613593651 -141.96776720665238 -100.32876689614636 1611 1617 -1
1615 -48.87202461930608 -162.1087741003628 -204.05108395444353 1612 1618 -1
1616 -24.66202353681958 -160.5879856556744 -103.51263006436687 1613 1619 -1
1617 -75.72344654375316 -141.96017007857532 -100.16719487736475 1614 1620 -1
1618 -48.92062053531464 -162.01122772326775 -204.20545640876742 1615 1621 -1
1619 -24.513411127957223 -160.63193292316473 -103.38520674846981 1616 1622 -1
1620 -75.85744654464087 -141.95278308643537 -100.00384969112497 1617 1623 -1
1621 -48.967893227384984 -161.9127367344183 -204.35963985669412 1618 1624 -1
1622 -24.36027528139175 -160.6661029018379 -103.26017378374297 1619 1625 -1
1623 -75.98965792085511 -141.94570121277593 -99.83903953769698 1620 1626 -1
1624 -49.013879668622096 -161.81332347475276 -204.51362031158047 1621 1627 -1
1625 -24.202846253831304 -160.68988748065757 -103.13809982070946 1622 1628 -1
1626 -76.12042826913176 -141.93901929019492 -99.67306668970589 1623 1629 -1
1627 -49.05861762324858 -161.71301005555017 -204.6673846790937 1624 1630 -1
1628 -24.04139947930636 -160.70253632570245 -103.01967017472391 1625 1631 -1
1629 -76.25010969354965 -141.93283441418413 -99.50622217032951 1626 1632 -1
1630 -49.102140824525634 -161.61181484929475 -204.82091976810554 1627 1633 -1
1631 -23.876507041268525 -160.70400913567866 -102.90540057666395 1628 1634 -1
1632 -76.37906334631505 -141.92724627341565 -99.33879334886123 1629 1635 -1
1633 -49.144489260624724 -161.50975994541443 -204.9742141751179 1630 1636 -1
1634 -23.708749447135325 -160.6957343283533 -102.79565383040239 1631 1637 -1
1635 -76.50765970590481 -141.92235798937247 -99.17106801301685 1632 1638 -1
1636 -49.185707145860896 -161.4068698223634 -205.12725822923804 1633 1639 -1
1637 -23.538500239761557 -160.68069898648892 -102.69054162442023 1634 1640 -1
1638 -76.63627909115141 -141.91827699364498 -99.00333879558019 1635 1641 -1
1639 -49.22583485438979 -161.30316544691007 -205.28004224334728 1636 1642 -1
1640 -23.36599090075346 -160.6621784259875 -102.5897511931293 1637 1643 -1
1641 -76.76531226433582 -141.9151159214602 -98.83590798038382 1638 1644 -1
1642 -49.264913271863406 -161.19866745517558 -205.43255732190119 1639 1645 -1
1643 -23.191191099876512 -160.64305682965033 -102.49310122982057 1640 1646 -1
1644 -76.89516095462731 -141.9129934932507 -98.66909272069945 1641 1647 -1
1645 -49.30297660281541 -161.09339057193284 -205.58479323428625 1642 1648 -1
1646 -23.01406886492621 -160.6262124659344 -102.40034010976855 1643 1649 -1
1647 -77.02623810255339 -141.9120353453582 -98.5032306996614 1644 1650 -1
1648 -49.340073526426735 -160.9873599235728 -205.73674433024033 1645 1651 -1
1649 -22.834667525873034 -160.61438723573696 -102.31126804730334 1646 1652 -1
1650 -77.15896758544734 -141.91237475559075 -98.33868624368354 1647 1653 -1
1651 -49.37624705939054 -160.8805957408375 -205.8884041730844 1648 1654 -1
1652 -22.653156418875838 -160.61046506913516 -102.22587048661106 1649 1655 -1
1653 -77.29378313322272 -141.9141531886686 -98.17585686063515 1650 1656 -1
1654 -49.41153972975351 -160.77311725433717 -206.03976677571754 1651 1657 -1
1655 -22.470037432381726 -160.61646578458817 -102.14411012340719 1652 1658 -1
1656 -77.43113313539237 -141.91752470597842 -98.01518634691145 1653 1659 -1
1657 -49.44599086088469 -160.6649403392224 -206.19082544072464 1654 1660 -1
1658 -22.285693051121577 -160.63023964806342 -102.06608736350476 1655 1661 -1
1659 -77.57146596542906 -141.92264876671084 -97.85716315631683 1656 1662 -1
1660 -49.47964432135823 -160.55608390400366 -206.34157547339638 1657 1663 -1
1661 -22.10013799310288 -160.64671321707075 -101.99151866030621 1658 1664 -1
1662 -77.71522839947431 -141.92969276547473 -97.70233096651178 1659 1665 -1
1663 -49.512546955957426 -160.4465689609031 -206.49201399974115 1660 1666 -1
1664 -21.91311841531837 -160.66107205647538 -101.92025706838083 1661 1667 -1
1665 -77.86286834688697 -141.93883646468842 -97.55130662300388 1662 1668 -1
1666 -49.54474240565189 -160.3364133166658 -206.6421374560731 1663 1669 -1
1667 -21.724575057237754 -160.66864488629864 -101.85207231742302 1664 1670 -1
1668 -78.01480643762054 -141.95026023635305 -97.40477032437275 1665 1671 -1
1669 -49.576272824258844 -160.22563276944777 -206.79194191996478 1666 1672 -1
1670 -21.53484372492482 -160.66453875125072 -101.78703447416405 1667 1673 -1
1671 -78.17142445824545 -141.96414358102794 -97.26347079238846 1668 1674 -1
1672 -49.60718066724452 -160.1142425899234 -206.94142373478698 1669 1675 -1
1673 -21.344929321261795 -160.64544767434757 -101.72531089691864 1670 1676 -1
1674 -78.33305450233944 -141.98066393962281 -97.1282333014872 1671 1677 -1
1675 -49.63751420523404 -160.00226336287952 -207.09058275306685 1672 1678 -1
1676 -21.155796028198033 -160.61255540501293 -101.66704636417755 1673 1679 -1
1677 -78.5 -142.0 -97.0 1674 1680 1681
1678 -49.66731786701965 -159.8897115860372 -207.23941732328635 1675 1682 -1
1679 -20.967966156429732 -160.5681719122189 -101.61224536633148 1676 1683 -1
1680 -78.69131095198412 -141.90687222218565 -97.0397632638249 1677 1684 -1
1681 -78.57041508576334 -142.12952611412396 -96.85560533844196 1677 1685 -1
1682 -49.696635220184035 -159.77660220370342 -207.38792542943617 1678 1686 -1
1683 -20.7815618635885 -160.5147609345354 -101.56069717690659 1679 1687 -1
1684 -78.88175300455205 -141.81316888675008 -97.08184033942597 1680 1688 -1
1685 -78.63928977258156 -142.2601023162541 -96.71122969228198 1681 1689 -1
1686 -49.725509516232655 -159.66294886515755 -207.536104696522 1682 1690 -1
1687 -20.59649772165719 -160.4542423499866 -101.51223819677719 1683 1691 -1
1688 -79.07134599379644 -141.71881326663348 -97.12623088190058 1684 1692 -1
1689 -78.70652383399684 -142.39178291742246 -96.56708398409761 1685 1693 -1
1690 -49.753988949068024 -159.5487709916352 -207.6839567829398 1686 1694 -1
1691 -20.41253802864489 -160.38833509753368 -101.46667304970813 1687 1695 -1
1692 -79.26008530028031 -141.62382471267387 -97.17285371195689 1688 1696 -1
1693 -78.7720903893942 -142.5245681549979 -96.42318372646709 1689 1697 -1
1694 -49.78211858446262 -159.4340839898599 -207.83148143957786 1690 1698 -1
1695 -20.229502129910376 -160.31823168377537 -101.42371900642804 1691 1699 -1
1696 -79.44796814773814 -141.52822132138508 -97.22162971329607 1692 1700 -1
1697 -78.8359629184774 -142.65845738646672 -96.27954479473539 1693 1701 -1
1698 -49.809942787609515 -159.31890146958946 -207.97867761690682 1694 1702 -1
1699 -20.047279719567708 -160.24467182046254 -101.38314514069398 1695 1703 -1
1700 -79.63499419261875 -141.43202049351464 -97.27248006412108 1696 1704 -1
1701 -78.89811531282525 -142.79344907148413 -96.13618340749204 1697 1705 -1
1702 -49.83750670912753 -159.20323715909305 -208.12554461191417 1698 1706 -1
1703 -19.8657304296338 -160.16833713687268 -101.34473002721258 1699 1707 -1
1704 -79.82116481843379 -141.33523855365132 -97.32532776590736 1700 1708 -1
1705 -78.95852158652069 -142.9295409675531 -95.9931161651561 1701 1709 -1
1706 -49.864857746955444 -159.0871088784471 -208.27208491987918 1702 1710 -1
1707 -19.684694697529423 -160.0898449863129 -101.30828487554633 1703 1711 -1
1708 -80.0064828164234 -141.23789068073975 -97.38009803852229 1704 1712 -1
1709 -79.01715330460938 -143.06673169548594 -95.85036051761892 1705 1713 -1
1710 -49.89204158954416 -158.97053124185427 -208.41829919849278 1706 1714 -1
1711 -19.503982879107436 -160.00982692479036 -101.27358983093391 1707 1715 -1
1712 -80.19095224193126 -141.13999095780952 -97.4367182786229 1708 1716 -1
1713 -79.0739885742832 -143.20501522564257 -95.70793314858513 1709 1717 -1
1714 -49.919103643051784 -158.8535162682407 -208.56418636613571 1710 1718 -1
1715 -19.323397013647106 -159.9288718175394 -101.24044545239843 1711 1719 -1
1716 -80.37457843479424 -141.0415525153439 -97.49511769877529 1712 1720 -1
1717 -79.1290022795445 -143.3443869526641 -95.56585167024907 1713 1721 -1
1718 -49.94609075004879 -158.73607924973797 -208.70974792803636 1714 1722 -1
1719 -19.14273075612044 -159.8475474813241 -101.20867011352959 1715 1723 -1
1720 -80.55736846683753 -140.942587923257 -97.55522619400726 1716 1724 -1
1721 -79.18216663779575 -143.48484319335986 -95.42413462677108 1717 1725 -1
1722 -49.973049600081936 -158.61823617964703 -208.85498620740927 1718 1726 -1
1723 -18.961768859404803 -159.76642291820332 -101.1780886104176 1719 1727 -1
1724 -80.73933025196443 -140.84310873377825 -97.61697598752357 1720 1728 -1
1725 -79.23346202672815 -143.62637491338052 -95.28279930899976 1721 1729 -1
1726 -50.0 -158.5 -209.0 1722 -1 -1
1727 -18.78028463714576 -159.68608831249708 -101.14853529198244 1723 1730 -1
1728 -80.92047268170164 -140.74312567988446 -97.68030108377258 1724 1731 -1
1729 -79.28286163794314 -143.76897666248726 -95.14186481846623 1725 1732 -1
1730 -18.598035986251002 -159.60718441462654 -101.11984745151209 1727 1733 -1
1731 -81.10080403785773 -140.64264781334867 -97.74513993890635 1728 1734 -1
1732 -79.33034429932798 -143.91263920648365 -95.00134943935214 1729 1735 -1
1733 -18.414798854171142 -159.53035389298708 -101.09184237074481 1730 1736 -1
1734 -81.28033607697124 -140.54168508425735 -97.81142769491817 1731 1737 -1
1735 -79.37588912523894 -144.05735267183388 -94.86127168560864 1732 1738 -1
1736 -18.23034239545092 -159.45630847815914 -101.06435114488583 1733 1739 -1
1737 -81.45907921231752 -140.44024549329384 -97.87910494298438 1734 1740 -1
1738 -79.41947436720554 -144.2031071420949 -94.72165057541211 1735 1741 -1
1739 -18.04440895684801 -159.38592446979828 -101.03720533478746 1736 1742 -1
1740 -81.63704492114375 -140.33833664293826 -97.94811303274463 1737 1743 -1
1741 -79.4610779712136 -144.34989231051932 -94.58250553179799 1738 1744 -1
1742 -17.85679280708128 -159.32009907644957 -101.01021820436318 1739 1745 -1
1743 -81.81424553028953 -140.23596568232657 -98.01839438417043 1740 1746 -1
1744 -79.50068231143622 -144.49769508965076 -94.44385519589828 1741 1747 -1
1745 -17.66731651814424 -159.25986059887524 -100.98320005921632 1742 1748 -1
1746 -81.99069357331183 -140.13313899303634 -98.08989341601874 1743 1749 -1
1747 -79.53826925607873 -144.64650224162435 -94.30571856785876 1744 1750 -1
1748 -17.47580946659864 -159.20656303143014 -100.95594706371914 1745 1751 -1
1749 -82.16640143250065 -140.0298620370972 -98.16255690246327 1746 1752 -1
1750 -79.57382160068572 -144.7962996488915 -94.16811464883152 1747 1753 -1
1751 -17.28225903061775 -159.16154366576538 -100.92825203992868 1748 1754 -1
1752 -82.34138321595512 -139.92614056624168 -98.23633092986132 1749 1755 -1
1753 -79.60732279280474 -144.9470724736765 -94.03106249324684 1750 1756 -1
1754 -17.086765545449484 -159.1264433488607 -100.89990215165263 1751 1757 -1
1755 -82.51565186525694 -139.82197891656975 -98.31116524998437 1752 1758 -1
1756 -79.63875690518645 -145.09880518577137 -93.89458120271071 1753 1759 -1
1757 -16.889663786007578 -159.1030026394685 -100.87068203973213 1754 1760 -1
1758 -82.68922082109324 -139.71738107291907 -98.38701052292504 1755 1761 -1
1759 -79.66811182578 -145.25148016478258 -93.75868898771601 1756 1762 -1
1760 -16.691772848900115 -159.0892852822599 -100.84053333898045 1757 1763 -1
1761 -82.86210459423734 -139.6123510911513 -98.46381748557744 1758 1764 -1
1762 -79.69537570957019 -145.40507941866906 -93.62340409849273 1759 1765 -1
1763 -16.493709149090378 -159.08125023129892 -100.80940951200233 1760 1766 -1
1764 -83.03431714923147 -139.50689213803977 -98.5415391664692 1761 1767 -1
1765 -79.72053671687641 -145.5595846844961 -93.48874490668497 1762 1768 -1
1766 -16.295767701100562 -159.07439625154882 -100.77722734011442 1763 1769 -1
1767 -83.20587258709325 -139.40100695701824 -98.62012977308837 1764 1770 -1
1768 -79.74358326959538 -145.7149773014388 -93.35472983542684 1765 1771 -1
1769 -16.09817500263141 -159.06403579921317 -100.74390782248474 1766 1772 -1
1770 -83.37678511153065 -139.29469788861343 -98.6995446483863 1767 1773 -1
1771 -79.76451129318306 -145.87123531905547 -93.2213750557416 1768 1774 -1
1772 -15.901392498644318 -159.04553782965525 -100.70943395389791 1769 1775 -1
1773 -83.54706899827009 -139.1879668898863 -98.77974022699175 1770 1776 -1
1774 -79.7833087727446 -146.02833985595927 -93.08869926411175 1771 1777 -1
1775 -15.706376487909953 -159.01466127912602 -100.67391046297531 1772 1778 -1
1776 -83.71673856728593 -139.08081555290315 -98.86067399131609 1773 1779 -1
1777 -79.79997610139672 -146.18626699911079 -92.95671720339543 1774 1780 -1
1778 -15.514733683031341 -158.96784275101382 -100.63760032682553 1775 1781 -1
1779 -83.8858081577276 -138.97324512226209 -98.94230442770622 1776 1782 -1
1780 -79.81450331145169 -146.3449967520365 -92.82544697594984 1777 1783 -1
1781 -15.328028795406906 -158.9043481218117 -100.6008638932224 1778 1784 -1
1782 -84.05429210534847 -138.86525651170254 -99.02459098277704 1779 1785 -1
1783 -79.82689341266456 -146.50450419765713 -92.6949023294399 1780 1786 -1
1784 -15.145734646261657 -158.8292377925851 -100.56367172393722 1781 1787 -1
1785 -84.22220472225095 -138.75685031983056 -99.10749402003795 1782 1788 -1
1786 -79.83714353761992 -146.6647666350388 -92.56509888283422 1783 1789 -1
1787 -14.966097103333656 -158.74829226060726 -100.52571664568057 1784 1790 -1
1788 -84.38956027876947 -138.64802684499207 -99.19097477690644 1785 1791 -1
1789 -79.845253184812 -146.82576049617552 -92.4360513748341 1786 1792 -1
1790 -14.787199645717882 -158.66624196937664 -100.48664071228458 1787 1793 -1
1791 -84.55637298732363 -138.53878609932988 -99.274995322188 1788 1794 -1
1792 -79.85122712178344 -146.9874605239174 -92.30777252960259 1789 1795 -1
1793 -14.60731250988002 -158.587139079123 -100.44608907719294 1790 1796 -1
1794 -84.72265698808188 -138.42912782206102 -99.35951851408525 1791 1797 -1
1795 -79.8550689163578 -147.14984202906248 -92.18027530853756 1792 1798 -1
1796 -14.424924117935552 -158.5150867232938 -100.40368472052774 1793 1799 -1
1797 -84.88842633628555 -138.31905149201106 -99.44450795878664 1794 1800 -1
1798 -79.85678346351047 -147.31288004291613 -92.05357200372339 1795 1801 -1
1799 -14.238999700140146 -158.454299676863 -100.35916669077373 1796 1802 -1
1800 -85.05369460959953 -138.20855601034805 -99.5299282793729 1797 1803 -1
1801 -79.85637640133743 -147.4765495289622 -91.9276744321856 1798 1804 -1
1802 -14.049282482511975 -158.40891834760072 -100.31245110572411 1799 1805 -1
1803 -85.21847568938928 -138.09764036257292 -99.61574437747218 1800 1806 -1
1804 -79.8538580365737 -147.6408243135364 -91.80259238140127 1801 1807 -1
1805 -13.856928447321087 -158.3793520777539 -100.26375301823839 1802 1808 -1
1806 -85.38278363863658 -137.98630357874507 -99.70192157348198 1803 1809 -1
1807 -79.84923827905101 -147.80567865396057 -91.67833549311457 1804 1810 -1
1808 -13.663506004329165 -158.361971907397 -100.21334663050062 1805 1811 -1
1809 -85.5466320831982 -137.8745442085134 -99.78842604852673 1806 1812 -1
1810 -79.84252854829768 -147.97108670419496 -91.5549125157716 1807 1813 -1
1811 -13.469929099637294 -158.35249606255294 -100.16140166073635 1808 1814 -1
1812 -85.71003374656738 -137.76235983108214 -99.87522500145461 1809 1815 -1
1813 -79.8337417309714 -148.13702257955615 -91.4323312863172 1810 1816 -1
1814 -13.276605773224297 -158.34713804585508 -100.10791925309728 1811 1817 -1
1815 -85.87300266002929 -137.64974918683745 -99.962285178125 1812 1818 -1
1816 -79.82289213434058 -148.3034604197264 -91.31059871564067 1813 1819 -1
1817 -13.083723386100209 -158.34223028887274 -100.05282261033967 1814 1820 -1
1818 -86.03555215742531 -137.5367103258093 -100.04957422310537 1815 1821 -1
1819 -79.80999543619662 -148.47037444974652 -91.18972077764734 1816 1822 -1
1820 -12.891467389462662 -158.33401779235388 -99.9959783648049 1817 1823 -1
1821 -86.19769439591037 -137.42323999187693 -100.13706068010912 1818 1824 -1
1822 -79.79506863159146 -148.63773903871288 -91.0697025019032 1819 1825 -1
1823 -12.700213728027391 -158.31864909569686 -99.93731583974487 1820 1826 -1
1824 -86.35944325509011 -137.3093367282957 -100.22471258687985 1821 1827 -1
1825 -79.77812997680418 -148.80552875593142 -90.95054796977391 1822 1828 -1
1826 -12.510756854240421 -158.2922105383969 -99.87687201537368 1823 1829 -1
1827 -86.52081110133264 -137.19499744446424 -100.31249898364048 1824 1830 -1
1828 -79.75919893094326 -148.97371842431104 -90.83226031395479 1825 1831 -1
1829 -12.324328449298854 -158.25176878796023 -99.8147988689284 1826 1832 -1
1830 -86.68181052566192 -137.0802192659632 -100.40038903543716 1827 1833 -1
1831 -79.7382960955912 -149.14228317081327 -90.7148417212656 1828 1834 -1
1832 -12.142143278300042 -158.19696844089745 -99.75115602353524 1829 1835 -1
1833 -86.84245441490447 -136.9649997246538 -100.48835212568079 1830 1836 -1
1834 -79.71544315289353 -149.31119847380614 -90.59829343856435 1831 1837 -1
1835 -11.965114271742095 -158.12868647325126 -99.68602420150863 1832 1838 -1
1836 -87.00275446259859 -136.8493348743585 -100.57635806227422 1833 1839 -1
1837 -79.69066170882036 -149.48044038116663 -90.48261628141138 1834 1840 -1
1838 -11.794210948767857 -158.0474396079625 -99.61942041088088 1835 1841 -1
1839 -87.16272371154352 -136.73322259101073 -100.66437672712624 1836 1842 -1
1840 -79.6639761668612 -149.6499850580984 -90.36780931623619 1837 1843 -1
1841 -11.630694555315161 -157.95328639194557 -99.55128741794526 1838 1844 -1
1842 -87.32237326129875 -136.61665817126053 -100.75237823802654 1839 1845 -1
1843 -79.63541135058176 -149.81980923957616 -90.25387090762615 1840 1846 -1
1844 -11.475452303553915 -157.84701981065575 -99.48164246288144 1841 1847 -1
1845 -87.4817159920365 -136.49963952077303 -100.84033298941542 1842 1848 -1
1846 -79.60499264803282 -149.98989021347978 -90.14079864880559 1843 1849 -1
1847 -11.330096447514311 -157.72854955570241 -99.41038667518967 1844 1850 -1
1848 -87.64076275887489 -136.3821616551795 -100.92821123283606 1845 1851 -1
1849 -79.572746206812 -150.16020580732547 -90.02858926344817 1846 1852 -1
1850 -11.19588782601958 -157.59848647095035 -99.33751668368588 1847 1853 -1
1851 -87.79952602392376 -136.26422220285394 -101.01598377760497 1848 1854 -1
1852 -79.5386988705681 -150.3307344155035 -89.9172386265234 1849 1855 -1
1853 -11.075053009934388 -157.4568002972321 -99.26295708391304 1850 1856 -1
1854 -87.95801638614911 -136.1458158951314 -101.10362086610048 1851 1857 -1
1855 -79.5028779249104 -150.5014550420125 -89.80674187993219 1852 1858 -1
1856 -10.969695785665072 -157.3040917198679 -99.18675962523676 1853 1859 -1
1857 -88.11624594858478 -136.0269401944819 -101.19109360824754 1854 1860 -1
1858 -79.46531010224612 -150.67234739443657 -89.69709391832033 1855 1861 -1
1859 -10.88257368699316 -157.1410304854133 -99.10905432499862 1856 1862 -1
1860 -88.27422512563736 -135.90758971568417 -101.27837218099592 1857 1863 -1
1861 -79.42602550898177 -150.84339153269892 -89.58828746658506 1858 1864 -1
1862 -10.816946385214834 -156.96876584415259 -99.03015226669459 1859 1865 -1
1863 -88.43196552246587 -135.78776152248975 -101.36542777652578 1860 1866 -1
1864 -79.38505317122286 -151.01456832634835 -89.48031523799828 1861 1867 -1
1865 -10.77627356772664 -156.78926114533698 -98.95065176296747 1862 1868 -1
1866 -88.58947746980039 -135.66745038131367 -101.45223054125071 1863 1869 -1
1867 -79.34242251024406 -151.18585930031657 -89.37316922397977 1864 1870 -1
1868 -10.761791203346728 -156.60553243306973 -98.87165696589351 1865 1871 -1
1869 -88.74677199861829 -135.5466527738138 -101.5387514752813 1866 1872 -1
1870 -79.29816328769634 -151.35724664351469 -89.26684072238525 1867 1873 -1
1871 -10.770208470171818 -156.42063502770924 -98.7944161264431 1868 1874 -1
1872 -88.90385937424129 -135.4253637841825 -101.62496074786007 1869 1875 -1
1873 -79.25230500353251 -151.52871323674117 -89.16132064593933 1870 1876 -1
1874 -10.796995889745721 -156.2364465569695 -98.71960632713034 1871 1877 -1
1875 -89.0607500507886 -135.3035792375869 -101.71082889862336 1872 1878 -1
1876 -79.20487755519285 -151.70024260861365 -89.05659919663468 1873 1879 -1
1877 -10.837689748398335 -156.05373858457924 -98.64740858098769 1874 1880 -1
1878 -89.21745420083172 -135.18129463957186 -101.7963261737666 1875 1881 -1
1879 -79.15591244656886 -151.87181891753394 -88.952665244135 1876 1882 -1
1880 -10.888387916142682 -155.87254473030907 -98.57772308079127 1877 1883 -1
1881 -89.37398172308642 -135.05850512871118 -101.88142239147538 1878 1884 -1
1882 -79.10544030076493 -152.04342704579363 -88.84950759907903 1879 1885 -1
1883 -10.945674674763787 -155.69245300914764 -98.51029679939712 1880 1886 -1
1884 -89.53034264596444 -134.9352066933475 -101.96608791498647 1881 1887 -1
1885 -79.05349183939042 -152.21505254571048 -88.74711452532846 1882 1888 -1
1886 -11.006545099159863 -155.5128194704039 -98.4448020565696 1883 1889 -1
1887 -89.68654634920475 -134.81139380301565 -102.05029160847202 1884 1890 -1
1888 -79.00009784158917 -152.38668163443288 -88.6454737690827 1885 1891 -1
1889 -11.069114658785171 -155.33315319466175 -98.38101838910043 1886 1892 -1
1890 -89.84260264927161 -134.6870629460311 -102.13400395723853 1887 1893 -1
1891 -78.94528909287236 -152.55830118680663 -88.54457259428318 1888 1894 -1
1892 -11.133875116006177 -155.15363966138992 -98.31901940055076 1889 1895 -1
1893 -89.99852044983558 -134.562207991349 -102.21719268817466 1890 1896 -1
1894 -78.88909533872757 -152.72989870106898 -88.44439834317674 1891 1897 -1
1895 -11.201688960502839 -154.9746252806204 -98.2588747786227 1892 1898 -1
1896 -90.15430924586798 -134.43682575487628 -102.29982820024274 1893 1899 -1
1897 -78.83154846281622 -152.9014623520305 -88.34493677535119 1894 1900 -1
1898 -11.273365956848624 -154.79647631618792 -98.20067623271558 1895 1901 -1
1899 -90.30997760372286 -134.31091005751583 -102.38187744277155 1896 1902 -1
1900 -78.77267911336718 -153.0729809347284 -88.24617384786546 1897 1903 -1
1901 -11.349796596095626 -154.61963537916046 -98.14458157101902 1898 1904 -1
1902 -90.46553453274889 -134.1844575524413 -102.463310119654 1899 1905 -1
1903 -78.71251782732485 -153.2444438599761 -88.14809513884306 1900 1906 -1
1904 -11.431584300841136 -154.44452661106368 -98.09065988164663 1901 1907 -1
1905 -90.62098828781119 -134.05746228521625 -102.54409256435241 1902 1908 -1
1906 -78.65109500394136 -153.41584114098063 -88.05068587302257 1903 1909 -1
1907 -11.519367269880124 -154.2716427672447 -98.03904026034883 1904 1910 -1
1908 -90.77634737839188 -133.9299207733371 -102.62419364386832 1905 1911 -1
1909 -78.58844088064575 -153.58716337909473 -87.95393094646009 1906 1912 -1
1910 -11.613691997576261 -154.10152007141582 -97.98985380485314 1907 1913 -1
1911 -90.93161968194511 -133.80182719941413 -102.703578849937 1908 1914 -1
1912 -78.52458551112676 -153.75840174882612 -87.85781495033709 1909 1915 -1
1913 -11.714834207232915 -153.93464106511274 -97.94317095235556 1910 1916 -1
1914 -91.08681322513974 -133.6731782093973 -102.78221637257656 1911 1917 -1
1915 -78.4595587455591 -153.92954798222138 -87.7623221938356 1912 1918 -1
1916 -11.82311835375982 -153.7715745911376 -97.89911656023291 1913 1919 -1
1917 -91.24193543356606 -133.5439679278175 -102.86007044870313 1914 1920 -1
1918 -78.39339021289926 -154.10059435273445 -87.66743672605153 1915 1921 -1
1919 -11.938526538424842 -153.61275658652508 -97.85770921937481 1916 1922 -1
1920 -91.39699384090059 -133.4141933790487 -102.9371087861756 1917 1923 -1
1921 -78.32610930517197 -154.27153365868062 -87.57314235692374 1918 1924 -1
1922 -12.06041387473235 -153.45824436505083 -97.818620945767 1919 1925 -1
1923 -91.55199537786994 -133.28384860839108 -103.01329413632764 1920 1926 -1
1924 -78.25774516366593 -154.44235920637254 -87.47942267716462 1921 1927 -1
1925 -12.188030408073123 -153.30795614374284 -97.78137573816487 1922 1928 -1
1926 -91.70694701345656 -133.15293080992936 -103.08859325932939 1923 1929 -1
1927 -78.18832652982451 -154.61306473503757 -87.38626107398144 1924 1930 -1
1928 -12.320553332078694 -153.16164024935412 -97.74546401370301 1925 1931 -1
1929 -91.8618552089517 -133.0214348490081 -103.16296862303471 1926 1932 -1
1930 -78.11788255652242 -154.78364369786664 -87.29363883545398 1927 1933 -1
1931 -12.457339621888924 -153.0190793801347 -97.71043905553127 1928 1934 -1
1932 -92.0167262547408 -132.88935721178748 -103.23638443666216 1929 1935 -1
1933 -78.0464422698016 -154.95408926048236 -87.20153554053068 1930 1936 -1
1934 -12.597867444431095 -152.88008363617072 -97.67589219732972 1931 1937 -1
1935 -92.17156609760704 -132.75669424545646 -103.308803903859 1932 1938 -1
1936 -77.97403441010601 -155.1243950338093 -87.1099305575735 1933 1939 -1
1937 -12.74168710670821 -152.74447180160485 -97.64143700445265 1934 1940 -1
1938 -92.3263803164588 -132.62344137782924 -103.38018767362531 1935 1941 -1
1939 -77.90068744160308 -155.2945550878364 -87.01880311004311 1936 1942 -1
1940 -12.888408117551037 -152.61207564456586 -97.60670404898623 1937 1943 -1
1941 -92.48117423326157 -132.4895962513891 -103.45049933290169 1938 1944 -1
1942 -77.82642954576909 -155.4645639325038 -86.92813229374796 1939 1945 -1
1943 -13.037687852729988 -152.48274253555124 -97.57133549300828 1940 1946 -1
1944 -92.6359527438391 -132.3551549909268 -103.51969873431432 1941 1947 -1
1945 -77.75128847646275 -155.6344164722639 -86.83789716081886 1942 1948 -1
1946 -13.189221624050644 -152.35633699436647 -97.5349796103548 1943 1949 -1
1947 -92.7907203934159 -132.22011443987125 -103.58774586968 1944 1950 -1
1948 -77.67529188130761 -155.804108043942 -86.7480765736995 1945 1951 -1
1949 -13.342733889188803 -152.23274161619466 -97.49728529239742 1946 1952 -1
1950 -92.9454813387663 -132.0844725123337 -103.6546016628498 1947 1953 -1
1951 -77.59846712562076 -155.97363437155875 -86.658649308342 1948 1954 -1
1952 -13.497970311890228 -152.11185771031543 -97.45789653233129 1949 1955 -1
1953 -93.10023930612331 -131.94822641703735 -103.72022441191069 1950 1956 -1
1954 -77.52084123040754 -156.14299153474136 -86.569594095774 1951 1957 -1
1955 -13.654690666358396 -151.99360651066456 -97.416446279416 1952 1958 -1
1956 -93.25499759385374 -131.81137351941985 -103.78457127916897 1953 1959 -1
1957 -77.44244092305676 -156.3121759592019 -86.4808896091645 1954 1960 -1
1958 -13.8126648921728 -151.87793855091462 -97.37254059933143 1955 1961 -1
1959 -93.40975903699999 -131.6739127897502 -103.84760139327844 1956 1962 -1
1960 -77.36329263875713 -156.4811843985597 -86.39251447477615 1957 1963 -1
1961 -13.971653541211676 -151.7648088291424 -97.3257784313623 1958 1964 -1
1962 -93.56452598539744 -131.53584277670583 -103.90927152798355 1959 1965 -1
1963 -77.28342252293677 -156.6500139164535 -86.30444728198793 1960 1966 -1
1964 -14.1314129535502 -151.65420357345172 -97.27572329599474 1961 1967 -1
1965 -93.71930028491404 -131.39716226230317 -103.96953730977835 1962 1968 -1
1966 -77.20285643465078 -156.81866186896778 -86.21666659242923 1963 1969 -1
1967 -14.291681955724071 -151.54613419689153 -97.2219038705324 1964 1970 -1
1968 -93.87408325216086 -131.25787029501595 -104.02835314882466 1965 1971 -1
1969 -77.12161995084587 -156.9871258873923 -86.12915094826737 1966 1972 -1
1970 -14.452172028663554 -151.44064044639802 -97.16380811440415 1967 1973 -1
1971 -94.02887562713882 -131.11796738970932 -104.08567510576172 1968 1974 -1
1972 -77.039738371433 -157.155403861329 -86.04187887968959 1969 1975 -1
1973 -14.612555788396715 -151.33779450987433 -97.10087786633726 1970 1976 -1
1974 -94.18367756875732 -130.9774539612739 -104.14145710870149 1971 1977 -1
1975 -76.95723666912713 -157.3234939043303 -85.95482893048757 1972 1978 -1
1976 -14.77245333328935 -151.23770621998514 -97.03250448144199 1973 1979 -1
1977 -94.33848861793105 -130.83633098295903 -104.19565238959268 1974 1980 -1
1978 -76.87413917523457 -157.4913942257406 -85.86797975804416 1975 1981 -1
1979 -14.931408904287037 -151.14054460004016 -96.95799321717655 1976 1982 -1
1980 -94.49330766729562 -130.6946000262785 -104.248213499528 1977 1983 -1
1981 -76.79047089690694 -157.6591035431431 -85.78130971188276 1978 1984 -1
1982 -15.088838374802139 -151.0465824414639 -96.87647740242726 1979 1985 -1
1983 -94.64813293015322 -130.55226330223687 -104.2990923284136 1980 1986 -1
1984 -76.70625609526759 -157.82662061828913 -85.69479733015321 1981 1987 -1
1985 -15.244150559529594 -150.9560311277575 -96.78739959042613 1982 1988 -1
1986 -94.80296190876533 -130.4093237037822 -104.34824012932019 1983 1989 -1
1987 -76.62151878962419 -157.99394439230005 -85.60842116597952 1984 1990 -1
1988 -15.396880149066567 -150.86925741656998 -96.69044633955184 1985 1991 -1
1989 -94.9577913615526 -130.26578475090128 -104.39560724488915 1986 1992 -1
1990 -76.53628276613868 -158.16107397097036 -85.52215979102792 1987 1993 -1
1991 -15.54666369309849 -150.78661387789202 -96.58560987495198 1988 1994 -1
1992 -95.11261727055667 -130.12165092594134 -104.4411440139175 1989 1995 -1
1993 -76.45057128581634 -158.32800848002927 -85.43599184643233 1990 1996 -1
1994 -15.693185119246778 -150.70838160979977 -96.47306484549348 1991 1997 -1
1995 -95.2674348115861 -129.97692751039662 -104.48480022983442 1992 1998 -1
1996 -76.3644077514536 -158.4947473147313 -85.34989590523776 1993 1999 -1
1997 -15.836085898462722 -150.63489745069302 -96.35291941278766 1994 2000 -1
1998 -95.4222383197441 -129.8316205658317 -104.52652496000331 1995 2001 -1
1999 -76.27781559041568 -158.66129010608253 -85.2638505523332 1996 2002 -1
2000 -15.97504772652094 -150.5664433447682 -96.22541041207893 1997 2003 -1
2001 -95.57702125690169 -129.6857370606779 -104.56626683727559 1998 2004 -1
2002 -76.19081775465257 -158.82763647939316 -85.17783445613999 1999 2005 -1
2003 -16.109840893437397 -150.50319573875893 -96.09092636399885 2000 2006 -1
2004 -95.73177617481991 -129.53928484050354 -104.60397383514798 2001 2007 -1
2005 -76.10343697432921 -158.99378613596804 -85.09182631345733 2002 2008 -1
2006 -16.240119842511405 -150.4454808597191 -95.94967426271745 2003 2009 -1
2007 -95.88649468431723 -129.3922727609825 -104.63959360920303 2004 2010 -1
2008 -76.01569540795379 -159.1597386229107 -85.00580480068501 2005 2011 -1
2009 -16.36575030907523 -150.3933747710759 -95.8021714625569 2006 2012 -1
2010 -96.04116743983148 -129.24471088352848 -104.6730741777309 2007 2013 -1
2011 -75.92761601256383 -159.32549408608335 -84.9197486642851 2008 2014 -1
2012 -16.486589820565662 -150.34697877835424 -95.64887121678046 2009 2015 -1
2013 -96.19578409610006 -129.09661027267998 -104.70436309000053 2010 2016 -1
2014 -75.83922107008821 -159.49105246218346 -84.83363669466252 2011 2017 -1
2015 -16.602467321585397 -150.30644049319628 -95.49017155675342 2012 2018 -1
2016 -96.35033328576253 -128.94798312775328 -104.73340782912118 2013 2019 -1
2017 -75.75053264389003 -159.6564136789705 -84.74744768720637 2014 2020 -1
2018 -16.713330468444315 -150.27178107503363 -95.32657313677444 2015 2021 -1
2019 -96.50480259485445 -128.79884282484835 -104.76015590785353 2016 2022 -1
2020 -75.66157248482766 -159.82157753516543 -84.66116034569615 2017 2023 -1
2021 -16.819205971847897 -150.24294488882575 -95.15859866611589 2018 2024 -1
2022 -96.65917854092993 -128.64920395671044 -104.78455497218077 2019 2025 -1
2023 -75.57236288943008 -159.98654434474895 -84.57475366283398 2020 2026 -1
2024 -16.920103271596865 -150.21991127957023 -94.9867066574797 2021 2027 -1
2025 -96.81344655424819 -128.49908236995051 -104.8065529126598 2022 2028 -1
2026 -75.48292564584422 -160.15131416578745 -84.48820656044913 2023 2029 -1
2027 -17.01599669902149 -150.20271478357756 -94.81130226844368 2024 2030 -1
2028 -96.96759093485983 -128.3484951110375 -104.82609749048756 2025 2031 -1
2029 -75.39328224429008 -160.31588684237855 -84.40149779336731 2026 2032 -1
2030 -17.10707122867197 -150.19115772833302 -94.63289345058311 2027 2033 -1
2031 -97.12159477631604 -128.1974603468896 -104.84313564511585 2028 2034 -1
2032 -75.30345442363932 -160.4802624972898 -84.31460635367024 2029 2035 -1
2033 -17.193440602103504 -150.18513239227926 -94.45188829748145 2030 2036 -1
2034 -97.2754402687369 -128.045998271709 -104.85761879343602 2031 2037 -1
2035 -75.21346386667287 -160.6444413026736 -84.22751137698563 2032 2038 -1
2036 -17.275120791997157 -150.18462744718437 -94.26861982696597 2033 2039 -1
2037 -97.42910837723448 -127.89413005901609 -104.86949708585118 2034 2040 -1
2038 -75.1233319899251 -160.80842316467323 -84.14019179752931 2035 2041 -1
2039 -17.352380325809897 -150.1893333040513 -94.08350369394093 2036 2042 -1
2040 -97.58257894820296 -127.74187826331384 -104.87872158969694 2037 2043 -1
2041 -75.03308016078586 -160.97220786375914 -84.05262642508994 2038 2044 -1
2042 -17.425341247776696 -150.19912412048174 -93.89684705984288 2039 2045 -1
2043 -97.73583062504038 -127.58926669919452 -104.88524337307581 2040 2046 -1
2044 -74.94272996638398 -161.1357955898278 -83.96479469744139 2041 2047 -1
2045 -17.494122575762354 -150.21388882038258 -93.70893443119974 2042 2048 -1
2046 -97.88884089171043 -127.43632057979491 -104.88901434453562 2043 2049 -1
2047 -74.85230276125708 -161.2991861732597 -83.87667573633195 2044 2050 -1
2048 -17.558984322789396 -150.23335647657984 -93.52005772887554 2045 2051 -1
2049 -98.04158651071239 -127.28306695502711 -104.88999166117945 2046 2052 -1
2050 -74.76181983944497 -161.46237905296076 -83.78824815314061 2047 2053 -1
2051 -17.61997820593502 -150.25751466190016 -93.33043472755861 2048 2054 -1
2052 -98.1940430135435 -127.12953393546579 -104.88813168406499 2049 2055 -1
2053 -74.6713026852881 -161.6253742980818 -83.69949170925501 2050 2056 -1
2054 -17.677384853279108 -150.28607998049833 -93.14030494124941 2051 2057 -1
2055 -98.34618492970043 -126.97575098550558 -104.88339251177746 2052 2058 -1
2056 -74.58077264541677 -161.78817152394635 -83.61038567398865 2053 2059 -1
2057 -17.731283548880537 -150.31902118500983 -92.94985562254209 2054 2060 -1
2058 -98.4979854389865 -126.82174869301959 -104.87573099451174 2055 2061 -1
2059 -74.49025114278498 -161.9507698546324 -83.5209085848768 2056 2062 -1
2060 -17.78190220120604 -150.35612720812202 -92.75927196032464 2057 2063 -1
2061 -98.64941748607569 -126.6675593783152 -104.86511186422592 2058 2064 -1
2062 -74.39975959860807 -162.1131690691708 -83.43104044266758 2059 2065 -1
2063 -17.82933724262933 -150.39735748146987 -92.56871632189471 2060 2066 -1
2064 -98.800452967013 -126.51321639264897 -104.85150005667492 2061 2067 -1
2065 -74.30931944060588 -162.27536847095817 -83.34076066743191 2062 2068 -1
2066 -17.873797734066223 -150.44252918980692 -92.37833679355212 2063 2069 -1
2067 -98.95106294476692 -126.35875422168199 -104.83486239650308 2064 2070 -1
2068 -74.21895232879157 -162.4373668298272 -83.25004781836867 2065 2071 -1
2069 -17.915363556583983 -150.49163385725691 -92.1882768964191 2066 2072 -1
2070 -99.10121779013937 -126.2042084570353 -104.81516830185934 2067 2073 -1
2071 -74.12867971578454 -162.59916352555626 -83.15888210858365 2068 2074 -1
2072 -17.954248158408788 -150.5444834205432 -91.99865412105694 2069 2075 -1
2073 -99.25088688563766 -126.04961571010396 -104.79238764162251 2070 2076 -1
2074 -74.03852319272994 -162.76075746209992 -83.06724313671536 2071 2077 -1
2075 -17.990495459727544 -150.60113010984452 -91.80960577180144 2072 2078 -1
2076 -99.40003977909133 -125.89501360338686 -104.76649753321487 2073 2079 -1
2077 -73.94850475451567 -162.92214695224396 -82.97510947748424 2074 2080 -1
2078 -18.024321136766698 -150.66138069412162 -91.62122389955279 2075 2081 -1
2079 -99.54864541726013 -125.74044053052721 -104.73747673124633 2076 2082 -1
2080 -73.85864595914475 -163.08333092458187 -82.88246165372568 2077 2083 -1
2081 -18.055770977617406 -150.72529597033514 -91.43363968671017 2078 2084 -1
2082 -99.69667235750651 -125.58593560504745 -104.7053066148736 2079 2085 -1
2083 -73.76896864877168 -163.24430778144497 -82.78927944214186 2080 2086 -1
2084 -18.085016915939743 -150.79274559636968 -91.24693848053505 2081 2087 -1
2085 -99.84408897013586 -125.43153855202026 -104.66997187030434 2082 2088 -1
2086 -73.67949524928848 -163.4050752830796 -82.69554144823155 2083 2089 -1
2087 -18.11213796901429 -150.86374814756053 -91.06123648966303 2084 2090 -1
2088 -99.9908635578343 -125.27728958302589 -104.63146059835631 2085 2091 -1
2089 -73.59024747537683 -163.56563184189173 -82.60122859957494 2086 2092 -1
2090 -18.137235738396228 -150.93826498318583 -90.87663013604362 2087 2093 -1
2091 -100.1369644797009 -125.12322926371317 -104.58976440697121 2088 2094 -1
2092 -73.50124751433582 -163.7259752590443 -82.50632085498731 2089 2095 -1
2093 -18.159951292879903 -151.01624971457645 -90.69315206953692 2090 2096 -1
2094 -100.28236027893111 -124.96939837487398 -104.54487848734968 2091 2097 -1
2095 -73.41251828668842 -163.88610266953322 -82.41079694244985 2092 2098 -1
2096 -18.17922864561044 -151.09770238690982 -90.51079241422435 2093 2099 -1
2097 -100.42701981311602 -124.81583776806492 -104.49680167251981 2094 2100 -1
2098 -73.32408172740429 -164.04601187716472 -82.31463823043197 2095 2101 -1
2099 -18.19406668292515 -151.1824870953106 -90.32954179280416 2096 2102 -1
2100 -100.57091238604318 -124.66258821692281 -104.44553647732234 2097 2103 -1
2101 -73.23596045441462 -164.2056999916835 -82.21782489531364 2098 2104 -1
2102 -18.203205070422584 -151.27060645850554 -90.14951189354362 2099 2105 -1
2103 -100.71400787982577 -124.50969026541993 -104.39108911899315 2100 2106 -1
2104 -73.14817789794547 -164.3651634663687 -82.12033595294426 2101 2107 -1
2105 -18.20570676422439 -151.36182648093933 -89.97082016801868 2102 2108 -1
2106 -100.85627671564265 -124.35718416042421 -104.33346888801577 2103 2109 -1
2107 -73.06075630658161 -164.52439938509917 -82.02215319384773 2104 2110 -1
2108 -18.200173308621455 -151.456064968675 -89.79377504938108 2105 2111 -1
2109 -100.99768921730062 -124.20511013101007 -104.27268552403768 2106 2112 -1
2110 -72.97371876352476 -164.68340410178195 -81.9232571405925 2107 2113 -1
2111 -18.18581084713801 -151.55295261528278 -89.61867096592707 2108 2114 -1
2112 -101.1382186349156 -124.05350673424167 -104.20875969711193 2109 2115 -1
2113 -72.8870892608096 -164.84217329105078 -81.82362716105628 2110 2116 -1
2114 -18.16121677227058 -151.6522333092243 -89.44606875235066 2111 2117 -1
2115 -101.27783839731956 -123.90241211870166 -104.14171218881746 2112 2118 -1
2116 -72.80089039605862 -165.00070324632372 -81.72324557291793 2113 2119 -1
2117 -18.1259832207787 -151.7533851162623 -89.276425334444 2114 2120 -1
2118 -101.41652057865909 -123.7518650013808 -104.07155912414478 2115 2121 -1
2119 -72.7151457353127 -165.15898949604934 -81.6220933770809 2116 2122 -1
2120 -18.080022242862803 -151.8560637458371 -89.11029839565161 2117 2123 -1
2121 -101.55424300436859 -123.60190040272269 -103.9983348706127 2118 2124 -1
2122 -72.62987988822188 -165.31702683597152 -81.5201503523048 2119 2125 -1
2123 -18.02455018788348 -151.95991238350368 -88.94783943407228 2120 2126 -1
2124 -101.69097999125549 -123.45255510071209 -103.92206151879536 2121 2127 -1
2125 -72.54511580627941 -165.47481070655107 -81.41739948360002 2122 2128 -1
2126 -17.96032234266416 -152.06469519836935 -88.78924739346141 2123 2129 -1
2127 -101.82671152411142 -123.30386193342163 -103.84277753916483 2124 2130 -1
2128 -72.46087752797833 -165.63233574697637 -81.31382240901353 2125 2131 -1
2129 -17.888197669133238 -152.1702110749217 -88.63458122459414 2126 2132 -1
2130 -101.96141488167997 -123.15585507155292 -103.76051184918678 2127 2133 -1
2131 -72.37719033114078 -165.7895957761571 -81.20939938714231 2128 2134 -1
2132 -17.80907712105842 -152.27629999119134 -88.48377243827198 2129 2135 -1
2133 -102.09507156549367 -123.00856547028144 -103.67530421817536 2130 2136 -1
2134 -72.29407749370633 -165.94658532776 -81.10411424029927 2131 2137 -1
2135 -17.723601964074888 -152.38285963069956 -88.33680857948615 2132 2138 -1
2136 -102.22766396322228 -122.86202298307394 -103.58719495386585 2133 2139 -1
2137 -72.2115634967454 -166.10329809136076 -80.99794941192341 2134 2140 -1
2138 -17.63241631012253 -152.48981623700058 -88.19361146528567 2135 2141 -1
2139 -102.35917539871578 -122.71625633578142 -103.49622501827903 2136 2142 -1
2140 -72.12967430058268 -166.25972682739177 -80.89088576099608 2137 2143 -1
2141 -17.536193353899552 -152.59711907578517 -88.05401361140812 2138 2144 -1
2142 -102.4895907897138 -122.57129264218574 -103.40243764321882 2139 2145 -1
2143 -72.0484334650727 -166.41586511221453 -80.78290811840917 2140 2146 -1
2144 -17.435456145182638 -152.70474744499612 -87.91789215401705 2141 2147 -1
2145 -102.61889668342825 -122.4271573384275 -103.30587816157285 2142 2148 -1
2146 -71.96786590364123 -166.5717056148211 -80.67399985595894 2143 2149 -1
2147 -17.3306778942163 -152.8126999939615 -87.78511672941171 2144 2150 -1
2148 -102.74708128272145 -122.28387412746895 -103.20659383255811 2145 2151 -1
2149 -71.88799810661614 -166.72724002746793 -80.56414276954449 2146 2152 -1
2150 -17.22225477806275 -152.92099541439265 -87.65558486014221 2147 2153 -1
2151 -102.8741344628846 -122.14146493380005 -103.10463366238139 2148 2154 -1
2152 -71.80885396316258 -166.88246087815625 -80.4533227222476 2149 2155 -1
2153 -17.110599845969706 -153.02966195029234 -87.5291455220134 2150 2156 -1
2154 -103.0 -122.0 -103.0 2151 -1 -1
2155 -71.73045870298847 -167.03735979218928 -80.34152426363961 2152 2157 -1
2156 -16.996080023180166 -153.1387377782356 -87.40565491703688 2153 2158 -1
2157 -71.65283930830718 -167.19192733148458 -80.22873027067135 2155 2159 -1
2158 -16.878911848741545 -153.24822512403597 -87.28504641345474 2156 2160 -1
2159 -71.57601982799636 -167.34615498411387 -80.11492794003568 2157 2161 -1
2160 -16.759171341050084 -153.35807043051892 -87.16732419347407 2158 2162 -1
2161 -71.5 -167.5 -80.0 2159 -1 -1
2162 -16.636919793411455 -153.46821741305257 -87.05250010782493 2160 2163 -1
2163 -16.512214124193672 -153.5786113020446 -86.9405887371242 2162 2164 -1
2164 -16.385107145427053 -153.68919854364364 -86.83160764837474 2163 2165 -1
2165 -16.25562504286562 -153.7999273905561 -86.72560701313492 2164 2166 -1
2166 -16.123832281414654 -153.91074405266235 -86.62258823579944 2165 2167 -1
2167 -15.989775242489788 -154.0215965983782 -86.52257390578197 2166 2168 -1
2168 -15.853492654219588 -154.1324333978866 -86.42559636214963 2167 2169 -1
2169 -15.715020461778016 -154.24320255969266 -86.33169214039633 2168 2170 -1
2170 -15.574392089440815 -154.35385163755575 -86.24090221088078 2169 2171 -1
2171 -15.4316387090205 -154.46432733164667 -86.15327222157093 2170 2172 -1
2172 -15.286789517676064 -154.5745751819287 -86.06885274616094 2171 2173 -1
2173 -15.139847703788922 -154.68453520018156 -85.98773914436069 2172 2174 -1
2174 -14.990856559591329 -154.79415081213315 -85.90996751764716 2173 2175 -1
2175 -14.839847392899351 -154.90336273935935 -85.83559538686396 2174 2176 -1
2176 -14.686844500202206 -155.01210827891487 -85.76469632588564 2175 2177 -1
2177 -14.531871902852611 -155.12032179934587 -85.69735020767111 2176 2178 -1
2178 -14.374949833823585 -155.22793295943399 -85.63365113838418 2177 2179 -1
2179 -14.216070585528817 -155.3348557544096 -85.57375890786246 2178 2180 -1
2180 -14.055295431990894 -155.4410237578245 -85.5177086955127 2179 2181 -1
2181 -13.892652162847785 -155.54635483953516 -85.46560923123818 2180 2182 -1
2182 -13.728169797764853 -155.65076098344295 -85.41757969073828 2181 2183 -1
2183 -13.561837602233666 -155.75412055484088 -85.37385070280446 2182 2184 -1
2184 -13.393760494672708 -155.8563615715571 -85.33437300893577 2183 2185 -1
2185 -13.224016030868665 -155.9573909243557 -85.29913582838739 2184 2186 -1
2186 -13.052644296428143 -156.05708126743247 -85.26822688133338 2185 2187 -1
2187 -12.879759820482136 -156.1553665542398 -85.24153103976951 2186 2188 -1
2188 -12.705448104867548 -156.25216300628696 -85.21899815236846 2187 2189 -1
2189 -12.529753369776666 -156.347338593717 -85.20069893664973 2188 2190 -1
2190 -12.352799262049823 -156.44085897434664 -85.18645021048555 2189 2191 -1
2191 -12.1746415257095 -156.53260920385847 -85.17627175820991 2190 2192 -1
2192 -11.995366419391386 -156.62251990355193 -85.17007321745866 2191 2193 -1
2193 -11.81505915861232 -156.7105306360782 -85.16775056728656 2192 2194 -1
2194 -11.633775264332607 -156.7965294864419 -85.16930120051049 2193 2195 -1
2195 -11.451614481091903 -156.8805072385944 -85.17452910034288 2194 2196 -1
2196 -11.268616003726565 -156.96232204468112 -85.1834781568163 2195 2197 -1
2197 -11.084875877008175 -157.04198943862363 -85.19592281808781 2196 2198 -1
2198 -10.900436736942776 -157.1193856938062 -85.21186797604301 2197 2199 -1
2199 -10.71537486766478 -157.19450712767699 -85.23113321481087 2198 2200 -1
2200 -10.529736972201626 -157.26725853295727 -85.25367420795156 2199 2201 -1
2201 -10.343584770568153 -157.33762120276717 -85.2793415511979 2200 2202 -1
2202 -10.15696467357631 -157.40552270320873 -85.30805900217496 2201 2203 -1
2203 -9.969935940768558 -157.47093005775113 -85.33975297512725 2202 2204 -1
2204 -9.78256722108344 -157.53378039254085 -85.37446745291963 2203 2205 -1
2205 -9.594933674084974 -157.59402637584702 -85.41223475370145 2204 2206 -1
2206 -9.407113550175623 -157.65161746339413 -85.45308914722595 2205 2207 -1
2207 -9.219187796494191 -157.70649979043267 -85.49706708740577 2206 2208 -1
2208 -9.031241184971286 -157.75863594428407 -85.54418429922501 2207 2209 -1
2209 -8.843360970655796 -157.80796633528217 -85.59448026526539 2208 2210 -1
2210 -8.655636231521322 -157.85447025117193 -85.64794880932013 2209 2211 -1
2211 -8.468161057283796 -157.89807969203176 -85.7046353290961 2210 2212 -1
2212 -8.281025429291136 -157.93879818249036 -85.76450434433937 2211 2213 -1
2213 -8.09433180234092 -157.9765422519908 -85.82761471377906 2212 2214 -1
2214 -7.908165363372016 -158.01135186960616 -85.89388980891329 2213 2215 -1
2215 -7.722640730717827 -158.04311585173696 -85.96341460651752 2214 2216 -1
2216 -7.537833020992472 -158.07191337693206 -86.0360702192038 2215 2217 -1
2217 -7.353864539048661 -158.0976315247393 -86.11193970093069 2216 2218 -1
2218 -7.170809156826745 -158.12034020448877 -86.19091429905201 2217 2219 -1
2219 -6.988757234747826 -158.13996642145372 -86.27297442895777 2218 2220 -1
2220 -6.8077088495083276 -158.15629437370964 -86.35792616998958 2219 2221 -1
2221 -6.627619785642072 -158.1691115297182 -86.44547947746578 2220 2222 -1
2222 -6.448502234849394 -158.17801620054883 -86.53547630488573 2221 2223 -1
2223 -6.270328041221289 -158.18280197628394 -86.62763170507884 2222 2224 -1
2224 -6.093112378493798 -158.18313192432208 -86.7217377580871 2223 2225 -1
2225 -5.916899617370732 -158.17858559336108 -86.817600097107 2224 2226 -1
2226 -5.741712129250465 -158.16892880488436 -86.91494995751833 2225 2227 -1
2227 -5.567648625234587 -158.15364490050504 -87.0135847347616 2226 2228 -1
2228 -5.394789843970653 -158.1324220691307 -87.11323149128918 2227 2229 -1
2229 -5.223270257878218 -158.1048177376615 -87.21362358472807 2228 2230 -1
2230 -5.053269575247603 -158.07033480506672 -87.31446853067479 2229 2231 -1
2231 -4.884970323627709 -158.02863281539626 -87.41543706509917 2230 2232 -1
2232 -4.718666062701123 -157.97909691248424 -87.51616822947867 2231 2233 -1
2233 -4.554612561178404 -157.9214609192747 -87.61627448177799 2232 2234 -1
2234 -4.393219761198087 -157.8551139614745 -87.71530193920113 2233 2235 -1
2235 -4.234843461781287 -157.77984021926434 -87.81279806328315 2234 2236 -1
2236 -4.0799841609344485 -157.69519160213565 -87.90823012572875 2235 2237 -1
2237 -3.9291116699551574 -157.60101186147676 -88.00107553953892 2236 2238 -1
2238 -3.782754122917031 -157.49716192004533 -88.09078018802005 2237 2239 -1
2239 -3.6414630136025856 -157.38361800485544 -88.17677842131407 2238 2240 -1
2240 -3.5055967173408322 -157.2607957544607 -88.25867618314886 2239 2241 -1
2241 -3.375279283304305 -157.12947090210872 -88.3362932011769 2240 2242 -1
2242 -3.2504670298081852 -156.99052639314868 -88.40957903758304 2241 2243 -1
2243 -3.131041178500506 -156.84479532904223 -88.47854015659104 2242 2244 -1
2244 -3.0169971968418396 -156.69285990656442 -88.54308653247224 2243 2245 -1
2245 -2.908063348890707 -156.535509005767 -88.60334596054382 2244 2246 -1
2246 -2.8041375096366328 -156.37325605660016 -88.65930565596692 2245 2247 -1
2247 -2.7051232473223035 -156.20655773823304 -88.7109430381448 2246 2248 -1
2248 -2.610773674334663 -156.03594815952894 -88.75836866942868 2247 2249 -1
2249 -2.52094701911625 -155.861818041464 -88.8016019724868 2248 2250 -1
2250 -2.435532916510959 -155.68450193263072 -88.84063161211661 2249 2251 -1
2251 -2.3544374675387734 -155.50429971239848 -88.8754272906784 2250 2252 -1
2252 -2.2774821254033233 -155.32154177940322 -88.90604294631986 2251 2253 -1
2253 -2.2045662195864058 -155.13648625915724 -88.93245720206583 2252 2254 -1
2254 -2.1356021359821766 -154.94937035644116 -88.95463463603531 2253 2255 -1
2255 -2.0705159492269702 -154.7604143049203 -88.97252449297963 2254 2256 -1
2256 -2.0092991337350714 -154.56980560130916 -88.98599921198411 2255 2257 -1
2257 -1.9518691543936135 -154.37776132987514 -88.99501349331166 2256 2258 -1
2258 -1.898184072194394 -154.1844786229537 -88.99947617948312 2257 2259 -1
2259 -1.8482310935344277 -153.99014697929232 -88.99926080079275 2258 2260 -1
2260 -1.802027883614767 -153.79495247576182 -88.99428469224917 2259 2261 -1
2261 -1.7596755210869692 -153.59906524592836 -88.98453615720369 2260 2262 -1
2262 -1.7212142662633279 -153.4026652278365 -88.97010745936244 2261 2263 -1
2263 -1.6866488813301466 -153.20592830061094 -88.9511306945556 2262 2264 -1
2264 -1.6560103023278352 -153.0090195993605 -88.92770467304285 2263 2265 -1
2265 -1.6293679519510296 -152.81210051221655 -88.89988711384487 2264 2266 -1
2266 -1.6067437333633845 -152.6153299631673 -88.8677902560589 2265 2267 -1
2267 -1.588094737595034 -152.41885474933915 -88.83159153225068 2266 2268 -1
2268 -1.573422879778558 -152.22281463623108 -88.79141747886948 2267 2269 -1
2269 -1.5628001924986308 -152.02735532198224 -88.74732782392239 2268 2270 -1
2270 -1.5561690377980808 -151.8325984966975 -88.6995075045249 2269 2271 -1
2271 -1.5534902590820254 -151.63865785886765 -88.64811796477886 2270 2272 -1
2272 -1.5547572026976286 -151.44564627481 -88.59328844734517 2271 2273 -1
2273 -1.560032283373214 -151.25369128860524 -88.53509155724733 2272 2274 -1
2274 -1.5692026010677982 -151.0628674423447 -88.47374475495236 2273 2275 -1
2275 -1.5822455893866403 -150.87326489734315 -88.4093850613934 2274 2276 -1
2276 -1.5991760418424859 -150.68498184678995 -88.3421209473358 2275 2277 -1
2277 -1.6199882011506528 -150.49810650614515 -88.27207761831963 2276 2278 -1
2278 -1.6445995500839574 -150.31269255150968 -88.19943130797701 2277 2279 -1
2279 -1.6729862833454405 -150.12880907795358 -88.12431283706222 2278 2280 -1
2280 -1.7051786653682262 -149.9465448752126 -88.04681923195156 2279 2281 -1
2281 -1.741137456099309 -149.76595633277452 -87.96709135130533 2280 2282 -1
2282 -1.780803912933645 -149.5870855383081 -87.88527714916061 2281 2283 -1
2283 -1.824158646205293 -149.40998813429096 -87.80149885730654 2282 2284 -1
2284 -1.871239596289698 -149.23474621604552 -87.71585032431581 2283 2285 -1
2285 -1.922005371747061 -149.06140056816642 -87.62846578459566 2284 2286 -1
2286 -1.9764107379584797 -148.88998594655462 -87.53947718229847 2285 2287 -1
2287 -2.0344437350244706 -148.7205518155568 -87.44899913948773 2286 2288 -1
2288 -2.0961455682809307 -148.55317655384727 -87.35712688040152 2287 2289 -1
2289 -2.161490758402308 -148.38790067815611 -87.26398231632366 2288 2290 -1
2290 -2.230439851649233 -148.2247542672856 -87.16968906449686 2289 2291 -1
2291 -2.3029892065451496 -148.06378694928983 -87.07435716325345 2290 2292 -1
2292 -2.3791852849521677 -147.9050797463219 -86.97808514029303 2291 2293 -1
2293 -2.459018157302288 -147.74867975584579 -86.880988385893 2292 2294 -1
2294 -2.5424524698255704 -147.59461708484832 -86.78318583577793 2293 2295 -1
2295 -2.629476528390873 -147.44294049439932 -86.68478311612658 2294 2296 -1
2296 -2.720041509333734 -147.29369730599666 -86.58585548515882 2295 2297 -1
2297 -2.8139822586442698 -147.14685868577308 -86.48647848709584 2296 2298 -1
2298 -2.9111255363984756 -147.00237886482188 -86.38672355434159 2297 2299 -1
2299 -3.011329241899512 -146.86022480308995 -86.28665392378566 2298 2300 -1
2300 -3.1145003469017825 -146.72039425715178 -86.18632565760248 2299 2301 -1
2301 -3.220460803464269 -146.5828101616443 -86.08579889891756 2300 2302 -1
2302 -3.329053272441146 -146.44740135827504 -85.9851270415004 2301 2303 -1
2303 -3.440141425264578 -146.31410507673064 -85.88435812236852 2302 2304 -1
2304 -3.553620862378374 -146.18287871353314 -85.78353634364514 2303 2305 -1
2305 -3.66934741981621 -146.05363799856158 -85.68270376805988 2304 2306 -1
2306 -3.7871737428069943 -145.92628734054858 -85.58189797775876 2305 2307 -1
2307 -3.9069775695196762 -145.80074614250287 -85.4811528523565 2306 2308 -1
2308 -4.028640605851972 -145.67693094155783 -85.3804992036719 2307 2309 -1
2309 -4.152074429837584 -145.55478045503685 -85.27996724194986 2308 2310 -1
2310 -4.277143237790184 -145.43418304390784 -85.17958100310392 2309 2311 -1
2311 -4.403736115460214 -145.31504481690934 -85.07936275952518 2310 2312 -1
2312 -4.531751079991507 -145.19727549953976 -84.97933287006494 2311 2313 -1
2313 -4.6610899215737565 -145.08078399987792 -84.87950962814877 2312 2314 -1
2314 -4.791658055507171 -144.96547866930035 -84.77990945319836 2313 2315 -1
2315 -4.923377911775654 -144.85128046541448 -84.68055030855929 2314 2316 -1
2316 -5.0561468961749965 -144.73808290459067 -84.58144272724252 2315 2317 -1
2317 -5.189878718299396 -144.6257923261113 -84.48259816066259 2316 2318 -1
2318 -5.324491687179199 -144.51431688624862 -84.384027266843 2317 2319 -1
2319 -5.4599067271288675 -144.40356495074477 -84.28573969423876 2318 2320 -1
2320 -5.596047153976465 -144.2934451610663 -84.18774422784419 2319 2321 -1
2321 -5.732838448049197 -144.18386647996564 -84.09004892781411 2320 2322 -1
2322 -5.87020802531675 -144.07473821914252 -83.9926612609914 2321 2323 -1
2323 -6.008086965777281 -143.96597126004582 -83.89558966156646 2322 2324 -1
2324 -6.1464052863450425 -143.8574746206327 -83.79884113113155 2323 2325 -1
2325 -6.285092093136745 -143.74915677041272 -83.70242031113699 2324 2326 -1
2326 -6.424080340375423 -143.64092851127623 -83.60633349438706 2325 2327 -1
2327 -6.563303756480601 -143.53270093696239 -83.51058695478174 2326 2328 -1
2328 -6.702696619378686 -143.42438540420292 -83.41518704739013 2327 2329 -1
2329 -6.842193533262416 -143.31589350220437 -83.32014030553356 2328 2330 -1
2330 -6.981729206805784 -143.2071370223961 -83.22545353544493 2329 2331 -1
2331 -7.121238232826586 -143.098027930341 -83.13113390903935 2330 2332 -1
2332 -7.260654869402762 -142.98847834169442 -83.03718905529155 2331 2333 -1
2333 -7.399912822490261 -142.87840050409991 -82.94362715066823 2332 2334 -1
2334 -7.5389450301606376 -142.7677067869336 -82.85045700900818 2333 2335 -1
2335 -7.677681504841674 -142.65630544294655 -82.75769037829701 2334 2336 -1
2336 -7.81605267386696 -142.54410929337234 -82.66533703679619 2335 2337 -1
2337 -7.953988813551588 -142.4310334559708 -82.5734069243053 2336 2338 -1
2338 -8.091417569852903 -142.31699083649292 -82.48191235098797 2337 2339 -1
2339 -8.228264763336595 -142.20189459459337 -82.39086671891556 2338 2340 -1
2340 -8.364454193783418 -142.08565822588565 -82.300284612746 2339 2341 -1
2341 -8.499907451926003 -141.96819566685866 -82.21018189014788 2340 2342 -1
2342 -8.634543740156534 -141.8494214249179 -82.12057577149261 2341 2343 -1
2343 -8.768279704408211 -141.72925073578935 -82.03148492815828 2342 2344 -1
2344 -8.901029279805417 -141.60759975045133 -81.942929568594 2343 2345 -1
2345 -9.032699931888388 -141.48438043618043 -81.85493362772961 2344 2346 -1
2346 -9.163228993495052 -141.35953616797534 -81.76752939413244 2345 2347 -1
2347 -9.292630459187276 -141.23309163931305 -81.68075129697061 2346 2348 -1
2348 -9.420915473969263 -141.10506385758964 -81.59463963357057 2347 2349 -1
2349 -9.548095235103862 -140.97546936758877 -81.50923503642693 2348 2350 -1
2350 -9.674180966582188 -140.8443242693186 -81.42457852175069 2349 2351 -1
2351 -9.799183894578661 -140.71164423796964 -81.34071153909763 2350 2352 -1
2352 -9.923115223799615 -140.57744454602275 -81.25767602203321 2351 2353 -1
2353 -10.045973765957005 -140.44172255106602 -81.17552521876806 2352 2354 -1
2354 -10.167778817072893 -140.30450440586878 -81.09429643953028 2353 2355 -1
2355 -10.288545332279266 -140.16580992539403 -81.01403022485923 2354 2356 -1
2356 -10.408284202423157 -140.02565302353835 -80.93477108219938 2355 2357 -1
2357 -10.527006187954374 -139.88404735884782 -80.85656427749633 2356 2358 -1
2358 -10.64472189857867 -139.7410063713829 -80.77945589125835 2357 2359 -1
2359 -10.761424662941488 -139.59651886327518 -80.70351355699223 2358 2360 -1
2360 -10.87713989327992 -139.4506195906601 -80.62876895858159 2359 2361 -1
2361 -10.991879345014402 -139.30332405515642 -80.55526912303365 2360 2362 -1
2362 -11.105652813841902 -139.15464525491655 -80.48306411874083 2361 2363 -1
2363 -11.218466680632009 -139.00459167375487 -80.41220979523648 2362 2364 -1
2364 -11.33031533905348 -138.85315509304223 -80.3427820978932 2363 2365 -1
2365 -11.441225551137295 -138.70037425809338 -80.27480964696801 2364 2366 -1
2366 -11.551205960809936 -138.5462626186778 -80.20834749214204 2365 2367 -1
2367 -11.660261725482888 -138.39082941495838 -80.14345762933704 2366 2368 -1
2368 -11.76838373776602 -138.23406451357695 -80.08023016484783 2367 2369 -1
2369 -11.875599452627474 -138.07601095068466 -80.01869057998731 2368 2370 -1
2370 -11.98191467139571 -137.91668580976634 -79.9588921394166 2369 2371 -1
2371 -12.087292467748613 -137.75612349637373 -79.90076611797724 2370 2372 -1
2372 -12.191698105794543 -137.59442880227246 -79.84404115708178 2371 2373 -1
2373 -12.295102877707116 -137.43170488890817 -79.78843645649378 2372 2374 -1
2374 -12.397456225420784 -137.26802780600977 -79.7336900636418 2373 2375 -1
2375 -12.498727100133255 -137.10348988251465 -79.6795137134509 2374 2376 -1
2376 -12.598902620259338 -136.9381919288151 -79.62561502300875 2375 2377 -1
2377 -12.697937041484522 -136.77221110081305 -79.57170608154345 2376 2378 -1
2378 -12.795808697651303 -136.60564148811366 -79.51749066005854 2377 2379 -1
2379 -12.892509437191833 -136.4385822599231 -79.4626840320301 2378 2380 -1
2380 -12.987990466893569 -136.27111960981097 -79.40697788946682 2379 2381 -1
2381 -13.082239942634894 -136.1033574817634 -79.35008877429252 2380 2382 -1
2382 -13.17524612302121 -135.93540051931643 -79.29174740290887 2381 2383 -1
2383 -13.266953169285705 -135.7673547179991 -79.2316330172988 2382 2384 -1
2384 -13.357355016095806 -135.59933684636843 -79.16949865944237 2383 2385 -1
2385 -13.446432717474085 -135.4314653571408 -79.10509818788887 2384 2386 -1
2386 -13.5341259845824 -135.26387346442155 -79.038121940064 2385 2387 -1
2387 -13.620424109993916 -135.09669241245751 -78.96836588655606 2386 2388 -1
2388 -13.705304226139548 -134.93005816716797 -78.8956262495322 2387 2389 -1
2389 -13.78871509578573 -134.76412483474542 -78.8196570308569 2388 2390 -1
2390 -13.87061940001579 -134.59904843909908 -78.74026028865802 2389 2391 -1
2391 -13.951003859740172 -134.43497282709302 -78.65731640260357 2390 2392 -1
2392 -14.029833985929319 -134.27205358271567 -78.57068360194476 2391 2393 -1
2393 -14.107055004458237 -134.11045148600553 -78.4802193686737 2392 2394 -1
2394 -14.182592019290679 -133.95034327637538 -78.38576624214596 2393 2395 -1
2395 -14.256382757015972 -133.79189892176868 -78.28721786473933 2394 2396 -1
2396 -14.328321078890275 -133.63533531341434 -78.18438853523686 2395 2397 -1
2397 -14.398276208448149 -133.4809045241078 -78.07706467203596 2396 2398 -1
2398 -14.466056799257046 -133.32893996430042 -77.96493435146144 2397 2399 -1
2399 -14.531470051684623 -133.17979521656525 -77.84773017888787 2398 2400 -1
2400 -14.594304008262188 -133.03386310065767 -77.72519550010918 2399 2401 -1
2401 -14.65425826370182 -132.89166912907223 -77.59695845384307 2400 2402 -1
2402 -14.710931691580157 -132.753904972533 -77.46254756259384 2401 2403 -1
2403 -14.764003996114434 -132.6211849859609 -77.32174786375734 2402 2404 -1
2404 -14.81284368455406 -132.49460590048386 -77.17394343185148 2403 2405 -1
2405 -14.857000061539605 -132.37505412292361 -77.01899568779768 2404 2406 -1
2406 -14.89564448674504 -132.26404586985996 -76.85641539724196 2405 2407 -1
2407 -14.928061627814872 -132.16300466533932 -76.68617192285905 2406 2408 -1
2408 -14.953400410828134 -132.07364949236418 -76.50837449444784 2407 2409 -1
2409 -14.970754642758628 -131.997887973667 -76.32345839432085 2408 2410 -1
2410 -14.979277015881172 -131.93763151908104 -76.13233234894112 2409 2411 -1
2411 -14.978673845833764 -131.89406341961362 -75.93653306052042 2410 2412 -1
2412 -14.970707225127015 -131.86525820405393 -75.73816231870293 2411 2413 -1
2413 -14.95756848268165 -131.84842659502462 -75.53867359717187 2412 2414 -1
2414 -14.941333403448814 -131.8407597326929 -75.33883570532043 2413 2415 -1
2415 -14.923899973400358 -131.83962412331428 -75.13894545110368 2414 2416 -1
2416 -14.907062082602852 -131.8426273704636 -74.93901957579403 2415 2417 -1
2417 -14.89252387402281 -131.8473811442649 -74.73894750754913 2416 2418 -1
2418 -14.88194269504655 -131.8516853776419 -74.53862041228135 2417 2419 -1
2419 -14.877129369964415 -131.8533211383573 -74.33803872033332 2418 2420 -1
2420 -14.879906811705254 -131.85169763904008 -74.13742422455564 2419 2421 -1
2421 -14.892101033884103 -131.84862706393568 -73.93718599438304 2420 2422 -1
2422 -14.915643215331302 -131.84613763340204 -73.73796225961961 2421 2423 -1
2423 -14.95267147724142 -131.84639452192144 -73.54079778830236 2422 2424 -1
2424 -15.004657341823998 -131.85146442079608 -73.34712900210631 2423 2425 -1
2425 -15.072716645491175 -131.86324624916796 -73.15882563584874 2424 2426 -1
2426 -15.157306229913114 -131.88333707698663 -72.97808277595429 2425 2427 -1
2427 -15.257924520994521 -131.91279711967107 -72.80711075272488 2426 2428 -1
2428 -15.372832987123978 -131.95177902221795 -72.64741793123466 2427 2429 -1
2429 -15.5 -132.0 -72.5 2428 -1 -1
