0 -2.0 -179.5 1302.5 -1 1 -1
1 -1.9606228903717238 -179.46579320174914 1302.6763442847666 0 2 -1
2 -1.921080582910419 -179.43003868588588 1302.8522882806162 1 3 -1
3 -1.8813258055873208 -179.39275417415675 1303.0278664698628 2 4 -1
4 -1.841375167603683 -179.35397201640512 1303.2030754220468 3 5 -1
5 -1.8012449474729832 -179.3137242038944 1303.3779124136854 4 6 -1
6 -1.76095104579063 -179.27204188331675 1303.5523752695021 5 7 -1
7 -1.7205091187776083 -179.22895648145874 1303.7264626269396 6 8 -1
8 -1.6799344794782758 -179.18449886369078 1303.9001736942691 7 9 -1
9 -1.639242112651055 -179.13869938012408 1304.0735082306624 8 10 -1
10 -1.5984466881545696 -179.09158792752666 1304.246466533735 9 11 -1
11 -1.5575625132106208 -179.0431930434975 1304.419049141275 10 12 -1
12 -1.5166036881696643 -178.99354402229233 1304.5912574223166 11 13 -1
13 -1.4755840084079082 -178.94266979453886 1304.7630932386155 12 14 -1
14 -1.4345169103900512 -178.89059705839463 1304.9345583326362 13 15 -1
15 -1.3934156418553778 -178.8373541052485 1305.1056554797728 14 16 -1
16 -1.3522931329446235 -178.78296747480758 1305.2763874312375 15 17 -1
17 -1.3111620681715366 -178.7274634933831 1305.4467573645431 16 18 -1
18 -1.2700348804986745 -178.6708681466077 1305.6167688248547 17 19 -1
19 -1.2289237548828917 -178.61320700068165 1305.7864256782843 18 20 -1
20 -1.1878406641032873 -178.55450436773285 1305.9557318071402 19 21 -1
21 -1.1467973067174007 -178.49478562739102 1306.12469187312 20 22 -1
22 -1.1058052325628662 -178.43407390870854 1306.2933101710428 21 23 -1
23 -1.0648757432763398 -178.3723929564424 1306.4615915842817 22 24 -1
24 -1.024019918226359 -178.30976618670806 1306.6295412492354 23 25 -1
25 -0.9832486751199611 -178.24621610542619 1306.797164331008 24 26 -1
26 -0.9425728110434388 -178.18176431301953 1306.964466000842 25 27 -1
27 -0.9020028557067474 -178.11643292138533 1307.1314519259458 26 28 -1
28 -0.8615491926461352 -178.05024334980206 1307.298127826672 27 29 -1
29 -0.821222067619352 -177.98321645165095 1307.4644995038598 28 30 -1
30 -0.781031578679459 -177.91537268863635 1307.6305728862685 29 31 -1
31 -0.740987683777883 -177.8467321391053 1307.7963540194564 30 32 -1
32 -0.7011002082991351 -177.77731450662498 1307.9618490553228 31 33 -1
33 -0.661378852519349 -177.70713912877878 1308.1270642422862 32 34 -1
34 -0.6218331989849915 -177.6362249861501 1308.2920059160713 33 35 -1
35 -0.582472719807175 -177.56459071146259 1308.4566804910753 34 36 -1
36 -0.5433067838679093 -177.4922545988483 1308.621094452291 35 37 -1
37 -0.5043446639363045 -177.41923461321875 1308.7852543477525 36 38 -1
38 -0.4655955436934847 -177.34554839971722 1308.949166781488 37 39 -1
39 -0.42706852466455436 -177.27121329322975 1309.1128384069432 38 40 -1
40 -0.3887726445945998 -177.19624629838572 1309.2762759099337 39 41 -1
41 -0.35071702531668253 -177.120663769332 1309.4394858815806 40 42 -1
42 -0.31291042164106564 -177.0444825624262 1309.6024752352969 41 43 -1
43 -0.2753616753976089 -176.9677188721263 1309.7652507674227 42 44 -1
44 -0.23807957943037095 -176.89038863030345 1309.9278192970744 43 45 -1
45 -0.20107304234066806 -176.81250721756777 1310.0901875542456 44 46 -1
46 -0.16435079724457777 -176.734090087368 1310.2523624001399 45 47 -1
47 -0.12792139152935644 -176.655152720285 1310.414350800161 46 48 -1
48 -0.0917935118802373 -176.57571005615588 1310.5761596129482 47 49 -1
49 -0.05597617206888869 -176.4957763143608 1310.7377955263287 48 50 -1
50 -0.020477649836768502 -176.41536665137696 1310.8992656323903 49 51 -1
51 0.014693382150668177 -176.33449537034087 1311.0605767897846 50 52 -1
52 0.049527877766794556 -176.25317613187863 1311.2217357026109 51 53 -1
53 0.08401762936516649 -176.17142353635177 1311.3827494490627 52 54 -1
54 0.11815375734635701 -176.08925115116634 1311.5436248075139 53 55 -1
55 0.1519274660661838 -176.0066725507323 1311.7043686065258 54 56 -1
56 0.1853304023649878 -175.9237016491787 1311.8649878191418 55 57 -1
57 0.2183532540541185 -175.84035126103905 1312.0254891045474 56 58 -1
58 0.25098777586418153 -175.75663517435945 1312.185879452295 57 59 -1
59 0.2832248623585837 -175.67256625306592 1312.3461655898986 58 60 -1
60 0.31505569719625953 -175.58815757116878 1312.5063543278072 59 61 -1
61 0.3464715468767886 -175.50342218522363 1312.666452480133 60 62 -1
62 0.3774630517995458 -175.41837262709947 1312.8264667264161 61 63 -1
63 0.4080217857995466 -175.3330220577279 1312.986403913896 62 64 -1
64 0.438137865292245 -175.24738260652003 1313.1462706271911 63 65 -1
65 0.46780296384394704 -175.16146739159853 1313.3060736858424 64 66 -1
66 0.49700714284123076 -175.07528851676537 1313.4658196628047 65 67 -1
67 0.525741667393032 -174.98885877740173 1313.6255152693448 66 68 -1
68 0.5539967109395473 -174.90219037271333 1313.7851670762489 67 69 -1
69 0.5817630810026488 -174.81529583589403 1313.9447816970157 68 70 -1
70 0.6090310614860799 -174.72818746031868 1314.1043656775614 69 71 -1
71 0.6357909656890707 -174.6408775844883 1314.2639255453057 70 72 -1
72 0.662033198130869 -174.5533785996024 1314.423467799158 71 73 -1
73 0.6877475173767703 -174.4657027073129 1314.5829988903417 72 74 -1
74 0.7129244849274795 -174.3778624076129 1314.7425252483733 73 75 -1
75 0.7375532167357227 -174.28986981834467 1314.902053258529 74 76 -1
76 0.7616243726450228 -174.2017375338837 1315.0615892589594 75 77 -1
77 0.7851266815625799 -174.1134777252883 1315.221139572268 76 78 -1
78 0.808050429099905 -174.0251029868563 1315.3807104384614 77 79 -1
79 0.8303845220005079 -173.93662569468634 1315.540308089376 78 80 -1
80 0.8521183232775622 -173.84805840000897 1315.6999386889029 79 81 -1
81 0.8732411990153038 -173.75941371871411 1315.859608334781 80 82 -1
82 0.8937413788491705 -173.67070423289897 1316.019323142721 81 83 -1
83 0.913608505160538 -173.5819427607904 1316.1790890567795 82 84 -1
84 0.932830564439023 -173.49314207618053 1316.3389120796653 83 85 -1
85 0.951396258391545 -173.40431512124113 1316.4987980811854 84 86 -1
86 0.9692942562799528 -173.3154749242147 1316.6587528443144 85 87 -1
87 0.9865118073123168 -173.22663462400237 1316.818782219041 86 88 -1
88 1.0030376120398146 -173.13780748915343 1316.9788918063934 87 89 -1
89 1.0188595363242956 -173.04900690159536 1317.1390871965452 88 90 -1
90 1.0339643803999832 -172.96024644503882 1317.2993740146953 89 91 -1
91 1.0483401962855166 -172.8715397796217 1317.4597576188046 90 92 -1
92 1.0619743068826668 -172.7829007391259 1317.6202433402202 91 93 -1
93 1.074853455795977 -172.69434336900278 1317.780836469739 92 94 -1
94 1.086964206586821 -172.60588191102207 1317.9415421994624 93 95 -1
95 1.0982937012257716 -172.5175306903831 1318.1023654981825 94 96 -1
96 1.1088283481843433 -172.4293042898338 1318.2633112975336 95 97 -1
97 1.1185543514632341 -172.34121750173856 1318.4243844096477 96 98 -1
98 1.1274573230722171 -172.25328541582653 1318.5855895828972 97 99 -1
99 1.1355233096907582 -172.16552323320144 1318.746931328657 98 100 -1
100 1.1427380743997917 -172.07794639450998 1318.9084140255388 99 101 -1
101 1.1490869927806993 -171.9905706208469 1319.070041929838 100 102 -1
102 1.1545552302554285 -171.90341188966323 1319.231819138054 101 103 -1
103 1.1591277421204695 -171.81648644399968 1319.3937495774553 102 104 -1
104 1.162789274053678 -171.7298108016265 1319.5558369961552 103 105 -1
105 1.1655243631293235 -171.64340176406733 1319.7180849526887 104 106 -1
106 1.1673173393785743 -171.55727642547998 1319.8804968050758 105 107 -1
107 1.1681523279343176 -171.4714521813674 1320.0430756993676 106 108 -1
108 1.1680132518009059 -171.3859467370858 1320.2058245576604 107 109 -1
109 1.166883835291051 -171.30077811611986 1320.368746065578 108 110 -1
110 1.1647476081737604 -171.2159646680849 1320.5318426592132 109 111 -1
111 1.161587910578626 -171.13152507641803 1320.6951165115274 110 112 -1
112 1.1573878987033006 -171.04747836571704 1320.858569518209 111 113 -1
113 1.1521305513721665 -170.96384390867814 1321.0222032829934 112 114 -1
114 1.1457981275193048 -170.8806416602331 1321.186019194661 113 115 -1
115 1.138373437146965 -170.79789165841945 1321.350018196572 114 116 -1
116 1.1298392291971526 -170.71561425954212 1321.5142008786938 115 117 -1
117 1.1201778526013717 -170.6338302947832 1321.678567518622 116 118 -1
118 1.1093707729755757 -170.55256131771333 1321.843118139388 117 119 -1
119 1.0974001503855368 -170.47182891119274 1322.0078522380666 118 120 -1
120 1.0842485268336182 -170.39165480148162 1322.172768828735 119 121 -1
121 1.0698967787172462 -170.31206185427519 1322.3378667372983 120 122 -1
122 1.054326937181266 -170.23307274342835 1322.5031441507722 121 123 -1
123 1.0375211695620448 -170.15471041891544 1322.6685987653207 122 124 -1
124 1.0194596495137087 -170.07699923221978 1322.8342280614324 123 125 -1
125 1.0 -170.0 1323.0 124 126 127
126 1.1671060357404215 -169.95448543414338 1323.073580416029 125 128 -1
127 0.9172063062515096 -169.83933971412785 1323.1369900621287 125 129 -1
128 1.3361476926941014 -169.91367679363594 1323.1453612543003 126 130 -1
129 0.8314754154795588 -169.680381135139 1323.2740949944716 127 131 -1
130 1.5070303638468034 -169.8776140592713 1323.2153019839814 128 132 -1
131 0.7428124626923901 -169.5231156338139 1323.4112876634103 129 133 -1
132 1.6796175691708914 -169.8463354712371 1323.2833336207011 130 134 -1
133 0.6512559319515282 -169.36757513682548 1323.5485463712714 131 135 -1
134 1.8537417830834677 -169.8197793317932 1323.3494280094162 132 136 -1
135 0.5568493184769276 -169.2137880676936 1323.6858502023613 133 137 -1
136 2.02925445281446 -169.79792177478527 1323.4135430959354 134 138 -1
137 0.45964216730348983 -169.06177836781495 1323.8231791947214 135 139 -1
138 2.206009607777821 -169.78073733031894 1323.4756376728856 136 140 -1
139 0.3596897832684512 -168.91156527624918 1323.9605145490832 137 141 -1
140 2.383848334136709 -169.76812848761034 1323.5357028727117 138 142 -1
141 0.25705290378212986 -168.76316315184576 1324.097838824222 139 143 -1
142 2.56261300665116 -169.7599534335686 1323.5937526841035 140 144 -1
143 0.1517962675178128 -168.6165821071352 1324.2351360987216 141 145 -1
144 2.742159328591916 -169.75607443508318 1323.6498026518263 142 146 -1
145 0.04399047374946801 -168.47182637795783 1324.3723921510596 143 147 -1
146 2.922350923704153 -169.75633041660697 1323.7038823978414 144 148 -1
147 -0.06629089624098379 -168.32889603581668 1324.5095945675657 145 149 -1
148 3.1030614516339123 -169.76053988146765 1323.7560348508766 146 150 -1
149 -0.17896885167542548 -168.18778490824891 1324.646732920865 147 151 -1
150 3.2841762072300495 -169.76850394512084 1323.8063152512416 148 152 -1
151 -0.2939617594072923 -168.04848233642556 1324.783798821357 149 153 -1
152 3.4655932085450605 -169.7800093465863 1323.8547899994653 150 154 -1
153 -0.4111847175995251 -167.91097247985488 1324.9207860172787 151 155 -1
154 3.6472238048215835 -169.79483132624992 1323.9015354149724 152 156 -1
155 -0.5305499977938657 -167.7752344284612 1325.0576904528396 153 157 -1
156 3.828992854666881 -169.81273628350078 1323.9466364645245 154 158 -1
157 -0.6519674768159395 -167.64124235030147 1325.1945103022092 155 159 -1
158 4.010838536004103 -169.83348415348306 1323.9901855109774 156 160 -1
159 -0.7753450534858847 -167.5089656708418 1325.331245980175 157 161 -1
160 4.192711847833432 -169.85683188617924 1324.0322803070662 158 162 -1
161 -0.9005890458352401 -167.37836927951125 1325.46790013066 159 163 -1
162 4.374575793117269 -169.88253503653914 1324.0730228555515 160 164 -1
163 -1.0276045653056383 -167.2494137591531 1325.6044775945547 161 165 -1
164 4.556404699965312 -169.9103396842193 1324.1125240363633 162 166 -1
165 -1.156296114839678 -167.1220558790734 1325.7409853489335 163 167 -1
166 4.738183105257101 -169.9399972716478 1324.1508948438088 164 168 -1
167 -1.286567430212014 -166.9962484095306 1325.8774324609283 165 169 -1
168 4.919904595151156 -169.97125976486896 1324.188248784448 166 170 -1
169 -1.4183216710303876 -166.87194025828725 1326.0138300038998 167 171 -1
170 5.101570658080825 -170.00388019542027 1324.2247012360194 168 172 -1
171 -1.5514623070193985 -166.7490773679106 1326.1501909356957 169 173 -1
172 5.283189518570553 -170.03761297254556 1324.260368917227 170 174 -1
173 -1.685893474927234 -166.62760318370945 1326.286530000294 171 175 -1
174 5.464774970480449 -170.07221400111243 1324.2953694574742 172 176 -1
175 -1.821518922281449 -166.50745756877245 1326.4228636287487 173 177 -1
176 5.646345221152689 -170.1074406408482 1324.3298210532857 174 178 -1
177 -1.95824338225219 -166.38857835356447 1326.559209784122 175 179 -1
178 5.827921752011651 -170.1430515418648 1324.3638421966584 176 180 -1
179 -2.0959725721679563 -166.27090149673427 1326.6955878484862 177 181 -1
180 6.009528196510391 -170.17880639035923 1324.3975514597055 178 182 -1
181 -2.2346129554898098 -166.1543609412251 1326.832018484303 179 183 -1
182 6.1911892329009275 -170.21446559721008 1324.4310673195364 180 184 -1
183 -2.3740717913890803 -166.0388887725248 1326.9685234696879 181 185 -1
184 6.3729294870946696 -170.24978996118472 1324.4645080071768 182 186 -1
185 -2.51425762848203 -165.92441600014848 1327.105125583577 183 187 -1
186 6.554770851493549 -170.2845564254635 1324.4979834156265 184 188 -1
187 -2.6550801454975237 -165.81087254175097 1327.2418484565962 185 189 -1
188 6.736717471003944 -170.31870595720474 1324.5315219615147 186 190 -1
189 -2.7964502816454644 -165.69818761162946 1327.378716462707 187 191 -1
190 6.91876287445475 -170.35228606644796 1324.5650994883156 188 192 -1
191 -2.9382799322512403 -165.58628940711588 1327.5157544767706 189 193 -1
192 7.100900772867738 -170.38534691834778 1324.5986907729957 190 194 -1
193 -3.0804823510192554 -165.47510592292176 1327.6529878302135 191 195 -1
194 7.283125263736912 -170.4179388480688 1324.6322707398547 192 196 -1
195 -3.2229719957845946 -165.36456492608542 1327.7904421440112 193 197 -1
196 7.465430789018499 -170.4501122853532 1324.665814481338 194 198 -1
197 -3.3656645191008865 -165.25459414471393 1327.928143193094 195 199 -1
198 7.647812182410604 -170.4819172766272 1324.6992971682548 196 200 -1
199 -3.5084767525845706 -165.14512144763842 1328.066116773625 197 201 -1
200 7.830264570124651 -170.51340384046605 1324.7326939514592 198 202 -1
201 -3.6513266865572795 -165.036075014923 1328.2043885733244 199 203 -1
202 8.01278292567514 -170.54462347075005 1324.765980715383 200 204 -1
203 -3.7941334427056783 -164.92738350931901 1328.3429840567142 201 205 -1
204 8.195362633664212 -170.57562630418397 1324.7991333888624 202 206 -1
205 -3.936817198173539 -164.8189762588918 1328.4819284169519 203 207 -1
206 8.377999203710434 -170.60646223371853 1324.8321281558653 204 208 -1
207 -4.079299266037926 -164.7107832285955 1328.6212462122753 205 209 -1
208 8.560688227312005 -170.63718084570556 1324.8649414715062 206 210 -1
209 -4.221502014603547 -164.6027353706578 1328.7609614754563 207 211 -1
210 8.743425335561241 -170.6678313587553 1324.8975500777326 208 212 -1
211 -4.363348666015053 -164.49476468928813 1328.90109773148 209 213 -1
212 8.92620615797743 -170.69846256416398 1324.929931018793 210 214 -1
213 -4.504763663820774 -164.38680428366487 1329.0416774350547 211 215 -1
214 9.109026282708953 -170.72912276778473 1324.9620616566062 212 216 -1
215 -4.645672215143544 -164.27878854153929 1329.1827223744715 213 217 -1
216 9.291881218345424 -170.7598597332221 1324.9939196861353 214 218 -1
217 -4.786000733758094 -164.1706532629299 1329.3242531264927 215 219 -1
218 9.474766357567702 -170.7907206262408 1325.0254831508605 216 220 -1
219 -4.92567612816024 -164.06233562142262 1329.4662895540223 217 221 -1
220 9.657677099475784 -170.82175364281517 1325.056727849974 218 222 -1
221 -5.0646268170188575 -163.95377453005028 1329.6088499157643 219 223 -1
222 9.84060829120774 -170.8530040984323 1325.0876342100235 220 224 -1
223 -5.2027818787079205 -163.84491051305716 1329.751951460686 221 225 -1
224 10.023554734487202 -170.8845169255324 1325.1181817327379 222 226 -1
225 -5.340071366151537 -163.73568586884113 1329.8956101059198 223 227 -1
226 10.206511018200867 -170.91633644520593 1325.1483499684898 224 228 -1
227 -5.4764263424754995 -163.62604476989983 1330.0398403617312 225 229 -1
228 10.389471464860536 -170.94850612073932 1325.178118895657 226 230 -1
229 -5.611778926543807 -163.51593335955224 1330.1846552623704 227 231 -1
230 10.572430109171274 -170.98106850759908 1325.2074689380286 228 232 -1
231 -5.746062348536285 -163.4052998452244 1330.330066303268 229 233 -1
232 10.755380588831681 -171.0140681085333 1325.236378195253 230 234 -1
233 -5.87921101558597 -163.29409458799276 1330.476083385076 231 235 -1
234 10.938316144028 -171.04754703819583 1325.2648269892195 232 236 -1
235 -6.011160172088022 -163.18226996936943 1330.622714969306 233 237 -1
236 11.121229864635872 -171.08154202912934 1325.2928000624997 234 238 -1
237 -6.141846638999615 -163.06978080524664 1330.7699676881 235 239 -1
238 11.304114441317804 -171.11609161893924 1325.320279746237 236 240 -1
239 -6.271208513394092 -162.95658422335148 1330.917846517554 237 241 -1
240 11.486962213752538 -171.15123320273216 1325.347248908307 238 242 -1
241 -6.399185325161833 -162.84263976060035 1331.0663547171096 239 243 -1
242 11.66976449639653 -171.1870113187063 1325.37368416314 240 244 -1
243 -6.52571742158876 -162.7279090315229 1331.215494114014 241 245 -1
244 11.852513047156057 -171.2234572472119 1325.3995727878971 242 246 -1
245 -6.6507477038543055 -162.6123566702065 1331.3652643791377 243 247 -1
246 12.03520321709081 -171.26057849683625 1325.4249080259617 244 248 -1
247 -6.774220180288904 -162.49594953044797 1331.5156637098492 245 249 -1
248 12.217838004175698 -171.2983379745081 1325.449693663683 246 250 -1
249 -6.896080684718468 -162.37865705311924 1331.6666885671148 247 251 -1
250 12.400420924778711 -171.33670323357333 1325.473925075133 248 252 -1
251 -7.016276816129809 -162.26045120112838 1331.8183337603523 249 253 -1
252 12.582957508188835 -171.3756227022908 1325.4976157222754 250 254 -1
253 -7.134757698650842 -162.14130628827021 1331.9705925886487 251 255 -1
254 12.765452751683235 -171.41505445306564 1325.5207718247436 252 256 -1
255 -7.251475864982961 -162.02119995818407 1332.1234562641462 253 257 -1
256 12.947911315093874 -171.45496469726103 1325.543391142478 254 258 -1
257 -7.366383849212366 -161.9001112690936 1332.2769151608577 255 259 -1
258 13.13033869855759 -171.4953126766923 1325.5654791280351 256 260 -1
259 -7.47943844718177 -161.77802294675675 1332.430957467702 257 261 -1
260 13.312740676763395 -171.5360557921354 1325.5870455129188 258 262 -1
261 -7.590597539057581 -161.65491958683623 1332.5855703332472 259 263 -1
262 13.495122566566572 -171.5771616859794 1325.608087111179 260 264 -1
263 -7.699821505597046 -161.53078834794763 1332.7407394889644 261 265 -1
264 13.677490243146927 -171.61859250744175 1325.6286081917995 262 266 -1
265 -7.8070733419435445 -161.40561892639948 1332.8964493264757 263 267 -1
266 13.859849657202615 -171.66030859182337 1325.648618503914 264 268 -1
267 -7.912318765498441 -161.2794035204382 1333.0526829832727 265 269 -1
268 14.042206657040085 -171.70227960726385 1325.668111110535 266 270 -1
269 -8.0155252319752 -161.15213623070608 1333.2094226916236 267 271 -1
270 14.224567334865762 -171.74446731151963 1325.6870948748954 268 272 -1
271 -8.11666390276765 -161.0238139819821 1333.3666493925937 269 273 -1
272 14.406937595909792 -171.78683644220072 1325.7055759714394 270 274 -1
273 -8.215707094385941 -160.89443512300454 1333.52434344889 271 275 -1
274 14.589323963324706 -171.8293569674548 1325.72354330541 272 276 -1
275 -8.312631342288691 -160.76400088097688 1333.68248405085 273 277 -1
276 14.771732090970707 -171.87199125559272 1325.7410132390319 274 278 -1
277 -8.407415008817917 -160.63251405239438 1333.8410498631542 275 279 -1
278 14.954168392196083 -171.9147079743719 1325.7579804472493 276 280 -1
279 -8.5 -160.5 1334.0 277 281 282
280 15.136639121222345 -171.95747388848503 1325.774446074618 278 283 -1
281 -8.428071741035248 -160.37510672722578 1334.1373330960055 279 284 -1
282 -8.678173969566059 -160.50588271723694 1334.1450075744722 279 285 -1
283 15.319149712763656 -172.00025633804844 1325.7904196542497 280 286 -1
284 -8.353191197703813 -160.25161529397343 1334.2741972794274 281 287 -1
285 -8.856327535415023 -160.51050336363025 1334.2901993001296 282 288 -1
286 15.501707705174319 -172.04302264029656 1325.8058867807047 283 289 -1
287 -8.275634641011488 -160.12936555467903 1334.410685593206 284 290 -1
288 -9.034343395357972 -160.51366455314863 1334.435598888973 285 291 -1
289 15.684317655940664 -172.0857413498438 1325.8208642613704 286 292 -1
290 -8.19548672501452 -160.00835952787025 1334.5467847168427 287 293 -1
291 -9.212213193016499 -160.5153670064 1334.5812014868643 288 294 -1
292 15.866986538110675 -172.12837972771385 1325.8353437683652 289 295 -1
293 -8.112842144668587 -159.88859154668765 1334.68248532863 290 296 -1
294 -9.389928609444674 -160.51561185989786 1334.727002209729 291 297 -1
295 16.04972008118106 -172.17090605233707 1325.8493283917885 292 298 -1
296 -8.027792316617624 -159.7700545093699 1334.8177801607972 293 299 -1
297 -9.567481371016894 -160.51440066545146 1334.8729961492186 294 300 -1
298 16.232523609470395 -172.21328993021936 1325.8628222256696 295 301 -1
299 -7.940424477107438 -159.65274065660944 1334.9526636335256 296 302 -1
300 -9.744863257231701 -160.51173538907787 1335.0191783783887 297 303 -1
301 16.415404479677797 -172.2554961522354 1325.875815567911 298 304 -1
302 -7.850835472571247 -159.536634186218 1335.0871343224644 299 305 -1
303 -9.922066108414594 -160.5076184094424 1335.1655439573876 300 306 -1
304 16.598366300548687 -172.29749823698432 1325.8883215977978 301 307 -1
305 -7.759109092765671 -159.4217235393574 1335.2211907227602 302 308 -1
306 -10.099081808803605 -160.5020523343071 1335.3120879609148 303 309 -1
307 16.78141710974961 -172.33925821065952 1325.9003261273326 304 310 -1
308 -7.66534081497765 -159.30798779237583 1335.354835873714 305 311 -1
309 -10.275902187383217 -160.49503927776706 1335.4588055652614 306 312 -1
310 16.964560386240638 -172.38074995996513 1325.9118402160818 307 313 -1
311 -7.569614997459159 -159.19540956821848 1335.488072812745 308 314 -1
312 -10.452519439707645 -160.48658386382147 1335.6056916979837 309 315 -1
313 17.14780263766371 -172.42193856692768 1325.9228572453746 310 316 -1
314 -7.472019652394799 -159.0839666860386 1335.6209074205349 311 317 -1
315 -10.628925721493939 -160.47669010860986 1335.7527414207852 312 318 -1
316 17.33114909583024 -172.46279207815695 1325.9333768400418 313 319 -1
317 -7.372641322214882 -158.97363512548475 1335.753347314831 314 320 -1
318 -10.805113286066224 -160.46536242636054 1335.8999498107576 315 321 -1
319 17.51460376222573 -172.5032822922131 1325.9434029566698 316 322 -1
320 -7.271561733982806 -158.8643913002763 1335.8854009643342 317 323 -1
321 -10.981074491154585 -160.45260562516603 1336.047311965864 318 324 -1
322 17.698173994387584 -172.5433686152986 1325.9529238827854 319 325 -1
323 -7.168861530792443 -158.7562099015242 1336.0170783827252 320 326 -1
324 -11.156801627805779 -160.43842385769557 1336.194823116453 321 327 -1
325 17.881861388304376 -172.58303001413967 1325.9619518402592 322 328 -1
326 -7.064621794215996 -158.64906289861278 1336.1483914047717 323 329 -1
327 -11.332287136658179 -160.42282198058817 1336.3424784807626 324 330 -1
328 18.065674066395026 -172.6222207822606 1325.9704706491757 325 331 -1
329 -6.958919518260684 -158.5429226441631 1336.2793525116201 326 332 -1
330 -11.507523986618418 -160.40580754937153 1336.4902730835054 327 333 -1
331 18.249613420716184 -172.6609192847218 1325.9784906578814 328 334 -1
332 -6.851829652114733 -158.43776068483004 1336.4099751815277 329 335 -1
333 -11.682505016176771 -160.3873869091747 1336.6382021570419 330 336 -1
334 18.433685257321134 -172.69908600021014 1325.9860033583745 331 337 -1
335 -6.743425049555751 -158.3335479137517 1336.5402737654895 332 338 -1
336 -11.85722273160446 -160.36756435631327 1336.786261198009 333 339 -1
337 18.617893371469183 -172.73668772381077 1325.9930072182729 334 340 -1
338 -6.633776435230089 -158.23025471319264 1336.6702633682473 335 341 -1
339 -12.031670466019142 -160.34634826614266 1336.9344454044476 336 342 -1
340 18.802239965725406 -172.7736969521386 1325.9995051695328 337 343 -1
341 -6.522952385971363 -158.12785108724847 1336.7999597351516 338 344 -1
342 -12.205841663272269 -160.32374704875596 1337.0827500729383 339 345 -1
343 18.98673165673475 -172.8100651754091 1326.005483102608 340 346 -1
344 -6.4110193254007415 -158.02630678462438 1336.929379145202 341 347 -1
345 -12.37972915082049 -160.29976572023259 1337.2311708772415 342 348 -1
346 19.17136760163739 -172.84577536912082 1326.0109522960831 343 349 -1
347 -6.298039626121584 -157.92559296008173 1337.0585378392088 344 350 -1
348 -12.553326789450864 -160.27441396908637 1337.3797031865502 345 351 -1
349 19.356154266522417 -172.8807753558889 1326.0158968809912 346 352 -1
350 -6.184076859738612 -157.8256781098267 1337.187453233092 347 353 -1
351 -12.726628446794733 -160.2477009655574 1337.528342522224 348 354 -1
352 19.54109158308633 -172.91504125442253 1326.0203224844279 349 355 -1
353 -6.06919139243039 -157.72653161461722 1337.3161427209045 350 356 -1
354 -12.89962721813235 -160.21963203962846 1337.6770847936725 351 357 -1
355 19.726182089494035 -172.9485349929521 1326.0242241566673 352 358 -1
356 -5.953439020440976 -157.62812515931753 1337.4446232767727 353 359 -1
357 -13.072317987958726 -160.19022007529725 1337.8259254416846 354 360 -1
358 19.911429204232174 -172.98121067387734 1326.0275925132435 355 361 -1
359 -5.83687712588006 -157.53042759933817 1337.5729128625912 356 362 -1
360 -13.244694217277514 -160.15947127714335 1337.9748605050818 357 363 -1
361 20.096830966013027 -173.0130484487178 1326.0304348598029 358 364 -1
362 -5.719558635096176 -157.43341023170578 1337.7010289004343 359 365 -1
363 -13.416750734230716 -160.12739727413415 1338.1238857413048 360 366 -1
364 20.282392230229302 -173.04398814958324 1326.032733587577 361 367 -1
365 -5.601536242084818 -157.33704320362992 1337.8289891972913 362 368 -1
366 -13.588481818734527 -160.09400693846894 1338.272997209341 363 369 -1
367 20.468110214385952 -173.07400886212858 1326.0344952886583 364 370 -1
368 -5.482858783463569 -157.24129894164534 1337.9568110764778 365 371 -1
369 -13.75988223444226 -160.05931068979703 1338.4221909747796 366 372 -1
370 20.65398524119831 -173.10306926776988 1326.0357141233255 367 373 -1
371 -5.363576075562155 -157.14614767049716 1338.0845123476165 368 374 -1
372 -13.930946935268503 -160.02331923728116 1338.5714632003182 369 375 -1
373 20.8400188196106 -173.13111518192608 1326.0363778640105 370 376 -1
374 -5.243734175947813 -157.05156203157728 1338.2121102601118 371 377 -1
375 -14.101670880573703 -159.98604286991988 1338.7208101890894 372 378 -1
376 21.026206350176704 -173.15812788115898 1326.036493593444 373 379 -1
377 -5.123377428399383 -156.95751530978262 1338.339621927007 374 380 -1
378 -14.272049458379952 -159.94749305057724 1338.8702282927588 375 381 -1
379 21.21254860265846 -173.18404814680076 1326.0360469746313 376 382 -1
380 -5.002550212831972 -156.86397959854267 1338.4670645332228 377 383 -1
381 -14.442078083837865 -159.90768087721312 1339.019714004221 378 384 -1
382 21.39904213295395 -173.20883960056926 1326.0350360716527 379 385 -1
383 -4.881294388120717 -156.77092855335465 1338.5944548637353 380 386 -1
384 -14.611752337048179 -159.86661761765714 1339.1692639255702 381 387 -1
385 21.585682118386725 -173.2324724646003 1326.033461877365 382 388 -1
386 -4.759650447661459 -156.67833629158775 1338.721809478369 383 389 -1
387 -14.781068344144625 -159.82431598584373 1339.3188747102997 384 390 -1
388 21.772467735626396 -173.25487684910124 1326.0313064795598 385 391 -1
389 -4.637657564432794 -156.5861774129093 1338.8491446846972 386 392 -1
390 -14.950021637748844 -159.78078623429457 1339.468543252628 387 393 -1
391 21.959391686195865 -173.2760289985264 1326.0285741871958 388 394 -1
392 -4.515353635443335 -156.49442701670776 1338.9764765137038 389 395 -1
393 -15.118609299244962 -159.7360433683125 1339.618266352471 390 396 -1
394 22.146447846704174 -173.29589025003278 1326.0252619753574 391 397 -1
395 -4.392775325356255 -156.40306071676613 1339.103820698029 392 398 -1
396 -15.286826586273763 -159.69009594467872 1339.7680412210673 393 399 -1
397 22.333632508293665 -173.31438470084595 1326.0213508812797 394 400 -1
398 -4.2699581091149925 -156.31205465342603 1339.2311926526183 395 401 -1
399 -15.454671296248756 -159.64296034410523 1339.9178648595057 396 402 -1
400 22.520935595085053 -173.3314923591969 1326.0168467545363 397 403 -1
401 -4.146936313424321 -156.22138550346614 1339.3586074576117 398 404 -1
402 -15.622139592045972 -159.59464723356635 1340.0677346371608 399 405 -1
403 22.70834850495777 -173.34716979526846 1326.01174499317 400 406 -1
404 -4.023742879938038 -156.13103107116098 1339.4860799880805 401 407 -1
405 -15.789228699430517 -159.54517023226398 1340.2176479298203 402 408 -1
406 22.895863505593667 -173.36134190236976 1326.0060284609997 403 409 -1
407 -3.900410239683131 -156.0409687689915 1339.6136246258 404 410 -1
408 -15.955936255762696 -159.49454372092313 1340.3676022200132 405 411 -1
409 23.083468390532538 -173.3739796764307 1325.9996992293231 406 412 -1
410 -3.776969659062492 -155.95117670236803 1339.7412553517177 407 413 -1
411 -16.12225870757444 -159.44277813170763 1340.5175952542152 408 414 -1
412 23.271150711041525 -173.38504670068096 1325.9927544957134 409 415 -1
413 -3.6534511929785136 -155.86163425525862 1339.8689860612449 410 416 -1
414 -16.28819472137149 -159.38989003454373 1340.66762469996 411 417 -1
415 23.458896879651476 -173.3945047340766 1325.9851849534007 412 418 -1
416 -3.5298842496869813 -155.77232072388037 1339.9968301061592 413 419 -1
417 -16.453741693490443 -159.3358918257977 1340.8176884953725 414 420 -1
418 23.64669161549103 -173.40233285024638 1325.9769865920157 415 421 -1
419 -3.4062973035168813 -155.6832158502391 1340.1248003564274 416 422 -1
420 -16.618897432425094 -159.28079673161062 1340.9677846768725 417 423 -1
421 23.83451883824372 -173.40853205105842 1325.968163843237 418 424 -1
422 -3.2827169611480063 -155.59430198044993 1340.2529097611057 419 425 -1
423 -16.783660789572018 -159.22462044990502 1341.117911340799 420 426 -1
424 24.02236273421754 -173.41308479907855 1325.958714005994 421 427 -1
425 -3.1591462988375665 -155.505592002403 1340.3811697564163 422 428 -1
426 -16.948029526685833 -159.1673752729844 1341.2680668088424 423 429 -1
427 24.210206743126665 -173.41594880502493 1325.9486251455044 424 430 -1
428 -3.035565922299503 -155.41712988830446 1340.509591475433 425 431 -1
429 -17.112002507055326 -159.10907611506764 1341.4182494584868 426 432 -1
430 24.398033673433954 -173.41712554313318 1325.9379019865703 427 433 -1
431 -2.911955987407196 -155.3289603280602 1340.6381858105217 428 434 -1
432 -17.275578901461763 -159.04973825644566 1341.56845779037 429 435 -1
433 24.585826250703583 -173.41660416114811 1325.9265445561227 430 436 -1
434 -2.788297331583646 -155.2411266200598 1340.7669629979962 431 437 -1
435 -17.43875694639213 -158.98937417445592 1341.7186905006574 432 438 -1
436 24.773566706266426 -173.41436757226398 1325.9145505876218 433 439 -1
437 -2.6645710709790316 -155.15367321098162 1340.895933916666 434 440 -1
438 -17.601536288949408 -158.9279996210775 1341.8689463340334 435 441 -1
439 24.96123564039334 -173.41037693607012 1325.901909915661 436 442 -1
440 -2.540758850237039 -155.066643678651 1341.0251088941197 437 443 -1
441 -17.76391652900561 -158.86562979006848 1342.0192241779464 438 444 -1
442 25.14881452633189 -173.40463099754277 1325.8886263308345 439 445 -1
443 -2.416842857245059 -154.98008101990948 1341.154497876813 440 446 -1
444 -17.925896459873726 -158.80227753289012 1342.169523095893 441 447 -1
445 25.336284384060296 -173.39712010573163 1325.8747004996142 442 448 -1
446 -2.2928055022594185 -154.89402906309203 1341.2841110209824 443 449 -1
447 -18.087476282274782 -158.73795881036244 1342.3198422090873 444 450 -1
448 25.523625456811505 -173.38782800321894 1325.860130715067 445 451 -1
449 -2.1686292152267868 -154.80853306576992 1341.4139588212806 446 452 -1
450 -18.24865610877634 -158.67268895571894 1342.4701807777676 447 453 -1
451 25.710816891349207 -173.37673231833813 1325.8449131531293 448 454 -1
452 -2.044297059122915 -154.72363729129648 1341.5440510335707 449 455 -1
453 -18.409435344737105 -158.6064813007858 1342.6205382252808 450 456 -1
454 25.897836328725585 -173.36380415846114 1325.82904180627 451 457 -1
455 -1.9197923559546624 -154.63938664353677 1341.6743973501768 452 458 -1
456 -18.56981455716439 -158.53935157480223 1342.7709140481875 453 459 -1
457 26.084664190133257 -173.3490481514891 1325.8125226520672 454 460 -1
458 -1.7950985147205332 -154.55582730790192 1341.8050075799572 455 461 -1
459 -18.729794428777623 -158.47131538868982 1342.9213078663984 456 462 -1
460 26.271278763880087 -173.33244929922856 1325.7953546756066 457 463 -1
461 -1.6701991256158546 -154.4730064298517 1341.9358914496001 458 464 -1
462 -18.889375006666494 -158.40238659397994 1343.071719453839 459 465 -1
463 26.457657862853267 -173.31399299208357 1325.7775370574489 460 466 -1
464 -1.5450775004737218 -154.39097381045028 1342.067059141891 461 467 -1
465 -19.048557079602602 -158.33258040529225 1343.2221486753426 462 468 -1
466 26.643778435566325 -173.29366237614647 1325.7590682630612 463 469 -1
467 -1.4197177879344813 -154.30977806052215 1342.198519853922 464 470 -1
468 -19.20734193276445 -158.2619127778208 1343.372595496567 465 471 -1
469 26.82961435380036 -173.27142559241526 1325.739941700777 466 472 -1
470 -1.2941041125540071 -154.22946979118927 1342.3302829102352 467 473 -1
471 -19.36573026122564 -158.19039806983304 1343.5230600302089 468 474 -1
472 27.015144970695168 -173.24729049190825 1325.7201645211358 469 475 -1
473 -1.168220615319466 -154.15010157525472 1342.4623576564347 470 476 -1
474 -19.523722972020398 -158.1180508267163 1343.6735424995593 471 477 -1
475 27.200346304182805 -173.2212443187405 1325.6997367644449 472 478 -1
476 -1.0420515352328157 -154.07172780752856 1342.5947533285398 473 479 -1
477 -19.681321961763537 -158.0448873577683 1343.8240432003176 474 480 -1
478 27.38519395659856 -173.19327486182053 1325.6786587081042 475 481 -1
479 -0.9155803887210383 -153.99440775166804 1342.7274799072968 476 482 -1
480 -19.838528558996085 -157.97092247585329 1343.9745625694263 477 483 -1
481 27.569663131874766 -173.16337048703113 1325.6569308745127 478 484 -1
482 -0.7887924067203356 -153.91819724190432 1342.8605454476278 479 485 -1
483 -19.99534372338682 -157.896170004406 1344.1251011779973 480 486 -1
484 27.753727402226904 -173.13151446795575 1325.634552150612 481 487 -1
485 -0.66167220602651 -153.84315701304385 1342.9939586302917 482 488 -1
486 -20.151769951067557 -157.82064657337605 1344.275659633908 483 489 -1
487 27.937358733795413 -173.09768658803154 1325.6115203799116 484 490 -1
488 -0.5342041693825376 -153.76935167050365 1343.1277282692613 485 491 -1
489 -20.307809103485663 -157.74436723916546 1344.426238685168 486 492 -1
490 28.120534511884287 -173.0618928560472 1325.5878421066097 487 493 -1
491 -0.40637256924128434 -153.6968496083637 1343.2618631311173 488 494 -1
492 -20.46346236595665 -157.66734552268713 1344.5768392287534 489 495 -1
493 28.303228547452488 -173.02412424012712 1325.5635188968986 490 496 -1
494 -0.2781633935896241 -153.6257167288482 1343.3963701201317 491 497 -1
495 -20.61873259925678 -157.5895979156088 1344.727462176202 492 498 -1
496 28.48541436447748 -172.984372441538 1325.538552596648 493 499 -1
497 -0.14956123312479008 -153.55602805284042 1343.5312573453675 494 500 -1
498 -20.773622109143275 -157.5111395613439 1344.8781085723574 495 501 -1
499 28.667065964626318 -172.9426297504199 1325.5129508064088 496 502 -1
500 -0.020551327638533533 -153.48786083355031 1343.6665320399989 497 503 -1
501 -20.928132633987833 -157.43198433292866 1345.0287796044433 498 504 -1
502 28.8481614666296 -172.89888813103684 1325.4867528942066 499 505 -1
503 0.10887961048325352 -153.42129179982092 1343.8021998036982 500 506 -1
504 -21.082267023913587 -157.35214792551542 1345.1794764913948 501 507 -1
505 29.02867618571556 -172.85312397328315 1325.4600072817514 502 508 -1
506 0.23874700249840156 -153.356411519911 1343.9382679112055 503 509 -1
507 -21.236028107613986 -157.27164573063354 1345.3302005490104 504 510 -1
508 29.208593157396738 -172.805340687506 1325.4327701271113 505 511 -1
509 0.36906253004393985 -153.29330241112987 1344.0747398651845 506 512 -1
510 -21.389418117788054 -157.19049186589635 1345.480953236719 507 513 -1
511 29.387893912802216 -172.75553565281572 1325.405095319493 508 514 -1
512 0.4998404459262021 -153.23206414745562 1344.2116210979536 509 515 -1
513 -21.542439916722316 -157.10870136026466 1345.6317360658354 510 516 -1
514 29.5665587502929 -172.7037020844558 1325.3770356626364 511 517 -1
515 0.6310920451871807 -153.17279262171746 1344.3489139444653 512 518 -1
516 -21.69509679855673 -157.02628975351337 1345.7825506026302 513 519 -1
517 29.744568023319484 -172.64983364149032 1325.3486440964505 514 520 -1
518 0.7628282705519887 -153.11559112038978 1344.4866199453966 515 521 -1
519 -21.847391424466913 -156.94327130114618 1345.9333985607313 516 522 -1
520 29.92190211156641 -172.5939244475472 1325.3199736750275 517 523 -1
521 0.8950606401261747 -153.06057601061613 1344.6247404916428 518 524 -1
522 -21.999326708662142 -156.85966051341305 1346.084281727566 519 525 -1
523 30.098541393230008 -172.53596911416585 1325.2910775445216 520 526 -1
524 1.0277973696695013 -153.0078611005724 1344.7632734951414 521 527 -1
525 -22.15090634555415 -156.7754729768324 1346.235201899501 522 528 -1
526 30.274459196561672 -172.47594313173965 1325.2620078072096 523 529 -1
527 1.1610459001588287 -152.95756994968028 1344.9022154531906 524 530 -1
528 -22.3021333548169 -156.6907229846423 1346.3861610273561 525 531 -1
529 30.44964216025412 -172.41386094581276 1325.2328198754778 526 532 -1
530 1.2948121528351375 -152.9098345253382 1345.0415607024845 527 533 -1
531 -22.45301075408103 -156.60542468016413 1346.537161155983 528 534 -1
532 30.6240707265029 -172.3497194693079 1325.203567098913 529 535 -1
533 1.4290999048982338 -152.8647943209385 1345.1813007984597 530 536 -1
534 -22.60354256816646 -156.51959359955688 1346.688204292492 531 537 -1
535 30.79772499654029 -172.2835155300491 1325.1743027691207 532 538 -1
536 1.563910394892747 -152.8225966823913 1345.321424078669 533 539 -1
537 -22.753732103885262 -156.4332439846792 1346.8392926097954 534 540 -1
538 30.970584952590816 -172.2152465979691 1325.145080151022 535 541 -1
539 1.6992418737233201 -152.7833971006475 1345.4619151727752 536 542 -1
540 -22.903582540610543 -156.3463897574211 1346.9904283878338 537 543 -1
541 31.142630441199238 -172.144910822766 1325.1159524544419 538 544 -1
542 1.8350890969953146 -152.74735945628683 1345.6027544557965 539 545 -1
543 -23.053098161786025 -156.25904631573192 1347.141613827018 540 546 -1
544 31.31383882921108 -172.07250144151746 1325.0869733544394 541 547 -1
545 1.9714437551993274 -152.71466332296853 1345.7439180398628 542 548 -1
546 -23.20228249106125 -156.17122777548286 1347.2928513099841 543 549 -1
547 31.484185022765242 -171.99800759006925 1325.0581976150245 544 550 -1
548 2.1082914981681213 -152.68548916645375 1345.8853755756256 545 551 -1
549 -23.351138930191023 -156.0829479678473 1347.4441433245881 546 552 -1
550 31.653654727052405 -171.9214454888399 1325.0296769949489 547 553 -1
551 2.2456127054789237 -152.66002719722795 1346.0270905331115 548 554 -1
552 -23.49967195002465 -155.99422207774785 1347.5954922498258 549 555 -1
553 31.82222709148129 -171.84281639977453 1325.001464189584 550 556 -1
554 2.3833830348859193 -152.63849081368286 1346.1690198932336 551 557 -1
555 -23.647885223913534 -155.9050640374942 1347.7469006691033 552 558 -1
556 31.98988108491609 -171.76212247890308 1324.9736116676852 553 559 -1
557 2.5215688249313772 -152.6210851384533 1346.311111390654 554 560 -1
558 -23.795782434945963 -155.8154876968758 1347.8983712451259 555 561 -1
559 32.15659549718264 -171.67936682257437 1324.9461716283408 556 562 -1
560 2.6601292781551034 -152.60803331226353 1346.4533041104544 557 563 -1
561 -23.943368172890583 -155.72550796882197 1348.0499065241816 558 564 -1
562 32.32234827632799 -171.59455211921042 1324.9191963060225 559 565 -1
563 2.7990146912824 -152.5995756148362 1346.595526677529 560 566 -1
564 -24.09064619858682 -155.63513856323956 1348.2015092854429 561 567 -1
565 32.487107287507136 -171.50766205630532 1324.8927433058839 562 568 -1
566 2.938163719960401 -152.5959461297645 1346.7376959955975 563 569 -1
567 -24.23762053027076 -155.54439343159032 1348.3531823266405 564 570 -1
568 32.65086119267887 -171.4187251537728 1324.8668587606155 565 571 -1
569 3.0775037146731843 -152.59739065735272 1346.8797164238756 566 572 -1
570 -24.384295812702124 -155.45328717365513 1348.5049283540357 567 573 -1
571 32.81358809089306 -171.32774872025539 1324.8415933566082 568 574 -1
572 3.2169490263152105 -152.60415994806098 1347.0214784876819 569 575 -1
573 -24.530675838314586 -155.36183325780735 1348.6567503418783 570 576 -1
574 32.97526596332218 -171.23474123728286 1324.8169972526205 571 577 -1
575 3.3563997666517396 -152.61650777358673 1347.1628577465576 572 578 -1
576 -24.676765006307896 -155.27004579057564 1348.8086511757142 573 579 -1
577 33.13587269890793 -171.13971240255935 1324.7931200175897 574 580 -1
578 3.495740466180237 -152.6346922386726 1347.303713330185 575 581 -1
579 -24.82256795853865 -155.1779390364596 1348.9606337188252 576 582 -1
580 33.29537723252083 -171.0426572633261 1324.7700170821506 577 583 -1
581 3.634839854469542 -152.65895166740088 1347.4438894388445 578 584 -1
582 -24.96808847051004 -155.08552622323336 1349.112701144345 579 585 -1
583 33.45375882531881 -170.94359193920891 1324.7477362936258 580 586 -1
584 3.773550199632097 -152.6895209588972 1347.5832135484966 581 587 -1
585 -25.113331357941423 -154.9928216341621 1349.2648563706782 582 588 -1
586 33.61100140121553 -170.84254142218316 1324.7263207757526 583 589 -1
587 3.9117049511881046 -152.7266416659381 1347.7214932574968 584 590 -1
588 -25.25830119095936 -154.8998391781201 1349.4171024260847 585 591 -1
589 33.76708272918318 -170.73952066036415 1324.7058171434942 586 592 -1
590 4.049124835108888 -152.77049454274135 1347.8585274672641 587 593 -1
591 -25.403001741976905 -154.80659191648772 1349.5694426719035 588 594 -1
592 33.92198067486605 -170.63454599775363 1324.6862710713558 589 595 -1
593 4.185610515618925 -152.8212789223065 1347.994092986751 590 596 -1
594 -25.54743821257335 -154.7130942449086 1349.7218800156022 591 597 -1
595 34.07565632161621 -170.5276088369811 1324.6677414905846 592 598 -1
596 4.320976421759019 -152.87902365717926 1348.1279848192148 593 599 -1
597 -25.691614893317432 -154.61935959520463 1349.8744177267388 594 600 -1
598 34.22810486500994 -170.41875901339247 1324.6502423137829 595 601 -1
599 4.455064629016306 -152.94361335193287 1348.2600228446513 596 602 -1
600 -25.8355360709996 -154.5254013712271 1350.0270591382964 597 603 -1
601 34.3793214741875 -170.30804833680241 1324.6337574638285 598 604 -1
602 4.587737639858879 -153.01485848657728 1348.3900521501157 599 605 -1
603 -25.979206794214267 -154.4312335686546 1350.1798073055982 600 606 -1
604 34.52930052725514 -170.19552492099083 1324.618268998623 601 607 -1
605 4.718866765889556 -153.09256932999673 1348.5179269076593 602 608 -1
606 -26.122631213995145 -154.33686937609255 1350.3326657039536 603 609 -1
607 34.67801979771339 -170.08121133634472 1324.6037726665231 604 610 -1
608 4.848338229917616 -153.17653206788012 1348.6435187858283 605 611 -1
609 -26.265814134440486 -154.24232247397774 1350.485637564287 606 612 -1
610 34.82548673797649 -169.9651702181207 1324.5902415234602 607 613 -1
611 4.97605443648746 -153.26651289595392 1348.7667183052724 608 614 -1
612 -26.40876042182881 -154.14760650698133 1350.6387261025527 609 615 -1
613 34.971704813959164 -169.84745467926126 1324.5776531646563 610 616 -1
614 5.101927672426207 -153.3622824851604 1348.8874261599872 611 617 -1
615 -26.55147406937577 -154.05273449080144 1350.791935018241 612 618 -1
616 35.11666933086392 -169.7281042911013 1324.5659922481398 613 619 -1
617 5.225890063469545 -153.4635869552386 1349.0055666504632 614 620 -1
618 -26.693960387455014 -153.95772028593018 1350.9452673595595 615 621 -1
619 35.26035892855741 -169.6071363723148 1324.5552558077316 616 622 -1
620 5.347882330663248 -153.5701838959536 1349.121072540931 617 623 -1
621 -26.83622379933835 -153.86257712544585 1351.0987266634338 618 624 -1
622 35.40279674268896 -169.4846222897192 1324.545409447226 619 625 -1
623 5.467859722381794 -153.68182499463393 1349.2338931468137 620 626 -1
624 -26.978268850634937 -153.7673183193723 1351.2523164446466 621 627 -1
625 35.54398364733376 -169.3606022739825 1324.536435967158 622 628 -1
626 5.585791605391206 -153.79825898053582 1349.3439938775148 623 629 -1
627 -27.1201006130399 -153.67195740201734 1351.4060399125187 624 630 -1
628 35.683896358975844 -169.23508709608274 1324.5283350205436 625 631 -1
629 5.701654432906021 -153.9192476817964 1349.451347056068 626 632 -1
630 -27.261723302378112 -153.57650748410262 1351.5599008409292 627 633 -1
631 35.82255583944615 -169.10813794526393 1324.521076440121 628 634 -1
632 5.81543383012046 -154.04455913013373 1349.5559348899137 629 635 -1
633 -27.40314199140866 -153.48098203133995 1351.7139024666765 630 636 -1
634 35.95996963897076 -168.9797974400937 1324.5146403092751 631 637 -1
635 5.92712835978977 -154.1739597741633 1349.6577546580509 632 638 -1
636 -27.544361361086935 -153.3853943049269 1351.868048290167 633 639 -1
637 36.09611533207607 -168.85007419644242 1324.5090265682982 634 640 -1
638 6.036741338758008 -154.30723024577213 1349.756808057015 635 641 -1
639 -27.685385836429575 -153.2897575077952 1352.0223420336113 636 642 -1
640 36.231014316295784 -168.71902345037927 1324.5042070900781 637 643 -1
641 6.144282755881949 -154.44415973042484 1349.8531039489667 638 644 -1
642 -27.82622056002942 -153.19408498962227 1352.176786874601 639 645 -1
643 36.364677034759445 -168.58668594193892 1324.500161836402 640 646 -1
644 6.249768331653329 -154.58454648477334 1349.9466573108941 641 647 -1
645 -27.966869860961857 -153.09838992941067 1352.3313866441065 642 648 -1
646 36.49707523941363 -168.4530619999329 1324.49689490144 643 649 -1
647 6.353216746142684 -154.7282010448078 1350.037485717425 644 650 -1
648 -28.107338679030708 -153.0026855917654 1352.4861446813122 645 651 -1
649 36.62824287291415 -168.3182140022987 1324.494372500299 646 652 -1
650 6.454651580222046 -154.87494169346888 1350.125612103066 647 653 -1
651 -28.24763177977264 -152.9069851809789 1352.64106445571 648 654 -1
652 36.75817770824815 -168.18216596775724 1324.492583680786 649 655 -1
653 6.554102417319574 -155.02459223137743 1350.2110664500442 650 656 -1
654 -28.387753552333045 -152.81130194389715 1352.7961498071347 651 657 -1
655 36.88686568397432 -168.04493036842268 1324.4915243873425 652 658 -1
656 6.651597185657972 -155.176992078287 1350.2938756367262 653 659 -1
657 -28.527709107848043 -152.71564903200908 1352.951403863804 654 660 -1
658 37.014338504546046 -167.90656172743414 1324.4911643653236 655 661 -1
659 6.747165325821848 -155.33198994596856 1350.3740677867552 656 662 -1
660 -28.667502807739172 -152.6200397160552 1353.1068305001977 657 663 -1
661 37.14057612681631 -167.76706513508663 1324.4915035534466 658 664 -1
662 6.840842232288787 -155.48943735911712 1350.4516784815958 659 665 -1
663 -28.807139514217415 -152.52448715546277 1353.2624330623894 660 666 -1
664 37.26559554358149 -167.62647904455903 1324.492520995641 661 667 -1
665 6.932659265752477 -155.6492008173125 1350.5267372629423 662 668 -1
666 -28.946623957737184 -152.42900450692025 1353.4182150020577 663 669 -1
667 37.38940701801519 -167.48483418421287 1324.4942001780691 664 670 -1
668 7.022649860997771 -155.81115277110962 1350.5992760342529 665 671 -1
669 -29.085960529179328 -152.33360512524374 1353.5741801793606 666 672 -1
670 37.51199101322285 -167.34213501573407 1324.4965408328103 667 673 -1
671 7.110850494424127 -155.9751701157482 1350.6693305568901 668 674 -1
672 -29.22515423362772 -152.23830199534737 1353.7303316588634 669 675 -1
673 37.633383804110736 -167.198432795141 1324.499513050996 670 676 -1
674 7.197294480324764 -156.14114070724744 1350.736931939312 671 677 -1
675 -29.364209406901082 -152.14310853752355 1353.8866733443397 672 678 -1
676 37.753559061652545 -167.0537252262755 1324.5031203978463 673 679 -1
677 7.282014381660953 -156.30895957117383 1350.8021099803832 674 680 -1
678 -29.503130847404357 -152.04803783011062 1354.0432084901968 675 681 -1
679 37.872544009501894 -166.90805380120773 1324.507338583246 676 682 -1
680 7.365043690384542 -156.4785265455246 1350.8648955950391 677 683 -1
681 -29.64192317413896 -151.95310305620387 1354.199940543049 678 684 -1
682 37.990333708737694 -166.7614327506759 1324.5121603248379 679 685 -1
683 7.446416398232262 -156.64974639377988 1350.9253203133042 680 686 -1
684 -29.78059077880326 -151.85831768151428 1354.3568732848273 681 687 -1
685 38.10692839739034 -166.6138802476455 1324.517575673999 682 688 -1
686 7.526164628093237 -156.82253067794844 1350.9834129556923 683 689 -1
687 -29.919138507874287 -151.76369458538366 1354.5140097011802 684 690 -1
688 38.222348112322024 -166.46542883468265 1324.5235652895183 685 691 -1
689 7.604319590460767 -156.99679623221053 1351.0392010007063 686 692 -1
690 -30.05757063031615 -151.66924741457518 1354.671353706118 687 693 -1
691 38.336569346798676 -166.31607754357546 1324.5301310787193 688 694 -1
692 7.680910217317537 -157.17246590198212 1351.0927085972764 689 695 -1
693 -30.19589186239681 -151.57498914361582 1354.8289083667753 690 696 -1
694 38.449630721718094 -166.1658712558029 1324.5372453957636 691 697 -1
695 7.755967725061339 -157.34946412836607 1351.143963260519 692 698 -1
696 -30.334106667042157 -151.48093309246252 1354.9866771296968 693 699 -1
697 38.561497418756524 -166.0148002906099 1324.5449154296246 694 700 -1
698 7.82952115135025 -157.5277206764234 1351.1929894142522 695 701 -1
699 -30.472219407131814 -151.38709280356147 1355.1446636043868 696 702 -1
700 38.67220865633752 -165.86290815178106 1324.5531140303024 697 703 -1
701 7.901598583248956 -157.70716916515278 1351.239810181319 698 704 -1
702 -30.610234733715824 -151.29348112606402 1355.3028706772723 699 705 -1
703 38.78174080815284 -165.71019292919118 1324.5618431039798 700 706 -1
704 7.972224041751494 -157.88774911057806 1351.2844426574907 701 707 -1
705 -30.748156818002478 -151.20011201558074 1355.4613022452534 702 708 -1
706 38.890115450104446 -165.55668409979077 1324.5710841898674 703 709 -1
707 8.041424274186882 -158.06940031036854 1351.326908125407 704 710 -1
708 -30.88599025361614 -151.10699829523458 1355.6199611002532 705 711 -1
709 38.99732485069189 -165.40239036252663 1324.5808320770823 706 712 -1
710 8.109226274057287 -158.25206484347393 1351.3672284747586 707 713 -1
711 -31.023739322895594 -151.01415354392262 1355.7788506801833 708 714 -1
712 39.10337472727456 -165.24732933896456 1324.5910756614903 709 715 -1
713 8.175648038685642 -158.4356931976799 1351.4054118473125 710 716 -1
714 -31.161408311359963 -150.92159132963835 1355.937974336181 711 717 -1
715 39.20827157543472 -165.09151855546438 1324.601803763641 712 718 -1
716 8.240717739686227 -158.6202306307637 1351.441482293265 713 719 -1
717 -31.29900164731077 -150.8293245478884 1356.0973348269579 714 720 -1
718 39.31200659331447 -164.9349654723971 1324.6130115824683 715 721 -1
719 8.304452227844466 -158.80563176732832 1351.4754463609904 716 722 -1
720 -31.436523377841993 -150.73736753996394 1356.2569359945194 717 723 -1
721 39.414599294019496 -164.77769510677348 1324.6246828505887 718 724 -1
722 8.366875911301928 -158.99184783672084 1351.507322662011 719 725 -1
723 -31.573977920533103 -150.64573292172736 1356.416780277782 720 726 -1
724 39.51602723949718 -164.6197060246336 1324.6368182699803 721 727 -1
725 8.428003589647185 -159.17883740040762 1351.53711465081 722 728 -1
726 -31.711369362194116 -150.5544346455051 1356.5768710807338 723 729 -1
727 39.616322218240214 -164.46102979420954 1324.64939712374 724 730 -1
728 8.487858587928972 -159.3665551870967 1351.5648396668958 725 731 -1
729 -31.8487018522646 -150.4634862504026 1356.7372114197706 726 732 -1
730 39.71544857165465 -164.30165697198433 1324.6624250455877 727 733 -1
731 8.546453252770371 -159.5549633165464 1351.5904973787308 728 734 -1
732 -31.985979564977324 -150.3729008046533 1356.8978039274946 729 735 -1
733 39.81344676720884 -164.14162317393664 1324.6758785235304 730 736 -1
734 8.603807466504415 -159.74402070122161 1351.614099930056 731 737 -1
735 -32.123206420610536 -150.2826929222207 1357.0586522224917 732 738 -1
736 39.9102778555731 -163.98091724614227 1324.6897640562756 733 739 -1
737 8.659936861826191 -159.93368941593087 1351.6356537351644 734 740 -1
738 -32.260386578191614 -150.1928751335576 1357.2197584423727 735 741 -1
739 40.00597784213983 -163.81957108053618 1324.7040603736612 736 742 -1
740 8.714851252960454 -160.1239328114675 1351.655177505476 737 743 -1
741 -32.39752392315818 -150.10346180102346 1357.3811258755889 738 744 -1
742 40.10051737195907 -163.65757921213822 1324.7187700932266 739 745 -1
743 8.768567531666857 -160.31471035516572 1351.6727223668681 740 746 -1
744 -32.53462240671603 -150.0144663822136 1357.5427571349398 741 747 -1
745 40.193918036792205 -163.49496452456833 1324.7338775816138 742 748 -1
746 8.821097672352932 -160.50598582002198 1351.6883312470472 743 749 -1
747 -32.67168592775376 -149.92590224360026 1357.704654714802 744 750 -1
748 40.28616407427481 -163.33172912213865 1324.7493804091587 745 751 -1
749 8.87245018742614 -160.69772612050642 1351.7020408064593 746 752 -1
750 -32.80871824231704 -149.83778409979334 1357.8668218450975 747 753 -1
751 40.37726138092907 -163.1678868054177 1324.765268594984 748 754 -1
752 8.922638488740418 -160.88989792045157 1351.7138949551907 749 755 -1
753 -32.94572319964698 -149.75012456100583 1358.0292604068825 750 756 -1
754 40.4672092430353 -163.00344754699208 1324.781534534714 751 757 -1
755 8.971673723493709 -161.08247045296346 1351.7239332615407 752 758 -1
756 -33.082704463185344 -149.6629384019197 1358.1919734837993 753 759 -1
757 40.55599604967 -162.83841575554223 1324.798174041912 754 760 -1
758 9.019565694290577 -161.2754149139273 1351.7321925899605 755 761 -1
759 -33.2196657244065 -149.57623894150578 1358.354963217855 756 762 -1
760 40.64363813037131 -162.6728097877847 1324.8151740940752 757 763 -1
761 9.066320793359003 -161.46870484522358 1351.738704094683 758 764 -1
762 -33.356610589927364 -149.490039912944 1358.5182319138737 759 765 -1
763 40.73010399971203 -162.5066241423388 1324.8325365464343 760 766 -1
764 9.111950160134421 -161.66231359617555 1351.7435057774908 761 767 -1
765 -33.493542586972296 -149.40435607014345 1358.6817823394852 762 768 -1
766 40.8154243898031 -162.33988379587885 1324.8502441515498 763 769 -1
767 9.156461960000462 -161.85621663692223 1351.7466306080776 764 770 -1
768 -33.63046522841809 -149.319200131684 1358.8456160647195 765 771 -1
769 40.899560586541114 -162.1725800541421 1324.868300542797 766 772 -1
770 9.19986335720431 -162.05039078380514 1351.7481096800834 767 773 -1
771 -33.76738192124359 -149.23458732028072 1359.0097359086756 768 774 -1
772 40.98253731856262 -162.0047344870507 1324.886690531902 769 775 -1
773 9.242159318360601 -162.2448143240915 1351.7479705654587 770 776 -1
774 -33.904296037436254 -149.150530734144 1359.1741434672624 771 777 -1
775 41.06433415660042 -161.83634727344563 1324.9054120882774 772 778 -1
776 9.283355634523508 -162.43946622434075 1351.7462418168452 773 779 -1
777 -34.04121086883406 -149.0670445438591 1359.3388408076364 774 780 -1
778 41.144947569199644 -161.66742661558845 1324.924458152442 775 781 -1
779 9.323458660336538 -162.63432622707424 1351.7429525152797 776 782 -1
780 -34.17812964997615 -148.98414344355143 1359.5038301476227 777 783 -1
781 41.22438560829981 -161.4979856407859 1324.9438186738082 778 784 -1
782 9.362472557290891 -162.82937531193323 1351.7381283679163 779 785 -1
783 -34.31505552739954 -148.9018402824075 1359.669112692806 780 786 -1
784 41.30261196121835 -161.32801815314087 1324.9634951541182 781 787 -1
785 9.400399990577572 -163.02459540247932 1351.7317928460616 782 788 -1
786 -34.451991613995816 -148.82015077576986 1359.834690943726 783 789 -1
787 41.37965271743236 -161.15754504681667 1324.9834727952 784 790 -1
788 9.43724166562196 -163.21996930085214 1351.7239666712533 785 791 -1
789 -34.5889409023649 -148.7390876561661 1360.0005658535551 786 792 -1
790 41.4554791204442 -160.9865636704948 1325.003750816151 787 793 -1
791 9.473001672358448 -163.41547993852612 1351.7146751173022 788 794 -1
792 -34.72590634445731 -148.65866564108316 1360.1667392220684 789 795 -1
793 41.530088257832496 -160.81508254749477 1325.0243217030225 790 796 -1
794 9.507680804840945 -163.61111127109046 1351.7039388710493 791 797 -1
795 -34.8628908160122 -148.57889918242756 1360.3332126015182 792 798 -1
796 41.6034858425668 -160.64311347608302 1325.0451760586293 793 799 -1
797 9.541276863465704 -163.806848011377 1351.6917746968352 794 800 -1
798 -35.0 -148.5 1360.5 795 801 802
799 41.675631177938975 -160.47064994778776 1325.0663149892978 796 803 -1
800 9.57378898955473 -164.00267512534955 1351.6782012350052 797 804 -1
801 -35.03167802778402 -148.59431785097286 1360.6401766942174 798 805 -1
802 -35.100073363545924 -148.34210585037428 1360.5505750918876 798 806 -1
803 41.74654148213468 -160.29770851026623 1325.0877262576973 799 807 -1
804 9.605216840886854 -164.19857797232245 1351.6632378125191 800 808 -1
805 -35.06259548292244 -148.68745898822849 1360.7812700219686 801 809 -1
806 -35.2017467822505 -148.18520422211438 1360.6011929735669 802 810 -1
807 41.81620686009388 -160.12429488239238 1325.109403877579 803 811 -1
808 9.635554838247034 -164.39454259547472 1351.64689719397 804 812 -1
809 -35.092670674690645 -148.7794346842455 1360.9233067805571 805 813 -1
810 -35.30502591985004 -148.02932353438908 1360.6517143087576 806 814 -1
811 41.88458661804844 -159.95040372172318 1325.1313479118182 807 815 -1
812 9.66479908789465 -164.59055518050218 1351.6291945152007 808 816 -1
813 -35.121900331354354 -148.8702376052636 1361.0662716137253 809 817 -1
814 -35.40990964759144 -147.87448639747097 1360.702138874005 810 818 -1
815 41.951698053934244 -159.7760513878519 1325.15354626503 811 819 -1
816 9.69294604776441 -164.7866021936822 1351.6101454867478 812 820 -1
817 -35.15028157457118 -148.9598610108755 1361.210148780036 813 821 -1
818 -35.51639218988148 -147.7207127430996 1360.7524667866498 814 822 -1
819 42.017527175244446 -159.6012425874075 1325.1759933567532 815 823 -1
820 9.719984506230663 -164.98267047564738 1351.5897567646023 816 824 -1
821 -35.17781126463237 -149.04829784545007 1361.354922856851 817 825 -1
822 -35.62446889181877 -147.56802351768187 1360.8026981622384 818 826 -1
823 42.082039485970235 -159.42597533632693 1325.1986873860326 819 827 -1
824 9.745911852439113 -165.17874686915744 1351.5680456821394 820 828 -1
825 -35.20448706887497 -149.13554222927704 1361.5005776193495 821 829 -1
826 -35.73413431697827 -147.41643944570757 1360.8528332339754 822 830 -1
827 42.145265997619326 -159.2502705365296 1325.2216152090548 823 831 -1
828 9.770712677935956 -165.3748183990679 1351.5450147292872 824 832 -1
829 -35.23030807566136 -149.22159033136526 1361.6470955051027 825 833 -1
830 -35.84538215181295 -147.26598093145563 1360.9028723636693 826 834 -1
831 42.20722400802081 -159.07414365997846 1325.2447666714918 827 835 -1
832 9.794381505309467 -165.5708721710359 1351.520678475048 828 836 -1
833 -35.25527295577598 -149.30643780578416 1361.7944595287634 829 837 -1
834 -35.958205213403545 -147.11666802718656 1360.9528160464095 830 838 -1
835 42.267923032782825 -158.8976071801303 1325.2681329177824 831 839 -1
836 9.81690204993309 -165.7668951630866 1351.4950394442913 832 840 -1
837 -35.27937898440467 -149.3900784081074 1361.942654147929 833 841 -1
838 -36.07259545916652 -146.96852040202808 1361.002664915095 834 842 -1
839 42.32737075652078 -158.7206727316893 1325.2917051737747 835 843 -1
840 9.83826172891342 -165.96287435324055 1351.468104989769 836 844 -1
841 -35.302627425464394 -149.47251157162475 1362.091660119708 837 845 -1
842 -36.18854399848278 -146.82155731166236 1361.0524197447733 838 846 -1
843 42.38560283929562 -158.54336021880485 1325.3154701268018 839 847 -1
844 9.858445524853874 -166.15879658449072 1351.4398802562675 840 848 -1
845 -35.32501772195692 -149.55373424950182 1362.2414601546839 841 849 -1
846 -36.3060418928941 -146.67579819373677 1361.102081409704 842 850 -1
847 42.4426391412152 -158.36568387004112 1325.33941715866 843 851 -1
848 9.877434569026503 -166.35464835618743 1351.410366840401 844 852 -1
849 -35.34654884368165 -149.6337427985923 1362.3920375232165 845 853 -1
850 -36.42507905333345 -146.53126180011424 1361.1516509552123 846 854 -1
851 42.49850050657365 -158.18765769192655 1325.3635354783012 847 855 -1
852 9.89520771303129 -166.55041577335763 1351.3795647116237 848 856 -1
853 -35.36722310711814 -149.71253838999644 1362.5433726895244 849 857 -1
854 -36.545643192724214 -146.3879652602718 1361.2011296641722 850 858 -1
855 42.553193717246536 -158.0092911717795 1325.387816098873 851 859 -1
856 9.91174463146632 -166.74608473671861 1351.3474755129832 852 860 -1
857 -35.387039864405125 -149.79011808488784 1362.6954489618145 853 861 -1
858 -36.66772264532456 -146.2459263045278 1361.2505188933521 854 862 -1
859 42.60676048440362 -157.83060338463542 1325.4122451910378 855 863 -1
860 9.927020639914554 -166.94164049312093 1351.3140971932664 856 864 -1
861 -35.40600144924031 -149.86648325794923 1362.848247279932 857 865 -1
862 -36.791306481864446 -146.10516344738815 1361.2998200746083 858 866 -1
863 42.659225946346794 -157.65160789233062 1325.4368113597122 859 867 -1
864 9.94100859878951 -167.13706765198725 1351.2794261927572 860 868 -1
865 -35.42410926541261 -149.9416340573953 1363.0017496403768 861 869 -1
866 -36.91637879758339 -145.96569103092787 1361.3490350517488 862 870 -1
867 42.710616460387094 -157.4723180328973 1325.461503056826 863 871 -1
868 9.953678716655736 -167.33235006771807 1351.2434573756248 864 872 -1
869 -35.44136494275041 -150.01557104381465 1363.1559380852814 865 873 -1
870 -37.0429283045897 -145.827527462073 1361.3981655283856 866 874 -1
871 42.76095955090369 -157.29274689588746 1325.4863086004639 867 875 -1
872 9.964995594012867 -167.52747035381205 1351.2061813592309 868 876 -1
873 -35.457771759771035 -150.08829722373693 1363.310793615117 869 877 -1
874 -37.170937376686275 -145.6906855524228 1361.447213701743 870 878 -1
875 42.810272039978464 -157.11290424731777 1325.5112172636593 871 879 -1
876 9.974924412748603 -167.722410498574 1351.167590655835 872 880 -1
877 -35.47333114320868 -150.15981305886206 1363.466298952269 873 881 -1
878 -37.300393775087265 -145.55518300490374 1361.4961816022446 874 882 -1
879 42.858596312887784 -156.93280600314878 1325.5362157734573 875 883 -1
880 9.983426333993616 -167.9171512331272 1351.127675290478 876 884 -1
881 -35.488047724703236 -150.23012368868197 1363.6224346614556 877 885 -1
882 -37.4312787344159 -145.42103147305303 1361.5450717637493 878 886 -1
883 42.905963328362546 -156.75246443169243 1325.5612921426919 879 887 -1
884 9.990451044977556 -168.11167067186813 1351.086416373905 880 888 -1
885 -35.501923121662415 -150.29923004322535 1363.7791838574096 881 889 -1
886 -37.56357662398138 -145.28824545067863 1361.5938866909255 882 890 -1
887 42.95240467399863 -156.57189140413433 1325.5864343522592 883 891 -1
888 9.995954031835396 -168.30594669550223 1351.0438020677911 884 892 -1
889 -35.51496289391107 -150.36713879940862 1363.936527092529 885 893 -1
890 -37.69727081871371 -145.15683845936476 1361.642629094762 886 894 -1
891 42.99795282234622 -156.39109846754943 1325.6116303361969 887 895 -1
892 10.0 -168.5 1351.0 888 -1 -1
893 -35.52716914145703 -150.4338517796384 1364.0944476979826 889 896 -1
894 -37.83234224752792 -145.02682146747395 1361.691301964793 890 897 -1
895 43.04264085080406 -156.21009678495412 1325.6368680055518 891 898 -1
896 -35.538548019907466 -150.49937672901635 1364.2529265203314 893 899 -1
897 -37.968772673580894 -144.898206097619 1361.7399084018446 894 900 -1
898 43.08649493274337 -156.02889537211118 1325.662135406215 895 901 -1
899 -35.54910230830972 -150.56371665023767 1364.4119470223593 896 902 -1
900 -38.106543653699866 -144.7710036175358 1361.7884516788947 897 903 -1
901 43.12955885343993 -155.8475069422081 1325.6874199917002 898 904 -1
902 -35.55883851296518 -150.62688000815083 1364.5714905532952 899 905 -1
903 -38.24563600168024 -144.64522434520762 1361.8369352699144 900 906 -1
904 43.17186799552428 -155.66594167704793 1325.7127096694787 901 907 -1
905 -35.567760200214806 -150.68887114641188 1364.7315406944167 902 908 -1
906 -38.386029139253004 -144.5208768483313 1361.8853628759916 903 909 -1
907 43.21345832961711 -155.48420942702887 1325.7379923721787 904 910 -1
908 -35.57587406317464 -150.74969901478553 1364.8920794259186 905 911 -1
909 -38.52770277961323 -144.39796972502697 1361.9337383512054 906 912 -1
910 43.254366354793426 -155.30231971628626 1325.763256070367 907 913 -1
911 -35.58318448355864 -150.80936934172902 1365.0530904884833 908 914 -1
912 -38.67063620572266 -144.2765108027855 1361.9820657377552 909 915 -1
913 43.29462903961899 -155.120281749911 1325.7884887847006 910 916 -1
914 -35.58969825183655 -150.86789143211013 1365.2145565577503 911 917 -1
915 -38.81480830548678 -144.1565071369204 1362.0303492651283 912 918 -1
916 43.334281193005395 -154.93810383361054 1325.8136783485502 913 919 -1
917 -35.59542052149082 -150.92527233775357 1365.3764616129415 914 920 -1
918 -38.96019760681479 -144.03796501090014 1362.0785933489901 915 921 -1
919 43.373360483101365 -154.75579454190313 1325.838812673908 916 922 -1
920 -35.60035815802451 -150.9815216841491 1365.5387890406478 917 923 -1
921 -39.10678231243222 -143.9208899385064 1362.1268025898196 918 924 -1
922 43.41190835222519 -154.57336295506525 1325.863880236918 919 925 -1
923 -35.60451698015714 -151.03664769214262 1365.7015231621226 920 926 -1
924 -39.25454033432677 -143.80528666774921 1362.1749817712923 921 927 -1
925 43.44996307317567 -154.39081709984612 1325.8888693651666 922 928 -1
926 -35.60790396566459 -151.0906603582089 1365.8646480546613 923 929 -1
927 -39.403449327710966 -143.69115918646824 1362.2231358584336 924 930 -1
928 43.487563110010555 -154.20816474719683 1325.913768487007 925 931 -1
929 -35.61052543787456 -151.14356883780195 1366.028148497482 926 932 -1
930 -39.553486724392776 -143.57851072954318 1362.2712699955646 927 933 -1
931 43.524747064728004 -154.02541342836875 1325.9385661404363 928 934 -1
932 -35.61238857592173 -151.19538362257651 1366.192009214148 929 935 -1
933 -39.70462976545519 -143.46734378762844 1362.3193895040486 930 936 -1
934 43.561553625105894 -153.84257045190424 1325.9632509815258 931 937 -1
935 -35.61350000174588 -151.24611450114364 1366.35621556021 932 938 -1
936 -39.856855555026684 -143.35766014796408 1362.3674998797846 933 939 -1
937 43.598018389199446 -153.65964211090105 1325.9878103683266 934 940 -1
938 -35.613867229080455 -151.29577264709175 1366.5207528467797 935 941 -1
939 -40.010141727715975 -143.2494618206647 1362.4156067926313 936 942 -1
940 43.63418382749035 -153.4766362230624 1326.0122342797756 937 943 -1
941 -35.61349693559781 -151.3443681266512 1366.6856071183868 938 944 -1
942 -40.16446448623634 -143.14274824005398 1362.4637160870047 939 945 -1
943 43.67008879297469 -153.29355958193486 1326.0365118313748 940 946 -1
944 -35.61239713948554 -151.3919130333508 1366.8507642089817 941 947 -1
945 -40.31980060879445 -143.03751902634707 1362.511833768303 942 948 -1
946 43.7057718450524 -153.11041878716304 1326.060632217515 943 949 -1
947 -35.61057430250147 -151.43841731406116 1367.0162109525606 944 950 -1
948 -40.4761268336266 -142.93377311897046 1362.5599660053426 945 951 -1
949 43.7412713891782 -152.92722030990421 1326.0845847865228 946 952 -1
950 -35.60803714648678 -151.48389426038344 1367.1819336419867 947 953 -1
951 -40.633419885858956 -142.8315087925401 1362.6081191273058 948 954 -1
952 43.776625470884 -152.7439704439424 1326.1083587622006 949 955 -1
953 -35.60479162452004 -151.52835327355527 1367.347919984206 950 956 -1
954 -40.791657434261914 -142.73072516669035 1362.656299654912 951 957 -1
955 43.81187156938358 -152.5606751081113 1326.131941788632 952 958 -1
956 -35.60084711333712 -151.5718087629395 1367.5141567663256 953 959 -1
957 -40.95081537156719 -142.63141789355328 1362.7045142121808 954 960 -1
958 43.84704901651152 -152.37734107366185 1326.1553256615114 955 961 -1
959 -35.59620956173882 -151.6142703034415 1367.680632351901 956 962 -1
960 -41.11087048112881 -142.5335832790549 1362.752769590641 957 963 -1
961 43.8821952041523 -152.19397449138168 1326.1785003937273 958 964 -1
962 -35.59088803723866 -151.65575202851707 1367.8473343633996 959 965 -1
963 -41.271799883596046 -142.43721746672665 1362.801072744205 960 966 -1
964 43.917347158422956 -152.01058147671563 1326.2014561826215 961 967 -1
965 -35.58488961208101 -151.6962652939203 1368.014251440306 962 968 -1
966 -41.43358122852361 -142.34231680860734 1362.8494308115473 963 969 -1
967 43.952541593706144 -151.82716810970788 1326.2241831345154 964 970 -1
968 -35.5782219784078 -151.73582242556455 1368.181372340686 965 971 -1
969 -41.59619078913947 -142.24887450874388 1362.8978509728402 966 972 -1
970 43.98781634351074 -151.64374040860818 1326.2466685825443 967 973 -1
971 -35.57089377348104 -151.77443717505625 1368.3486858836818 968 974 -1
972 -41.759605840051115 -142.1568846823986 1362.9463405932718 969 975 -1
973 44.023206600600005 -151.46030477189157 1326.2689063871346 970 976 -1
974 -35.56291117707315 -151.81211986790464 1368.5161819109042 971 977 -1
975 -41.92380484965485 -142.0663428897361 1362.9949072876907 972 978 -1
976 44.05874759530678 -151.27686734698955 1326.290887523302 973 979 -1
977 -35.55428346767979 -151.84888531788758 1368.6838497164292 974 980 -1
978 -42.08876439387625 -141.9772403840936 1363.0435586014028 975 981 -1
979 44.09447400549736 -151.09343432216198 1326.3126031791053 976 982 -1
980 -35.54501805834778 -151.88474575294939 1368.8516794327136 977 983 -1
981 -42.25446225683842 -141.8895697846926 1363.092302296284 978 984 -1
982 44.130423217684715 -150.91001216271468 1326.334041109931 979 985 -1
983 -35.53512198827504 -151.91971294620413 1369.0196615695945 980 986 -1
984 -42.42087742669253 -141.80332529953063 1363.1411464154428 981 987 -1
985 44.16662795115234 -150.72660726189963 1326.3551947345375 982 988 -1
986 -35.524604073834034 -151.95380125376758 1369.1877865185168 983 989 -1
987 -42.58798704493457 -141.71849660538274 1363.1900988364218 984 990 -1
988 44.20312002328999 -150.54322596778766 1326.3760572164613 985 991 -1
989 -35.51347163048947 -151.98702297204972 1369.3560453288508 986 992 -1
990 -42.755769831724535 -141.63507565496212 1363.2391677456956 987 993 -1
991 44.239931626093544 -150.35987476158027 1326.3966206319826 988 994 -1
992 -35.501731816052455 -152.01939024466918 1369.524429354708 989 995 -1
993 -42.92420487644771 -141.553054371587 1363.288361497759 990 996 -1
994 44.27710149920003 -150.17656104300409 1326.4168713563845 991 997 -1
995 -35.48939319215498 -152.0509172491027 1369.6929299553651 992 998 -1
996 -43.09327032381171 -141.4724217278338 1363.3376883249894 993 999 -1
997 44.31465549462197 -149.99329106530595 1326.4368067119342 994 1000 -1
998 -35.47646335090105 -152.0816168551992 1369.8615389791835 995 1001 -1
999 -43.2629459791218 -141.3931694460778 1363.3871568693924 996 1002 -1
1000 44.35262300149282 -149.8100715543331 1326.4564200454956 997 1003 -1
1001 -35.46294883205625 -152.11150052538434 1370.0302487188153 998 1004 -1
1002 -43.43321089094606 -141.3152866630476 1363.4367756628055 999 1005 -1
1003 44.391039043240696 -149.62691019798126 1326.475700288481 1000 1006 -1
1004 -35.44885818793696 -152.1405825859729 1370.1990513892526 1001 1007 -1
1005 -43.60404453418602 -141.23876252227217 1363.4865533650031 1002 1008 -1
1006 44.42993298426227 -149.44381425756552 1326.4946405960325 1003 1009 -1
1007 -35.434198925605514 -152.16887595329712 1370.3679396601335 1004 1010 -1
1008 -43.77542747913672 -141.16358791764313 1363.5364989993052 1005 1011 -1
1009 44.469327618135694 -149.26079024447415 1326.5132381076826 1006 1012 -1
1010 -35.41897838322799 -152.19639336078347 1370.536906482789 1007 1013 -1
1011 -43.94733911436691 -141.08974988226782 1363.5866212431577 1008 1014 -1
1012 44.50925658493105 -149.0778464751798 1326.5314822361845 1009 1015 -1
1013 -35.40320324451153 -152.2231466933926 1370.7059451361931 1010 1016 -1
1014 -44.11976052634908 -141.01723877558544 1363.636929346493 1011 1017 -1
1015 44.54974809815434 -148.89499080847048 1326.5493660270597 1012 1018 -1
1016 -35.386881635962176 -152.24914986990012 1370.8750489616073 1013 1019 -1
1017 -44.292672072977254 -140.94604214498125 1363.687432311509 1014 1020 -1
1018 44.59082000244182 -148.71222964183445 1326.5668885734003 1015 1021 -1
1019 -35.37002080551521 -152.27441564016232 1371.0442116623576 1016 1022 -1
1020 -44.46605477983298 -140.8761483162699 1363.738139375843 1017 1023 -1
1021 44.632508094591664 -148.52957263365388 1326.5840380519912 1018 1024 -1
1022 -35.35262794039331 -152.2989567141655 1371.2134271834975 1019 1025 -1
1023 -44.63989020378559 -140.80754616897508 1363.7890600105065 1020 1026 -1
1024 44.6748200674911 -148.34702530334184 1326.600823432973 1021 1027 -1
1025 -35.33471001004905 -152.32278554833877 1371.382689718433 1022 1028 -1
1026 -44.814159353664536 -140.74022199996543 1363.8402033769705 1023 1029 -1
1027 44.71776163906295 -148.16459294150144 1326.617256270049 1024 1030 -1
1028 -35.31627379920964 -152.34591439315363 1371.5519936935004 1025 1031 -1
1029 -44.988844796899414 -140.67416576366105 1363.8915794156776 1026 1032 -1
1030 44.761357573020774 -147.9822845181417 1326.6333377765523 1027 1033 -1
1031 -35.29732678207962 -152.36835646579956 1371.7213337030541 1028 1034 -1
1032 -45.1639278875322 -140.60936273461573 1363.943197335181 1029 1035 -1
1033 44.80560049657445 -147.800102918428 1326.6490860262381 1030 1036 -1
1034 -35.27787588039669 -152.39012427083537 1371.8907046032868 1031 1037 -1
1035 -45.339391472602195 -140.5458018559637 1363.9950671650656 1032 1038 -1
1036 44.850516172250785 -147.61805753818982 1326.6645016496293 1033 1039 -1
1037 -35.25792794577053 -152.4112302532099 1372.0601014632573 1034 1040 -1
1038 -45.5152178870802 -140.48346944730358 1364.047198538422 1035 1041 -1
1039 44.89610768423672 -147.43615335667704 1326.6795966109312 1036 1042 -1
1040 -35.23748975836805 -152.43168679532545 1372.2295195591996 1037 1043 -1
1041 -45.69139010651236 -140.42235295455478 1364.0996014390803 1038 1044 -1
1042 44.94238820588711 -147.2543974387214 1326.694377567991 1039 1045 -1
1043 -35.21656802576716 -152.4515062144056 1372.3989543688797 1040 1046 -1
1044 -45.86789131861589 -140.36243960181065 1364.1522859326749 1041 1047 -1
1045 44.98937780682735 -147.07279856914968 1326.7088482655745 1042 1048 -1
1046 -35.19516938197004 -152.47070076015635 1372.568401565999 1043 1049 -1
1047 -46.04470471441173 -140.30371557527053 1364.2052619508636 1044 1050 -1
1048 45.03707546380922 -146.89136088091118 1326.7230212640677 1045 1051 -1
1049 -35.17330011228002 -152.48928225756293 1372.737857017213 1046 1052 -1
1050 -46.22181421687111 -140.24616886632217 1364.2585399954014 1047 1053 -1
1051 45.08551786669198 -146.71009734848658 1326.7368934699598 1048 1054 -1
1052 -35.15096699759601 -152.5072632034516 1372.9073167645656 1049 1055 -1
1053 -46.39920330138343 -140.18978462755533 1364.312129946909 1050 1056 -1
1054 45.13469592828505 -146.5290103841573 1326.7504801596324 1051 1057 -1
1055 -35.128176462675135 -152.52465565372913 1373.0767770373973 1052 1058 -1
1056 -46.57685651807658 -140.13455148062675 1364.3660427410928 1053 1059 -1
1057 45.18464560052899 -146.34811333902826 1326.7637789331288 1054 1060 -1
1058 -35.104934838446404 -152.54147156701208 1373.246234239494 1055 1061 -1
1059 -46.75475771526125 -140.0804539347308 1364.4202882703214 1056 1062 -1
1060 45.23536896966658 -146.16741151925265 1326.7768002126331 1057 1063 -1
1061 -35.08124837948265 -152.55772282673746 1373.4156849435494 1058 1064 -1
1062 -46.93289186359834 -140.0274805850478 1364.4748777364757 1059 1065 -1
1063 45.286890478055135 -145.98691598361236 1326.7895461263508 1060 1066 -1
1064 -35.05712326382001 -152.57342124035657 1373.5851258860253 1061 1067 -1
1065 -47.11124333045792 -139.9756160732391 1364.5298212473401 1062 1068 -1
1066 45.339229265361645 -145.80663679191406 1326.802020907621 1063 1069 -1
1067 -35.032565592888204 -152.58857853874713 1373.7545539621021 1064 1070 -1
1068 -47.28979737781241 -139.92484851206677 1364.5851301248754 1065 1071 -1
1069 45.39239484039788 -145.6265815918248 1326.814231730866 1066 1072 -1
1070 -35.0075813915442 -152.60320637583297 1373.9239662207258 1067 1073 -1
1071 -47.46853889428824 -139.87516293428823 1364.6408147804013 1068 1074 -1
1072 45.44642638984375 -145.44676650865577 1326.8261765980865 1069 1075 -1
1073 -34.98217660820371 -152.6173163284029 1374.0933598597503 1070 1076 -1
1074 -47.64745342348124 -139.82654704189264 1364.6968866591383 1071 1077 -1
1075 45.50132147911645 -145.26719638319403 1326.8378662201062 1072 1078 -1
1076 -34.95635711506414 -152.63091989611885 1374.2627322211795 1073 1079 -1
1077 -47.82652629363132 -139.7789861061398 1364.7533564381686 1074 1080 -1
1078 45.55712484307897 -145.08788977577547 1326.8492973893092 1075 1081 -1
1079 -34.93012870841495 -152.6440285017052 1374.432080786511 1076 1082 -1
1080 -48.005743337475316 -139.73246762345332 1364.8102357424623 1077 1083 -1
1081 45.61384407072987 -144.90885496150722 1326.8604777191124 1078 1084 -1
1082 -34.903497109028294 -152.65665349131032 1374.6014031721807 1079 1085 -1
1083 -48.185090250911195 -139.6869769436706 1364.8675354621598 1080 1086 -1
1084 45.67150561289645 -144.7301060249029 1326.871409411134 1081 1087 -1
1085 -34.876467962625824 -152.66880613503264 1374.7706971251098 1082 1088 -1
1086 -48.364553149279395 -139.64250156244083 1364.9252674763936 1083 1089 -1
1087 45.73014818064175 -144.55166145940734 1326.882091862314 1084 1090 -1
1088 -34.84904684041767 -152.68049762760305 1374.9399605183578 1085 1091 -1
1089 -48.54411803486982 -139.59902674069681 1364.9834428179834 1086 1092 -1
1090 45.78977869426553 -144.37353028080594 1326.8925324917307 1087 1093 -1
1091 -34.82123923970708 -152.6917390892165 1375.109191346876 1088 1094 -1
1092 -48.7237712843287 -139.55654017814066 1365.0420737151994 1089 1095 -1
1093 45.850443446635964 -144.19573450645947 1326.9027291452187 1090 1096 -1
1094 -34.79305058455796 -152.70254156650537 1375.2783877233655 1091 1097 -1
1095 -48.90349915704736 -139.51502687196475 1365.1011712525162 1092 1098 -1
1096 45.912166679176195 -144.01828979857302 1326.9126852324653 1093 1099 -1
1097 -34.76448622652065 -152.71291603364818 1375.4475478742395 1094 1100 -1
1098 -49.08328825385024 -139.47447493083055 1365.1607481257388 1095 1101 -1
1099 45.974969892166776 -143.84121130644112 1326.9224046249299 1096 1102 -1
1100 -34.73555144541167 -152.72287339360662 1375.616670135685 1097 1103 -1
1101 -49.26312506392161 -139.43486913543552 1365.220815479422 1098 1104 -1
1102 46.0389046210953 -143.66452521223155 1326.9318848917455 1099 1105 -1
1103 -34.70625145014448 -152.73242447948513 1375.7857529498283 1100 1106 -1
1104 -49.442996332539295 -139.3961975215476 1365.2813862518892 1101 1107 -1
1105 46.10399845293967 -143.48825037010724 1326.9411289942582 1102 1108 -1
1106 -34.67659137960669 -152.74158005600685 1375.954794861001 1103 1109 -1
1107 -49.62288877273863 -139.35844536432717 1365.342472018471 1104 1110 -1
1108 46.17028053730525 -143.31240678632778 1326.9501394837284 1105 1111 -1
1109 -34.64657630358147 -152.75035082110085 1376.1237945121009 1106 1112 -1
1110 -49.802789225080446 -139.3215999660056 1365.404085582498 1107 1113 -1
1111 46.237794619071536 -143.13702065860406 1326.9589161693357 1108 1114 -1
1112 -34.61621110200409 -152.7587472793591 1376.2927506252875 1109 1115 -1
1113 -49.982684562611766 -139.28564763861473 1365.4662393092408 1110 1116 -1
1114 46.30659379465381 -142.9621229438667 1326.9674559517928 1111 1117 -1
1115 -34.58550075714721 -152.7667800556926 1376.461662034656 1112 1118 -1
1116 -50.16256172223552 -139.25057464440468 1365.5289456217417 1113 1119 -1
1117 46.37667013124058 -142.7877216298347 1326.9757587227082 1114 1120 -1
1118 -34.55445020589064 -152.774459731974 1376.630527666471 1115 1121 -1
1119 -50.342407629601865 -139.21636853205771 1365.5922178997728 1116 1122 -1
1120 46.4480249191229 -142.61382809953736 1326.9838197291806 1117 1123 -1
1121 -34.52306425274554 -152.78179675861145 1376.7993465236298 1118 1124 -1
1122 -50.52220931435113 -139.18301480801435 1365.6560682981583 1119 1125 -1
1123 46.52065747097046 -142.44045307898975 1326.9916344555472 1120 1126 -1
1124 -34.491347638240136 -152.7888015285542 1376.9681176908623 1121 1127 -1
1125 -50.70195372066016 -139.15050101560806 1365.720510461742 1122 1128 -1
1126 46.59456772719502 -142.2676076740997 1326.9991981240962 1123 1129 -1
1127 -34.45930504004395 -152.79548437944348 1377.1368403316474 1124 1130 -1
1128 -50.88162785621324 -139.11881350916318 1365.7855573505828 1125 1131 -1
1129 46.66975808291591 -142.09530421294474 1327.006505285311 1126 1132 -1
1130 -34.426941074118346 -152.80185559584365 1377.3055136852165 1127 1133 -1
1131 -51.06121874810714 -139.08793859514654 1365.8512219725956 1128 1134 -1
1132 46.74621050427404 -141.92354627132156 1327.0135545166513 1129 1135 -1
1133 -34.39426029589076 -152.80792541154997 1377.474137063641 1130 1136 -1
1134 -51.240713229175086 -139.0578640351939 1365.9175186064913 1131 1137 -1
1135 46.82391641231067 -141.75234123253236 1327.0203424659512 1132 1138 -1
1136 -34.36126720145058 -152.81370401197012 1377.6427098489983 1133 1139 -1
1137 -51.42009831048984 -139.0285757601315 1365.9844602279811 1134 1140 -1
1138 46.90286523597021 -141.5816954746428 1327.0268661197326 1135 1141 -1
1139 -34.32796622876563 -152.81920153657623 1377.8112314906186 1136 1142 -1
1140 -51.59936088307202 -139.0000604737645 1366.0520605231773 1137 1143 -1
1141 46.98304443880964 -141.41161431165668 1327.0331228188038 1138 1144 -1
1142 -34.294361681818415 -152.8244280141887 1377.9797014889887 1139 1145 -1
1143 -51.778487607921825 -138.9723057714824 1366.1203341217395 1140 1146 -1
1144 47.06443955726062 -141.24210194113283 1327.0391102718704 1141 1147 -1
1145 -34.26045780766296 -152.8293934383424 1378.1481194051626 1142 1148 -1
1146 -51.95746530534575 -138.94529789442265 1366.189294610179 1143 1149 -1
1147 47.14703425008424 -141.0731613989432 1327.0448265670336 1144 1150 -1
1148 -34.22625903760533 -152.83410796931855 1378.3164849018387 1145 1151 -1
1149 -52.136280646626254 -138.91902354813644 1366.2589560962426 1146 1152 -1
1150 47.23081035852715 -140.90479452178334 1327.0502701810694 1147 1153 -1
1151 -34.191769590437175 -152.83858158949175 1378.4847976715648 1148 1154 -1
1152 -52.31492012063091 -138.8934697937585 1366.3293331809084 1149 1155 -1
1153 47.315747976565014 -140.7370019179443 1327.0554399864116 1150 1156 -1
1154 -34.156993633133325 -152.84282424843857 1378.6530574614492 1151 1157 -1
1155 -52.49337003089029 -138.86862386662253 1366.4004408368244 1152 1158 -1
1156 47.401825530509534 -140.56978294674576 1327.0603352557846 1153 1159 -1
1157 -34.121935282164664 -152.84684586576574 1378.8212640708198 1154 1160 -1
1158 -52.671616802700164 -138.84447209308314 1366.472293242835 1155 1161 -1
1159 47.48902056747089 -140.40313607155358 1327.0649554882546 1156 1162 -1
1160 -34.08659860482335 -152.8506563339949 1378.9894173489406 1157 1163 -1
1161 -52.8496465740969 -138.82100137565538 1366.5449053156071 1158 1164 -1
1162 47.57731043430925 -140.2370591963087 1327.0693002388305 1159 1165 -1
1163 -34.05098762055981 -152.8542655215029 1379.1575171927857 1160 1166 -1
1164 -53.027445322429244 -138.79819861237132 1366.6182921375346 1161 1167 -1
1165 47.66666620753552 -140.0715464059853 1327.0733707017998 1162 1168 -1
1166 -34.01510630233193 -152.85768327551682 1379.325563544867 1163 1169 -1
1167 -53.2049987527001 -138.77605093360955 1366.6924692591406 1164 1170 -1
1168 47.75706068294599 -139.90659207957108 1327.0771677284613 1165 1171 -1
1169 -33.97895849284813 -152.86091936947352 1379.493556373771 1166 1172 -1
1170 -53.382292499146885 -138.75454511532894 1366.767451999362 1167 1173 -1
1171 47.8484654858699 -139.74218937701548 1327.0806925592206 1168 1174 -1
1172 -33.942548053203986 -152.86398361038644 1379.6614957013112 1169 1175 -1
1173 -53.55931205046872 -138.73366781662935 1366.8432556875478 1170 1176 -1
1174 47.94085118700077 -139.57833027144272 1327.0839468149136 1171 1177 -1
1175 -33.9058789438802 -152.8668858811474 1379.829381618078 1172 1178 -1
1176 -53.73604259955114 -138.71340588161135 1366.9198960657902 1173 1179 -1
1177 48.034187420905184 -139.41500558951464 1327.0869324861644 1174 1180 -1
1178 -33.868954966033215 -152.86963597523845 1379.9972142282174 1175 1181 -1
1179 -53.91246910502574 -138.6937461301911 1366.9973890407834 1176 1182 -1
1180 48.128443006186735 -139.25220505943244 1327.0896519209307 1177 1183 -1
1181 -33.83177988119805 -152.87224368064614 1380.1649936712406 1178 1184 -1
1182 -54.088576275910754 -138.67467535373154 1367.0757506824311 1179 1185 -1
1183 48.22358606631569 -139.08991736598261 1327.0921078103872 1180 1186 -1
1184 -33.794357412700265 -152.87471878316825 1380.3327201201114 1181 1187 -1
1185 -54.2643485560502 -138.65618031055908 1367.1549972219689 1182 1188 -1
1186 48.319584150182116 -138.928130211958 1327.0943031733188 1183 1189 -1
1187 -33.75669124707937 -152.87707106977183 1380.5003937793658 1184 1190 -1
1188 -54.43977010835499 -138.638247721377 1367.2351450495719 1185 1191 -1
1189 48.41640435148684 -138.76683038522654 1327.0962413391942 1186 1192 -1
1190 -33.71878503552204 -152.87931033200337 1380.6680148832615 1187 1193 -1
1191 -54.61482479885656 -138.6208642645844 1367.3162107113967 1188 1194 -1
1192 48.51401342615048 -138.60600383067478 1327.0979259301034 1189 1195 -1
1193 -33.68064239530659 -152.88144636944975 1380.8355836939525 1190 1196 -1
1194 -54.789496180579405 -138.60401657151272 1367.3982109060262 1191 1197 -1
1195 48.61237790699454 -138.44563572622226 1327.0993608417416 1192 1198 -1
1196 -33.64226691125961 -152.883488993252 1381.003100499689 1193 1199 -1
1197 -54.96376747724567 -138.58769122159063 1367.4811624802637 1194 1200 -1
1198 48.71146421502581 -138.28571056208543 1327.1005502236221 1195 1201 -1
1199 -33.60366213722255 -152.8854480296712 1381.1705656130366 1196 1202 -1
1200 -55.13762156682667 -138.57187473744926 1367.5650824242366 1197 1203 -1
1201 48.8112440490783 -138.12621553346412 1327.1014965474938 1198 1204 -1
1202 -33.56483159753223 -152.88733332370728 1381.337979369112 1199 1205 -1
1203 -55.311040964957186 -138.5565535799801 1367.6499878657569 1200 1206 -1
1204 48.91167966919846 -137.96713140839427 1327.1022058064157 1201 1207 -1
1205 -33.52577870703957 -152.88915472268613 1381.50534210498 1202 1208 -1
1206 -55.484007808232384 -138.54171414335968 1367.7358960638933 1203 1209 -1
1207 49.0127367771095 -137.80844047997027 1327.1026831216484 1204 1210 -1
1208 -33.48650703074302 -152.8909221499363 1381.6726542173628 1205 1211 -1
1209 -55.65650383741162 -138.5273427500546 1367.8228244016993 1206 1212 -1
1210 49.11438231180705 -137.650125273515 1327.1029334517286 1207 1213 -1
1211 -33.44702001395729 -152.89264552757817 1381.8399160987658 1208 1214 -1
1212 -55.828510380555684 -138.51342564582168 1367.9107903780448 1209 1215 -1
1213 49.216583580677394 -137.4921680370399 1327.102961906609 1210 1216 -1
1214 -33.407321078115956 -152.89433481124794 1382.0071281571886 1211 1217 -1
1215 -56.0 -138.5 1368.0 1212 -1 -1
1216 49.319310520207445 -137.33455225066695 1327.102772789254 1213 1218 -1
1217 -33.367413622720015 -152.895999994105 1382.1742908144863 1214 1219 -1
1218 49.42253487832811 -137.17726217470957 1327.1023697729458 1216 1220 -1
1219 -33.327301026905296 -152.89765111078358 1382.341404504637 1217 1221 -1
1220 49.52621954391321 -137.02027580975002 1327.1017607474325 1218 1222 -1
1221 -33.28698665102865 -152.8992982414039 1382.5084696720005 1219 1223 -1
1222 49.63033665575019 -136.86357682925322 1327.1009487585795 1220 1224 -1
1223 -33.24647383827312 -152.9009515156435 1382.6754867695672 1221 1225 -1
1224 49.734882673139644 -136.70716497247344 1327.0999168974372 1222 1226 -1
1225 -33.205765916272895 -152.90262111687088 1382.8424562571922 1223 1227 -1
1226 49.839859566153336 -136.55104378226054 1327.0986417602173 1224 1228 -1
1227 -33.1648661987595 -152.9043172863413 1383.0093785998097 1225 1229 -1
1228 49.94526407185307 -136.39521334939207 1327.0971040448676 1226 1230 -1
1229 -33.12377798723131 -152.90605032745796 1383.1762542656254 1227 1231 -1
1230 50.051103120558494 -136.23968083467003 1327.095278805637 1228 1232 -1
1231 -33.08250457264637 -152.90783061009807 1383.3430837242815 1229 1233 -1
1232 50.15737999612392 -136.0844511310319 1327.0931434093131 1230 1234 -1
1233 -33.041049202490264 -152.9096685882295 1383.50986743621 1231 1235 -1
1234 50.26409026096536 -135.92952387680913 1327.0906817415885 1232 1236 -1
1235 -32.999415123384686 -152.91157479765906 1383.6766058608118 1233 1237 -1
1236 50.371246709999006 -135.77491096008802 1327.0878648084358 1234 1238 -1
1237 -32.957605655838364 -152.91355982155392 1383.843299473349 1235 1239 -1
1238 50.47884392815523 -135.62061166253955 1327.084678245401 1236 1240 -1
1239 -32.915624066526505 -152.9156343436988 1384.009948730156 1237 1241 -1
1240 50.58688673238848 -135.4666326442289 1327.0811000066487 1238 1242 -1
1241 -32.87347362050751 -152.91780913719128 1384.1765540792703 1239 1243 -1
1242 50.69538196199037 -135.31298233300518 1327.0771059726633 1240 1244 -1
1243 -32.83115758309538 -152.92009506919678 1384.3431159583372 1241 1245 -1
1244 50.80432394477749 -135.1596601944693 1327.072684198113 1242 1246 -1
1245 -32.788679221766884 -152.9225031057791 1384.50963479246 1243 1247 -1
1246 50.9137289201939 -135.00668211081214 1327.0678015640099 1244 1248 -1
1247 -32.746041808106924 -152.9250443168078 1384.6761109919826 1245 1249 -1
1248 51.02358474304337 -134.8540430669429 1327.0624535497614 1246 1250 -1
1249 -32.70324851124082 -152.92772999166203 1384.842544920402 1247 1251 -1
1250 51.13391055964135 -134.7017618502432 1327.056603433158 1248 1252 -1
1251 -32.66030262752942 -152.93057144275548 1385.008936953358 1249 1253 -1
1252 51.24469435232285 -134.54983380115152 1327.050247816138 1250 1254 -1
1253 -32.61720754328638 -152.93358000321464 1385.175287467087 1251 1255 -1
1254 51.35595372538423 -134.39827735669928 1327.0433507998303 1252 1256 -1
1255 -32.573966567615265 -152.93676721366893 1385.3415967891194 1253 1257 -1
1256 51.467678706488854 -134.24708972665027 1327.035907813063 1254 1258 -1
1257 -32.53058297330256 -152.94014481830183 1385.5078652051081 1255 1259 -1
1258 51.57988623306892 -134.09628973682172 1327.0278827967393 1256 1260 -1
1259 -32.48705994622336 -152.943724884053 1385.6740929390503 1257 1261 -1
1260 51.69256610858529 -133.9458747453717 1327.0192723706714 1258 1262 -1
1261 -32.4434010470983 -152.9475190947918 1385.8402802863086 1259 1263 -1
1262 51.80573673978845 -133.79586578292017 1327.0100376399569 1260 1264 -1
1263 -32.39960965774675 -152.95153954863562 1386.006427449161 1261 1265 -1
1264 51.919385636950295 -133.64625865228913 1327.0001789850635 1262 1266 -1
1265 -32.35568891431586 -152.955799032921 1386.1725345056743 1263 1267 -1
1266 52.03353459825792 -133.49707839513633 1326.9896518543324 1264 1268 -1
1267 -32.3116424977466 -152.96030954579115 1386.3386016520149 1265 1269 -1
1268 52.14816885262469 -133.34831922300734 1326.9784604594918 1266 1270 -1
1269 -32.2674738151136 -152.96508380254775 1386.5046289453128 1267 1271 -1
1270 52.26330968893037 -133.2000070445957 1326.9665595477502 1268 1272 -1
1271 -32.22318619746494 -152.970134997502 1386.6706163544304 1269 1273 -1
1272 52.37894538800252 -133.0521391280028 1326.9539498027004 1270 1274 -1
1273 -32.17878341254929 -152.97547554534177 1386.8365639314611 1271 1275 -1
1274 52.49509222428511 -132.90473828060544 1326.9405917300373 1272 1276 -1
1275 -32.13426872609947 -152.9811194345745 1387.002471483048 1273 1277 -1
1276 52.61174482087908 -132.7578080887562 1326.9264771367496 1274 1278 -1
1277 -32.08964602263259 -152.9870792910649 1387.1683389610455 1275 1279 -1
1278 52.72891251903225 -132.6113662847027 1326.9115756742976 1276 1280 -1
1279 -32.04491869028465 -152.99336952788062 1387.3341660510157 1277 1281 -1
1280 52.846597348020964 -132.46542430403676 1326.8958676939178 1278 1282 -1
1281 -32.0 -153.0 1387.5 1279 -1 -1
1282 52.9648007194025 -132.31999347401106 1326.8793343204125 1280 1283 -1
1283 53.08353284068559 -132.17509452169506 1326.8619421115359 1282 1284 -1
1284 53.202786484044275 -132.0307311558705 1326.843685722516 1283 1285 -1
1285 53.322580498834824 -131.8869347178788 1326.8245159025682 1284 1286 -1
1286 53.44290055754552 -131.7437023730443 1326.804439116082 1285 1287 -1
1287 53.56376844464807 -131.60107082898963 1326.7833989769492 1286 1288 -1
1288 53.68517080450239 -131.4590391284075 1326.7614002206674 1287 1289 -1
1289 53.80712324610561 -131.3176395361495 1326.73839522111 1288 1290 -1
1290 53.92962032714293 -131.17688119218792 1326.714373981437 1289 1291 -1
1291 54.05266936072865 -131.03678910049848 1326.6893021457677 1290 1292 -1
1292 54.176272212486225 -130.89738285812112 1326.6631547741579 1291 1293 -1
1293 54.30042848897195 -130.75868024575414 1326.6359106149205 1292 1294 -1
1294 54.42514643246714 -130.6207113227051 1326.607530245037 1293 1295 -1
1295 54.55041882634523 -130.48348708203218 1326.5780046721052 1294 1296 -1
1296 54.676259043526315 -130.34704762468115 1326.5472811912362 1295 1297 -1
1297 54.80265420319572 -130.21139806185485 1326.515361483337 1296 1298 -1
1298 54.92962126880467 -130.0765876109658 1326.482181568511 1297 1299 -1
1299 55.057143101340834 -129.94261695545958 1326.4477514196883 1298 1300 -1
1300 55.185238452467004 -129.80954291405607 1326.4119986506016 1299 1301 -1
1301 55.31388753755688 -129.67736382785571 1326.374938306111 1300 1302 -1
1302 55.44310887682779 -129.54614192084867 1326.3364933686573 1301 1303 -1
1303 55.572881805502206 -129.4158759944849 1326.2966798667292 1302 1304 -1
1304 55.70322243495153 -129.2866307067668 1326.2554208624992 1303 1305 -1
1305 55.83411107020336 -129.15840892575676 1326.2127284001956 1304 1306 -1
1306 55.965559154493874 -129.03127390204958 1326.1685312786892 1305 1307 -1
1307 56.097549813013615 -128.90523706315528 1326.1228317215664 1306 1308 -1
1308 56.23008757299725 -128.78035544904589 1326.0755708528447 1307 1309 -1
1309 56.36316013024125 -128.65665450111632 1326.0267344090785 1308 1310 -1
1310 56.49676297093251 -128.5341792004984 1325.9762833149962 1309 1311 -1
1311 56.63088989570703 -128.41297547964442 1325.9241793947765 1310 1312 -1
1312 56.765525476746085 -128.2930692993472 1325.870411656475 1311 1313 -1
1313 56.900670806565586 -128.17453462301884 1325.814909936467 1312 1314 -1
1314 57.0363009306985 -128.05737889158078 1325.7576897036702 1313 1315 -1
1315 57.17241634299066 -127.94168685045733 1325.6986720043642 1314 1316 -1
1316 57.30899337317785 -127.8274769902053 1325.6378616008287 1315 1317 -1
1317 57.446019685798746 -127.71480687604996 1325.5752171081745 1316 1318 -1
1318 57.58348186482344 -127.60374008165316 1325.5106929754438 1317 1319 -1
1319 57.7213536162148 -127.49429663628615 1325.4442960115475 1318 1320 -1
1320 57.85962504701261 -127.38657073619123 1325.3759500005685 1319 1321 -1
1321 57.99826674755609 -127.2805826034609 1325.3056652154403 1320 1322 -1
1322 58.13725627105405 -127.17638762403007 1325.2334135232422 1321 1323 -1
1323 58.276573924316935 -127.07407247179354 1325.1591360447428 1322 1324 -1
1324 58.41618576774315 -126.97365053837737 1325.0828546150947 1323 1325 -1
1325 58.55606729007227 -126.87520384976479 1325.0045199500837 1324 1326 -1
1326 58.69618765854989 -126.77879078071552 1324.9241107571888 1325 1327 -1
1327 58.836511679199994 -126.68443890472346 1324.8416381944114 1326 1328 -1
1328 58.97700869587196 -126.59224490806194 1324.7570468562706 1327 1329 -1
1329 59.11763964208817 -126.50221487199651 1324.6703731828288 1328 1330 -1
1330 59.25836594014106 -126.41429482066509 1324.581710451268 1329 1331 -1
1331 59.39915360022174 -126.32848162248156 1324.4911019531987 1330 1332 -1
1332 59.53996908169487 -126.24467578792124 1324.3986761129213 1331 1333 -1
1333 59.680784122978494 -126.16281758281858 1324.3045197474364 1332 1334 -1
1334 59.82157238250664 -126.08288851816566 1324.2086807497394 1333 1335 -1
1335 59.96231201028331 -126.0047774168004 1324.1112840568944 1334 1336 -1
1336 60.10298330904859 -125.92843353193695 1324.0123983499354 1335 1337 -1
1337 60.243568394065726 -125.85380822854752 1323.9120882958975 1336 1338 -1
1338 60.38405501653828 -125.78079997826313 1323.8104588591323 1337 1339 -1
1339 60.52443016930788 -125.70936329237408 1323.707566131819 1338 1340 -1
1340 60.66468491226879 -125.63942214973554 1323.6034885038728 1339 1341 -1
1341 60.804814049850165 -125.57088705194796 1323.4983118805785 1340 1342 -1
1342 60.94480971332451 -125.50371826126639 1323.392081180671 1341 1343 -1
1343 61.0846716784174 -125.43781630086018 1323.284885270532 1342 1344 -1
1344 61.22439891042164 -125.37311008861866 1323.1767887767855 1343 1345 -1
1345 61.363989623373676 -125.30954677297787 1323.0678410681678 1344 1346 -1
1346 61.50344924860568 -125.24702663867221 1322.958124493791 1345 1347 -1
1347 61.64277945818431 -125.18549210974108 1322.847688517467 1346 1348 -1
1348 61.781985533263466 -125.12486670502125 1322.7365950829833 1347 1349 -1
1349 61.92107523904838 -125.06506552014426 1322.6249106295297 1348 1350 -1
1350 62.06005304837749 -125.00603398844547 1322.512678684806 1349 1351 -1
1351 62.19892968102519 -124.94768109902192 1322.3999675856776 1350 1352 -1
1352 62.33771391591543 -124.8899353813747 1322.2868306957478 1351 1353 -1
1353 62.476414452920956 -124.83273046864691 1322.1733170110178 1352 1354 -1
1354 62.61504378016542 -124.77597999460077 1322.0594886354356 1353 1355 -1
1355 62.75361225846914 -124.71961497877527 1321.9453949155393 1354 1356 -1
1356 62.892131947144314 -124.66355869600422 1321.8310900175509 1355 1357 -1
1357 63.03061574889904 -124.6077315513202 1321.7166295781276 1356 1358 -1
1358 63.16907593647394 -124.55205992373723 1321.6020648568547 1357 1359 -1
1359 63.307525990047154 -124.4964637857839 1321.4874512337456 1358 1360 -1
1360 63.44597914208419 -124.44086515927341 1321.372842561149 1359 1361 -1
1361 63.58444912529591 -124.3851835000359 1321.2582945571899 1360 1362 -1
1362 63.72294953796641 -124.32933797141344 1321.1438631922836 1361 1363 -1
1363 63.86149357337535 -124.27324890131248 1321.029603900871 1362 1364 -1
1364 64.00009521309421 -124.21683021160268 1320.915577019437 1363 1365 -1
1365 64.13876797015685 -124.1599955942004 1320.8018435838387 1364 1366 -1
1366 64.27752394684414 -124.10266362949912 1320.688461871283 1365 1367 -1
1367 64.41637548898258 -124.04474729633615 1320.5754949479324 1366 1368 -1
1368 64.55533634826473 -123.98615076048068 1320.4630143183322 1367 1369 -1
1369 64.69442473200424 -123.92695319209821 1320.3510069034553 1368 1370 -1
1370 64.83367144900441 -123.8674374894623 1320.2393652950934 1369 1371 -1
1371 64.97311096447203 -123.80790642580149 1320.127972766458 1370 1372 -1
1372 65.11277996583064 -123.74867333312827 1320.0167090315201 1371 1373 -1
1373 65.25271721124047 -123.6900698948241 1319.9054490876094 1372 1374 -1
1374 65.39295575312622 -123.63242810926948 1319.794066514158 1373 1375 -1
1375 65.53352846130376 -123.57609812761704 1319.68243476191 1374 1376 -1
1376 65.67446386085128 -123.52144741711263 1319.5704268073591 1375 1377 -1
1377 65.81578398213387 -123.46886274382331 1319.4579164584438 1376 1378 -1
1378 65.95750183947379 -123.41875190334018 1319.344780026508 1377 1379 -1
1379 66.09961850147351 -123.37154502146426 1319.230898440485 1378 1380 -1
1380 66.2421197373121 -123.32769519700274 1319.1161598735112 1379 1381 -1
1381 66.38497225866926 -123.28767820461209 1319.000462935782 1380 1382 -1
1382 66.52811963002749 -123.25199092309789 1318.8837204558379 1381 1383 -1
1383 66.67147799380913 -123.22114811378826 1318.7658638207406 1382 1384 -1
1384 66.81493185153212 -123.19567715950305 1318.6468477697997 1383 1385 -1
1385 66.95833025366927 -123.17611040704148 1318.5266554353752 1384 1386 -1
1386 67.10148335155866 -123.16298245005304 1318.405302090079 1385 1387 -1
1387 67.24415563126449 -123.15685883179329 1318.2828346750778 1386 1388 -1
1388 67.38607964274058 -123.15815863879199 1318.1593595034008 1387 1389 -1
1389 67.52695047928364 -123.16730052109855 1318.035015958906 1388 1390 -1
1390 67.66643450429619 -123.18463215827472 1317.9099847821942 1389 1391 -1
1391 67.80417929220208 -123.2104130454684 1317.7844840045034 1390 1392 -1
1392 67.93982648855484 -123.24479996105137 1317.658761802671 1391 1393 -1
1393 68.0730267739146 -123.28783691486126 1317.533086519312 1392 1394 -1
1394 68.2034556674767 -123.33945106067397 1317.4077345431099 1393 1395 -1
1395 68.33082861824691 -123.3994554198534 1317.2829771384752 1394 1396 -1
1396 68.45491380005093 -123.46755840382072 1317.1590675474365 1395 1397 -1
1397 68.57554128692935 -123.54337921773643 1317.036229687556 1396 1398 -1
1398 68.69260779112724 -123.62646747954386 1316.9146495277196 1397 1399 -1
1399 68.80595796252553 -123.71652953812283 1316.7945203623974 1398 1400 -1
1400 68.91568538995098 -123.81288619911568 1316.6759199756955 1399 1401 -1
1401 69.02170422733121 -123.91524571607603 1316.558984759816 1400 1402 -1
1402 69.12416417013078 -124.02299632497623 1316.4437314216264 1401 1403 -1
1403 69.22312736449065 -124.13573270305854 1316.3302012082866 1402 1404 -1
1404 69.31866508577788 -124.25308087333134 1316.218420698973 1403 1405 -1
1405 69.41091723467967 -124.37462039619729 1316.1083708911 1404 1406 -1
1406 69.5 -124.5 1316.0 1405 -1 -1
