0 23.5 -122.5 -249.0 -1 1 -1
1 23.403409212823075 -122.3616874777555 -248.9272875971042 0 2 -1
2 23.305437121599137 -122.22352438683602 -248.85586252530715 1 3 -1
3 23.206085022161723 -122.08567432329501 -248.7857509179883 2 4 -1
4 23.105354978752718 -121.94816701331726 -248.71694468018853 3 5 -1
5 23.003249040399727 -121.81103209798903 -248.6494353691354 4 6 -1
6 22.899741511595053 -121.6743079856717 -248.58324002543333 5 7 -1
7 22.794845603038187 -121.53802244314328 -248.5183386412817 6 8 -1
8 22.6885570070969 -121.4022085405739 -248.45472719205577 7 9 -1
9 22.580861859368106 -121.26690366539529 -248.3924098236736 8 10 -1
10 22.471757846296182 -121.13214206284756 -248.33137936184485 9 11 -1
11 22.361247765052436 -120.99795624084153 -248.27162348328295 10 12 -1
12 22.24932737529196 -120.86438196052869 -248.2131357226164 11 13 -1
13 22.13599283282987 -120.73145553590123 -248.1559086245849 12 14 -1
14 22.021236756556466 -120.59921582122335 -248.0999371783278 13 15 -1
15 21.905057021303705 -120.46770001114334 -248.045211022412 14 16 -1
16 21.78745542155732 -120.33694374511718 -247.99171580338086 15 17 -1
17 21.668429660302916 -120.20698533597086 -247.93944013062818 16 18 -1
18 21.54797783881126 -120.07786359367019 -247.88837161023227 17 19 -1
19 21.426098459294007 -119.94961781641838 -247.8384968446216 18 20 -1
20 21.30279042854952 -119.82228778262328 -247.789801433094 19 21 -1
21 21.178053062721904 -119.69591374370904 -247.7422699731316 20 22 -1
22 21.05188609329512 -119.57053641773379 -247.6958860624583 21 23 -1
23 20.92428967444339 -119.44619698376141 -247.65063230178805 22 24 -1
24 20.79526439185788 -119.32293707692122 -247.60649029821715 23 25 -1
25 20.664811273167604 -119.20079878407566 -247.56344066921596 24 26 -1
26 20.53293167554468 -119.0798247455434 -247.52146313903106 25 27 -1
27 20.39961986087061 -118.96006470747567 -247.48054191721303 26 28 -1
28 20.264885093694357 -118.84155661530305 -247.4406494991394 27 29 -1
29 20.12873035266382 -118.7243443977188 -247.40176251102002 28 30 -1
30 19.99115913949695 -118.60847241740021 -247.36385661664153 29 31 -1
31 19.85217550141148 -118.4939854678113 -247.32690652450748 30 32 -1
32 19.711773360708243 -118.38094001231347 -247.29089288173725 31 33 -1
33 19.569965647278885 -118.26937445227347 -247.25578313741318 32 34 -1
34 19.42676047715624 -118.1593326514395 -247.22154762819116 33 35 -1
35 19.2821597209365 -118.0508666164894 -247.1881599960005 34 36 -1
36 19.13616381391531 -117.94403205885979 -247.155593851266 35 37 -1
37 18.988791689228645 -117.83886404968531 -247.1238115681818 36 38 -1
38 18.840044580195066 -117.73542019670211 -247.092785260009 37 39 -1
39 18.689929071345972 -117.6337537086883 -247.06248325779876 38 40 -1
40 18.538465930188636 -117.53390031559425 -247.0328662295904 39 41 -1
41 18.385648595504787 -117.43593489054756 -247.00390799896917 40 42 -1
42 18.231505877270077 -117.33988487317484 -246.9755647323629 41 43 -1
43 18.07603884768746 -117.2458193379242 -246.94780523785153 42 44 -1
44 17.919269348817583 -117.15377868900491 -246.92058861110118 43 45 -1
45 17.761206837399946 -117.06382474536922 -246.8938787615612 44 46 -1
46 17.60187309994025 -116.976001779846 -246.86763440834542 45 47 -1
47 17.441280047453287 -116.89037342647394 -246.84181742750218 46 48 -1
48 17.279455415563653 -116.80697801490471 -246.81638415350633 47 49 -1
49 17.11640861545784 -116.72589060752273 -246.79129606266574 48 50 -1
50 16.952175673444884 -116.6471386802783 -246.76650694198105 49 51 -1
51 16.786767596151027 -116.57080228651739 -246.74197656496216 50 52 -1
52 16.62022023094656 -116.4969134384796 -246.71766203745474 51 53 -1
53 16.45256095921907 -116.42551692323335 -246.6935435819578 52 54 -1
54 16.28381459903016 -116.35666459182389 -246.66961038627124 53 55 -1
55 16.11402262047225 -116.29037104948222 -246.64584890975203 54 56 -1
56 15.943213354584538 -116.22668469757471 -246.62224784040353 55 57 -1
57 15.771421418771707 -116.1656418532061 -246.59879481332166 56 58 -1
58 15.598688753909189 -116.10726024062356 -246.57547646184918 57 59 -1
59 15.425049277335827 -116.05158232472483 -246.5522806184029 58 60 -1
60 15.250541072927728 -115.99864236071117 -246.52919448996542 59 61 -1
61 15.075209415727542 -115.94845297665407 -246.50620447741346 60 62 -1
62 14.89909455948526 -115.90104448961566 -246.48329767270118 61 63 -1
63 14.722234741959246 -115.85645950018504 -246.46046127735048 62 64 -1
64 14.544679639513918 -115.81469885702354 -246.43768147917476 63 65 -1
65 14.366473766462276 -115.77578322829729 -246.41494508159963 64 66 -1
66 14.187658843012521 -115.73975038293119 -246.39223897959198 65 67 -1
67 14.008284320617893 -115.70660441609314 -246.3695496796223 66 68 -1
68 13.82839855728277 -115.67635301538859 -246.3468639424561 67 69 -1
69 13.648047906374307 -115.64901686009232 -246.32416858876454 68 70 -1
70 13.467279742257316 -115.62461523042003 -246.30145035067378 69 71 -1
71 13.286145431590185 -115.6031376580171 -246.27869636604788 70 72 -1
72 13.104693687420541 -115.58459009275532 -246.2558938310632 71 73 -1
73 12.922971560980896 -115.56900195273369 -246.23302942653248 72 74 -1
74 12.74103107422786 -115.5563462607559 -246.21009115212453 73 75 -1
75 12.558921224185006 -115.54662070782803 -246.18706677338756 74 76 -1
76 12.376690104634424 -115.53985122691768 -246.16394312406115 75 77 -1
77 12.194388007233265 -115.53600210597322 -246.14070926583076 76 78 -1
78 12.012063158658558 -115.5350682850337 -246.11735349984227 77 79 -1
79 11.829764091187203 -115.53706216699449 -246.09386335088357 78 80 -1
80 11.647538063999955 -115.54194113264023 -246.070229119554 79 81 -1
81 11.465432684734393 -115.54971175956213 -246.04643891973768 80 82 -1
82 11.283494043633919 -115.56034872894548 -246.0224826760473 81 83 -1
83 11.10176705344407 -115.57382770879043 -245.9983505945157 82 84 -1
84 10.920297892172101 -115.59014559909646 -245.97403167774232 83 85 -1
85 10.739127522809973 -115.60925433203806 -245.94951818844584 84 86 -1
86 10.558302060352654 -115.63116018885229 -245.92479878381957 85 87 -1
87 10.377858720392206 -115.65580537455733 -245.89986709561424 86 88 -1
88 10.197841995498846 -115.6831915313804 -245.87471240587766 87 89 -1
89 10.01828710833769 -115.71326629498209 -245.84932860599534 88 90 -1
90 9.839233844003113 -115.74601169083272 -245.82370698275875 89 91 -1
91 9.660718847314914 -115.78139684242203 -245.7978401435328 90 92 -1
92 9.482773504063555 -115.81937270920524 -245.77172275115072 91 93 -1
93 9.305438021517256 -115.85993386128509 -245.745345427094 92 94 -1
94 9.128739529672151 -115.90302355961862 -245.71870417398245 93 95 -1
95 8.952708011778492 -115.94860400458491 -245.6917934633164 94 96 -1
96 8.777377084691583 -115.99665394535447 -245.6646061510781 95 97 -1
97 8.602773754125378 -116.04713198015158 -245.63713754583262 96 98 -1
98 8.428922037166732 -116.09999212512669 -245.60938390090385 97 99 -1
99 8.255845392889201 -116.15519281830073 -245.58134355743292 98 100 -1
100 8.083563318270176 -116.2126867443944 -245.5530191576602 99 101 -1
101 7.912096201424806 -116.27243344893567 -245.5244128155585 100 102 -1
102 7.741462501709733 -116.33439079443598 -245.49552686290812 101 103 -1
103 7.571677888479643 -116.39851323081744 -245.46636410429932 102 104 -1
104 7.402760242853044 -116.46476434880258 -245.43692622250268 103 105 -1
105 7.234727411059035 -116.53311025366705 -245.40721460885527 104 106 -1
106 7.0675973029301 -116.60351944319447 -245.37723037903015 105 107 -1
107 6.901387984127539 -116.67596269247169 -245.34697438758732 106 108 -1
108 6.736117762998419 -116.75041294518157 -245.31644724142168 107 109 -1
109 6.571805272879155 -116.82684521103076 -245.28564931221626 108 110 -1
110 6.408469550586052 -116.9052364689368 -245.2545807480073 109 111 -1
111 6.246130111765325 -116.98556557558861 -245.22324148396024 110 112 -1
112 6.084807023714673 -117.06781317898886 -245.19163125245555 111 113 -1
113 5.924520976233346 -117.1519616365805 -245.15974959257656 112 114 -1
114 5.76529335100799 -117.23799493755615 -245.12759585909296 113 115 -1
115 5.607146289997299 -117.32589862894608 -245.09516923102802 114 116 -1
116 5.450102781747189 -117.41565977538053 -245.06246871538434 115 117 -1
117 5.294190733126105 -117.50727326288195 -245.0294921955844 116 118 -1
118 5.139431328562857 -117.60072272751138 -244.9962392808872 117 119 -1
119 4.985850405982729 -117.69599920135258 -244.96270853724133 118 120 -1
120 4.833474901711026 -117.79309494895048 -244.92889839478568 119 121 -1
121 4.682332920260052 -117.89200340694546 -244.8948071558355 120 122 -1
122 4.532453805312648 -117.99271912452338 -244.86043300308506 121 123 -1
123 4.3838682120925 -118.09523770420945 -244.8257740081276 122 124 -1
124 4.236608181279108 -118.19955574251793 -244.79082814039603 123 125 -1
125 4.0907072145896235 -118.30567076995001 -244.75559327663524 124 126 -1
126 3.9462003521124673 -118.41358118981097 -244.72006721102022 125 127 -1
127 3.803126121472535 -118.5232884991261 -244.68424728953633 126 128 -1
128 3.6615244693528077 -118.63479436356052 -244.64813088216818 127 129 -1
129 3.521432021640557 -118.74809502869434 -244.61171632439465 128 130 -1
130 3.382890717683831 -118.86319167795502 -244.57500121026283 129 131 -1
131 3.2459444426061657 -118.980086024351 -244.5379831160973 130 132 -1
132 3.1106391139293335 -119.09878022980102 -244.50065961720398 131 133 -1
133 2.9770227690896363 -119.21927681887551 -244.46302830620058 132 134 -1
134 2.8451456534353423 -119.34157858619285 -244.42508681314382 133 135 -1
135 2.7150603081909566 -119.46568849668564 -244.38683282762895 134 136 -1
136 2.586821657759774 -119.5916095779274 -244.3482641230424 135 137 -1
137 2.4604870956078755 -119.71934480369065 -244.3093785831533 136 138 -1
138 2.3361165678313425 -119.84889696789423 -244.2701742312279 137 139 -1
139 2.213772653351343 -119.98026854809672 -244.2306492618544 138 140 -1
140 2.0935206395092933 -120.11346155769925 -244.19080207565588 139 141 -1
141 1.975428591647209 -120.2484773860491 -244.15063131706523 140 142 -1
142 1.8595674150546266 -120.38531662567593 -244.11013591531932 141 143 -1
143 1.7460109074477528 -120.52397888596224 -244.06931512881172 142 144 -1
144 1.6348357999156626 -120.66446259264117 -244.0281685929156 143 145 -1
145 1.5261217840302013 -120.80676477264286 -243.9866963713543 144 146 -1
146 1.4199515225698796 -120.95088082397322 -243.94489901115296 145 147 -1
147 1.316413623272502 -121.09680624462219 -243.90277724735216 146 148 -1
148 1.2156054898847652 -121.24453783822923 -243.86033180465716 147 149 -1
149 1.117609198583758 -121.3940579801548 -243.81756623393767 148 150 -1
150 1.022502302357744 -121.54534319287318 -243.77448640442898 149 151 -1
151 0.9302939781753373 -121.69832860088312 -243.7311098139461 150 152 -1
152 0.8409691081702053 -121.85293775939793 -243.68745695300493 151 153 -1
153 0.7545136248101796 -122.00909781733293 -243.64354747798296 152 154 -1
154 0.6709060467265425 -122.16673486370955 -243.59940099443827 153 155 -1
155 0.5900982326516544 -122.32576515670434 -243.55503831748015 154 156 -1
156 0.5120503411773946 -122.4861134436085 -243.5104785077388 155 157 -1
157 0.43671730765777683 -122.64770581615231 -243.46574003355593 156 158 -1
158 0.36406568174969006 -122.81047696952707 -243.42083979789876 157 159 -1
159 0.2940289661744546 -122.97435083997023 -243.37579575315232 158 160 -1
160 0.22654345345044172 -123.13925701762346 -243.3306245394403 159 161 -1
161 0.16154706964233215 -123.3051297572102 -243.28534169186813 160 162 -1
162 0.09897917693062826 -123.47190748833287 -243.23996177060607 161 163 -1
163 0.03878018137951998 -123.63953234234155 -243.1944984756611 162 164 -1
164 -0.01913488296059073 -123.80794114654968 -243.14896542953974 163 165 -1
165 -0.07483854050427494 -123.97707888143194 -243.10337485470103 164 166 -1
166 -0.12840500136649585 -124.14689331764727 -243.05773815987143 165 167 -1
167 -0.17990709384320114 -124.31733581353969 -243.01206592120624 166 168 -1
168 -0.2294146776677914 -124.48836150143977 -242.96636794886078 167 169 -1
169 -0.27701631466490456 -124.6599230950194 -242.9206534978537 168 170 -1
170 -0.32279002236239385 -124.83197931761677 -242.87493091382476 169 171 -1
171 -0.3668141609954316 -125.00449145058852 -242.82920785371593 170 172 -1
172 -0.40916724070719707 -125.17742324320413 -242.78349131898378 171 173 -1
173 -0.4499277514011927 -125.35074081385385 -242.73778769010107 172 174 -1
174 -0.4891711008414475 -125.52441320303369 -242.69210281044332 173 175 -1
175 -0.5269757522913261 -125.69841078770088 -242.64644195351994 174 176 -1
176 -0.5634228714218832 -125.8727053451197 -242.60080979405444 175 177 -1
177 -0.5985894981094713 -126.04727141891313 -242.55521057447953 176 178 -1
178 -0.6325521009285542 -126.22208535509282 -242.50964809457884 177 179 -1
179 -0.6653865198805131 -126.3971251856844 -242.4641257455378 178 180 -1
180 -0.6971679231174932 -126.57237051329298 -242.4186465430988 179 181 -1
181 -0.7279707763832175 -126.74780239723708 -242.3732131597096 180 182 -1
182 -0.757868823935528 -126.9234032417415 -242.32782795558626 181 183 -1
183 -0.7869350797678244 -127.0991566865584 -242.28249300864286 182 184 -1
184 -0.8152418280047623 -127.27504750027815 -242.23721014326512 183 185 -1
185 -0.8428606314092946 -127.45106147649813 -242.1919809579274 184 186 -1
186 -0.869862347001843 -127.6271853329364 -242.14680685167022 185 187 -1
187 -0.8963171478551916 -127.80340661350895 -242.1016890494709 186 188 -1
188 -0.9222945501906483 -127.97971359332962 -242.05662862655183 187 189 -1
189 -0.9478634449595166 -128.15609518654466 -242.0116265316812 188 190 -1
190 -0.9730921331495711 -128.33254085687287 -241.96668360952765 189 191 -1
191 -0.9980483641071511 -128.5090405306915 -241.92180062213728 190 192 -1
192 -1.0227993762119516 -128.68558451248165 -241.87697826960311 191 193 -1
193 -1.0474119392831909 -128.8621634024306 -241.83221721000297 192 194 -1
194 -1.0719523981319228 -129.0387680159728 -241.78751807867854 193 195 -1
195 -1.096486716705693 -129.21538930504622 -241.74288150693317 194 196 -1
196 -1.121080251951832 -129.39201832553724 -241.6983081679228 195 197 -1
197 -1.1457740291631962 -129.56865010279427 -241.65380122674898 196 198 -1
198 -1.1705612818990794 -129.74528753254555 -241.6093687409065 197 199 -1
199 -1.1954292222913863 -129.92193450959581 -241.56501937355017 198 200 -1
200 -1.2203651253189147 -130.09859492116757 -241.52076177434586 199 201 -1
201 -1.2453563210694734 -130.27527264509501 -241.47660458527469 200 202 -1
202 -1.2703901870667151 -130.45197154804418 -241.43255644639228 201 203 -1
203 -1.2954541406579625 -130.62869548374834 -241.3886260015481 202 204 -1
204 -1.3205356433468143 -130.80544837207552 -241.3448222375647 203 205 -1
205 -1.3456220919042703 -130.9822339882353 -241.30115358954143 204 206 -1
206 -1.3707009703459645 -131.15905612673043 -241.25762870358113 205 207 -1
207 -1.3957597790700103 -131.3359185716352 -241.21425629476713 206 208 -1
208 -1.4207860215303052 -131.51282508493696 -241.17104510977128 207 209 -1
209 -1.445767196908175 -131.6897794046537 -241.1280039324172 208 210 -1
210 -1.4706907928203647 -131.86678524289692 -241.08514158922935 209 211 -1
211 -1.4955442780601873 -132.04384628387024 -241.0424669549729 210 212 -1
212 -1.5203150953689364 -132.22096618179242 -240.99998895818445 211 213 -1
213 -1.5449906542349512 -132.398148558736 -240.95771658670017 212 214 -1
214 -1.569558323717758 -132.5753970023701 -240.9156588931803 213 215 -1
215 -1.594005425295248 -132.75271506359744 -240.8738250006355 214 216 -1
216 -1.6183192257318744 -132.93010625407484 -240.83222410795463 215 217 -1
217 -1.6424869299663774 -133.10757404360655 -240.7908654954378 216 218 -1
218 -1.666495484795691 -133.28512194918676 -240.74975881766466 217 219 -1
219 -1.6903318622546777 -133.462753380491 -240.7089136313694 218 220 -1
220 -1.713983273912482 -133.64047154692864 -240.6683391263988 219 221 -1
221 -1.737436612669133 -133.81827971937213 -240.62804495857762 220 222 -1
222 -1.7606786748276295 -133.99618111139424 -240.58804089252146 221 223 -1
223 -1.7836961530912796 -134.17417887567134 -240.54833680720972 222 224 -1
224 -1.806475629581116 -134.35227610017813 -240.50894270156564 223 225 -1
225 -1.8290035688752975 -134.53047580416123 -240.46986870004233 224 226 -1
226 -1.851266311073299 -134.70878093387861 -240.43112505821318 225 227 -1
227 -1.8732500648880124 -134.88719435809145 -240.39272216836437 226 228 -1
228 -1.8949409007699127 -135.06571886329462 -240.3546705650862 227 229 -1
229 -1.9163247440680253 -135.24435714867198 -240.3169809308601 228 230 -1
230 -1.937387368233314 -135.42311182076213 -240.27966410163717 229 231 -1
231 -1.9581143880709324 -135.60198538782004 -240.24273107240285 230 232 -1
232 -1.9784912530487997 -135.78098025385964 -240.20619300272224 231 233 -1
233 -1.9985032406708552 -135.96009871236248 -240.17006122225965 232 234 -1
234 -2.018135449924495 -136.13934293963672 -240.1343472362646 233 235 -1
235 -2.037372794812733 -136.3187149878114 -240.0990627310165 234 236 -1
236 -2.0561999979828838 -136.49821677744973 -240.06421957921697 235 237 -1
237 -2.0746015844648076 -136.67785008976594 -240.02982984532215 236 238 -1
238 -2.0925618755331508 -136.85761655842938 -239.99590579079995 237 239 -1
239 -2.1100649827092655 -137.0375176609406 -239.96245987930266 238 240 -1
240 -2.127094801920261 -137.21755470956222 -239.929504781738 239 241 -1
241 -2.1436350078339457 -137.39772884179024 -239.897053381225 240 242 -1
242 -2.1596691876752137 -137.57804099849886 -239.86511878000002 241 243 -1
243 -2.1751865670268935 -137.75849143916986 -239.8337143857984 242 244 -1
244 -2.190184564173729 -137.93907958582486 -239.80285393333688 243 245 -1
245 -2.2046612056987893 -138.1198047009701 -239.77255136352866 244 246 -1
246 -2.2186129692407404 -138.300666321209 -239.74282246334062 245 247 -1
247 -2.2320386190552313 -138.48166325407118 -239.71368067114523 246 248 -1
248 -2.2449363731133234 -138.6627943182428 -239.68514010325632 247 249 -1
249 -2.2573039623464815 -138.84405831651353 -239.65721554131238 248 250 -1
250 -2.2691390454756855 -139.0254539215632 -239.62992198307393 249 251 -1
251 -2.2804392094060346 -139.20697966930808 -239.60327464618416 250 252 -1
252 -2.291201969692119 -139.38863395199917 -239.577288971816 251 253 -1
253 -2.3014247710797027 -139.57041501106562 -239.55198062819073 252 254 -1
254 -2.311102034221371 -139.75232159519175 -239.52736935529384 253 255 -1
255 -2.3202333511335627 -139.93435107303452 -239.50346845984924 254 256 -1
256 -2.328816408695068 -140.11650107803277 -239.48029374987107 255 257 -1
257 -2.336848370977051 -140.2987691656775 -239.45786185479295 256 258 -1
258 -2.344326335311584 -140.4811527002672 -239.43618964662122 257 259 -1
259 -2.3512446168770533 -140.66364937795953 -239.41529809380154 258 260 -1
260 -2.3576008958740067 -140.84625596535923 -239.3952037175501 259 261 -1
261 -2.3633938417746547 -141.0289688333248 -239.37592168443513 260 262 -1
262 -2.3686202931236418 -141.21178448136925 -239.35746988086063 261 263 -1
263 -2.3732746758892866 -141.39469956065747 -239.33987000395527 262 264 -1
264 -2.377352746336961 -141.5777101789929 -239.32314208504997 263 265 -1
265 -2.3808542314591694 -141.76081154442772 -239.30730022470857 264 266 -1
266 -2.383775738775362 -141.94399912569756 -239.29236334536097 265 267 -1
267 -2.386108083818864 -142.1272688572142 -239.2783598476219 266 268 -1
268 -2.3878525692537753 -142.3106148886036 -239.2653017347019 267 269 -1
269 -2.3890063314696883 -142.49403169632475 -239.25320763651382 268 270 -1
270 -2.3895601366375154 -142.6775140915595 -239.24210699034822 269 271 -1
271 -2.389514179785361 -142.86105547752936 -239.23201388151824 270 272 -1
272 -2.3888663510214765 -143.04464924370987 -239.22294620771976 271 273 -1
273 -2.3876051089260106 -143.22828909101847 -239.21493841244583 272 274 -1
274 -2.3857341211120713 -143.41196718716378 -239.20799886849142 273 275 -1
275 -2.383246248470175 -143.59567607664457 -239.2021548892188 274 276 -1
276 -2.380135989026444 -143.77940769141063 -239.19743129829632 275 277 -1
277 -2.376404268616464 -143.96315337846718 -239.1938414150887 276 278 -1
278 -2.3720384702388833 -144.14690424142665 -239.19142364590095 277 279 -1
279 -2.3670436297285704 -144.33065078817197 -239.19018396284946 278 280 -1
280 -2.3614078890636647 -144.5143829593143 -239.19016014151123 279 281 -1
281 -2.3551333161621906 -144.69809046599275 -239.19136383110447 280 282 -1
282 -2.348210590355542 -144.88176207619003 -239.19382876492512 281 283 -1
283 -2.340640074904259 -145.0653865453051 -239.19757008416525 282 284 -1
284 -2.3324131790658265 -145.24895140126947 -239.20262083160267 283 285 -1
285 -2.323530466244247 -145.4324444767919 -239.2089952555208 284 286 -1
286 -2.313949151066191 -145.61585097187177 -239.21670854245363 285 287 -1
287 -2.303577638054266 -145.7991558627883 -239.2257077699583 286 288 -1
288 -2.2922943192104173 -145.98234064772086 -239.23596694711722 287 289 -1
289 -2.280001596562756 -146.16538936926193 -239.24742419062616 288 290 -1
290 -2.26657846680918 -146.3482820786736 -239.26004483763592 289 291 -1
291 -2.251916734599608 -146.5309994468636 -239.27377724973363 290 292 -1
292 -2.2359062318628964 -146.71352056240693 -239.28857179426734 291 293 -1
293 -2.2184198421764014 -146.89582032663117 -239.3043885860821 292 294 -1
294 -2.1993575769512175 -147.0778758243971 -239.32116786461305 293 295 -1
295 -2.178595626189912 -147.2596583353465 -239.33886419982701 294 296 -1
296 -2.156015566757465 -147.4411373919908 -239.35742638938655 295 297 -1
297 -2.131512944414758 -147.62228222157935 -239.3767965178168 296 298 -1
298 -2.1049610415131035 -147.80305513594843 -239.39692495562295 297 299 -1
299 -2.0762464184782763 -147.98341734612308 -239.41775513622648 298 300 -1
300 -2.0452660050970377 -148.1633286341784 -239.43922731040078 299 301 -1
301 -2.01189807107506 -148.3427412015938 -239.4612862257398 300 302 -1
302 -1.976029391639601 -148.52160458451075 -239.48387278339908 301 303 -1
303 -1.9375668401215855 -148.6998685849331 -239.50692373518245 302 304 -1
304 -1.8964021105619013 -148.8774751246562 -239.5303785314617 303 305 -1
305 -1.8524198243525247 -149.05435905862646 -239.5541759695671 304 306 -1
306 -1.8055464720250425 -149.23046117281123 -239.57824968403548 305 307 -1
307 -1.7556938018453079 -149.4057138387319 -239.6025357142866 306 308 -1
308 -1.7028143889013336 -149.5800461318302 -239.62704380958257 307 309 -1
309 -1.647090180147095 -149.75343113873782 -239.65196588154964 308 310 -1
310 -1.5886981158577438 -149.92584329832897 -239.67752281195357 309 311 -1
311 -1.527788246957772 -150.09725104546422 -239.70394542186688 310 312 -1
312 -1.4645616898758487 -150.26764761835378 -239.7314443371934 311 313 -1
313 -1.3991857930627967 -150.43701636470342 -239.76023731380283 312 314 -1
314 -1.3318179602524465 -150.60533593784243 -239.7905507643527 313 315 -1
315 -1.2626470586258975 -150.7726028024006 -239.82258151902198 314 316 -1
316 -1.1918298497985729 -150.9387947799633 -239.85655098417254 315 317 -1
317 -1.1195396699762692 -151.10389743244292 -239.89266145661765 316 318 -1
318 -1.0459499970407702 -151.2678953960467 -239.93110524468435 317 319 -1
319 -0.9712197989616927 -151.43075485453892 -239.9721031426077 318 320 -1
320 -0.8955322368791139 -151.592462151609 -240.01581484279177 319 321 -1
321 -0.8190481371661228 -151.75297020716997 -240.0624607914115 320 322 -1
322 -0.7419490656391365 -151.91225506465403 -240.1121847252791 321 323 -1
323 -0.664404262720143 -152.07026141690062 -240.16518581414587 322 324 -1
324 -0.5865929253853742 -152.22695108036345 -240.22159471931755 323 325 -1
325 -0.5086906996803173 -152.38225705440152 -240.28158990261716 324 326 -1
326 -0.4308753687917691 -152.53613335707087 -240.34526798972865 325 327 -1
327 -0.3533279481345367 -152.6884941113697 -240.41279973963765 326 328 -1
328 -0.2762221224259005 -152.83928821470508 -240.48423953930342 327 329 -1
329 -0.19973790741183345 -152.98842786275156 -240.55970651393383 328 330 -1
330 -0.12404912607033416 -153.13583687611919 -240.63926408094844 329 331 -1
331 -0.049321667062692684 -153.28144314576582 -240.72294298557284 330 332 -1
332 0.024276052045839082 -153.42515928001836 -240.81078703015112 331 333 -1
333 0.09657970179799666 -153.56689724843622 -240.902819530315 332 334 -1
334 0.1674603896246152 -153.70660868269152 -240.99896574024584 333 335 -1
335 0.23686216755548695 -153.8443288157715 -241.0989867655607 334 336 -1
336 0.3047586219092166 -153.98012805681023 -241.20260374318687 335 337 -1
337 0.3711284139519742 -154.11408149819854 -241.30955952190718 336 338 -1
338 0.4359539797714348 -154.246267188835 -241.41961744929876 337 339 -1
339 0.49922043174727015 -154.37676478343027 -241.53255997543366 338 340 -1
340 0.5609146149064601 -154.5056544858301 -241.64818721144766 339 341 -1
341 0.6210242979602062 -154.6330162414356 -241.7663154906791 340 342 -1
342 0.6795374790616558 -154.75892913786114 -241.88677596555854 341 343 -1
343 0.736441787348322 -154.88347097767345 -242.00941326206816 342 344 -1
344 0.7917185664336471 -155.0067139759146 -242.1340904595552 343 345 -1
345 0.8453490982013689 -155.12873065098407 -242.26067833826644 344 346 -1
346 0.897324705948544 -155.24960004916232 -242.38904474019097 345 347 -1
347 0.9476269987423035 -155.36939328684613 -242.51907592472958 346 348 -1
348 0.996235106542497 -155.4881796611726 -242.65066607452283 347 349 -1
349 1.043106606284125 -155.60601742518298 -242.7837309895933 348 350 -1
350 1.0882309134432857 -155.7229825430421 -242.9181627366328 349 351 -1
351 1.131579044487447 -155.83914036121726 -243.05387292903222 350 352 -1
352 1.173114261015611 -155.9545532747684 -243.19078050272924 351 353 -1
353 1.212781579889219 -156.06927849605808 -243.32881539269982 352 354 -1
354 1.2505573007535953 -156.18338527498318 -243.4678895447585 353 355 -1
355 1.286393975277872 -156.29693439903232 -243.60792996412067 354 356 -1
356 1.3202347129207925 -156.40998532034277 -243.74886720832276 355 357 -1
357 1.352007942453787 -156.5225962916991 -243.8906354394535 356 358 -1
358 1.381666037090879 -156.63483157735328 -244.03315772247635 357 359 -1
359 1.4091372711663432 -156.74675130644374 -244.17636473597008 358 360 -1
360 1.434342329523417 -156.85841599678287 -244.3201862820827 359 361 -1
361 1.4571935911068803 -156.9698867620048 -244.46455047948385 360 362 -1
362 1.4775863475017372 -157.08122529097793 -244.60938409681768 361 363 -1
363 1.495421723570459 -157.1924950603067 -244.754607344605 362 364 -1
364 1.5105860711170658 -157.3037599016017 -244.90013730285222 363 365 -1
365 1.5229506356197933 -157.41508463556187 -245.0458858794774 364 366 -1
366 1.532373666711252 -157.52653529208357 -245.19175780049562 365 367 -1
367 1.5386992022044514 -157.6381790828989 -245.33764901669943 366 368 -1
368 1.5417365612295615 -157.75008610941347 -245.48344365200288 367 369 -1
369 1.5413055058641736 -157.86232533154154 -245.62901315386614 368 370 -1
370 1.5371993259289203 -157.97496649026954 -245.7742138372357 369 371 -1
371 1.529186453023997 -158.0880796404117 -245.91888312097615 370 372 -1
372 1.5169590509926003 -158.20174128031056 -246.06282504692993 371 373 -1
373 1.5002898570262624 -158.31601192620852 -246.20583499941353 372 374 -1
374 1.4787854484648717 -158.43096727378833 -246.34764464862582 373 375 -1
375 1.4521442716517083 -158.54665971211716 -246.4879733302399 374 376 -1
376 1.4199615069806415 -158.66314212798147 -246.62647355312697 375 377 -1
377 1.3817987996727108 -158.78045313177478 -246.76273587964235 376 378 -1
378 1.3371877223767459 -158.89861003132495 -246.89627897153235 377 379 -1
379 1.2856367034465295 -159.0175999476918 -247.02653956883168 378 380 -1
380 1.2266426149623753 -159.13736901087213 -247.15286344234352 379 381 -1
381 1.15970826439457 -159.25780985766588 -247.27449892803747 380 382 -1
382 1.084286643052576 -159.37875049786024 -247.390536669634 381 383 -1
383 1.0 -159.5 -247.5 382 384 385
384 0.8118942065546728 -159.52203995718335 -247.51301201556944 383 386 -1
385 1.069551237601792 -159.41610336320974 -247.65272090745742 383 387 -1
386 0.6291837643567321 -159.57220287088552 -247.52513588601363 384 388 -1
387 1.135423563524061 -159.34071710707482 -247.81137732546912 385 389 -1
388 0.45479487193426504 -159.64679606183822 -247.53442417521322 386 390 -1
389 1.1970084742803964 -159.2748314752392 -247.97587240176608 387 391 -1
390 0.28973299487656184 -159.740664411017 -247.5390147835286 388 392 -1
391 1.2536513200196464 -159.21943031363415 -248.14590979470861 389 393 -1
392 0.13336485133002313 -159.84853161958003 -247.53719482093308 390 394 -1
393 1.3046997934099462 -159.17540118252634 -248.32096495963285 391 395 -1
394 -0.015927845316364448 -159.96562138110514 -247.52728556040952 392 396 -1
395 1.3495559230734662 -159.14344222342757 -248.50028105685104 393 397 -1
396 -0.16021541958875474 -160.08763207693332 -247.50746148968824 394 398 -1
397 1.387732964537058 -159.1239745371512 -248.68290309384554 395 399 -1
398 -0.3016976848712984 -160.21035764412233 -247.47557888814472 396 400 -1
399 1.4189069659474185 -159.11707800227865 -248.86774967572313 397 401 -1
400 -0.4424720179534207 -160.3291268670576 -247.4290833341488 398 402 -1
401 1.442947584642648 -159.1224735167315 -249.05371114387913 399 403 -1
402 -0.5842013733818094 -160.43817385396503 -247.3651467224212 400 404 -1
403 1.4599198171472105 -159.1395574765179 -249.23975001871463 401 405 -1
404 -0.7275016629391826 -160.5302673528527 -247.28135033456834 402 406 -1
405 1.4700607557576513 -159.1674728930857 -249.42498024973818 403 407 -1
406 -0.8711618950611822 -160.59746122020076 -247.17715518675845 404 408 -1
407 1.4737371343909345 -159.2052017171708 -249.6087121842362 405 409 -1
408 -1.0120717525734255 -160.6337303253128 -247.05537567874387 406 410 -1
409 1.4713971692963854 -159.25165401184043 -249.7904622064927 407 411 -1
410 -1.146703622961587 -160.637855532055 -246.92167485676873 408 412 -1
411 1.4635288790800607 -159.30573656512482 -249.96993720371304 409 413 -1
412 -1.2729421477903835 -160.61331951721957 -246.7820028768569 410 414 -1
413 1.4506258446116285 -159.3664022849232 -250.14700437844257 411 415 -1
414 -1.390461278842819 -160.5656182939859 -246.64063936520725 412 416 -1
415 1.43316393757813 -159.43267816467613 -250.3216567068762 413 417 -1
416 -1.5 -160.5 -246.5 414 -1 -1
417 1.4115876561536402 -159.50367667204878 -250.49398061805556 415 418 -1
418 1.3863047795753782 -159.57859490599682 -250.6641296439163 417 419 -1
419 1.3576838224290926 -159.65670952263096 -250.83230287808854 418 420 -1
420 1.3260553732198388 -159.73736694812834 -250.99872944214255 419 421 -1
421 1.291716070831927 -159.81997145262162 -251.16365810520944 420 422 -1
422 1.2549314963798437 -159.90397444426483 -251.32734936726817 421 423 -1
423 1.2159410494557246 -159.9888626375991 -251.49007114819855 422 424 -1
424 1.1749617953177516 -160.07414728332802 -251.65209584022097 423 425 -1
425 1.132193307027445 -160.15935346971787 -251.81369906911533 424 426 -1
426 1.0878211616620426 -160.24400985138442 -251.97515885558724 425 427 -1
427 1.0420214367347074 -160.3276381626566 -252.1367555603525 426 428 -1
428 0.9949649236149635 -160.40974260883823 -252.29877171691624 427 429 -1
429 0.9468214847656103 -160.48979845868124 -252.4614916376944 428 430 -1
430 0.8977649259638898 -160.5672394903993 -252.6252004193098 429 431 -1
431 0.8479788266402126 -160.64144550664025 -252.79018116707846 430 432 -1
432 0.7976626661387954 -160.71172651281245 -252.95671095538862 431 433 -1
433 0.7470397173764615 -160.77730843300142 -253.1250526478112 432 434 -1
434 0.6963658930577055 -160.837316436253 -253.2954429683052 433 435 -1
435 0.6459401847242502 -160.89076103989294 -253.46807365710927 434 436 -1
436 0.596116111791511 -160.93652814161706 -253.64306448461716 435 437 -1
437 0.5473130881942114 -160.9733799456787 -253.82042592643631 436 438 -1
438 0.5 -161.0 -254.0 437 439 440
439 0.37516314650474786 -161.1159800778871 -254.15134849422543 438 441 -1
440 0.5917324927596319 -160.81478231718475 -254.01189769707267 438 442 -1
441 0.2500529193483035 -161.22915027426077 -254.30458860570567 439 443 -1
442 0.6792656955828715 -160.62924082345427 -254.0394268151649 440 444 -1
443 0.12464775619081364 -161.33944760970437 -254.4596712284086 441 445 -1
444 0.7594456013010388 -160.4452920396701 -254.08979989834612 442 446 -1
445 -0.0010705882401471217 -161.44681034841233 -254.61654921038132 443 447 -1
446 0.8255640708843648 -160.26892118650503 -254.17468828634196 444 448 -1
447 -0.12712090317453353 -161.55117895223492 -254.7751715893605 445 449 -1
448 0.864553873368956 -160.1165887783814 -254.30774017303614 446 450 -1
449 -0.25352251095434414 -161.65249632741248 -254.935483649273 447 451 -1
450 0.863213478562253 -160.01367009546004 -254.4859448427194 448 452 -1
451 -0.3802952550193391 -161.75070805497646 -255.09742700187925 449 453 -1
452 0.8260835313410517 -159.96501889826524 -254.6831169766606 450 454 -1
453 -0.5074594272190166 -161.84576306558276 -255.2609394755736 451 455 -1
454 0.767453327309442 -159.95314012677252 -254.88114255112782 452 456 -1
455 -0.6350358373775582 -161.93761312270382 -255.42595561896337 453 457 -1
456 0.6969572045455124 -159.9618976051766 -255.0755764708892 454 458 -1
457 -0.7630456163218202 -162.0262143516298 -255.5924062482122 455 459 -1
458 0.6195885539378574 -159.98123743831803 -255.26665201131647 456 460 -1
459 -0.8915104533985109 -162.11152542811172 -255.76021951645114 457 461 -1
460 0.5380839591710107 -160.00466939261733 -255.45555275978452 458 462 -1
461 -1.0204522427965756 -162.19351011787302 -255.92932010040772 459 463 -1
462 0.45420233858265746 -160.0272815961379 -255.64351100366866 460 464 -1
463 -1.149893276109012 -162.2721357515006 -256.09963013403143 461 465 -1
464 0.36936695727466634 -160.04455279396265 -255.8315973441311 462 466 -1
465 -1.2798561004627436 -162.3473740896343 -256.2710691448672 463 467 -1
466 0.28510179822006865 -160.051486212148 -256.02057697939756 464 468 -1
467 -1.410363471686669 -162.41920142927398 -256.44355432615527 465 469 -1
468 0.20351283085285046 -160.0417882125132 -256.21055031396753 466 470 -1
469 -1.5414383666435176 -162.48759832381984 -256.6170009096325 467 471 -1
470 0.1279963157238796 -160.00715858680113 -256.40000890793897 468 472 -1
471 -1.6731038259869533 -162.5525502934615 -256.7913222569736 469 473 -1
472 0.06408304134503454 -159.9377421604351 -256.58389910885444 470 474 -1
473 -1.8053829242678001 -162.6140476754338 -256.96643022631 471 475 -1
474 0.01906034697665285 -159.8264432722346 -256.7519068729089 472 476 -1
475 -1.9382988384227644 -162.67208495389073 -257.14223559971214 473 477 -1
476 -0.001948766629350239 -159.67634737444538 -256.8921828828158 474 478 -1
477 -2.0718745651188137 -162.72666197369858 -257.31864811852023 475 479 -1
478 0.0 -159.5 -257.0 476 -1 -1
479 -2.206133001825415 -162.7777830973119 -257.4955769606433 477 480 -1
480 -2.341096978971071 -162.82545672023392 -257.6729310500303 479 481 -1
481 -2.476788853406552 -162.86969684725236 -257.8506191464783 480 482 -1
482 -2.6132307783354083 -162.91052133687666 -258.0285503367178 481 483 -1
483 -2.75044462437597 -162.94795193052417 -258.2066342231888 482 484 -1
484 -2.888451565240588 -162.98201561686184 -258.38478113642947 483 485 -1
485 -3.027272461902031 -163.01274251864666 -258.56290245572904 484 486 -1
486 -3.1669275403040493 -163.04016685490586 -258.74091079381805 485 487 -1
487 -3.307436367433993 -163.06432657492948 -258.9187202337054 486 488 -1
488 -3.4488178423003335 -163.08526296943336 -259.0962465197179 487 489 -1
489 -3.591090222375031 -163.10302019558407 -259.2734071918317 488 490 -1
490 -3.734270805049039 -163.11764601082683 -259.4501218651812 489 491 -1
491 -3.8783761725969983 -163.12919051208115 -259.62631225708486 490 492 -1
492 -4.023422021775653 -163.13770637617898 -259.80190236415285 491 493 -1
493 -4.169423119120717 -163.143248646574 -259.9768185852245 492 494 -1
494 -4.316393332496016 -163.14587430814186 -260.1509897699946 493 495 -1
495 -4.464345592254747 -163.14564211369708 -260.32434729478945 494 496 -1
496 -4.613291718744134 -163.14261278187243 -260.49682525846595 495 497 -1
497 -4.763242615509171 -163.13684816940233 -260.6683603523157 496 498 -1
498 -4.914208199748541 -163.1284112447917 -260.8388919279088 497 499 -1
499 -5.066197307776359 -163.11736611059635 -261.00836210240067 498 500 -1
500 -5.219217677330718 -163.10377781875783 -261.1767157935574 499 501 -1
501 -5.373276217387216 -163.0877115367683 -261.34390041439457 500 502 -1
502 -5.52837854698311 -163.0692334894807 -261.5098663789784 501 503 -1
503 -5.684529457650707 -163.0484097120946 -261.6745665650991 502 504 -1
504 -5.841732647194683 -163.02530654601856 -261.8379566013721 503 505 -1
505 -6.0 -163.0 -262.0 504 506 507
506 -6.285846555453594 -162.93536676671312 -262.1674883140956 505 510 -1
507 -5.967049711863932 -162.82379621211686 -262.0725580310091 505 511 -1
508 -6.158949537400033 -163.15894953740002 -262.01736402351787 505 512 -1
509 -6.14138582250804 -162.90410751734046 -262.14782386624427 505 513 -1
510 -6.567856076978478 -162.86236461222174 -262.33800521031407 506 514 -1
511 -5.934224905001087 -162.64691106904752 -262.14349295913104 507 515 -1
512 -6.318080014622341 -163.31808001462232 -262.03100536452996 508 516 -1
513 -6.284718651939421 -162.80787604142412 -262.2935463969531 509 517 -1
514 -6.8452306464968045 -162.77978379353854 -262.5117162875144 510 518 -1
515 -5.901625809359154 -162.4692905247277 -262.21267228193386 511 519 -1
516 -6.477378948433009 -163.47737894843303 -262.03983135744454 512 520 -1
517 -6.429982967840792 -162.71133415504644 -262.4371352987811 513 521 -1
518 -7.116926495919935 -162.68615958517995 -262.6887571950218 514 522 -1
519 -5.869352882725007 -162.29088657560024 -262.27996249417856 515 523 -1
520 -6.63678553663862 -163.6367855366386 -262.042672051851 516 524 -1
521 -6.577179153003332 -162.61449423980653 -262.57853941028685 517 525 -1
522 -7.381557016842404 -162.57970580788898 -262.8692004703413 518 526 -1
523 -5.837511223943855 -162.11165501727885 -262.3452279604367 519 527 -1
524 -6.796171905136774 -163.7961719051368 -262.0382692424003 520 528 -1
525 -6.726305950657725 -162.51736940255492 -262.7177075040291 521 529 -1
526 -7.637260146929803 -162.4582567230152 -263.0529895255881 522 530 -1
527 -5.80621011753924 -161.93155638679366 -262.4083317077933 523 531 -1
528 -6.955320564323184 -163.9553205643232 -262.0252765049129 524 532 -1
529 -6.87736328641326 -162.4199730927693 -262.85458488141154 525 533 -1
530 -7.881501348007921 -162.31920288088622 -263.2398287510013 526 534 -1
531 -5.775562426300575 -161.7505569903852 -262.469136535278 527 535 -1
532 -7.113898245448557 -164.11389824544852 -262.0022733472919 528 536 -1
533 -7.030343347236437 -162.3223203284132 -262.9891240760092 529 537 -1
534 -8.110830968034621 -162.1595041534344 -263.42899031635227 530 538 -1
535 -5.745683901458492 -161.56862985195139 -262.5275061006696 531 539 -1
536 -7.271428536382256 -164.27142853638227 -261.967801105869 532 540 -1
537 -7.185240543086483 -162.22442628472322 -263.1212730771795 533 541 -1
538 -8.32060219825855 -161.9758323478602 -263.6190112639721 534 542 -1
539 -5.716692101028857 -161.3857558887943 -262.58330689580544 535 543 -1
540 -7.4272687633405665 -164.42726876334055 -261.92042845866 536 544 -1
541 -7.342046837733312 -162.1263069532677 -263.25098086176376 537 545 -1
542 -8.504818830037165 -161.76505381755024 -263.8072714314305 538 546 -1
543 -5.688705477114265 -161.2019246055853 -262.63640934499097 539 547 -1
544 -7.580600329112063 -164.58060032911206 -261.8588510351205 540 548 -1
545 -7.500749779214977 -162.02797930635737 -263.37820019133846 541 549 -1
546 -8.656440178398167 -161.52520499794943 -263.98958871403926 542 550 -1
547 -5.661842224043274 -161.0171348293983 -262.6866894411271 543 551 -1
548 -7.730444273860879 -164.7304442738609 -261.78201967775806 544 552 -1
549 -7.66133620641166 -161.92946083010239 -263.5028829945598 545 553 -1
550 -8.768645673605052 -161.25686721724435 -264.1602337364138 546 554 -1
551 -5.636218686067867 -160.83139549409054 -262.734031187923 547 555 -1
552 -7.875713034276421 -164.87571303427646 -261.6892800391526 548 556 -1
553 -7.8237904755439835 -161.83076970439146 -263.62498275617986 549 557 -1
554 -8.837100408006242 -160.964100579103 -264.3128934035066 550 558 -1
555 -5.611948423815348 -160.6447256078746 -262.77832726280025 551 559 -1
556 -8.015299612220584 -165.01529961222062 -261.5804859862066 552 560 -1
557 -7.988094645046867 -161.73192474170392 -263.74445444291683 553 561 -1
558 -8.861958675150664 -160.65373414840698 -264.4424462996189 554 562 -1
559 -5.589140267908236 -160.4571546909052 -262.8194819163388 555 563 -1
560 -8.148190946887059 -165.14819094688707 -261.4560493597323 556 564 -1
561 -8.154230141352418 -161.6329452379804 -263.86125218221093 557 565 -1
562 -8.847875358529384 -160.33312879601445 -264.54632722018056 558 566 -1
563 -5.567897413115708 -160.26872220925563 -262.85741140983083 559 567 -1
564 -8.27357690725065 -165.27357690725066 -261.3169000135138 560 568 -1
565 -8.322172482966659 -161.53385129180236 -263.97533724637094 561 569 -1
566 -8.80209210771926 -160.00813932451294 -264.6245062505486 562 570 -1
567 -5.54831557946602 -160.0794773378629 -262.89204641475584 563 571 -1
568 -8.390924482549186 -165.39092448254922 -261.1643642043919 564 572 -1
569 -8.491897652547964 -161.43466329462717 -264.08666892028003 565 573 -1
570 -8.732307323486275 -159.6824436143271 -264.6785130133285 566 574 -1
571 -5.530482169836231 -159.88947793487173 -262.9233323116742 567 575 -1
572 -8.5 -165.5 -261.0 568 -1 -1
573 -8.663379446576485 -161.3354021002663 -264.19520847622516 569 576 -1
574 -8.645456436645377 -159.35790010343942 -264.71043029917627 570 577 -1
575 -5.5144749657868655 -159.69878959752901 -262.9512304621778 571 578 -1
576 -8.836588394529436 -161.23608899151554 -264.30092121326106 573 579 -1
577 -8.547380762793384 -159.0351818818128 -264.7222908072899 574 580 -1
578 -5.5003611963444206 -159.50748438495714 -262.97571876061556 575 581 -1
579 -9.011492838854869 -161.13674554119214 -264.40377512520416 576 582 -1
580 -8.442938288089008 -158.71429885041027 -264.71581493149677 577 583 -1
581 -5.488197235954579 -159.31563927944418 -262.99679114178787 578 584 -1
582 -9.188061037452407 -161.03739355362796 -264.5037374431046 579 585 -1
583 -8.336258522404888 -158.39494067138466 -264.6923473574457 580 586 -1
584 -5.478027805968867 -159.12333478712463 -263.01445806688037 581 587 -1
585 -9.36625741060027 -160.93805504032312 -264.6007813380071 582 588 -1
586 -8.23099992723483 -158.0766863959121 -264.652884920269 583 589 -1
587 -5.469886300216102 -158.93065327506545 -263.0287451528737 584 590 -1
588 -9.546044806812713 -160.8387520952316 -264.69488244504885 585 591 -1
589 -8.13056797957504 -157.75913889156467 -264.5981283878843 586 592 -1
590 -5.4637945781821085 -158.7376775415345 -263.03969284708586 587 593 -1
591 -9.727384771099867 -160.73950684505604 -264.78601859622023 588 594 -1
592 -8.038287698389148 -157.44202425514501 -264.52855558010873 589 595 -1
593 -5.459763737337081 -158.54448934786097 -263.0473545999476 590 596 -1
594 -9.910237163830322 -160.6403413704676 -264.87417081333876 591 597 -1
595 -7.957529428625277 -157.12528358272485 -264.444500343368 592 598 -1
596 -5.457794234287989 -158.35116820920845 -263.05179622141026 593 599 -1
597 -10.094560317506556 -160.54127762559025 -264.9593233618237 594 600 -1
598 -7.891781199864934 -156.80917094257734 -264.3462478065724 595 601 -1
599 -5.457877246348964 -158.1577902683793 -263.0530933977468 596 602 -1
600 -10.280311252568792 -160.4423373647751 -265.04146367090493 597 603 -1
601 -7.844649371739358 -156.494359874382 -264.23415119742697 598 604 -1
602 -5.459995148922606 -157.96442745591384 -263.05133072726863 599 605 -1
603 -10.46744679444987 -160.3435421889032 -265.1205801838005 600 606 -1
604 -7.819755709139476 -156.1820437057005 -264.1087730176179 601 607 -1
605 -5.464122549962267 -157.77114680604808 -263.0465999827003 602 608 -1
606 -10.65592072449794 -160.24491313876047 -265.1966690204856 603 609 -1
607 -7.820512620737008 -155.87399405370394 -263.9710312524213 604 610 -1
608 -5.470227289994253 -157.57800998188517 -263.0389985322122 605 611 -1
609 -10.845686878356526 -160.14647090667395 -265.26972767162795 606 612 -1
610 -7.849772467365503 -155.57252224192322 -263.82231934476624 607 613 -1
611 -5.4782717540342984 -157.3850730287298 -263.02862741035796 608 614 -1
612 -11.036699389794633 -160.04823587733316 -265.33975440692694 609 615 -1
613 -7.909416096354305 -155.28029266381031 -263.6645419700648 610 616 -1
614 -5.488213307292445 -157.19238620947004 -263.01559071939073 611 617 -1
615 -11.228910645511826 -159.95022771195875 -265.40675355972064 612 618 -1
616 -8.0 -155.0 -263.5 613 -1 -1
617 -5.5 -157.0 -263.0 614 -1 -1
618 -11.422272529801171 -159.85246540737313 -265.4707330994167 615 619 -1
619 -11.616738295369698 -159.75496767448135 -265.5316998101875 618 620 -1
620 -11.812258705520673 -159.6577519253248 -265.589670178985 619 621 -1
621 -12.008787164131526 -159.56083550189874 -265.644656399253 620 622 -1
622 -12.20627505918612 -159.46423430318018 -265.6966801181873 621 623 -1
623 -12.404675679563393 -159.36796387734353 -265.74576112892845 622 624 -1
624 -12.603942270417585 -159.2720387610305 -265.79192346431233 623 625 -1
625 -12.80402819175146 -159.1764723713666 -265.83519555268833 624 626 -1
626 -13.004888999182166 -159.08127790868957 -265.87560291218546 625 627 -1
627 -13.206479402928668 -158.98646687582198 -265.9131794787448 626 628 -1
628 -13.408755778763624 -158.8920501735778 -265.94795876397177 627 629 -1
629 -13.611676285925649 -158.79803830157206 -265.97997284048387 628 630 -1
630 -13.815198790550689 -158.70443998303125 -266.00926153737134 629 631 -1
631 -14.019283009554142 -158.61126343114046 -266.0358635606778 630 632 -1
632 -14.223890338828765 -158.51851637648753 -266.05981668778696 631 633 -1
633 -14.42898263766581 -158.42620503215835 -266.08116406914127 632 634 -1
634 -14.634523330806967 -158.33433491534888 -266.09994897855574 633 635 -1
635 -14.840477544734037 -158.24291109692672 -266.11621357114535 634 636 -1
636 -15.046811418087453 -158.1519374998105 -266.13000291393587 635 637 -1
637 -15.253492370740666 -158.06141709104287 -266.14136373502316 636 638 -1
638 -15.46048955615 -157.97135253538394 -266.1503410043959 637 639 -1
639 -15.667773359961728 -157.88174560677226 -266.15698117560845 638 640 -1
640 -15.87531534116605 -157.79259699446186 -266.16133305880567 639 641 -1
641 -16.083088767986048 -157.70390731140918 -266.16344283978026 640 642 -1
642 -16.29106808638959 -157.61567624324957 -266.1633584190065 641 643 -1
643 -16.49922897562448 -157.5279025623737 -266.1611292491738 642 644 -1
644 -16.70754871909164 -157.440585238847 -266.1568012488864 643 645 -1
645 -16.916005586314647 -157.35372186731962 -266.1504241611639 644 646 -1
646 -17.12457924130795 -157.26730987108326 -266.14204602920273 645 647 -1
647 -17.333250631536025 -157.18134651970118 -266.13171332643947 646 648 -1
648 -17.542001723430026 -157.09582775681022 -266.1194760729641 647 649 -1
649 -17.750815836478637 -157.010750206522 -266.10537928102787 648 650 -1
650 -17.959677245804887 -156.92610895618344 -266.08947244452247 649 651 -1
651 -18.168571421234557 -156.84189959911512 -266.07180102204705 650 652 -1
652 -18.37748482732134 -156.75811679038387 -266.05241250257694 651 653 -1
653 -18.586404962242675 -156.67475518358 -266.0313526312454 652 654 -1
654 -18.795320291460765 -156.59180894794042 -266.0086674304818 653 655 -1
655 -19.00422021993108 -156.50927202674583 -265.98440222747865 654 656 -1
656 -19.213095054485102 -156.42713805635884 -265.95860203725874 655 657 -1
657 -19.421935963517896 -156.34540047192684 -265.9313112170349 656 658 -1
658 -19.63073495853165 -156.2640523411875 -265.9025741462466 657 659 -1
659 -19.839484817379088 -156.18308676160734 -265.872433810501 658 660 -1
660 -20.04817913632278 -156.10249621147761 -265.8409342347819 659 661 -1
661 -20.2568121475458 -156.02227358647292 -265.80811677586814 660 662 -1
662 -20.46537892213544 -155.94241077822434 -265.77402527366405 661 663 -1
663 -20.67387500180776 -155.86290056194196 -265.7386993994404 662 664 -1
664 -20.882296793484127 -155.7837344179745 -265.70218236478377 663 665 -1
665 -21.0906411125765 -155.70490463462295 -265.6645136285714 664 666 -1
666 -21.29890549708121 -155.62640273347083 -265.62573439290145 665 667 -1
667 -21.50708796805864 -155.54822042199396 -265.5858843730755 666 668 -1
668 -21.715187075646334 -155.47034927911398 -265.5450029246756 667 669 -1
669 -21.9232019543422 -155.39278048915008 -265.5031299451626 668 670 -1
670 -22.131132067694157 -155.3155056737839 -265.4603031916769 669 671 -1
671 -22.338977556474497 -155.23851560655518 -265.4165624944391 670 672 -1
672 -22.546738755490207 -155.16180179119038 -265.37194470663434 671 673 -1
673 -22.754416666276885 -155.08535482638803 -265.3264889607458 672 674 -1
674 -22.96201248110936 -155.00916589772223 -265.280231981133 673 675 -1
675 -23.169527942256735 -154.93322557370809 -265.2332118889383 674 676 -1
676 -23.37696502683774 -154.85752474189064 -265.1854653349963 675 677 -1
677 -23.584326174432196 -154.78205385666894 -265.1370298311533 676 678 -1
678 -23.7916140551158 -154.70680359926476 -265.0879417902889 677 679 -1
679 -23.998831772430485 -154.63176421906797 -265.03823851348807 678 680 -1
680 -24.20598260237713 -154.5569262765506 -264.9879560454293 679 681 -1
681 -24.413070270600265 -154.48227976571732 -264.93713173677787 680 682 -1
682 -24.620098620423988 -154.40781507819915 -264.88580152730066 681 683 -1
683 -24.82707190248856 -154.33352208145126 -264.83400256981474 682 684 -1
684 -25.033994558330228 -154.2593907386689 -264.78177152150334 683 685 -1
685 -25.240871244131796 -154.18541101307014 -264.7291448771897 684 686 -1
686 -25.447706933774775 -154.11157248148083 -264.6761599943111 685 687 -1
687 -25.654506773560595 -154.03786477017866 -264.6228539821698 686 688 -1
688 -25.861276113068232 -153.9642774342862 -264.56926407969434 687 689 -1
689 -26.068020536791394 -153.89079978597144 -264.5154280914977 688 690 -1
690 -26.27474581628406 -153.8174210191631 -264.46138410861397 689 691 -1
691 -26.481457900300644 -153.74413021491804 -264.40717054671103 690 692 -1
692 -26.688162913178896 -153.67091630003097 -264.35282628033775 691 693 -1
693 -26.894867144238923 -153.59776803944547 -264.2983906987943 692 694 -1
694 -27.101577036728116 -153.52467402837894 -264.24390376420854 693 695 -1
695 -27.308299176180793 -153.45162268418716 -264.1894060719439 694 696 -1
696 -27.515040278052275 -153.37860223799862 -264.1349389134757 695 697 -1
697 -27.72180717447313 -153.3056007261497 -264.08054434187204 696 698 -1
698 -27.92860679995792 -153.23260598145745 -264.02626524003017 697 699 -1
699 -28.13544621007621 -153.15960561117083 -263.9721455405587 698 700 -1
700 -28.342332495605067 -153.08658699590694 -263.9182300275883 699 701 -1
701 -28.549272793849937 -153.0135372978495 -263.86456450445945 700 702 -1
702 -28.756274389191827 -152.94044334895554 -263.8111964858914 701 703 -1
703 -28.963344409295683 -152.86729184539666 -263.7581739199451 702 704 -1
704 -29.170490176201607 -152.79406903844261 -263.7055471549293 703 705 -1
705 -29.377718813714996 -152.72076103803832 -263.6533671855488 704 706 -1
706 -29.585037461146687 -152.64735358145248 -263.6016870224112 705 707 -1
707 -29.79245317597435 -152.57383207040155 -263.5505615031136 706 708 -1
708 -30.0 -152.5 -263.5 707 709 710
709 -30.146560961648603 -152.41167734872076 -263.52737333321096 708 711 -1
710 -29.951151492482797 -152.3409393702382 -263.43513827771693 708 712 -1
711 -30.294109049506805 -152.3230192358909 -263.5473821318336 709 713 -1
712 -29.88732906723851 -152.18884314121436 -263.36673106613586 710 714 -1
713 -30.442425321014916 -152.2342862923534 -263.56002683944683 711 715 -1
714 -29.806939915137832 -152.04656237184383 -263.2948183639561 712 716 -1
715 -30.59130262110275 -152.1457539414821 -263.56540206481225 713 717 -1
716 -29.709303794441453 -151.91730325772969 -263.21978362264053 714 718 -1
717 -30.740549847397396 -152.05769754088897 -263.56369362693493 715 719 -1
718 -29.59517409506296 -151.80393498352856 -263.1423805191078 716 720 -1
719 -30.890001559369352 -151.9703846926241 -263.55517509024287 717 721 -1
720 -29.466808536486543 -151.70811032287583 -263.06355320638414 718 722 -1
721 -31.03952606668097 -151.88406878188115 -263.5401991407028 719 723 -1
722 -29.327397088593543 -151.62975623577458 -262.98413087855135 720 724 -1
723 -31.18903128614411 -151.79898417689137 -263.5191872103676 721 725 -1
724 -29.180215937758803 -151.56726787838997 -262.904597762672 722 726 -1
725 -31.33846823072405 -151.71534302449822 -263.4926188837982 723 727 -1
726 -29.02803265919558 -151.51814313734644 -262.825050691404 724 728 -1
727 -31.487832126435787 -151.6333347038436 -263.4610184286191 725 729 -1
728 -28.87292353986214 -151.4796007303873 -262.74528772263534 726 730 -1
729 -31.63716153500681 -151.5531261927942 -263.42494584854234 727 731 -1
730 -28.716358037836347 -151.4489534600675 -262.66492519652934 728 732 -1
731 -31.78653586432594 -151.47486460380142 -263.3849873213416 729 733 -1
732 -28.559369207889617 -151.4237576626027 -262.58348866878515 730 734 -1
733 -31.93607175015592 -151.39868018221378 -263.3417496857546 731 735 -1
734 -28.402715700630196 -151.4018315833685 -262.50046991763077 732 736 -1
735 -32.085918591747294 -151.32469005904875 -263.2958568119542 733 737 -1
736 -28.247008528241263 -151.38121800253577 -262.41536003786985 734 738 -1
737 -32.23625366537068 -151.25300311213246 -263.24794774358804 735 739 -1
738 -28.092804345539435 -151.36013259086334 -262.3276711717105 736 740 -1
739 -32.38727656987232 -151.1837237311267 -263.19867842148483 737 741 -1
740 -27.9406742873347 -151.3369190831692 -262.23695483143285 738 742 -1
741 -32.53920336096541 -151.1169567869761 -263.14872402454864 739 743 -1
742 -27.791254679149613 -151.3100204433354 -262.14282361244125 740 744 -1
743 -32.69225960735476 -151.05281134798759 -263.0987833574472 741 745 -1
744 -27.645282347838574 -151.2779719993583 -262.0449788479565 742 746 -1
745 -32.84667257003243 -150.99140492501238 -263.04958364867184 743 747 -1
746 -27.503612318171818 -151.23942002139054 -261.9432446158112 744 748 -1
747 -33.00266175561921 -150.93286697515012 -263.00188575126106 745 749 -1
748 -27.36721162191136 -151.19316717575524 -261.8376047719323 746 750 -1
749 -33.160426867603114 -150.87734084881635 -262.9564877280379 747 751 -1
750 -27.23712355333141 -151.13823816775553 -261.72823387256506 748 752 -1
751 -33.32013394572206 -150.82498589117998 -262.914226795599 749 753 -1
752 -27.11439851513199 -151.07395379550192 -261.6155112067227 750 754 -1
753 -33.481898329623434 -150.77597694960716 -262.87597681036954 751 755 -1
754 -27.0 -151.0 -261.5 752 -1 -1
755 -33.64576537314982 -150.73050161835707 -262.84263945971355 753 756 -1
756 -33.81169036287405 -150.68875466148052 -262.8151274737434 755 757 -1
757 -33.979519985946 -150.6509287914743 -262.794338022816 756 758 -1
758 -34.148979003518036 -150.6172013212889 -262.78111520559037 757 759 -1
759 -34.31966724141656 -150.58771863263556 -262.7762058796749 758 760 -1
760 -34.49107034759608 -150.56257942058454 -262.7802126198871 759 761 -1
761 -34.66258619979414 -150.5418195876102 -262.7935514747999 760 762 -1
762 -34.833565018719135 -150.52540234206228 -262.81642390606123 761 763 -1
763 -35.00335663122642 -150.51321658450095 -262.8488110157819 762 764 -1
764 -35.17135612150077 -150.50508313788632 -262.8904894210916 763 765 -1
765 -35.33704066155243 -150.500766901682 -262.94106359959375 764 766 -1
766 -35.5 -150.5 -263.0 765 767 768
767 -35.6353892800591 -150.36923282604593 -262.8791787149609 766 769 -1
768 -35.57189541694065 -150.66430669675893 -263.03668339457687 766 770 -1
769 -35.75697927302353 -150.23218880813602 -262.75086572978694 767 771 -1
770 -35.64413877143466 -150.82811362919884 -263.0755332261846 768 772 -1
771 -35.864604465250196 -150.08998247763586 -262.6158625291798 769 773 -1
772 -35.71660229724086 -150.9912818112643 -263.1165978511638 770 774 -1
773 -35.95867799298318 -149.94381508390936 -262.4750782747161 771 775 -1
774 -35.789269483823034 -151.15378692982895 -263.1598724217909 772 776 -1
775 -36.04014560196888 -149.7948627671952 -262.32942491837247 773 777 -1
776 -35.86212368607496 -151.31560491093086 -263.20535131318843 774 778 -1
777 -36.11038075218788 -149.6441916602261 -262.17973322549597 775 779 -1
778 -35.93514813985562 -151.47671193890707 -263.2530281401295 776 780 -1
779 -36.17105777934333 -149.49271396808214 -262.0267022631375 777 781 -1
780 -36.00832597726729 -151.63708447443338 -263.30289577480096 778 782 -1
781 -36.224041372621514 -149.34118259194264 -261.87088393314184 779 783 -1
782 -36.081640260262034 -151.79669914962224 -263.3549467047212 780 784 -1
783 -36.271305110443265 -149.19021255681002 -261.71269239282793 781 785 -1
784 -36.155073928992984 -151.95553318219189 -263.4091719236862 782 786 -1
785 -36.31488737341065 -149.04031807045394 -261.55243049909757 783 787 -1
786 -36.22860989207422 -152.11356399439902 -263.4655621084177 784 788 -1
787 -36.356876526046946 -148.891957002619 -261.3903254147418 785 789 -1
788 -36.302231017862944 -152.27076931150913 -263.5241073686118 786 790 -1
789 -36.39941724679103 -148.74557841062165 -261.22657118828226 787 791 -1
790 -36.37592014188371 -152.42712720779735 -263.5847971712644 788 792 -1
791 -36.444726394749544 -148.60167277672255 -261.06137768037456 789 793 -1
792 -36.44966008478794 -152.58261598759756 -263.6476206725991 790 794 -1
793 -36.49510568223411 -148.46082367775367 -260.89502908975 791 795 -1
794 -36.52343364745573 -152.73721445334155 -263.71256609865407 792 796 -1
795 -36.55293453980148 -148.32376021266273 -260.72795312977445 793 797 -1
796 -36.59722363620996 -152.89090185094707 -263.77962095624963 794 798 -1
797 -36.62062158582236 -148.19140341791515 -260.56079944265116 795 799 -1
798 -36.671012877774054 -153.04365775250383 -263.8487723490163 796 800 -1
799 -36.70048873775887 -148.06489148351812 -260.3945156745861 797 801 -1
800 -36.744784226765184 -153.19546212438362 -263.92000684939745 798 802 -1
801 -36.794573669464796 -147.9455600536407 -260.23039423523875 799 803 -1
802 -36.81852057625524 -153.34629533293398 -263.99331052133203 800 804 -1
803 -36.90436105318487 -147.83484751388312 -260.0700471467878 801 805 -1
804 -36.89220486780628 -153.49613814914596 -264.06866894291176 802 806 -1
805 -37.03051865256722 -147.7341187588991 -259.9152718282684 803 807 -1
806 -36.9658201009768 -153.64497175232802 -264.1460672289438 804 808 -1
807 -37.172748966072945 -147.64444099499812 -259.7678120010705 805 809 -1
808 -37.039349342296475 -153.7927777328217 -264.2254900533562 806 810 -1
809 -37.329853111076844 -147.56639510991246 -259.6290867765025 807 811 -1
810 -37.11277569980045 -153.9395377922856 -264.3069222365138 808 812 -1
811 -37.5 -147.5 -259.5 809 813 814
812 -37.186082365459114 -154.08523418028938 -264.3903479026998 810 815 -1
813 -37.64848427488731 -147.35580274944675 -259.41323347662484 811 816 -1
814 -37.36706614195533 -147.43827558824242 -259.415509757555 811 817 -1
815 -37.25925269516319 -154.22985014351062 -264.47574973319854 812 818 -1
816 -37.797172179823676 -147.21237449615964 -259.32604602578186 813 819 -1
817 -37.23067274977536 -147.3800632853907 -259.3340994215755 814 820 -1
818 -37.33227010201378 -154.37336892912626 -264.56311084859067 815 821 -1
819 -37.94614195137082 -147.06955751893585 -259.23833783435384 816 822 -1
820 -37.09089932527776 -147.32556536388876 -259.25591576205966 817 823 -1
821 -37.40511810332248 -154.51577419607105 -264.65241403670404 818 824 -1
822 -38.09538890663709 -146.92735072593686 -259.15011094902246 819 825 -1
823 -36.94785460998145 -147.27497973434077 -259.1810926296217 820 826 -1
824 -37.4777803264734 -154.65705001282294 -264.74364177294257 821 827 -1
825 -38.244908417313404 -146.78575304694067 -259.06136737182067 822 828 -1
826 -36.801684981591634 -147.2284818651567 -259.10973783571364 823 829 -1
827 -37.55024039726149 -154.79718023192606 -264.83677725384956 824 830 -1
828 -38.39469590849838 -146.6447634337835 -258.9721090606256 825 831 -1
829 -36.65257190111224 -147.186218934005 -259.04192763709506 826 832 -1
830 -37.62248221224049 -154.93615000372768 -264.93180188918546 827 833 -1
831 -38.54474685753862 -146.50438086078438 -258.8823379296497 828 834 -1
832 -36.50072872666477 -147.1483028348738 -258.9777004322854 829 835 -1
833 -37.69448981551132 -155.07394492432607 -265.028696803306 830 836 -1
834 -38.695056792882724 -146.3646043251551 -258.79205584992366 831 837 -1
835 -36.346394369713934 -147.11480624095094 -258.9170532609315 832 838 -1
836 -37.766247324614696 -155.21055066967287 -265.1274434085633 833 839 -1
837 -38.84562129294979 -146.2254328473947 -258.7012646497754 834 840 -1
838 -36.189826638240625 -147.08575847404657 -258.8599384524998 835 841 -1
839 -37.837738989649615 -155.3459533051628 -265.22802289884135 836 842 -1
840 -38.99643598501151 -146.08686547166957 -258.6099661153031 837 843 -1
841 -36.03129382627111 -147.06114466837528 -258.8062633210193 838 844 -1
842 -37.908949090090715 -155.48013883955576 -265.3304169093733 839 845 -1
843 -39.14749654408833 -145.94890126618031 -258.5181619908426 840 846 -1
844 -35.87106617693337 -147.0409071613619 -258.75589194256486 841 847 -1
845 -37.97986209846362 -155.61309394511636 -265.4346064286912 842 848 -1
846 -39.298798691858906 -145.81153932351523 -258.425853979429 843 849 -1
847 -35.70940864955653 -147.02494649895237 -258.7086470475422 844 850 -1
848 -38.05046281536232 -155.74480640415092 -265.5405712261722 845 851 -1
849 -39.45033819558332 -145.67477876099161 -258.33304374325337 846 852 -1
850 -35.54657348648448 -147.01312721904011 -258.6643158202936 847 853 -1
851 -38.12073605041915 -155.87526378484515 -265.64829178010115 848 854 -1
852 -39.602110867039116 -145.53861872098463 -258.23973290411294 849 855 -1
853 -35.382795169074214 -147.0052823259562 -258.62265488770464 850 856 -1
854 -38.190666758040464 -156.0044540135323 -265.75774842863876 851 857 -1
855 -39.7541125614705 -145.40305837124572 -258.14592304385565 852 858 -1
856 -35.21828667798166 -147.0012191898591 -258.5833964546952 853 859 -1
857 -38.26024000932727 -156.13236526539606 -265.8689215177376 854 860 -1
858 -39.90633917655045 -145.2680969052094 -258.0516157048199 855 861 -1
859 -35.05323744010526 -147.0007254205179 -258.54625438476904 856 862 -1
860 -38.32944081181885 -156.25898536170862 -265.98179216790527 857 863 -1
861 -40.05878665135517 -145.13373354229017 -257.9568123902674 858 864 -1
862 -34.887812761794336 -147.00357438796487 -258.51092991508494 859 865 -1
863 -38.398254816646165 -156.3843041698191 -266.09633915738425 860 866 -1
864 -40.21145096535109 -144.99996752816975 -257.8615145648111 861 867 -1
865 -34.72215447600721 -147.00953016604672 -258.4771167971513 862 868 -1
866 -38.466667570410586 -156.50831097977232 -266.21254239033743 863 869 -1
867 -40.36432813739397 -144.86679813507467 -257.76572365483736 864 870 -1
868 -34.55638250475056 -147.0183521694198 -258.4445058851188 865 871 -1
869 -38.53466476878443 -156.6309954024791 -266.3303816923267 866 872 -1
870 -40.51741422473973 -144.7342246620455 -257.6694410489219 867 873 -1
871 -34.39059710049871 -147.02979791003884 -258.41278850186285 868 874 -1
872 -38.60223225662202 -156.75234736195523 -266.44983682055675 869 875 -1
873 -40.6707053673921 -144.60224656919183 -257.5726679880376 870 876 -1
874 -34.22488141612976 -147.04362658278583 -258.38165971219684 871 877 -1
875 -38.66935601711769 -156.87235705575796 -266.57088751050037 872 878 -1
876 -40.82419778886557 -144.4708634955766 -257.47540555235594 873 879 -1
877 -34.059304277055595 -147.05960050838428 -258.3508203945631 874 880 -1
878 -38.73602192058974 -156.99101422594077 -266.69351430541786 875 881 -1
879 -40.97788752531987 -144.340074445581 -257.3776553298605 876 882 -1
880 -33.8939229421618 -147.07748676608477 -258.3199790862672 877 883 -1
881 -38.80221653988267 -157.10831053762556 -266.8176958075605 878 884 -1
882 -41.13177077693914 -144.20987882719103 -257.2794185627569 879 885 -1
883 -33.72878580254652 -147.09705835390102 -258.2888532674338 880 886 -1
884 -38.867926316503016 -157.2242370934525 -266.94341158934697 881 887 -1
885 -41.28584377756166 -144.08027607644325 -257.18069645742446 882 888 -1
886 -33.56393485903058 -147.11809456187325 -258.2571703178373 883 889 -1
887 -38.93313783917454 -157.3387852704528 -267.0706411968495 884 890 -1
888 -41.44010279375695 -143.95126565764954 -257.08149018479975 885 891 -1
889 -33.399407947942905 -147.14038119766147 -258.2246684198365 886 892 -1
890 -38.99783784304244 -157.45194671252622 -267.1993641563504 887 893 -1
891 -41.59454412391314 -143.82284706361705 -256.98180088075463 888 894 -1
892 -33.23524088546666 -147.16371115122936 -258.191096844344 889 895 -1
893 -39.06201320878896 -157.56371332304167 -267.32955998033964 890 896 -1
894 -41.74916409733458 -143.6950198158621 -256.88162964646887 891 897 -1
895 -33.071469087635606 -147.1878838839603 -258.15621685582846 892 898 -1
896 -39.12565096167597 -157.67407725758144 -267.46120817297316 893 899 -1
897 -41.903959073349036 -143.56778346481892 -256.78097754879786 894 900 -1
898 -32.90812912693246 -147.212705650165 -258.1198020906209 895 901 -1
899 -39.1887382705309 -157.78303091684725 -267.594288235009 896 902 -1
900 -42.058925586884506 -143.44113810517592 -256.6798452026314 897 903 -1
901 -32.74526000159245 -147.23798943952036 -258.08163893174225 898 904 -1
902 -39.25126244669078 -157.89056693974499 -267.72877966824126 899 905 -1
903 -42.214060011238345 -143.3150832227821 -256.5782337087361 900 906 -1
904 -32.58290406297454 -147.2635548602904 -258.0415272264024 901 907 -1
905 -39.31321081767071 -157.99667789174023 -267.86466227133826 902 908 -1
906 -42.36935868646858 -143.18961809947768 -256.4761443229767 903 909 -1
907 -32.42110772695123 -147.28922819252736 -257.99928091175116 904 910 -1
908 -39.37457109157395 -158.10135715822588 -268.00191527029745 905 911 -1
909 -42.52481808247706 -143.06474240258976 -256.37357797919515 906 912 -1
910 -32.25992203899411 -147.31484247275625 -257.95472826732464 907 913 -1
911 -39.4353310358509 -158.20459813660216 -268.1405181146537 908 914 -1
912 -42.680434694887396 -142.94045582934908 -256.27053557865975 909 915 -1
913 -32.09940278208164 -147.34023764078918 -257.9077129966262 910 916 -1
914 -39.49547852387275 -158.3063943570029 -268.28045034620516 911 917 -1
915 -42.83620504420529 -142.81675810707472 -256.16701799040254 912 918 -1
916 -31.93961048534829 -147.36526082087386 -257.85809475522603 913 919 -1
917 -39.55500156613828 -158.40673955633764 -268.4216915232907 914 920 -1
918 -42.99212576835956 -142.69364936755355 -256.0630257504001 915 921 -1
919 -31.780610225349943 -147.38976661232223 -257.8057495757162 916 922 -1
920 -39.613888309253525 -158.50562767273763 -268.56422122263905 917 923 -1
921 -43.1481935153924 -142.5711297550108 -255.95855937915843 918 924 -1
922 -31.622471332114102 -147.413617308711 -257.75056988814055 919 925 -1
923 -39.67212703496016 -158.6030528402649 -268.7080190408635 920 926 -1
924 -43.30440469637676 -142.4491983885619 -255.85362021481163 921 927 -1
925 -31.465266363315926 -147.43668359362923 -257.69246618955987 922 928 -1
926 -39.72970615922336 -158.69900938389142 -268.853064595623 923 929 -1
927 -43.46075592246548 -142.32785511693197 -255.74820900139233 924 930 -1
928 -31.309070662150805 -147.45884468513333 -257.63136608700046 925 931 -1
929 -39.78661423138886 -158.79349181475592 -268.99933752647223 926 932 -1
930 -43.61724382563418 -142.20709981982438 -255.64232645230953 927 933 -1
931 -31.153961335958847 -147.4799887859936 -257.56721468945494 928 934 -1
932 -39.842839933418645 -158.8864948257023 -269.14681749542217 929 935 -1
933 -43.77386507400459 -142.08693248097902 -255.5359731923823 930 936 -1
934 -31.0 -147.5 -257.5 931 937 938
935 -39.898372079214546 -158.97801328710565 -269.2954841872319 932 939 -1
936 -43.930616574590594 -141.96735414301605 -255.4291489962181 933 940 -1
937 -30.833979701305832 -147.55423976355178 -257.589402141997 934 941 -1
938 -30.888502006126195 -147.5421997300355 -257.36035061056924 934 942 -1
939 -39.953199373257796 -159.0680417401911 -269.4453176950657 935 943 -1
940 -44.087494756603064 -141.8483636332907 -255.32185540499515 936 944 -1
941 -30.665368845440575 -147.61305284647446 -257.6706931959342 937 945 -1
942 -30.77778135326402 -147.5843953984014 -257.22005154234336 938 946 -1
943 -40.00731107066341 -159.15657578625684 -269.59629743421743 939 947 -1
944 -44.24449632688034 -141.72996095640008 -255.21409301332383 940 948 -1
945 -30.49456357340574 -147.67633172512566 -257.74361893294963 941 949 -1
946 -30.66797031437229 -147.6264920841214 -257.07900985283146 942 950 -1
947 -40.06069638143835 -159.24361081680902 -269.74840314404184 943 951 -1
948 -44.40161800919298 -141.61214614876434 -255.10586238670052 944 952 -1
949 -30.32199288449034 -147.7438988170961 -257.80804758805226 945 953 -1
950 -30.55911934739791 -147.66849300854736 -256.937197549558 946 954 -1
951 -40.113344639261655 -159.32914237325892 -269.90161459629945 947 955 -1
952 -44.558856623654506 -141.49491969389598 -254.99716373200766 948 956 -1
953 -30.14809802537924 -147.81551644321195 -257.86398399216193 949 957 -1
954 -30.451280286752123 -147.71040092836753 -256.7945869276945 950 958 -1
955 -40.165245307920706 -159.41316615809168 -270.05591158356737 951 959 -1
956 -44.71620901943423 -141.37828223043644 -254.88799713170857 952 960 -1
957 -29.973309884778562 -147.8908974814449 -257.91157332292147 953 961 -1
958 -30.344506516848547 -147.75221813881384 -256.65115054659077 954 962 -1
959 -40.21638798131489 -159.49567803246242 -270.2112739183695 955 963 -1
960 -44.87367178132868 -141.26223296143402 -254.77836380543064 956 964 -1
961 -29.798027775713702 -147.96971945281146 -257.9510942116301 957 965 -1
962 -30.238853146224194 -147.7939464732595 -256.50686121669224 958 966 -1
963 -40.26676238359361 -159.5766740140886 -270.36768143218666 959 967 -1
964 -45.031241692795156 -141.14677205155934 -254.66826420569782 960 968 -1
965 -29.622602329065806 -148.05163928642784 -257.9829444945136 961 969 -1
966 -30.134377182778795 -147.83558729922294 -256.36169199738436 962 970 -1
967 -40.3163582673694 -159.65615007823922 -270.52511410443617 963 971 -1
968 -45.188915550472984 -141.03189969813155 -254.5576987573413 964 972 -1
969 -29.44732387124642 -148.13630779146555 -258.0076202173662 965 973 -1
970 -30.03114072816239 -147.87714131061108 -256.2156140377082 966 974 -1
971 -40.36516509577014 -159.73410155747823 -270.6835524326106 967 975 -1
972 -45.34669037859242 -140.9176174311798 -254.4466668314801 968 976 -1
973 -29.27241663327736 -148.2233810203601 -258.02569458089647 969 977 -1
974 -29.929203063522323 -147.91860907491713 -256.0686025182629 970 978 -1
975 -40.413173528421424 -159.8105259922896 -270.84297557605726 971 979 -1
976 -45.50456279564348 -140.8039243852729 -254.33516969217126 972 980 -1
977 -29.098038261028528 -148.3125297211992 -258.03779452140424 973 981 -1
978 -29.8286273842711 -147.95999053936416 -255.92063179631987 974 982 -1
979 -40.46037381118255 -159.88542000822736 -271.00336342732106 975 983 -1
980 -45.66252960717946 -140.69082070507352 -254.2232078026957 976 984 -1
981 -28.92428339259746 -148.40344493043477 -258.04458156219494 977 985 -1
982 -29.729480042850124 -148.00128509420298 -255.7716761967911 978 986 -1
983 -40.50675632296649 -159.95878038123914 -271.1646958917066 979 987 -1
984 -45.82058765484522 -140.57830671947042 -254.11078148042122 980 988 -1
985 -28.751189965976973 -148.495840895371 -258.0467357422275 981 989 -1
986 -29.631830183496227 -148.04249158871403 -255.62171047924554 982 990 -1
987 -40.55231085023881 -160.03060270043287 -271.32695367102207 983 991 -1
988 -45.978733946462945 -140.4663838804543 -253.99789016035172 984 992 -1
989 -28.578747013732283 -148.5894555977684 -258.0449436279561 985 993 -1
990 -29.535749925166556 -148.08360830494152 -255.47070992049254 986 994 -1
991 -40.597028375963106 -160.10088468914552 -271.4901162637323 987 995 -1
992 -46.13696523536168 -140.3550519433583 -253.88453461337946 988 996 -1
993 -28.40690298979002 -148.6840494937552 -258.0398901479727 989 997 -1
994 -29.441318165194016 -148.12463272787193 -255.31864814249604 990 998 -1
995 -40.6408999766493 -160.16962411873203 -271.65416327189143 991 999 -1
996 -46.295278324923316 -140.24431090596113 -253.77071541852152 992 1000 -1
997 -28.23557383078465 -148.77940279977219 -258.03225448448995 993 1001 -1
998 -29.34861053671006 -148.1655620784805 -255.16550378181267 994 1002 -1
999 -40.68391620565095 -160.23681770707023 -271.8190749926473 995 1003 -1
1000 -46.45367009034698 -140.13416123140397 -253.65643278990103 996 1004 -1
1001 -28.064650751577368 -148.87531230463193 -258.02270755830125 997 1005 -1
1002 -29.25770853127032 -148.20639277072326 -255.01125477311737 998 1006 -1
1003 -40.72606747741882 -160.30246185166868 -271.9848319431943 999 1007 -1
1004 -46.61213754801065 -140.02460451771069 -253.54168605589766 1000 1008 -1
1005 -27.89400716437562 -148.9715872925837 -258.0119129457021 1001 1009 -1
1006 -29.168697876211507 -148.24712047523963 -254.85587974448003 1002 1010 -1
1007 -40.76734589100684 -160.36655585690147 -272.1514131581573 1003 1011 -1
1008 -46.77067749671417 -139.9156406887494 -253.42647585805844 1004 1012 -1
1009 -27.72350521718582 -149.0680454731387 -258.00052832565024 1005 1013 -1
1010 -29.081668138955962 -148.287740104131 -254.6993585706908 1006 1014 -1
1011 -40.8077421279909 -160.42909639955616 -272.31879916900755 1007 1015 -1
1012 -46.92928676828831 -139.80726983172679 -253.31080271023427 1008 1016 -1
1013 -27.553001758944138 -149.1645085746827 -257.98920852146523 1009 1017 -1
1014 -28.99671287849963 -148.32824576044496 -254.541672594946 1010 1018 -1
1015 -40.84724732180044 -160.49008087998655 -272.48697016784604 1011 1019 -1
1016 -47.087962260222994 -139.6994925467754 -253.19466672739634 1012 1020 -1
1017 -27.382354183317936 -149.2607980101576 -257.9786085502504 1013 1021 -1
1018 -28.91392978171372 -148.36863068378156 -254.3828048805206 1014 1022 -1
1019 -40.88585399257426 -160.54950900114662 -272.65590529482876 1015 1023 -1
1020 -47.246701003042475 -139.59231075043877 -253.07806700348445 1016 1024 -1
1021 -27.2114262208348 -149.3567304547966 -257.9693869287478 1017 1025 -1
1022 -28.833420780000587 -148.40888719227294 -254.22274049424655 1018 1026 -1
1023 -40.92355220896453 -160.6073761393421 -272.82558585766253 1019 1027 -1
1024 -47.40549979201311 -139.48572418630187 -252.9610043286174 1020 1028 -1
1025 -27.040094054703452 -149.4521135796835 -257.9622081149202 1021 1029 -1
1026 -28.755292141113497 -148.44900662130823 -254.0614668234029 1022 1030 -1
1027 -40.96033532704177 -160.66368322421604 -272.99599057832967 1023 1031 -1
1028 -47.56435549751475 -139.37973321567972 -252.8434790134805 1024 1032 -1
1029 -26.868252785128334 -149.54674179843627 -257.9577444362753 1025 1033 -1
1030 -28.67965453017169 -148.4889792595231 -253.898973927297 1026 1034 -1
1031 -40.9961941712389 -160.71842676006463 -273.1671003209588 1027 1035 -1
1032 -47.72326502819797 -139.27433857851827 -252.72549107789752 1028 1036 -1
1033 -26.695823610031297 -149.64039249303374 -257.956675755133 1029 1037 -1
1034 -28.606623033092166 -148.5287942827494 -253.7352549243463 1030 1038 -1
1035 -41.031121591623574 -160.77160659144624 -273.3388944903592 1031 1039 -1
1036 -47.88222541950524 -139.16954263076983 -252.60703929554128 1032 1040 -1
1037 -26.522761520891176 -149.73282266770198 -257.9596873213741 1033 1041 -1
1038 -28.53631713483816 -148.56843968682645 -253.57030641483738 1034 1042 -1
1039 -41.06510918113688 -160.82322035148525 -273.51135352940315 1035 1043 -1
1040 -48.041233445223675 -139.0653446903628 -252.4881247986998 1036 1044 -1
1041 -26.34906345552553 -149.82376648834963 -257.9674646988789 1037 1045 -1
1042 -28.46886064408208 -148.6079022204152 -253.40412893871235 1038 1046 -1
1043 -41.09814998582188 -160.87326799847497 -273.68445695425777 1039 1047 -1
1044 -48.20028600845447 -138.96174552581823 -252.36874759903398 1040 1048 -1
1045 -26.17477652475672 -149.91293422592219 -257.9806849694217 1041 1049 -1
1046 -28.404381555137128 -148.64716731922383 -253.23672746669024 1042 1050 -1
1047 -41.13023565389979 -160.92174708607567 -273.8581853226561 1043 1051 -1
1048 -48.35938003490181 -138.85874628529183 -252.2489074205789 1044 1052 -1
1049 -26.0 -150.0 -258.0 1045 -1 -1
1050 -28.34301183737794 -148.68621904335436 -253.06811192175033 1046 1053 -1
1051 -41.161360199867794 -160.96865894784793 -274.03251776221873 1047 1054 -1
1052 -48.518512494491205 -138.75634903675382 -252.1286032862049 1048 1055 -1
1053 -28.284887141910396 -148.72504001979908 -252.89829772646772 1050 1056 -1
1054 -41.191514544694215 -161.01399978908793 -274.2074354110903 1051 1057 -1
1055 -48.67768019441108 -138.65455332748988 -252.00783616701065 1052 1058 -1
1056 -28.230146415037158 -148.76361139245716 -252.727306369897 1053 1059 -1
1057 -41.22069350595233 -161.05777203059463 -274.38291714421626 1054 1060 -1
1058 -48.83688003625124 -138.55336014906482 -251.88660592597046 1055 1061 -1
1059 -28.178930665064495 -148.80191266703292 -252.5551661754888 1056 1062 -1
1060 -41.248889453360874 -161.09997403752408 -274.55894339311294 1057 1063 -1
1061 -48.996108945047936 -138.45277116482978 -251.7649119178341 1058 1064 -1
1062 -28.13132616716455 -148.83991717648001 -252.3819271358213 1059 1065 -1
1063 -41.27609537894893 -161.14060509588148 -274.7354942805401 1060 1066 -1
1064 -49.15536381969932 -138.35278785956373 -251.64275364388195 1061 1067 -1
1065 -28.087297066906174 -148.87759407867142 -252.20767388091764 1062 1068 -1
1066 -41.302305697321195 -161.17966664033827 -274.9125492899467 1063 1069 -1
1067 -49.3146414978312 -138.25341028536073 -251.52013170973404 1064 1070 -1
1068 -28.046801981700717 -148.91491234930237 -252.03248873359377 1065 1071 -1
1069 -41.32751361516688 -161.2171580950539 -275.0900886243533 1066 1072 -1
1070 -49.47393886185836 -138.15463958193462 -251.39704589411846 1067 1073 -1
1071 -28.009792703946026 -148.95184209620018 -251.85645207552562 1068 1074 -1
1072 -41.351712314092204 -161.25307876974878 -275.26809253398676 1069 1075 -1
1073 -49.633252809116655 -138.0564779037625 -251.27349521049177 1070 1076 -1
1074 -27.97622455994246 -148.98835333995672 -251.67963988010862 1071 1077 -1
1075 -41.374896774564434 -161.2874306709226 -275.44654053912126 1072 1078 -1
1076 -49.792580188182676 -137.958926197545 -251.14947960446509 1073 1079 -1
1077 -27.946030372598194 -149.0244193412155 -251.50212924463756 1074 1080 -1
1078 -41.397061123480725 -161.32021437050767 -275.62541265741254 1075 1081 -1
1079 -49.95191784051785 -137.86198500870825 -251.02499933432838 1076 1082 -1
1080 -27.919141370703414 -149.06001438808286 -251.3239930992361 1077 1083 -1
1081 -41.418199676640576 -161.35143063623786 -275.8046889051547 1078 1084 -1
1082 -50.11126261826927 -137.76565562838874 -250.90005409862482 1079 1085 -1
1083 -27.895487761405942 -149.09511363499573 -251.14530028027417 1080 1086 -1
1084 -41.4383061895436 -161.3810792981142 -275.9843495650008 1081 1087 -1
1085 -50.27061136572675 -137.66994062406252 -250.77464263848722 1082 1088 -1
1086 -27.875006608895102 -149.1296916281763 -250.96611461551137 1083 1089 -1
1087 -41.45737614264526 -161.40916271005634 -276.16437435665375 1084 1090 -1
1088 -50.42996089930581 -137.5748405576963 -250.6487652281519 1085 1091 -1
1089 -27.857607605219965 -149.16372816291909 -250.786499933042 1086 1092 -1
1090 -41.4754045445162 -161.43568240190606 -276.3447432815675 1087 1093 -1
1091 -50.58930803831504 -137.48035640278252 -250.52242183770437 1088 1094 -1
1092 -27.843209910454718 -149.19720240811145 -250.6065141743374 1089 1095 -1
1093 -41.49238651151655 -161.46063996711004 -276.52543638997145 1090 1096 -1
1094 -50.74864959343506 -137.38648960528846 -250.39561208969852 1091 1097 -1
1095 -27.83173314912045 -149.23009415766745 -250.4262112004544 1092 1098 -1
1096 -41.50831736876461 -161.48403721375823 -276.70643374896883 1093 1099 -1
1097 -50.90798233667654 -137.29324301217335 -250.26833456293843 1094 1100 -1
1098 -27.823096256921158 -149.2623839632651 -250.2456411124154 1095 1101 -1
1099 -41.523192654090224 -161.5058761682319 -276.8877154470725 1096 1102 -1
1100 -51.06730305893762 -137.2006170648292 -250.14058966304304 1097 1103 -1
1101 -27.817204398287416 -149.2940561911584 -250.06485125977582 1098 1104 -1
1102 -41.537008121959374 -161.52615907877916 -277.069261599053 1099 1105 -1
1103 -51.22660853640805 -137.10861304450083 -250.0123771720236 1100 1106 -1
1104 -27.81396964514508 -149.32509467719973 -249.88388439551818 1101 1107 -1
1105 -41.549759747358024 -161.5448884190019 -277.2510523510967 1102 1108 -1
1106 -51.38589552695172 -137.01723255552338 -249.88369664083265 1103 1109 -1
1107 -27.813303756538414 -149.35548414577664 -249.7027796097767 1104 1110 -1
1108 -41.56144372962334 -161.56206689124062 -277.4330678862734 1105 1111 -1
1109 -51.545160721705635 -136.92647853380788 -249.7545466370788 1106 1112 -1
1110 -27.815124233623425 -149.3852084884681 -249.52157229143248 1107 1113 -1
1111 -41.5720564962101 -161.5776974298409 -277.61528843030914 1108 1114 -1
1112 -51.704400872022354 -136.83635167830383 -249.62492741894812 1109 1115 -1
1113 -27.819334013286724 -149.4142563495 -249.34029497022752 1110 1116 -1
1114 -41.581594706379704 -161.59178320428754 -277.79769425766153 1111 1117 -1
1115 -51.86361269952824 -136.74685340109062 -249.4948387216136 1112 1118 -1
1116 -27.825844125250395 -149.44261514534264 -249.15897647786164 1113 1119 -1
1117 -41.590055254799594 -161.60432762219077 -277.9802656978918 1114 1120 -1
1118 -52.022792897724976 -136.6579854685265 -249.36428002906837 1115 1121 -1
1119 -27.834566001470638 -149.47027299261126 -248.97764251644594 1116 1122 -1
1120 -41.5974352750403 -161.61533433211056 -278.162983142328 1117 1123 -1
1121 -52.18193808359074 -136.56975065600383 -249.233250090137 1118 1124 -1
1122 -27.845411672840637 -149.49721863217124 -248.79631581219732 1119 1125 -1
1123 -41.603731152075035 -161.62480583000394 -278.3458271484216 1120 1126 -1
1124 -52.34104492480724 -136.4821504158661 -249.1017486551001 1121 1127 -1
1125 -27.858296231597066 -149.5234404913199 -248.61501632565987 1122 1128 -1
1126 -41.60894117953651 -161.63274721718548 -278.52877814392286 1123 1129 -1
1127 -52.50011009114635 -136.39518605565405 -248.96977559477145 1124 1130 -1
1128 -27.873132461810723 -149.5489285480014 -248.43376133838834 1125 1131 -1
1129 -41.61306335113156 -161.63916305890072 -278.71181672358756 1126 1132 -1
1130 -52.65913019996756 -136.30885950750462 -248.837330331149 1127 1133 -1
1131 -27.889833039880667 -149.57367372098457 -248.2525655514628 1128 1134 -1
1132 -41.616095783260924 -161.64405798820871 -278.89492358812777 1129 1135 -1
1133 -52.818101820967975 -136.2231730756666 -248.70441202808314 1130 1136 -1
1134 -27.908313829265087 -149.59766652132646 -248.0714413568132 1131 1137 -1
1135 -41.6180352874265 -161.64743473458302 -279.0780795793195 1132 1138 -1
1136 -52.97702145416203 -136.13812958371454 -248.57101948577568 1133 1139 -1
1137 -27.928491855318278 -149.62089772715908 -247.89039896337945 1134 1140 -1
1138 -41.618881525764856 -161.64929989062304 -279.2612655108515 1135 1141 -1
1139 -53.13588573913631 -136.05372993867678 -248.43715293453408 1136 1142 -1
1140 -27.950285346704547 -149.64335831963987 -247.70944654735533 1137 1143 -1
1141 -41.618633678331854 -161.64965926092523 -279.4444623800441 1138 1144 -1
1142 -53.29469129817743 -135.96997654647353 -248.30281166078402 1139 1145 -1
1143 -27.973613758073903 -149.6650394215196 -247.52859039744203 1140 1146 -1
1144 -41.6172884355212 -161.6485151465649 -279.62765126031695 1141 1147 -1
1145 -53.45343626049262 -135.88687690993982 -248.1679936332582 1142 1148 -1
1146 -27.998397775815448 -149.68593223833412 -247.34783505452864 1143 1149 -1
1147 -41.61484744942129 -161.64587654407296 -279.81081338519783 1144 1150 -1
1148 -53.612119902916966 -135.80444358939337 -248.03269521735328 1145 1151 -1
1149 -28.024556174039283 -149.70602805200866 -247.16718298921217 1146 1152 -1
1150 -41.61130825482417 -161.64174672728402 -279.9939300279027 1147 1153 -1
1151 -53.77074151552213 -135.72268872634024 -247.89691327332892 1148 1154 -1
1152 -28.05197395421268 -149.725318669288 -246.98662984336178 1149 1155 -1
1153 -41.60667190932665 -161.63613366055327 -280.17698271170326 1150 1156 -1
1154 -53.92930035573528 -135.64162391128758 -247.76064516418236 1151 1157 -1
1155 -28.080515488747466 -149.74379613132348 -246.80616574518277 1152 1158 -1
1156 -41.600936808609845 -161.629041610886 -280.3599529278559 1153 1159 -1
1157 -54.087795517432 -135.56126160134195 -247.62388775601596 1154 1160 -1
1158 -28.110046535631934 -149.76145226429108 -246.62577858771567 1155 1161 -1
1159 -41.59410491746472 -161.62047954719992 -280.5428225729591 1156 1162 -1
1160 -54.246225993178285 -135.48161442043826 -247.48663792724 1157 1163 -1
1161 -28.1404344195148 -149.77827858131778 -246.44545438455884 1158 1164 -1
1162 -41.586174059920396 -161.61045079759796 -280.7255732717788 1159 1165 -1
1163 -54.4045906423078 -135.40269548732851 -247.3488923524112 1160 1166 -1
1164 -28.171547796962827 -149.79426619778815 -246.26517755419673 1161 1167 -1
1165 -41.57714695340895 -161.5989651272542 -280.9081872982346 1162 1168 -1
1166 -54.56288818376485 -135.32451846514945 -247.21064748655422 1163 1169 -1
1167 -28.203256522866265 -149.809405527788 -246.0849311930667 1164 1170 -1
1168 -41.56702415120947 -161.5860293069209 -281.09064685192084 1165 1171 -1
1169 -54.721117382693414 -135.2470954719102 -247.07190095765498 1166 1172 -1
1170 -28.235430981413 -149.82368678106602 -245.90469731278188 1167 1173 -1
1171 -41.555805014382074 -161.57164845309117 -281.2729340397202 1168 1174 -1
1172 -54.87927679991841 -135.17043982575692 -246.93264972127415 1169 1175 -1
1173 -28.267942156456716 -149.83709951352975 -245.724457114821 1170 1176 -1
1174 -41.54349243514194 -161.55583224026026 -281.45503166204446 1171 1177 -1
1175 -55.0373648813173 -135.0945650266418 -246.79289075882704 1172 1178 -1
1176 -28.300661303025446 -149.849632507188 -245.54419122581956 1173 1179 -1
1177 -41.53008776677929 -161.53858821064622 -281.6369224428682 1174 1180 -1
1178 -55.19537995479794 -135.0194847591129 -246.65262108072017 1175 1181 -1
1179 -28.333459569405825 -149.8612738148733 -245.36387993307383 1176 1182 -1
1180 -41.51559261579282 -161.5199241442754 -281.81858929172233 1177 1183 -1
1181 -55.35332022717879 -134.9452128950091 -246.5118377296426 1178 1184 -1
1182 -28.366207682820868 -149.87201071126952 -245.18350342384485 1179 1185 -1
1183 -41.5 -161.5 -282.0 1180 -1 -1
1184 -55.51118369523757 -134.87176440681606 -246.3705372186352 1181 1186 -1
1185 -28.398775631615525 -149.88182964955843 -245.0030420282145 1182 1187 -1
1186 -55.668968380821475 -134.79915281665612 -246.2287171344423 1184 1188 -1
1187 -28.431032346517085 -149.8907162239511 -244.8224764688904 1185 1189 -1
1188 -55.82667212761111 -134.72739235830767 -246.08637477205403 1186 1190 -1
1189 -28.46284538369376 -149.89865513853687 -244.6417881214088 1187 1191 -1
1190 -55.98429262520913 -134.65649767253765 -245.94350734150035 1188 1192 -1
1191 -28.494080612600012 -149.90563018306167 -244.46095928821026 1189 1193 -1
1192 -56.14182742514368 -134.5864835990095 -245.80011210400082 1190 1194 -1
1193 -28.524601911973637 -149.9116242164457 -244.27997349005489 1191 1195 -1
1194 -56.29927393717527 -134.5173651782148 -245.65618637628023 1192 1196 -1
1195 -28.554270877842274 -149.91661915905806 -244.09881577819135 1193 1197 -1
1196 -56.45662942551082 -134.44915765323913 -245.5117275350717 1194 1198 -1
1197 -28.58294654800639 -149.92059599498828 -243.9174730705781 1195 1199 -1
1198 -56.6138910049269 -134.38187647135092 -245.36673302181327 1196 1200 -1
1199 -28.610485148194197 -149.9235347857883 -243.73593451525934 1197 1201 -1
1200 -56.771055636804036 -134.31553728539993 -245.22120034754036 1198 1202 -1
1201 -28.636737448415246 -149.92541287373942 -243.55419153002453 1199 1203 -1
1202 -56.92812012507491 -134.25015595501105 -245.07512709798038 1200 1204 -1
1203 -28.66155341916087 -149.92620899777927 -243.37223902964212 1201 1205 -1
1204 -57.08508111208913 -134.18574854756065 -244.92851093885173 1202 1206 -1
1205 -28.684780629249108 -149.92590159959448 -243.19007555759822 1203 1207 -1
1206 -57.24193507439817 -134.12233133891888 -244.7813496213724 1204 1208 -1
1207 -28.706262003172796 -149.9244674494016 -243.00770348901992 1205 1209 -1
1208 -57.39867830151871 -134.05992096529636 -244.6336409067294 1206 1210 -1
1209 -28.725835996466024 -149.92188216423605 -242.8251296595865 1207 1211 -1
1210 -57.5553069417855 -133.99853396935194 -244.48538281787526 1208 1212 -1
1211 -28.743331449118255 -149.91811744949075 -242.64236560251106 1209 1213 -1
1212 -57.7118169604119 -133.9381871499903 -244.33657345228778 1210 1214 -1
1213 -28.758631444695204 -149.91315269369866 -242.45943340832517 1211 1215 -1
1214 -57.86820412855113 -133.8788976130587 -244.18721096361972 1212 1216 -1
1215 -28.77169231270726 -149.90696344694 -242.2763650494192 1213 1217 -1
1216 -58.02446402955201 -133.82068267248957 -244.03729362167883 1214 1218 -1
1217 -28.782468426998747 -149.8995192308674 -242.09319475162235 1215 1219 -1
1218 -58.1805920299206 -133.76356004783244 -243.88681971943237 1216 1220 -1
1219 -28.790934847615883 -149.89080092020396 -241.90995942876913 1217 1221 -1
1220 -58.33658331755507 -133.70754750208576 -243.73578776572882 1218 1222 -1
1221 -28.797054142725454 -149.88078253001862 -241.7266972009256 1219 1223 -1
1222 -58.49243289550952 -133.6526628671707 -243.58419647374555 1220 1224 -1
1223 -28.80078711367627 -149.86943706887652 -241.54344823648478 1221 1225 -1
1224 -58.64813554761748 -133.59892428215403 -243.43204464796182 1222 1226 -1
1225 -28.802109839433243 -149.85674607214185 -241.36025431708038 1223 1227 -1
1226 -58.80368584648922 -133.54635008546632 -243.2793312454995 1224 1228 -1
1227 -28.80097479407291 -149.84267789764573 -241.17715980199768 1225 1229 -1
1228 -58.95907814879893 -133.4949588119163 -243.12605538406592 1226 1230 -1
1229 -28.797365702798757 -149.82721844430787 -240.99420963740346 1227 1231 -1
1230 -59.11430659057879 -133.44476918924542 -242.97221635011587 1228 1232 -1
1231 -28.791235557366484 -149.81033636159455 -240.81145247831776 1229 1233 -1
1232 -59.2693650825321 -133.39580013419985 -242.81781360722866 1230 1234 -1
1233 -28.782570094788156 -149.79201881555508 -240.62893639178196 1231 1235 -1
1234 -59.42424730537838 -133.34807074809783 -242.66284680469622 1232 1236 -1
1235 -28.771323530788397 -149.77223516766236 -240.4467144204577 1233 1237 -1
1236 -59.57894670524504 -133.30160031186935 -242.5073157863162 1234 1238 -1
1237 -28.757484301037035 -149.75097426432387 -240.26483767891173 1235 1239 -1
1238 -59.73345648911974 -133.25640828054506 -242.35122059938308 1236 1240 -1
1239 -28.74101410082086 -149.7282097876187 -240.08336262931718 1237 1241 -1
1240 -59.88776950809748 -133.21251500285277 -242.19456119357324 1238 1242 -1
1241 -28.721897365771294 -149.7039284657036 -239.90234433349937 1239 1243 -1
1242 -60.04187836568544 -133.16994092615462 -242.03733778672333 1240 1244 -1
1243 -28.700108937437452 -149.67811161860618 -239.72184115132214 1241 1245 -1
1244 -60.195775702269856 -133.1287048030672 -241.87955161171703 1242 1246 -1
1245 -28.675626227435142 -149.65074210155518 -239.54191303707802 1243 1247 -1
1246 -60.34945372121107 -133.08882672350006 -241.7212036254354 1244 1248 -1
1247 -28.64844015500891 -149.62181065625086 -239.3626185862205 1245 1249 -1
1248 -60.5029043653889 -133.05032691461224 -241.56229503612278 1246 1250 -1
1249 -28.61852180152439 -149.59129663603758 -239.18402300366913 1247 1251 -1
1250 -60.65611931339889 -133.01322573148556 -241.40282731335543 1248 1252 -1
1251 -28.58587121877324 -149.5591962645576 -239.00618579583892 1249 1253 -1
1252 -60.80908948285084 -132.97754645262708 -241.24280111547063 1250 1254 -1
1253 -28.550473894644853 -149.52549743070455 -238.82917173064348 1251 1255 -1
1254 -60.96180640636532 -132.94330729409725 -241.08221941904674 1252 1256 -1
1255 -28.512319659001857 -149.49019063031656 -238.6530461369747 1253 1257 -1
1256 -61.11426098191347 -132.910528721457 -240.9210846260028 1254 1258 -1
1257 -28.471413622000032 -149.45327539298714 -238.4778705238392 1255 1259 -1
1258 -61.26644379321506 -132.8792314973922 -240.75939935654708 1256 1260 -1
1259 -28.42774227646399 -149.41474046634684 -238.3037142783281 1257 1261 -1
1260 -61.41834461529609 -132.8494392187358 -240.5971655554099 1258 1262 -1
1261 -28.381318901737767 -149.37459039403478 -238.13063815349437 1259 1263 -1
1262 -61.56995372905414 -132.82117127777283 -240.43438706094867 1260 1264 -1
1263 -28.33214490908602 -149.3328228843146 -237.9587082375363 1261 1265 -1
1264 -61.721261060243236 -132.7944475797967 -240.27106784125343 1262 1266 -1
1265 -28.280227160241576 -149.28943894998514 -237.78798954953587 1263 1267 -1
1266 -61.87225592477097 -132.76928972896204 -240.10721161685964 1264 1268 -1
1267 -28.22558503820382 -149.2444471078988 -237.61854202295962 1265 1269 -1
1268 -62.022926786352265 -132.7457220067376 -239.9428216035148 1266 1270 -1
1269 -28.168222701122794 -149.19784699656796 -237.45043349469267 1267 1271 -1
1270 -62.173263256123995 -132.7237616562711 -239.7779037357921 1268 1272 -1
1271 -28.10817982632453 -149.1496685135589 -237.28371157911576 1269 1273 -1
1272 -62.32325391604595 -132.70342960830342 -239.61246304896298 1270 1274 -1
1273 -28.045494377363383 -149.09997690141617 -237.11841235866314 1271 1275 -1
1274 -62.4728859646142 -132.6847517048844 -239.44650344227585 1272 1276 -1
1275 -27.980241752426544 -149.0488671532632 -236.95454508730924 1273 1277 -1
1276 -62.62214835296456 -132.6677442940578 -239.28003217308367 1274 1278 -1
1277 -27.912467569231307 -148.99641666581158 -236.7921312897362 1275 1279 -1
1278 -62.77102882359715 -132.65242799235745 -239.1130555004042 1276 1280 -1
1279 -27.842240562212325 -148.9427141099788 -236.63117517169454 1277 1281 -1
1280 -62.91951351322041 -132.6388289463336 -238.94557848887732 1278 1282 -1
1281 -27.76961232543763 -148.8878380457301 -236.47168703243068 1279 1283 -1
1282 -63.06759079761636 -132.62696223233672 -238.77760981211537 1280 1284 -1
1283 -27.694638307555127 -148.8318679572201 -236.31367124943108 1281 1285 -1
1284 -63.215247132417645 -132.6168499019119 -238.60915649347336 1282 1286 -1
1285 -27.61737851614095 -148.7748840100218 -236.15712561915853 1283 1287 -1
1286 -63.362468375833515 -132.6085149993772 -238.4402257359521 1284 1288 -1
1287 -27.537877015590333 -148.71695820353003 -236.00205490262167 1285 1289 -1
1288 -63.50924191472982 -132.6019730788572 -238.2708271207564 1286 1290 -1
1289 -27.456190207694096 -148.65816663300916 -235.84845264601094 1287 1291 -1
1290 -63.655552661203444 -132.59724831867274 -238.10096836888437 1288 1292 -1
1291 -27.37236937543045 -148.5985817911777 -235.6963126397233 1289 1293 -1
1292 -63.801386918337435 -132.5943580829915 -237.9306593514 1290 1294 -1
1293 -27.286459455358887 -148.53827261194564 -235.54563022347588 1291 1295 -1
1294 -63.946730505542206 -132.59332047172947 -237.7599101021894 1292 1296 -1
1295 -27.198503399453084 -148.47730639325724 -235.3963996063706 1293 1297 -1
1296 -64.0915673888979 -132.5941592168835 -237.5887297643271 1294 1298 -1
1297 -27.10855049498754 -148.4157511459858 -235.2486079746132 1295 1299 -1
1298 -64.2358842029634 -132.59688700235705 -237.41713039487988 1296 1300 -1
1299 -27.016642845003467 -148.35367130899405 -235.10224527612507 1297 1301 -1
1300 -64.37966430914359 -132.6015272431315 -237.24512205066947 1298 1302 -1
1301 -26.922820918625582 -148.29112972428018 -234.95730051499552 1299 1303 -1
1302 -64.52289318525645 -132.6080945814366 -237.07271708415868 1300 1304 -1
1303 -26.827123565567863 -148.22818769966875 -234.81376190401656 1301 1305 -1
1304 -64.66555515078029 -132.61660667809906 -236.89992756992862 1302 1306 -1
1305 -26.729585310923547 -148.1649046491345 -234.6716190941959 1303 1307 -1
1306 -64.80763360296687 -132.62708314472522 -236.7267656263192 1304 1308 -1
1307 -26.630244725903363 -148.1013396259052 -234.53085695108055 1305 1309 -1
1308 -64.9491141418107 -132.63953518680557 -236.5532453074496 1306 1310 -1
1309 -26.529136391085046 -148.03754979136832 -234.39146176559436 1307 1311 -1
1310 -65.08997840542656 -132.65398597334342 -236.3793789069476 1308 1312 -1
1311 -26.426292908196107 -147.97359097998807 -234.2534199009871 1309 1313 -1
1312 -65.23021228409527 -132.670443850947 -236.20518166114647 1310 1314 -1
1313 -26.321745422435054 -147.90951786796 -234.1167175262258 1311 1315 -1
1314 -65.36979813269765 -132.6889275366484 -236.03066741532177 1312 1316 -1
1315 -26.21552366641721 -147.84538405396452 -233.98134070552322 1313 1317 -1
1316 -65.50871982214704 -132.70944995351078 -235.8558513251202 1314 1318 -1
1317 -26.107656006503625 -147.78124214063106 -233.8472754796614 1315 1319 -1
1318 -65.64696147128976 -132.7320224489218 -235.68074908013168 1316 1320 -1
1319 -25.99816949104372 -147.71714381629695 -233.71450793974194 1317 1321 -1
1320 -65.78450471878091 -132.75666285256028 -235.50537585789544 1318 1322 -1
1321 -25.88708990013639 -147.65313993671157 -233.5830242939779 1319 1323 -1
1322 -65.92133511121946 -132.78337661587176 -235.3297487698486 1320 1324 -1
1323 -25.77444179658354 -147.58928060639457 -233.45281092812084 1321 1325 -1
1324 -66.05743402979175 -132.81218051992732 -235.15388384880345 1322 1326 -1
1325 -25.66024857777244 -147.52561525940732 -233.32385446009047 1323 1327 -1
1326 -66.19278597680353 -132.84308157536637 -234.97779858819243 1324 1328 -1
1327 -25.544532528279248 -147.46219273934148 -233.19614178934867 1325 1329 -1
1328 -66.3273746116688 -132.87608855836208 -234.80151052744657 1326 1330 -1
1329 -25.427314873038455 -147.39906137836383 -233.0696601415281 1327 1331 -1
1330 -66.46118152590412 -132.91121511003473 -234.62503709615015 1328 1332 -1
1331 -25.308615830968566 -147.33626907518826 -232.94439710879678 1329 1333 -1
1332 -66.59419247787282 -132.94846294971344 -234.4483970222704 1330 1334 -1
1333 -25.188453115857246 -147.2738638392283 -232.8203419720473 1331 1335 -1
1334 -66.72638971198369 -132.98784262355989 -234.27160855796546 1332 1336 -1
1335 -25.06684575376041 -147.2118928827309 -232.6974826287958 1333 1337 -1
1336 -66.85775683998914 -133.02936038822244 -234.09469056676318 1334 1338 -1
1337 -24.943812030116217 -147.1504030792677 -232.575807351106 1335 1339 -1
1338 -66.98827911869412 -133.0730178274918 -233.91766237016017 1336 1340 -1
1339 -24.81936870647072 -147.0894413602355 -232.45530551266287 1337 1341 -1
1340 -67.11793907347182 -133.11882293064406 -233.74054318125516 1338 1342 -1
1341 -24.693531811401396 -147.02905459190674 -232.33596700723618 1339 1343 -1
1342 -67.24672126668521 -133.16677805619778 -233.56335270400794 1340 1344 -1
1343 -24.566316696748668 -146.96928964532432 -232.21778227188025 1341 1345 -1
1344 -67.37461128572572 -133.21688274294453 -233.38611085589415 1342 1346 -1
1345 -24.43773809449882 -146.91019346462508 -232.10074230838995 1343 1347 -1
1346 -67.5015932568862 -133.26913970909865 -233.20883762085742 1344 1348 -1
1347 -24.307810174446775 -146.85181313372834 -231.98483870326507 1345 1349 -1
1348 -67.6276508974035 -133.32355216006488 -233.0315532037475 1346 1350 -1
1349 -24.17654426495666 -146.7941973761353 -231.87006562885992 1347 1351 -1
1350 -67.75277131702123 -133.38011512790786 -232.8542779576242 1348 1352 -1
1351 -24.0439551115831 -146.73739305207323 -231.7564146229561 1349 1353 -1
1352 -67.8769400989722 -133.43882701595032 -232.67703228269534 1350 1354 -1
1353 -23.910056395792008 -146.68144757230422 -231.64387842593857 1351 1355 -1
1354 -68.0 -133.5 -232.5 1352 1356 1357
1355 -23.77486065362062 -146.62640920503313 -231.53245112944703 1353 1358 -1
1356 -68.03511816110196 -133.683047830404 -232.4349676644908 1354 1359 -1
1357 -68.10662640552054 -133.4319646093543 -232.36919379374837 1354 1360 -1
1358 -23.638380164120495 -146.57232666211632 -231.42212749521906 1355 1361 -1
1359 -68.06589096707032 -133.86562390549673 -232.36652355571908 1356 1362 -1
1360 -68.21540283096567 -133.36366901333255 -232.2403607880217 1357 1363 -1
1361 -23.500627015247595 -146.5192491538702 -231.3129029699872 1358 1364 -1
1362 -68.09261491193621 -134.0475999677377 -232.29485482841952 1359 1365 -1
1363 -68.32607584242093 -133.29496732303727 -232.11337210178235 1360 1366 -1
1364 -23.361612912108697 -146.46722667121023 -231.2047739270783 1361 1367 -1
1365 -68.11553706879697 -134.22887533207617 -232.22015604871495 1362 1368 -1
1366 -68.43859053406939 -133.22589626784708 -231.98821531480525 1363 1369 -1
1367 -23.221347335977818 -146.41631188974992 -231.09773937317536 1364 1370 -1
1368 -68.1348764462225 -134.40936542966867 -232.14259580461396 1365 1371 -1
1369 -68.55289512139215 -133.1564910485002 -231.86487842791584 1366 1372 -1
1370 -23.07984502882273 -146.36655346418524 -230.9917944591002 1367 1373 -1
1371 -68.15082644757922 -134.58899777462815 -232.06231971001242 1368 1374 -1
1372 -68.6689383136388 -133.0867858854804 -231.74334737159037 1369 1375 -1
1373 -22.937118030702905 -146.3180030748585 -230.88693750643986 1370 1376 -1
1374 -68.1635592300018 -134.7677093267114 -231.97945464554968 1371 1377 -1
1375 -68.78666976923789 -133.0168138981513 -231.62360650174105 1372 1378 -1
1376 -22.793178554256887 -146.27071312983145 -230.7831675917794 1373 1379 -1
1377 -68.17322743170615 -134.94544397255936 -231.8941106899882 1374 1380 -1
1378 -68.90604393019767 -132.946606593777 -231.50564289225227 1375 1381 -1
1379 -22.64803906587313 -146.22473680037643 -230.68048455966357 1376 1382 -1
1380 -68.17996661509561 -135.12215072868847 -231.80638347271346 1377 1383 -1
1381 -69.02701305709476 -132.87619492265958 -231.38943896496158 1378 1384 -1
1382 -22.50171237007141 -146.1801280519846 -230.57888903519762 1379 1385 -1
1383 -68.1838979004018 -135.29778255523297 -231.7163565862284 1380 1386 -1
1384 -69.149533993567 -132.80560836702395 -231.27497996835683 1381 1387 -1
1385 -22.354211697243144 -146.13694167041194 -230.4783824362062 1382 1388 -1
1386 -68.18512875642041 -135.47229487810256 -231.62410242124758 1383 1389 -1
1387 -69.2735645132919 -132.7348755044478 -231.16225015429643 1384 1390 -1
1388 -22.20554939123705 -146.09523516281396 -230.37896832526528 1385 1391 -1
1389 -68.18375516211906 -135.64564492116347 -231.52968406891463 1386 1392 -1
1390 -69.39906275401422 -132.66402403543188 -231.0512321654585 1387 1393 -1
1391 -22.05574068579293 -146.05506407168926 -230.2806489594561 1388 1394 -1
1392 -68.17986223149373 -135.81779065648882 -231.4331559198842 1389 1395 -1
1393 -69.52598962277152 -132.5930806099107 -230.9419099388667 1390 1396 -1
1394 -21.904801372449526 -146.01648480385188 -230.18342752430706 1391 1397 -1
1395 -68.17352617754517 -135.98869057766495 -231.33456535667088 1392 1398 -1
1396 -69.65430772323563 -132.52207100532874 -230.83426763696244 1393 1399 -1
1397 -21.752747337986587 -145.979555540539 -230.08730871297365 1394 1400 -1
1398 -68.1648142548548 -136.15830266192938 -231.23395273503115 1395 1401 -1
1399 -69.7839807677748 -132.4510201966019 -230.72828905143086 1396 1402 -1
1400 -21.599595385604186 -145.94433531842367 -229.99229806090366 1397 1403 -1
1401 -68.15378635574913 -136.32658429151462 -231.13135274760194 1398 1404 -1
1402 -69.91497326450207 -132.37995237004904 -230.6239572854104 1399 1405 -1
1403 -21.445363343796526 -145.91088401331078 -229.89840195195498 1400 1406 -1
1404 -68.14049515005755 -136.49349151950824 -231.02679454799167 1401 1407 -1
1405 -70.04725161815387 -132.3088909378234 -230.52125622022726 1402 1408 -1
1406 -21.290070178449376 -145.87926231416895 -229.80562762264688 1403 1409 -1
1407 -68.12498716393925 -136.6589789581006 -230.92030267761857 1404 1410 -1
1408 -70.18078350042686 -132.2378586039195 -230.42016985139782 1405 1411 -1
1409 -21.133736107870988 -145.84953168664586 -229.71398316420283 1406 1412 -1
1410 -68.10730285750915 -136.82299913559382 -230.81189712829746 1407 1413 -1
1411 -70.31553780857767 -132.16687740162516 -230.320682330934 1408 1414 -1
1412 -20.97638272036616 -145.82175432518744 -229.62347752200796 1409 1415 -1
1413 -68.08747747854241 -136.98550240517238 -230.70159408414702 1410 1416 -1
1414 -70.45148530492139 -132.09596878501844 -230.22277892301585 1411 1417 -1
1415 -20.81803309385257 -145.79599309286135 -229.5341204920682 1412 1418 -1
1416 -68.06554123212625 -137.1464364583487 -230.58940607097534 1413 1419 -1
1417 -70.58859682704743 -132.02515355745922 -230.12644371487426 1414 1420 -1
1418 -20.658711916894504 -145.77231144797898 -229.44592271402516 1415 1421 -1
1419 -68.04151999806506 -137.3057462778449 -230.47534260004053 1416 1422 -1
1420 -70.72684458885668 -131.95445196278953 -230.03166140331786 1417 1423 -1
1421 -20.498445610395727 -145.7507733566191 -229.3588956602475 1418 1424 -1
1422 -68.01543511209634 -137.46337340713472 -230.35940998063265 1419 1425 -1
1423 -70.86620195982965 -131.88388372101534 -229.93841709575656 1420 1426 -1
1424 -20.337262449047437 -145.73144319018277 -229.27305162049268 1421 1427 -1
1425 -67.98730399847707 -137.61925588493935 -230.24161190421034 1422 1428 -1
1426 -71.00664403113842 -131.81346816934936 -229.84669720725492 1423 1429 -1
1427 -20.175192681472463 -145.71438560715688 -229.18840368160843 1424 1430 -1
1428 -67.95714040774324 -137.77332790921838 -230.12194968762734 1425 1431 -1
1429 -71.14814647840048 -131.74322416949963 -229.75648796478453 1426 1432 -1
1430 -20.012268647844405 -145.69966541833568 -229.10496570172592 1427 1433 -1
1431 -67.92495463830552 -137.92551949372898 -230.0004225124642 1428 1434 -1
1432 -71.29068473551038 -131.67316993549485 -229.66777423390621 1429 1435 -1
1433 -19.84852492292563 -145.68734718685926 -229.02275225348373 1430 1436 -1
1434 -67.89075374572161 -138.0757561151484 -229.87702766530734 1431 1437 -1
1435 -71.43423749877267 -131.60332374008135 -229.58054467260328 1432 1438 -1
1436 -19.68400207015146 -145.67746147041424 -228.94177502542513 1433 1439 -1
1437 -67.8545417435243 -138.22395834932576 -229.7517607839043 1434 1440 -1
1438 -71.57878198069493 -131.5337030315711 -229.49478490201673 1435 1441 -1
1439 -19.51874875410014 -145.66996805612993 -228.86203781494615 1436 1442 -1
1440 -67.81631979957714 -138.3700414958442 -229.62461611427847 1437 1443 -1
1441 -71.7242978231356 -131.46432527366966 -229.41048329624516 1438 1444 -1
1442 -19.352812975556 -145.66481636421685 -228.78354173720805 1439 1445 -1
1443 -67.77608643207658 -138.51391519075972 -229.49558678409156 1440 1446 -1
1444 -71.87076452232535 -131.39520740741895 -229.32762723848583 1441 1447 -1
1445 -19.186240877687933 -145.6619543672712 -228.70628614814828 1442 1448 -1
1446 -67.73383770951563 -138.65548300816528 -229.36466509779126 1443 1449 -1
1447 -72.01816317487798 -131.32636633637608 -229.24620581192568 1444 1450 -1
1448 -19.019076681817126 -145.6613288136463 -228.630268748241 1445 1451 -1
1449 -67.68956745917113 -138.79464205214578 -229.2318428593604 1446 1452 -1
1450 -72.16647419605872 -131.25781828095862 -229.16620634294972 1447 1453 -1
1451 -18.851362640983453 -145.6628854387791 -228.5554856889293 1448 1454 -1
1452 -67.64326748896185 -138.93128254176756 -229.0971117287733 1449 1455 -1
1453 -72.31568114152321 -131.1895800570729 -229.08762042527457 1450 1456 -1
1454 -18.683139009865535 -145.66656916350465 -228.48193168039288 1451 1457 -1
1455 -67.59492782784234 -139.06528739302132 -228.96046361853732 1452 1458 -1
1456 -72.46576521078198 -131.12166724406939 -229.01043532827424 1453 1459 -1
1457 -18.51444402955356 -145.67232427866696 -228.40960009945468 1454 1460 -1
1458 -67.54453699023068 -139.19653180314694 -228.82189113692627 1455 1461 -1
1459 -72.61671017066728 -131.0540959172404 -228.93464181352726 1456 1462 -1
1460 -18.345313925655105 -145.6800946155807 -228.33848309656676 1457 1463 -1
1461 -67.49208186861777 -139.32488225804187 -228.6813877104554 1458 1464 -1
1462 -72.76850059680174 -130.98688214337395 -228.86023146269878 1459 1465 -1
1463 -18.17578291822429 -145.68982370211876 -228.26857170095334 1460 1466 -1
1464 -67.43754895130994 -139.45019737219437 -228.53894897329684 1461 1467 -1
1465 -72.92112003545208 -130.92004117323248 -228.7871936710182 1462 1468 -1
1466 -18.005883242038976 -145.70145490439538 -228.1998559231274 1463 1469 -1
1467 -67.38092398998505 -139.57232655705587 -228.3945727319168 1464 1470 -1
1468 -73.07455357334625 -130.85358855566705 -228.71551989445499 1465 1471 -1
1469 -17.83564517580672 -145.71493155417986 -228.13232485412362 1466 1472 -1
1470 -67.32219218629518 -139.69110924770712 -228.24825945537705 1467 1473 -1
1471 -73.2287872628794 -130.78754000334416 -228.64520281005233 1468 1474 -1
1472 -17.665097078950424 -145.73019706231435 -228.06596676091587 1469 1475 -1
1473 -67.26133940558744 -139.80637575434952 -228.1000137391484 1470 1476 -1
1474 -73.38380698628842 -130.72191085523383 -228.57623443640128 1471 1477 -1
1475 -17.494265434707266 -145.74719501852388 -228.00076917759864 1472 1478 -1
1476 -67.198352339337 -139.91794649925177 -227.94984482142425 1473 1479 -1
1477 -73.53959882794072 -130.65671623890879 -228.50860676677777 1474 1480 -1
1478 -17.32317489836581 -145.76586927809575 -227.93671899201615 1475 1481 -1
1479 -67.13321892492691 -140.02563154684222 -227.79776737475459 1476 1482 -1
1480 -73.69614970682746 -130.5919714590015 -228.44231291006335 1477 1483 -1
1481 -17.151848349560535 -145.78616403597448 -227.87380252761673 1478 1484 -1
1482 -67.06592931085227 -140.12923109697658 -227.64380281035247 1479 1485 -1
1483 -73.85344693939614 -130.52769180566648 -228.37734638867062 1480 1486 -1
1484 -16.980306947641783 -145.80802388886417 -227.81200562039163 1481 1487 -1
1485 -66.99647663575377 -140.22853573515786 -227.4879804222848 1482 1488 -1
1486 -74.011478217328 -130.46389257207997 -228.3137011389937 1483 1489 -1
1487 -16.808570189236093 -145.83139388596499 -227.75131369083098 1484 1490 -1
1488 -66.92485749320488 -140.3233260372642 -227.3303382831004 1485 1491 -1
1489 -74.17023189697197 -130.40058929542286 -228.25137208556885 1486 1492 -1
1490 -16.636655967207915 -145.85621956898132 -227.69171181089112 1487 1493 -1
1491 -66.8510735236096 -140.41337458151912 -227.17092508911205 1488 1494 -1
1492 -74.32969610087373 -130.3377971655955 -228.19035353887432 1489 1495 -1
1493 -16.46458063032582 -145.88244700204484 -227.6331847660216 1490 1496 -1
1494 -66.77513188194466 -140.49844579146537 -227.00980103555355 1491 1497 -1
1495 -74.48985940638593 -130.27553150588372 -228.13064047231077 1492 1498 -1
1496 -16.292359043024764 -145.91002279218515 -227.57571711234306 1493 1499 -1
1497 -66.69704680244232 -140.57829839163742 -226.84703954579115 1494 1500 -1
1498 -74.65071079810407 -130.2138077901884 -228.07222848614228 1495 1501 -1
1499 -16.120004644738202 -145.93889410096213 -227.51929322910445 1496 1502 -1
1500 -66.61684018445217 -140.6526858736342 -226.68272816175022 1497 1503 -1
1501 -74.81223953034704 -130.15264157858024 -228.01511359353566 1498 1504 -1
1502 -15.947529508351467 -145.96900864784894 -227.46389736657588 1499 1505 -1
1503 -66.53454312360324 -140.72135960385899 -226.51697006705353 1500 1506 -1
1504 -74.97443510705025 -130.09204853306153 -227.95929221996653 1501 1507 -1
1505 -15.774944397398917 -146.00031470592214 -227.40951368955623 1502 1508 -1
1506 -66.45019701828961 -140.78407152671107 -226.34988511590313 1503 1509 -1
1507 -75.13728726187067 -130.03204443310483 -227.90476120254016 1504 1510 -1
1508 -15.602258821692505 -146.03276109037776 -227.35612631668965 1505 1511 -1
1509 -66.36385459706877 -140.84057732813625 -226.18161061112505 1506 1512 -1
1510 -75.30078593846315 -129.97264519098374 -227.85151778924308 1507 1513 -1
1511 -15.429481091128814 -146.06629714035296 -227.30371935579814 1508 1514 -1
1512 -66.27558081086343 -140.89064003975946 -226.0123017458755 1509 1515 -1
1513 -75.46492127088689 -129.9138668669085 -227.79955963813933 1510 1516 -1
1514 -15.256618367474845 -146.1008726944874 -227.2522769354431 1511 1517 -1
1515 -66.18545352746384 -140.93403403495847 -225.84213162114372 1512 1518 -1
1516 -75.62968356409989 -129.85572568397808 -227.74888481652084 1513 1519 -1
1517 -15.08367671398191 -146.1364380606156 -227.20178323292987 1514 1520 -1
1518 -66.09356396252655 -140.97054933503702 -225.67129075504403 1515 1521 -1
1519 -75.79506327449995 -129.79823804295944 -227.69949180002064 1516 1522 -1
1520 -14.910661121273055 -146.17294425375638 -227.1522227806595 1517 1523 -1
1521 -66.0 -141.0 -225.5 1518 1524 1525
1522 -75.96105099046895 -129.74142053690105 -227.65137947169222 1519 1526 -1
1523 -14.73757556146542 -146.21034282430523 -227.10358040316197 1520 1527 -1
1524 -65.91823540026846 -140.88369642676474 -225.38152849853014 1521 1528 -1
1525 -65.96316972324354 -141.04391974156198 -225.30494134955578 1521 1529 -1
1526 -76.12763741287817 -129.6852899655875 -227.60454712105803 1522 1530 -1
1527 -14.564423126601968 -146.2485845739113 -227.05583990114943 1523 1531 -1
1528 -65.83965165503096 -140.75526023557663 -225.27396112655433 1524 1532 -1
1529 -65.92459025529894 -141.08952681960128 -225.11056000165465 1525 1533 -1
1530 -76.2948133355113 -129.6298633498387 -227.5589944431263 1526 1534 -1
1531 -14.391205932073795 -146.2876212688726 -227.00898587102503 1527 1535 -1
1532 -65.76514631920017 -140.6145656011213 -225.1796714750859 1528 1536 -1
1533 -65.88429194449165 -141.1369808574896 -224.91697113431465 1529 1537 -1
1534 -76.46256962536123 -129.5751579456557 -227.51472153737177 1530 1538 -1
1535 -14.217925207110502 -146.32740491261472 -226.96300305158093 1531 1539 -1
1536 -65.69561444582772 -140.46227614967069 -225.10089297066963 1532 1540 -1
1537 -65.8422959706159 -141.1862768748969 -224.72420512992406 1533 1541 -1
1538 -76.63089720275774 -129.52119125821244 -227.47172890667576 1534 1542 -1
1539 -14.04458133020693 -146.3678876855187 -226.9178763349954 1535 1543 -1
1540 -65.63174246132353 -140.2999399714253 -225.03925211284889 1536 1544 -1
1541 -65.79862452126797 -141.23740906751988 -224.53229160388136 1537 1545 -1
1542 -76.79978702128128 -129.46798105569044 -227.4300174562153 1538 1546 -1
1543 -13.871173862297539 -146.40902188027795 -226.87359077567226 1539 1547 -1
1544 -65.57379895328407 -140.12979066523343 -224.99535271274195 1540 1548 -1
1545 -65.75329969649194 -141.29037201333966 -224.34125995136358 1541 1549 -1
1546 -76.96923004741949 -129.41554538295048 -227.38958849229155 1542 1550 -1
1547 -13.697701577767555 -146.45075983279443 -226.83013159708662 1543 1551 -1
1548 -65.52152149876433 -139.95430767935866 -224.9686316211021 1544 1552 -1
1549 -65.70634468750953 -141.34515938277505 -224.15113872803306 1545 1553 -1
1550 -77.13921723992173 -129.36390257503268 -227.35044372108132 1546 1554 -1
1551 -13.524162493409326 -146.4930538485765 -226.78748419679195 1547 1555 -1
1552 -65.47415466991092 -139.77575313738305 -224.95755589297974 1548 1556 -1
1553 -65.65778617093683 -141.40176117407938 -223.96195411378193 1549 1557 -1
1554 -77.30973952880797 -129.31307127047398 -227.31258524729745 1550 1558 -1
1555 -13.350553686957587 -146.5358574453642 -226.74563639308013 1551 1559 -1
1556 -65.4305922501804 -139.59589048573395 -224.96000748762722 1552 1560 -1
1557 -65.6076498043488 -141.460168736598 -223.773732377385 1553 1561 -1
1558 -77.48078786803251 -129.2630705461642 -227.27601575779676 1554 1562 -1
1559 -13.176871896512834 -146.5791211920125 -226.70457190374898 1555 1563 -1
1560 -65.3895347887972 -139.41592557880276 -224.97365172435826 1556 1564 -1
1561 -65.55595875599062 -141.52037659065834 -223.5865010339896 1557 1565 -1
1562 -77.65235305794786 -129.21391968891675 -227.24073814195285 1558 1566 -1
1563 -13.003113015662985 -146.6227967384203 -226.66427660449773 1559 1567 -1
1564 -65.34960186595474 -139.23659120496865 -224.99617606233568 1560 1568 -1
1565 -65.50274356548167 -141.5823709448938 -223.40028242120127 1561 1569 -1
1566 -77.82442576062358 -129.16563824849814 -227.206755567803 1562 1570 -1
1567 -12.829272272097917 -146.66683539613183 -226.62473660943445 1563 1571 -1
1568 -65.30938626492573 -139.05828243648233 -225.0253949093694 1564 1572 -1
1569 -65.4480309550095 -141.6461426368174 -223.2151007854426 1565 1573 -1
1570 -77.99699657370205 -129.11824621310777 -227.17407172477988 1566 1574 -1
1571 -12.655343953485874 -146.71118885657668 -226.58594055694516 1567 1575 -1
1572 -65.26746260534117 -138.88118945691528 -225.05925708844669 1568 1576 -1
1573 -65.39184786205186 -141.71168253353108 -223.0309798351902 1569 1577 -1
1574 -78.17005595412607 -129.0717639379903 -227.1426906919832 1570 1578 -1
1575 -12.481322142782608 -146.7558065211782 -226.54787351550524 1571 1579 -1
1576 -65.22236952736081 -138.7054125207095 -225.09579895259407 1572 1580 -1
1577 -65.33422596208288 -141.77897596785874 -222.84793923738223 1573 1581 -1
1578 -78.34359419414207 -129.02621215721655 -227.1126169357714 1574 1582 -1
1579 -12.307200286273329 -146.80063755599087 -226.5105213098163 1575 1583 -1
1580 -65.17258198692822 -138.53106416953477 -225.1330689531509 1576 1584 -1
1581 -65.2751912016235 -141.84801547625497 -222.66600243428297 1577 1585 -1
1582 -78.51760139665653 -128.98161199509676 -227.08385530705996 1578 1586 -1
1583 -12.132970668422118 -146.84563112230265 -226.47387363523595 1579 1587 -1
1584 -65.11648930557723 -138.35837204784158 -225.16904052562654 1580 1588 -1
1585 -65.21477677376558 -141.91878482951847 -222.48518662161933 1581 1589 -1
1586 -78.6920674499058 -128.93798497718242 -227.05641103828282 1582 1590 -1
1587 -11.958625694328555 -146.8907341816306 -226.43791562040934 1583 1591 -1
1588 -65.05240121657944 -138.18779562064742 -225.20152846949824 1584 1592 -1
1589 -65.15301060429258 -141.99127455018774 -222.30551261016655 1585 1593 -1
1590 -78.8669820014025 -128.89535304080817 -227.03028973997414 1586 1594 -1
1591 -11.784156797186842 -146.93589312496673 -226.40263516671715 1587 1595 -1
1592 -64.97861141805222 -138.02016326662914 -225.22813349444726 1588 1596 -1
1593 -65.08992516721558 -142.06546955747942 -222.12699676984718 1589 1597 -1
1594 -79.04233443112248 -128.85373854511826 -227.00549739692016 1590 1598 -1
1595 -11.60955477969611 -146.98105282881139 -226.36802050896807 1591 1599 -1
1596 -64.89356158245043 -137.85681179244358 -225.24626164869645 1592 1600 -1
1597 -65.02555007973861 -142.14135860912242 -221.949657310967 1593 1601 -1
1598 -79.21811393254535 -128.81316455837683 -226.98204071449294 1594 1602 -1
1599 -11.434810197419072 -147.0261566245936 -226.33405851773517 1595 1603 -1
1600 -64.79613393852485 -137.69966312317612 -225.25328724215805 1596 1604 -1
1601 -64.95991800893427 -142.21892660000694 -221.77350899367386 1597 1605 -1
1602 -79.39430940033748 -128.77365471206247 -226.959926892938 1598 1606 -1
1603 -11.25991283178104 -147.07114610322142 -226.30073740140426 1599 1607 -1
1604 -64.68602617033127 -137.5511196942726 -225.24690621806155 1600 1608 -1
1605 -64.89305911939361 -142.29816191020666 -221.5985682809007 1601 1609 -1
1606 -79.57090901100459 -128.73523213510933 -226.93916230010163 1602 1610 -1
1607 -11.084851776991428 -147.11596055387042 -226.2680459732367 1603 1611 -1
1608 -64.56403558032882 -137.41367640925822 -225.22561732973938 1604 1612 -1
1609 -64.82500694467444 -142.37904844330484 -221.42484759327127 1605 1613 -1
1610 -79.74790078717767 -128.69792097179456 -226.9197543754791 1606 1614 -1
1611 -10.909616267450444 -147.16053787196896 -226.2359708337486 1607 1615 -1
1612 -64.43200931008582 -137.28933216162292 -225.18908995098312 1608 1616 -1
1613 -64.75579130560361 -142.46157537895735 -221.25236248022608 1609 1617 -1
1614 -79.92527233693907 -128.66174582857934 -226.9017109051431 1610 1618 -1
1615 -10.734194334938698 -147.20481256946832 -226.20450131682298 1611 1619 -1
1616 -64.29240443261094 -137.1791092839886 -225.13816439788263 1612 1620 -1
1617 -64.68544692450097 -142.54572505637802 -221.08112252482755 1613 1621 -1
1618 -80.10301100843806 -128.62673240535426 -226.8850407424854 1614 1622 -1
1619 -10.558573571548994 -147.24871613031706 -226.17362649279664 1615 1623 -1
1620 -64.1477036665289 -137.08295617057064 -225.0744815926983 1616 1624 -1
1621 -64.61400305080672 -142.63148779862803 -220.91114265831644 1617 1625 -1
1622 -80.2811035486598 -128.59290659610085 -226.86975270903713 1618 1626 -1
1623 -10.382741747526186 -147.29217812260717 -226.14333376391576 1619 1627 -1
1624 -64.0 -137.0 -225.0 1620 -1 -1
1625 -64.5414946502867 -142.71884563651105 -220.742430550829 1621 1628 -1
1626 -80.45953586797259 -128.56029363020346 -226.85585463831404 1622 1629 -1
1627 -10.206685809907885 -147.3351238731392 -226.11361192764508 1623 1630 -1
1628 -64.4679524752189 -142.8077869136489 -220.57499805273343 1625 1631 -1
1629 -80.63829358187323 -128.5289200172833 -226.84335562317492 1626 1632 -1
1630 -10.030392374426363 -147.37747481749264 -226.08444974897085 1627 1633 -1
1631 -64.39340940338333 -142.89829684963667 -220.4088537445222 1628 1634 -1
1632 -80.81736215083279 -128.49881462465558 -226.83226711627702 1629 1635 -1
1633 -9.85384779892828 -147.41914811993072 -226.05583594143596 1630 1636 -1
1634 -64.31789842746592 -142.99036044027608 -220.24400518811728 1631 1637 -1
1635 -80.99672557950649 -128.47000344207856 -226.82259711479563 1632 1638 -1
1636 -9.677038274378612 -147.4600562610687 -226.02775914765076 1633 1639 -1
1637 -64.24145010378292 -143.08396672240292 -220.08046258464375 1634 1640 -1
1638 -81.17636759745433 -128.4425143881159 -226.8143555313793 1635 1641 -1
1639 -9.5 -147.5 -226.0 1636 -1 -1
1640 -64.16409868967718 -143.1790986456654 -219.91823019997813 1637 1642 -1
1641 -81.35627165730338 -128.4163782041853 -226.80755501028804 1638 1643 -1
1642 -64.08587519503712 -143.27574459281405 -219.7573161705876 1640 1644 -1
1643 -81.53641959108101 -128.3916215389617 -226.80220358175498 1641 1645 -1
1644 -64.00681191636956 -143.3738908196978 -219.59772607021097 1642 1646 -1
1645 -81.71679321058573 -128.36827571337773 -226.79831393814743 1643 1647 -1
1646 -63.92694171650755 -143.47352245569104 -219.43946369185537 1644 1648 -1
1647 -81.89737305164238 -128.3463698815209 -226.79589623365808 1645 1649 -1
1648 -63.846295022707785 -143.57462917902885 -219.2825361912981 1646 1650 -1
1649 -82.07813898386816 -128.32593497798499 -226.7949621816308 1647 1651 -1
1650 -63.76490476828911 -143.6771959291619 -219.1269457319143 1648 1652 -1
1651 -82.25906989067707 -128.30700187558423 -226.79552315008547 1649 1653 -1
1652 -63.6828028176537 -143.78120953209478 -218.97269544212028 1650 1654 -1
1653 -82.44014372693836 -128.28960219063129 -226.7975909641575 1651 1655 -1
1654 -63.600019248806085 -143.8866605949804 -218.81979131575287 1652 1656 -1
1655 -82.62133738014346 -128.27376704974512 -226.8011767000555 1653 1657 -1
1656 -63.5165868469175 -143.99353398019593 -218.66823329277435 1654 1658 -1
1657 -82.80262682995499 -128.25953012593862 -226.806293601178 1655 1659 -1
1658 -63.432536789627804 -144.10181778870157 -218.5180236601678 1656 1660 -1
1659 -82.98398677347147 -128.24692184225086 -226.8129515287878 1657 1661 -1
1660 -63.347898987019335 -144.21150320452483 -218.3691670634076 1658 1662 -1
1661 -83.16539096070336 -128.23597732292936 -226.82116450411252 1659 1663 -1
1662 -63.262705553019835 -144.32257610278546 -218.2216623968034 1660 1664 -1
1663 -83.34681183951915 -128.22672837466362 -226.83094313924207 1661 1665 -1
1664 -63.176987227562606 -144.43502546559984 -218.07551092324508 1662 1666 -1
1665 -83.52822071526663 -128.21920781601114 -226.8422987370579 1663 1667 -1
1666 -63.090773890678804 -144.54884268994985 -217.93071572599445 1664 1668 -1
1667 -83.70958758591865 -128.21345088056722 -226.85524449268186 1665 1669 -1
1668 -63.00409668691158 -144.66401566949392 -217.78727584888236 1666 1670 -1
1669 -83.89088118322923 -128.20949052831327 -226.8697912448756 1667 1671 -1
1670 -62.916986116571735 -144.78053387375664 -217.64519132184262 1668 1672 -1
1671 -84.07206896031984 -128.20735985233662 -226.8859496960567 1669 1673 -1
1672 -62.82947212374539 -144.89838851527887 -217.50446340432492 1670 1674 -1
1673 -84.25311698878103 -128.2070927354773 -226.90373097188342 1671 1675 -1
1674 -62.74158479185145 -145.01757048404608 -217.3650925316644 1672 1676 -1
1675 -84.43398987674014 -128.2087236652696 -226.92314642518124 1673 1677 -1
1676 -62.65335453139664 -145.13806932023616 -217.2270772467474 1674 1678 -1
1677 -84.61465084113713 -128.21228644625015 -226.9442065221645 1675 1679 -1
1678 -62.56481124906976 -145.25987626279843 -217.0904173455022 1676 1680 -1
1679 -84.79506182252001 -128.2178135332636 -226.96692031747418 1677 1681 -1
1680 -62.47598451153179 -145.38298421676114 -216.95511391080984 1678 1682 -1
1681 -84.97518323354444 -128.22533802800726 -226.99129715411485 1679 1683 -1
1682 -62.38690430457203 -145.50738431258804 -216.82116574499494 1680 1684 -1
1683 -85.15497404335248 -128.23489261619366 -227.01734575898737 1681 1685 -1
1684 -62.297600476244455 -145.63306812968025 -216.6885716859542 1682 1686 -1
1685 -85.33439177980746 -128.24650946755054 -227.04507417000647 1683 1687 -1
1686 -62.20810269301095 -145.7600282404697 -216.55733121488677 1684 1688 -1
1687 -85.51339253944863 -128.26022013045974 -227.07448966125878 1685 1689 -1
1688 -62.118440537219044 -145.88825813119715 -216.42744441278873 1686 1690 -1
1689 -85.69193100585231 -128.2760554215102 -227.10559866655822 1687 1691 -1
1690 -62.02864365726628 -146.0177514113381 -216.2989111468511 1688 1692 -1
1691 -85.8699604770725 -128.2940453103253 -227.13840670181693 1689 1693 -1
1692 -61.93874183485924 -146.14850058264054 -216.17172975552532 1690 1694 -1
1693 -86.04743290281178 -128.3142188001117 -227.1729182867053 1691 1695 -1
1694 -61.8487647437223 -146.28049953273353 -216.0458997453061 1692 1696 -1
1695 -86.22429893193488 -128.33660380447205 -227.20913686613693 1693 1697 -1
1696 -61.75874210614111 -146.41374247056467 -215.92142067880357 1694 1698 -1
1697 -86.40050797088787 -128.3612270211194 -227.2470647321711 1695 1699 -1
1698 -61.668703712705074 -146.54822392206088 -215.79829219322406 1696 1700 -1
1699 -86.57600824736743 -128.38811382170934 -227.28670296079616 1697 1701 -1
1700 -61.57867947005657 -146.68393947976594 -215.67651484774822 1698 1702 -1
1701 -86.75074687245004 -128.41728817166188 -227.32805137291638 1699 1703 -1
1702 -61.48869938797144 -146.82088369552534 -215.5560878379982 1700 1704 -1
1703 -86.92467002624525 -128.44877223450433 -227.37110826507603 1701 1705 -1
1704 -61.39879357640287 -146.95905173234868 -215.43701082123417 1702 1706 -1
1705 -87.09772295341513 -128.4825865730485 -227.41587058775607 1703 1707 -1
1706 -61.30899230264922 -147.0984393253827 -215.31928390417772 1704 1708 -1
1707 -87.26985012305997 -128.51874988754875 -227.46233377947493 1705 1709 -1
1708 -61.21932601145545 -147.23904249513805 -215.20290735367388 1706 1710 -1
1709 -87.44099535934248 -128.55727888948672 -227.51049170628968 1707 1711 -1
1710 -61.129825348957304 -147.38085753916025 -215.08788161260944 1708 1712 -1
1711 -87.61110198424244 -128.59818817929374 -227.56033660710372 1709 1713 -1
1712 -61.04052118727281 -147.52388102296888 -214.97420731548797 1710 1714 -1
1713 -87.78011297204763 -128.64149012931205 -227.61185904563507 1711 1715 -1
1714 -60.951444649727186 -147.66810977023295 -214.8618853036823 1712 1716 -1
1715 -87.9479711150079 -128.6871947733307 -227.6650478698828 1713 1717 -1
1716 -60.862627136697 -147.81354085214707 -214.75091664038422 1714 1718 -1
1717 -88.1146191993921 -128.73530970404684 -227.71989017989745 1715 1719 -1
1718 -60.77410035205881 -147.96017157596668 -214.64130262527075 1716 1720 -1
1719 -88.28000019099802 -128.78583997979754 -227.77637130461272 1717 1721 -1
1720 -60.685896330227244 -148.10799947265687 -214.53304480890387 1718 1722 -1
1721 -88.44405742897591 -128.8387880418769 -227.83447478843235 1719 1723 -1
1722 -60.598047463765404 -148.25702228360325 -214.42614500687844 1720 1724 -1
1723 -88.6067348266429 -128.89415364369955 -227.89418238817996 1721 1725 -1
1724 -60.51058653154972 -148.40723794632896 -214.32060531373196 1722 1726 -1
1725 -88.76797707778903 -128.95193379299187 -227.9554740809272 1723 1727 -1
1726 -60.423546727467965 -148.55864457915536 -214.2164281166256 1724 1728 -1
1727 -88.92772897028108 -129.01212410254624 -228.01832897700095 1725 1729 -1
1728 -60.33696168962735 -148.71124046474 -214.11361610880448 1726 1730 -1
1729 -89.0859371831639 -129.0747161263677 -228.08272362828342 1727 1731 -1
1730 -60.250865530045324 -148.8650240324196 -214.0121723028433 1728 1732 -1
1731 -89.24255064670143 -129.13969735390458 -228.14863212193953 1729 1733 -1
1732 -60.16529307625882 -149.01999428795185 -213.91210056440462 1730 1734 -1
1733 -89.39751878018735 -129.20705417780894 -228.21602801403975 1731 1735 -1
1734 -60.080279741397796 -149.17615033805382 -213.81340510495752 1732 1736 -1
1735 -89.55079083569257 -129.27677277240554 -228.28488485284993 1733 1737 -1
1736 -59.99586093938006 -149.33349020969362 -213.7160891393215 1734 1738 -1
1737 -89.70232274862046 -129.34883005759104 -228.3551706826619 1735 1739 -1
1738 -59.912073002442526 -149.49201271828514 -213.6201570923348 1736 1740 -1
1739 -89.85206663946607 -129.42320823254164 -228.42685700297682 1737 1741 -1
1740 -59.828952028197484 -149.6517164906624 -213.52561414841085 1738 1742 -1
1741 -90.0 -129.5 -228.5 1739 -1 -1
1742 -59.746504909362216 -149.81258992822015 -213.43247461895393 1740 1743 -1
1743 -59.66469943047142 -149.97460354466048 -213.34075648445923 1742 1744 -1
1744 -59.58350140623403 -150.1377285379379 -213.25047975436033 1743 1745 -1
1745 -59.50287665579346 -150.30193750869836 -213.1616662526481 1744 1746 -1
1746 -59.42278800906381 -150.46719865607005 -213.07433161329433 1745 1747 -1
1747 -59.34319927553614 -150.6334833074917 -212.9884955492804 1746 1748 -1
1748 -59.26407260751473 -150.80076073137258 -212.90417462142403 1747 1749 -1
1749 -59.18536955762825 -150.9690001043963 -212.82138493494048 1748 1750 -1
1750 -59.107051363381004 -151.13817118966088 -212.74014334058558 1749 1751 -1
1751 -59.029078004513124 -151.3082419271189 -212.660463387103 1750 1752 -1
1752 -58.95140956977504 -151.47918179619097 -212.58236105679276 1751 1753 -1
1753 -58.874005000708095 -151.65095828233174 -212.50584849307555 1752 1754 -1
1754 -58.79682322482864 -151.8235400398109 -212.43093978687392 1753 1755 -1
1755 -58.71982247908993 -151.9968946277002 -212.35764669403923 1754 1756 -1
1756 -58.642960703686256 -152.17098953781306 -212.28598053834273 1755 1757 -1
1757 -58.56619559787342 -152.3457927118212 -212.2159535563907 1756 1758 -1
1758 -58.48948443854791 -152.5212703155436 -212.14757358542496 1757 1759 -1
1759 -58.41278442355367 -152.6973907968033 -212.08085404830334 1758 1760 -1
1760 -58.336052536779654 -152.87411949309944 -212.01580024114426 1759 1761 -1
1761 -58.25924561791231 -153.0514237818463 -211.9524228016504 1760 1762 -1
1762 -58.182320502623575 -153.2292697433873 -211.8907287724141 1761 1763 -1
1763 -58.105234129417184 -153.40762324921909 -211.83072434206628 1762 1764 -1
1764 -58.027943061810944 -153.58645095886263 -211.7724186477953 1763 1765 -1
1765 -57.95040470202394 -153.7657177204304 -211.71581438531533 1764 1766 -1
1766 -57.87257578636177 -153.94538970966312 -211.66091951258323 1765 1767 -1
1767 -57.79441393911949 -154.12543182759603 -211.60773709239896 1766 1768 -1
1768 -57.71587680644057 -154.3058091927784 -211.55627125423788 1767 1769 -1
1769 -57.63692198561423 -154.48648691142867 -211.50652687483216 1768 1770 -1
1770 -57.557508534962075 -154.66742920596113 -211.4585040296107 1769 1771 -1
1771 -57.477594078531524 -154.8486010783873 -211.41220896078133 1770 1772 -1
1772 -57.397139124727005 -155.02996623948818 -211.36763905792898 1771 1773 -1
1773 -57.31610235942419 -155.21148909132037 -211.32479875587543 1772 1774 -1
1774 -57.23444514718865 -155.39313324137558 -211.28368558036132 1773 1775 -1
1775 -57.152127630319924 -155.57486250029646 -211.24430169786504 1774 1776 -1
1776 -57.06911246018107 -155.75664026115172 -211.2066438868803 1775 1777 -1
1777 -56.98536111565651 -155.93842988366836 -211.17071305023987 1776 1778 -1
1778 -56.900838222747154 -156.12019456102016 -211.13650400506367 1777 1779 -1
1779 -56.815506221376715 -156.3018972241009 -211.10401764464893 1778 1780 -1
1780 -56.7293319788938 -156.48350095824964 -211.07324671205268 1779 1781 -1
1781 -56.64228027834017 -156.664968441476 -211.0441895853148 1780 1782 -1
1782 -56.554318661765045 -156.8462624967237 -211.0168404254009 1781 1783 -1
1783 -56.46541587130493 -157.02734600344073 -210.99119259721405 1782 1784 -1
1784 -56.37553972882335 -157.2081813250501 -210.9672423344521 1783 1785 -1
1785 -56.28466151297764 -157.38873140110144 -210.9449810897118 1784 1786 -1
1786 -56.19275308593635 -157.56895911808155 -210.92440077153356 1785 1787 -1
1787 -56.0997871486505 -157.74882733625557 -210.90549323588627 1786 1788 -1
1788 -56.00573676939072 -157.92829867758252 -210.88825094936183 1787 1789 -1
1789 -55.91057804380775 -158.1073365481852 -210.8726629971555 1788 1790 -1
1790 -55.81428784257249 -158.28590438827038 -210.858718663127 1789 1791 -1
1791 -55.71684417603052 -158.46396580275842 -210.8464068509335 1790 1792 -1
1792 -55.618226461793334 -158.64148469839344 -210.83571571987932 1791 1793 -1
1793 -55.51841555384455 -158.81842533690465 -210.8266326839469 1792 1794 -1
1794 -55.41739376839785 -158.99475239019 -210.8191444126414 1793 1795 -1
1795 -55.31514490628887 -159.17043099727812 -210.81323683378866 1794 1796 -1
1796 -55.211654271694904 -159.3454268227987 -210.8088951384173 1795 1797 -1
1797 -55.10690854190945 -159.5197060307918 -210.80610396353927 1796 1798 -1
1798 -55.00089446382688 -159.69323452429174 -210.80484894566897 1797 1799 -1
1799 -54.89360321763568 -159.8659806156199 -210.80511149415184 1798 1800 -1
1800 -54.78502620376233 -160.03791263124964 -210.8068739523635 1799 1801 -1
1801 -54.67515402887585 -160.208998153814 -210.81012060905476 1800 1802 -1
1802 -54.563982067955614 -160.3792077103031 -210.81483133083594 1801 1803 -1
1803 -54.451505212231815 -160.54851141982633 -210.82098760783987 1802 1804 -1
1804 -54.33772009344756 -160.71688048755587 -210.82856999024025 1803 1805 -1
1805 -54.222624364960836 -160.8842867632914 -210.8375588855041 1804 1806 -1
1806 -54.10621884015072 -161.0507044180811 -210.84793229821182 1805 1807 -1
1807 -53.988502159152674 -161.21610595158486 -210.85967144301213 1806 1808 -1
1808 -53.869477147595376 -161.38046708691093 -210.8727540455133 1807 1809 -1
1809 -53.74914739646161 -161.54376426619785 -210.88715796133846 1808 1810 -1
1810 -53.62751701564193 -161.70597445532587 -210.9028613773116 1809 1811 -1
1811 -53.50459134914347 -161.86707576327765 -210.91984206224464 1810 1812 -1
1812 -53.38037693872354 -162.0270474784808 -210.93807739870866 1811 1813 -1
1813 -53.25488148456617 -162.1858701020544 -210.95754441618055 1812 1814 -1
1814 -53.128113803185705 -162.34352537775445 -210.9782198254229 1813 1815 -1
1815 -53.0 -162.5 -211.0 1814 -1 -1
