0 -58.0 -137.0 634.0 -1 1 -1
1 -58.054192471058 -136.87493867188675 633.8320099173714 0 2 -1
2 -58.11744708943897 -136.74871773946418 633.6681279387102 1 3 -1
3 -58.188886642490196 -136.6215640782312 633.5083789895536 2 4 -1
4 -58.26766819134306 -136.49366489381998 633.35272637905 3 5 -1
5 -58.352992001457125 -136.3651597186692 633.2010699488501 4 6 -1
6 -58.44411617785754 -136.23614604083642 633.0532658141035 5 7 -1
7 -58.54035568794699 -136.10668612066502 632.9091375108608 6 8 -1
8 -58.641084987991654 -135.9768127558529 632.7684891254779 7 9 -1
9 -58.74573482599897 -135.84653463707235 632.6311139243645 8 10 -1
10 -58.85378588160667 -135.71584110690637 632.4967990657665 9 11 -1
11 -58.96476600496515 -135.58470565929383 632.3653322055076 10 12 -1
12 -59.078242839997365 -135.45308925530856 632.2365027905149 11 13 -1
13 -59.19382006467159 -135.32094248883098 632.1101056533721 12 14 -1
14 -59.31113131223929 -135.18820764814035 631.9859412387078 13 15 -1
15 -59.42983592303422 -135.05481998797757 631.863816916791 14 16 -1
16 -59.54961383273871 -134.92070915442565 631.7435462112218 15 17 -1
17 -59.67016216791755 -134.7857996298346 631.6249498273106 16 18 -1
18 -59.791190935916866 -134.65001158453438 631.5078546489145 17 19 -1
19 -59.91241954782851 -134.51326134707642 631.3920934077213 18 20 -1
20 -60.03357347458242 -134.37546169141356 631.2775043082107 19 21 -1
21 -60.15438100807641 -134.23652218550268 631.1639304239084 20 22 -1
22 -60.274570116256065 -134.09634938529817 631.0512192361438 21 23 -1
23 -60.39386532901741 -133.95484709239034 630.9392221149678 22 24 -1
24 -60.51198463334189 -133.8119166544172 630.827793862751 23 25 -1
25 -60.62863634672572 -133.66745736515466 630.7167923390161 24 26 -1
26 -60.74351594725554 -133.52136701710072 630.6060782000226 25 27 -1
27 -60.856302849244855 -133.3735426668303 630.4955147899486 26 28 -1
28 -60.966656594185054 -133.2238813117387 630.3849682037637 27 29 -1
29 -61.07421404216357 -133.07228175695627 630.2743075580795 28 30 -1
30 -61.178584708206586 -132.91864563649006 630.1634055192992 29 31 -1
31 -61.27934871230525 -132.76288073750948 630.0521393242644 30 32 -1
32 -61.37605124179334 -132.6049027716184 629.9403919354787 31 33 -1
33 -61.468202493811624 -132.44464089702208 629.8280542657892 32 34 -1
34 -61.55527153957754 -132.28204062391566 629.7150272158448 33 35 -1
35 -61.636687672119905 -132.1170711575738 629.6012252210736 34 36 -1
36 -61.71184132234235 -131.94973252152573 629.4865803086658 35 37 -1
37 -61.78008317193922 -131.78006239356446 629.3710463429506 36 38 -1
38 -61.84073521793473 -131.60814692628108 629.2546050776552 37 39 -1
39 -61.893095929809384 -131.43412853033817 629.1372713321722 38 40 -1
40 -61.936462181267345 -131.25821645538306 629.0190994292018 39 41 -1
41 -61.970141454927266 -131.08069203830632 628.900187319578 40 42 -1
42 -61.993486347549634 -130.901914278824 628.780680596543 41 43 -1
43 -62.00591959022711 -130.7223177418329 628.6607725673738 42 44 -1
44 -62.00696740051945 -130.54240533953404 628.5407012285382 43 45 -1
45 -61.99628590532801 -130.36273389236547 628.4207419771864 44 46 -1
46 -61.973692063257566 -130.18389280819622 628.3011961124657 45 47 -1
47 -61.93917037136368 -130.00647828687082 628.1823763296652 46 48 -1
48 -61.892875106085235 -129.8310661936334 628.0645909847966 47 49 -1
49 -61.83512154239535 -129.6581860408741 627.9481286117889 48 50 -1
50 -61.76636437499255 -129.48829977399973 627.8332448669169 49 51 -1
51 -61.68716274584715 -129.32178965001938 627.7201544191153 50 52 -1
52 -61.598153747607455 -129.15895046070005 627.609025447673 51 53 -1
53 -61.5 -129.0 627.5 52 54 55
54 -61.40299798507701 -128.9338679235538 627.3308168982711 53 57 -1
55 -61.35177593355834 -128.93299264307444 627.264600014927 53 58 -1
56 -61.51550002591629 -128.8556821094005 627.6149190833094 53 59 -1
57 -61.30664236578323 -128.8675302729204 627.1615925943019 54 60 -1
58 -61.20143718322888 -128.85901951003407 627.0326589288313 55 61 -1
59 -61.527626736216874 -128.70857361446357 627.726647017466 56 62 -1
60 -61.210867797812774 -128.8010780071086 626.9920836462965 57 63 -1
61 -61.04858816669373 -128.776202874182 626.8054051383472 58 64 -1
62 -61.53640479124274 -128.55876957159552 627.8350572497446 59 65 -1
63 -61.115663167717976 -128.73454233810511 626.8222865927161 60 66 -1
64 -60.89274153775959 -128.68176684845733 626.5848386913957 61 67 -1
65 -61.54188400249727 -128.40637501485475 627.9400190304118 62 68 -1
66 -61.02101722206573 -128.6679547161211 626.652197816583 63 69 -1
67 -60.73335815008644 -128.57139960891502 626.3744845460214 64 70 -1
68 -61.54414016283571 -128.25150778245288 628.0414201547264 65 71 -1
69 -60.9269189390476 -128.601346848894 626.4818133521165 66 72 -1
70 -60.57013592375616 -128.43805550147698 626.1812297937621 67 73 -1
71 -61.54327603633758 -128.09429656959367 628.1391702922164 68 74 -1
72 -60.83335993814787 -128.53475101912383 626.311127471006 69 75 -1
73 -60.4044990359168 -128.270206335304 626.0201201976323 70 76 -1
74 -61.539421336147 -127.93487826027184 628.2332034476109 71 77 -1
75 -60.74032506212967 -128.46819961491653 626.1401380479467 72 78 -1
76 -60.24594734023652 -128.05418978825537 625.924462745696 73 79 -1
77 -61.53273140159244 -127.77339449850577 628.3234788135561 74 80 -1
78 -60.64780254975672 -128.40172518917612 625.9688409498676 75 81 -1
79 -60.121450661059626 -127.79960567493113 625.9374773760946 76 82 -1
80 -61.52338710261045 -127.60998944066735 628.4099831763466 77 83 -1
81 -60.555780530514745 -128.33536059533452 625.7972319465653 78 84 -1
82 -60.04773079298649 -127.54749803678101 626.048094407618 79 85 -1
83 -61.51159252873014 -127.44480625172001 628.4927302817961 80 86 -1
84 -60.46424887933996 -128.26913968431447 625.6253054802698 81 87 -1
85 -60.01063094634503 -127.31445179050314 626.209375083888 82 88 -1
86 -61.49757387952383 -127.27798490384559 628.5717616447021 83 89 -1
87 -60.37319592399939 -128.20309656900642 625.4530567433494 84 90 -1
88 -59.99404748909067 -127.09587768836118 626.3931739884691 85 91 -1
89 -61.48157685290861 -127.10965932627711 628.6471446804762 86 92 -1
90 -60.28260717348335 -128.13726444032676 625.2804827915372 87 93 -1
91 -59.988292269009015 -126.88504755828457 626.5865277202007 88 94 -1
92 -61.463865471707045 -126.93995608833626 628.7189728975934 89 95 -1
93 -60.19247036605996 -128.0716775305289 625.1075791395234 90 96 -1
94 -59.98738998643524 -126.67651067739764 626.7824567509051 91 97 -1
95 -61.444719574149765 -126.76899251531776 628.7873631957034 92 98 -1
96 -60.10277539577901 -128.00637208950258 624.9343395051146 93 99 -1
97 -59.98697912272506 -126.4657614424528 626.9759979651823 94 100 -1
98 -61.424433148665265 -126.5968757245595 628.8524536841869 95 101 -1
99 -60.01350954020403 -127.94138354060061 624.7607594004107 96 102 -1
100 -59.98315805509909 -126.24869734533387 627.1623564234787 97 103 -1
101 -61.403313578225664 -126.4237029588552 628.9144036986963 98 104 -1
102 -59.92465825442167 -127.8767460117133 624.586835871167 99 105 -1
103 -59.971724944786835 -126.0213294033198 627.3355785904565 100 106 -1
104 -61.381679828582406 -126.24956101688944 628.9733896706066 101 107 -1
105 -59.83620938211912 -127.81249580047859 624.4125640658876 102 108 -1
106 -59.94758642873533 -125.78001130159896 627.4870977274039 103 109 -1
107 -61.359862120384925 -126.07452739720271 629.0296045571961 104 110 -1
108 -59.74815369553549 -127.74867347128814 624.2379362936588 105 111 -1
109 -59.90457863393826 -125.5229050359152 627.6042047095684 106 112 -1
110 -61.33820146862714 -125.89867126703986 629.0832554939053 107 113 -1
111 -59.66047456119945 -127.68531197952326 624.0629516103962 108 114 -1
112 -59.83683802193832 -125.25357034064133 627.6704658021546 109 115 -1
113 -61.31704956299485 -125.72205533936074 629.1345630193798 110 116 -1
114 -59.57315933938961 -127.62244871070172 623.8876056406464 111 117 -1
115 -59.74277256907085 -124.98413720300485 627.6726703619898 112 118 -1
116 -61.29676909589348 -125.5447376686246 629.1837588970717 113 119 -1
117 -59.4861992069922 -127.5601280989632 623.7118899008796 114 120 -1
118 -59.62771630328681 -124.73008283370515 627.6114225045042 115 121 -1
119 -61.277734000241175 -125.36677439293108 629.2310857368965 116 122 -1
120 -59.39957712887663 -127.49838259027099 623.5358045604753 117 123 -1
121 -59.5 -124.5 627.5 118 -1 -1
122 -61.260329688161264 -125.1882226432076 629.2767959433938 119 124 -1
123 -59.31328116987504 -127.43725284956521 623.3593446524621 120 125 -1
124 -61.24495379737496 -125.00914376647934 629.3211505062458 122 126 -1
125 -59.22730059409614 -127.37678361601918 623.1825036367244 123 127 -1
126 -61.23201574996187 -124.82960728160087 629.3644186581546 124 128 -1
127 -59.14161927727577 -127.31700860681201 623.0052817763689 125 129 -1
128 -61.221936835957806 -124.64969495696651 629.4068767102627 126 130 -1
129 -59.05622679014829 -127.25797518103977 622.8276723715686 127 131 -1
130 -61.215148619055256 -124.46950544092878 629.4488071771601 128 132 -1
131 -58.97110896625501 -127.1997223545708 622.6496738291678 129 133 -1
132 -61.21209086991824 -124.28915901722925 629.4904972618014 130 134 -1
133 -58.886252389377674 -127.14229110672153 622.4712840165744 131 135 -1
134 -61.21320902118792 -124.10880248907243 629.5322369963592 132 136 -1
135 -58.801645945434785 -127.08573112830413 622.2924974835623 133 137 -1
136 -61.21894723665561 -123.92861386160347 629.5743166867376 134 138 -1
137 -58.717273935297726 -127.03007611968988 622.1133166119472 135 139 -1
138 -61.229743096024144 -123.74880637756272 629.6170235782428 136 140 -1
139 -58.633126803337596 -126.97538467439071 621.9337337628957 137 141 -1
140 -61.24601823704067 -123.56963148734886 629.6606377338012 138 142 -1
141 -58.549188359445374 -126.92168740605476 621.75375369023 139 143 -1
142 -61.26816738480669 -123.39138002154937 629.7054270071843 140 144 -1
143 -58.46544845748046 -126.86904378891404 621.5733703332312 141 145 -1
144 -61.29654618991676 -123.2143810084929 629.7516413909461 142 146 -1
145 -58.38189208937145 -126.81748810559934 621.3925881052202 143 147 -1
146 -61.33145825579273 -123.03899757915492 629.7995070129066 144 148 -1
147 -58.29850855617329 -126.76708040508042 621.2114028148619 145 149 -1
148 -61.37314038237416 -122.86561892821597 629.8492196352001 146 150 -1
149 -58.2152833712109 -126.71785549709186 621.029819973114 147 151 -1
150 -61.42175480974288 -122.69465061811718 629.900940291124 148 152 -1
151 -58.132205934931214 -126.66987750728113 620.8478362026964 149 153 -1
152 -61.4773765089975 -122.52649971480463 629.9547899990326 150 154 -1
153 -58.04926200483304 -126.62317910999619 620.6654591339884 151 155 -1
154 -61.53999324381415 -122.36156126270389 630.0108487519789 152 156 -1
155 -57.96644113185692 -126.57782883464655 620.4826863902133 153 157 -1
156 -61.609502366013686 -122.20020129054558 630.0691541842199 154 158 -1
157 -57.88372979076828 -126.5338610827135 620.2995266912712 155 159 -1
158 -61.68571998186354 -122.0427444737975 630.1297047320289 156 160 -1
159 -57.801116965152445 -126.49133833376632 620.115981786464 157 161 -1
160 -61.768389345109824 -121.8894621547081 630.1924631027416 158 162 -1
161 -57.71859062929676 -126.45030829026283 619.9320586591949 159 163 -1
162 -61.85719699374971 -121.74056692586777 630.2573627203294 160 164 -1
163 -57.63613917424898 -126.41081931779712 619.7477650091821 161 165 -1
164 -61.951783995083545 -121.59620678226578 630.3243127018826 162 166 -1
165 -57.55375193870684 -126.37293847939667 619.5631054837097 163 167 -1
166 -62.05176682311904 -121.45647024158993 630.3932063232043 164 168 -1
167 -57.47141736421335 -126.33670291463993 619.378092680011 165 169 -1
168 -62.15674677612676 -121.32138663819556 630.463925437618 166 170 -1
169 -57.38912514657384 -126.30217683260122 619.1927344658989 167 171 -1
170 -62.26632595804835 -121.19093575642147 630.5363471872347 168 172 -1
171 -57.30686489595057 -126.26941457004614 619.0070422756016 169 173 -1
172 -62.38011608826841 -121.06505493145221 630.6103480532594 170 174 -1
173 -57.22462652782729 -126.23846107815177 618.8210303863528 171 175 -1
174 -62.4977446670197 -120.9436459497315 630.6858068073643 172 176 -1
175 -57.14240056852237 -126.20938409710692 618.6347104983331 173 177 -1
176 -62.618861172846565 -120.82658430264652 630.7626073948666 174 178 -1
177 -57.060177743081596 -126.18223290452842 618.4480989452562 175 179 -1
178 -62.743140112749494 -120.71372674391392 630.8406405717634 176 180 -1
179 -56.977949971291814 -126.15705281347135 618.2612134242119 177 181 -1
180 -62.870281537919595 -120.60491657659597 630.9198044986009 178 182 -1
181 -56.895719843267436 -126.13386410578693 618.0740713708011 179 183 -1
182 -63.0 -120.5 631.0 180 -1 -1
183 -56.81349861964449 -126.11263769584714 617.8866926922092 181 184 -1
184 -56.731297382879376 -126.09333613719797 617.6990971855861 183 185 -1
185 -56.64912694758285 -126.07593271954103 617.5113025331165 184 186 -1
186 -56.566998042472264 -126.06040571694652 617.3233252644019 185 187 -1
187 -56.48492048831579 -126.04670951264995 617.135183328832 186 188 -1
188 -56.40290396842746 -126.03481112847312 616.9468925011397 187 189 -1
189 -56.32095820656666 -126.02468541568065 616.7584671966281 188 190 -1
190 -56.23909212388532 -126.01629387495204 616.5699220763034 189 191 -1
191 -56.15731407384142 -126.00959548900256 616.3812710090176 190 192 -1
192 -56.07563226983587 -126.0045542578286 616.1925266534655 191 193 -1
193 -55.99405528388228 -126.00114381175914 616.0037004379913 192 194 -1
194 -55.91259012650608 -125.99931826131757 615.8148039789867 193 195 -1
195 -55.83124377200131 -125.99903780941662 615.6258476940721 194 196 -1
196 -55.750022982569035 -126.00026444831468 615.4368411261758 195 197 -1
197 -55.668935111527084 -126.00296949829227 615.2477928397069 196 198 -1
198 -55.587985482063665 -126.00710506613129 615.0587111880616 197 199 -1
199 -55.50717971934292 -126.01263102754082 614.8696035005906 198 200 -1
200 -55.42652322858601 -126.01950820252868 614.6804763590131 199 201 -1
201 -55.346022139676776 -126.02770552134471 614.4913355935303 200 202 -1
202 -55.26568040577123 -126.03717576013226 614.3021865164296 201 203 -1
203 -55.18550236034647 -126.047878059134 614.1130336619844 202 204 -1
204 -55.10549219560936 -126.05977270471749 613.9238809077918 203 205 -1
205 -55.025654889055645 -126.07282663624424 613.7347315441552 204 206 -1
206 -54.94599332339748 -126.08699432134546 613.5455882196912 205 207 -1
207 -54.86651065245058 -126.10223434494081 613.356452980835 206 208 -1
208 -54.78721002721321 -126.11850690493443 613.1673273164836 207 209 -1
209 -54.70809540166628 -126.13577746087094 612.9782122348311 208 210 -1
210 -54.629168839146516 -126.15400233761282 612.7891081227548 209 211 -1
211 -54.55043247206294 -126.1731399393676 612.6000148770914 210 212 -1
212 -54.47188859315242 -126.19315064460969 612.4109319381724 211 213 -1
213 -54.393540287903534 -126.21399884034253 612.2218583294358 212 214 -1
214 -54.31538901884283 -126.23564254119535 612.0327925565903 213 215 -1
215 -54.237436075815324 -126.2580402959939 611.8437327231666 214 216 -1
216 -54.15968307599753 -126.28115278113415 611.6546765631874 215 217 -1
217 -54.08213238404504 -126.3049435288466 611.4656214297213 216 218 -1
218 -54.00478508504773 -126.3293720175293 611.276564294579 217 219 -1
219 -53.927641496457014 -126.35439892658 611.0875021902649 218 220 -1
220 -53.85069960591428 -126.3800043417762 610.898435353134 219 221 -1
221 -53.77395638673804 -126.40618040108993 610.709365908654 220 222 -1
222 -53.69740803880806 -126.43291737023077 610.5202959538026 221 223 -1
223 -53.62104998478882 -126.46020337953071 610.3312274886644 222 224 -1
224 -53.54487835026009 -126.48802868539583 610.1421624224902 223 225 -1
225 -53.468889675746354 -126.51638485910394 609.9531026027354 224 226 -1
226 -53.39308035405574 -126.54526316579539 609.7640498128774 225 227 -1
227 -53.317445529832 -126.57465133162697 609.5750057004047 226 228 -1
228 -53.241981175085144 -126.6045395835558 609.385971861602 227 229 -1
229 -53.16668345344684 -126.63491881633452 609.1969498368759 228 230 -1
230 -53.091548952906145 -126.6657813016508 609.0079411465478 229 231 -1
231 -53.016572568031165 -126.69711438801798 608.8189470972399 230 232 -1
232 -52.941750136752646 -126.72890829669343 608.6299689942423 231 233 -1
233 -52.86707749324499 -126.761153331654 608.44100807749 232 234 -1
234 -52.79255138253922 -126.79384267483034 608.2520656510519 233 235 -1
235 -52.71816649552423 -126.82696336969596 608.0631426958751 234 236 -1
236 -52.64391855383498 -126.8605056502059 607.874240249649 235 237 -1
237 -52.56980325274365 -126.89445975567656 607.6853592873032 236 238 -1
238 -52.4958170305307 -126.92881836469738 607.4965008671542 237 239 -1
239 -52.42195483137056 -126.9635695671192 607.3076657338933 238 240 -1
240 -52.34821214354782 -126.9987032059123 607.1188546587115 239 241 -1
241 -52.27458456585398 -127.03420954922717 606.9300683794374 240 242 -1
242 -52.20106820887763 -127.07008064879923 606.7413077102984 241 243 -1
243 -52.12765827475588 -127.1063056787723 606.5525732148329 242 244 -1
244 -52.05435005223306 -127.14287412504412 606.3638654123384 243 245 -1
245 -51.98113905760166 -127.17977629250184 606.1751848285526 244 246 -1
246 -51.90802113287655 -127.2170037235456 605.9865320504143 245 247 -1
247 -51.834991657747004 -127.25454646154057 605.7979074969758 246 248 -1
248 -51.76204578228415 -127.29239375014114 605.6093114579286 247 249 -1
249 -51.68917895270773 -127.33053593496761 605.4207442721413 248 250 -1
250 -51.616386798724534 -127.36896415785596 605.2322063198977 249 251 -1
251 -51.54366479817815 -127.40766912135285 605.0436979056657 250 252 -1
252 -51.47100802076887 -127.44663993456076 604.8552191150504 251 253 -1
253 -51.3984118536511 -127.48586698439735 604.6667701252803 252 254 -1
254 -51.32587176631245 -127.52534110881955 604.4783511332706 253 255 -1
255 -51.253383259717104 -127.5650534732448 604.2899623538684 254 256 -1
256 -51.18094137734883 -127.60499314881645 604.1016036962011 255 257 -1
257 -51.10854145704766 -127.64515056135194 603.9132752009594 256 258 -1
258 -51.036178855784655 -127.68551632860111 603.7249769065658 257 259 -1
259 -50.963849028147656 -127.72608190003672 603.536708960079 258 260 -1
260 -50.89154704096543 -127.7668363928737 603.348471122791 259 261 -1
261 -50.81926819144341 -127.80777026692975 603.1602633237524 260 262 -1
262 -50.74700776811042 -127.84887399151901 602.972085468486 261 263 -1
263 -50.67476111447887 -127.89013913841883 602.7839376565635 262 264 -1
264 -50.6025233662456 -127.93155494304456 602.5958195302329 263 265 -1
265 -50.530289787793144 -127.9731118922599 602.407730931567 264 266 -1
266 -50.45805563647514 -128.01480047838712 602.2196716848272 265 267 -1
267 -50.38581609671906 -128.05661192056837 602.0316417842336 266 268 -1
268 -50.31356640173028 -128.09853596141156 601.8436408591884 267 269 -1
269 -50.24130179497573 -128.14056299747003 601.6556686632464 268 270 -1
270 -50.16901750983364 -128.1826835371802 601.4677249641703 269 271 -1
271 -50.096708613098706 -128.22488849864115 601.2798096732146 270 272 -1
272 -50.02437037291049 -128.2671679949224 601.0919224326425 271 273 -1
273 -49.95199805351847 -128.30951238707382 600.9040629322667 272 274 -1
274 -49.87958687098278 -128.3519121896358 600.7162309075659 273 275 -1
275 -49.80713182024708 -128.3943580787126 600.528426210371 274 276 -1
276 -49.734628133727725 -128.4368403905505 600.3406485205464 275 277 -1
277 -49.66207114133106 -128.479349507998 600.1528974887104 276 278 -1
278 -49.58945604831732 -128.5218759410085 599.9651728421672 277 279 -1
279 -49.51677783036675 -128.56441019008648 599.777474396724 278 280 -1
280 -49.44403160069912 -128.60694265229807 599.589801895302 279 281 -1
281 -49.37121280570963 -128.64946379590367 599.4021549730976 280 282 -1
282 -49.298316646478625 -128.69196411530322 599.2145333733233 281 283 -1
283 -49.2253381418502 -128.73443401542283 599.0269368988448 282 284 -1
284 -49.1522721841885 -128.77686376541445 598.8393653823806 283 285 -1
285 -49.07911439621193 -128.81924399510416 598.6518184665431 284 286 -1
286 -49.00585998178234 -128.86156517250595 598.464295934589 285 287 -1
287 -48.93250407805894 -128.9038177069097 598.2767975989419 286 288 -1
288 -48.85904123160101 -128.9459915130361 598.0893234108775 287 289 -1
289 -48.78546731322282 -128.9880774772945 597.9018730420914 288 290 -1
290 -48.7117775371131 -129.03006603102529 597.71444634015 289 291 -1
291 -48.637967121203225 -129.07194759480822 597.5270431723911 290 292 -1
292 -48.564030497415665 -129.11371181057976 597.3396635688118 291 293 -1
293 -48.489963487145296 -129.15534958449524 597.1523073219612 292 294 -1
294 -48.41576145123232 -129.19685142084313 596.9649743442776 293 295 -1
295 -48.34141962853772 -129.23820769207498 596.7776645979818 294 296 -1
296 -48.266932654997454 -129.27940808361734 596.590378167486 295 297 -1
297 -48.192295903145336 -129.3204430220893 596.4031150448045 296 298 -1
298 -48.11750505740361 -129.36130329341555 596.2158752116856 297 299 -1
299 -48.04255538730456 -129.40197921442768 596.0286587499834 298 300 -1
300 -47.96744186502226 -129.44246071563336 595.841465818207 299 301 -1
301 -47.89215879703241 -129.48273951538667 595.6542972725408 300 302 -1
302 -47.81669992515334 -129.52282030509522 595.4671570170059 301 303 -1
303 -47.741057504687205 -129.56271043873 595.2800501284562 302 304 -1
304 -47.66522378759383 -129.60241728076775 595.092981690356 303 305 -1
305 -47.58918975813518 -129.64194717321482 594.9059570919516 304 306 -1
306 -47.512948681973214 -129.6813085005702 594.7189812371396 305 307 -1
307 -47.43649295331562 -129.72050876920002 594.532059204318 306 308 -1
308 -47.359814823870074 -129.75955536240284 594.345196115656 307 309 -1
309 -47.28290577831494 -129.79845521879673 594.1583973314971 308 310 -1
310 -47.20575792563896 -129.83721576542533 593.971668077319 309 311 -1
311 -47.12836434113635 -129.8758449114517 593.7850132964099 310 312 -1
312 -47.050717292659925 -129.91435005052793 593.5984381774268 311 313 -1
313 -46.972809023710354 -129.9527385650918 593.4119479402714 312 314 -1
314 -46.894630024965856 -129.9910171984752 593.2255484363727 313 315 -1
315 -46.81617430739169 -130.02919411641366 593.0392443642529 314 316 -1
316 -46.73743417297724 -130.06727671438418 592.8530410063158 315 317 -1
317 -46.658401935182766 -130.1052723870478 592.6669436724528 316 318 -1
318 -46.57906886422331 -130.14318828077904 592.4809581028346 317 319 -1
319 -46.499427293600064 -130.18103188140574 592.2950896958761 318 320 -1
320 -46.41947054024321 -130.2188108325493 592.1093434972656 319 321 -1
321 -46.33919097709303 -130.25653251933858 591.9237249433437 320 322 -1
322 -46.25858099536006 -130.2942043230801 591.7382395057969 321 323 -1
323 -46.17763076062006 -130.33183339482449 591.5528936306206 322 324 -1
324 -46.09633481607929 -130.369427429089 591.3676920164692 323 325 -1
325 -46.01468565079302 -130.4069937955858 591.1826402369641 324 326 -1
326 -45.93267574464522 -130.44453985324768 590.9977439206893 325 327 -1
327 -45.85029654375829 -130.4820729383865 590.8130092096017 326 328 -1
328 -45.76754016189864 -130.5196004611843 590.6284420292853 327 329 -1
329 -45.68440054231767 -130.55712980506948 590.4440475374414 328 330 -1
330 -45.60087028011647 -130.5946682947764 590.2598315416999 329 331 -1
331 -45.516942003660745 -130.6322232444999 590.0757998973047 330 332 -1
332 -45.43260603769893 -130.66980213462213 589.8919596208927 331 333 -1
333 -45.347856957073645 -130.7074121988365 589.7083158072546 332 334 -1
334 -45.262687866006964 -130.7450606927248 589.5248742916762 333 335 -1
335 -45.17709154572162 -130.78275487894933 589.3416411323532 334 336 -1
336 -45.091059944707304 -130.82050212449485 589.158622878234 335 337 -1
337 -45.00458471152033 -130.85830988290024 588.9758263286404 336 338 -1
338 -44.9176607603479 -130.89618512498032 588.7932567194943 337 339 -1
339 -44.830281059132815 -130.93413504560064 588.6109203273987 338 340 -1
340 -44.742438719491105 -130.9721679321719 588.4288236735032 339 341 -1
341 -44.65412579600586 -131.01030829450335 588.2469772889051 340 342 -1
342 -44.56533941095921 -131.0485915713236 588.0653916806684 341 343 -1
343 -44.47607600020632 -131.08705333057986 587.8840778681488 342 344 -1
344 -44.38633141700301 -131.1257292074765 587.7030473549356 343 345 -1
345 -44.29610072502563 -131.16465527616145 587.5223123486477 344 346 -1
346 -44.20537865246762 -131.20386807569346 587.3418855828537 345 347 -1
347 -44.11416393217807 -131.2434016265001 587.1617774908879 346 348 -1
348 -44.022453157218365 -131.2832909712609 586.9820000658743 347 349 -1
349 -43.930243137934745 -131.32357095065223 586.80256544567 348 350 -1
350 -43.83752748669153 -131.36427931233965 586.6234884197005 349 351 -1
351 -43.74430664465543 -131.40544800817162 586.4447792958427 350 352 -1
352 -43.65057833169595 -131.44711099304322 586.2664505754143 351 353 -1
353 -43.556340356518945 -131.48930207903737 586.0885150590261 352 354 -1
354 -43.46158762577597 -131.53205845616378 585.9109883279697 353 355 -1
355 -43.366320900750054 -131.57541096432897 585.7338817727248 354 356 -1
356 -43.2705395833736 -131.6193916086038 585.5572081820684 355 357 -1
357 -43.174242685025405 -131.664032771737 585.3809810898147 356 358 -1
358 -43.07742560663316 -131.70937194386013 585.2052178335285 357 359 -1
359 -42.98009157533444 -131.7554361657051 585.0299292879688 358 360 -1
360 -42.8822409263493 -131.80225606358522 584.8551292786443 359 361 -1
361 -42.783872649873906 -131.84986438153013 584.6808334842395 360 362 -1
362 -42.684985717356334 -131.8982943234757 584.5070583372292 361 363 -1
363 -42.585584404703184 -131.94757054828156 584.3338154135646 362 364 -1
364 -42.48567026716805 -131.99772183634713 584.1611194645699 363 365 -1
365 -42.385240510212526 -132.04878503501035 583.9889907756472 364 366 -1
366 -42.28430193279622 -132.10078011660053 583.8174396883107 365 367 -1
367 -42.182857524415994 -132.15373347866668 583.6464811185787 366 368 -1
368 -42.08090591215294 -132.2076804127832 583.4761360237491 367 369 -1
369 -41.978454447924115 -132.26263930248854 583.3064154867089 368 370 -1
370 -41.875507925056034 -132.3186331602138 583.1373340132749 369 371 -1
371 -41.772065170414315 -132.3756982256232 582.9689148568591 370 372 -1
372 -41.66813663527946 -132.43384573084273 582.8011663766289 371 373 -1
373 -41.56372562369827 -132.4931023906111 582.6341070657511 372 374 -1
374 -41.4588359965835 -132.55349431335256 582.4677556379395 373 375 -1
375 -41.353477846213146 -132.61503256484986 582.3021219556623 374 376 -1
376 -41.2476522264132 -132.67775066306177 582.1372305164674 375 377 -1
377 -41.14137094481801 -132.7416551748997 581.9730894158513 376 378 -1
378 -41.03463830941124 -132.806771954852 581.8097194508701 377 379 -1
379 -40.92746331076019 -132.8731146975806 581.6471342496933 378 380 -1
380 -40.81985384758502 -132.94069996395908 581.4853497617786 379 381 -1
381 -40.711817775025594 -133.00954471576196 581.3243827295046 380 382 -1
382 -40.60336482315303 -133.07966032744505 581.1642467447575 381 383 -1
383 -40.494503530938374 -133.15106171073379 581.0049582257606 382 384 -1
384 -40.38524758847724 -133.2237429721442 580.8465210115284 383 385 -1
385 -40.275615086734916 -133.2976782990388 580.6889263801484 384 386 -1
386 -40.16562130855305 -133.37284996557375 580.5321705750854 385 387 -1
387 -40.05528604933638 -133.44922337198997 580.3762377793266 386 388 -1
388 -39.94462083674447 -133.5267920963444 580.2211309970297 387 389 -1
389 -39.83364523665321 -133.6055195006986 580.066831861236 388 390 -1
390 -39.72237287860388 -133.6853893874376 579.9133356597996 389 391 -1
391 -39.61081726991111 -133.76638541582014 579.7606372168128 390 392 -1
392 -39.49899471450258 -133.84847870228592 579.6087219848292 391 393 -1
393 -39.38691743523193 -133.9316557925144 579.4575859776976 392 394 -1
394 -39.27459849075978 -134.01589898757015 579.3072218221527 393 395 -1
395 -39.16205219328616 -134.10118354325024 579.1576166112168 394 396 -1
396 -39.04929055925937 -134.1874937327601 579.0087636014265 395 397 -1
397 -38.93632436954758 -134.27481923458137 578.8606597392682 396 398 -1
398 -38.823167154475435 -134.3631347768675 578.7132905902055 397 399 -1
399 -38.70983027538936 -134.45242442283688 578.5666482583368 398 400 -1
400 -38.596324339719246 -134.54267541613623 578.4207269403554 399 401 -1
401 -38.48265981964848 -134.6338750692124 578.2755206299562 400 402 -1
402 -38.36884819945489 -134.72600312090017 578.1310173112685 401 403 -1
403 -38.25489970910553 -134.81904538401082 577.9872092631973 402 404 -1
404 -38.14082432847693 -134.912988077213 577.8440888196051 403 405 -1
405 -38.02663126528647 -135.007822136163 577.7016516977593 404 406 -1
406 -37.912330467409284 -135.10353173477304 577.5598882040265 405 407 -1
407 -37.79793146761107 -135.2001023585942 577.4187894039717 406 408 -1
408 -37.68344333678934 -135.297521781827 577.2783479058863 407 409 -1
409 -37.5688749466271 -135.39577813921412 577.1385563921814 408 410 -1
410 -37.45423497881201 -135.49485991768853 576.9994076221029 409 411 -1
411 -37.33953172729521 -135.59475897684288 576.8608968033765 410 412 -1
412 -37.22477372462033 -135.69546243684928 576.7230152652323 411 413 -1
413 -37.109969226580276 -135.79695852499594 576.5857550176584 412 414 -1
414 -36.99512623459671 -135.8992370752804 576.4491091597052 413 415 -1
415 -36.880252603289556 -136.00228823431075 576.3130708763879 414 416 -1
416 -36.765356048342 -136.10610245414065 576.1776334398146 415 417 -1
417 -36.65044415417462 -136.21067048530256 576.0427902101158 416 418 -1
418 -36.535524381435735 -136.3159833700409 575.9085346361886 417 419 -1
419 -36.42060407431797 -136.4220324357429 575.774860256271 418 420 -1
420 -36.305690512863855 -136.52881165233575 575.6417625657758 419 421 -1
421 -36.19079082912219 -136.63631045453667 575.5092333519912 420 422 -1
422 -36.0759120556571 -136.74452091699345 575.3772663661438 421 423 -1
423 -35.96106113748735 -136.85343545885837 575.2458555158753 422 424 -1
424 -35.846244937869216 -136.96304675408064 575.1149947986889 423 425 -1
425 -35.73147024473557 -137.07334772602837 574.9846783017509 424 426 -1
426 -35.61674377702186 -137.1843315422993 574.8549002016011 425 427 -1
427 -35.502072190887404 -137.2959916097166 574.7256547637794 426 428 -1
428 -35.387462085839694 -137.4083215695086 574.5969363423768 427 429 -1
429 -35.27292001077098 -137.5213152926694 574.4687393795185 428 430 -1
430 -35.15845246991498 -137.63496687549826 574.341058404787 429 431 -1
431 -35.04406592873161 -137.74927063531598 574.2138880345907 430 432 -1
432 -34.92976681972942 -137.8642211063533 574.0872229714844 431 433 -1
433 -34.815561548232814 -137.97981303581176 573.9610580034479 432 434 -1
434 -34.701456523348085 -138.09604152966637 573.8353881191567 433 435 -1
435 -34.587458313818125 -138.21290283633726 573.710209114598 434 436 -1
436 -34.473573085021215 -138.33039107781318 573.5855150599817 435 437 -1
437 -34.359810627778714 -138.44850340051528 573.461299435463 436 438 -1
438 -34.24619293787192 -138.5672427800375 573.3375500185355 437 439 -1
439 -34.13274490940165 -138.68661380652557 573.2142534663277 438 440 -1
440 -34.01949159991493 -138.8066214195286 573.0913966529671 439 441 -1
441 -33.906458272514776 -138.92727090679523 572.9689666610514 440 442 -1
442 -33.79367043849657 -139.04856790339304 572.846950773444 441 443 -1
443 -33.68115390062501 -139.17051839110601 572.7253364654281 442 444 -1
444 -33.56893479716878 -139.29312869805915 572.6041113972433 443 445 -1
445 -33.45703964681165 -139.41640549851803 572.4832634070383 444 446 -1
446 -33.34549539455926 -139.540355812808 572.3627805042725 445 447 -1
447 -33.23432945876508 -139.66498700729105 572.2426508635975 446 448 -1
448 -33.12357099303308 -139.79030874013506 572.1228637416147 447 449 -1
449 -33.013248333465086 -139.91632850867708 572.0034072489482 448 450 -1
450 -32.90339002252763 -140.04305366366063 571.8842694863681 449 451 -1
451 -32.79402592044775 -140.1704929831293 571.7654392362386 450 452 -1
452 -32.685186621685915 -140.2986555904143 571.6469054234317 451 453 -1
453 -32.576903511594985 -140.4275509528844 571.5286571130846 452 454 -1
454 -32.46920882512704 -140.55718888015022 571.4106835091909 453 455 -1
455 -32.36214009571572 -140.68758463452272 571.2929756549107 454 456 -1
456 -32.25572824044015 -140.81874455129858 571.1755214559249 455 457 -1
457 -32.15000813497269 -140.95067904094543 571.0583103719443 456 458 -1
458 -32.045016134588565 -141.083399284223 570.9413321606592 457 459 -1
459 -31.94079350506377 -141.21692053143335 570.8245777134923 458 460 -1
460 -31.83738023511216 -141.35125539802934 570.7080371167142 459 461 -1
461 -31.73481283903628 -141.48641215562964 570.5916994963101 460 462 -1
462 -31.63313400117076 -141.6224041708261 570.4755554293638 461 463 -1
463 -31.532396602784548 -141.75925265023565 570.3595971641406 462 464 -1
464 -31.432636373564346 -141.89696199606752 570.2438134525535 463 465 -1
465 -31.333904564584003 -142.0355493104399 570.1281959217827 464 466 -1
466 -31.236256255137157 -142.17503311691314 570.0127364471438 465 467 -1
467 -31.139732544148295 -142.3154191366615 569.8974249382909 466 468 -1
468 -31.044404034396276 -142.45673494817763 569.7822550285692 467 469 -1
469 -30.950310628129902 -142.5989826038047 569.6672167240541 468 470 -1
470 -30.85752834636001 -142.74218966197216 569.5523039501859 469 471 -1
471 -30.76610238722485 -142.88635927955372 569.4375077792458 470 472 -1
472 -30.676119476892048 -143.0315219126159 569.3228229399232 471 473 -1
473 -30.587629442119642 -143.17768037979886 569.2082414706076 472 474 -1
474 -30.500714115377615 -143.32485699225094 569.0937580527393 473 475 -1
475 -30.415451499168775 -143.47306864186308 568.9793673051336 474 476 -1
476 -30.331913169988898 -143.62232587027168 568.8650639923627 475 477 -1
477 -30.25018543869785 -143.7726456091073 568.7508441944672 476 478 -1
478 -30.170368684244785 -143.92404949590727 568.6367051346413 477 479 -1
479 -30.0925443347524 -144.07654521438067 568.5226439689656 478 480 -1
480 -30.01681144509007 -144.2301470994712 568.4086594607782 479 481 -1
481 -29.94327414972861 -144.38486841434965 568.2947515315559 480 482 -1
482 -29.872041867766555 -144.54072109628683 568.1809214173245 481 483 -1
483 -29.803229496083233 -144.69771547010419 568.0671718413397 482 484 -1
484 -29.73695758552558 -144.8558599265929 567.9535072038334 483 485 -1
485 -29.673352494130047 -145.01516056341129 567.8399337894627 484 486 -1
486 -29.61254651038846 -145.1756207861777 567.7264599928501 485 487 -1
487 -29.554677938495274 -145.3372408678336 567.6130965622897 486 488 -1
488 -29.5 -145.5 567.5 487 489 490
489 -29.571658802822398 -145.534591832084 567.3371038023738 488 491 -1
490 -29.393585062241215 -145.63975887576598 567.5592699549733 488 492 -1
491 -29.642214050451184 -145.57067597539154 567.1741374376963 489 493 -1
492 -29.284404077783144 -145.77834987252373 567.616368109471 490 494 -1
493 -29.711816458924822 -145.60827548016476 567.0111038994224 491 495 -1
494 -29.172435553563684 -145.91562610355373 567.6711984629756 492 496 -1
495 -29.78048413256896 -145.64736928581038 566.8480254437043 493 497 -1
496 -29.05764699840567 -146.0514846234781 567.7236776062226 494 498 -1
497 -29.848234814502746 -145.68793778451987 566.6849236028784 495 499 -1
498 -28.94001324437593 -146.18581871073383 567.7737234836792 496 500 -1
499 -29.915084603829275 -145.7299649912112 566.5218193553123 497 501 -1
500 -28.81951709815675 -146.31851836377308 567.8212560893141 498 502 -1
501 -29.981056201640772 -145.7734251632848 566.3587330485253 499 503 -1
502 -28.696148233676443 -146.44946977435973 567.8661966148235 500 504 -1
503 -30.046170044460883 -145.8182971376769 566.1956843236042 501 505 -1
504 -28.56990844336731 -146.57855889994067 567.9084724930201 502 506 -1
505 -30.11044614699268 -145.8645614787204 566.0326923152206 503 507 -1
506 -28.440806280641024 -146.70566857650152 567.9480128768396 504 508 -1
507 -30.173910005155243 -145.91219058620445 565.8697751156035 505 509 -1
508 -28.308862580277296 -146.83068277208872 567.9847542791761 506 510 -1
509 -30.236585633253632 -145.96116021654834 565.7069501839951 507 511 -1
510 -28.17411050319146 -146.95348789709666 568.0186415296797 508 512 -1
511 -30.298496899710624 -146.01144738120286 565.544234408057 509 513 -1
512 -28.036592026783236 -147.0739711552585 568.0496250233163 510 514 -1
513 -30.359670185601118 -146.06302575216893 565.3816437097813 511 515 -1
514 -27.896362055129803 -147.19202518156695 568.0776659071191 512 516 -1
515 -30.420133199510488 -146.11586755091062 565.2191930709666 513 517 -1
516 -27.75348587623921 -147.3075475874692 568.1027346002768 514 518 -1
517 -30.479913558968104 -146.16994603458832 565.0568968049589 515 519 -1
518 -27.608039332822013 -147.42044285388718 568.1248122099921 516 520 -1
519 -30.53903903121858 -146.22523514844136 564.8947686021571 517 521 -1
520 -27.460108143681882 -147.53062368814815 568.1438911668573 518 522 -1
521 -30.59753860769761 -146.28170754239076 564.7328212736589 519 523 -1
522 -27.309787499259357 -147.63801288734865 568.1599763150033 520 524 -1
523 -30.65544294135864 -146.3393335446395 564.5710664976667 521 525 -1
524 -27.157180618311976 -147.74254420593707 568.1730848239943 522 526 -1
525 -30.712782386695878 -146.3980848351066 564.4095153984028 523 527 -1
526 -27.00239705028962 -147.8441627550952 568.1832456645641 524 528 -1
527 -30.769587851944273 -146.4579328220884 564.2481783262359 525 529 -1
528 -26.845551910475624 -147.94282656840292 568.1905002795545 526 530 -1
529 -30.82588993333292 -146.51885048672452 564.0870652758882 527 531 -1
530 -26.68676285477962 -148.0385047236164 568.1948999265329 528 532 -1
531 -30.881721226033633 -146.58080737976357 563.9261848320084 529 533 -1
532 -26.526152302978918 -148.13118346878582 568.196510662109 530 534 -1
533 -30.93711422313443 -146.64377388142597 563.7655450207237 531 535 -1
534 -26.36384092091266 -148.22085820706747 568.1954050454707 532 536 -1
535 -30.99210154673383 -146.70772075047384 563.6051532724924 533 537 -1
536 -26.199950748790364 -148.30754091532623 568.1916683100918 534 538 -1
537 -31.046716104983314 -146.77261874353655 563.4450163649777 535 539 -1
538 -26.034600647709308 -148.39125403549008 568.1853922453016 536 540 -1
539 -31.10099046915439 -146.83844036479556 563.285140968732 537 541 -1
540 -25.867906348238275 -148.4720318621989 568.1766760409647 538 542 -1
541 -31.15495887006296 -146.90515421159645 563.1255320286998 539 543 -1
542 -25.699980216611593 -148.54992174923854 568.1656267891441 540 544 -1
543 -31.208654925501726 -146.97273093028838 562.9661944452438 541 545 -1
544 -25.530929096190775 -148.62498041326108 568.1523560743107 542 546 -1
545 -31.26211058761124 -147.04114142417362 562.8071320453754 543 547 -1
546 -25.360854161507483 -148.69727409721906 568.1369798980273 544 548 -1
547 -31.315350718028373 -147.1103585221412 562.6483465374978 545 549 -1
548 -25.18985039304768 -148.76687755868548 568.1196176963263 546 550 -1
549 -31.368398920718086 -147.18035419756575 562.4898383260374 547 551 -1
550 -25.01800622265077 -148.83387305658633 568.1003914432692 548 552 -1
551 -31.421279014837655 -147.2510997972663 562.3316071061146 549 553 -1
552 -24.845403333498222 -148.8983493618467 568.0794248511122 550 554 -1
553 -31.47401462547624 -147.32256772914837 562.1736524999645 551 555 -1
554 -24.672116596445903 -148.96040081266983 568.0568426729186 552 556 -1
555 -31.52662929942111 -147.39473133169793 562.0159740858857 553 557 -1
556 -24.49821412349059 -149.02012643041934 568.0327701095285 554 558 -1
557 -31.579146769523238 -147.46756349976886 561.8585708918151 555 559 -1
558 -24.32375741923195 -149.0776291075948 568.0073323195714 556 560 -1
559 -31.631590908887336 -147.54103604084506 561.7014410863529 557 561 -1
560 -24.148801612065096 -149.13301487535517 567.9806540286813 558 562 -1
561 -31.683985393197727 -147.61512199567287 561.5445829638311 559 563 -1
562 -23.973395748286485 -149.18639225454393 567.9528592322412 560 564 -1
563 -31.73635386810406 -147.68979582239544 561.3879951394863 561 565 -1
564 -23.79758313411927 -149.23787169124776 567.9240709847263 562 566 -1
565 -31.788720076254705 -147.76503002629684 561.2316750150108 563 567 -1
566 -23.62140171269026 -149.2875650755735 567.8944112679845 564 568 -1
567 -31.841107603323113 -147.84079769614706 561.07561990889 565 569 -1
568 -23.444884465083764 -149.33558534051664 567.8640009304694 566 570 -1
569 -31.893540034656237 -147.9170731703359 560.919827471363 567 571 -1
570 -23.268059826655943 -149.3820461364656 567.832959689445 568 572 -1
571 -31.946040971510648 -147.99383069640223 560.7642950727036 569 573 -1
572 -23.090952111742514 -149.4270615759646 567.80140618842 570 574 -1
573 -31.998633666871193 -148.07104331867583 560.609019143477 571 575 -1
574 -22.913581922163466 -149.47074594578154 567.7694580803313 572 576 -1
575 -32.05134151718573 -148.14868574342708 560.4539967804824 573 577 -1
576 -22.73596662040628 -149.51321380869368 567.7372322479462 574 578 -1
577 -32.1041879959688 -148.2267329289043 560.2992250634661 575 579 -1
578 -22.55812074101181 -149.55457983845727 567.7048449298381 576 580 -1
579 -32.15719584361394 -148.30515839991872 560.1446999441775 577 581 -1
580 -22.38005638463142 -149.59495863920833 567.6724119045169 578 582 -1
581 -32.21038833699856 -148.38393752954858 559.9904183594855 579 583 -1
582 -22.2017836556251 -149.63446483670563 567.6400487497701 580 584 -1
583 -32.2637884800297 -148.46304527152375 559.8363768375302 581 585 -1
584 -22.02331108065726 -149.67321311402898 567.6078710943552 582 586 -1
585 -32.31741851131054 -148.5424559777023 559.6825712436593 583 587 -1
586 -21.844646027622098 -149.7113182743753 567.5759948836643 584 588 -1
587 -32.371301863874024 -148.6221457901661 559.5289987210066 585 589 -1
588 -21.66579512738165 -149.74889532516744 567.5445366549209 586 590 -1
589 -32.42546034416052 -148.70208929497647 559.3756550003852 587 591 -1
590 -21.48676470126401 -149.78605957778635 567.5136138175517 588 592 -1
591 -32.47991293781967 -148.78226263847154 559.2225355946924 589 593 -1
592 -21.307561197608294 -149.82292675726308 567.4833449343215 590 594 -1
593 -32.53465688318996 -148.86264548405197 559.06963005973 591 595 -1
594 -21.128191640855498 -149.8596131162186 567.4538499986262 592 596 -1
595 -32.58967945730284 -148.9432180851652 558.9169245325647 593 597 -1
596 -20.948664096765512 -149.8962355471964 567.4252507029969 594 598 -1
597 -32.644970215960505 -149.02396233706617 558.7644066482908 595 599 -1
598 -20.768988157278173 -149.9329116873004 567.3976706933823 596 600 -1
599 -32.70051637462746 -149.1048587371277 558.6120622843486 597 601 -1
600 -20.589175409294093 -149.9697601009687 567.3712362068919 598 602 -1
601 -32.75630744577734 -149.1858892758894 558.4598787834378 599 603 -1
602 -20.409240082555602 -150.00690020110625 567.3460753296732 600 604 -1
603 -32.81233156208824 -149.2670352539217 558.3078424736058 601 605 -1
604 -20.229199514639614 -150.0444523361515 567.3223188467115 602 606 -1
605 -32.868578000857134 -149.34827865382474 558.1559403340516 603 607 -1
606 -20.04907475531292 -150.08253787520053 567.3001004434935 604 608 -1
607 -32.92503553609121 -149.42960130321936 558.0041589577393 605 609 -1
608 -19.86889119678714 -150.12127949654493 567.2795574461529 606 610 -1
609 -32.98169338512398 -149.51098529961925 557.8524851404065 607 611 -1
610 -19.688679298769962 -150.1607999878151 567.2608281466668 608 612 -1
611 -33.038540748625 -149.5924128001239 557.7009056111444 609 613 -1
612 -19.50847518521707 -150.20122386331053 567.2440559666468 610 614 -1
613 -33.09556690234611 -149.67386606923495 557.5494071042317 611 615 -1
614 -19.32832137053818 -150.24267500673903 567.2293845153714 612 616 -1
615 -33.15276131197475 -149.75532746110287 557.3979764056695 613 617 -1
616 -19.148267581017475 -150.28527898513912 567.2169628010499 614 618 -1
617 -33.21011338134498 -149.83677940180053 557.2466002609267 615 619 -1
618 -18.968371257788274 -150.32915957710244 567.2069387267157 616 620 -1
619 -33.26761272460379 -149.9182043621946 557.0952654753671 617 621 -1
620 -18.78869843224793 -150.3744406380301 567.1994632624674 618 622 -1
621 -33.32524890243394 -149.99958487990065 556.9439588380801 619 623 -1
622 -18.609324470489632 -150.42124520435442 567.1946890657991 620 624 -1
623 -33.38301159826968 -150.08090350154333 556.7926671695793 621 625 -1
624 -18.430334340019918 -150.46969316196186 567.1927668585573 622 626 -1
625 -33.440890525075886 -150.1621427941757 556.641377304248 623 627 -1
626 -18.25182333444385 -150.51990175375352 567.1938468760171 624 628 -1
627 -33.49887538629698 -150.24328536617276 556.4900760982422 625 629 -1
628 -18.073897384944093 -150.57198426181367 567.1980770461329 626 630 -1
629 -33.556956016626515 -150.32431371209665 556.3387504118135 627 631 -1
630 -17.896673198928415 -150.62604877337148 567.2056013670418 628 632 -1
631 -33.615122112821695 -150.40521050282354 556.187387173162 629 633 -1
632 -17.720278187657957 -150.68219693730964 567.2165582645274 630 634 -1
633 -33.6733635819402 -150.48595805071935 556.0359732376313 631 635 -1
634 -17.544850120635754 -150.74052264424148 567.2310787890843 632 636 -1
635 -33.73167010275515 -150.5665390926572 555.8844956489287 633 637 -1
636 -17.370536465306007 -150.80111066279568 567.2492846853813 634 638 -1
637 -33.79003159356311 -150.64693565322875 555.7329412250898 635 639 -1
638 -17.197493684035532 -150.8640357868151 567.2712872126955 636 640 -1
639 -33.84843771217788 -150.72713052965835 555.5812971670794 637 641 -1
640 -17.025885228811976 -150.92936034128292 567.2971832039614 638 642 -1
641 -33.90687832222117 -150.80710536914185 555.4295502311986 639 643 -1
642 -16.85588016930476 -150.99713377264274 567.3270543914713 640 644 -1
643 -33.965343058873394 -150.88684300265442 555.2776878071116 641 645 -1
644 -16.687651068486094 -151.06739155691452 567.3609654844174 642 646 -1
645 -34.02382166732228 -150.96632463814933 555.1256965822996 643 647 -1
646 -16.52137314009162 -151.14015625530288 567.3989656169276 644 648 -1
647 -34.082303752743194 -151.04553308101393 554.9735641479651 645 649 -1
648 -16.35721773370192 -151.2154320805005 567.4410790553686 646 650 -1
649 -34.140778887242874 -151.1244490777483 554.8212771420458 647 651 -1
650 -16.19535514153546 -151.29321149028902 567.4873154233954 648 652 -1
651 -34.19923662590842 -151.20305530428308 554.6688233436447 649 653 -1
652 -16.035946821631374 -151.37346947393021 567.5376596560158 650 654 -1
653 -34.25766632924793 -151.28133207504322 554.5161893953558 651 655 -1
654 -15.8791455665916 -151.45616739670098 567.5920775228144 652 656 -1
655 -34.316057462405404 -151.35926177627874 554.3633632167381 653 657 -1
656 -15.72509362052055 -151.541254120128 567.6505166783003 654 658 -1
657 -34.37439915901542 -151.43682438338314 554.2103315521446 655 659 -1
658 -15.573917451275513 -151.62866455767661 567.7129032987701 656 660 -1
659 -34.43268072751958 -151.51400176447646 554.0570823736886 657 661 -1
660 -15.42573041626809 -151.71832477952924 567.779149785666 658 662 -1
661 -34.490891089890496 -151.59077372485416 553.9036026747469 659 663 -1
662 -15.280627078447619 -151.81015016171165 567.8491506892203 660 664 -1
663 -34.54901929698054 -151.66712130592077 553.7498803458003 661 665 -1
664 -15.138686793040156 -151.90405030932905 567.9227903106618 662 666 -1
665 -34.607054112196245 -151.74302440006957 553.5959028330731 663 667 -1
666 -15.0 -152.0 568.0 664 668 669
667 -34.66498418646336 -151.8184628213444 553.4416577600877 665 670 -1
668 -14.88398118982342 -152.00795623198596 568.1342447689675 666 671 -1
669 -14.865544923734904 -151.89053272900918 567.9011289112142 666 672 -1
670 -34.72279822317104 -151.89341690719607 553.2871332916678 667 673 -1
671 -14.76930497983018 -152.01548901349932 568.2698936572651 668 674 -1
672 -14.723289430543925 -151.7984941384192 567.7956460167562 669 675 -1
673 -34.780484282111544 -151.9678647397176 553.1323165442019 670 676 -1
674 -14.656037710777335 -152.02234735864164 568.4067566436636 671 677 -1
675 -14.57455059872788 -151.7255206422398 567.6843444224723 672 678 -1
676 -34.83803107547635 -152.04178727292432 552.9771965600561 673 679 -1
677 -14.544208090952912 -152.02852253467444 568.5448290030776 674 680 -1
678 -14.42109100216692 -151.6721493669989 567.5684042724789 675 681 -1
679 -34.89542607311964 -152.1151611360696 552.8217601697814 676 682 -1
680 -14.433851261761008 -152.03400292666305 568.6841103860911 677 683 -1
681 -14.264933228785791 -151.63644666571358 567.4492967655383 678 684 -1
682 -34.952657672739875 -152.1879666734835 552.6659966462303 679 685 -1
683 -14.325005539681749 -152.03877566008572 568.8246016370487 680 686 -1
684 -14.107624159956227 -151.61551379652565 567.3281631990142 681 687 -1
685 -35.00971338779214 -152.26018138612244 552.5098939386506 682 688 -1
686 -14.217704600234205 -152.04283025691717 568.9662985567846 683 689 -1
687 -13.950186608013219 -151.6058929941356 567.2057408826294 684 690 -1
688 -35.0665805375314 -152.3317825317251 552.3534401939243 685 691 -1
689 -14.11198275660488 -152.04615613332913 569.1091963028342 686 692 -1
690 -13.793130321239818 -151.60303259869596 567.082467895407 687 693 -1
691 -35.123246916572114 -152.40274917007844 552.196624935253 688 694 -1
692 -14.0078755570594 -152.04874233556345 569.2532897707127 689 695 -1
693 -13.636618681869384 -151.60273456765955 566.9584630788223 690 696 -1
694 -35.17969900378838 -152.47305653565087 552.0394358760954 691 697 -1
695 -13.905418284426517 -152.05057823441572 569.3985724354362 692 698 -1
696 -13.480680012006141 -151.600616747119 566.8337620689364 693 699 -1
697 -35.2359240589896 -152.54268261739773 551.8818626819242 694 700 -1
698 -13.804645872202205 -152.05165355505747 569.5450363341613 695 701 -1
699 -13.325408126433231 -151.59272800118566 566.7084738218047 696 702 -1
700 -35.291908977876986 -152.6116045287117 551.7238949157453 697 703 -1
701 -13.705593414873341 -152.051958141372 569.6926724486341 698 704 -1
702 -13.171010829310532 -151.57777275906304 566.5827465367911 699 705 -1
703 -35.34763940915953 -152.679796104567 551.5655207383106 700 706 -1
704 -13.6082987107561 -152.0514808327894 569.8414723343333 701 707 -1
705 -13.017570954532419 -151.55679884411518 566.4567048058071 702 708 -1
706 -35.40310214506944 -152.7472347892951 551.4067307656405 703 709 -1
707 -13.512792020332094 -152.05021399554167 569.9914214768868 704 710 -1
708 -12.865144635347374 -151.53060640330486 566.3304063434575 705 711 -1
709 -35.45828326671596 -152.81389624834173 551.2475150747068 706 712 -1
710 -13.419106008791793 -152.04814907336967 570.1425060243128 707 713 -1
711 -12.713739731209655 -151.5000018596106 566.2038688753508 708 714 -1
712 -35.51316786888108 -152.87975377831512 551.0878629390758 709 715 -1
713 -13.327279928089697 -152.04527481811155 570.2947150070961 710 716 -1
714 -12.563291155005519 -151.46589744984905 566.0770839558006 711 717 -1
715 -35.56774158617303 -152.94478248217345 550.9277651272703 712 718 -1
716 -13.237340158121823 -152.04158573702026 570.4480286834419 713 719 -1
717 -12.413737526670602 -151.42904492987537 565.9500078187585 714 720 -1
718 -35.62198992107905 -153.00895736680891 550.7672128646351 715 721 -1
719 -13.1493228650649 -152.0370722458738 570.6024321511603 716 722 -1
720 -12.264985528608497 -151.39022090099135 565.8225772039643 717 723 -1
721 -35.675897760771306 -153.0722521065298 550.6061972028931 718 724 -1
722 -13.063254367172231 -152.03172911725312 570.7579040361564 719 725 -1
723 -12.116912925448814 -151.35020813561428 565.6947231101616 720 726 -1
724 -35.72944889263484 -153.13463790431808 550.4447084861335 721 727 -1
725 -12.979171349449254 -152.02554685014837 570.9144277100953 722 728 -1
726 -11.969409275410788 -151.30973362882642 565.5663574360865 723 729 -1
727 -35.78262833784537 -153.1960894254663 550.2827394555503 724 730 -1
728 -12.897096228389339 -152.01852208967424 571.0719781800659 725 731 -1
729 -11.82235956277576 -151.26954373138759 565.4373831280566 726 732 -1
730 -35.83542047337381 -153.25658133315636 550.1202832338123 727 733 -1
731 -12.817057654422209 -152.01064893385828 571.230533105914 728 734 -1
732 -11.675654754088894 -151.23026739445302 565.3077366284809 729 735 -1
733 -35.88781071308458 -153.3160995566741 549.9573380079066 730 736 -1
734 -12.739086493743418 -152.00192068040292 571.3900703641306 731 737 -1
735 -11.529276335944251 -151.19203996685206 565.1774093820788 732 738 -1
736 -35.93978469120583 -153.37463412792127 549.7939038887819 733 739 -1
737 -12.663204224567757 -151.99233459195096 571.5505627259374 734 740 -1
738 -11.38323959445561 -151.15483260812675 565.0464053276885 735 741 -1
739 -35.99132754525946 -153.4321742519211 549.6299808361691 736 742 -1
740 -12.58943410820485 -151.981887239015 571.7119833731889 737 743 -1
741 -11.23754320787624 -151.11856757166782 564.9147596277863 738 744 -1
742 -36.04242543427454 -153.48871172497226 549.4655703300148 739 745 -1
743 -12.517798322309346 -151.9705756826581 571.8743045394467 740 746 -1
744 -11.092193432216 -151.0831931564669 564.7824898487822 741 747 -1
745 -36.09306371423952 -153.5442367112539 549.300673296225 742 748 -1
746 -12.448317222695385 -151.9583977576663 572.0374972785944 743 749 -1
747 -10.947205866521761 -151.04867939970018 564.64959659205 744 750 -1
748 -36.14322760043418 -153.5987393079475 549.1352908909464 745 751 -1
749 -12.381009277042258 -151.94535207753256 572.2015315547425 746 752 -1
750 -10.802575852713588 -151.0149493721953 564.5161138005144 747 753 -1
751 -36.19290217024258 -153.65220955077623 548.9694245094578 748 754 -1
752 -12.315891006780378 -151.93143803594322 572.3663763371144 749 755 -1
753 -10.658307198935548 -150.98194924628658 564.3820586886317 750 756 -1
754 -36.24207236635814 -153.70463741993242 548.8030757951346 751 757 -1
755 -12.252976937552443 -151.91665580477115 572.5319996991907 752 758 -1
756 -10.514412153033255 -150.9496405118289 564.2474347810816 753 759 -1
757 -36.2907230003967 -153.75601284640288 548.6362466484699 754 760 -1
758 -12.192279558558042 -151.9010063286152 572.6983689213561 755 761 -1
759 -10.370886971141998 -150.91795541705505 564.1122689034861 756 762 -1
760 -36.33883836337134 -153.80632495165455 548.4689388959106 757 763 -1
761 -12.133810188790621 -151.88449096932987 572.8654508687724 758 764 -1
762 -10.22773207042697 -150.8868366058349 563.9765797696505 759 765 -1
763 -36.386403364953175 -153.85556429632496 548.301155303891 760 766 -1
764 -12.077580053167804 -151.8671110834879 573.0332123432775 761 767 -1
765 -10.08495613470625 -150.85623857862936 563.8403738667076 762 768 -1
766 -36.43340254186574 -153.90372088212823 548.1328986759828 763 769 -1
767 -12.023592246108153 -151.84887108938514 573.2016178552412 764 770 -1
768 -9.942557570330592 -150.82610129672832 563.703671080898 765 771 -1
769 -36.47982022999108 -153.95078451510219 547.9641720297933 766 772 -1
770 -11.97185083288272 -151.82977492667953 573.3706325398906 767 773 -1
771 -9.8005334180658 -150.7963654422222 563.5664916977911 768 774 -1
772 -36.52564065870724 -153.99674498977504 547.7949786850447 769 775 -1
773 -11.922360040713468 -151.80982637933334 573.5402218243117 770 776 -1
774 -9.6588884299139 -150.76698031646998 563.4288454753308 771 777 -1
775 -36.570847957268434 -154.04159209804544 547.6253222724642 772 778 -1
776 -11.875122318071 -151.7890298085509 573.7103509250979 773 779 -1
777 -9.517624787769238 -150.73789159003286 563.2907451365687 774 780 -1
778 -36.61542616170161 -154.08531563851417 547.4552067425624 775 781 -1
779 -11.830131074684177 -151.76739283818193 573.8809834063882 776 782 -1
780 -9.376735967276007 -150.70903961622915 563.1522129013579 777 783 -1
781 -36.65935922223108 -154.12790542626843 547.284636374265 778 784 -1
782 -11.787386149848915 -151.74492054191907 574.0520848058533 779 785 -1
783 -9.236222272064081 -150.6803709512812 563.0132622221911 780 786 -1
784 -36.7026310112437 -154.1693513031207 547.1136157833688 781 787 -1
785 -11.746881419173837 -151.7216200740448 574.2236198782616 782 788 -1
786 -9.096091614611403 -150.65183358219366 562.8738983031357 783 789 -1
787 -36.74522533180578 -154.2096431483041 546.9421499307845 784 790 -1
788 -11.708605457754187 -151.69750037057324 574.3955530813098 785 791 -1
789 -8.956333520730382 -150.62336969159512 562.7341457864367 786 792 -1
790 -36.78712592674086 -154.24877088962054 546.7702441305331 787 793 -1
791 -11.672555544790809 -151.67256700946132 574.5678510039005 788 794 -1
792 -8.816946869599576 -150.59492623326597 562.5940186386788 789 795 -1
793 -36.82831648827668 -154.28672451503948 546.5979040574565 790 796 -1
794 -11.638711581160008 -151.64683173410515 574.7404781516004 791 797 -1
795 -8.677935287132458 -150.5664609026523 562.453523823954 792 798 -1
796 -36.868780668268 -154.32349408474215 546.425135754604 793 799 -1
797 -11.60706833333692 -151.6203006927426 574.9134020288775 794 800 -1
798 -8.539287671198993 -150.53799061121939 562.3126708190796 795 801 -1
799 -36.90850208900044 -154.35906974360324 546.2519456402555 796 802 -1
800 -11.577602677971342 -151.5929863063567 575.0865885363044 797 803 -1
801 -8.40099002883926 -150.50955150856615 562.1714678881299 798 804 -1
802 -36.94746435457773 -154.3934417341013 546.0783405145382 799 805 -1
803 -11.550304881601889 -151.56489597222125 575.2600060648125 800 806 -1
804 -8.263032169293238 -150.48117923542176 562.0299195427668 801 807 -1
805 -36.98565106289372 -154.42660040964486 545.9043275655962 802 808 -1
806 -11.525149197103572 -151.53604260908193 575.4336221952384 803 809 -1
807 -8.12541175328256 -150.4529125791786 561.8880220147445 804 810 -1
808 -37.02304581818806 -154.45853624830195 545.7299143752668 805 811 -1
809 -11.502122925673579 -151.50643427292349 575.607406637897 806 812 -1
810 -7.988110051563864 -150.42478493106702 561.745788520077 807 813 -1
811 -37.05963182475827 -154.48923923548242 545.5551087289346 808 814 -1
812 -11.481196433276082 -151.47608480218264 575.7813287403677 809 815 -1
813 -7.851116962108364 -150.39683125826048 561.6032235364061 810 816 -1
814 -37.09539289427898 -154.5187003944184 545.3799191040515 811 817 -1
815 -11.462355524916564 -151.44500236435564 575.9553598258465 812 818 -1
816 -7.714423935622332 -150.36908757811662 561.460329887436 813 819 -1
817 -37.130312924487846 -154.54691096071815 545.2043543893647 814 820 -1
818 -11.445567569165839 -151.4132013817017 576.1294712472791 815 821 -1
819 -7.578024806229804 -150.3415928184337 561.3171076658306 816 822 -1
820 -37.16437568416353 -154.57386206135882 545.0284237911702 817 823 -1
821 -11.430813910936042 -151.38069115160633 576.3036359702204 818 824 -1
822 -7.4419040246154005 -150.31437727749926 561.1735676603569 819 825 -1
823 -37.19756502026733 -154.59954502243522 544.8521369288833 820 826 -1
824 -11.418062921060034 -151.34748527089934 576.4778276082887 821 827 -1
825 -7.306051905973975 -150.2874751574911 561.0297143907251 822 828 -1
826 -37.22986487384861 -154.62395138486272 544.6755038367937 823 829 -1
827 -11.407290412272356 -151.31359451707058 576.65202096853 824 830 -1
828 -7.170460031935253 -150.2609222273376 560.885551039963 825 831 -1
829 -37.26125929644909 -154.64707292030513 544.4985349650153 826 832 -1
830 -11.398466370939158 -151.27903146026335 576.8261918546632 827 833 -1
831 -7.03512221740307 -150.2347585216097 560.7410781344381 828 834 -1
832 -37.291732466982786 -154.668901647293 544.3212411795824 829 835 -1
833 -11.391561374372158 -151.243808234656 577.0003171652056 830 836 -1
834 -6.9000243863412605 -150.20901116853221 560.5963061439905 831 837 -1
835 -37.321268709063524 -154.68942984749148 544.1436337616557 832 838 -1
836 -11.386547271992844 -151.20793631424345 577.1743747771139 833 839 -1
837 -6.765157454472948 -150.18371367699382 560.4512398657198 834 840 -1
838 -37.349852508749215 -154.7086500820762 543.9657244057933 835 841 -1
839 -11.38339000547887 -151.17142897274627 577.348343871942 836 842 -1
840 -6.630512510025415 -150.15889939734794 560.3058842009751 837 843 -1
841 -37.37746803082968 -154.7265545332081 543.7875250756134 838 844 -1
842 -11.382063234696838 -151.13429662364976 577.5222042722322 839 845 -1
843 -6.496085037385592 -150.13461279011722 560.1602384261031 840 846 -1
844 -37.404100052123965 -154.7431362723515 543.6090482853577 841 847 -1
845 -11.382529091439764 -151.09655339681657 577.6959375560646 842 848 -1
846 -6.361862172242695 -150.11087750730553 560.0143133477343 843 849 -1
847 -37.42973422114298 -154.75838956546187 543.430307119438 844 850 -1
848 -11.38476275758229 -151.05820876136494 577.8695253786703 845 851 -1
849 -6.227835318135505 -150.08772572251817 559.8681146379163 846 852 -1
850 -37.4543558661136 -154.77230826621138 543.2513148913713 847 853 -1
851 -11.388724374168246 -151.01927709295052 578.0429516528533 848 854 -1
852 -6.093997017396766 -150.06518157982333 559.7216484673986 849 855 -1
853 -37.477950571981005 -154.7848865900494 543.0720853038146 850 856 -1
854 -11.394387664751385 -150.97976794507827 578.216200048161 851 857 -1
855 -5.960345480806362 -150.04321947973065 559.5749235212141 852 858 -1
856 -37.5005041998105 -154.79611913017723 542.8926324404897 853 859 -1
857 -11.401713981251952 -150.93969486889415 578.3892564985201 854 860 -1
858 -5.826879639841763 -150.02178641425832 559.4279515016627 855 861 -1
859 -37.522002906292094 -154.80600087326246 542.7129707569692 856 862 -1
860 -11.41067532403208 -150.89906760684434 578.5621066974069 857 863 -1
861 -5.693595096175979 -150.00082144967715 559.280747611915 858 864 -1
862 -37.54243316328961 -154.81452721483228 542.5331150703097 859 865 -1
863 -11.42123376310749 -150.85789907573744 578.7347385367921 860 866 -1
864 -5.560489473276149 -149.98027104952507 559.1333235180266 861 867 -1
865 -37.56178177737461 -154.82169397428444 542.3530805475227 862 868 -1
866 -11.433360630312098 -150.81619886611858 578.9071395857189 863 869 -1
867 -5.4275601350130245 -149.9600819129126 558.9856905794344 864 870 -1
868 -37.58003590928265 -154.82749740945377 542.1728826928812 865 871 -1
869 -11.44701805053397 -150.77397950846822 579.0792996853912 866 872 -1
870 -5.294805733953352 -149.94020327555606 558.8378582154479 867 873 -1
871 -37.59718259985166 -154.83193362686885 541.9925372761035 868 874 -1
872 -11.462177747764933 -150.73125010052226 579.2512080605678 869 875 -1
873 -5.162223284638373 -149.92058124851206 558.6898373668014 870 876 -1
874 -37.61320997329047 -154.83500005788164 541.8120604764958 871 877 -1
875 -11.478801233325326 -150.68802303761407 579.4228565328916 872 878 -1
876 -5.029807812198601 -149.90116036019208 558.5416406230866 873 879 -1
877 -37.62810674257993 -154.83669481730183 541.6314687683425 874 880 -1
878 -11.496861612251411 -150.64430660688967 579.5942357094034 875 881 -1
879 -4.89755596893065 -149.8818885685558 558.3932783876044 876 882 -1
880 -37.64186168940714 -154.8370160646194 541.4507788519768 877 883 -1
881 -11.516320262139445 -150.60011293005627 579.7653392248333 878 884 -1
882 -4.765464311097674 -149.86271418737041 558.2447609018074 879 885 -1
883 -37.65446404386849 -154.835962461861 541.2700076835464 880 886 -1
884 -11.537149201145791 -150.55545034407942 579.9361594516369 881 887 -1
885 -4.633529328760359 -149.84358590540836 558.0960982734183 882 888 -1
886 -37.6659035020047 -154.83353318412665 541.0891724555374 883 889 -1
887 -11.559312830561018 -150.5103296416256 580.1066911024552 884 890 -1
888 -4.501749808302031 -149.82445196435427 557.9472985475395 885 891 -1
889 -37.67617024277129 -154.82972792924727 540.9082905762727 886 892 -1
890 -11.582780582287109 -150.46475974848215 580.2769285999234 887 893 -1
891 -4.370119846933992 -149.8052611445868 557.7983738240919 888 894 -1
892 -37.68525494437381 -154.82454692650785 540.7273796484317 889 895 -1
893 -11.607520782215133 -150.41874982934044 580.4468673324495 890 896 -1
894 -4.238635753830539 -149.78596344864903 557.6493341019108 891 897 -1
895 -37.6931487998977 -154.81799094438256 540.5464574466409 892 898 -1
896 -11.633499756842776 -150.37230961304573 580.6165039151228 893 899 -1
897 -4.107294041441299 -149.7665093199974 557.5001892166205 894 900 -1
898 -37.69984353216458 -154.81006129723306 540.3655418941954 895 901 -1
899 -11.660690309114107 -150.3254464444705 580.7858340514745 896 902 -1
900 -3.9760912936887842 -149.74684966560315 557.3509490045649 897 903 -1
901 -37.70533140774783 -154.80075985092287 540.1846510389723 898 904 -1
902 -11.689057352452922 -150.27817030045682 580.954856122266 899 905 -1
903 -3.8450241904456552 -149.72693587261944 557.2016233274134 900 906 -1
904 -37.709605250083584 -154.79008902730658 540.0038030286091 901 907 -1
905 -11.718572449949013 -150.2304887131176 581.1235674599617 902 908 -1
906 -3.7140901378539244 -149.70671818436028 557.0522217883765 903 909 -1
907 -37.71265845161523 -154.77805180755564 539.8230160850189 904 910 -1
908 -11.749205326648674 -150.18240974145274 581.2919664956265 905 911 -1
909 -3.583286537096317 -149.68614680564284 556.902754286219 906 912 -1
910 -37.714484984913405 -154.7646517342886 539.642308478325 907 913 -1
911 -11.780924198983529 -150.13394188104124 581.4600527292337 908 914 -1
912 -3.4526092988955104 -149.6651775205152 556.753231573108 909 915 -1
913 -37.715078436320475 -154.7498918436964 539.4616985919267 910 916 -1
914 -11.813702412644712 -150.08509168040865 581.6278247614786 911 917 -1
915 -3.322055722839405 -149.6437638976929 556.6036638325496 912 918 -1
916 -37.71443423614719 -154.73377711808854 539.281204725895 913 919 -1
917 -11.847508596253082 -150.03586728622372 581.795283155639 914 920 -1
918 -3.1916233127250533 -149.6218600826416 556.4540613826155 915 921 -1
919 -37.71254856379026 -154.71631324441051 539.1008451142793 916 922 -1
920 -11.882313313296075 -149.98627606173974 581.9624284853064 917 923 -1
921 -3.061308557436229 -149.59943160233175 556.3044341439573 918 924 -1
922 -37.709417785045424 -154.6975059966587 538.9206379656999 919 925 -1
923 -11.918091049699676 -149.93632381987263 582.1292605906527 920 926 -1
924 -2.9311029013301484 -149.5764896494726 556.1547897649682 921 927 -1
925 -37.70503888453543 -154.67736170278573 538.7406014018792 922 928 -1
926 -11.954810781375668 -149.8860183280445 582.2957816011608 923 929 -1
927 -2.8009961493507745 -149.5530596208401 556.0051349730057 924 930 -1
928 -37.69940946975903 -154.65588723932578 538.5607534299759 925 931 -1
929 -11.992444662731174 -149.83536609965685 582.4619931427547 926 932 -1
930 -2.670978100556146 -149.52916658397166 555.8554762836986 927 933 -1
931 -37.692525143937836 -154.63308726656 538.3811123862188 928 934 -1
932 -12.03096786406382 -149.78437239871724 582.6278962585671 929 935 -1
933 -2.541038671581484 -149.50483454053722 555.7058200339845 930 936 -1
934 -37.684386404521845 -154.60897150044127 538.2016957621016 931 937 -1
935 -12.070350648526965 -149.733044293486 582.7934941563524 932 938 -1
936 -2.411167928844202 -149.4800858802812 555.5561724739684 933 939 -1
937 -37.67499333831064 -154.58354905934354 538.0225209739801 934 940 -1
938 -12.110566202840637 -149.68138766489545 582.9587894939933 935 941 -1
939 -2.2813551202960856 -149.4549478038807 555.4065395540493 936 942 -1
940 -37.66434480799697 -154.55682765785608 537.8436055893302 937 943 -1
941 -12.151590096625942 -149.62940735656224 583.1237844592832 938 944 -1
942 -2.151590079166987 -149.42944395799492 555.2569270955272 939 945 -1
943 -37.65243923840219 -154.52881446635217 537.6649672458665 940 946 -1
944 -12.193394368353543 -149.5771095506073 583.2884829608713 941 947 -1
945 -2.0218626453790822 -149.40359769375 555.1073407845256 942 948 -1
946 -37.63928106999097 -154.49952267856904 537.486622093556 943 949 -1
947 -12.235952862343698 -149.52449965103395 583.4528886517631 944 950 -1
948 -1.8921626656900694 -149.37743208500805 554.9577861849666 945 951 -1
949 -37.624869027521186 -154.468959504455 537.3085874670509 946 952 -1
950 -12.279241409480582 -149.47158215530234 583.6170047761319 947 953 -1
951 -1.7624799935597215 -149.35096994647904 554.8082687511494 948 954 -1
952 -37.60920605087409 -154.43713631346725 537.1308795647421 949 955 -1
953 -12.323233924607496 -149.41836229132903 583.7808356939476 950 956 -1
954 -1.632804488767197 -149.3242338516742 554.6587938399626 951 957 -1
955 -37.592295613312956 -154.40406484226398 536.9535142324095 952 958 -1
956 -12.367904197060982 -149.36484622150115 583.9443864986749 953 959 -1
957 -1.5031260168035963 -149.29724615070347 554.5093667227621 954 960 -1
958 -37.57413857661356 -154.36975408780026 536.7765078993813 955 961 -1
959 -12.41322575770793 -149.31104380449665 584.1076639589293 956 962 -1
960 -1.3734344480648502 -149.27002898792034 554.3599925969421 957 963 -1
961 -37.554741085244146 -154.3342181446623 536.5998752748214 958 964 -1
962 -12.459171017178706 -149.25696623402945 584.2706760015438 959 965 -1
963 -1.2437196568683908 -149.2426043194172 554.2106765972273 960 966 -1
964 -37.53410530033597 -154.29746701743628 536.4236320573364 961 967 -1
965 -12.505711351027427 -149.20262509050366 584.4334313930524 962 968 -1
966 -1.113971520315025 -149.21499393037726 554.0614238067176 963 969 -1
967 -37.512236472067755 -154.25951360447266 536.2477927925099 964 970 -1
968 -12.55281965661503 -149.14803121313395 584.5959386234239 965 971 -1
969 -0.9841799170179023 -149.18721945228944 553.9122392677085 966 972 -1
970 -37.489141661815644 -154.22037238573833 536.0723711447639 967 973 -1
971 -12.600469316330237 -149.09319515366946 584.7582063144808 968 974 -1
972 -0.8543347257192114 -149.15930238003185 553.7631279923181 969 975 -1
973 -37.464821433014606 -154.18005142599847 535.8973828328466 970 976 -1
974 -12.648631783198677 -149.03812826580594 584.9202442871735 971 977 -1
975 -0.7244258238142248 -149.13126408883306 553.6140949729443 972 978 -1
976 -37.43928630391934 -154.13856822261218 535.7228398216695 973 979 -1
977 -12.69727993045118 -148.98284121070563 585.0820620629454 974 980 -1
978 -0.5944430858019671 -149.10312585111689 553.4651451925789 975 981 -1
979 -37.412542259937595 -154.09593573008155 535.5487553785689 976 982 -1
980 -12.746387860055279 -148.9273440265054 585.2436689002378 977 983 -1
981 -0.46437638168200773 -149.07490885324208 553.3162836350065 978 984 -1
982 -37.38459425294603 -154.05216578890276 535.3751429566884 979 985 -1
983 -12.795927202777667 -148.87164782746012 585.4050754843275 980 986 -1
984 -0.3342155753147608 -149.04663421214252 553.1675152949082 981 987 -1
985 -37.355449534409814 -154.00727227360582 535.2020148796678 982 988 -1
986 -12.84587105495461 -148.8157630124129 585.5662921094226 983 989 -1
987 -0.2039503421994978 -149.0183229673182 553.0188453509136 984 990 -1
988 -37.3251170504226 -153.96127047387958 535.0293824698834 985 991 -1
989 -12.896193500365083 -148.75969946122137 585.7273288543448 986 992 -1
990 -0.07357034684000092 -148.98999625025328 552.8702789904846 987 993 -1
991 -37.29360453183297 -153.9141743717759 534.8572572394054 988 994 -1
992 -12.946866882694339 -148.70346782879093 585.888196866571 989 995 -1
993 0.056934294863002534 -148.9616751645866 552.7218210377621 990 996 -1
994 -37.260920107506564 -153.86599816186995 534.6856502427205 991 997 -1
995 -12.997864364529445 -148.6470783492058 586.0489071371201 992 998 -1
996 0.18757376284914504 -148.93338071418734 552.573476634176 993 999 -1
997 -37.227072289410216 -153.81675623365 534.5145720689761 994 1000 -1
998 -13.049159927314776 -148.590540808502 586.2094704618567 995 1001 -1
999 0.318358252204764 -148.90513391764375 552.4252509826596 996 1002 -1
1000 -37.192069957304604 -153.76646315385304 534.3440328352782 997 1003 -1
1001 -13.100726472972891 -148.53386548778758 586.3698983601137 998 1004 -1
1002 0.4492979746303061 -148.87695582449834 552.2771493577194 999 1005 -1
1003 -37.15592234309592 -153.71513364879698 534.1740421810447 1000 1006 -1
1004 -13.152537229949402 -148.47706248354004 586.5302023740948 1001 1007 -1
1005 0.580403159815232 -148.84886753144838 552.129177115585 1002 1008 -1
1006 -37.11863901489688 -153.6627825867589 534.004609263407 1003 1009 -1
1007 -13.204566094514137 -148.42014150176564 586.6903938633535 1004 1010 -1
1008 0.7116840566998861 -148.82089019851955 551.9813397044582 1005 1011 -1
1009 -37.08022986084782 -153.60942496044805 533.8357427536517 1006 1012 -1
1010 -13.256786253518394 -148.36311259411076 586.8504846939124 1007 1013 -1
1011 0.8431509346053616 -148.7930450652191 551.8336426748859 1008 1014 -1
1012 -37.04070507274736 -153.55507586961863 533.6674508346885 1009 1015 -1
1013 -13.30917101584478 -148.30598573600847 587.010486803875 1010 1016 -1
1014 0.9748140842105889 -148.7653534666755 551.6860916902804 1011 1017 -1
1015 -37.0 -153.5 533.5 1012 -1 -1
1016 -13.361694157278167 -148.24877058514915 587.1704119847872 1013 1018 -1
1017 1.1066838183557435 -148.7378368497692 551.5386925376056 1014 1019 -1
1018 -13.414328933991735 -148.19147709072453 587.3302724048032 1016 1020 -1
1019 1.2387704726505642 -148.7105167892595 551.3914511382559 1017 1021 -1
1020 -13.467048706059384 -148.13411513844622 587.4900802606238 1018 1022 -1
1021 1.3710844058641607 -148.68341500391136 551.2443735591468 1019 1023 -1
1022 -13.519827024394539 -148.07669439313503 587.6498476737127 1020 1024 -1
1023 1.5036360000729474 -148.65655337262356 551.0974660240403 1021 1025 -1
1024 -13.572637098738523 -148.01922479694815 587.8095870270472 1022 1026 -1
1025 1.6364356605423587 -148.62995395056086 550.9507349251272 1023 1027 -1
1026 -13.625452251606095 -147.96171619745644 587.969310663919 1024 1028 -1
1027 1.7694938153150792 -148.6036389852881 550.8041868348876 1025 1029 -1
1028 -13.678245616106413 -147.904178352954 588.1290309714421 1026 1030 -1
1029 1.9028209144802986 -148.57763093290646 550.6578285182502 1027 1031 -1
1030 -13.730990387186232 -147.84662124589536 588.2887603922208 1028 1032 -1
1031 2.036427429093131 -148.55195247418675 550.5116669450741 1029 1033 -1
1032 -13.783659570758296 -147.78905476492625 588.4485113744141 1030 1034 -1
1033 2.1703238497158814 -148.5266265306953 550.3657093029711 1031 1035 -1
1034 -13.836225915356547 -147.73148888581034 588.6082964405867 1032 1036 -1
1035 2.304520684549032 -148.5016762809047 550.219963010491 1033 1037 -1
1036 -13.88866249568517 -147.67393361352032 588.7681279561343 1034 1038 -1
1037 2.4390288393827095 -148.47712567915917 550.0744360005172 1035 1039 -1
1038 -13.940941570206888 -147.6163990732287 588.928018518215 1036 1040 -1
1039 2.5738607936759954 -148.45300109654247 549.9291375762069 1037 1041 -1
1040 -13.993035897416448 -147.5588953857931 589.0879804597148 1038 1042 -1
1041 2.7090240525951828 -148.42931147109672 549.784075601602 1039 1043 -1
1042 -14.044917833390404 -147.5014327725863 589.2480261635349 1040 1044 -1
1043 2.844523980457034 -148.4060158665544 549.6392641140825 1041 1045 -1
1044 -14.096559111305952 -147.4440216451018 589.408168144075 1042 1046 -1
1045 2.980364945437221 -148.3830581258105 549.4947184182795 1043 1047 -1
1046 -14.147932425338785 -147.3866722558208 589.5684183910769 1044 1048 -1
1047 3.116551516875041 -148.3603816353624 549.3504538019553 1045 1049 -1
1048 -14.199008494746312 -147.32939537723885 589.7287895356925 1046 1050 -1
1049 3.253088434274436 -148.33792932271732 549.2064855768289 1047 1051 -1
1050 -14.249759891283055 -147.27220139321486 589.8892932790608 1048 1052 -1
1051 3.389980574735654 -148.31564364944515 549.0628291204341 1049 1053 -1
1052 -14.300157145581437 -147.21510126753776 590.0499419576139 1050 1054 -1
1053 3.527232918999351 -148.2934666033552 548.9194999186842 1051 1055 -1
1054 -14.35017184009818 -147.15810575932286 590.2107472606754 1052 1056 -1
1055 3.664850516017504 -148.27133969008509 548.7765136091116 1053 1057 -1
1056 -14.399774530204802 -147.1012259773648 590.3717210600192 1054 1058 -1
1057 3.8028384459584412 -148.2492039244047 548.6338860247376 1055 1059 -1
1058 -14.44893582325465 -147.0444730948852 590.5328749471723 1056 1060 -1
1059 3.9412057222187515 -148.22699850340382 548.4916372879042 1057 1061 -1
1060 -14.497626141513171 -146.98785841704657 590.6942203093536 1058 1062 -1
1061 4.079954542820132 -148.20466305668538 548.3497811125585 1059 1063 -1
1062 -14.54581526362788 -146.93139352288208 590.8557684934467 1060 1064 -1
1063 4.219089019117307 -148.18213713568758 548.2083333971764 1061 1065 -1
1064 -14.593473195765363 -146.87509001231035 591.0175304304516 1062 1066 -1
1065 4.358613951298059 -148.15935961554328 548.0673112444703 1063 1067 -1
1066 -14.640569175273253 -146.81895981046756 591.1795170151665 1064 1068 -1
1067 4.498533955939454 -148.13626884285648 547.9267321829217 1065 1069 -1
1068 -14.687072378494458 -146.76301496070943 591.3417387965533 1066 1070 -1
1069 4.638853417199082 -148.11280263281714 547.7866142134278 1067 1071 -1
1070 -14.732951937674207 -146.70726761890685 591.5042059515334 1068 1072 -1
1071 4.77957643574213 -148.08889826867787 547.6469758560943 1069 1073 -1
1072 -14.778175650806169 -146.65173047382058 591.6669287628001 1070 1074 -1
1073 4.920710954504356 -148.0644867620853 547.5078414690792 1071 1075 -1
1074 -14.82271313640166 -146.59641573692934 591.8299163696984 1072 1076 -1
1075 5.062258797023922 -148.03950494209735 547.3692292205071 1073 1077 -1
1076 -14.86653012864566 -146.5413370002167 591.9931789397609 1074 1078 -1
1077 5.204220508714705 -148.01389133280892 547.2311566378978 1075 1079 -1
1078 -14.909596679003107 -146.4865065607715 592.1567245075297 1076 1080 -1
1079 5.346598473211159 -147.98758104879752 547.0936448429961 1077 1081 -1
1080 -14.951878048869625 -146.43193842336558 592.3205624048007 1078 1082 -1
1081 5.48939449357347 -147.96050872368687 546.9567157111721 1079 1083 -1
1082 -14.9933424104641 -146.3776457571319 592.4847003329379 1080 1084 -1
1083 5.632609726143289 -147.9326085347505 546.8203919154948 1081 1085 -1
1084 -15.03395683716515 -146.32364222768697 592.6491458507506 1082 1086 -1
1085 5.776251612989422 -147.90379822861536 546.6847078610432 1083 1087 -1
1086 -15.073685684295114 -146.2699425766321 592.8139068931152 1084 1088 -1
1087 5.9203138615690065 -147.8740223949436 546.5496796118189 1085 1089 -1
1088 -15.112497537296298 -146.21656023778027 592.9789892785475 1086 1090 -1
1089 6.064794298210834 -147.8432159257547 546.415331181462 1087 1091 -1
1090 -15.150357066361208 -146.16351014354512 593.1443995734475 1088 1092 -1
1091 6.209690724464376 -147.81131147101613 546.2816889180685 1089 1093 -1
1092 -15.187229260123614 -146.11080728233713 593.3101435459304 1090 1094 -1
1093 6.354999923151475 -147.77824145691605 546.1487801625666 1091 1095 -1
1094 -15.223081286655269 -146.05846603086061 593.4762255525451 1092 1096 -1
1095 6.500725735810994 -147.7439118940272 546.016649257461 1093 1097 -1
1096 -15.257877086740205 -146.0065020731888 593.6426503110794 1094 1098 -1
1097 6.646854771805379 -147.70827691797308 545.8853118432411 1095 1099 -1
1098 -15.291581080147441 -145.95493110405354 593.8094216169703 1096 1100 -1
1099 6.793379819401782 -147.67126984296698 545.7547977781255 1097 1101 -1
1100 -15.324159880807011 -145.9037681979825 593.976541821742 1098 1102 -1
1101 6.9402926975607535 -147.63282297893713 545.6251387058843 1099 1103 -1
1102 -15.355577796378554 -145.85302943948906 594.144013223778 1100 1104 -1
1103 7.087588329852944 -147.59284948319942 545.4963787173398 1101 1105 -1
1104 -15.385797245642742 -145.8027318033408 594.311837839235 1102 1106 -1
1105 7.235254581085208 -147.55128268910295 545.3685512683664 1103 1107 -1
1106 -15.414785402968413 -145.75289070188046 594.4800154534594 1104 1108 -1
1107 7.383274726025724 -147.50807173163872 545.2416821170794 1105 1109 -1
1108 -15.4425068689954 -145.7035226816453 594.6485457762284 1106 1110 -1
1109 7.531634303389486 -147.46315073632098 545.1158073236999 1107 1111 -1
1110 -15.468924555143326 -145.6546451274091 594.8174280826628 1108 1112 -1
1111 7.68032036974212 -147.4164351372685 544.9909753473729 1109 1113 -1
1112 -15.494003494117786 -145.60627483558306 594.9866601538868 1110 1114 -1
1113 7.8293151633323825 -147.36785372096912 544.8672285582694 1111 1115 -1
1114 -15.517709907894949 -145.55842834768893 595.1562385764229 1112 1116 -1
1115 7.978594456193066 -147.31736730553664 544.744592395485 1113 1117 -1
1116 -15.540008887391794 -145.51112283730703 595.326159317828 1114 1118 -1
1117 8.128136389823538 -147.26491456492485 544.6231068798107 1115 1119 -1
1118 -15.56086355820801 -145.46437645609956 595.4964178387974 1116 1120 -1
1119 8.277919882890222 -147.21040930325722 544.5028285256062 1117 1121 -1
1120 -15.580240769632452 -145.41820613282607 595.6670077518529 1118 1122 -1
1121 8.427918008977816 -147.15379369900757 544.3837992005142 1119 1123 -1
1122 -15.598107573578321 -145.37262891928432 595.8379216996998 1120 1124 -1
1123 8.578100101463315 -147.0950359160736 544.2660471403942 1121 1125 -1
1124 -15.614430543210794 -145.32766226491538 596.0091514739227 1122 1126 -1
1125 8.728436294895397 -147.03408263419462 544.1496150902676 1123 1127 -1
1126 -15.629174390511185 -145.28332458443967 596.180688219525 1124 1128 -1
1127 8.87889612799989 -146.97084773267105 544.0345678417332 1125 1129 -1
1128 -15.642308058880882 -145.23963282987128 596.3525212515265 1126 1130 -1
1129 9.029443906664419 -146.90529695293108 543.9209409321522 1127 1131 -1
1130 -15.653801067803027 -145.19660392376096 596.524638846375 1128 1132 -1
1131 9.180042776927861 -146.83740547291973 543.8087656986896 1129 1133 -1
1132 -15.663622682162055 -145.1542550985552 596.6970283715325 1130 1134 -1
1133 9.33065512741644 -146.76713184407174 543.6980854575125 1131 1135 -1
1134 -15.671739816318592 -145.11260477297384 596.8696765368343 1132 1136 -1
1135 9.481240646519087 -146.6944024376379 543.5889662131308 1133 1137 -1
1136 -15.678125771357921 -145.07166896289667 597.0425680996764 1134 1138 -1
1137 9.631762621864176 -146.61921624592526 543.4814361898126 1135 1139 -1
1138 -15.682753508409109 -145.03146401094259 597.2156869886691 1136 1140 -1
1139 9.78221493389339 -146.54168378386834 543.3754863110455 1137 1141 -1
1140 -15.685595149772178 -144.99200681039184 597.3890163057234 1138 1142 -1
1141 9.93260525278637 -146.46193199541324 543.2711069568178 1139 1143 -1
1142 -15.686622641301422 -144.95331454587486 597.5625381784254 1140 1144 -1
1143 10.08294403750326 -146.38007244275818 543.168296420847 1141 1145 -1
1144 -15.685815294754201 -144.9154014789263 597.7362330936322 1142 1146 -1
1145 10.23324478700221 -146.2962098303091 543.067056492361 1143 1147 -1
1146 -15.68314957228953 -144.87828324578078 597.9100810213608 1144 1148 -1
1147 10.38352439848173 -146.21049199366107 542.967350613579 1145 1149 -1
1148 -15.678599849913251 -144.84197658010905 598.0840611592444 1146 1150 -1
1149 10.533801358658273 -146.12303136790922 542.8691656647584 1147 1151 -1
1150 -15.67215119702813 -144.80649377076975 598.2581511853717 1148 1152 -1
1151 10.684096368366177 -146.03393720744273 542.7724882515176 1149 1153 -1
1152 -15.663782483843407 -144.77184993980555 598.4323284416054 1150 1154 -1
1153 10.834432936971512 -145.94329980914114 542.6773214980091 1151 1155 -1
1154 -15.653476252698587 -144.73805877574299 598.6065693010861 1152 1156 -1
1155 10.984836440654465 -145.851228927566 542.5836482344688 1153 1157 -1
1156 -15.641220887256875 -144.70513151653026 598.7808493516369 1154 1158 -1
1157 11.135333206089554 -145.75783897414792 542.491442028465 1155 1159 -1
1158 -15.626996884030508 -144.6730830414055 598.9551436462131 1156 1160 -1
1159 11.285951711551728 -145.66322845251528 542.4006902333163 1157 1161 -1
1160 -15.610800168046655 -144.6419214496479 599.1294265921103 1158 1162 -1
1161 11.436722146385085 -145.56749385944187 542.3113807302329 1159 1163 -1
1162 -15.592612830590516 -144.61166116869512 599.3036719794425 1160 1164 -1
1163 11.587679668249725 -145.47071559638158 542.2235237762762 1161 1165 -1
1164 -15.572434727534953 -144.58230867647364 599.4778534612641 1162 1166 -1
1165 11.738856861643773 -145.37299910750966 542.1370946724859 1163 1167 -1
1166 -15.550253918940822 -144.55387589718765 599.6519439521547 1164 1168 -1
1167 11.890287925154803 -145.2744419922029 542.0520759890194 1165 1169 -1
1168 -15.526069736838691 -144.5263696587461 599.825916470521 1166 1170 -1
1169 12.042009643008189 -145.17513545779377 541.9684589824977 1167 1171 -1
1170 -15.5 -144.5 600.0 1168 -1 -1
1171 12.194062452912142 -145.07516697518605 541.8862437484458 1169 1172 -1
1172 12.346491854893559 -144.97462259106373 541.8054402408548 1171 1173 -1
1173 12.499333972512087 -144.87360402324768 541.7260196757934 1172 1174 -1
1174 12.652627850629154 -144.7721941167308 541.6479804910764 1173 1175 -1
1175 12.806368795859532 -144.6703807777133 541.571358933997 1174 1176 -1
1176 12.960515963681834 -144.5680845994021 541.4962109533668 1175 1177 -1
1177 13.115015609184521 -144.46523759077598 541.4225536495636 1176 1178 -1
1178 13.269819756594947 -144.36176482776582 541.3504279643327 1177 1179 -1
1179 13.424883842826803 -144.25757181771408 541.27991571113 1178 1180 -1
1180 13.580148854599106 -144.1525979649662 541.211022654195 1179 1181 -1
1181 13.735560271762795 -144.04677180068578 541.1437835580347 1180 1182 -1
1182 13.891063188566966 -143.93999877289284 541.0782753608997 1181 1183 -1
1183 14.046596689795747 -143.83221889740022 541.0145121788214 1182 1184 -1
1184 14.202100562899888 -143.7233698569772 540.9525175177754 1183 1185 -1
1185 14.357510102302014 -143.6133573619847 540.892367637943 1184 1186 -1
1186 14.512761355729662 -143.50213030819083 540.8340716513605 1185 1187 -1
1187 14.66779040887912 -143.38963555432494 540.7776469339659 1186 1188 -1
1188 14.822522884666704 -143.27578120773782 540.7231689691332 1187 1189 -1
1189 14.97689381972521 -143.1605309425798 540.6706358143834 1188 1190 -1
1190 15.130836734934352 -143.04384150437778 540.6200601815951 1189 1191 -1
1191 15.284269567051812 -142.92562964068495 540.571510832488 1190 1192 -1
1192 15.437127587261868 -142.8058719314112 540.5249794292617 1191 1193 -1
1193 15.589344004715693 -142.6845387107848 540.4804703254721 1192 1194 -1
1194 15.740835750944077 -142.5615674835417 540.4380324881096 1193 1195 -1
1195 15.891533409471533 -142.43693341509857 540.3976697221785 1194 1196 -1
1196 16.041378351512776 -142.31063231032786 540.3593672029062 1195 1197 -1
1197 16.19034135620647 -142.18269054977344 540.3231238129663 1196 1198 -1
1198 16.33840751285618 -142.05314163751416 540.2889745304749 1197 1199 -1
1199 16.485605285212053 -141.92209208483206 540.2568581120463 1198 1200 -1
1200 16.63194226489243 -141.7896063280749 540.2267637758339 1199 1201 -1
1201 16.777426532856598 -141.65574656883967 540.1986812446936 1200 1202 -1
1202 16.922052706296693 -141.52055199974686 540.1726338773722 1201 1203 -1
1203 17.06584109364377 -141.38409938760205 540.1485855933757 1202 1204 -1
1204 17.208804112328156 -141.2464497933584 540.1265200210281 1203 1205 -1
1205 17.350951016219216 -141.10765722351573 540.1064294198636 1204 1206 -1
1206 17.492291195364004 -140.96777394291504 540.0883067479498 1205 1207 -1
1207 17.632827519709323 -140.82684225811568 540.072162084429 1206 1208 -1
1208 17.77257042089113 -140.6849132140798 540.0579880056199 1207 1209 -1
1209 17.9115358587508 -140.54204269693287 540.0457638135871 1208 1210 -1
1210 18.049733253480955 -140.39827677297964 540.0354855701655 1209 1211 -1
1211 18.187171941590027 -140.25366023152438 540.0271501342608 1210 1212 -1
1212 18.32386114345436 -140.10823667017425 540.0207551744576 1211 1213 -1
1213 18.459809933657507 -139.96204857841317 540.016299179946 1212 1214 -1
1214 18.595024257850547 -139.8151346282799 540.0137893972881 1213 1215 -1
1215 18.729510420389953 -139.66753355307154 540.0132327802631 1214 1216 -1
1216 18.86328274971909 -139.51929071438263 540.0146148151256 1215 1217 -1
1217 18.996349447625562 -139.37044488488505 540.0179374381538 1216 1218 -1
1218 19.128718454383108 -139.22103413071864 540.0232034417006 1217 1219 -1
1219 19.260397430453068 -139.0710958853833 540.030416478551 1218 1220 -1
1220 19.391393739265343 -138.92066702239964 540.0395810655701 1219 1221 -1
1221 19.521714430899458 -138.76978392684995 540.0507025866852 1220 1222 -1
1222 19.651366226497082 -138.61848256591657 540.0637872952487 1221 1223 -1
1223 19.780355503248344 -138.46679855853705 540.078842315788 1222 1224 -1
1224 19.908688279804718 -138.31476724429922 540.0958756451541 1223 1225 -1
1225 20.036364686166127 -138.16242137873118 540.1149132108301 1224 1226 -1
1226 20.163395558689164 -138.00979889396174 540.135947934609 1225 1227 -1
1227 20.289785805252897 -137.85693472184954 540.1589902634565 1226 1228 -1
1228 20.41553983669261 -137.7038637524076 540.1840517661265 1227 1229 -1
1229 20.540661634515804 -137.5506209400537 540.2111448798855 1228 1230 -1
1230 20.665154736160684 -137.39724137046588 540.240282907164 1229 1231 -1
1231 20.789022219866492 -137.24376032752096 540.2714800111245 1230 1232 -1
1232 20.912266689069615 -137.09021336041317 540.3047512100146 1231 1233 -1
1233 21.03489025624616 -136.9366363510426 540.3401123701415 1232 1234 -1
1234 21.15689452612753 -136.78306558175288 540.3775801972985 1233 1235 -1
1235 21.278280578222752 -136.62953780348693 540.4171722264438 1234 1236 -1
1236 21.399048948587602 -136.4760903044154 540.4589068094151 1235 1237 -1
1237 21.51919375616318 -136.32276245622117 540.502823755683 1236 1238 -1
1238 21.638719886432014 -136.16959218105364 540.5489239326972 1237 1239 -1
1239 21.75762684650776 -136.01661724395487 540.5972212277532 1238 1240 -1
1240 21.875920988093288 -135.86385652953575 540.6476544649383 1239 1241 -1
1241 21.99361579656874 -135.71131232711903 540.70010528707 1240 1242 -1
1242 22.110727252223136 -135.55898353193345 540.754453996333 1241 1243 -1
1243 22.227273513671584 -135.40686624414943 540.8105814290303 1242 1244 -1
1244 22.343274765066884 -135.25495393202914 540.8683689964871 1243 1245 -1
1245 22.45875307220952 -135.1032375914671 540.9276986860674 1244 1246 -1
1246 22.573727991057027 -134.95170744054286 540.9884647789866 1245 1247 -1
1247 22.688227659045207 -134.80034888804346 541.0505418968909 1246 1248 -1
1248 22.80228111509959 -134.64914558455607 541.1138075324259 1247 1249 -1
1249 22.915916777693482 -134.49808004208307 541.1781451608366 1248 1250 -1
1250 23.029164372254083 -134.34713301655944 541.2434383062855 1249 1251 -1
1251 23.142054843693195 -134.19628363374983 541.3095703501099 1250 1252 -1
1252 23.254620276396555 -134.04550951065542 541.3764243139892 1251 1253 -1
1253 23.36688989198751 -133.89478728642152 541.4438900467153 1252 1254 -1
1254 23.47890212008802 -133.74409075126619 541.5118393282916 1253 1255 -1
1255 23.590692782859506 -133.59339347946246 541.5801509561904 1254 1256 -1
1256 23.70229794397194 -133.44266811130984 541.6487035406816 1255 1257 -1
1257 23.81375448380255 -133.2918863607159 541.7173738594411 1256 1258 -1
1258 23.92509875093603 -133.1410171442859 541.7860342052836 1257 1259 -1
1259 24.03637142482925 -132.99003091559894 541.8545532265716 1258 1260 -1
1260 24.14761080379552 -132.83889942983103 541.9228055096949 1259 1261 -1
1261 24.25882958189534 -132.6876285820593 541.9907821209889 1260 1262 -1
1262 24.37001229810023 -132.53626051913065 542.0586011698463 1261 1263 -1
1263 24.48114291712846 -132.38484461301053 542.1263988082942 1262 1264 -1
1264 24.592205196141098 -132.23342875940227 542.194308435102 1263 1265 -1
1265 24.70318084268458 -132.08206294174698 542.2624707120104 1264 1266 -1
1266 24.814051844205427 -131.93079899392043 542.3310281894563 1265 1267 -1
1267 24.924801461360765 -131.7796874006539 542.4001156840612 1266 1268 -1
1268 25.03540828127936 -131.62878513592793 542.4698859578875 1267 1269 -1
1269 25.145851868897985 -131.47814866229314 542.5404840636137 1268 1270 -1
1270 25.256113441964114 -131.32783107368687 542.6120396916998 1269 1271 -1
1271 25.366165448611152 -131.1779008413243 542.6847215057269 1270 1272 -1
1272 25.47598657662147 -131.028414554386 542.7586558668378 1271 1273 -1
1273 25.585553250311424 -130.87943168685737 542.8339708217399 1272 1274 -1
1274 25.694829404074703 -130.7310358113 542.9108501514224 1273 1275 -1
1275 25.803794998147623 -130.58327674546663 542.9893787243178 1274 1276 -1
1276 25.912415596460807 -130.4362319592351 543.0697051285225 1275 1277 -1
1277 26.020655137990254 -130.28998076273385 543.1519709387035 1276 1278 -1
1278 26.128487584457215 -130.14457966983917 543.2362532453478 1277 1279 -1
1279 26.23586831105501 -130.0001220160968 543.3227063113513 1278 1280 -1
1280 26.342763964264012 -129.85667556694187 543.4114143938821 1279 1281 -1
1281 26.44914214296311 -129.71430416771526 543.5024458558202 1280 1282 -1
1282 26.554950750126835 -129.57311009414346 543.5959412089329 1281 1283 -1
1283 26.660143942543147 -129.4331213503141 543.6919105049842 1282 1284 -1
1284 26.764632985682233 -129.29428861389118 543.7902980886497 1283 1285 -1
1285 26.868305703297157 -129.1565709501248 543.8910872772173 1284 1286 -1
1286 26.97106289788873 -129.01990906171378 543.9942236982519 1285 1287 -1
1287 27.07281770081176 -128.88423662454986 544.0996351397222 1286 1288 -1
1288 27.173473353140785 -128.74950277822185 544.2072823421476 1287 1289 -1
1289 27.272904370268765 -128.61567709555007 544.3171770880225 1288 1290 -1
1290 27.37103515426026 -128.48269316432365 544.4292407020477 1289 1291 -1
1291 27.46777015434219 -128.35050347309576 544.5434372157271 1290 1292 -1
1292 27.56300970559894 -128.21906436853806 544.6597379715959 1291 1293 -1
1293 27.65661625369662 -128.08834831333334 544.7781600655926 1292 1294 -1
1294 27.748515445959626 -127.95830051577525 544.8986369765062 1293 1295 -1
1295 27.838604464771098 -127.82888163920292 545.0211411236628 1294 1296 -1
1296 27.92677490370982 -127.70005555217809 545.1456497394305 1295 1297 -1
1297 28.012876652877555 -127.5717976273741 545.2721762480385 1296 1298 -1
1298 28.096818279435563 -127.4440677306728 545.4006727091219 1297 1299 -1
1299 28.178491771524147 -127.31683312568137 545.5311073486225 1298 1300 -1
1300 28.257775103367305 -127.19006610623198 545.663458028663 1299 1301 -1
1301 28.334495314749116 -127.06374875670444 545.7977350937693 1300 1302 -1
1302 28.408546254343268 -126.93785270797189 545.9338927614059 1301 1303 -1
1303 28.479809401805593 -126.81235497001423 546.0718929934646 1302 1304 -1
1304 28.548145701173777 -126.68723817679407 546.2117077551836 1303 1305 -1
1305 28.61333266714678 -126.56249669455688 546.3533494839077 1304 1306 -1
1306 28.675292961268493 -126.43811179917205 546.4967415790212 1305 1307 -1
1307 28.733990421842964 -126.31409736276537 546.6418177386603 1306 1308 -1
1308 28.7894741981667 -126.19049703743785 546.7885034866978 1307 1309 -1
1309 28.84184311961266 -126.06734849156372 546.9367066617361 1308 1310 -1
1310 28.891253738065675 -125.94467603066363 547.0863140058896 1309 1311 -1
1311 28.93780740717485 -125.82250810148038 547.2372451182182 1310 1312 -1
1312 28.981573555093146 -125.70087705503124 547.3894388591508 1311 1313 -1
1313 29.02274160531173 -125.57978819082092 547.5427855860812 1312 1314 -1
1314 29.061436508643975 -125.45925490598115 547.697210663052 1313 1315 -1
1315 29.0977235895507 -125.33930286170376 547.8526696584848 1314 1316 -1
1316 29.13179832685534 -125.21992324079488 548.0090671493446 1315 1317 -1
1317 29.16379412985452 -125.10111828756591 548.1663392048658 1316 1318 -1
1318 29.193800111436513 -124.98290141388412 548.3244446215499 1317 1319 -1
1319 29.221988163442795 -124.86525936459415 548.4833116112915 1318 1320 -1
1320 29.248502828041456 -124.74818348567885 548.642883574708 1319 1321 -1
1321 29.273449649839446 -124.63167727151412 548.8031240506434 1320 1322 -1
1322 29.296984590921436 -124.5157245876425 548.9639785300695 1321 1323 -1
1323 29.319256632085708 -124.40030872416193 549.1253980406107 1322 1324 -1
1324 29.340382538598053 -124.2854259407879 549.287351133317 1323 1325 -1
1325 29.360510335311467 -124.17105766213834 549.4497948340277 1324 1326 -1
1326 29.379788818678676 -124.05718204048931 549.6126871225996 1325 1327 -1
1327 29.398343281389387 -123.9437909577217 549.7760010343433 1326 1328 -1
1328 29.416320806697463 -123.83086277584063 549.9396998139896 1327 1329 -1
1329 29.43386740397766 -123.71837347543631 550.1037472036604 1328 1330 -1
1330 29.451088575242007 -123.60632087959107 550.2681276255612 1329 1331 -1
1331 29.467982488769085 -123.49471767738801 550.4328473553034 1330 1332 -1
1332 29.48451101525064 -123.38358751714912 550.5979235815354 1331 1333 -1
1333 29.50061851032863 -123.27297547253197 550.7633889301762 1332 1334 -1
1334 29.51627403834756 -123.16289616097808 550.9292524143694 1333 1335 -1
1335 29.531428857676413 -123.05338599785145 551.0955385950781 1334 1336 -1
1336 29.546031554152606 -122.94448378824463 551.2622728085969 1335 1337 -1
1337 29.56004884096136 -122.8362088291873 551.4294651199559 1336 1338 -1
1338 29.57341403660078 -122.72861609916357 551.5971504901453 1337 1339 -1
1339 29.58609562059543 -122.62172386994347 551.765336163265 1338 1340 -1
1340 29.598033690339538 -122.51557999367675 551.9340493420472 1339 1341 -1
1341 29.60917843668954 -122.41022219290764 552.1033085839231 1340 1342 -1
1342 29.619482246213533 -122.30568645106929 552.2731298295745 1341 1343 -1
1343 29.62887862994599 -122.20202746426152 552.4435400774818 1342 1344 -1
1344 29.63732884671164 -122.09927357021184 552.6145469204545 1343 1345 -1
1345 29.644754028329032 -121.99749195823475 552.7861815973015 1344 1346 -1
1346 29.65111809623142 -121.89670974068055 552.9584474009721 1345 1347 -1
1347 29.656337115023543 -121.79699976676744 553.1313743480206 1346 1348 -1
1348 29.66036837820877 -121.69839689115864 553.3049664801058 1347 1349 -1
1349 29.663133522226108 -121.60097005025482 553.4792460156864 1348 1350 -1
1350 29.66457057391274 -121.50477372996367 553.6542235692499 1349 1351 -1
1351 29.66462100246118 -121.40986022656628 553.8299061225465 1350 1352 -1
1352 29.66318735590695 -121.31631885191504 554.006317127581 1351 1353 -1
1353 29.660232659781695 -121.22418414027126 554.18344788668 1352 1354 -1
1354 29.65565327188491 -121.1335535350256 554.3613184768218 1353 1355 -1
1355 29.649384160206733 -121.04449016047131 554.5399274137881 1354 1356 -1
1356 29.64136352245524 -120.95705551645833 554.7192694638151 1355 1357 -1
1357 29.631479502562435 -120.871359364981 554.8993560267334 1356 1358 -1
1358 29.619668767379927 -120.78746808193834 555.0801745547668 1357 1359 -1
1359 29.60586045575862 -120.70545675173572 555.2617124292237 1358 1360 -1
1360 29.589959420514457 -120.62542534854235 555.4439613555932 1359 1361 -1
1361 29.571861025262166 -120.54748540056069 555.626910149095 1360 1362 -1
1362 29.55150882483488 -120.47170483591138 555.8105276811766 1361 1363 -1
1363 29.52881649110713 -120.39818235950005 555.9947876863886 1362 1364 -1
1364 29.503697866403026 -120.32701918700583 556.1796582619872 1363 1365 -1
1365 29.476039560358732 -120.25834633097016 556.3651071181845 1364 1366 -1
1366 29.445864241848614 -120.19220106138637 556.5510815500434 1365 1367 -1
1367 29.413661705123687 -120.1283718439742 556.7375256647614 1366 1368 -1
1368 29.380109085459996 -120.06653648904862 556.9244039473738 1367 1369 -1
1369 29.345895306860296 -120.006356636244 557.111702872506 1368 1370 -1
1370 29.311720529686998 -119.94748197895099 557.2994234932517 1369 1371 -1
1371 29.278299900240444 -119.88955405344288 557.4875738723264 1370 1372 -1
1372 29.24637338693953 -119.83220638628202 557.6761605707483 1371 1373 -1
1373 29.216679610310766 -119.77506476234576 557.8651733198192 1372 1374 -1
1374 29.1899793543704 -119.7177601670554 558.0545817137424 1373 1375 -1
1375 29.167049687015727 -119.65992667579981 558.2443214805918 1374 1376 -1
1376 29.148679514182128 -119.6012064247704 558.4342830086022 1375 1377 -1
1377 29.13566091793081 -119.54125609926555 558.624300119742 1376 1378 -1
1378 29.128775299079198 -119.47975509168013 558.8141401702467 1377 1379 -1
1379 29.12877370626217 -119.4164152065272 559.0034970409819 1378 1380 -1
1380 29.13635143847504 -119.35099139939005 559.1919889843386 1379 1381 -1
1381 29.151811531132623 -119.28344401356748 559.37924874634 1380 1382 -1
1382 29.172946075300118 -119.2149598548195 559.5656224048018 1381 1383 -1
1383 29.19634382664566 -119.1472776995187 559.7520216498314 1382 1384 -1
1384 29.21858804948237 -119.08215617077092 559.9394672383106 1383 1385 -1
1385 29.23606424729835 -119.02153492625217 560.1289044736634 1384 1386 -1
1386 29.24483081716297 -118.96766711436854 560.3209449439021 1385 1387 -1
1387 29.240439798159716 -118.92331704869716 560.5155147708438 1386 1388 -1
1388 29.218378520285363 -118.89155000582869 560.7112868182086 1387 1389 -1
1389 29.176458836150267 -118.87419255627454 560.9056230686808 1388 1390 -1
1390 29.118618672333803 -118.86894491574891 561.0966009892945 1389 1391 -1
1391 29.04965601140688 -118.87258223151827 561.2839263520825 1390 1392 -1
1392 28.97360533122605 -118.88217110265285 561.4682973413461 1391 1393 -1
1393 28.89383658882091 -118.89512922882675 561.650893641839 1392 1394 -1
1394 28.81334353582343 -118.90909767926543 561.833099544744 1393 1395 -1
1395 28.735092036355727 -118.92173349243816 562.0163708249904 1394 1396 -1
1396 28.662282201741633 -118.93056358413948 562.2020761960956 1395 1397 -1
1397 28.598720554961698 -118.93277647575694 562.3913115318566 1396 1398 -1
1398 28.549093042982502 -118.92511883903464 562.5844871233203 1397 1399 -1
1399 28.51917921916877 -118.90389635449343 562.7806147601599 1398 1400 -1
1400 28.51178301069104 -118.86767699296269 562.9766982280383 1399 1401 -1
1401 28.522873535502736 -118.81924503960919 563.170011722875 1400 1402 -1
1402 28.547145673834805 -118.76184831964531 563.3596768845928 1401 1403 -1
1403 28.579728633277856 -118.69822011223381 563.5461080796213 1402 1404 -1
1404 28.616364761435765 -118.63056685688458 563.7303704055121 1403 1405 -1
1405 28.65323623615804 -118.5607347367434 563.913773894337 1404 1406 -1
1406 28.68667694320214 -118.49042030815141 564.0976437730671 1405 1407 -1
1407 28.712881811092693 -118.42138326739527 564.2831473022873 1406 1408 -1
1408 28.728263174204262 -118.35538813340388 564.4709422686897 1407 1409 -1
1409 28.73253165649713 -118.29284597972092 564.6605000491365 1408 1410 -1
1410 28.727079323204638 -118.2334058601128 564.8510313829516 1409 1411 -1
1411 28.713487304063037 -118.17657836400431 565.0419599967595 1410 1412 -1
1412 28.693408616687506 -118.12178445081571 565.2329169466487 1411 1413 -1
1413 28.66849464897683 -118.06839440238795 565.4237060981577 1412 1414 -1
1414 28.64035265918555 -118.01575816640798 565.6142584114986 1413 1415 -1
1415 28.610523263758935 -117.96323377212092 565.8045860501267 1414 1416 -1
1416 28.580072465443813 -117.91091625632917 565.9948722127014 1415 1417 -1
1417 28.549134686770383 -117.86047213452214 566.185583337184 1416 1418 -1
1418 28.51771177493655 -117.81378766294996 566.3771668955 1417 1419 -1
1419 28.485819928637895 -117.77277026360811 566.5699611001991 1418 1420 -1
1420 28.453500325549197 -117.73936901228552 566.7641428327903 1419 1421 -1
1421 28.420830064631215 -117.71557923904295 566.9596698149973 1420 1422 -1
1422 28.387935984013264 -117.70314904689884 567.1562043855714 1421 1423 -1
1423 28.354992498119778 -117.70102906840529 567.3531208930038 1422 1424 -1
1424 28.32213761022377 -117.7067548518865 567.5499886442692 1423 1425 -1
1425 28.289457901258746 -117.71792253867801 567.746658124277 1424 1426 -1
1426 28.25700531456652 -117.73227491684499 567.9431619612358 1425 1427 -1
1427 28.224817845997606 -117.74768074372608 568.139630600765 1426 1428 -1
1428 28.19291614047911 -117.76210954432322 568.336219069615 1427 1429 -1
1429 28.16132912951513 -117.7737020700858 568.5330437474128 1428 1430 -1
1430 28.130105113726614 -117.78054822425315 568.7301445235084 1429 1431 -1
1431 28.09929028975801 -117.781118790123 568.9274231923208 1430 1432 -1
1432 28.06896366730162 -117.77482152133648 569.1246810053871 1431 1433 -1
1433 28.039161587612792 -117.76332669246531 569.3217880229014 1432 1434 -1
1434 28.00992426728644 -117.74815878383234 569.5187339174971 1433 1435 -1
1435 27.981250193189688 -117.73092301270215 569.7155938352505 1434 1436 -1
1436 27.95316741416444 -117.71301448488478 569.9124793819171 1435 1437 -1
1437 27.925668828205747 -117.6958122903683 570.1095098612006 1436 1438 -1
1438 27.89876857986878 -117.68060667775177 570.3067858725079 1437 1439 -1
1439 27.87250003190386 -117.66849324926548 570.5043601857169 1438 1440 -1
1440 27.846881413768003 -117.6592826590073 570.7021768308492 1439 1441 -1
1441 27.821946440374766 -117.65251349430895 570.9001799987849 1440 1442 -1
1442 27.797743912312313 -117.64777353080481 571.0983333944096 1441 1443 -1
1443 27.774286852169613 -117.64456901036621 571.2966074107164 1442 1444 -1
1444 27.75160149182841 -117.64247189626562 571.4949862121597 1443 1445 -1
1445 27.729714581426155 -117.64106842262264 571.6934609595928 1444 1446 -1
1446 27.70866903503549 -117.6399527648148 571.8920285555039 1445 1447 -1
1447 27.688476477708008 -117.63871685584112 572.0906839422239 1446 1448 -1
1448 27.66916243061467 -117.63697377431701 572.289422749104 1447 1449 -1
1449 27.650754383707774 -117.63434443764659 572.4882376177944 1448 1450 -1
1450 27.633280337585855 -117.63061050521023 572.6871191181913 1449 1451 -1
1451 27.61678006494242 -117.62593158515945 572.8860638947475 1450 1452 -1
1452 27.6012745438135 -117.62055231062119 573.0850710084527 1451 1453 -1
1453 27.586787981660436 -117.61470557120728 573.2841417250374 1452 1454 -1
1454 27.57334967731596 -117.60861694335676 573.4832787071638 1453 1455 -1
1455 27.560989727161125 -117.6025095857714 573.6824849461032 1454 1456 -1
1456 27.54973914427261 -117.59660484752537 573.881763004901 1455 1457 -1
1457 27.539629954779905 -117.591122857078 574.0811142762758 1456 1458 -1
1458 27.53071059934443 -117.5862939475369 574.2805391328689 1457 1459 -1
1459 27.523001819392622 -117.58233275098341 574.4800334208138 1458 1460 -1
1460 27.51653806667329 -117.5794583392812 574.679590368759 1459 1461 -1
1461 27.511355980765355 -117.5778911059566 574.8791990686401 1460 1462 -1
1462 27.50749329209161 -117.57785247821728 575.0788436207051 1461 1463 -1
1463 27.504988734893836 -117.57956510148011 575.2785023207051 1462 1464 -1
1464 27.503881917467712 -117.5832529028057 575.4781468251756 1463 1465 -1
1465 27.504221230852323 -117.58915427950399 575.6777407880879 1464 1466 -1
1466 27.506052779405643 -117.59750706366015 575.8772387366831 1465 1467 -1
1467 27.509401161438788 -117.60849512780317 576.0765888366985 1466 1468 -1
1468 27.51426593341008 -117.62211086234817 576.2757455164364 1467 1469 -1
1469 27.520624572092377 -117.63822352353985 576.4746737736566 1468 1470 -1
1470 27.528453646514567 -117.65669931350037 576.6733442114772 1469 1471 -1
1471 27.537729394431132 -117.6774039233568 576.8717326718255 1470 1472 -1
1472 27.54843433214748 -117.70021188303168 577.0698185064584 1471 1473 -1
1473 27.560551721017276 -117.72499700670144 577.2675852863682 1472 1474 -1
1474 27.57404361901083 -117.75160440152702 577.4650260442813 1473 1475 -1
1475 27.58888659657494 -117.77990057413534 577.6621348406379 1474 1476 -1
1476 27.605057629233187 -117.80975265609199 577.8589094821696 1475 1477 -1
1477 27.62253418783206 -117.84102846257595 578.0553512224391 1476 1478 -1
1478 27.641294313237307 -117.87359650705325 578.251464468544 1477 1479 -1
1479 27.661324862379136 -117.90733277825488 578.4472544414053 1478 1480 -1
1480 27.682607141557906 -117.94210635405473 578.6427306644345 1479 1481 -1
1481 27.70511069550006 -117.97777785334966 578.8379081023529 1480 1482 -1
1482 27.72881637456726 -118.01421795966978 579.0328010827609 1481 1483 -1
1483 27.753705973937183 -118.05128948437698 579.2274272623685 1482 1484 -1
1484 27.779764201408376 -118.08877325177974 579.4218214752885 1483 1485 -1
1485 27.806978453722632 -118.12639422568297 579.6160307588019 1484 1486 -1
1486 27.835356671806643 -118.16386704941775 579.8101020316749 1485 1487 -1
1487 27.86486990389167 -118.20090809603275 580.0040867994107 1486 1488 -1
1488 27.895509155093766 -118.23723181927588 580.1980325076275 1487 1489 -1
1489 27.927266111588047 -118.27254776795789 580.391984412156 1488 1490 -1
1490 27.96013283051107 -118.30655961654504 580.5859843783645 1489 1491 -1
1491 27.994115562424696 -118.33893947421655 580.7800710942373 1490 1492 -1
1492 28.029200690329713 -118.3693751050254 580.9742758811564 1491 1493 -1
1493 28.065370538257344 -118.39755875563779 581.1686210592351 1492 1494 -1
1494 28.102614308181344 -118.42316173002972 581.3631201183368 1493 1495 -1
1495 28.140928380397458 -118.4458175794183 581.5577764987329 1494 1496 -1
1496 28.18030433319584 -118.46514440305693 581.7525792727516 1495 1497 -1
1497 28.2207059135714 -118.48083340875272 581.9474981337343 1496 1498 -1
1498 28.262108924184282 -118.49252357821409 582.1424873202782 1497 1499 -1
1499 28.304505378883086 -118.49974091450518 582.337479142992 1498 1500 -1
1500 28.347844971823058 -118.50223440328696 582.5323804861185 1499 1501 -1
1501 28.39212403806454 -118.50025404511047 582.7270777755231 1500 1502 -1
1502 28.43739455979839 -118.494336023057 582.9214681709648 1501 1503 -1
1503 28.483688211233957 -118.48516341020176 583.115491764168 1502 1504 -1
1504 28.531041689693364 -118.47340440764971 583.3091204795784 1503 1505 -1
1505 28.57953330867545 -118.45966344040664 583.5023371703695 1504 1506 -1
1506 28.62920816374296 -118.44462760390955 583.6951567841538 1505 1507 -1
1507 28.680117761292575 -118.42895746544131 583.8876036716825 1506 1508 -1
1508 28.732366586667958 -118.41332063250162 584.0796939505509 1507 1509 -1
1509 28.785989009687768 -118.39839459930329 584.2714616709258 1508 1510 -1
1510 28.841058346977675 -118.38486248902561 584.4629220602425 1509 1511 -1
1511 28.89766674298418 -118.3734646827371 584.6540714995597 1510 1512 -1
1512 28.955834012961382 -118.36485224323597 584.8448974814254 1511 1513 -1
1513 29.01565251960603 -118.35983300251957 585.0353395891542 1512 1514 -1
1514 29.07713315546083 -118.359081442276 585.225314814366 1513 1515 -1
1515 29.140301900294116 -118.36334191005673 585.4146872083728 1514 1516 -1
1516 29.20517539888968 -118.37340239351083 585.6032602316327 1515 1517 -1
1517 29.271693626170066 -118.38956613559495 585.7908336009608 1516 1518 -1
1518 29.339903559705576 -118.41167427258392 585.9771905460835 1517 1519 -1
1519 29.409745481434943 -118.43897797042607 586.1622505532134 1518 1520 -1
1520 29.481264442224447 -118.47104368648355 586.3459020701041 1519 1521 -1
1521 29.554468635537724 -118.50729735512154 586.5281059130476 1520 1522 -1
1522 29.629367361759687 -118.54717271968372 586.7088598055828 1521 1523 -1
1523 29.706049638620197 -118.59024798127005 586.8881263065786 1522 1524 -1
1524 29.78450713287533 -118.63592660469841 587.0659750191368 1523 1525 -1
1525 29.864815079831658 -118.68375656099529 587.2424273336715 1524 1526 -1
1526 29.947050403883505 -118.73327164201322 587.4175222500428 1525 1527 -1
1527 30.03124095363558 -118.7839776984101 587.5913427024726 1526 1528 -1
1528 30.117490943153218 -118.83543517845513 587.7639284255837 1527 1529 -1
1529 30.20587399057559 -118.88718476008249 587.9353436374413 1528 1530 -1
1530 30.29643708187064 -118.9387788085868 588.1056642532789 1529 1531 -1
1531 30.3893016462629 -118.9897616965779 588.2749261345881 1530 1532 -1
1532 30.48453681914993 -119.03968045263103 588.4431845822662 1531 1533 -1
1533 30.58219211532551 -119.08809940549479 588.6104910186273 1532 1534 -1
1534 30.682395545939738 -119.13451957867096 588.7768539996114 1533 1535 -1
1535 30.78519294508333 -119.17848748328159 588.9422971161539 1534 1536 -1
1536 30.890618960622554 -119.21955990743015 589.1068270923713 1535 1537 -1
1537 30.998757868551223 -119.25733382851587 589.2703837110909 1536 1538 -1
1538 31.10948335583352 -119.29193465195793 589.4329085466057 1537 1539 -1
1539 31.222695353914215 -119.32350792842045 589.5943336300437 1538 1540 -1
1540 31.338382570784322 -119.35209960905263 589.7545552619272 1539 1541 -1
1541 31.456384468361797 -119.37794213483957 589.9135511465205 1540 1542 -1
1542 31.576635655019476 -119.40115928116278 590.0712621045282 1541 1543 -1
1543 31.699095698974403 -119.42185385691411 590.2276190340687 1542 1544 -1
1544 31.823634299957366 -119.44023598969622 590.3826173798149 1543 1545 -1
1545 31.95020091610832 -119.45643013463406 590.5362110429069 1544 1546 -1
1546 32.07874331992536 -119.47056946255357 590.6883602046964 1545 1547 -1
1547 32.20915606160201 -119.48284477542292 590.8390729048664 1546 1548 -1
1548 32.34139734546091 -119.49338516154941 590.9883167459459 1547 1549 -1
1549 32.47541983896541 -119.50233069756229 591.1360684914208 1548 1550 -1
1550 32.61113476844891 -119.50985887477974 591.2823471570404 1549 1551 -1
1551 32.748502645949664 -119.51610546015749 591.4271359469659 1550 1552 -1
1552 32.88749431647429 -119.52120363106921 591.5704122886264 1551 1553 -1
1553 33.028029251937774 -119.52532233836446 591.7122070840921 1552 1554 -1
1554 33.170064531999294 -119.52860253411251 591.8525213584163 1553 1555 -1
1555 33.3135983057242 -119.5311687655034 591.9913175304313 1554 1556 -1
1556 33.4585508462969 -119.53318262868987 592.1286404899153 1555 1557 -1
1557 33.60488591583699 -119.53478191634767 592.2644948902412 1556 1558 -1
1558 33.752589924778405 -119.53610126941076 592.3988628251637 1557 1559 -1
1559 33.901622099010915 -119.53728290207152 592.5317573980675 1558 1560 -1
1560 34.05193638554036 -119.53846517462277 592.6632000513284 1559 1561 -1
1561 34.203504302921495 -119.5397833862402 592.7931939747762 1560 1562 -1
1562 34.35632412249694 -119.54138183363516 592.9217106631394 1561 1563 -1
1563 34.510336263389696 -119.54339111443436 593.0487900813068 1562 1564 -1
1564 34.66551240803253 -119.54594540450472 593.1744356131315 1563 1565 -1
1565 34.821836956743645 -119.54918818041179 593.2986333811289 1564 1566 -1
1566 34.97928385857403 -119.55326091791582 593.4213803739777 1565 1567 -1
1567 35.13780782729095 -119.55828832204354 593.5426972238562 1566 1568 -1
1568 35.29737918680245 -119.56440538322362 593.6625824827347 1567 1569 -1
1569 35.45798798203052 -119.57177610498586 593.7810028273061 1568 1570 -1
1570 35.61958468674304 -119.58052037306197 593.8979766185957 1569 1571 -1
1571 35.782130422835245 -119.59076858159122 594.0135043188411 1570 1572 -1
1572 35.945594289625944 -119.60266787282644 594.1275690489068 1571 1573 -1
1573 36.109949613970535 -119.61638576176694 594.2401385230886 1572 1574 -1
1574 36.27513652819064 -119.63202598782354 594.3512299951174 1573 1575 -1
1575 36.44111070904214 -119.6497261765213 594.4608288719464 1574 1576 -1
1576 36.60784226948897 -119.66960919334447 594.5688933065039 1575 1577 -1
1577 36.77530296670398 -119.69146162251985 594.6754396426145 1576 1578 -1
1578 36.94348081057019 -119.7149930655339 594.7804887006073 1577 1579 -1
1579 37.11238148560684 -119.73993997782149 594.8840412816085 1578 1580 -1
1580 37.282021961340604 -119.7660387313039 594.9860900124593 1579 1581 -1
1581 37.45239945106502 -119.79298989831737 595.0866790244947 1580 1582 -1
1582 37.62353007683556 -119.82052155796003 595.1858222359043 1581 1583 -1
1583 37.795456104090405 -119.8483612759767 595.2834924321651 1582 1584 -1
1584 37.96817901312886 -119.87621624239176 595.3797418562157 1583 1585 -1
1585 38.141722119318175 -119.90380514439593 595.4745822626272 1584 1586 -1
1586 38.3161363421854 -119.93081648544782 595.5679797560157 1585 1587 -1
1587 38.491422206868954 -119.95696432354885 595.6599803467769 1586 1588 -1
1588 38.66760835739522 -119.98193640853903 595.7505768769308 1587 1589 -1
1589 38.84473181455268 -120.00538307743575 595.8397415132223 1588 1590 -1
1590 39.02278386641883 -120.02701441017933 595.9275039132264 1589 1591 -1
1591 39.20180040313045 -120.04642594276578 596.0138103446001 1590 1592 -1
1592 39.381761681543864 -120.06330408238564 596.098671497013 1591 1593 -1
1593 39.562669986821824 -120.07723422305989 596.1820396361279 1592 1594 -1
1594 39.74449413617402 -120.08784312832867 596.2638890392304 1593 1595 -1
1595 39.9271963402273 -120.09470540866519 596.3441659571898 1594 1596 -1
1596 40.11070345135731 -120.0978728828628 596.4228243751963 1595 1597 -1
1597 40.29495576752667 -120.09828800275731 596.49978846478 1596 1598 -1
1598 40.47990750997888 -120.09712270174944 596.5750507133355 1597 1599 -1
1599 40.6655742948222 -120.09553998124622 596.6485240430604 1598 1600 -1
1600 40.85193699118918 -120.09477815841761 596.7202256626301 1599 1601 -1
1601 41.03898991930005 -120.09611182807609 596.7900951349087 1600 1602 -1
1602 41.226685539766 -120.10092507248093 596.8580552603808 1601 1603 -1
1603 41.41489252352644 -120.11055282222354 596.9240509225574 1602 1604 -1
1604 41.603392459327694 -120.12641498739421 596.9879642359637 1603 1605 -1
1605 41.79182500214077 -120.15008934237889 597.0496047054005 1604 1606 -1
1606 41.97966145271344 -120.18289168466157 597.1088092502397 1605 1607 -1
1607 42.16620189928002 -120.22608330147452 597.1653600365186 1606 1608 -1
1608 42.350579292887296 -120.28072058428931 597.2190197114452 1607 1609 -1
1609 42.53172622269367 -120.3477700475254 597.2694975406104 1608 1610 -1
1610 42.708616106083156 -120.42741305120397 597.3166339665038 1609 1611 -1
1611 42.88027219928875 -120.51951536188915 597.3603056166651 1610 1612 -1
1612 43.04568220151659 -120.62387215575026 597.4003702944555 1611 1613 -1
1613 43.20434159656831 -120.73939920665035 597.4369381033982 1612 1614 -1
1614 43.355842039525655 -120.86512398380133 597.4701065201692 1613 1615 -1
1615 43.5 -121.0 597.5 1614 -1 -1
