0 -46.0 -183.5 421.5 -1 1 -1
1 -46.178135651863414 -183.38148830053666 421.4873645449354 0 2 -1
2 -46.35516510202726 -183.26153207850305 421.472676316281 1 3 -1
3 -46.531005759009304 -183.14010784973865 421.45591675980967 2 4 -1
4 -46.70562066351338 -183.01722796336716 421.4370798927902 3 5 -1
5 -46.87897427976824 -182.89290719027463 421.416162905593 4 6 -1
6 -47.051030894509616 -182.76716068234893 421.3931633089507 5 7 -1
7 -47.22175463885936 -182.64000401177836 421.3680789854896 6 8 -1
8 -47.391109837515415 -182.51145352426474 421.34090872057897 7 9 -1
9 -47.559061044347104 -182.38152631958675 421.311652201437 8 10 -1
10 -47.72557307702383 -182.25024023105112 421.28031001457987 9 11 -1
11 -47.89061105058373 -182.11761380391687 421.2468836416524 10 12 -1
12 -48.05414040985406 -181.98366627288075 421.2113754536805 11 13 -1
13 -48.2161258810029 -181.8484166613941 421.1737872829032 12 14 -1
14 -48.37653424925707 -181.71188606877925 421.13412410975315 13 15 -1
15 -48.53533233084215 -181.57409584436388 421.0923912145396 14 16 -1
16 -48.6924867843201 -181.4350674659592 421.04859396214505 15 17 -1
17 -48.84796358946506 -181.2948222142055 421.00273721622085 16 18 -1
18 -49.00173243945302 -181.1533842317163 420.954830603289 17 19 -1
19 -49.153760056777536 -181.01077573793154 420.9048803721228 18 20 -1
20 -49.30401603678421 -180.86702106575837 420.85289636288957 19 21 -1
21 -49.45246934303487 -180.72214423842806 420.7988878262114 20 22 -1
22 -49.599090010088695 -180.57617004961608 420.74286535654943 21 23 -1
23 -49.743848059690336 -180.4291233733903 420.68483965988685 22 24 -1
24 -49.886715700141124 -180.2810303602986 420.62482384789433 23 25 -1
25 -50.0276624212802 -180.13191573230878 420.56282828471063 24 26 -1
26 -50.166662794217984 -179.9818069205602 420.4988686152309 25 27 -1
27 -50.30368873784939 -179.83072994059722 420.43295778296255 26 28 -1
28 -50.43871316369184 -179.67871133969112 420.365109795836 27 29 -1
29 -50.57171170878101 -179.52577887711467 420.2953412653792 28 30 -1
30 -50.702659187372475 -179.37195983580946 420.2236679530444 29 31 -1
31 -50.8315293978812 -179.21728106023193 420.1501047153809 30 32 -1
32 -50.95830022248122 -179.06177100772365 420.07467008290854 31 33 -1
33 -51.08294870298742 -178.9054576460158 419.9973817136438 32 34 -1
34 -51.20545244684806 -178.74836904900758 419.91825768631463 33 35 -1
35 -51.32578938437156 -178.59053330496823 419.8373162881844 34 36 -1
36 -51.443937972847685 -178.43197858833148 419.754576187459 35 37 -1
37 -51.55987893932668 -178.27273366793665 419.6700577989982 36 38 -1
38 -51.673592688821664 -178.11282703531137 419.58378113265746 37 39 -1
39 -51.78506031894419 -177.95228723600326 419.495766624635 38 40 -1
40 -51.89426361468607 -177.79114285039222 419.40603511453094 39 41 -1
41 -52.00118504231378 -177.62942247544075 419.3146078228691 40 42 -1
42 -52.10580766558689 -177.46715469015746 419.2215062742635 41 43 -1
43 -52.20811458856139 -177.3043679289844 419.12675189719477 42 44 -1
44 -52.30809108834681 -177.1410909297931 419.0303675143113 43 45 -1
45 -52.40572227346547 -176.97735218897026 418.93237564927057 44 46 -1
46 -52.5009938925909 -176.8131801426567 418.8327991030349 45 47 -1
47 -52.59389232479374 -176.64860315400833 418.7316609349514 46 48 -1
48 -52.68440456943807 -176.48364950132515 418.6289844445105 47 49 -1
49 -52.77251823579867 -176.31834736702461 418.52479315380003 48 50 -1
50 -52.85822153246588 -176.15272482743308 418.4191107906605 49 51 -1
51 -52.94150325660244 -175.98680984336698 418.31196127254907 50 52 -1
52 -53.02235278311404 -175.82063025147306 418.2033686911136 51 53 -1
53 -53.10075970413734 -175.65421372645403 418.09335709862665 52 54 -1
54 -53.176714356039675 -175.4875878336749 417.9819508144937 53 55 -1
55 -53.250208246607386 -175.32078003869228 417.8691746386636 54 56 -1
56 -53.32123294685011 -175.1538176097254 417.7550532170004 55 57 -1
57 -53.38978055206534 -174.98672765801834 417.6396113032492 56 58 -1
58 -53.45584367161054 -174.81953713299987 417.522873747724 57 59 -1
59 -53.51941541892965 -174.65227281795185 417.4048654866356 58 60 -1
60 -53.58048940186971 -174.48496132614812 417.28561153203805 59 61 -1
61 -53.639059639125755 -174.31762909759047 417.16513692702455 60 62 -1
62 -53.69511945595514 -174.15030241375428 417.04346623123337 61 63 -1
63 -53.74866510631267 -173.98300737173747 416.9206252264045 62 64 -1
64 -53.79969207940709 -173.81576987712359 416.796639139097 63 65 -1
65 -53.84819631587769 -173.6486156521255 416.6715332302035 64 66 -1
66 -53.894174200421546 -173.48157023374046 416.5453327881047 65 67 -1
67 -53.93762149907916 -173.31465903862608 416.41806268712077 66 68 -1
68 -53.97853551368008 -173.1479072564664 416.2897483049264 67 69 -1
69 -54.01691479035448 -172.98133981703694 416.1604153467632 68 70 -1
70 -54.05275741965963 -172.81498150580336 416.03008915251274 69 71 -1
71 -54.08606084037491 -172.64885702485918 415.89879466597785 70 72 -1
72 -54.116823472828266 -172.4829908608866 415.76655707590686 71 73 -1
73 -54.14504603609287 -172.31740709605242 415.6334022451723 72 74 -1
74 -54.170727959770375 -172.1521297840866 415.4993553895686 73 75 -1
75 -54.193866826197 -171.98718310697598 415.3644409754903 74 76 -1
76 -54.214465789163256 -171.82259037397637 415.22868521099184 75 77 -1
77 -54.23252480057263 -171.65837516451322 415.0921130539809 76 78 -1
78 -54.24804341031774 -171.49456102662208 414.95474923242006 77 79 -1
79 -54.261025799821 -171.331170622457 414.81661974845747 78 80 -1
80 -54.27147082537597 -171.16822737859982 414.67774885755625 79 81 -1
81 -54.27938314701909 -171.00575358122344 414.53816237898207 80 82 -1
82 -54.28476381617778 -170.84377204160094 414.3978849516926 81 83 -1
83 -54.28761662649744 -170.6823049273614 414.25694183662006 82 84 -1
84 -54.28794422594438 -170.52137451258676 414.11535784840714 83 85 -1
85 -54.28575114075229 -170.36100254968426 413.9731581373625 84 86 -1
86 -54.28103997687425 -170.2012111071023 413.8303672566555 85 87 -1
87 -54.27381764940894 -170.0420211242747 413.6870106145738 86 88 -1
88 -54.264085107844124 -169.88345487653942 413.5431121630063 87 89 -1
89 -54.251850959673554 -169.7255326277938 413.39869737716555 88 90 -1
90 -54.2371198291108 -169.56827550781932 413.25379072608973 89 91 -1
91 -54.219895817398324 -169.41170471931196 413.1084164892637 90 92 -1
92 -54.20018739579026 -169.25584014164744 412.9625996220339 91 93 -1
93 -54.17800097711727 -169.10070209131877 412.8163645393733 92 94 -1
94 -54.15334207354127 -168.94631106691568 412.6697353994906 93 95 -1
95 -54.126218609002436 -168.79268674268997 412.52273662531394 94 96 -1
96 -54.09663900277812 -168.63984850503675 412.3753925539506 95 97 -1
97 -54.06461124864154 -168.48781575425411 412.227727314237 96 98 -1
98 -54.03014374157037 -168.3366076497731 412.0797649528873 97 99 -1
99 -53.99324528065206 -168.18624310401944 411.93152942911365 98 100 -1
100 -53.95392507188648 -168.03674077599078 411.78304460894816 99 101 -1
101 -53.912192730853455 -167.88811906455777 411.6343342592617 100 102 -1
102 -53.86805828521315 -167.74039610150004 411.4854220414745 101 103 -1
103 -53.82153217700655 -167.5935897442881 411.336331504957 102 104 -1
104 -53.77262526472414 -167.44771756862443 411.1870860801193 103 105 -1
105 -53.72134882511066 -167.30279686075912 411.03770907118985 104 106 -1
106 -53.66771455467436 -167.15884460959506 410.88822364868577 105 107 -1
107 -53.61173457086966 -167.01587749860118 410.7386528415784 106 108 -1
108 -53.55342141292255 -166.87391189755184 410.58901952915915 107 109 -1
109 -53.492786428211964 -166.7329645772796 410.4393464207643 108 110 -1
110 -53.429843513864064 -166.59305106625192 410.28965611741194 109 111 -1
111 -53.36460723979053 -166.45418641723177 410.1399710213431 110 112 -1
112 -53.297090352699286 -166.3163863753183 409.9903133692798 111 113 -1
113 -53.22730670482244 -166.1796660535339 409.8407052414609 112 114 -1
114 -53.15527323149898 -166.0440389091266 409.6911684344398 113 115 -1
115 -53.081001058064516 -165.90952109965448 409.5417247792521 114 116 -1
116 -53.00451004800918 -165.77612428244157 409.392395545095 115 117 -1
117 -52.925811488386714 -165.64386428511943 409.24320225326454 116 118 -1
118 -52.84492523761586 -165.5127523675482 409.09416571656146 117 119 -1
119 -52.76186567794415 -165.38280245959024 408.94530690850604 118 120 -1
120 -52.676649681607564 -165.25402702210351 408.7966464355399 119 121 -1
121 -52.58929560011813 -165.12643750453745 408.6482045353297 120 122 -1
122 -52.5 -165.0 408.5 121 123 124
123 -52.655212243204446 -164.92860904880695 408.43552802673264 122 125 -1
124 -52.385042690728355 -164.88611909647068 408.38954253884793 122 126 -1
125 -52.811269803657005 -164.85743062472662 408.37292900633554 123 127 -1
126 -52.26742262463677 -164.77537508508493 408.27865027398104 124 128 -1
127 -52.96811318821228 -164.78635513979512 408.31220508101626 125 129 -1
128 -52.14713364031202 -164.66798181909917 408.1673265847959 126 130 -1
129 -53.12572186851959 -164.71538697285138 408.25336641841784 127 131 -1
130 -52.02415657606485 -164.56409042535998 408.05561779393844 128 132 -1
131 -53.2840750461011 -164.64453040567432 408.1964227375638 129 133 -1
132 -51.89847630336025 -164.46385825916522 407.94357529209543 130 134 -1
133 -53.443151608877685 -164.57378960913522 408.14138317942985 131 135 -1
134 -51.77009546516743 -164.367429879188 407.831257083582 132 136 -1
135 -53.60293012438418 -164.50316863234787 408.0882562518138 133 137 -1
136 -51.63901612263125 -164.27496228167607 407.71872569247347 134 138 -1
137 -53.76338822832578 -164.43267127316867 408.03704799229615 135 139 -1
138 -51.50526015979609 -164.18659507338552 407.606049846202 136 140 -1
139 -53.92450333602634 -164.36230117449495 407.98776373211143 137 141 -1
140 -51.36885653558233 -164.10246786162645 407.4933029814286 138 142 -1
141 -54.086252555712406 -164.2920617937371 407.9404077659722 139 143 -1
142 -51.22984528506857 -164.02271352811658 407.3805632598209 140 144 -1
143 -54.24861266800806 -164.22195637893276 407.89498315935015 141 145 -1
144 -51.08827876973889 -163.94745463379945 407.26791301650707 142 146 -1
145 -54.411560200101974 -164.15198796357214 407.8514918340329 143 147 -1
146 -50.94422452545523 -163.87679578357555 407.15543767389744 144 148 -1
147 -54.57507162950112 -164.08215939862433 407.80993514328975 145 149 -1
148 -50.79775748177537 -163.81083542928206 407.04322532052004 146 150 -1
149 -54.73912286111582 -164.0124731975091 407.770311886206 147 151 -1
150 -50.648964467813435 -163.74965542370063 406.9313656136904 148 152 -1
151 -54.90368984856695 -163.9429316651606 407.7326202450034 149 153 -1
152 -50.49794508686802 -163.6933152202627 406.8199481222214 150 154 -1
153 -55.068748464580814 -163.8735368485032 407.6968572151452 151 155 -1
154 -50.3448064244251 -163.64185927696826 406.7090618115513 152 156 -1
155 -55.23427476030746 -163.80429060101721 407.663019541604 153 157 -1
156 -50.18966278945141 -163.59531456510402 406.59879394218916 154 158 -1
157 -55.4002445630418 -163.73519443822715 407.63110194010227 155 159 -1
158 -50.03263568363535 -163.5536865702225 406.4892285165711 156 160 -1
159 -55.56663357897201 -163.6662495302973 407.6010971512392 157 161 -1
160 -49.87385302513651 -163.5169560078945 406.38044450192575 158 162 -1
161 -55.733418067367296 -163.59745693352636 407.57299893403376 159 163 -1
162 -49.71344292905056 -163.485091806675 406.2725169001824 160 164 -1
163 -55.9005740625139 -163.52881728649746 407.546798309485 161 165 -1
164 -49.55153678174377 -163.45803833687108 406.165513739201 162 166 -1
165 -56.068077782729375 -163.46033093118982 407.5224851750606 163 167 -1
166 -49.388265014642556 -163.43572371098833 406.0594965855981 164 168 -1
167 -56.23590602118094 -163.39199808772338 407.5000504872975 165 169 -1
168 -49.22375685840546 -163.41805643884618 405.9545190480872 166 170 -1
169 -56.4040352113693 -163.3238183885728 407.47948061575363 167 171 -1
170 -49.05813654453685 -163.4049363203046 405.850628615359 168 172 -1
171 -56.572442806124386 -163.25579155152084 407.4607655910311 169 173 -1
172 -48.89152629973223 -163.39623857158495 405.74786224882683 170 174 -1
173 -56.741105800523066 -163.18791657412828 407.44388934648447 171 175 -1
174 -48.72404041930851 -163.3918361694003 405.64625140036725 172 176 -1
175 -56.91000227218331 -163.12019259784742 407.42884022202105 173 177 -1
176 -48.55578767022879 -163.39158779112805 405.5458187242285 174 178 -1
177 -57.07911001923512 -163.05261805203 407.41560061336884 175 179 -1
178 -48.38687009822739 -163.3953406110533 405.4465783382176 176 180 -1
179 -57.24840780906485 -162.98519147665255 407.4041569451827 177 181 -1
180 -48.21738100877021 -163.40294206511757 405.34853924146677 178 182 -1
181 -57.41787436809165 -162.91791076931617 407.3944905409725 179 183 -1
182 -48.047406693620765 -163.41422932424942 405.2517021041858 180 184 -1
183 -57.58748922273969 -162.85077384352195 407.38658561931675 181 185 -1
184 -47.877025488813814 -163.42903489788705 405.15606084542804 182 186 -1
185 -57.757232130673124 -162.7837781190838 407.3804230641536 183 187 -1
186 -47.70630696523743 -163.44719718543465 405.0616064721966 184 188 -1
187 -57.92708346535559 -162.7169208777953 407.37598476103886 185 189 -1
188 -47.5353140370417 -163.46854260867374 404.9683209147812 186 190 -1
189 -58.09702405446551 -162.65019909507612 407.37325150869276 187 191 -1
190 -47.36410131028546 -163.4929060937522 404.87618449872275 188 192 -1
191 -58.267035215881975 -162.58360943704614 407.3722029163843 189 193 -1
192 -47.19271657804494 -163.52011912610203 404.7851718313458 190 194 -1
193 -58.43709885277877 -162.51714845865237 407.37281991601617 191 195 -1
194 -47.02120069830368 -163.55001675985858 404.69525466733427 192 196 -1
195 -58.607197318230476 -162.45081224970335 407.37508012620077 193 197 -1
196 -46.84958821691965 -163.58243483101515 404.606401067834 194 198 -1
197 -58.77731357215145 -162.3845969359815 407.37896438358774 195 199 -1
198 -46.6779076594518 -163.61721405107178 404.518577389773 196 200 -1
199 -58.947431071254464 -162.31849812426438 407.3844492889596 197 201 -1
200 -46.50618215116972 -163.6541939642186 404.43174590134913 198 202 -1
201 -59.11753382926988 -162.2525114356721 407.3915143604426 199 203 -1
202 -46.33442964357184 -163.69322342404502 404.34586978010805 200 204 -1
203 -59.28760641674796 -162.1866321100887 407.4001365188173 201 205 -1
204 -46.16266355349643 -163.73414825018295 404.26090772088594 202 206 -1
205 -59.4576339285362 -162.1208552807825 407.410293882503 203 207 -1
206 -45.990893037686085 -163.77682037176868 404.1768184060276 204 208 -1
207 -59.62760201762776 -162.05517582694503 407.4219635728342 205 209 -1
208 -45.81912345039211 -163.82109667132795 404.0935603968131 206 210 -1
209 -59.79749687257409 -161.98958844956047 407.435122735545 207 211 -1
210 -45.647356707999585 -163.8668342665722 404.0110899452874 208 212 -1
211 -59.967305204826225 -161.92408767259437 407.44974851342744 209 213 -1
212 -45.475591641506924 -163.91389413892486 403.9293630664016 210 214 -1
213 -60.137014278577944 -161.8586678197761 407.4658175367712 211 215 -1
214 -45.30382433337024 -163.96214057451687 403.8483355509546 212 216 -1
215 -60.30661185109525 -161.79332306716418 407.4833067463987 213 217 -1
216 -45.132048420762054 -164.01144059138372 403.7679629313328 214 218 -1
217 -60.476086213559185 -161.7280474120928 407.50219272880327 215 219 -1
218 -44.96025537067679 -164.06166364762 403.688200591663 216 220 -1
219 -60.64542617022803 -161.6628346944927 407.5224519692425 217 221 -1
220 -44.78843478417809 -164.11268028559465 403.6090030683554 218 222 -1
221 -60.81462096130235 -161.5976786285381 407.5440614824709 219 223 -1
222 -44.61657462026331 -164.16436357851157 403.53032525629914 220 224 -1
223 -60.98366045426665 -161.53257273682237 407.56699702729804 221 225 -1
224 -44.44466143705699 -164.216588093011 403.45212200076384 222 226 -1
225 -61.15253473329073 -161.46751048276286 407.59123650702827 223 227 -1
226 -44.27268061408236 -164.26922958224287 403.3743481387577 224 228 -1
227 -61.32123468662569 -161.40248511195603 407.61675518413824 225 229 -1
228 -44.10061656399226 -164.32216466796834 403.29695852928086 226 230 -1
229 -61.489751335075134 -161.3374898193884 407.64353076832174 227 231 -1
230 -43.928452931028964 -164.37527051594338 403.21990808783863 228 232 -1
231 -61.65807633431944 -161.2725176436547 407.6715396254697 229 233 -1
232 -43.756172720156165 -164.42842443883055 403.14315191278854 230 234 -1
233 -61.826201782926546 -161.20756152099364 407.7007582068457 231 235 -1
234 -43.58375870249098 -164.4815035628464 403.06664482821935 232 236 -1
235 -61.994119916697976 -161.14261429479558 407.7311646593329 233 237 -1
236 -43.41119341513694 -164.53438463286372 402.99034193268255 234 238 -1
237 -62.16182375115846 -161.07766869010598 407.76273506182923 235 239 -1
238 -43.23845941972231 -164.5869435643688 402.9141984016266 236 240 -1
239 -62.329306525010104 -161.0127173509262 407.79544662513996 237 241 -1
240 -43.06553950712346 -164.63905509597728 402.8381694940893 238 242 -1
241 -62.4965616681893 -160.94775281567033 407.8292775675817 239 243 -1
242 -42.8924169111965 -164.69059244231028 402.76221056237597 240 244 -1
243 -62.66358326751462 -160.8827675510668 407.86420478707515 241 245 -1
244 -42.71907527474748 -164.74142602499631 402.68627704633434 242 246 -1
245 -62.83036566530658 -160.8177539432447 407.90020584609607 243 247 -1
246 -42.54549960290557 -164.79142547129834 402.61032445054144 244 248 -1
247 -62.996903487685 -160.75270429496598 407.93725870903097 245 249 -1
248 -42.371675879370926 -164.84045731847095 402.53430850858064 246 250 -1
249 -63.16319154908578 -160.68761080539633 407.9753420310314 247 251 -1
250 -42.19759141667677 -164.88838466971845 402.4581850904317 248 252 -1
251 -63.32922528737142 -160.62246565856444 408.01443335720666 249 253 -1
252 -42.02323515510849 -164.9350666273463 402.3819101703788 250 254 -1
253 -63.495000271055545 -160.55726094579023 408.05451112696454 251 255 -1
254 -41.84859867609967 -164.98036132450156 402.30544037646007 252 256 -1
255 -63.66051235268373 -160.49198869319818 408.09555396593254 253 257 -1
256 -41.67367534463721 -165.02411966844437 402.2287322680474 254 258 -1
257 -63.82575765392531 -160.42664086368657 408.1375406986873 255 259 -1
258 -41.498461876884804 -165.0661908899586 402.1517432710276 256 260 -1
259 -63.99073243897791 -160.3612093207588 408.18045072756155 257 261 -1
260 -41.32295803682051 -165.10641835669628 402.0744312129883 258 262 -1
261 -64.1554334719254 -160.2956859490558 408.22426279406096 259 263 -1
262 -41.147167542308274 -165.1446418776863 401.9967549003654 260 264 -1
263 -64.31985762171595 -160.23006254065598 408.26895630033556 261 265 -1
264 -40.97110095269397 -165.18071104846805 401.9186749731392 262 266 -1
265 -64.4840019821157 -160.1643308342379 408.3145108454642 263 267 -1
266 -40.7947931192034 -165.2145968854298 401.8401624917887 264 268 -1
267 -64.64786386054449 -160.09848251680376 408.3609062256693 265 269 -1
268 -40.61828800348918 -165.2463207318586 401.76119120960675 266 270 -1
269 -64.81144076714978 -160.0325092252066 408.4081224339759 267 271 -1
270 -40.441629697888224 -165.27590795672475 401.68173450525853 268 272 -1
271 -64.97473040412375 -159.96640254748795 408.4561396593448 269 273 -1
272 -40.264862118195865 -165.3033866950687 401.6017652779695 270 274 -1
273 -65.13773065526712 -159.9001540240327 408.50493828531245 271 275 -1
274 -40.08802884227051 -165.32878541454465 401.5212553915601 272 276 -1
275 -65.30043957580158 -159.83375514854896 408.5544988881683 273 277 -1
276 -39.91117320821998 -165.3521342809517 401.44017599478616 274 278 -1
277 -65.46285538243158 -159.76719736887907 408.604802234697 275 279 -1
278 -39.734338288354785 -165.37346508517697 401.3584975376192 276 280 -1
279 -65.62497644365469 -159.70047208764973 408.6558292795146 277 281 -1
280 -39.557566870305024 -165.3928111710346 401.27618978854673 278 282 -1
281 -65.78680127031915 -159.6335706627679 408.70756116202307 279 283 -1
282 -39.38090144510503 -165.410207364537 401.193221852901 280 284 -1
283 -65.9483285064256 -159.56648440777047 408.7599792030097 281 285 -1
284 -39.20438420200716 -165.42568990508016 401.1095621922476 282 286 -1
285 -66.10955692016968 -159.49920459203406 408.81306490091345 283 287 -1
286 -39.02805702975415 -165.43929637896915 401.0251786448772 284 288 -1
287 -66.2704853952207 -159.43172244085324 408.8667999277814 285 289 -1
288 -38.85196152400543 -165.451065655652 400.94003844747243 286 290 -1
289 -66.43111292223169 -159.36402913539362 408.9211661249362 287 291 -1
290 -38.67613900059088 -165.46103782697494 400.85410825803683 288 292 -1
291 -66.59143859057448 -159.29611581252766 408.9761454983734 289 293 -1
292 -38.500630514242715 -165.46925414971582 400.76735418019786 290 294 -1
293 -66.751461580294 -159.22797356456064 409.03172021390947 291 295 -1
294 -38.325476882440384 -165.47575699159754 400.67974178901426 292 296 -1
295 -66.91118115427447 -159.1595934388527 409.08787259209424 293 297 -1
296 -38.150718956283995 -165.48058887653625 400.59123564208915 294 298 -1
297 -67.07059665061036 -159.090966437346 409.1445851029082 295 299 -1
298 -37.97639727867392 -165.48379417546616 400.50180019401887 296 300 -1
299 -67.2297074751743 -159.0220835160031 409.2018403602573 297 301 -1
300 -37.80255194900089 -165.48541920082042 400.4114000632383 298 302 -1
301 -67.38851309437413 -158.9529355841637 409.2596211162799 299 303 -1
302 -37.62922333414118 -165.48550989747704 400.31999869719215 300 304 -1
303 -67.54701302809046 -158.88351350382754 409.3179102554807 301 305 -1
304 -37.456452215014984 -165.484112134678 400.22755836670297 302 306 -1
305 -67.7052068427863 -158.81380808887016 409.37669078870124 303 307 -1
306 -37.284278139096976 -165.48127586546792 400.13404327903294 304 308 -1
307 -67.86309414478016 -158.74381010419867 409.43594584694193 305 309 -1
308 -37.11274206414902 -165.4770485674389 400.03941488030347 306 310 -1
309 -68.02067452968278 -158.67351022029086 409.49565873820086 307 311 -1
310 -36.94188415210391 -165.47148066820588 399.94363596674987 308 312 -1
311 -68.17794764103058 -158.6028990735628 409.55581283900193 309 313 -1
312 -36.77174506608353 -165.46462264369873 399.84666852141703 310 314 -1
313 -68.3349132289825 -158.53196733816452 409.61639150774 311 315 -1
314 -36.60236584026358 -165.45652556064732 399.7484741253411 312 316 -1
315 -68.49157099552593 -158.4607055739751 409.67737829041266 313 317 -1
316 -36.4337874068388 -165.4472418854087 399.6490148574307 314 318 -1
317 -68.64792065100428 -158.38910428711333 409.73875682048254 315 319 -1
318 -36.266051278703294 -165.4368244338152 399.54825233849607 316 320 -1
319 -68.8039619081789 -158.3171539288888 409.8005108119956 317 321 -1
320 -36.09919955288806 -165.42532659727465 399.4461479164127 318 322 -1
321 -68.95969447639085 -158.24484489474364 409.8626240526074 319 323 -1
322 -35.93327366201084 -165.41280372557142 399.3426646647139 320 324 -1
323 -69.11511805581287 -158.1721675231944 409.92508039652773 321 325 -1
324 -35.76831791245267 -165.3993094195129 399.2377623080024 322 326 -1
325 -69.2702322958821 -158.09911204981037 409.9878637934368 323 327 -1
326 -35.60437412286157 -165.38490106351048 399.1314052508574 324 328 -1
327 -69.42503680896117 -158.02566862540937 410.0509582534274 325 329 -1
328 -35.441484565329255 -165.3696631451866 399.02355445764505 326 330 -1
329 -69.57953132316 -157.95182752052196 410.11434769315883 327 331 -1
330 -35.27968086740572 -165.35385548184482 398.9141620898957 328 332 -1
331 -69.73371544655176 -157.8775788364728 410.178016160689 329 333 -1
332 -35.11898772669619 -165.33780796242527 398.80317923493857 330 334 -1
333 -69.88758875033994 -157.80291261271694 410.2419477343814 331 335 -1
334 -34.95943171638014 -165.32185248482128 398.6905547187757 332 336 -1
335 -70.0411507634654 -157.72781882594938 410.30612651545334 333 337 -1
336 -34.801042254566056 -165.3063246178763 398.57623674178785 334 338 -1
337 -70.19440096724234 -157.65228738927175 410.3705366204704 335 339 -1
338 -34.643851180008305 -165.29156318198554 398.4601766878548 336 340 -1
339 -70.34733879001467 -157.576308151427 410.4351621737954 337 341 -1
340 -34.48789518130213 -165.27791015004664 398.34232888651655 338 342 -1
341 -70.5 -157.5 410.5 339 -1 -1
342 -34.33321759209908 -165.26571125400955 398.2226513739399 340 343 -1
343 -34.1798692530185 -165.2553155338392 398.1011081031034 342 344 -1
344 -34.02790970392157 -165.24707469011653 397.9776707118369 343 345 -1
345 -33.87740890953473 -165.24134323284 397.8523196164856 344 346 -1
346 -33.7284461942026 -165.238473401835 397.72504858938595 345 347 -1
347 -33.58111286762949 -165.23881633971845 397.59586422227244 346 348 -1
348 -33.43551191523916 -165.24271831328906 397.4647889175882 347 349 -1
349 -33.29175792695027 -165.25051725400814 397.33186290654106 348 350 -1
350 -33.14997654943827 -165.26253866663154 397.19714603238816 349 351 -1
351 -33.010303367431355 -165.27909094256162 397.0607191699367 350 352 -1
352 -32.87288233231693 -165.30046058495637 396.9226850077869 351 353 -1
353 -32.737865559580435 -165.3269113362077 396.78316718601167 352 354 -1
354 -32.60540380244517 -165.3586650336846 396.6423135478969 353 355 -1
355 -32.47565030203392 -165.3959121998454 396.50029010991267 354 356 -1
356 -32.3487556995027 -165.43880473627306 396.35728027830623 355 357 -1
357 -32.22485993017484 -165.48744466002663 396.21348289427664 356 358 -1
358 -32.10409179721033 -165.54188930255262 396.06910682618815 357 359 -1
359 -31.986565835739125 -165.6021515290408 395.9243667528073 358 360 -1
360 -31.872376847082933 -165.66819649899628 395.7794787755019 359 361 -1
361 -31.761599891414278 -165.73994840458064 395.6346554936456 360 362 -1
362 -31.65428770881728 -165.8172923117248 395.49010180212736 361 363 -1
363 -31.55047143181994 -165.90008102560668 395.3460112384068 362 364 -1
364 -31.4501569610386 -165.9881346178496 395.2025622662731 363 365 -1
365 -31.35333464766268 -166.08125906566858 395.05991771309317 364 366 -1
366 -31.259966365261974 -166.17923085835255 394.91821995577186 365 367 -1
367 -31.170005107254926 -166.2818274540567 394.777594667078 366 368 -1
368 -31.08338587748536 -166.3888157459746 394.63814803943495 367 369 -1
369 -31.0 -166.5 394.5 368 370 371
370 -30.88736592894799 -166.42915840415935 394.36883178510567 369 372 -1
371 -30.8809540499966 -166.64281042134382 394.3991356254509 369 373 -1
372 -30.775589051986262 -166.36126590571666 394.2354473929206 370 374 -1
373 -30.76359227340342 -166.78627289007161 394.2973351841254 371 375 -1
374 -30.66428115176632 -166.29575924253348 394.100485746117 372 376 -1
375 -30.64777975635573 -166.93029960450176 394.1945617975634 373 377 -1
376 -30.55315894070039 -166.23218337054533 393.964451298394 374 378 -1
377 -30.533505510080744 -167.07486104179722 394.09082174314995 375 379 -1
378 -30.441987145347124 -166.1701897325674 393.8277283568101 376 380 -1
379 -30.42075966879947 -167.2199283413762 393.9861199196687 377 381 -1
380 -30.330559788587603 -166.1094945508669 393.6906311140216 378 382 -1
381 -30.30952633587431 -167.3654710096322 393.8804643448081 379 383 -1
382 -30.218691088741203 -166.0498610048519 393.5534273220207 380 384 -1
383 -30.199791729338166 -167.51145963920334 393.77386102653304 381 385 -1
384 -30.106218627382408 -165.99107545716885 393.4163512342833 382 386 -1
385 -30.09154204748587 -167.6578650999862 393.6663152897476 383 387 -1
386 -29.992988228686368 -165.93296201090033 393.27961301294516 384 388 -1
387 -29.984758178304244 -167.8046571594807 393.55783514461007 385 389 -1
388 -29.878854143079373 -165.8753638286885 393.1434092266352 386 390 -1
389 -29.879425614927104 -167.9518071413176 393.44842496943653 387 391 -1
390 -29.76367666356242 -165.8181393786343 393.0079282916909 388 392 -1
391 -29.775523116849914 -168.09928505293146 393.338092763023 389 393 -1
392 -29.647320059547248 -165.76115933550787 392.8733551267833 390 394 -1
393 -29.673033596522686 -168.24706221275576 393.22684315360897 391 395 -1
394 -29.529650784199656 -165.7043040058788 392.73987528868145 392 396 -1
395 -29.571934492251064 -168.39510911778828 393.11468362997044 393 397 -1
396 -29.410535924370652 -165.6474611765192 392.6076787972764 394 398 -1
397 -29.47220700064347 -168.54339731641988 393.00161852397696 395 399 -1
398 -29.289841876754117 -165.59052431081022 392.47696381649683 396 400 -1
399 -29.373826331148983 -168.69189763928404 392.8876554345105 397 401 -1
400 -29.16743325012859 -165.5333910394014 392.3479403285458 398 402 -1
401 -29.276772348833937 -168.84058195951226 392.7727981651755 399 403 -1
402 -29.043172012058136 -165.4759619104102 392.22083391753 400 404 -1
403 -29.18101910257298 -168.98942162547158 392.65705374723575 401 405 -1
404 -28.91691692015631 -165.41813938225988 392.0958897613787 402 406 -1
405 -29.08654274071825 -169.13838859077438 392.5404271268671 403 407 -1
406 -28.78852330404511 -165.3598270599562 391.973376914454 404 408 -1
407 -28.993318955210373 -169.28745497756697 392.4229228606252 405 409 -1
408 -28.657843295568735 -165.30092919420633 391.853592943664 406 410 -1
409 -28.901320233936662 -169.43659294641276 392.304547094415 407 411 -1
410 -28.52472664255837 -165.24135048310941 391.73686895363124 408 412 -1
411 -28.810520757027906 -169.58577503936726 392.18530412422615 409 413 -1
412 -28.389022285782083 -165.18099623872692 391.6235749957569 410 414 -1
413 -28.720893857516128 -169.73497393761164 392.0651981662396 411 415 -1
414 -28.25058092867015 -165.11977300563413 391.51412579446924 412 416 -1
415 -28.632410430540503 -169.88416253244586 391.94423459691376 413 417 -1
416 -28.109258881616185 -165.0575897445382 391.4089866323952 414 418 -1
417 -28.54504209088537 -170.03331396091886 391.8224176433241 415 419 -1
418 -27.96492350977294 -164.99435971853492 391.30867910410916 416 420 -1
419 -28.45876085535613 -170.1824014676179 391.6997505518015 417 421 -1
420 -27.81746064177293 -164.93000323727617 391.213786264976 418 422 -1
421 -28.373536408015028 -170.3313985738615 391.57623775078105 419 423 -1
422 -27.666784284480542 -164.8644514162276 391.1249564602158 420 424 -1
423 -28.28933831381886 -170.48027900589017 391.45188318189685 421 425 -1
424 -27.512817818276677 -164.79763884343015 391.04297677069593 422 426 -1
425 -28.20613600393415 -170.6290166386444 391.32669029645876 423 427 -1
426 -27.355583562838763 -164.72953824208318 390.9686222902055 424 428 -1
427 -28.123898420820517 -170.77758550797708 391.2006623507903 425 429 -1
428 -27.195182528724736 -164.66015432472454 390.90270557052537 426 430 -1
429 -28.04259473521126 -170.9259596290862 391.0738017672506 427 431 -1
430 -27.03176806073265 -164.58951274403015 390.8462093309632 428 432 -1
431 -27.96219221899099 -171.07411345786772 390.9461120704834 429 433 -1
432 -26.86563921460593 -164.51769865810823 390.80007173229734 430 434 -1
433 -27.882658410868178 -171.2220214616628 390.81759600285864 431 435 -1
434 -26.697249675654632 -164.44486293547473 390.76509327068015 432 436 -1
435 -27.803960508415113 -171.36965820197204 390.6882560608767 433 437 -1
436 -26.52714389796139 -164.3711945317662 390.7423039654885 434 438 -1
437 -27.726065315276358 -171.51699833324108 390.55809456213586 435 439 -1
438 -26.356071754030246 -164.29703889577905 390.7313631735753 436 440 -1
439 -27.648939256625432 -171.66401658625742 390.42711365140553 437 441 -1
440 -26.184681917212714 -164.222790496212 390.73107817452535 438 442 -1
441 -27.572548393524734 -171.81068775069883 390.2953153076578 439 443 -1
442 -26.013413379860612 -164.14875731200843 390.7397848243517 440 444 -1
443 -27.496858436233914 -171.9569866569037 390.16270135205383 441 445 -1
444 -25.842498199739612 -164.07515246434082 390.75597299849073 442 446 -1
445 -27.42183475651786 -172.10288815693374 390.029273456887 443 447 -1
446 -25.672017889749633 -164.0021261364271 390.77826345789833 444 448 -1
447 -27.347442399011822 -172.24836710499645 389.8950331554843 445 449 -1
448 -25.5019242325494 -163.9297594658202 390.80519759072916 446 450 -1
449 -27.27364609170623 -172.39339833729477 389.7599818530751 447 451 -1
450 -25.332093122305853 -163.85810574304745 390.8354991007898 448 452 -1
451 -27.2004102556194 -172.53795665136883 389.6241208386311 449 453 -1
452 -25.162341997063837 -163.7872088365125 390.867959728574 450 454 -1
453 -27.12769901373113 -172.6820167849965 389.4874512976934 451 455 -1
454 -24.992449047244627 -163.7170792388952 390.90133490066637 452 456 -1
455 -27.05547619925532 -172.8255533947162 389.3499743261965 453 457 -1
456 -24.822178613332643 -163.6477390158076 390.93443347434237 454 458 -1
457 -26.983705363333968 -172.96854103403888 389.2116909453082 455 459 -1
458 -24.65128295653242 -163.579231569285 390.966002950775 456 460 -1
459 -26.912349782240465 -173.11095413141294 389.0726021172995 457 461 -1
460 -24.479574564301846 -163.5116040351016 390.9949449770929 458 462 -1
461 -26.84137246418315 -173.2527669680113 388.9327087624697 459 463 -1
462 -24.30709500562863 -163.44491517628055 391.021375972169 460 464 -1
463 -26.770736155806024 -173.39395365540642 388.7920117771433 461 465 -1
464 -24.133949209488318 -163.3792408227804 391.04592889160955 462 466 -1
465 -26.700403348486525 -173.53448811320638 388.6505120527655 463 467 -1
466 -23.960252556658258 -163.31461346560786 391.06934575243895 464 468 -1
467 -26.630336284535503 -173.674344046723 388.50821049611915 465 469 -1
468 -23.78608714680825 -163.2511135878945 391.09236310695604 466 470 -1
469 -26.56049696340809 -173.8134949247497 388.36510805068804 467 471 -1
470 -23.611556742966307 -163.18877618572387 391.1157882665284 468 472 -1
471 -26.490847221492658 -173.95191358913155 388.22120533133307 469 473 -1
472 -23.436762649314094 -163.12768206331253 391.1404841518905 470 474 -1
473 -26.421348534451194 -174.0895729423684 388.0765034375425 471 475 -1
474 -23.261837641559318 -163.06790820481916 391.167377854816 472 476 -1
475 -26.35196212885862 -174.22644588975777 387.9310038744638 473 477 -1
476 -23.0869550171895 -163.00954603118123 391.197448438513 474 478 -1
477 -26.28264908923225 -174.36250472930982 387.78470797070736 475 479 -1
478 -22.91235050168251 -162.9527196762644 391.2317635607582 476 480 -1
479 -26.213370292535476 -174.49772141584572 387.63761721670414 477 481 -1
480 -22.73834984772447 -162.89758368724932 391.2714654934924 478 482 -1
481 -26.144086365606668 -174.63206649114727 387.4897323690139 479 483 -1
482 -22.56539792846802 -162.8443288146777 391.31775383028184 480 484 -1
483 -26.074757740976608 -174.76551195744105 387.34105609610236 481 485 -1
484 -22.394087938496806 -162.79318590014924 391.3718509432568 482 486 -1
485 -26.005344720346404 -174.89802872588834 387.1915906529508 483 487 -1
486 -22.22518421596033 -162.74442562681554 391.43494477796304 484 488 -1
487 -25.935807331055997 -175.0295865342041 387.0413379665834 485 489 -1
488 -22.059503800951546 -162.6983196921335 391.5078150952478 486 490 -1
489 -25.866105413790336 -175.16015495607706 386.89030055724635 487 491 -1
490 -21.89754411495537 -162.6550379848166 391.5901676289978 488 492 -1
491 -25.796198913753635 -175.28970434240813 386.73848224315 489 493 -1
492 -21.73964769630351 -162.61468879201848 391.6814224983372 490 494 -1
493 -25.726047280231214 -175.41820273123946 386.58588581868236 491 495 -1
494 -21.586060405699293 -162.57733581247874 391.78093773947563 492 496 -1
495 -25.655610006120927 -175.5456185784997 386.43251521815074 493 497 -1
496 -21.436933056594818 -162.54300181384562 391.88803903740757 494 498 -1
497 -25.584846821495326 -175.6719208725055 386.2783755281659 495 499 -1
498 -21.29232872231045 -162.51167416285315 392.00204576736223 496 500 -1
499 -25.51371639218604 -175.79707490790278 386.12347019228747 497 501 -1
500 -21.152233813233924 -162.48331133516868 392.12229198921506 498 502 -1
501 -25.442178706560036 -175.92104975972154 385.9678060662828 499 503 -1
502 -21.016571072531807 -162.45784963399055 392.2481419775584 500 504 -1
503 -25.370192499092653 -176.04381032713502 385.81138821430045 501 505 -1
504 -20.88521295191869 -162.43520954441274 392.3790005771116 502 506 -1
505 -25.29771734944881 -176.16532334922817 385.65422382985656 503 507 -1
506 -20.75799425447128 -162.4153013627956 392.5143191053618 504 508 -1
507 -25.22471236139395 -176.28555370444252 385.49631997038364 505 509 -1
508 -20.634723356163164 -162.39802992620625 392.6535977126901 506 510 -1
509 -25.151136997489232 -176.4044664803563 385.3376848468973 507 511 -1
510 -20.515191674696162 -162.38329840743114 392.796385120375 508 512 -1
511 -25.076950652079788 -176.52202585427915 385.17832721992863 509 513 -1
512 -20.399198252356822 -162.37102331749242 392.9422905851603 510 514 -1
513 -25.00211311834436 -176.638196050228 385.0182569500403 511 515 -1
514 -20.28653013295024 -162.3611198967601 393.0909567098391 512 516 -1
515 -24.926583905793706 -176.75293982501188 384.85748427226207 513 517 -1
516 -20.176942138863744 -162.35348434244287 393.2420401412782 514 518 -1
517 -24.850323723932657 -176.86622141929323 384.69602126451235 515 519 -1
518 -20.070235437462816 -162.34805003330894 393.3952670524405 516 520 -1
519 -24.773292161613597 -176.97800148027477 384.53387940985766 517 521 -1
520 -19.966208599612532 -162.34475276624218 393.55038651258275 518 522 -1
521 -24.69546658732438 -177.08824807086975 384.371068213228 519 523 -1
522 -19.864627109363852 -162.3435020659631 393.7071485847824 520 524 -1
523 -24.616847366422018 -177.19692941766834 384.207587349716 521 525 -1
524 -19.76533778593689 -162.3442785294271 393.8653758954373 522 526 -1
525 -24.537439682874993 -177.30401816350914 384.0434379616198 523 527 -1
526 -19.66810018216046 -162.34698558425947 394.02485158551383 524 528 -1
527 -24.457247757907467 -177.40948422372134 383.8786206069828 525 529 -1
528 -19.572776625811134 -162.35162427303544 394.1854348464591 526 530 -1
529 -24.376275540990704 -177.51329596884278 383.7131358388007 527 531 -1
530 -19.479147135346775 -162.35811322739082 394.3469482131853 528 532 -1
531 -24.29452876164833 -177.61542463859084 383.54698597475806 529 533 -1
532 -19.38707021764238 -162.36645614397546 394.5092672402738 530 534 -1
533 -24.212011765657028 -177.71583751601455 383.38017239366314 531 535 -1
534 -19.2963563036535 -162.3766011457001 394.6722499004068 532 536 -1
535 -24.12872976550607 -177.81450271266957 383.21269747221334 533 537 -1
536 -19.206852137474918 -162.38854279979907 394.8357789089643 534 538 -1
537 -24.04468882365577 -177.91138927742915 383.04456458795346 535 539 -1
538 -19.118396914562332 -162.402266892722 394.9997383488812 536 540 -1
539 -23.959894276858773 -178.00646346018453 382.8757767611123 537 541 -1
540 -19.03085814391778 -162.41773270973295 395.16403438638724 538 542 -1
541 -23.874351915251733 -178.0996913476128 382.7063376829222 539 543 -1
542 -18.944175224844976 -162.4349127399695 395.3286137458492 540 544 -1
543 -23.788068738389914 -178.19104084621404 382.5362523875864 541 545 -1
544 -18.85826149197779 -162.45371689264644 395.49341879689223 542 546 -1
545 -23.701051415567488 -178.28047784260553 382.36552591980853 543 547 -1
546 -18.773055277447313 -162.4741095315 395.6584022503795 544 548 -1
547 -23.613306379062593 -178.36796619462305 382.1941634223937 545 549 -1
548 -18.68847728562527 -162.49601884117317 395.8235145316293 546 550 -1
549 -23.52484146827232 -178.45347212172084 382.02217158360844 547 551 -1
550 -18.604452104258613 -162.5193822821378 395.98870976967436 548 552 -1
551 -23.435664715535037 -178.53696104268278 381.8495575856688 549 553 -1
552 -18.52091044420916 -162.5441577307381 396.1539445661447 550 554 -1
553 -23.34578434672904 -178.61839747396363 381.676329114099 551 555 -1
554 -18.437769254405517 -162.57026342505387 396.3191765898026 552 556 -1
555 -23.25520888185195 -178.6977452201192 381.50249445565635 553 557 -1
556 -18.354957346293507 -162.5976570674349 396.48436551627105 554 558 -1
557 -23.163947166559318 -178.7749673785898 381.328062536869 555 559 -1
558 -18.272396490902025 -162.62627301823596 396.64947290742225 556 560 -1
559 -23.072009287028845 -178.8500292595429 381.1530437275567 557 561 -1
560 -18.190009598051567 -162.65604480687884 396.81446283667435 558 562 -1
561 -22.979405346831673 -178.9228945973201 380.97744878427073 559 563 -1
562 -18.107722507591504 -162.68693487642722 396.9792969550847 560 564 -1
563 -22.886145967219292 -178.9935270478117 380.8012892949701 561 565 -1
564 -18.02545758252437 -162.7188664569623 397.1439435745328 562 566 -1
565 -22.79224230500492 -179.06189024254385 380.6245777024691 563 567 -1
566 -17.943140128936584 -162.75178514809082 397.3083694278134 564 568 -1
567 -22.69770602546896 -179.1279476798559 380.44732728923265 565 569 -1
568 -17.8606931230028 -162.78564641244944 397.4725387813058 566 570 -1
569 -22.602549137153435 -179.1916620456293 380.2695520474938 567 571 -1
570 -17.77804402547518 -162.82037963392744 397.63642411276527 568 572 -1
571 -22.506784849604735 -179.25299853199644 380.09126740764015 569 573 -1
572 -17.69511889735954 -162.85593232864392 397.7999939967438 570 574 -1
573 -22.41042661814037 -179.3119212786821 379.9124894338137 571 575 -1
574 -17.61183998942785 -162.8922580810013 397.9632139154543 572 576 -1
575 -22.313488506937723 -179.36839472398853 379.73323513735255 573 577 -1
576 -17.52813981511786 -162.92929111087489 398.12605896593834 574 578 -1
577 -22.21598519937813 -179.42238367999738 379.55352248861493 575 579 -1
578 -17.443947510950178 -162.9669779805085 398.28849982621716 576 580 -1
579 -22.117932006545352 -179.47385341099314 379.37337042597966 577 581 -1
580 -17.35918327215691 -163.00527415943372 398.45050013599194 578 582 -1
581 -22.01934487370099 -179.52276971493356 379.19279886176236 579 583 -1
582 -17.273785541953536 -163.04411695788266 398.61203690770674 580 584 -1
583 -21.920240384562593 -179.56909900774892 379.01182868478645 581 585 -1
584 -17.187686635048575 -163.08345362912303 398.773081199614 582 586 -1
585 -21.82063568296249 -179.61280796891893 378.83048170046624 583 587 -1
586 -17.100813752552398 -163.12323483480463 398.933599773256 584 588 -1
587 -21.720548566615435 -179.65386406113157 378.64878070203207 585 589 -1
588 -17.013099264122935 -163.16340796863557 399.0935620520175 586 590 -1
589 -21.619997692459258 -179.69223689390654 378.4667496054727 587 591 -1
590 -16.92448489525186 -163.2039180564695 399.25294227449405 588 592 -1
591 -21.519002189852873 -179.72789622447698 378.284413156657 589 593 -1
592 -16.83490756544678 -163.2447138872689 399.4117101069121 590 594 -1
593 -21.417581809654198 -179.76081288017144 378.101797032886 591 595 -1
594 -16.74429761327551 -163.28574586623924 399.56982976686896 592 596 -1
595 -21.315756911958733 -179.79095885297565 377.91892782056544 593 597 -1
596 -16.652595896822433 -163.3269619444258 399.7272706291316 594 598 -1
597 -21.213548450596857 -179.8183073943149 377.73583298805084 595 599 -1
598 -16.55975017350651 -163.3683103326761 399.88400466154985 596 600 -1
599 -21.110977954296914 -179.84283310953015 377.5525408535442 597 601 -1
600 -16.46570481130289 -163.4097416083259 400.03999979754764 598 602 -1
601 -21.008067323677185 -179.8645104160525 377.3690804692819 599 603 -1
602 -16.370432456818595 -163.45122870042246 400.19523372931815 600 604 -1
603 -20.90483928587634 -179.8833176453218 377.1854818184336 601 605 -1
604 -16.27392621845639 -163.4927725528365 400.34968834866186 602 606 -1
605 -20.801317027048256 -179.8992346249693 377.00177557163255 603 607 -1
606 -16.176206250878835 -163.5343748364306 400.5033620980985 604 608 -1
607 -20.697524123589634 -179.9122422631901 376.81799303422156 605 609 -1
608 -16.077279964056586 -163.5760377306857 400.65624555335376 606 610 -1
609 -20.593484576332944 -179.92232319265727 376.634166126279 607 611 -1
610 -15.977153568821224 -163.6177634236281 400.8083285259967 608 612 -1
611 -20.48922254331085 -179.92945838068496 376.45032735037205 609 613 -1
612 -15.875832707542918 -163.65955408412648 400.95960043330587 610 614 -1
613 -20.38476305770968 -179.93363764507126 376.26650973171115 611 615 -1
614 -15.773320669440531 -163.70141196767136 401.1100490131274 612 616 -1
615 -20.280131177307986 -179.93484952371867 376.08274666154813 613 617 -1
616 -15.669615322389188 -163.7433396203407 401.2596579903409 614 618 -1
617 -20.175352057668874 -179.93308076691986 375.8990720325491 615 619 -1
618 -15.564729584971186 -163.78533865112612 401.40842164385776 616 620 -1
619 -20.070451387787564 -179.92832632743213 375.7155198610318 617 621 -1
620 -15.458666984323433 -163.82741115359065 401.5563276381006 618 622 -1
621 -19.965454871639025 -179.92058086667578 375.53212440273734 619 623 -1
622 -15.351430577179492 -163.869559202577 401.70336316439386 620 624 -1
623 -19.860388269140937 -179.90983782053598 375.34892028750744 621 625 -1
624 -15.243022967344693 -163.91178485391617 401.84951492435204 622 626 -1
625 -19.755277550227955 -179.89610012398447 375.1659416994264 623 627 -1
626 -15.13344632277957 -163.9540901440055 401.9947691128557 624 628 -1
627 -19.65014856798195 -179.87936383660173 374.9832234887436 625 629 -1
628 -15.022702392369519 -163.99647708924616 402.1391114005913 626 630 -1
629 -19.545027193028464 -179.85963596625703 374.8007996503389 627 631 -1
630 -14.910784453976133 -164.03894827810663 402.28252039293466 628 632 -1
631 -19.439939171171947 -179.83691992139057 374.6187045068398 629 633 -1
632 -14.79770104269758 -164.08150515587613 402.424986553499 630 634 -1
633 -19.334910133231777 -179.8112218802301 374.43697210853304 631 635 -1
634 -14.683453303145974 -164.12414963294188 402.5664943073576 632 636 -1
635 -19.229965405335303 -179.78255380970108 374.2556356821863 633 637 -1
636 -14.568041438479224 -164.1668836382003 402.70702701113674 634 638 -1
637 -19.12513010461171 -179.75092671118585 374.07472839258924 635 639 -1
638 -14.451465315522283 -164.20970907536235 402.84656740104185 636 640 -1
639 -19.020429119770625 -179.71635242581382 373.8942831368011 637 641 -1
640 -14.333724481319798 -164.25262782130028 402.9850975722995 638 642 -1
641 -18.915886873907603 -179.67884742037413 373.71433185416646 639 643 -1
642 -14.21481817995925 -164.29564172417 403.1225989580595 640 644 -1
643 -18.811527351473757 -179.6384301303248 373.53490580548134 641 645 -1
644 -14.09474536975087 -164.3387526012956 403.25905230775305 642 646 -1
645 -18.70737411860875 -179.59512007403714 373.35603567588225 643 647 -1
646 -13.973496692814692 -164.38196292833783 403.3944301751591 644 648 -1
647 -18.603450227212683 -179.54893878781286 373.1777513466862 645 649 -1
648 -13.851077736669206 -164.42527386137309 403.5287182485174 646 650 -1
649 -18.5 -179.5 373.0 647 651 652
650 -13.727487423787336 -164.46868704886887 403.6618957234962 648 653 -1
651 -18.572681225210648 -179.6214286766648 372.83974165063637 649 654 -1
652 -18.384201711773223 -179.4511294089986 372.8446325870875 649 655 -1
653 -13.602723723518997 -164.51220416003613 403.7939403388654 650 656 -1
654 -18.645890694871095 -179.74427045180664 372.68089953970014 651 657 -1
655 -18.272636974565582 -179.42854362098882 372.6804242549208 652 658 -1
656 -13.476784414904351 -164.55582681845422 403.9248290311901 653 659 -1
657 -18.71969772831394 -179.86850741950374 372.5234249812592 654 660 -1
658 -18.167611928702616 -179.43117032261813 372.5104419291382 655 661 -1
659 -13.349667108087917 -164.59955659814423 404.0545379100854 656 662 -1
660 -18.794117969376934 -179.99412506626084 372.3673404843516 657 663 -1
661 -18.070593280982184 -179.45581426598292 372.33743794958826 658 664 -1
662 -13.22136926680639 -164.64339501927853 404.183042233069 659 665 -1
663 -18.869170413782093 -180.12111424976067 372.21267501701095 660 666 -1
664 -17.98165020616548 -179.4971293829997 372.16322192996626 661 667 -1
665 -13.091881463569582 -164.68734417981693 404.3103092099948 662 668 -1
666 -18.944869724167766 -180.2494545150019 372.05944669308207 663 669 -1
667 -17.899950349607316 -179.5493972837775 371.98836519082096 664 670 -1
668 -12.961203663815516 -164.7314052370976 404.43631485225967 665 671 -1
669 -19.021236878971543 -180.37913640387706 371.90768637940084 666 672 -1
670 -17.824166730998645 -179.60698709598205 371.81249836830136 667 673 -1
671 -12.829336716381738 -164.77557917659968 404.5610354899111 668 674 -1
672 -19.098286911095734 -180.51013631344705 371.75741052401406 669 675 -1
673 -17.752741471768285 -179.66422750196722 371.6347030387977 670 676 -1
674 -12.69627772908182 -164.81986725273455 404.6844426470939 671 677 -1
675 -19.176037009862192 -180.64243327485042 371.6086390513796 672 678 -1
676 -17.68412579692647 -179.71541425249384 371.4539928704334 673 679 -1
677 -12.562023797697556 -164.8642706380369 404.80650686311327 674 680 -1
678 -19.254504885607528 -180.77600536595492 371.46139160616866 675 681 -1
679 -17.617144424331777 -179.75778411673954 371.27040881183797 676 682 -1
680 -12.42657203762199 -164.90879041617933 404.9271976662007 677 683 -1
681 -19.333709268181366 -180.91083037449528 371.31568846071616 678 684 -1
682 -17.55074479493642 -179.79200262109984 371.08491949483937 679 685 -1
683 -12.289910691635011 -164.95342845162014 405.0464728900283 680 686 -1
684 -19.413666538502902 -181.0468802410216 371.17154343725406 681 687 -1
685 -17.483798065006752 -179.81890907302272 370.8984197504866 682 688 -1
686 -12.152041494262457 -164.99818519642272 405.16430476819744 683 689 -1
687 -19.494393330788288 -181.18412582318797 371.02896941909563 684 690 -1
688 -17.415044037974862 -179.83947076060514 370.7117678021038 685 691 -1
689 -12.012965799448839 -165.04306102955715 405.2806642180244 686 692 -1
690 -19.575906629858633 -181.3225369687549 370.88797845571577 687 693 -1
691 -17.343283330439142 -179.85500786032557 370.5257627784794 688 694 -1
692 -11.872681150289475 -165.08805659630727 405.3955163809569 689 695 -1
693 -19.658223163227863 -181.4620816089757 370.7485804710344 690 696 -1
694 -17.267370921306583 -179.86676604421362 370.3411336967701 691 697 -1
695 -11.731185303040304 -165.13317240910607 405.50882525881485 692 698 -1
696 -19.741359371536337 -181.60272584321453 370.61078319251504 693 699 -1
697 -17.186190113255726 -179.87597527042323 370.1586144577298 694 700 -1
698 -11.588463712600046 -165.17841008634082 405.62053696623644 695 701 -1
699 -19.825331379854788 -181.7444340312531 370.4745920904989 696 702 -1
700 -17.0988838964506 -179.88389378199017 369.9788866656452 697 703 -1
701 -11.444523829043458 -165.22376893286688 405.73062447106105 698 704 -1
702 -19.910154969914878 -181.88716889252706 370.34001032826865 699 705 -1
703 -17.00517148105414 -179.8914327834989 369.8023963114669 700 706 -1
704 -11.299367256919476 -165.2692487010861 405.8390519308725 701 707 -1
705 -19.995846479954782 -182.03089260748806 370.20704041356106 702 708 -1
706 -16.90558891459085 -179.8987532436202 369.6291382628084 703 709 -1
707 -11.152993100780963 -165.31484925346047 405.9457784762381 704 710 -1
708 -20.082421194768923 -182.17556503426894 370.0756811793445 705 711 -1
709 -16.801056894459812 -179.90588042762496 369.4588103623696 706 712 -1
710 -11.005388572671322 -165.36057147713936 406.0507438684504 707 713 -1
711 -20.16989287919528 -182.32114361767546 369.94592709857034 708 714 -1
712 -16.692156805842508 -179.91283006391524 369.29123220662603 709 715 -1
713 -10.856560284717178 -165.40641417796627 406.1539131822886 710 716 -1
714 -20.258275663951125 -182.46758554205493 369.81777175709647 711 717 -1
715 -16.579500006438895 -179.91962174646147 369.12614821754875 712 718 -1
716 -10.706514360158895 -165.4523760533995 406.25524938895614 713 719 -1
717 -20.34758321087338 -182.61484692767266 369.6912063533993 714 720 -1
718 -16.463629629815557 -179.9262745560373 368.96329676415763 715 721 -1
719 -10.555249828266534 -165.49845632404032 406.35470269090507 716 722 -1
720 -20.437829711503507 -182.7628837363257 369.5662213979305 717 723 -1
721 -16.344953832835007 -179.93280348254214 368.8024720536362 718 724 -1
722 -10.402753682116142 -165.54465516470515 406.4522008063413 719 725 -1
723 -20.529029398556915 -182.91165127585762 369.4428058054953 720 726 -1
724 -16.22386824968164 -179.93922428920482 368.6434486985477 721 727 -1
725 -10.249046086687924 -165.5909693604191 406.5477215874014 722 728 -1
726 -20.62119206152543 -183.06110125514064 369.3209398020835 723 729 -1
727 -16.100757762449923 -179.9455533883212 368.4859835662681 724 730 -1
728 -10.094130990424281 -165.63739706809008 406.6412151145054 725 731 -1
729 -20.71432925337557 -183.21118672660384 369.20060526295833 726 732 -1
730 -15.975937813739673 -179.95180491881837 368.32986638535067 727 733 -1
731 -9.937992978946925 -165.68393798917214 406.73259401941704 728 734 -1
732 -20.808454350989365 -183.3618615989536 369.0817854578336 729 735 -1
733 -15.849698529173823 -179.95799252714738 368.17489163930964 730 736 -1
734 -9.780656991325484 -165.7305878481181 406.821837349492 731 737 -1
735 -20.903577308336654 -183.51307756922515 368.96445704650165 732 738 -1
736 -15.722305649407723 -179.96412928269328 368.0208614073661 733 739 -1
737 -9.622129932807097 -165.7773438194985 406.90889050174303 734 740 -1
738 -20.999706116445484 -183.66478562895992 368.8485927839188 735 741 -1
739 -15.594012419213046 -179.97022812967813 367.8675785602833 736 742 -1
740 -9.462400627692714 -165.8242043458249 406.9936597083965 737 743 -1
741 -21.096850865215934 -183.81693810131193 368.7341674972091 738 744 -1
742 -15.465072824806107 -179.97630230843674 367.71483791267025 739 745 -1
743 -9.30150016249799 -165.87116391702588 407.07612772586964 740 746 -1
744 -21.195022748829935 -183.9694877367135 368.6211563418333 741 747 -1
745 -15.335721264797243 -179.98236443197277 367.5624454122486 742 748 -1
746 -9.139430092186766 -165.91821927056955 407.1562164718655 743 749 -1
747 -21.29422607834398 -184.12238508830478 368.50952419649167 744 750 -1
748 -15.20616792006292 -179.98843325765947 367.4102246470615 745 751 -1
749 -8.97619977958062 -165.96536611709155 407.23385752489617 746 752 -1
750 -21.394468042625885 -184.27558247603017 368.3992393006816 747 753 -1
751 -15.076474096414035 -179.99457114843017 367.25812632993694 748 754 -1
752 -8.811837768997982 -166.01259837498745 407.3090195665409 749 755 -1
753 -21.495759118491375 -184.4290333185603 368.29027318113145 750 756 -1
754 -14.946625717423263 -180.00086328706325 367.10616625466383 751 757 -1
755 -8.646337859959665 -166.0599121565205 407.3815884956346 752 758 -1
756 -21.598098470363173 -184.58269104418608 368.1825855501069 753 759 -1
757 -14.816605335781798 -180.00739998696204 366.95436367086035 754 760 -1
758 -8.47974073783562 -166.10729983123002 407.4515515397262 755 761 -1
759 -21.70146062647536 -184.73652284624472 368.0761302749823 756 762 -1
760 -14.686398423785768 -180.01426922094373 366.8027357752771 757 763 -1
761 -8.31205397183155 -166.15475481161303 407.51881350600434 758 764 -1
762 -21.805808117295236 -184.8905035225723 367.97085797698213 759 765 -1
763 -14.555990817748546 -180.02155832202104 366.6513001109521 760 766 -1
764 -8.14332628350614 -166.2022501281864 407.58339055790987 761 767 -1
765 -21.911103665016107 -185.0446088935518 367.86671815706046 762 768 -1
766 -14.42536772468821 -180.02935685672787 366.50007572438517 763 769 -1
767 -7.973616791965193 -166.24974060033404 407.64534553303656 764 770 -1
768 -22.01730700492904 -185.19881542246256 367.76365540721866 765 771 -1
769 -14.294514703616414 -180.0377553463336 366.3490824535236 766 772 -1
770 -7.802981425484621 -166.29718045010412 407.70474382031693 767 773 -1
771 -22.124381061118935 -185.35310098510266 367.6616168798168 768 774 -1
772 -14.163416152827946 -180.046850152995 366.19834274165976 769 775 -1
773 -7.63148310291757 -166.34452536982724 407.76168193732195 770 776 -1
774 -22.232289939568396 -185.50744447145985 367.56054993218936 771 777 -1
775 -14.032056287732008 -180.05674215045303 366.047881042206 772 778 -1
776 -7.4591675989467765 -166.39173010005715 407.8162190255881 773 779 -1
777 -22.340999026766326 -185.661825686058 367.4604022735801 774 780 -1
778 -13.900425682188386 -180.06751527693712 365.89771684057405 775 781 -1
779 -7.286096201832047 -166.43875352930746 407.86847169351023 776 782 -1
780 -22.450470967557596 -185.81622521994086 367.36111749496393 777 783 -1
781 -13.768512360108817 -180.07926377765648 365.7478742825613 778 784 -1
782 -7.1123068988123705 -166.48555045371586 407.91849792203436 779 785 -1
783 -22.56067118806023 -185.97062467962158 367.2626415139712 780 786 -1
784 -13.636305243272204 -180.09208266575192 365.59837883639347 781 787 -1
785 -6.937856884583919 -166.53208366043708 407.9664269057657 782 788 -1
786 -22.671565737844748 -186.1250064958165 367.1649201453889 783 789 -1
787 -13.503788987179485 -180.1060889495671 365.44926418526103 784 790 -1
788 -6.762777744620158 -166.5783077406355 408.01231812181106 785 791 -1
789 -22.783121282962824 -186.27935387943353 367.06789917296 786 792 -1
790 -13.370957763891155 -180.12136896797833 365.3005555378013 787 793 -1
791 -6.587121485509064 -166.62418971120556 408.05630825478545 788 794 -1
792 -22.895306131014394 -186.43365066287078 366.9715254446052 789 795 -1
793 -13.237805747178502 -180.13801299619385 365.15228093880035 790 796 -1
794 -6.410914132684007 -166.6696836820675 408.0984593053802 791 797 -1
795 -23.00808713547007 -186.58788152846247 366.8757437880021 792 798 -1
796 -13.104326807507183 -180.15611830195738 365.0044722857133 793 799 -1
797 -6.234202297140533 -166.7147610935882 408.13891209764546 794 800 -1
798 -23.121432488203656 -186.7420317933753 366.78050002407315 795 801 -1
799 -12.970510779139591 -180.1758100385412 364.8571722278777 796 802 -1
800 -6.05700702659352 -166.75937514565467 408.17773125154184 797 803 -1
801 -23.235311213965257 -186.89608735293163 366.68574046059865 798 804 -1
802 -12.836357638361173 -180.1971751983389 364.7104131989647 799 805 -1
803 -5.879369430058223 -166.80350136511515 408.2150580489764 800 806 -1
804 -23.349692879596855 -187.0500346581679 366.59141166071214 801 807 -1
805 -12.701869068978949 -180.2202989988164 364.56422900840215 802 808 -1
806 -5.701307393205491 -166.84709305388407 408.2509638878739 803 809 -1
807 -23.464547573512718 -187.20386067208898 366.4974604870105 804 810 -1
808 -12.567046176237524 -180.24527835963835 364.41865936549266 805 811 -1
809 -5.522855662728725 -166.89012790576137 408.28558404400115 806 812 -1
810 -23.57984588398973 -187.35755282668754 366.40383414213744 807 813 -1
811 -12.431884307458672 -180.2722589705224 364.27376292698005 808 814 -1
812 -5.344030435455746 -166.93256077156445 408.31899936423105 809 815 -1
813 -23.6955588765169 -187.5110989808655 366.31048020614384 810 816 -1
814 -12.296396579447993 -180.30129507030313 364.1295701423826 811 817 -1
815 -5.1648603688299 -166.97436974573256 408.3513367640789 812 818 -1
816 -23.811658070435453 -187.6644873793799 366.21734667093364 813 819 -1
817 -12.160591642185059 -180.33247720253766 363.98612594354273 814 820 -1
818 -4.985360644823747 -167.01551217326465 408.38268601200235 815 821 -1
819 -23.928115415084193 -187.8177066129136 366.12438197208934 816 822 -1
820 -12.024477215721745 -180.3659204867734 363.8434867591053 817 823 -1
821 -4.805554743065275 -167.05596518843464 408.41316600669967 818 824 -1
822 -24.044903265649737 -187.97074557935986 366.03153501837124 819 825 -1
823 -11.888064985307448 -180.4017346596665 363.70171048078623 820 826 -1
824 -4.6254573776262875 -167.09568956236353 408.44287395922294 821 827 -1
825 -24.16199435890612 -188.12359344639268 365.93875521917084 822 828 -1
826 -11.751376230711585 -180.43996974610027 363.56083589953676 823 829 -1
827 -4.445087766213732 -167.1346599197242 408.4719217329107 824 830 -1
828 -24.27936178901516 -188.27623961538688 365.84599251018983 825 831 -1
829 -11.614429893503743 -180.48071062484289 363.4209170743689 826 832 -1
830 -4.264460738004014 -167.17284158469965 408.5004121172414 827 833 -1
831 -24.396978983546074 -188.42867368673927 365.75319737760503 828 834 -1
832 -11.477242845295832 -180.52410059869007 363.282034477062 829 835 -1
833 -4.083592181520309 -167.2102049649161 408.528451608196 830 836 -1
834 -24.51481967986192 -188.58088542663623 365.6603208809666 831 837 -1
835 -11.339845224396074 -180.57016821088612 363.14422697347226 832 838 -1
836 -3.902497618584532 -167.24672125524114 408.55614622814267 833 839 -1
837 -24.6328579020103 -188.73286473530436 365.5673146750629 834 840 -1
838 -11.202265580132956 -180.6189779478665 363.0075497855043 835 841 -1
839 -3.7211876882398993 -167.28235536985824 408.583579588053 836 842 -1
840 -24.75106793824529 -188.8846016167774 365.47413103097176 837 843 -1
841 -11.064533558559141 -180.67062139843756 362.8720726513725 838 844 -1
842 -3.539658353413852 -167.31708973886816 408.6107141728709 839 845 -1
843 -24.869424274123762 -189.0360862499028 365.3807229606628 840 846 -1
844 -10.926682460056371 -180.72519085068473 362.7378698363494 841 847 -1
845 -3.3578930699115985 -167.35088564619656 408.63745120211195 842 848 -1
846 -24.98789726057843 -189.18731851238607 365.28705419031354 843 849 -1
847 -10.788743407335472 -180.7825826029288 362.60494045048733 844 850 -1
848 -3.175883875175943 -167.38373430029915 408.6637049440569 845 851 -1
849 -25.1064493696207 -189.33831636331564 365.19310776122484 846 852 -1
850 -10.65072093095859 -180.84244599384647 362.47319206997275 847 853 -1
851 -2.9936135216107345 -167.4155861618246 408.6893681831954 848 854 -1
852 -25.225042570991278 -189.48909921495445 365.09886833464077 849 855 -1
853 -10.512603908831816 -180.90440061332242 362.34251314402184 850 856 -1
854 -2.8110777749563383 -167.44643612152302 408.7143599322892 851 857 -1
855 -25.343639086571955 -189.6396870027682 365.0043216816779 852 858 -1
856 -10.374372153736205 -180.96804297642043 362.21276943715196 853 859 -1
857 -2.628262649552835 -167.47623619408586 408.7385709182396 854 860 -1
858 -25.46220162260389 -189.79009886261613 364.90945292071126 855 861 -1
859 -10.235999461830565 -181.03296619135227 362.0838125873577 856 862 -1
860 -2.4451647925062705 -167.50497192191287 408.7619161031458 857 863 -1
861 -25.580693119415283 -189.94035362872253 364.8142470701147 858 864 -1
862 -10.097452665532442 -181.09879519537978 361.9555031681619 859 865 -1
863 -2.261775449127196 -167.5326012305073 408.7842881874096 860 866 -1
864 -25.699076665665118 -190.0904698511951 364.71868903367704 861 867 -1
865 -9.958692748245394 -181.16516162404238 361.8277017020056 862 868 -1
866 -2.078092753727171 -167.5591001721663 408.8055952126225 863 869 -1
867 -25.8173151273113 -190.24046565256583 364.6227629837035 864 870 -1
868 -9.81967630758657 -181.23169192262753 361.7002646633371 865 871 -1
869 -1.8941139023837654 -167.5844323280764 408.8257334935007 866 872 -1
870 -25.935371421460225 -190.39035913658174 364.52645340919145 867 873 -1
871 -9.68036547299979 -181.29801537068863 361.57304151590006 868 874 -1
872 -1.709839517616052 -167.60856478597182 408.8446023624195 869 875 -1
873 -26.053208817139044 -190.54016830303212 364.4297454021944 870 876 -1
874 -9.540719446397299 -181.36376986898597 361.44589069415133 871 877 -1
875 -1.5252732616001883 -167.63146601038156 408.8621025073475 872 878 -1
876 -26.170790160542666 -190.68991072674433 364.33262327055945 873 879 -1
877 -9.400699337761663 -181.4285923292632 361.3186729266644 874 880 -1
878 -1.3404196068113305 -167.65309533614305 408.87812409726604 875 881 -1
879 -26.288078034101186 -190.83960377189194 364.2350711374279 876 882 -1
880 -9.260261532341794 -181.49208647278226 361.1912462267452 877 883 -1
881 -1.1552890486352494 -167.67342484411841 408.8925719336902 878 884 -1
882 -26.405033987990965 -190.98926457633854 364.1370720698457 879 885 -1
883 -9.119381414232228 -181.5538941654494 361.0634796541676 880 886 -1
884 -0.9698915380975534 -167.6924080223292 408.9053280875785 881 887 -1
885 -26.52161978133624 -191.1389102125552 364.0386098888494 882 888 -1
886 -8.978036962310766 -181.6136448188255 360.9352488967939 883 889 -1
887 -0.784244717465622 -167.7100188658272 408.9163001626728 884 890 -1
888 -26.637797213355153 -191.28855752236734 363.9396687593609 885 891 -1
889 -8.836213426309936 -181.67095810373544 360.80643646325603 886 892 -1
890 -0.5983657517949553 -167.72620757952873 408.9253647927236 887 893 -1
891 -26.753526998023084 -191.43822312712626 363.8402319486163 888 894 -1
892 -8.693901589897042 -181.72541500568346 360.6769259200619 889 895 -1
893 -0.4122798143809554 -167.74094805216137 408.93243012382186 890 896 -1
894 -26.868769170510692 -191.5879234820327 363.74028247760504 891 897 -1
895 -8.55110912329638 -181.77660516353245 360.5466156086644 892 898 -1
896 -0.22601290815375105 -167.75419032692375 408.9373715388885 893 899 -1
897 -26.983482464569555 -191.73767494388215 363.6398025960007 894 900 -1
898 -8.407865031221311 -181.82416610311807 360.4154301769629 895 901 -1
899 -0.039598322785166576 -167.765906035491 408.94009478755277 896 902 -1
900 -27.09762467230416 -191.88749376129897 363.5387742884959 897 903 -1
901 -8.264208790821915 -181.86769821310446 360.28330103957336 898 904 -1
902 0.1469278452039875 -167.7760485552886 408.9404794560705 899 905 -1
903 -27.21115431000128 -192.03739579981217 363.43718081766946 900 906 -1
904 -8.120196904677828 -181.90678272940738 360.1501729555543 901 907 -1
905 0.3335233017122387 -167.78458525188387 408.9384257445291 902 908 -1
906 -27.32402784513204 -192.18739686090993 363.3350041456057 903 909 -1
907 -7.975905060832709 -181.94094430448752 360.0159992869493 904 910 -1
908 0.5201412254367126 -167.79147642161513 408.9338236755588 905 911 -1
909 -27.436200617981534 -192.33751257979264 363.23222594770573 906 912 -1
910 -7.83143131783119 -181.97000816891816 359.8808246372192 907 913 -1
911 0.7067291058993243 -167.7966836594148 408.92656521195994 908 914 -1
912 -27.547626744906257 -192.4877584182667 363.12882760851653 909 915 -1
913 -7.686830880444255 -181.99441131582844 359.74486358070266 910 916 -1
914 0.8932295874443047 -167.80017745026362 408.9165570678161 911 917 -1
915 -27.658259019049893 -192.6381496546294 363.0247902194684 912 918 -1
916 -7.5421143239259045 -182.0148558840039 359.6083717893412 913 919 -1
917 1.079578545982539 -167.8019131389108 408.90368183427034 914 920 -1
918 -27.768048808388787 -192.78870137026377 362.9200945787885 915 921 -1
919 -7.397259173016585 -182.03200950833428 359.471572384514 916 922 -1
920 1.2657132012937329 -167.80189012072577 408.8879133592403 917 923 -1
921 -27.876945834685063 -192.9394284560411 362.8147211079706 918 924 -1
922 -7.252219719612051 -182.04660292890964 359.33467018926336 919 925 -1
923 1.4515767292495667 -167.8001215213977 408.86930083172126 920 926 -1
924 -27.984897855053276 -193.0903456366841 362.7086497167666 921 927 -1
925 -7.106932482340341 -182.05934539813146 359.19784519651427 922 928 -1
926 1.6371265225115508 -167.79667258135535 408.84798743644586 923 929 -1
927 -28.091852166680255 -193.2414671135441 362.6018609719531 924 930 -1
928 -6.961319734362861 -182.0709164621086 359.0612618525331 925 931 -1
929 1.8223166741591479 -167.7915620423035 408.82404115435617 926 932 -1
930 -28.197753432963523 -193.39280695078295 362.49433458482855 927 933 -1
931 -6.815295470923396 -182.08199155272624 358.9250771281022 928 934 -1
932 2.0071182609581935 -167.7848612806879 408.7976125135073 929 935 -1
933 -28.302544346148256 -193.54437888763033 362.38605001818047 930 936 -1
934 -6.668763795609647 -182.0932540598474 358.78945411127705 931 937 -1
935 2.191494545544132 -167.77658834891767 408.76876818144063 932 938 -1
936 -28.406165411328 -193.69619631849264 362.2769864431569 933 939 -1
937 -6.52163563615784 -182.10539750803034 358.6545553724689 934 940 -1
938 2.375428567837308 -167.76681562220594 408.7376574803664 935 941 -1
939 -28.508553688983593 -193.84827248400953 362.1671220514553 936 942 -1
940 -6.37383388240986 -182.11910197662928 358.5205464444997 937 943 -1
941 2.5588929616359612 -167.75556350101948 408.7043504218294 938 944 -1
942 -28.6096462843888 -194.0006195858334 362.05643631606034 939 945 -1
943 -6.225289400053197 -182.13505665258683 358.3876133551206 940 946 -1
944 2.7418801001402175 -167.74290022784936 408.6689872991525 941 947 -1
945 -28.70941410743286 -194.15323374575965 361.944919556911 942 948 -1
946 -6.075951225320627 -182.15395914337222 358.25596350092087 943 949 -1
947 2.9243725959293942 -167.7288518073336 408.63164595814817 944 950 -1
948 -28.807900633777084 -194.30608003867445 361.83258471642694 945 951 -1
949 -5.925779762442998 -182.17658629110588 358.12586011078486 946 952 -1
950 3.106369030441622 -167.7134776566843 408.5924513058218 947 953 -1
951 -28.90516049865965 -194.4591200051704 361.7194476139909 948 954 -1
952 -5.774791113335236 -182.20362848266706 357.9975610112873 949 955 -1
953 3.2878627992843827 -167.69681247359694 408.5514926610275 950 956 -1
954 -29.00125102611887 -194.61231535535737 361.6055242686613 951 957 -1
955 -5.623038422329425 -182.2357748811641 357.8713614323065 952 958 -1
956 3.4688554971021475 -167.67890288823537 408.50887510526513 953 959 -1
957 -29.09623041422386 -194.76562814433592 361.49082965760266 954 960 -1
958 -5.470617767592686 -182.27371567024286 357.747601874023 955 961 -1
959 3.649352053054443 -167.65979493661732 408.464701764959 956 962 -1
960 -29.190160778559125 -194.91902039996882 361.375379823039 957 963 -1
961 -5.31759067172177 -182.31774253717677 357.6266360730611 958 964 -1
962 3.8293541896196612 -167.63951940194173 408.41905559265757 959 965 -1
963 -29.28310884754473 -195.07245434933816 361.2591926754383 960 966 -1
964 -5.163892031088332 -182.36723450005834 357.5086698345683 961 967 -1
965 4.00887810625644 -167.61813403496708 408.3720523530248 962 968 -1
966 -29.375141461778878 -195.2258927458402 361.1422848308159 963 969 -1
967 -5.009411739606861 -182.42146939510343 357.39385046845985 964 970 -1
968 4.187925536155036 -167.59565663054258 408.3237585772198 965 971 -1
969 -29.46632471534009 -195.37929842927 361.0246705864645 966 972 -1
970 -4.854000446427046 -182.4798051098621 357.28234312493396 967 973 -1
971 4.366518251147356 -167.5721451124237 408.27428763699686 968 974 -1
972 -29.556731709291178 -195.53263468832554 360.90636852939093 969 975 -1
973 -4.697454656536253 -182.54166716854806 357.1743782258701 970 976 -1
974 4.544667768576406 -167.5476285500721 408.22371849458705 971 977 -1
975 -29.646435747081657 -195.68586529434378 360.78739631728604 972 978 -1
976 -4.539572081888227 -182.60638076295984 357.070094111645 973 979 -1
977 4.722390372172648 -167.52214192146783 408.17213671295536 974 980 -1
978 -29.735508703698205 -195.83895363680267 360.6677685723759 975 981 -1
979 -4.38012895063917 -182.67329989942095 356.96964657904135 976 982 -1
980 4.8997090859847106 -167.49573108203128 408.11963778000995 977 983 -1
981 -29.8240280712117 -195.99186424338 360.5475042602103 978 984 -1
982 -4.218839510117897 -182.74181088532268 356.8733038107344 979 985 -1
983 5.07663696049035 -167.4684147367923 408.06629023197786 980 986 -1
984 -29.912071252724722 -196.14456191921727 360.42662141478723 981 987 -1
985 -4.055412551210201 -182.81123992920135 356.78132041364546 982 988 -1
986 5.253201081301165 -167.44024021860676 408.01218906295423 983 989 -1
987 -29.99971453152322 -196.29701021907866 360.3051347014014 984 990 -1
988 -3.889587036607022 -182.88087926215428 356.69390344210007 985 991 -1
989 5.429422872834742 -167.41123837905494 407.9574129625881 986 992 -1
990 -30.087039161738428 -196.44917549842208 360.1830650876984 987 993 -1
991 -3.7209520501062316 -182.94995469645116 356.6115646690095 988 994 -1
992 5.605322247850524 -167.3814325866035 407.9020352924125 989 995 -1
993 -30.17412426283342 -196.60102219028687 360.060428940824 990 996 -1
994 -3.549281813290245 -183.01765964290948 356.53453580744497 991 997 -1
995 5.780928186830908 -167.35086597833617 407.8461433521373 992 998 -1
996 -30.261050781188533 -196.75251577920338 359.937244803131 993 999 -1
997 -3.374138593382087 -183.0829861044414 356.4635138392064 994 1000 -1
998 5.956262987200493 -167.31956187911572 407.78981000572406 995 1001 -1
999 -30.347900100281695 -196.90362278322917 359.81353252078736 996 1002 -1
1000 -3.1953229518586994 -183.14493710412972 356.3989233864759 997 1003 -1
1001 6.131352487583195 -167.28754993476562 407.7331125987106 998 1004 -1
1002 -30.434753790540018 -197.05430701322658 359.68930869797197 999 1005 -1
1003 -3.0125410304038516 -183.202243400344 356.3415639832683 1000 1006 -1
1004 6.3062252375649095 -167.2548659270048 407.6761303257575 1001 1007 -1
1005 -30.521693457933885 -197.20453669465223 359.564595452735 1002 1008 -1
1006 -2.825691269278398 -183.25355721908153 356.2922180349223 1003 1009 -1
1007 6.480905409923114 -167.221529359009 407.6189357412199 1004 1010 -1
1008 -30.608801374510087 -197.35427583019413 359.43941056891487 1005 1011 -1
1009 -2.6353170561241823 -183.2985404776589 356.2507905393437 1006 1012 -1
1010 6.6554221359220795 -167.18757381276575 407.5616064501059 1007 1013 -1
1011 -30.696158728026976 -197.50349178479507 359.3137756234084 1008 1014 -1
1012 -2.4422299088905097 -183.33762777600916 356.2165283023901 1009 1015 -1
1013 6.829803738644803 -167.15302975470684 407.5042175596051 1010 1016 -1
1014 -30.783846811963468 -197.6521504860471 359.1877112256646 1011 1017 -1
1015 -2.2471608970118164 -183.37146640955604 356.1884251014823 1012 1018 -1
1016 7.004076346198029 -167.11791379928258 407.4468446471979 1013 1019 -1
1017 -30.87194715341821 -197.80021704105434 359.06123806894044 1014 1020 -1
1018 -2.050715155796526 -183.40084934793404 356.16530453560046 1015 1021 -1
1019 7.178270313856182 -167.08226280472834 407.38956295928296 1016 1022 -1
1020 -30.960538010384766 -197.9476599651574 358.93437960315157 1017 1023 -1
1021 -1.8533654895648763 -183.426664916435 356.1458855580723 1018 1024 -1
1022 7.3524137238641805 -167.04610066630204 407.33244818756333 1019 1025 -1
1023 -31.049701642618388 -198.09444180905632 358.80715636183294 1020 1026 -1
1024 -1.655468687655558 -183.44985193233484 356.12883661449825 1021 1027 -1
1025 7.526535288813888 -167.00944916209633 407.27557929085845 1022 1028 -1
1026 -31.13951316024791 -198.24053219966078 358.6795934626036 1023 1029 -1
1027 -1.4572980314347397 -183.47137508067027 356.1128027939738 1024 1030 -1
1028 7.700664074472649 -166.97234129963346 407.21902936915274 1025 1031 -1
1029 -31.230050968839524 -198.38589566228887 358.5517139827045 1026 1032 -1
1030 -1.2590809083384324 -183.49220916233682 356.0964356626479 1027 1033 -1
1031 7.874829288444158 -166.93479727215808 407.162880979151 1028 1034 -1
1032 -31.321391032217463 -198.53049798141836 358.4235424541592 1029 1035 -1
1033 -1.0610341187767327 -183.5132986858631 356.07842929044585 1030 1036 -1
1034 8.049059778508248 -166.89684571198424 407.1072111751894 1031 1037 -1
1035 -31.413604754374333 -198.67430760224676 358.2951049683786 1032 1038 -1
1036 -0.8634020341413484 -183.53555475082732 356.0575283433031 1033 1039 -1
1037 8.223383852936992 -166.8585142576369 407.0520974481709 1034 1040 -1
1038 -31.506760152649907 -198.817291453914 358.166425340316 1035 1041 -1
1039 -0.6664862871996995 -183.55983853103447 356.0325505491024 1036 1042 -1
1040 8.39783202764851 -166.8198237287897 406.997631173699 1037 1043 -1
1041 -31.600873030107564 -198.95944568547964 358.03752345527585 1038 1044 -1
1042 -0.47065660564022704 -183.58696905098276 356.0024974236025 1039 1045 -1
1043 8.572430301884268 -166.78080687470614 406.9438834719862 1040 1046 -1
1044 -31.69594629306381 -199.10077215917377 357.9084162912625 1041 1047 -1
1045 -0.27628070161934354 -183.61805350216068 355.96728459739546 1042 1048 -1
1046 8.747209523055727 -166.74148516035027 406.8909523647713 1043 1049 -1
1047 -31.79198795369679 -199.24126826410492 357.7791197272958 1044 1050 -1
1048 -0.08365655112596412 -183.6541936377496 355.9275734772044 1045 1051 -1
1049 8.922195189117197 -166.70188927270482 406.83891541995996 1046 1052 -1
1050 -31.88899831283909 -199.38093790524542 357.64965105647775 1047 1053 -1
1051 0.10689730650155728 -183.6963449901268 355.8839949560639 1048 1054 -1
1052 9.09741582642297 -166.66204506858224 406.7878682594059 1049 1055 -1
1053 -31.986981153489612 -199.51978187908642 357.52002671411117 1050 1056 -1
1054 0.29496700285857036 -183.7454971859123 355.8370928273078 1051 1057 -1
1055 9.272897634284538 -166.62198114884123 406.7379018195222 1052 1058 -1
1056 -32.08594352896645 -199.65779811696984 357.39026260839967 1053 1059 -1
1057 0.48020016949434147 -183.80221975144838 355.7875340703091 1054 1060 -1
1058 9.448665862284043 -166.58172674385497 406.6891092060215 1055 1061 -1
1059 -32.185888497531046 -199.7949878243969 357.26037518735967 1056 1062 -1
1060 0.6621502270688194 -183.86711330603555 355.7358878314853 1057 1063 -1
1061 9.624746378004128 -166.54131089542366 406.64159292910676 1058 1064 -1
1062 -32.286819235286224 -199.9313519714815 357.13038072852333 1059 1065 -1
1063 0.8404735591597471 -183.9403455821455 355.68276422818354 1060 1066 -1
1064 9.8011614502399 -166.50076489601003 406.5954485790549 1061 1067 -1
1065 -32.38874047396056 -200.06689009633087 357.0002952419661 1062 1068 -1
1066 1.01471369913704 -184.02219214034892 355.62866731680464 1063 1069 -1
1067 9.977934327535523 -166.4601197829212 406.55078475088624 1064 1070 -1
1068 -32.49166070578203 -200.2015985020172 356.87013446971935 1065 1071 -1
1069 1.1853462764022844 -184.11092273708994 355.57390157497065 1066 1072 -1
1070 10.15507341985802 -166.41937924707605 406.5076864636158 1067 1073 -1
1071 -32.59558109936683 -200.33547944509363 356.73991466905187 1068 1074 -1
1072 1.3532795582230042 -184.2043006533554 355.51850132654346 1069 1075 -1
1073 10.332557217662794 -166.37848011482657 406.4661861837576 1070 1076 -1
1074 -32.70050670293644 -200.46853181627176 356.60965172384033 1071 1077 -1
1075 1.5194478247099754 -184.30040791700284 355.46243875494224 1072 1078 -1
1076 10.510362459655449 -166.3373448408091 406.42632792894113 1073 1079 -1
1077 -32.80644267066917 -200.60075428285933 356.4793615002947 1074 1080 -1
1078 1.684769150986067 -184.3975460017914 355.4056493538715 1075 1081 -1
1079 10.68845782214046 -166.29590068613822 406.38811910859727 1076 1082 -1
1080 -32.913397189326226 -200.73214289601805 356.3490598700088 1077 1083 -1
1081 1.8501403062800434 -184.49411744034862 355.34804575702066 1078 1084 -1
1082 10.866819243200908 -166.25406364256196 406.3516177991006 1079 1085 -1
1083 -33.02137309142779 -200.86269794605022 356.2187627813625 1080 1086 -1
1084 2.0164567100521964 -184.5884811898151 355.2895188034014 1081 1087 -1
1085 11.045412773725301 -166.21176014052588 406.3168296372043 1082 1088 -1
1086 -33.13037537295428 -200.9924177924284 356.0884861156247 1083 1089 -1
1087 2.18459138765458 -184.67889123389375 355.22996960894346 1084 1090 -1
1088 11.224207353520237 -166.1689101245409 406.2837868378459 1085 1091 -1
1089 -33.240409577655285 -201.12130019223918 355.9582457753381 1086 1092 -1
1090 2.355382668140382 -184.76337331032545 355.1693117509947 1087 1093 -1
1091 11.403170785038427 -166.12542690004312 406.2525341661368 1088 1094 -1
1092 -33.35148185372319 -201.24934225480106 355.8280577338267 1089 1095 -1
1093 2.5295985172452014 -184.83959327220168 355.1074976390769 1090 1096 -1
1094 11.582265606217602 -166.0812375654055 406.2230765724243 1091 1097 -1
1095 -33.463599961783494 -201.37653962861768 355.69793816435663 1092 1098 -1
1096 2.7077450283678335 -184.90506265740555 355.0445966374682 1093 1099 -1
1097 11.761455310108596 -166.03625776394003 406.1954492457182 1094 1100 -1
1098 -33.57676709347593 -201.50289148016066 355.5679029771795 1095 1101 -1
1099 2.889371091246782 -184.95946226179615 354.9810708166008 1096 1102 -1
1100 11.940700599701204 -165.99040005649843 406.1696894010564 1097 1103 -1
1101 -33.69098911236561 -201.62839463882307 355.43796828219416 1098 1104 -1
1102 3.07340453535308 -185.00514457813685 354.9175803564851 1099 1105 -1
1103 12.119959556901808 -165.94359211838577 406.14580255375444 1100 1106 -1
1104 -33.806271948535105 -201.75304570060214 355.30815026697223 1101 1107 -1
1105 3.259128227949822 -185.04443085419047 354.85470903510827 1102 1108 -1
1106 12.299189084271886 -165.8957523956914 406.1238143528062 1103 1109 -1
1107 -33.922621593210586 -201.87684102697455 355.1784652064975 1104 1110 -1
1108 3.445949940565929 -185.08016909816644 354.7929689810962 1105 1111 -1
1109 12.47834241807384 -165.84678718691848 406.10376917413686 1106 1112 -1
1110 -34.04004668337934 -201.99977467026656 355.0489298701809 1107 1113 -1
1111 3.633407578223428 -185.1153299015526 354.73284433002965 1108 1114 -1
1112 12.657372492946399 -165.79663051171087 406.0856637861263 1109 1115 -1
1113 -34.15855102419454 -202.12184435659805 354.919560462315 1110 1116 -1
1114 3.8210361525610144 -185.15295924690722 354.67479546518877 1111 1117 -1
1115 12.836229735490045 -165.74520450882846 406.06951730641777 1112 1118 -1
1116 -34.27814045481169 -202.24304597661106 354.79037353472273 1113 1119 -1
1117 4.008258778628387 -185.19604636334964 354.61931267256585 1114 1120 -1
1118 13.014860337535 -165.69242213283133 406.0553618890929 1115 1121 -1
1119 -34.39882115621334 -202.36337493791822 354.6613858068862 1116 1122 -1
1120 4.195117114296291 -185.24404199359793 354.5666697879517 1117 1123 -1
1121 13.193210037159457 -165.63821083256107 406.04320803695043 1118 1124 -1
1122 -34.52059933957153 -202.48282640839207 354.5326141324728 1119 1125 -1
1123 4.383141153885058 -185.29036801920066 354.5167798877909 1120 1126 -1
1124 13.371224149474756 -165.58250512806114 406.03305864667794 1121 1127 -1
1125 -34.64348167244931 -202.6013949686549 354.4040756058106 1122 1128 -1
1126 4.573876288032802 -185.32740954911054 354.46963738489643 1123 1129 -1
1127 13.548844982735138 -165.52523516743298 406.02492435857806 1124 1130 -1
1128 -34.767476365372005 -202.71907373456668 354.27578786262336 1125 1131 -1
1129 4.7679341042885355 -185.3460765834707 354.42565958401667 1126 1132 -1
1130 13.726006601852 -165.46631253595592 406.0188388539924 1127 1133 -1
1131 -34.89258730115488 -202.8358590468839 354.14776770992415 1128 1134 -1
1132 4.9634288865907426 -185.33710917044255 354.38571870984 1129 1135 -1
1133 13.902652856658582 -165.40569303753065 406.01478232455537 1130 1136 -1
1134 -35.018820741160624 -202.95174510118207 354.02003262633417 1131 1137 -1
1135 5.156478230067118 -185.2988243080711 354.3509336327162 1132 1138 -1
1136 14.078721427973214 -165.34331655701604 406.01275728788227 1133 1139 -1
1137 -35.14618293790573 -203.0667258494328 353.8926002672287 1134 1140 -1
1138 5.347105393195996 -185.2462105192127 354.32129265378506 1135 1141 -1
1139 14.254144003038938 -165.2791138345498 406.01277745889143 1136 1142 -1
1140 -35.2746801261499 -203.1807949995051 353.7654884726059 1137 1143 -1
1141 5.538651958653892 -185.1945639029736 354.2962795773686 1138 1144 -1
1142 14.428859410427203 -165.21304333634328 406.0148391818065 1139 1145 -1
1143 -35.404319067478646 -203.2939455682953 353.6387154469748 1140 1146 -1
1144 5.73444550095596 -185.1602396322351 354.27591434406924 1141 1147 -1
1145 14.60287515398547 -165.1452426231948 406.01892463010114 1142 1148 -1
1146 -35.53510773079475 -203.40616931896756 353.51230003001143 1143 1149 -1
1147 5.93332596548938 -185.16216715714506 354.26066519637817 1144 1150 -1
1148 14.77624514922028 -165.07595592008497 406.02504078986584 1145 1151 -1
1149 -35.66704992824085 -203.51746108316462 353.3862599761053 1146 1152 -1
1150 6.125586419625492 -185.21413980764606 354.2512361211799 1147 1153 -1
1151 14.94902958085902 -165.00542785918992 406.03320093094396 1148 1154 -1
1152 -35.80015172891547 -203.62781358555418 353.2606139409544 1149 1155 -1
1153 6.3070458519507255 -185.29793618414746 354.24730795906663 1150 1156 -1
1154 15.121300884534172 -164.93391494739623 406.0433886040819 1151 1157 -1
1155 -35.93441913304134 -203.73721930641963 353.13538080079064 1152 1158 -1
1156 6.487346029234213 -185.3843751622266 354.248161752447 1153 1159 -1
1157 15.293125681041554 -164.86165178437943 406.05562045371124 1154 1160 -1
1158 -36.06985806041227 -203.84567048214575 353.0105796586598 1155 1161 -1
1159 6.677248896945251 -185.44520779291747 354.25445873589064 1156 1162 -1
1160 15.464572860319484 -164.78887356662455 406.0699225789726 1157 1163 -1
1161 -36.20647527600232 -203.95315833655673 352.88623022351686 1158 1164 -1
1162 6.875819463181433 -185.44692503820096 354.2663883955249 1159 1165 -1
1163 15.635718514098077 -164.71582089341325 406.08628791076586 1160 1166 -1
1164 -36.3442777364489 -204.0596735948727 352.7623526193744 1161 1167 -1
1165 7.0686058193459536 -185.39689117096043 354.2802583458359 1162 1168 -1
1166 15.80663362674496 -164.6427266571241 406.10474399974447 1163 1169 -1
1167 -36.48326892973279 -204.16520949450583 352.638965855593 1164 1170 -1
1168 7.253583220357523 -185.3219265311146 354.29198425544917 1165 1171 -1
1169 15.977389999434964 -164.5698306582534 406.125329939975 1166 1172 -1
1170 -36.62345433000671 -204.2697573018145 352.5160900024469 1167 1173 -1
1171 7.436905006461161 -185.24234202834197 354.29878065187995 1168 1174 -1
1172 16.14806095429884 -164.49737012603447 406.1480499403311 1169 1175 -1
1173 -36.76483926554813 -204.3733080455719 352.39374538307607 1170 1176 -1
1174 7.624946372454585 -185.1746126026953 354.29734482285335 1171 1177 -1
1175 16.318715897919283 -164.42558695987668 406.17293687132866 1172 1178 -1
1176 -36.907428904197914 -204.47585251912855 352.27195257737634 1173 1179 -1
1177 7.818519280136794 -185.12602846015037 354.28651842043087 1174 1180 -1
1178 16.489423750285646 -164.35474351167667 406.200052741196 1175 1181 -1
1179 -37.051230560233726 -204.5773793227481 352.15073356007275 1176 1182 -1
1180 8.015265421188193 -185.09676089613424 354.26674028976583 1177 1183 -1
1181 16.660249001670046 -164.28508638413015 406.2294082351627 1178 1184 -1
1182 -37.19624778979533 -204.67787981039018 352.03010891354006 1179 1185 -1
1183 8.2129250637978 -185.08481963301574 354.2393377728286 1180 1186 -1
1184 16.831252088889382 -164.2168803756897 406.26104579035444 1181 1187 -1
1185 -37.34248417139383 -204.77734493467835 351.91009952998246 1182 1188 -1
1186 8.409998254918296 -185.0876263789196 354.2057643408769 1183 1189 -1
1187 17.00248821699604 -164.15040397788306 406.29501737052175 1184 1190 -1
1188 -37.489944074387786 -204.87576457312375 351.7907270492746 1185 1191 -1
1189 8.605653730710698 -185.10261322291882 354.16735865165134 1186 1192 -1
1190 17.173958302746737 -164.08581681807593 406.33136944480066 1187 1193 -1
1191 -37.63863162674032 -204.9731283846861 351.67201337933943 1188 1194 -1
1192 8.799690092142573 -185.12679511232375 354.1255225601657 1189 1195 -1
1193 17.345590189965662 -164.0230716994416 406.37010548137835 1190 1196 -1
1194 -37.78855222890745 -205.06942447895173 351.553981568533 1191 1197 -1
1195 8.992276621580391 -185.1576506479676 354.0813941857072 1192 1198 -1
1196 17.517308631813187 -163.96211686202287 406.41124219746825 1193 1199 -1
1197 -37.939710064847105 -205.16464154296327 351.4366544836244 1194 1200 -1
1198 9.183826699910016 -185.19283966147395 354.03599276829294 1195 1201 -1
1199 17.689038561139164 -163.90289547347754 406.4547926509103 1196 1202 -1
1200 -38.09210636364741 -205.25877039565106 351.3200536980741 1197 1203 -1
1201 9.374888001694968 -185.23017982637552 353.9902409901169 1198 1204 -1
1202 17.860705411928564 -163.84534625854323 406.50076678813036 1199 1205 -1
1203 -38.24574410353998 -205.35179987198842 351.204202192228 1200 1206 -1
1204 9.566046648661118 -185.2676414033741 353.94499843504536 1201 1207 -1
1205 18.032234173951814 -163.7894123269138 406.54918512357165 1202 1208 -1
1206 -38.400625928028866 -205.44371861767596 351.08912320849237 1203 1209 -1
1207 9.757873803001367 -185.30323771124498 353.9011101798136 1204 1210 -1
1208 18.203552837110493 -163.73501237243624 406.6000338614217 1205 1211 -1
1209 -38.55675593015615 -205.53451345799942 350.9748414321263 1206 1212 -1
1210 9.95085675636101 -185.33500270240503 353.8594250003113 1207 1213 -1
1211 18.374590378556736 -163.68207252686392 406.65331202231476 1208 1214 -1
1212 -38.714136304287486 -205.62417238236503 350.86138090387925 1209 1215 -1
1213 10.145345872264961 -185.3609337440702 353.8208421719614 1210 1216 -1
1214 18.545277412344852 -163.630515497153 406.70901526959415 1211 1217 -1
1215 -38.8727665254767 -205.71268535166266 350.7487643270298 1212 1218 -1
1216 10.341148930326842 -185.38082142307601 353.78543227739846 1213 1219 -1
1217 18.715546398385932 -163.58026095106388 406.7671360132099 1214 1220 -1
1218 -39.032647690485966 -205.80004033657806 350.63701594850255 1215 1221 -1
1219 10.537904438534747 -185.3954308060459 353.75282294885335 1216 1222 -1
1220 18.885331821059438 -163.53122591041893 406.8276635228909 1217 1223 -1
1221 -39.19378045817626 -205.88622516368014 350.526160248708 1218 1224 -1
1222 10.735278314211445 -185.40591706057702 353.7224245808351 1219 1225 -1
1223 19.054570338371924 -163.48332514794075 406.8905840482883 1220 1226 -1
1224 -39.35616799181889 -205.97122467856374 350.4162241485016 1221 1227 -1
1225 10.933062250859248 -185.41316141617907 353.6937838514705 1222 1228 -1
1226 19.223197655257053 -163.43647622771022 406.9558923911941 1223 1229 -1
1227 -39.51980521084807 -206.0550303345357 350.3072285581552 1224 1230 -1
1228 11.131080795628211 -185.41826729344535 353.6663192467095 1225 1231 -1
1229 19.391156927871517 -163.39058610461143 407.0235602705386 1226 1232 -1
1230 -39.684684564707375 -206.13763482802943 350.1991921927285 1227 1233 -1
1231 11.3292193770713 -185.42218363161192 353.63952803289203 1228 1234 -1
1232 19.5583924908321 -163.34556413512954 407.09356345697825 1229 1235 -1
1233 -39.85079921316561 -206.21902982726778 350.09213456070097 1230 1236 -1
1234 11.527381836385832 -185.42589600196243 353.61288385474614 1231 1237 -1
1235 19.724852495364935 -163.3013222566599 407.1658745419553 1232 1238 -1
1236 -40.01814316070128 -206.29920582363937 349.98607621251404 1233 1239 -1
1237 11.72548121344557 -185.4303384941343 353.58588743740273 1234 1240 -1
1238 19.89051985230687 -163.25781002715644 407.2404147274273 1235 1241 -1
1239 -40.18671164014957 -206.37815166413947 349.88103918567236 1236 1242 -1
1240 11.923415489852943 -185.43646693296017 353.558030576126 1237 1243 -1
1241 20.055409707449996 -163.2150097963524 407.317061792226 1238 1244 -1
1242 -40.356494369267644 -206.45586139289085 349.7770412620008 1239 1245 -1
1243 12.12106625234433 -185.4451182612667 353.5288699801778 1240 1246 -1
1244 20.21953954357256 -163.1729066318332 407.39570069626444 1241 1247 -1
1245 -40.52748409998226 -206.53232566582653 349.67410308569515 1242 1248 -1
1246 12.318269461155458 -185.45716703277654 353.4979488888339 1243 1249 -1
1247 20.3829329969912 -163.13148228113366 407.47621150056 1244 1250 -1
1248 -40.69967343490264 -206.60753489136175 349.57224559307497 1245 1251 -1
1249 12.51482196742802 -185.47338437925947 353.4648733013036 1246 1252 -1
1250 20.545620548257602 -163.090714288015 407.55846807416185 1247 1253 -1
1251 -40.87305864040019 -206.68147510814444 349.47149364901884 1248 1254 -1
1252 12.710651697717353 -185.49359562818753 353.4297652013459 1249 1255 -1
1253 20.707632406669298 -163.05058235023972 407.6423551245453 1250 1256 -1
1254 -41.04762849201325 -206.75413984578955 349.37186568768124 1251 1257 -1
1255 12.905793186144763 -185.51720262173995 353.392975550581 1252 1258 -1
1256 20.869001331654136 -163.01106555680602 407.72776001556576 1253 1259 -1
1257 -41.223374662173505 -206.8255191644461 349.27338321002384 1254 1260 -1
1258 13.100305220186607 -185.5436710362269 353.354819721844 1255 1261 -1
1259 21.029757452035412 -162.97214738518977 407.814583883621 1256 1262 -1
1260 -41.40028895514146 -206.89560250471362 349.1760683520455 1257 1263 -1
1261 13.29429701119669 -185.57238230059394 353.3156476070791 1258 1264 -1
1262 21.189941607503435 -162.93380248548252 407.902710276746 1259 1265 -1
1263 -41.57836660800616 -206.96437485948925 349.07994743021544 1260 1266 -1
1264 13.487883209511653 -185.60280272729068 353.2757628482984 1261 1267 -1
1265 21.34959387767493 -162.89600741427304 407.99203142118176 1262 1268 -1
1266 -41.75759585094046 -207.03182855622262 348.9850401907656 1263 1269 -1
1267 13.681188650799278 -185.634426489603 353.23545269811217 1264 1270 -1
1268 21.508754266751147 -162.8587399706416 408.0824456070179 1265 1271 -1
1269 -41.93796702521234 -207.09795307365872 348.89136902042185 1266 1272 -1
1270 13.874345206986181 -185.66676447794418 353.1949947806884 1267 1273 -1
1271 21.667458482653423 -162.82198430647531 408.1738656912516 1268 1274 -1
1272 -42.119470957721695 -207.16273675797964 348.79895744646865 1269 1275 -1
1273 14.067489922539346 -185.69933423726135 353.1546662924047 1270 1276 -1
1274 21.82575493585751 -162.7857113917917 408.2661812345743 1271 1277 -1
1275 -42.30210207777194 -207.22616290341506 348.70783393704033 1272 1278 -1
1276 14.260758807970538 -185.73165603779586 353.11473573044225 1273 1279 -1
1277 21.98368646321637 -162.74989895727325 408.3592982274161 1274 1280 -1
1278 -42.48584605194178 -207.2882247183041 348.6180176521506 1275 1281 -1
1279 14.454281221890293 -185.76326442726784 353.07546885906356 1276 1282 -1
1280 22.141293236673423 -162.71452963542936 408.45313215090977 1277 1283 -1
1281 -42.67069244334062 -207.34891014583388 348.52953280404734 1278 1284 -1
1282 14.648178713491108 -185.79369310904036 353.0371335271107 1279 1285 -1
1283 22.298622200495146 -162.67957783471456 408.547586733784 1280 1286 -1
1284 -42.856632421799524 -207.408204330331 348.442406461444 1281 1287 -1
1285 14.842561368279219 -185.8224713735739 353.0000021305261 1282 1288 -1
1286 22.455718532100853 -162.6450200957125 408.6425720900562 1283 1289 -1
1287 -43.04365516991592 -207.46609409217987 348.35666421702643 1284 1290 -1
1288 15.037524887356808 -185.84911670193992 352.9643567045438 1285 1291 -1
1289 22.612624230777485 -162.61083987861116 408.7380081272023 1286 1292 -1
1290 -43.23174641680357 -207.52257006239506 348.2723279683152 1287 1293 -1
1291 15.233128435613347 -185.87319095077004 352.9304316208689 1288 1294 -1
1292 22.769386382469932 -162.5770111910768 408.83380466538097 1289 1295 -1
1293 -43.42089414555072 -207.57761921440917 348.1894233018352 1290 1296 -1
1294 15.429290570293158 -185.89472968089197 352.8980623716697 1291 1297 -1
1295 22.92604917849128 -162.54351297462784 408.9298794995512 1292 1298 -1
1296 -43.61108971846737 -207.63122288237537 348.1079816704926 1293 1299 -1
1297 15.625915472423758 -185.91384980113634 352.86700712884436 1294 1300 -1
1298 23.08265660037463 -162.51032774352728 409.02615304728755 1295 1301 -1
1299 -43.80231546238815 -207.68337400762488 348.02802287993404 1296 1302 -1
1300 15.82291602048282 -185.93067302604686 352.83701974276136 1297 1303 -1
1301 23.23925346578934 -162.47743004807546 409.1225423935633 1298 1304 -1
1302 -43.99455752782831 -207.7340595020244 347.949572892492 1299 1305 -1
1303 16.020213046641025 -185.94532487733335 352.8078509346087 1300 1306 -1
1304 23.395883679221352 -162.4448030520859 409.21896956542724 1301 1307 -1
1305 -44.18780517318423 -207.78326060984006 347.87266370139037 1302 1308 -1
1306 16.217735716760608 -185.9579185245354 352.7792518502544 1303 1309 -1
1307 23.552590589770887 -162.41242451392574 409.31535586133026 1304 1310 -1
1308 -44.38204043541832 -207.8309681969285 347.7973174372495 1305 1311 -1
1309 16.415416782783147 -185.96858468543581 352.7509642498029 1306 1312 -1
1310 23.70941682464822 -162.38027462029734 409.41162454036873 1307 1313 -1
1311 -44.577246776636805 -207.87717021736384 347.723559290437 1308 1314 -1
1312 16.613193285975438 -185.97747559867938 352.72272973190053 1309 1315 -1
1313 23.866405997951894 -162.34833523566542 409.5076975022239 1310 1316 -1
1314 -44.773411027516445 -207.92184815319158 347.65142144194675 1311 1317 -1
1315 16.81100825166012 -185.98472463939962 352.6942956083982 1312 1318 -1
1316 24.02359714907977 -162.31658451793936 409.60350235044416 1313 1319 -1
1317 -44.97051419706739 -207.96499153850718 347.58092764620096 1314 1320 -1
1318 17.008807387291125 -185.99046579915267 352.66541006304425 1315 1321 -1
1319 24.181035561565526 -162.28500677604748 409.69895768855724 1316 1322 -1
1320 -45.16853724835927 -208.00658910287711 347.5121025381605 1317 1323 -1
1321 17.206537929186226 -185.99483336290493 352.6358226961746 1318 1324 -1
1322 24.33875582485925 -162.25357996056857 409.7939966075313 1319 1325 -1
1323 -45.36746479363831 -208.04662206867243 347.4449790055396 1320 1326 -1
1324 17.4041456735347 -185.99794998254342 352.6052724826927 1321 1327 -1
1325 24.496803204605623 -162.22228862967683 409.8885354486654 1322 1328 -1
1326 -45.567275699811326 -208.08508022884425 347.3795807446887 1323 1329 -1
1327 17.601577188233247 -185.99995892961647 352.57351451970595 1324 1330 -1
1328 24.65520964939324 -162.19111241496825 409.9825096267928 1325 1331 -1
1329 -45.76794872939621 -208.12195258913164 347.3159323254078 1326 1332 -1
1330 17.798800874613345 -186.0010010277491 352.5404453360244 1327 1333 -1
1331 24.81401838952806 -162.16003542700273 410.0758353941664 1328 1334 -1
1332 -45.9694663427372 -208.1572197610771 347.25406773236284 1329 1335 -1
1333 17.9958468550712 -186.00120911715007 352.50631673803457 1330 1336 -1
1334 24.973259386591764 -162.129038990979 410.168448608307 1331 1337 -1
1335 -46.17180449618049 -208.1908732116214 347.1940090008834 1332 1338 -1
1336 18.192762483878028 -186.00071426474278 352.4714458383267 1333 1339 -1
1337 25.132973547443108 -162.09810714484493 410.26026514819614 1334 1340 -1
1338 -46.374939923730565 -208.2229018482343 347.135781023027 1335 1341 -1
1339 18.38959956183704 -185.9996459349716 352.43614631826085 1336 1342 -1
1340 25.293187812993903 -162.06722249980137 410.35122218567574 1337 1343 -1
1341 -46.57885285756303 -208.25328553239288 347.07941905164944 1338 1344 -1
1342 18.586412738493816 -185.99813236673145 352.40072973122784 1339 1345 -1
1343 25.453941386660794 -162.036369352992 410.4412333642736 1340 1346 -1
1344 -46.783515960594045 -208.2820185151424 347.02494210696756 1341 1347 -1
1345 18.783259225240645 -185.99629819550526 352.36551404705887 1342 1348 -1
1346 25.615256594616724 -162.00553148245348 410.53023928607956 1343 1349 -1
1347 -46.98890415814724 -208.3090889918994 346.97237609695463 1344 1350 -1
1348 18.980195091423496 -185.9942768179081 352.3308124889831 1345 1351 -1
1349 25.777172037530065 -161.97469352015358 410.6181484289721 1346 1352 -1
1350 -47.19499472002908 -208.3344774952039 346.9217559143102 1347 1353 -1
1351 19.17727429749149 -185.99219560371907 352.2969388867698 1348 1354 -1
1352 25.939703342236275 -161.9438405534324 410.70490822397824 1349 1355 -1
1353 -47.40175756192453 -208.35818043967816 346.87309814093675 1350 1356 -1
1354 19.37454745970895 -185.99018252342688 352.2642106748471 1351 1357 -1
1355 26.102890019031324 -161.91295739611965 410.79041794554837 1352 1358 -1
1356 -47.609165743163445 -208.38018512443054 346.8264299420717 1353 1359 -1
1357 19.5720601817812 -185.98836664637741 352.2329500998464 1354 1360 -1
1358 26.26674101498181 -161.88203061519198 410.87463158898856 1355 1361 -1
1359 -47.8171926979401 -208.40047528605606 346.78178281366564 1356 1362 -1
1360 19.769851272589328 -185.98687853365493 352.20348532124524 1357 1363 -1
1361 26.431291044020394 -161.85104548007652 410.9574490976076 1358 1364 -1
1362 -48.02580656135154 -208.4190475103956 346.7391731391844 1359 1365 -1
1363 19.967953737072477 -185.9858558384002 352.1761732691935 1360 1366 -1
1364 26.59654898885573 -161.8199896263086 411.0388177163482 1361 1367 -1
1365 -48.2349778986852 -208.43588974070246 346.6986275335986 1362 1368 -1
1366 20.16638681643175 -185.98543618728482 352.1513636303579 1363 1369 -1
1367 26.762538715496603 -161.78884957738455 411.11864998893293 1364 1370 -1
1368 -48.44467682012097 -208.4509884506949 346.66017449483115 1365 1371 -1
1369 20.36513704205326 -185.98572654498463 352.1292369126827 1366 1372 -1
1370 26.92927313944985 -161.7576132531378 411.19687647671554 1367 1373 -1
1371 -48.65486952822622 -208.4643410449465 346.6238294114611 1368 1374 -1
1372 20.564151572708912 -185.98678083528688 352.10965336735495 1369 1375 -1
1373 27.096761205264652 -161.72626943856156 411.2734320447547 1370 1376 -1
1374 -48.865523868364726 -208.47593738638687 346.58961674792056 1371 1377 -1
1375 20.763377381451107 -185.9886439557185 352.0924158169359 1372 1378 -1
1376 27.26502273550762 -161.69480543310576 411.3482216926294 1373 1379 -1
1377 -49.076607329966635 -208.48576530086586 346.55756355346244 1374 1380 -1
1378 20.962768396351553 -185.9913662891419 352.07733440909897 1375 1381 -1
1379 27.434052475725768 -161.6632126688293 411.42120276510116 1376 1382 -1
1380 -49.28808405758582 -208.49382411051812 346.527682834734 1377 1383 -1
1381 21.16228362756948 -185.99500100985833 352.06421366843557 1378 1384 -1
1382 27.603866862393996 -161.63147912666764 411.4922761449315 1379 1385 -1
1383 -49.5 -208.5 346.5 1380 -1 -1
1384 21.36188519652914 -185.9995807044705 352.05281363577734 1381 1386 -1
1385 27.77446116822768 -161.59959661853563 411.56138782101414 1382 1387 -1
1386 21.56154215656863 -186.00515000164555 352.0429214643348 1384 1388 -1
1387 27.945831710950568 -161.56755707157942 411.62847681468054 1385 1389 -1
1388 21.761227607627944 -186.01175357268863 352.0343218454534 1386 1390 -1
1389 28.117987774328956 -161.53534967007823 411.69344046896776 1387 1391 -1
1390 21.960917778681846 -186.0194554387924 352.02681213822234 1388 1392 -1
1391 28.29090940790209 -161.50296992537878 411.7562490681112 1389 1393 -1
1392 22.1605913543264 -186.02828891203188 352.02015467061017 1390 1394 -1
1393 28.464590301474317 -161.47041055663766 411.81683033965135 1391 1395 -1
1394 22.36022958717523 -186.03829346174777 352.01412275424366 1392 1396 -1
1395 28.639026433268928 -161.43766352242832 411.8750960824413 1393 1397 -1
1396 22.559814968350462 -186.04951418833724 352.00849366701414 1394 1398 -1
1397 28.814192286172304 -161.40472617646404 411.9310178118393 1395 1399 -1
1398 22.75932928103239 -186.06201395223155 352.0030427336588 1396 1400 -1
1399 28.99006801420633 -161.37159017019607 411.984542933038 1397 1401 -1
1400 22.95875484419911 -186.07583514191361 351.9975368552591 1398 1402 -1
1401 29.166606950409232 -161.33819097771294 412.03566773696747 1399 1403 -1
1402 23.158073839613408 -186.09101031494822 351.9917476411748 1400 1404 -1
1403 29.343722441858556 -161.30443232903897 412.08451146606626 1401 1405 -1
1404 23.35726582828245 -186.10758441119452 351.9854473510373 1402 1406 -1
1405 29.521340792356504 -161.2702159122932 412.13116170334644 1403 1407 -1
1406 23.556305030941193 -186.12562426833705 351.9783929516354 1404 1408 -1
1407 29.699393177606314 -161.23544313079574 412.1756986812439 1405 1409 -1
1408 23.75516460130417 -186.14516766690264 351.97035182377573 1406 1410 -1
1409 29.87781734965899 -161.2000068891271 412.21817748122805 1407 1411 -1
1410 23.953814726720836 -186.16624401088845 351.96110143662423 1408 1412 -1
1411 30.056544827074287 -161.1638163431317 412.25870010000284 1409 1413 -1
1412 24.152219042727427 -186.18889534892506 351.95041218255716 1410 1414 -1
1413 30.23551473289505 -161.12677303833084 412.2973384766618 1411 1415 -1
1414 24.35032865828254 -186.21319522724178 351.9380173708331 1412 1416 -1
1415 30.414667737830026 -161.08877787542662 412.334161719069 1413 1417 -1
1416 24.548097410046257 -186.23915949706307 351.923707565822 1414 1418 -1
1417 30.59394602151306 -161.04972269383148 412.36922430481184 1415 1419 -1
1418 24.74547029272394 -186.2668161099876 351.9072656315747 1416 1420 -1
1419 30.77329060524109 -161.0095067842133 412.4025946607087 1417 1421 -1
1420 24.94238271256005 -186.29619943809504 351.88846737447733 1418 1422 -1
1421 30.952643084651225 -160.96803275522842 412.43434292448677 1419 1423 -1
1422 25.13874754508318 -186.3273817333559 351.8670279575735 1420 1424 -1
1423 31.13194515262531 -160.92519614300278 412.46452814540675 1421 1425 -1
1424 25.334494442087383 -186.36034663039447 351.8427923596539 1422 1426 -1
1425 31.311137466515408 -160.8808905189132 412.493207303283 1423 1427 -1
1426 25.52953766661107 -186.39510967427523 351.81558003475584 1424 1428 -1
1427 31.490156248340483 -160.8349862515303 412.520418018177 1425 1429 -1
1428 25.72383714575907 -186.4316248241649 351.7854889575362 1426 1430 -1
1429 31.668939685868217 -160.78738959809223 412.5462315243971 1427 1431 -1
1430 25.91738666550584 -186.46982980456022 351.75277427801274 1428 1432 -1
1431 31.847422032488925 -160.7379870153518 412.57069985147626 1429 1433 -1
1432 26.1102234558581 -186.50959932414793 351.7177926081336 1430 1434 -1
1433 32.025534257424525 -160.68666172437761 412.59387323969736 1431 1435 -1
1434 26.30237970116185 -186.55084909793135 351.68083414140926 1432 1436 -1
1435 32.20319741553539 -160.6332685779724 412.61578658402766 1433 1437 -1
1436 26.49389680390658 -186.59349871882853 351.64218361397786 1434 1438 -1
1437 32.38033650047202 -160.5776998841261 412.6364991389128 1435 1439 -1
1438 26.68481428322624 -186.63749405730687 351.6021001541465 1436 1440 -1
1439 32.556869952466265 -160.51983492316805 412.6560613047232 1437 1441 -1
1440 26.875197743540845 -186.68274138618057 351.5608857457965 1438 1442 -1
1441 32.73270565178009 -160.45953283381508 412.67451460929215 1439 1443 -1
1442 27.06511055476657 -186.72916600224755 351.518817400315 1440 1444 -1
1443 32.90773981529502 -160.3966370319011 412.69189681833865 1441 1445 -1
1444 27.254617991378304 -186.77670105107555 351.47616444640045 1442 1446 -1
1445 33.0818779023117 -160.3310409828844 412.70826651023634 1443 1447 -1
1446 27.44378624279167 -186.82529038250482 351.43319453472714 1444 1448 -1
1447 33.255003052328696 -160.2625908206765 412.72366398764893 1445 1449 -1
1448 27.632686589382423 -186.8748751776221 351.3901830908777 1446 1450 -1
1449 33.42698166962241 -160.19111417723857 412.73812650620744 1447 1451 -1
1450 27.821395611583288 -186.92538058508887 351.34740365475744 1448 1452 -1
1451 33.59769720030347 -160.11650696924912 412.7517125434034 1449 1453 -1
1452 28.009985795433764 -186.97674687154316 351.3051282931962 1450 1454 -1
1453 33.7669841166913 -160.03857099790034 412.7644564994053 1451 1455 -1
1454 28.19852707101894 -187.02892636052567 351.2636382543104 1452 1456 -1
1455 33.93469200009533 -159.95717402809674 412.7764119748838 1453 1457 -1
1456 28.387082592231447 -187.08190519027423 351.22324103287156 1454 1458 -1
1457 34.10064309442921 -159.872152394727 412.78762524808707 1455 1459 -1
1458 28.57570987431181 -187.1356477456136 351.1842119290228 1456 1460 -1
1459 34.264636962186565 -159.7833298286329 412.79814134684636 1457 1461 -1
1460 28.76446129035188 -187.19013303238327 351.1468493601372 1458 1462 -1
1461 34.42647923380694 -159.6905751394165 412.8080139108669 1459 1463 -1
1462 28.953386623279748 -187.24534850949635 351.11149300613675 1460 1464 -1
1463 34.5859273354047 -159.59370439219285 412.81728825959965 1461 1465 -1
1464 29.142526758034546 -187.30126822011226 351.0784712679037 1462 1466 -1
1465 34.74275211548031 -159.49259487705314 412.82601926883484 1463 1467 -1
1466 29.33190983423962 -187.35785501752588 351.04808617497525 1464 1468 -1
1467 34.89668817853678 -159.38710066962497 412.83425820368024 1465 1469 -1
1468 29.52155864663487 -187.41508422429763 351.02071364738913 1466 1470 -1
1469 35.047446307340344 -159.2770822742074 412.84205785304067 1467 1471 -1
1470 29.71148248845881 -187.4729238427218 350.99674750111797 1468 1472 -1
1471 35.19477019267622 -159.16248121068904 412.84947748862186 1469 1473 -1
1472 29.90166708274468 -187.53131967980124 350.97649024164195 1470 1474 -1
1473 35.33828325393695 -159.0431235277166 412.85656744217914 1471 1475 -1
1474 30.09208971076057 -187.59023280414146 350.9604033197934 1472 1476 -1
1475 35.47773288602576 -158.91902960233736 412.8633910133794 1473 1477 -1
1476 30.28269918286621 -187.64960162467816 350.94885622748404 1474 1478 -1
1477 35.61277272919056 -158.7901402091714 412.87000466843614 1475 1479 -1
1478 30.4734209535595 -187.70935601197408 350.9421977520994 1476 1480 -1
1479 35.743044006767235 -158.65642689109413 412.8764667002222 1477 1481 -1
1480 30.664116774699803 -187.76954341462329 350.94041061024 1478 1482 -1
1481 35.86827970915108 -158.5179827176471 412.8828372784311 1479 1483 -1
1482 30.85456749112347 -187.83052528721126 350.941566970272 1480 1484 -1
1483 35.988111404491775 -158.3748342397412 412.889173727956 1481 1485 -1
1484 31.044586708820802 -187.89281958690856 350.9435458917946 1482 1486 -1
1485 36.10226320037931 -158.22711890136833 412.89553335842874 1483 1487 -1
1486 31.234018433622314 -187.9569004760836 350.94410301349063 1484 1488 -1
1487 36.21049808003947 -158.0750177262048 412.9019701875085 1485 1489 -1
1488 31.422608467827008 -188.02332536604746 350.9408516707087 1486 1490 -1
1489 36.3124819431258 -157.91866236194835 412.90853816885084 1487 1491 -1
1490 31.60998090123375 -188.0925322483373 350.9314619818244 1488 1492 -1
1491 36.408137089531714 -157.7583643239607 412.915282769614 1489 1493 -1
1492 31.795450381910108 -188.16499826156567 350.9132646374056 1490 1494 -1
1493 36.497160743441405 -157.59430006683527 412.92225302283407 1491 1495 -1
1494 31.978169473090425 -188.24092644539755 350.8844809882138 1492 1496 -1
1495 36.579581547035794 -157.4268324427558 412.9294837967696 1493 1497 -1
1496 32.157537224691296 -188.32089992224235 350.84683246609757 1494 1498 -1
1497 36.655211856005494 -157.25620320069095 412.9370152497171 1495 1499 -1
1498 32.3337910184688 -188.40553516409219 350.804883416636 1496 1500 -1
1499 36.724104154831274 -157.08275848324294 412.94487442484547 1497 1501 -1
1500 32.507178412429376 -188.49588706571438 350.76292018628504 1498 1502 -1
1501 36.78629645474195 -156.9068154240837 412.9530856134141 1499 1503 -1
1502 32.67794018192016 -188.59301155773454 350.72565409149104 1500 1504 -1
1503 36.84183230358135 -156.72867554135203 412.961670260587 1501 1505 -1
1504 32.84591588892989 -188.6978926301486 350.6981889342535 1502 1506 -1
1505 36.89078507207092 -156.54863368728167 412.9706460145592 1503 1507 -1
1506 33.01012843601062 -188.81125017960764 350.68636869468105 1504 1508 -1
1507 36.93334676446189 -156.36699468918664 412.9800210165143 1505 1509 -1
1508 33.168851379687545 -188.9326310663355 350.69257405415203 1506 1510 -1
1509 36.969685364289056 -156.18402963859333 412.9898024284768 1507 1511 -1
1510 33.321517127712 -189.0605548211127 350.71014332392866 1508 1512 -1
1511 37.0 -156.0 413.0 1509 -1 -1
1512 33.46871680790671 -189.19421500307143 350.7314482205393 1510 1513 -1
1513 33.61143249323622 -189.3331607621956 350.74904131768034 1512 1514 -1
1514 33.75037784107629 -189.47677175936823 350.75545531782217 1513 1515 -1
1515 33.88555656920229 -189.62360047935735 350.7441458899963 1514 1516 -1
1516 34.01718066617007 -189.77224883187534 350.7203588621187 1515 1517 -1
1517 34.14665841848921 -189.92282662137893 350.69691694790725 1516 1518 -1
1518 34.27526603413633 -190.0755026934362 350.68600712191414 1517 1519 -1
1519 34.40319641953186 -190.22907435285848 350.6906038229519 1518 1520 -1
1520 34.530430810418125 -190.38223207896218 350.7088286329563 1519 1521 -1
1521 34.65718808909144 -190.53399335702417 350.73854299708523 1520 1522 -1
1522 34.78385208266987 -190.6837257438862 350.7775509154772 1521 1523 -1
1523 34.910898099754 -190.83099272019396 350.8240181960511 1522 1524 -1
1524 35.03885304869664 -190.97551735359002 350.8762589393782 1523 1525 -1
1525 35.16810468773377 -191.11722800152918 350.9328432000679 1524 1526 -1
1526 35.29846208051832 -191.25631409948468 350.9932772318174 1525 1527 -1
1527 35.429564821946435 -191.39302857134118 351.05740049663564 1526 1528 -1
1528 35.56106787413424 -191.5276872721445 351.12496242584956 1527 1529 -1
1529 35.69267673416941 -191.6605386797882 351.19581692785846 1528 1530 -1
1530 35.82411925328414 -191.7918167422977 351.2698426234894 1529 1531 -1
1531 35.95513978864153 -191.9217420101843 351.3469400593277 1530 1532 -1
1532 36.085494043086634 -192.05052294182636 351.4270292867634 1531 1533 -1
1533 36.214944438748695 -192.1783572737939 351.51004776151876 1532 1534 -1
1534 36.3432558875006 -192.30543338031222 351.5959485128023 1533 1535 -1
1535 36.470191837739655 -192.43193156719994 351.6846985280436 1534 1536 -1
1536 36.59551049212799 -192.55802525823046 351.77627729663186 1535 1537 -1
1537 36.71896110492406 -192.68388203784104 351.87067545297674 1536 1538 -1
1538 36.84028028097314 -192.809664514747 351.9678934546836 1537 1539 -1
1539 36.95918821235096 -192.93553096716713 352.06794022505505 1538 1540 -1
1540 37.07538480455079 -193.06163572259908 352.1708316800794 1539 1541 -1
1541 37.18854501051018 -193.18812931718435 352.2765896057488 1540 1542 -1
1542 37.298287711002864 -193.3151630532587 352.3852602889065 1541 1543 -1
1543 37.40424204154336 -193.44287642096927 352.4968527203531 1542 1544 -1
1544 37.50598673677877 -193.57140239132323 352.6113886199728 1543 1545 -1
1545 37.60327080045491 -193.70077970658102 352.7288051352094 1544 1546 -1
1546 37.69616284972823 -193.83091452351485 352.8489112946924 1545 1547 -1
1547 37.784794066630695 -193.96170705315294 352.97149849229777 1546 1548 -1
1548 37.86932660168173 -194.09306627455084 353.0963553286086 1547 1549 -1
1549 37.94989253755616 -194.22491761947418 353.2232995646939 1548 1550 -1
1550 38.02675482932809 -194.3571841063838 353.35209530674103 1549 1551 -1
1551 38.10016865526195 -194.48980466050867 353.4825289604753 1550 1552 -1
1552 38.17039083582278 -194.62273123616322 353.61440151645235 1551 1553 -1
1553 38.23768003782211 -194.7559276240604 353.7475261035218 1552 1554 -1
1554 38.30229551753847 -194.88936892704058 353.88172630612996 1553 1555 -1
1555 38.364582049310776 -195.02303288393668 354.0168035948286 1554 1556 -1
1556 38.42484196791852 -195.15691001568425 354.15258775707434 1555 1557 -1
1557 38.48338321639045 -195.2909980051732 354.28891516435465 1556 1558 -1
1558 38.54049357013327 -195.42530545657138 354.4256332633567 1557 1559 -1
1559 38.596524518484394 -195.5598367428943 354.5625779323966 1558 1560 -1
1560 38.65179353412275 -195.6946041515577 354.6996002086953 1559 1561 -1
1561 38.7066178243302 -195.8296225121535 354.8365541729544 1560 1562 -1
1562 38.761317346571246 -195.96491219043938 354.9732901056956 1561 1563 -1
1563 38.8162062829212 -196.10048699557728 355.10966718616066 1562 1564 -1
1564 38.87139963753192 -196.23635642516885 355.24562756015825 1563 1565 -1
1565 38.926836380646044 -196.37252845393903 355.3811856034974 1564 1566 -1
1566 38.98244843379525 -196.50901331390253 355.5163566965436 1565 1567 -1
1567 39.03816640261012 -196.64582250202457 355.6511557962408 1566 1568 -1
1568 39.093919335964166 -196.78296002915894 355.7856063505154 1567 1569 -1
1569 39.149638915004026 -196.9204348815802 355.9197258351448 1568 1570 -1
1570 39.205256751915414 -197.05825622962914 356.0535315756618 1569 1571 -1
1571 39.26069982681474 -197.1964402574143 356.18703544164384 1570 1572 -1
1572 39.31590034178272 -197.33499105594115 356.3202593754738 1571 1573 -1
1573 39.37078955943076 -197.4739170027426 356.45322097682663 1572 1574 -1
1574 39.42529771049565 -197.61322759487356 356.58593665037665 1573 1575 -1
1575 39.47934803247032 -197.75293723975875 356.7184198681805 1574 1576 -1
1576 39.53286786578648 -197.89305501538283 356.85068721922596 1575 1577 -1
1577 39.58579001190129 -198.03358601461375 356.98275647866427 1576 1578 -1
1578 39.638041574731936 -198.17453928271095 357.11464259889243 1577 1579 -1
1579 39.68953947555536 -198.31592853183125 357.2463583436114 1578 1580 -1
1580 39.74020441620353 -198.45776343975396 357.3779178289423 1579 1581 -1
1581 39.78996972422039 -198.60004647864343 357.5093366557531 1580 1582 -1
1582 39.83875771184687 -198.7427852528055 357.64062764789776 1581 1583 -1
1583 39.886468856601304 -198.88599535084268 357.7718010081398 1582 1584 -1
1584 39.93303131920952 -199.02969610205585 357.90285037079553 1583 1585 -1
1585 39.97837614412521 -199.17395976578806 358.033707984867 1584 1586 -1
1586 40.02241536146731 -199.3188782448351 358.1642875909898 1585 1587 -1
1587 40.0650435390157 -199.46455247488132 358.29449382918267 1586 1588 -1
1588 40.106203915064185 -199.6110549001814 358.4242420828368 1587 1589 -1
1589 40.145804377788984 -199.75847418899681 358.5534360411173 1588 1590 -1
1590 40.183710143915945 -199.9069230678127 358.6819574182844 1589 1591 -1
1591 40.21986998269484 -200.0564601604275 358.8097177161921 1590 1592 -1
1592 40.25417091248469 -200.20717795345146 358.93659999927513 1591 1593 -1
1593 40.28647540345901 -200.35918114467927 359.0624685233134 1592 1594 -1
1594 40.316724988037215 -200.5125185701995 359.1872240431744 1593 1595 -1
1595 40.34476013846033 -200.66729913536386 359.31070784434394 1594 1596 -1
1596 40.370487968872105 -200.82358235065823 359.43279289228695 1595 1597 -1
1597 40.39379732850431 -200.98143295119937 359.55333701130127 1596 1598 -1
1598 40.414523263126696 -201.14094191422586 359.6721572136875 1597 1599 -1
1599 40.43267612239147 -201.3020481687227 359.78923086561554 1598 1600 -1
1600 40.448211935501156 -201.46466774775598 359.904576474304 1599 1601 -1
1601 40.461293570227994 -201.6285977399857 360.018361388343 1600 1602 -1
1602 40.471911315620154 -201.7937344975486 360.1306484699511 1601 1603 -1
1603 40.48022450593166 -201.95989738434776 360.2416085871016 1602 1604 -1
1604 40.48626163027231 -202.1269713004792 360.3513414721171 1603 1605 -1
1605 40.49017211737517 -202.29479869590094 360.46001624274203 1604 1606 -1
1606 40.492018020865046 -202.4632599046544 360.56776139619353 1605 1607 -1
1607 40.49193485849088 -202.63221832801938 360.6747414058789 1606 1608 -1
1608 40.49001623607663 -202.8015547927358 360.78110501470184 1607 1609 -1
1609 40.48637634099037 -202.97115064802244 360.887009647103 1608 1610 -1
1610 40.48114125152081 -203.14089200651094 360.9926141237227 1609 1611 -1
1611 40.474395977780425 -203.31067214440276 361.09807067876017 1610 1612 -1
1612 40.46629166894265 -203.48038843779136 361.203534441965 1611 1613 -1
1613 40.45690431260133 -203.64993896793754 361.3091583973034 1612 1614 -1
1614 40.44637066600075 -203.81923233365407 361.41508633572494 1613 1615 -1
1615 40.43480301230221 -203.98818073423226 361.521456301419 1614 1616 -1
1616 40.42228421032706 -204.1566852132775 361.62842105971777 1615 1617 -1
1617 40.40894653560634 -204.32467415828495 361.73609529317207 1616 1618 -1
1618 40.39489047672915 -204.49206805350195 361.8446016441734 1617 1619 -1
1619 40.380203958185184 -204.65877480278516 361.95407797563985 1618 1620 -1
1620 40.36499575722539 -204.82472881185507 362.06462137250145 1619 1621 -1
1621 40.34936230635493 -204.98986119646136 362.17632958794997 1620 1622 -1
1622 40.33339428452989 -205.15410176378228 362.28929807748244 1621 1623 -1
1623 40.317179011435435 -205.31737893554984 362.4036197564358 1622 1624 -1
1624 40.30080153293971 -205.47961771926404 362.51938736819096 1623 1625 -1
1625 40.284346207614995 -205.64076796020885 362.63665437106397 1624 1626 -1
1626 40.26789084466571 -205.8007690546994 362.7554842958403 1625 1627 -1
1627 40.25150977687074 -205.95956296567746 362.87593260252055 1626 1628 -1
1628 40.235271016567474 -206.1171109967215 362.9980250835691 1627 1629 -1
1629 40.21919301116783 -206.27366041467738 363.1214174981993 1628 1630 -1
1630 40.20324747491314 -206.42973482252785 363.2454278521147 1629 1631 -1
1631 40.18740505526819 -206.58586328982034 363.3693833094055 1630 1632 -1
1632 40.171638016653105 -206.74257269699342 363.49261250608197 1631 1633 -1
1633 40.155920167627016 -206.9003970939493 363.6144154205509 1632 1634 -1
1634 40.14022695133966 -207.059886028114 363.73403149920057 1633 1635 -1
1635 40.1245358373817 -207.22161064076363 363.8506040107877 1634 1636 -1
1636 40.10882720258435 -207.38616559955926 363.96313869268187 1635 1637 -1
1637 40.09308596592237 -207.55416466886027 364.0704535211875 1636 1638 -1
1638 40.07733882438978 -207.72594763871743 364.1716021325701 1637 1639 -1
1639 40.061730021856974 -207.9004261345568 364.26805916312844 1638 1640 -1
1640 40.0464187539404 -208.07633555348173 364.3619378962805 1639 1641 -1
1641 40.03157023569976 -208.2523910702285 364.45561748982647 1640 1642 -1
1642 40.01731346734417 -208.42729405817985 364.5515148897328 1641 1643 -1
1643 40.00374550753915 -208.59984827865682 364.65166549356735 1642 1644 -1
1644 39.990622802676356 -208.76978880927945 364.75625224884897 1643 1645 -1
1645 39.977437195096016 -208.93772536999336 364.8640233549868 1644 1646 -1
1646 39.963713593956975 -209.10425963363852 364.9738852404268 1645 1647 -1
1647 39.94899119565775 -209.26996617912883 365.0848646711242 1646 1648 -1
1648 39.932807596185576 -209.43540675446474 365.196037057589 1647 1649 -1
1649 39.91468593472405 -209.6011302550121 365.30648549848803 1648 1650 -1
1650 39.89407295734572 -209.7676943554779 365.4152164657068 1649 1651 -1
1651 39.870448968958016 -209.935615616426 365.5212075910831 1650 1652 -1
1652 39.84321665901958 -210.10538746883705 365.62330581458076 1651 1653 -1
1653 39.81172238575088 -210.2774556139392 365.72019217668867 1652 1654 -1
1654 39.77514492953291 -210.45223930685376 365.8101702155064 1653 1655 -1
1655 39.732735298286585 -210.62994274522597 365.8914208652924 1654 1656 -1
1656 39.68374824538169 -210.81052762211002 365.96187106841376 1655 1657 -1
1657 39.62725343701265 -210.99367300913391 366.0187321550549 1656 1658 -1
1658 39.562904626558634 -211.17841856404095 366.0598108910283 1657 1659 -1
1659 39.49079109725624 -211.36332551983486 366.0837667126721 1658 1660 -1
1660 39.412399858065605 -211.54701064110853 366.09307430362713 1659 1661 -1
1661 39.328965012541474 -211.72869946756032 366.09031247856274 1660 1662 -1
1662 39.24165160056954 -211.90819790852296 366.078416863228 1661 1663 -1
1663 39.151276247253044 -212.0856157022746 366.05987487546963 1662 1664 -1
1664 39.05859838962602 -212.26136848656924 366.03723821556537 1663 1665 -1
1665 38.964123559087774 -212.43590597836706 366.01268423603796 1664 1666 -1
1666 38.86837679892612 -212.60978892304738 365.9884139251155 1665 1667 -1
1667 38.771813505537686 -212.78353333289385 365.96651872105207 1666 1668 -1
1668 38.67491459538545 -212.9576107062227 365.9492929660132 1667 1669 -1
1669 38.578255404238014 -213.1323513787418 365.9388640644037 1668 1670 -1
1670 38.48255232746745 -213.30791141368678 365.9377875801018 1669 1671 -1
1671 38.388681625888545 -213.48412912294168 365.9484019478489 1670 1672 -1
1672 38.29721169693882 -213.66054731431538 365.9705726296916 1671 1673 -1
1673 38.20815451191302 -213.83687075247235 366.0016469104976 1672 1674 -1
1674 38.12123589079815 -214.01314588214146 366.03855325234395 1673 1675 -1
1675 38.03616088545114 -214.1896641652291 366.0784926166712 1674 1676 -1
1676 37.95248304902121 -214.36683546994794 366.11849294863947 1675 1677 -1
1677 37.869834927014395 -214.5451373256521 366.15547505736714 1676 1678 -1
1678 37.78783574723181 -214.72489689269514 366.1862740181342 1677 1679 -1
1679 37.70625166838417 -214.90623601755422 366.20725207800075 1678 1680 -1
1680 37.62503440064102 -215.08876927016064 366.2149036410575 1679 1681 -1
1681 37.544315774238 -215.27165085957972 366.2102803302681 1680 1682 -1
1682 37.46406584704668 -215.45439280324823 366.1978328715341 1681 1683 -1
1683 37.384012102817344 -215.63700888984968 366.18251119468744 1682 1684 -1
1684 37.30379984591709 -215.8197073400408 366.16919206910535 1683 1685 -1
1685 37.22313760702705 -216.002560806012 366.16250229117645 1684 1686 -1
1686 37.141989277268486 -216.18532917310313 366.16273989882563 1685 1687 -1
1687 37.06038351300085 -216.36784890814002 366.16702915863283 1686 1688 -1
1688 36.978274680757806 -216.55011264747122 366.17251347309235 1687 1689 -1
1689 36.89559208484789 -216.7321584655082 366.17626352007005 1688 1690 -1
1690 36.81229500088048 -216.91395256975193 366.1752265443126 1689 1691 -1
1691 36.72844471432764 -217.0952692824556 366.1664358538171 1690 1692 -1
1692 36.64424416337538 -217.275572683463 366.1469668792745 1691 1693 -1
1693 36.560090247914026 -217.45394168540267 366.11415985805735 1692 1694 -1
1694 36.47659714072531 -217.62900494221736 366.065672384917 1693 1695 -1
1695 36.39418039462122 -217.79994053273964 366.0027230452384 1694 1696 -1
1696 36.31286315642978 -217.96672769262446 365.92821946575197 1695 1697 -1
1697 36.23250262347538 -218.129672418699 365.84469396994126 1696 1698 -1
1698 36.15283792644762 -218.289359386017 365.7544624229704 1697 1699 -1
1699 36.07357476886832 -218.44638596797532 365.65933071595293 1698 1700 -1
1700 35.99438673346012 -218.60137701069624 365.56085107780234 1699 1701 -1
1701 35.91493344392761 -218.75501473587616 365.4604797141951 1700 1702 -1
1702 35.83485913079637 -218.90792554172137 365.3594926995054 1701 1703 -1
1703 35.75378385262525 -219.0607521376193 365.2591801902619 1702 1704 -1
1704 35.671450461906815 -219.21391297707382 365.16041476880207 1703 1705 -1
1705 35.58777950437657 -219.36737233727447 365.0632495949822 1704 1706 -1
1706 35.50273210017802 -219.5210228751659 364.96759318958044 1705 1707 -1
1707 35.41630678392197 -219.6747535736181 364.8733102984012 1706 1708 -1
1708 35.32843708612828 -219.82845457675222 364.7803228549519 1707 1709 -1
1709 35.23913184595302 -219.9820161683168 364.6884796954068 1708 1710 -1
1710 35.14835820648348 -220.13532699669508 364.5976628113819 1709 1711 -1
1711 35.056089488094194 -220.28827421344536 364.5077438754167 1710 1712 -1
1712 34.9623399567103 -220.4407571789009 364.41857118397564 1711 1713 -1
1713 34.867052559454564 -220.59265085808593 364.3300250159507 1712 1714 -1
1714 34.77027260802794 -220.74387012854115 364.2419445640197 1713 1715 -1
1715 34.671959186719626 -220.89429268626222 364.15419885116256 1714 1716 -1
1716 34.57213925464616 -221.04383008705543 364.06664134324143 1715 1717 -1
1717 34.470820229939356 -221.19238535598166 363.9791339095596 1716 1718 -1
1718 34.36799210254031 -221.3398477822359 363.8915384981817 1717 1719 -1
1719 34.263707972616714 -221.48615414469816 363.80372621837535 1718 1720 -1
1720 34.15796463828367 -221.63120416374807 363.7155754035704 1719 1721 -1
1721 34.050841093391156 -221.77500537918985 363.62704576909823 1720 1722 -1
1722 33.942428165607524 -221.91759563060597 363.5381276701832 1721 1723 -1
1723 33.83277773974038 -222.05897865289478 363.4488000465171 1722 1724 -1
1724 33.72197233020604 -222.19919014915095 363.3590520457653 1723 1725 -1
1725 33.61009199983147 -222.33826760167375 363.26887403194615 1724 1726 -1
1726 33.49720207521802 -222.47623643602213 363.1782521444449 1725 1727 -1
1727 33.383345749117986 -222.6130983179254 363.08716186398783 1726 1728 -1
1728 33.26860803792003 -222.7489054075859 362.995600078865 1727 1729 -1
1729 33.15304804447892 -222.8836834412345 362.90355309460614 1728 1730 -1
1730 33.03672301471966 -223.0174581093167 362.8110072964253 1729 1731 -1
1731 32.919686877947214 -223.15025277875654 362.71794794539346 1730 1732 -1
1732 32.80198689191752 -223.28208258961556 362.6243554940188 1731 1733 -1
1733 32.68368536672188 -223.4129871564792 362.5302243564917 1732 1734 -1
1734 32.56483255110672 -223.54299135357797 362.4355414863638 1733 1735 -1
1735 32.445477175716526 -223.67211976332393 362.34029400482046 1734 1736 -1
1736 32.32566651643772 -223.8003966437379 362.244469213875 1735 1737 -1
1737 32.205446456340376 -223.92784590005783 362.1480546084752 1736 1738 -1
1738 32.08486153831742 -224.05449104840812 362.05103788192065 1737 1739 -1
1739 31.963875748287613 -224.1802328686652 361.9533480262689 1738 1740 -1
1740 31.84214520932015 -224.30448571934514 361.8546844707257 1739 1741 -1
1741 31.719245996259815 -224.42649632423507 361.7546825346585 1740 1742 -1
1742 31.5947368335343 -224.54540451162524 361.6529534008477 1741 1743 -1
1743 31.468196984212877 -224.6602805778765 361.5491243582766 1742 1744 -1
1744 31.339197836272355 -224.77002215249505 361.4428062334875 1743 1745 -1
1745 31.207323144700037 -224.87332217669731 361.33361222388135 1744 1746 -1
1746 31.072193882333742 -224.96861796017885 361.22117824620875 1745 1747 -1
1747 30.93343638367237 -225.05380016090706 361.10512360963776 1746 1748 -1
1748 30.790922089747628 -225.12659305685887 360.9852781208303 1747 1749 -1
1749 30.644780353368112 -225.18430149218568 360.86168047714744 1748 1750 -1
1750 30.495525027124334 -225.22367663733317 360.73468335166217 1749 1751 -1
1751 30.344477155382688 -225.2443814654598 360.60535149379893 1750 1752 -1
1752 30.19335491412686 -225.2582726533825 360.4751183482519 1751 1753 -1
1753 30.04336860434827 -225.28141932117117 360.34499016648647 1752 1754 -1
1754 29.896360941096205 -225.3245203345296 360.21659739013484 1753 1755 -1
1755 29.753011220267883 -225.38399320315906 360.09053549186626 1754 1756 -1
1756 29.612317272112776 -225.45238576750398 359.9659730547036 1755 1757 -1
1757 29.472945983866918 -225.52403317664562 359.8417385851645 1756 1758 -1
1758 29.333767801801816 -225.59482116714065 359.7167974392189 1757 1759 -1
1759 29.194605008624173 -225.66411131233468 359.5910024338821 1758 1760 -1
1760 29.055483431394556 -225.7319610245753 359.46437931857156 1759 1761 -1
1761 28.916428641143725 -225.79841235456536 359.33694373458593 1760 1762 -1
1762 28.77746625977941 -225.86350529209506 359.20870871537824 1761 1763 -1
1763 28.638617913557464 -225.92731931635046 359.0797096367565 1762 1764 -1
1764 28.499905569468726 -225.98990872108067 358.94996629883366 1763 1765 -1
1765 28.36135325532046 -226.05130963453757 358.81948609056434 1764 1766 -1
1766 28.22298047769385 -226.11158859793989 358.6882941495591 1765 1767 -1
1767 28.084805150825083 -226.17081138774137 358.55641483610606 1766 1768 -1
1768 27.94684577059347 -226.22903384710773 358.4238656280898 1767 1769 -1
1769 27.809125511190928 -226.2862926424978 358.29064959726855 1768 1770 -1
1770 27.6716572517311 -226.34266353873318 358.15679613425243 1769 1771 -1
1771 27.534456619578815 -226.39820530792883 358.022322875852 1770 1772 -1
1772 27.39753923005675 -226.45297418414341 357.8872452088793 1771 1773 -1
1773 27.260926783956826 -226.50701215929578 357.7515657215714 1772 1774 -1
1774 27.124628078289977 -226.5603908873683 357.6153109596754 1773 1775 -1
1775 26.98865622707534 -226.6131664773092 357.47849581480153 1774 1776 -1
1776 26.85301402207451 -226.66533875770807 357.34112320119254 1775 1777 -1
1777 26.717691593317664 -226.71680331685894 357.2031695238882 1776 1778 -1
1778 26.582670633253926 -226.76745987455922 357.0646227521581 1777 1779 -1
1779 26.447934881358385 -226.81720958327546 356.92547113156814 1778 1780 -1
1780 26.313471508802976 -226.86594814207598 356.78569964384906 1779 1781 -1
1781 26.179270050404554 -226.913565458642 356.6452914346646 1780 1782 -1
1782 26.045323483850677 -226.95993711335052 356.50422455709037 1781 1783 -1
1783 25.911618877132284 -227.00497529918738 356.36249781448595 1782 1784 -1
1784 25.778149376072108 -227.04857176500022 356.2201003521018 1783 1785 -1
1785 25.644909843898063 -227.0906170094996 356.0770227138849 1784 1786 -1
1786 25.511900024867924 -227.13097616781522 355.93324758737066 1785 1787 -1
1787 25.379117293901274 -227.1695433461196 355.78877260646664 1786 1788 -1
1788 25.246560694733937 -227.2062178778239 355.64359903652496 1787 1789 -1
1789 25.11423323095551 -227.24088470554437 355.49772490285244 1788 1790 -1
1790 24.982141126156222 -227.2734190875631 355.35114797780386 1789 1791 -1
1791 24.850295932998748 -227.3036677709359 355.2038611483057 1790 1792 -1
1792 24.71870389561169 -227.33155103149542 355.0558831016758 1791 1793 -1
1793 24.58738503305336 -227.35703164650235 354.9072305300343 1792 1794 -1
1794 24.456381158093137 -227.38034592266106 354.7579452580489 1793 1795 -1
1795 24.325741232988236 -227.40177124799095 354.6080588264402 1794 1796 -1
1796 24.195495638595787 -227.42165500522043 354.4576176003905 1795 1797 -1
1797 24.06567340686413 -227.44031500421934 354.3066543554424 1796 1798 -1
1798 23.936300756884474 -227.45806380923406 354.1551958860266 1797 1799 -1
1799 23.8074070540815 -227.47521050406357 354.0032603306123 1798 1800 -1
1800 23.6790127255154 -227.49207834655405 353.8508713740536 1799 1801 -1
1801 23.55113323690017 -227.50898444048022 353.6980543695179 1800 1802 -1
1802 23.423788566598663 -227.52623908508113 353.54483031826294 1801 1803 -1
1803 23.297001018987757 -227.54415366073405 353.3912205710314 1802 1804 -1
1804 23.170802722662597 -227.56305725410692 353.2372447437656 1803 1805 -1
1805 23.04520825756414 -227.58324133946198 353.082938384818 1804 1806 -1
1806 22.920245878862612 -227.6050070872552 352.9283344426036 1805 1807 -1
1807 22.795947777250053 -227.62865187106425 352.77347144680755 1806 1808 -1
1808 22.672356177235073 -227.6544864885632 352.6183932627987 1807 1809 -1
1809 22.549515211855546 -227.68279266674807 352.46315052543963 1808 1810 -1
1810 22.427422413009044 -227.71340113320042 352.3077540187297 1809 1811 -1
1811 22.306043097090846 -227.7457921864974 352.15215946372336 1810 1812 -1
1812 22.18533371774677 -227.77943762238561 351.9963096879484 1811 1813 -1
1813 22.065246077422895 -227.81381624856715 351.84013967694045 1812 1814 -1
1814 21.945738763890834 -227.84840633027812 351.68357163535444 1813 1815 -1
1815 21.826751149257095 -227.88267999570695 351.52653899931965 1814 1816 -1
1816 21.70823531379409 -227.91611953433886 351.36897095841175 1815 1817 -1
1817 21.590148169359065 -227.94820233581666 351.21080056013386 1816 1818 -1
1818 21.47245350367893 -227.9783981790278 351.05196803536836 1817 1819 -1
1819 21.355127787248463 -228.00613769969888 350.8924168832332 1818 1820 -1
1820 21.238155758551557 -228.03085357477727 350.7321119028354 1819 1821 -1
1821 21.121534019250905 -228.05200426574274 350.5710449516077 1820 1822 -1
1822 21.005279993417417 -228.06901427803706 350.40922479871494 1821 1823 -1
1823 20.889431366481034 -228.08129972591436 350.24668874500776 1822 1824 -1
1824 20.774059018085445 -228.08816372850856 350.0834975652808 1823 1825 -1
1825 20.659245655294235 -228.0890857817722 349.91977406166075 1824 1826 -1
1826 20.545112452525956 -228.08376282918354 349.7556594107529 1825 1827 -1
1827 20.43181077501382 -228.07261536718391 349.5912585498775 1826 1828 -1
1828 20.319485572886528 -228.0561699107898 349.42663037476694 1827 1829 -1
1829 20.208241209422873 -228.03504809332844 349.2618008497682 1828 1830 -1
1830 20.098150520741285 -228.00988008794806 349.09676403682596 1829 1831 -1
1831 19.989277833899767 -227.98123792849435 348.9314845512692 1830 1832 -1
1832 19.88167957063446 -227.94967364240563 348.76590189396825 1831 1833 -1
1833 19.775413182707695 -227.91572555488162 348.5999305001843 1832 1834 -1
1834 19.670489493796733 -227.879991124064 348.4334801866009 1833 1835 -1
1835 19.566937687115857 -227.84301492787708 348.2664426728641 1834 1836 -1
1836 19.46478624613269 -227.80534192226258 348.0986998583255 1835 1837 -1
1837 19.36410075015459 -227.76753078283267 347.93010401830225 1836 1838 -1
1838 19.26488556369593 -227.73015739995694 347.7605420141386 1837 1839 -1
1839 19.167183962205158 -227.69379669898348 347.5898849055441 1838 1840 -1
1840 19.071067943868687 -227.6590663595821 347.4179928978206 1839 1841 -1
1841 18.976622066557006 -227.6266260541553 347.24473413896465 1840 1842 -1
1842 18.88390502326512 -227.59709664582857 347.0700283396592 1841 1843 -1
1843 18.79305469491743 -227.5711722366883 346.89377758870535 1842 1844 -1
1844 18.70425106554673 -227.54889314626087 346.7159913417048 1843 1845 -1
1845 18.617648766170113 -227.52970300518325 346.53676393915833 1844 1846 -1
1846 18.533523974541424 -227.51315572688773 346.3560982739338 1845 1847 -1
1847 18.451978010875827 -227.49859880395033 346.1740836624582 1846 1848 -1
1848 18.373275829393485 -227.48549077549976 345.990711999119 1847 1849 -1
1849 18.29753856857153 -227.47318908603089 345.80604047187273 1848 1850 -1
1850 18.22502993046458 -227.46106397750364 345.62006627242226 1849 1851 -1
1851 18.155863677741223 -227.4484613206926 345.43285511590494 1850 1852 -1
1852 18.090352211357803 -227.43466969785484 345.244417955116 1851 1853 -1
1853 18.028594565499464 -227.4190324432565 345.0548616696907 1852 1854 -1
1854 17.970904731817107 -227.400784349783 344.864261026394 1853 1855 -1
1855 17.91745264863983 -227.37923412059266 344.6727737141098 1854 1856 -1
1856 17.868449297699048 -227.35368280609998 344.48059055358846 1855 1857 -1
1857 17.824042892934113 -227.32363663125875 344.28794073846854 1856 1858 -1
1858 17.783826693801586 -227.2894381967432 344.09506218141104 1857 1859 -1
1859 17.747487323331388 -227.25136300795404 343.90213880589005 1858 1860 -1
1860 17.714629368132602 -227.20975193779037 343.7093204950187 1859 1861 -1
1861 17.684802733964684 -227.16499008390377 343.516713971828 1860 1862 -1
1862 17.65766742478627 -227.1173343267282 343.32440296666556 1861 1863 -1
1863 17.632750091350122 -227.0671743889899 343.13242837925833 1862 1864 -1
1864 17.60966055238622 -227.0148032809787 342.94081526189746 1863 1865 -1
1865 17.58799677821606 -226.96051649988405 342.7495686703474 1864 1866 -1
1866 17.56733555010082 -226.90464180398837 342.5586683291902 1865 1867 -1
1867 17.547299646859834 -226.84742393296654 342.36809917918316 1866 1868 -1
1868 17.527478387762685 -226.78918497690694 342.17781695611234 1867 1869 -1
1869 17.5074909186529 -226.7301739083476 341.9877900895835 1868 1870 -1
1870 17.487205958736393 -226.6706703669948 341.7979483273762 1869 1871 -1
1871 17.46685598002145 -226.61092151494793 341.60819054612097 1870 1872 -1
1872 17.446711030067878 -226.551180826239 341.4184083493393 1871 1873 -1
1873 17.42703736010449 -226.49169717910573 341.22849611198376 1872 1874 -1
1874 17.40811264238916 -226.43272868299997 341.0383474409 1873 1875 -1
1875 17.390196278803465 -226.37452120684753 340.8478671058846 1874 1876 -1
1876 17.373596802668807 -226.31736093270473 340.65695117926924 1875 1877 -1
1877 17.358560303964133 -226.2614865256228 340.4655261409158 1876 1878 -1
1878 17.34543611263926 -226.20722522983198 340.2734978321891 1877 1879 -1
1879 17.3344802852746 -226.1548299391071 340.08081720876555 1878 1880 -1
1880 17.32603133118939 -226.10462811894664 339.88742821271404 1879 1881 -1
1881 17.320426423418397 -226.05695258867746 339.69329903230124 1880 1882 -1
1882 17.31795145334338 -226.0120947092372 339.49843531539955 1881 1883 -1
1883 17.318968918137124 -225.97023051105145 339.30289338677545 1882 1884 -1
1884 17.323585158125958 -225.93085200747362 339.10688743202854 1883 1885 -1
1885 17.331910111878912 -225.89339013870517 338.9106277415197 1884 1886 -1
1886 17.344147059382145 -225.8572903273835 338.71431747628407 1885 1887 -1
1887 17.360338581218915 -225.82192984579672 338.51815942827653 1886 1888 -1
1888 17.380570122518456 -225.7867186629588 338.3223498097582 1887 1889 -1
1889 17.40501022806078 -225.75105010155627 338.1271040674959 1888 1890 -1
1890 17.43367216063868 -225.71433231074118 337.9326293869951 1889 1891 -1
1891 17.466589390173674 -225.6760005324125 337.7391426363171 1890 1892 -1
1892 17.50389028496493 -225.63544634749437 337.54690905035176 1891 1893 -1
1893 17.545514554622038 -225.5921657315018 337.3561647416148 1892 1894 -1
1894 17.591439126861015 -225.54567130574807 337.1671718782069 1893 1895 -1
1895 17.641744146873588 -225.49578864297712 336.98016814667284 1894 1896 -1
1896 17.696341023010948 -225.44338130546788 336.795067538384 1895 1897 -1
1897 17.75539610810115 -225.38927303873962 336.61183356252434 1896 1898 -1
1898 17.818894775563486 -225.33433975563582 336.4303394084864 1897 1899 -1
1899 17.88697769166692 -225.2793899599671 336.25051964999346 1898 1900 -1
1900 17.95969441416472 -225.22522709635123 336.07228297599636 1899 1901 -1
1901 18.03716871489213 -225.17264999466727 335.8955832027831 1900 1902 -1
1902 18.119463281999714 -225.1224409581375 335.72038164459155 1901 1903 -1
1903 18.20669177663645 -225.0754106889002 335.54669278918124 1902 1904 -1
1904 18.29887308467707 -225.03230327176547 335.37455270584724 1903 1905 -1
1905 18.39603374379291 -224.99328419623237 335.2041836463014 1904 1906 -1
1906 18.497962247313826 -224.95760318530844 335.03587975677317 1905 1907 -1
1907 18.604616634767787 -224.9245692509794 334.8699798610533 1906 1908 -1
1908 18.715707758711392 -224.89337008453535 334.7066555557218 1907 1909 -1
1909 18.83119677987915 -224.86331905148646 334.54619102062856 1908 1910 -1
1910 18.9508147452908 -224.83369301921567 334.3886998726041 1909 1911 -1
1911 19.074401202325795 -224.80405663971248 334.23430469231863 1910 1912 -1
1912 19.201995459457663 -224.77447405743538 334.08319427380496 1911 1913 -1
1913 19.333481176693628 -224.74507943400283 333.9354209034572 1912 1914 -1
1914 19.468825075503172 -224.71600104623812 333.79110912029296 1913 1915 -1
1915 19.608011056397626 -224.6873655704666 333.65040791473723 1914 1916 -1
1916 19.75108403238464 -224.65930947123135 333.51354127398173 1915 1917 -1
1917 19.89798621401131 -224.63195474029715 333.3806480949206 1916 1918 -1
1918 20.048687467343072 -224.60542570212849 333.2519075355219 1917 1919 -1
1919 20.20317065746974 -224.57985076795052 333.1275312022713 1918 1920 -1
1920 20.36141219766542 -224.55536030209592 333.00774632764364 1919 1921 -1
1921 20.523379340752015 -224.5320868393951 332.89279534785095 1920 1922 -1
1922 20.689077253777977 -224.5101855683753 332.7830088887577 1921 1923 -1
1923 20.8583956820883 -224.48977709872875 332.6785930914314 1922 1924 -1
1924 21.03125242568247 -224.4709982353539 332.57982449634943 1923 1925 -1
1925 21.20754713794416 -224.4539876916068 332.4869928106395 1924 1926 -1
1926 21.38715488697376 -224.43888374354594 332.40039286864805 1925 1927 -1
1927 21.56992338681533 -224.42582281687766 332.3203205068078 1926 1928 -1
1928 21.755659939399226 -224.41493693286455 332.2470395445598 1927 1929 -1
1929 21.944055742372733 -224.40634703016966 332.18055191781565 1928 1930 -1
1930 22.13477675932363 -224.40018748322345 332.1207581549251 1929 1931 -1
1931 22.32749015153191 -224.39657352132022 332.0675025417069 1930 1932 -1
1932 22.52189180742351 -224.39562847212343 332.0206559345917 1931 1933 -1
1933 22.717701473355408 -224.39749177650123 331.98012857559274 1932 1934 -1
1934 22.914650954960862 -224.4023136905728 331.9458517749857 1933 1935 -1
1935 23.112479101691058 -224.4102571508727 331.91777900482833 1934 1936 -1
1936 23.310926659691027 -224.42149963779192 331.8958867524681 1935 1937 -1
1937 23.509730894200935 -224.4362350295723 331.880175182341 1936 1938 -1
1938 23.70861986444935 -224.45467542025776 331.87066861921807 1937 1939 -1
1939 23.907303853121185 -224.47707226386999 331.86744513972866 1938 1940 -1
1940 24.105464151336097 -224.50370383856617 331.8706331136998 1939 1941 -1
1941 24.302810572016764 -224.53452111895126 331.8801827939215 1940 1942 -1
1942 24.49908632345645 -224.56931486767843 331.8960520254848 1941 1943 -1
1943 24.694056096157038 -224.60784894773676 331.91816852148247 1942 1944 -1
1944 24.887477121761506 -224.64992838293077 331.94654429763943 1943 1945 -1
1945 25.079174127887654 -224.69524052589037 331.9809907439962 1944 1946 -1
1946 25.268998374154847 -224.74348346831368 332.0213276908192 1945 1947 -1
1947 25.456807943466725 -224.79438261142315 332.0674267624911 1946 1948 -1
1948 25.642451773988608 -224.8476871858275 332.11922933617916 1947 1949 -1
1949 25.825893875962738 -224.90304821404965 332.17643629195913 1948 1950 -1
1950 26.007073789794333 -224.9601783269563 332.23887782577543 1949 1951 -1
1951 26.18589718567394 -225.0188208522898 332.30649781737463 1950 1952 -1
1952 26.36238296666553 -225.07865945465926 332.37903282996643 1951 1953 -1
1953 26.5365368619953 -225.13940949219614 332.4562943125474 1952 1954 -1
1954 26.70832874769302 -225.2008037911834 332.5381967693238 1953 1955 -1
1955 26.87778760653595 -225.2625602639206 332.62456585152387 1954 1956 -1
1956 27.04497074328066 -225.3244049257984 332.71520215493445 1955 1957 -1
1957 27.209885937502545 -225.3860810895351 332.8100131970736 1956 1958 -1
1958 27.372544834849556 -225.44737734231813 332.908881891327 1957 1959 -1
1959 27.53301493932086 -225.50811074749893 333.011599959391 1958 1960 -1
1960 27.69130736291831 -225.5680861873677 333.11807443140026 1959 1961 -1
1961 27.847436245414542 -225.62710040729962 333.22821748727233 1960 1962 -1
1962 28.001484328854687 -225.68498148507157 333.34183691052823 1961 1963 -1
1963 28.15346428403651 -225.7415186525866 333.4588673577984 1962 1964 -1
1964 28.30341017434493 -225.7965037560606 333.5792141536665 1963 1965 -1
1965 28.451401035770463 -225.84976362270683 333.70271560456615 1964 1966 -1
1966 28.59742970569174 -225.90104003940985 333.8293523473342 1965 1967 -1
1967 28.74157087043475 -225.95014805479408 333.9589755234987 1966 1968 -1
1968 28.883859411441698 -225.9968571097844 334.0914996953442 1967 1969 -1
1969 29.024306494219612 -226.04089136171305 334.22687316460684 1968 1970 -1
1970 29.162986621575314 -226.08206390964347 334.3649418889491 1969 1971 -1
1971 29.2998719877286 -226.12001040287115 334.5056994718545 1970 1972 -1
1972 29.435041840989637 -226.1545960820634 334.64895845472824 1971 1973 -1
1973 29.568338711067057 -226.18639159544276 334.7946018580831 1972 1974 -1
1974 29.699638289572878 -226.217208507028 334.94225707058496 1973 1975 -1
1975 29.82873044286405 -226.2488955312879 335.0916633631776 1974 1976 -1
1976 29.955497370214356 -226.28331135449426 335.24244736115566 1975 1977 -1
1977 30.079735432767407 -226.32231063909674 335.394212569866 1976 1978 -1
1978 30.201218269700703 -226.36763060405184 335.5464444114646 1977 1979 -1
1979 30.319668939602078 -226.42079779739157 335.6985205957043 1978 1980 -1
1980 30.434738036865596 -226.4831331631981 335.84970079830254 1979 1981 -1
1981 30.546094152874176 -226.55543355405393 335.9992137265785 1980 1982 -1
1982 30.6547274311216 -226.6331734137942 336.1480317897236 1981 1983 -1
1983 30.763346913768235 -226.7049406781971 336.299777435476 1982 1984 -1
1984 30.87423201713035 -226.75709966958817 336.4575740793448 1983 1985 -1
1985 30.987245345900618 -226.7719383272586 336.62135188174113 1984 1986 -1
1986 31.098786975616004 -226.75058457595276 336.7857457094023 1985 1987 -1
1987 31.207665001167022 -226.71123888339577 336.94878990306347 1986 1988 -1
1988 31.315519155608584 -226.6721998310101 337.1125818566635 1987 1989 -1
1989 31.42369486641039 -226.64875963583594 337.279037470219 1988 1990 -1
1990 31.531698872141966 -226.6437387190144 337.44718166878414 1989 1991 -1
1991 31.638775395354553 -226.65526549720255 337.6156235559183 1990 1992 -1
1992 31.744459140395968 -226.68104419045628 337.7833816606435 1991 1993 -1
1993 31.848605319787335 -226.71839499433113 337.94993589398797 1992 1994 -1
1994 31.951224553830983 -226.7651656175754 338.11506441863673 1993 1995 -1
1995 32.05252953326571 -226.81903131737528 338.278844943802 1994 1996 -1
1996 32.152781167671804 -226.87811280737927 338.44147698692734 1995 1997 -1
1997 32.25229508491917 -226.94067735389223 338.6032608897586 1996 1998 -1
1998 32.35142342920165 -227.00507259621017 338.7645641910186 1997 1999 -1
1999 32.450509809777735 -227.06981169776245 338.9257559413564 1998 2000 -1
2000 32.54990465112881 -227.13339912250896 339.08721487453545 1999 2001 -1
2001 32.64993115383198 -227.19438589341178 339.24928337955663 2000 2002 -1
2002 32.75089682710792 -227.2512359597873 339.4122671543267 2001 2003 -1
2003 32.85307854376698 -227.30228290069564 339.576404653212 2002 2004 -1
2004 32.95653058428825 -227.34688216402162 339.7416212569541 2003 2005 -1
2005 33.061196274004125 -227.38516544278517 339.9076572220542 2004 2006 -1
2006 33.16701217201843 -227.41740693885882 340.0742475110293 2005 2007 -1
2007 33.27389675893792 -227.44407755201962 340.2411415060311 2006 2008 -1
2008 33.38182487713888 -227.46545316067463 340.4081273795707 2007 2009 -1
2009 33.490752006599116 -227.48199917014745 340.575013841279 2008 2010 -1
2010 33.60064552109821 -227.49418819836993 340.74164287559665 2009 2011 -1
2011 33.71151805484589 -227.502358443664 340.90786938614104 2010 2012 -1
2012 33.82335311060996 -227.50701764540563 341.0735864012363 2011 2013 -1
2013 33.936154072361944 -227.50861293731424 341.2387062785088 2012 2014 -1
2014 34.04995214336898 -227.50752950683 341.40314540812113 2013 2015 -1
2015 34.16476826689123 -227.5041986437086 341.56684543511926 2014 2016 -1
2016 34.280618410953004 -227.4990511445565 341.72976837805584 2015 2017 -1
2017 34.39753375434879 -227.492475848609 341.89187735108777 2016 2018 -1
2018 34.515555269648644 -227.48484508239198 342.0531365387976 2017 2019 -1
2019 34.63464139400623 -227.4765304477579 342.21357739747253 2018 2020 -1
2020 34.75462734443947 -227.46788978600037 342.3733292967065 2019 2021 -1
2021 34.875361240609784 -227.45925855587006 342.5325172963813 2020 2022 -1
2022 34.9966982695487 -227.4509649454038 342.6912640769038 2021 2023 -1
2023 35.118498201379296 -227.44333255175724 342.8496891610848 2022 2024 -1
2024 35.2406235432379 -227.43668668169667 343.00790794227663 2023 2025 -1
2025 35.36293542131397 -227.43136495293706 343.166032456046 2024 2026 -1
2026 35.48528970312393 -227.4276813636446 343.32417043793885 2025 2027 -1
2027 35.607540914020774 -227.4259660167072 343.4824212199686 2026 2028 -1
2028 35.72953641516947 -227.42655593316928 343.6408768521564 2027 2029 -1
2029 35.85111406418651 -227.4297966053853 343.7996207629112 2028 2030 -1
2030 35.972099833785705 -227.4360431877777 343.95872612321494 2029 2031 -1
2031 36.0923004127813 -227.44568022825507 344.11825625198765 2030 2032 -1
2032 36.21149857084814 -227.45912027663064 344.2782616576089 2031 2033 -1
2033 36.32947787446464 -227.4767113870978 344.43876551128574 2032 2034 -1
2034 36.44599790652305 -227.4988257311256 344.5997739404676 2033 2035 -1
2035 36.56094240446974 -227.52533659317206 344.761252082034 2034 2036 -1
2036 36.67435743192167 -227.55556839502012 344.92315933941256 2035 2037 -1
2037 36.78632409825981 -227.58878932522606 345.08548967505635 2036 2038 -1
2038 36.896981919140764 -227.62419085406452 345.24825686118345 2037 2039 -1
2039 37.00646324252092 -227.66101276918883 345.41150454036483 2038 2040 -1
2040 37.11490360313922 -227.69848184885186 345.5752992347706 2039 2041 -1
2041 37.222452264456706 -227.7357812007409 345.73971935590055 2040 2042 -1
2042 37.32928035662931 -227.77208713705616 345.9048296823473 2041 2043 -1
2043 37.435537077149924 -227.8065431377145 346.07070256735784 2042 2044 -1
2044 37.541361592817815 -227.83818466353446 346.2374089547799 2043 2045 -1
2045 37.64689694337439 -227.86614174392068 346.4049531366509 2044 2046 -1
2046 37.75224877026018 -227.88934949081386 346.5733332575272 2045 2047 -1
2047 37.85749763219585 -227.90676837709316 346.7424710877788 2046 2048 -1
2048 37.96268193023571 -227.91738042324798 346.9122082762698 2047 2049 -1
2049 38.06778483386089 -227.9199575252067 347.0823035454729 2048 2050 -1
2050 38.17274254093974 -227.91419039222367 347.2524106492319 2049 2051 -1
2051 38.27748048282812 -227.90014252425698 347.4221725252873 2050 2052 -1
2052 38.381963188882374 -227.87850532397042 347.5912945176682 2051 2053 -1
2053 38.48616468010097 -227.84948158302453 347.7594830000941 2052 2054 -1
2054 38.59010391583203 -227.81382959485506 347.92655710066333 2053 2055 -1
2055 38.69380449873421 -227.77183469684897 348.09230190645445 2054 2056 -1
2056 38.797325282738555 -227.7241864356157 348.2566253858677 2055 2057 -1
2057 38.900733089447165 -227.67129119738587 348.4194089718288 2056 2058 -1
2058 39.00411295882127 -227.6136636953697 348.58059715880495 2057 2059 -1
2059 39.10755891254616 -227.55183169715508 348.74017828633174 2058 2060 -1
2060 39.21118017574115 -227.48612968755677 348.89809152793936 2059 2061 -1
2061 39.315083954704725 -227.41708776514147 349.0543863585834 2060 2062 -1
2062 39.41938410023392 -227.3451072271238 349.20908417173945 2061 2063 -1
2063 39.52421179883873 -227.27051846860087 349.3621821673995 2062 2064 -1
2064 39.629683558049514 -227.1937295514901 349.5137426639202 2063 2065 -1
2065 39.73589920272605 -227.1150510628551 349.66380732793635 2064 2066 -1
2066 39.84286278064887 -227.0345433864266 349.81236310083904 2065 2067 -1
2067 39.95055354772001 -226.95215123204372 349.9593520168797 2066 2068 -1
2068 40.05893249136557 -226.86786515861752 350.1047525249698 2067 2069 -1
2069 40.167966550643925 -226.78166271417817 350.24853048726027 2068 2070 -1
2070 40.27762703263459 -226.69350910262938 350.3906392300685 2069 2071 -1
2071 40.387885573397135 -226.60336698082205 350.5310274564616 2070 2072 -1
2072 40.49871874207544 -226.51117783999618 350.66962246257316 2071 2073 -1
2073 40.61009683088287 -226.41689995804103 350.8063628544741 2072 2074 -1
2074 40.72198606511797 -226.3205052616389 350.9411964298175 2073 2075 -1
2075 40.83435659335789 -226.22194631681083 351.07405035720564 2074 2076 -1
2076 40.94717741295591 -226.12117341756098 351.2048457431238 2075 2077 -1
2077 41.06041604116162 -226.0181346960644 351.33349727722424 2076 2078 -1
2078 41.17404313609887 -225.9127423595139 351.45987954800376 2077 2079 -1
2079 41.28801752918362 -225.8049623224358 351.58391296166 2078 2080 -1
2080 41.40229842918852 -225.69474593666388 351.70549860666995 2079 2081 -1
2081 41.51684345511873 -225.58203417170193 351.82452075594114 2080 2082 -1
2082 41.63160667709269 -225.46676702539898 351.9408551780399 2081 2083 -1
2083 41.74654019939469 -225.34883582792992 352.05431549402624 2082 2084 -1
2084 41.86158567829141 -225.22821258261536 352.1647919935996 2083 2085 -1
2085 41.976682250770544 -225.1048477191882 352.27214285224323 2084 2086 -1
2086 42.091763906294105 -224.97868244474435 352.3762047134951 2085 2087 -1
2087 42.206710344875766 -224.8496041378367 352.47678519981275 2086 2088 -1
2088 42.321192942386915 -224.71764863700707 352.57410831539005 2087 2089 -1
2089 42.434822618566265 -224.58282540508455 352.6684556564208 2088 2090 -1
2090 42.54718152572534 -224.44508217678907 352.76006786433476 2089 2091 -1
2091 42.657858384118136 -224.30441300739136 352.849249069904 2090 2092 -1
2092 42.766468213118976 -224.16084980712117 352.93633497481005 2091 2093 -1
2093 42.87254285629472 -224.0143287343678 353.0215999007845 2092 2094 -1
2094 42.97566416441185 -223.86487207925194 353.1053785800615 2093 2095 -1
2095 43.07543345075491 -223.7125266840412 353.18800463112603 2094 2096 -1
2096 43.171269772257325 -223.55722263143676 353.26977182925646 2095 2097 -1
2097 43.26283568168884 -223.39908686704723 353.351000813619 2096 2098 -1
2098 43.34965049209032 -223.23802091457057 353.4316848943541 2097 2099 -1
2099 43.43130372328166 -223.07391196409574 353.5116191875168 2098 2100 -1
2100 43.50744136223576 -222.90671527966853 353.59059003245164 2099 2101 -1
2101 43.57744307938851 -222.7362872184134 353.6683171585021 2100 2102 -1
2102 43.641025272365425 -222.5627092898962 353.7445727846751 2101 2103 -1
2103 43.69745806204041 -222.38589749596534 353.81899898975485 2102 2104 -1
2104 43.74714822731742 -222.2062196040371 353.89134555317185 2103 2105 -1
2105 43.790848838645445 -222.02403149166983 353.9612468659639 2104 2106 -1
2106 43.829771260219815 -221.8397823714494 354.02852748408986 2105 2107 -1
2107 43.86489630018726 -221.65374132527154 354.0929096594053 2106 2108 -1
2108 43.89739822693201 -221.46621051847194 354.15428084808286 2107 2109 -1
2109 43.928339321034855 -221.27739327089017 354.2124319767015 2108 2110 -1
2110 43.958821202437065 -221.08750883538457 354.26725593692436 2109 2111 -1
2111 43.98990919871418 -220.8967543986826 354.3186078127855 2110 2112 -1
2112 44.022661235822085 -220.7053380866471 354.3663305637293 2111 2113 -1
2113 44.05804242598279 -220.51350701827653 354.41036402921543 2112 2114 -1
2114 44.09714104120675 -220.32153442725772 354.45045162610506 2113 2115 -1
2115 44.140756718892916 -220.12975433971448 354.48659404601807 2114 2116 -1
2116 44.18970086827054 -219.93853108125754 354.5186240339247 2115 2117 -1
2117 44.24379011132751 -219.74803573749554 354.54644910518346 2116 2118 -1
2118 44.302220435726205 -219.55825919280835 354.5701040873964 2117 2119 -1
2119 44.36434757509043 -219.36917514229248 354.5895168331818 2118 2120 -1
2120 44.42957044141993 -219.18073678746012 354.6045722028524 2119 2121 -1
2121 44.497222580525815 -218.99285916927067 354.6152921598998 2120 2122 -1
2122 44.56673726207466 -218.80546142833163 354.621596930428 2121 2123 -1
2123 44.63757308464608 -218.61846049296466 354.6233441658247 2122 2124 -1
2124 44.70917704372398 -218.43176761830833 354.62040154222296 2123 2125 -1
2125 44.78099657335721 -218.24529406018456 354.61269781750866 2124 2126 -1
2126 44.85249239845884 -218.05896403359336 354.6000811175377 2125 2127 -1
2127 44.92309633363882 -217.872714254217 354.5823145423316 2126 2128 -1
2128 44.99221801483797 -217.68649720541129 354.559195979144 2127 2129 -1
2129 45.05927876978111 -217.50029111189264 354.53058388653875 2128 2130 -1
2130 45.12387235557774 -217.31415848641652 354.4963630215398 2129 2131 -1
2131 45.185866051065986 -217.1282710155247 354.45646987120887 2130 2132 -1
2132 45.24531003240066 -216.942789755893 354.41117330937806 2131 2133 -1
2133 45.3021941880798 -216.75786954935307 354.36059911688 2132 2134 -1
2134 45.35644973949963 -216.5736778554016 354.30475175046956 2133 2135 -1
2135 45.40816702802205 -216.39032843576118 354.24394551572107 2134 2136 -1
2136 45.45735650753623 -216.207945596936 354.1783231861917 2135 2137 -1
2137 45.50400024146358 -216.02666055936243 354.1079694980754 2136 2138 -1
2138 45.54820424254342 -215.84654000734548 354.0331887735295 2137 2139 -1
2139 45.58999514309058 -215.66767483490267 353.95412804798804 2138 2140 -1
2140 45.629396355792736 -215.49015183139215 353.87092293397205 2139 2141 -1
2141 45.66651863508761 -215.31399778189888 353.78384989836667 2140 2142 -1
2142 45.701407350414435 -215.13926707889794 353.6930631451799 2141 2143 -1
2143 45.73409922623179 -214.96601394382787 353.5986968925748 2142 2144 -1
2144 45.764709736094034 -214.79423024271375 353.50100457472973 2143 2145 -1
2145 45.79330750410787 -214.6239301792382 353.40015442486686 2144 2146 -1
2146 45.819912991920276 -214.45515911450394 353.2962347721278 2145 2147 -1
2147 45.84464935931604 -214.2878765359415 353.1894853209259 2146 2148 -1
2148 45.867587908458574 -214.12207395675827 353.0800583962159 2147 2149 -1
2149 45.888785436038695 -213.95774958532346 352.9680795915405 2148 2150 -1
2150 45.90830042520067 -213.79489578382794 352.8536726120061 2149 2151 -1
2151 45.926229817159296 -213.6334654003117 352.7370109848772 2150 2152 -1
2152 45.942641124217516 -213.47343167713947 352.6182206453982 2151 2153 -1
2153 45.95759566931208 -213.31476940833912 352.4974148138755 2152 2154 -1
2154 45.97114045598858 -213.15746371495024 352.3746837371861 2153 2155 -1
2155 45.9833654321034 -213.0014543193006 352.2501723855841 2154 2156 -1
2156 45.99433277482067 -212.84670376139715 352.12398407303357 2155 2157 -1
2157 46.00410328010742 -212.69317279620444 351.9962172010164 2156 2158 -1
2158 46.01272683932071 -212.54083069075244 351.8669531990685 2157 2159 -1
2159 46.02026097363023 -212.3896363984644 351.7362810389578 2158 2160 -1
2160 46.026790444493244 -212.23953730324143 351.60429871467807 2159 2161 -1
2161 46.0324873233498 -212.09051461610917 351.47106382081046 2160 2162 -1
2162 46.03756959138067 -211.94255774119313 351.33662148141036 2161 2163 -1
2163 46.042253922866756 -211.7956624430223 351.2010055557431 2162 2164 -1
2164 46.04676299803464 -211.64981893270098 351.06425322878175 2163 2165 -1
2165 46.05131905278823 -211.50500101549608 350.92641686032823 2164 2166 -1
2166 46.056140077349006 -211.36119466468824 350.78753439394836 2165 2167 -1
2167 46.06144451047488 -211.2183863663631 350.64764334972557 2166 2168 -1
2168 46.06745770820561 -211.0765702178858 350.50677508337276 2167 2169 -1
2169 46.07441104238226 -210.93574115657603 350.36496310897076 2168 2170 -1
2170 46.082516550428785 -210.7958776338268 350.22225977484555 2169 2171 -1
2171 46.09199670335533 -210.6569733152576 350.0787069643851 2170 2172 -1
2172 46.10307522983678 -210.51902483688593 349.9343492690212 2171 2173 -1
2173 46.11599899795597 -210.38204254214847 349.7892271184996 2172 2174 -1
2174 46.13100009078385 -210.2460302902044 349.6433945467702 2173 2175 -1
2175 46.148286955347494 -210.1109869633396 349.49691644198117 2174 2176 -1
2176 46.16808693359776 -209.97692589775878 349.3498556630096 2175 2177 -1
2177 46.19062711756698 -209.84386562025946 349.2022813904167 2176 2178 -1
2178 46.216203278919366 -209.7118532914911 349.05426198528045 2177 2179 -1
2179 46.24497983934588 -209.58089759103186 348.90589283077134 2178 2180 -1
2180 46.277176926916354 -209.45103483199097 348.7572666637151 2179 2181 -1
2181 46.313010355356255 -209.32230781487547 348.60848493125377 2180 2182 -1
2182 46.35274881967105 -209.1947839146646 348.4596592664183 2181 2183 -1
2183 46.396570723888146 -209.06851183895253 348.3109135053603 2182 2184 -1
2184 46.44463665619839 -208.94354459295886 348.1623776768432 2183 2185 -1
2185 46.49712363683354 -208.81994992495072 348.0141905442524 2184 2186 -1
2186 46.55420907723834 -208.69780577220467 347.86650152661355 2185 2187 -1
2187 46.61610286567524 -208.5772114964963 347.7194777765021 2186 2188 -1
2188 46.68284866237453 -208.45822285574002 347.5732720559878 2187 2189 -1
2189 46.754547214470016 -208.34092284729465 347.428050795442 2188 2190 -1
2190 46.83127528402309 -208.2253954053029 347.28398362749124 2189 2191 -1
2191 46.9130840257008 -208.11172392522164 347.14124135670767 2190 2192 -1
2192 47.0 -208.0 347.0 2191 -1 -1
