0 -73.5 -149.0 1041.5 -1 1 -1
1 -73.31744490165886 -149.03837590841007 1041.4158311625843 0 2 -1
2 -73.13663505618234 -149.0787086962029 1041.3288848573761 1 3 -1
3 -72.95765825148278 -149.12100794706322 1041.2391260969464 2 4 -1
4 -72.78060079747124 -149.16532009564278 1041.1465754800945 3 5 -1
5 -72.60554895188018 -149.21169045006386 1041.0512594923453 4 6 -1
6 -72.43258772580779 -149.26016222412034 1040.953211699036 5 7 -1
7 -72.26180007468768 -149.31077605674326 1040.8524731121038 6 8 -1
8 -72.09326758806036 -149.36357100524972 1040.749090724681 7 9 -1
9 -71.92706803161666 -149.41858249378834 1040.6431197439456 8 10 -1
10 -71.76327652823193 -149.47584380714915 1040.5346214632073 9 11 -1
11 -71.60196399250752 -149.53538494904657 1040.4236642650772 10 12 -1
12 -71.44319672457276 -149.59723263115666 1040.3103232032097 11 13 -1
13 -71.28703709826728 -149.66141121638452 1040.1946786794645 12 14 -1
14 -71.13354044448782 -149.72794026301338 1040.0768184258307 13 15 -1
15 -70.98275736886602 -149.79683691246683 1039.956834680179 14 16 -1
16 -70.83473224915764 -149.86811483616535 1039.8348247784852 15 17 -1
17 -70.68950290153953 -149.9417842191525 1039.7108906550468 16 18 -1
18 -70.54710040554646 -150.01785185262477 1039.5851382432359 17 19 -1
19 -70.40754899855978 -150.09632125239636 1039.4576768652473 18 20 -1
20 -70.270866038594 -150.1771927997725 1039.3286186200842 19 21 -1
21 -70.13706258281915 -150.26046435784295 1039.198077517597 20 22 -1
22 -70.00614233162223 -150.3461304906347 1039.0661694955795 21 23 -1
23 -69.87810197267427 -150.4341828190996 1038.933011653832 22 24 -1
24 -69.75293331413386 -150.52461181335738 1038.7987209483947 23 25 -1
25 -69.63061974642804 -150.61740385730292 1038.6634151814328 24 26 -1
26 -69.51114050875566 -150.71254474074783 1038.5272109877662 25 27 -1
27 -69.39446833808364 -150.8100176435737 1038.3902243777047 26 28 -1
28 -69.28057057920086 -150.90980395365798 1038.2525700147842 27 29 -1
29 -69.16941095077311 -151.01188462287251 1038.114360604298 28 30 -1
30 -69.06094699243741 -151.11623788416966 1037.9757071931874 29 31 -1
31 -68.95513302192421 -151.22284156236782 1037.836718355181 30 32 -1
32 -68.85191967655722 -151.3316725184287 1037.69750017437 31 33 -1
33 -68.75125427225404 -151.44270676402613 1037.5581560639055 32 34 -1
34 -68.65308118063183 -151.55591958353523 1037.4187866148418 33 35 -1
35 -68.55734219637733 -151.67128564290246 1037.2794894773647 34 36 -1
36 -68.46397689205126 -151.78877908557254 1037.140359271509 35 37 -1
37 -68.37292295805614 -151.9083736158585 1037.0014875243621 36 38 -1
38 -68.28411686078526 -152.03004288440667 1036.862962697134 37 39 -1
39 -68.19749395430647 -152.1537603911971 1036.7248701956485 38 40 -1
40 -68.11298824790373 -152.27949904688208 1036.5872922558126 39 41 -1
41 -68.03053330759286 -152.40723181248362 1036.4503080908987 40 42 -1
42 -67.95006253419925 -152.5369317889425 1036.3139939965722 41 43 -1
43 -67.87150904843521 -152.6685719226511 1036.1784233205838 42 44 -1
44 -67.79480589342832 -152.8021250185183 1036.0436665060683 43 45 -1
45 -67.71988622045097 -152.9375637473678 1035.9097911402296 44 46 -1
46 -67.64668345849877 -153.07486064854857 1035.7768620067873 45 47 -1
47 -67.5751323060523 -153.21398908166628 1035.6449417059364 46 48 -1
48 -67.50516699001302 -153.3549211534594 1035.5140895969296 47 49 -1
49 -67.43672325772796 -153.49762979923517 1035.3843630334302 48 50 -1
50 -67.36973758279483 -153.64208779366376 1035.2558169180513 49 51 -1
51 -67.30414726281545 -153.7882677381459 1035.1285037539133 50 52 -1
52 -67.23989050694749 -153.9361420477163 1035.00247369404 51 53 -1
53 -67.17690651403919 -154.08568293804677 1034.8777745881591 52 54 -1
54 -67.1151361777158 -154.23686330034045 1034.7544528096546 53 55 -1
55 -67.05452078996062 -154.38965488230738 1034.6325518133824 54 56 -1
56 -66.99500338930817 -154.5440300495243 1034.5121136935431 55 57 -1
57 -66.93652814457336 -154.69996090552593 1034.3931785215977 56 58 -1
58 -66.87904039599424 -154.8574192823989 1034.2757843752088 57 59 -1
59 -66.82248669136285 -155.01637673365673 1034.1599673640108 58 60 -1
60 -66.76681498551189 -155.17680482107286 1034.045761984728 59 61 -1
61 -66.71197462683202 -155.33867510156125 1033.9332011949668 60 62 -1
62 -66.65791615536145 -155.50195876360146 1033.8223160480231 61 63 -1
63 -66.60459137476545 -155.66662671618903 1033.7131358040651 62 64 -1
64 -66.55195349319577 -155.832649853291 1033.6056882909947 63 65 -1
65 -66.5 -156.0 1033.5 64 66 67
66 -66.54064327148757 -156.17680379057364 1033.5963947427442 65 68 -1
67 -66.41906419539137 -156.08289653003024 1033.3643482971177 65 69 -1
68 -66.57968463485115 -156.35307697553287 1033.6946024524336 66 70 -1
69 -66.33790643128644 -156.16295471248256 1033.2272154694433 67 71 -1
70 -66.61715037509813 -156.52863064062495 1033.7946944616358 68 72 -1
71 -66.25657691445097 -156.24032254137933 1033.0886475608693 69 73 -1
72 -66.65299572399418 -156.7034192075163 1033.896700440054 70 74 -1
73 -66.17511631744735 -156.31503524175992 1032.9487063258803 71 75 -1
74 -66.68717103476638 -156.87739286143298 1034.000653991036 72 76 -1
75 -66.09356370516318 -156.38712458914026 1032.8074487848448 73 77 -1
76 -66.71962813141651 -157.05050045455556 1034.1065850623672 74 78 -1
77 -66.01195706494416 -156.4566329007847 1032.6649343095949 75 79 -1
78 -66.75031940025221 -157.22268909496293 1034.2145210364274 76 80 -1
79 -65.93033284295443 -156.52359945320822 1032.5212178458164 77 81 -1
80 -66.77919769322776 -157.39390413656403 1034.3244868780441 78 82 -1
81 -65.84872608988388 -156.58807167292144 1032.3763553104034 79 83 -1
82 -66.80620785958273 -157.56408434283844 1034.436514341947 80 84 -1
83 -65.76717037415415 -156.6500959360844 1032.2303992577015 81 85 -1
84 -66.83130330337134 -157.73317090784892 1034.5506235567525 82 86 -1
85 -65.68569776260517 -156.70972243411524 1032.08340117726 83 87 -1
86 -66.8544345090501 -157.90110120743284 1034.666835789118 84 88 -1
87 -65.60433875531717 -156.76700418510134 1031.9354110305455 85 89 -1
88 -66.87555161704373 -158.06781010349138 1034.7851704844886 86 90 -1
89 -65.52312253003254 -156.82199285619362 1031.7864755768953 87 91 -1
90 -66.89460404054692 -158.2332296143992 1034.9056455776806 88 92 -1
91 -65.44207660075172 -156.87474483698279 1031.6366409695588 89 93 -1
92 -66.91154038777138 -158.39728873914626 1035.0282774514374 90 94 -1
93 -65.36122708535859 -156.92531648694174 1031.4859508444667 91 95 -1
94 -66.92631779514153 -158.55991965430368 1035.1530716086947 92 96 -1
95 -65.28059873026511 -156.97376469275324 1031.3344466657957 93 97 -1
96 -66.93888581326576 -158.72104717370672 1035.2800389230338 94 98 -1
97 -65.20021503882688 -157.02014621732602 1031.1821675888934 95 99 -1
98 -66.94920013962067 -158.88059782693486 1035.4091818765492 96 100 -1
99 -65.12009798985325 -157.06452014847267 1031.0291514603869 97 101 -1
100 -66.95721416339475 -159.0384940926574 1035.540502860952 98 102 -1
101 -65.04026838561654 -157.10694507614159 1030.8754338485985 99 103 -1
102 -66.96288990799543 -159.194662389122 1035.6739939279296 100 104 -1
103 -64.9607458488296 -157.1474795926367 1030.7210483426056 101 105 -1
104 -66.96618623646222 -159.3490246284078 1035.8096479882581 102 106 -1
105 -64.88154886192358 -157.18618229979734 1030.5660266561 103 107 -1
106 -66.96706535333598 -159.50150297635102 1035.9474527308905 104 108 -1
107 -64.80269482667477 -157.2231116742821 1030.410398678589 105 109 -1
108 -66.96549309799805 -159.65202030372208 1036.0873905686171 106 110 -1
109 -64.72420012478993 -157.2583259481167 1030.2541925318285 107 111 -1
110 -66.96143921729481 -159.80050065244853 1036.2294386314122 108 112 -1
111 -64.64608017884628 -157.29188300378982 1030.0974346303328 109 113 -1
112 -66.95487761296351 -159.94686971098477 1036.3735688092377 110 114 -1
113 -64.56834961077848 -157.3238399091962 1029.9401496228793 111 115 -1
114 -66.9457865596741 -160.09105529247338 1036.5197478451557 112 116 -1
115 -64.49102220384924 -157.35425331560592 1029.7823606167685 113 117 -1
116 -66.93414719635318 -160.23298627411208 1036.6679387808772 114 118 -1
117 -64.41411074717158 -157.383180085009 1029.624089465235 115 119 -1
118 -66.91994047854902 -160.37258991844809 1036.8181033724434 116 120 -1
119 -64.33762743018039 -157.41067593814762 1029.4653564123466 117 121 -1
120 -66.90316566091734 -160.50980922957623 1036.970188447936 118 122 -1
121 -64.261584068726 -157.43679505682042 1029.3061800508947 119 123 -1
122 -66.88380761752921 -160.64457301858226 1037.124150726081 120 124 -1
123 -64.1859915711194 -157.46159193553245 1029.1465779952052 121 125 -1
124 -66.86187619858904 -160.77683328764604 1037.2799281823975 122 126 -1
125 -64.11086010294616 -157.4851207735373 1028.9865667599922 123 127 -1
126 -66.8373713801428 -160.9065323845548 1037.4374656356238 124 128 -1
127 -64.03620022048422 -157.50743269841948 1028.8261609312037 125 129 -1
128 -66.81030370125934 -161.0336229674298 1037.5967004023494 126 130 -1
129 -63.96202069724102 -157.52858149363888 1028.6653750899554 127 131 -1
130 -66.78069118769696 -161.15806576755162 1037.7575651830068 128 132 -1
131 -63.88833131715887 -157.5486167493923 1028.5042216436425 129 133 -1
132 -66.74855341218309 -161.279823816147 1037.9199922489554 130 134 -1
133 -63.8151401473302 -157.5675904036216 1028.3427130327916 131 135 -1
134 -66.71391496892338 -161.39886631245253 1038.0839114521527 132 136 -1
135 -63.74245625359169 -157.5855508396557 1028.1808598248576 133 137 -1
136 -66.67680305555956 -161.5151663074091 1038.249251957738 134 138 -1
137 -63.67028730240659 -157.6025480007302 1028.018672485749 135 139 -1
138 -66.6372543764551 -161.62870882890107 1038.4159387245868 136 140 -1
139 -63.59864125524911 -157.61863001865177 1027.8561602891132 137 141 -1
140 -66.59530699130403 -161.73948223798138 1038.5838975640904 138 142 -1
141 -63.52752622101215 -157.63384382940527 1027.6933315451238 139 143 -1
142 -66.55100276631923 -161.84748120254255 1038.7530539738113 140 144 -1
143 -63.4569492846373 -157.64823709141456 1027.5301943517284 141 145 -1
144 -66.50438709937467 -161.95270668453963 1038.9233335739932 142 146 -1
145 -63.38691788518137 -157.66185598657793 1027.3667558358984 143 147 -1
146 -66.45550855466406 -162.05516578752037 1039.0946625594913 144 148 -1
147 -63.31743961688155 -157.67474578439632 1027.203022368516 145 149 -1
148 -66.4044184894284 -162.15487155462085 1039.2669681183215 146 150 -1
149 -63.248521617577886 -157.6869517134156 1027.0389999487543 147 151 -1
150 -66.35117067859505 -162.25184272311395 1039.4401788130158 148 152 -1
151 -63.18017092255518 -157.69851847287873 1026.8746940565738 149 153 -1
152 -66.29582094272249 -162.34610344199902 1039.6142249220795 150 154 -1
153 -63.11239472128045 -157.7094900243138 1026.7101095823573 151 155 -1
154 -66.23842678410021 -162.43768295931525 1039.7890387399084 152 156 -1
155 -63.04520020971238 -157.71990985197 1026.545250958086 153 157 -1
156 -66.17904703523861 -162.52661528585793 1039.9645548345127 154 158 -1
157 -62.97859461567162 -157.7298209951443 1026.3801221944177 155 159 -1
158 -66.11774152333007 -162.61293884180418 1040.1407102633066 156 160 -1
159 -62.91258542884162 -157.73926593714663 1026.2147268268975 157 161 -1
160 -66.0545707535959 -162.69669609243593 1040.3174447479935 158 162 -1
161 -62.84717982025269 -157.74828709650922 1026.0490682184984 159 163 -1
162 -65.98959578292303 -162.77793432248595 1040.4947003540833 160 164 -1
163 -62.78238522412829 -157.7569264008459 1025.8831493403575 161 165 -1
164 -65.9228792979593 -162.85671450155849 1040.6724180829185 162 166 -1
165 -62.718209234067444 -157.76522544522314 1025.7169728644017 163 167 -1
166 -65.85448464585201 -162.93310639450297 1040.8505402220555 164 168 -1
167 -62.654659589787784 -157.7732255554346 1025.5505412110012 165 169 -1
168 -65.78447477322362 -163.007182771316 1041.0290126342913 166 170 -1
169 -62.59174419784942 -157.78096782466466 1025.3838565805559 167 171 -1
170 -65.71291198356148 -163.0790189028353 1041.2077847725739 168 172 -1
171 -62.52947115182988 -157.78849315047506 1025.2169209845952 169 173 -1
172 -65.63985773356686 -163.14869213373223 1041.3868096390104 170 174 -1
173 -62.467848752004606 -157.7958422720263 1025.0497362765243 171 175 -1
174 -65.56537245941311 -163.21628148227043 1041.5660437147337 172 176 -1
175 -62.406885524580154 -157.80305580745124 1024.8823041821424 173 177 -1
176 -65.48951543143225 -163.2818672688202 1041.7454468652727 174 178 -1
177 -62.34659024052686 -157.81017429130233 1024.714626330067 175 179 -1
178 -65.41234463546857 -163.3455307743405 1041.924982225835 176 180 -1
179 -62.28697193404889 -157.81723821199637 1024.5467042821938 177 181 -1
180 -65.33391455102917 -163.40735081683704 1042.1046161891375 178 182 -1
181 -62.22803992072619 -157.82428804918356 1024.3785395643317 179 183 -1
182 -65.25428235554025 -163.4674126657415 1042.2843178162766 180 184 -1
183 -62.16980381535674 -157.83136431096676 1024.210133697142 181 185 -1
184 -65.17350173673451 -163.525798800518 1042.464059215898 182 186 -1
185 -62.11227354952271 -157.83850757089505 1024.0414882275247 183 187 -1
186 -65.09162484308452 -163.582591590146 1042.6438151857724 184 188 -1
187 -62.05545949176233 -157.8457585256601 1023.8726047271315 185 189 -1
188 -65.0086995408564 -163.63786918804183 1042.8235629707908 186 190 -1
189 -61.999372264116076 -157.85315800686251 1023.7034848925425 187 191 -1
190 -64.92477755091791 -163.6917171147665 1043.0032822227233 188 192 -1
191 -61.94402277649744 -157.8607469959442 1023.5341305698923 189 193 -1
192 -64.83990617124815 -163.7442161067644 1043.1829548188073 190 194 -1
193 -61.8894224035992 -157.8685666968164 1023.3645437378461 191 195 -1
194 -64.75412892524616 -163.7954430731774 1043.3625644580936 192 196 -1
195 -61.83558292115957 -157.87665855840376 1023.1947265699135 193 197 -1
196 -64.66749321847205 -163.84548164616655 1043.542097121308 194 198 -1
197 -61.78251652197128 -157.88506430844515 1023.024681471448 195 199 -1
198 -64.58003977076199 -163.89440731890878 1043.7215400797918 196 200 -1
199 -61.730235831572664 -157.89382598638278 1022.8544111180706 197 201 -1
200 -64.49181189701707 -163.94230012854618 1043.9008826055788 198 202 -1
201 -61.67875392358004 -157.90298597520263 1022.6839184956542 199 203 -1
202 -64.40284863878252 -163.98923523051593 1044.0801150596546 200 204 -1
203 -61.62808458695976 -157.9125871798977 1022.513206876262 201 205 -1
204 -64.31319032369973 -164.03529014934486 1044.2592295044135 202 206 -1
205 -61.57824193349961 -157.92267285359304 1022.3422799756667 203 207 -1
206 -64.22287324963781 -164.08053789158873 1044.4382187091383 204 208 -1
207 -61.529240201660926 -157.93328645099697 1022.17114204297 205 209 -1
208 -64.13193596935673 -164.12505462556734 1044.617077177378 206 210 -1
209 -61.481094409037816 -157.94447203367696 1021.9997977422684 207 211 -1
210 -64.04041218314455 -164.16891112361253 1044.795799576287 208 212 -1
211 -61.43382031754758 -157.95627431411853 1021.8282522263823 209 213 -1
212 -63.94833784837962 -164.2121809421033 1044.9743821652887 210 214 -1
213 -61.38743447447163 -157.96873874131796 1021.6565111952377 211 215 -1
214 -63.855746721157594 -164.25493518438705 1045.1528217033995 212 216 -1
215 -61.34195288770178 -157.98191047180853 1021.4845812302049 213 217 -1
216 -63.76267007071845 -164.2972426399407 1045.3311150993143 214 218 -1
217 -61.2973930016107 -157.99583587031435 1021.3124694237356 215 219 -1
218 -63.66914121288122 -164.33917386642298 1045.5092606857713 216 220 -1
219 -61.25377322882844 -158.01056225392273 1021.1401835737314 217 221 -1
220 -63.57519118316065 -164.38079706887476 1045.6872568421934 218 222 -1
221 -61.211111017343526 -158.02613618692473 1020.9677325838496 219 223 -1
222 -63.48085001870262 -164.42217950825903 1045.8651022076256 220 224 -1
223 -61.16942645932482 -158.04260665820868 1020.7951259018882 221 225 -1
224 -63.38614739972541 -164.46338796832376 1046.0427958091732 222 226 -1
225 -61.128738186943735 -158.0600213846186 1020.6223742697347 223 227 -1
226 -63.29111304557029 -164.50448868928754 1046.2203371964674 224 228 -1
227 -61.08906729398166 -158.07843044946782 1020.4494891932344 225 229 -1
228 -63.19577561608993 -164.5455468761521 1046.3977258761706 226 230 -1
229 -61.0504336305358 -158.09788273289442 1020.2764835286206 227 231 -1
230 -63.10016332673646 -164.5866270733333 1046.574961460905 228 232 -1
231 -61.01285988706303 -158.1184299801696 1020.103371071596 229 233 -1
232 -63.00430397791283 -164.62779321314449 1046.752043587213 230 234 -1
233 -60.97636685562371 -158.14012194323095 1019.9301671407956 231 235 -1
234 -62.90822486296121 -164.66910885864996 1046.9289717246222 232 236 -1
235 -60.94097773575622 -158.16301082601464 1019.7568882335092 233 237 -1
236 -62.81195350012505 -164.71063661630672 1047.1057456290644 234 238 -1
237 -60.906715928125145 -158.18714899474233 1019.5835523393467 235 239 -1
238 -62.71551684847272 -164.75243867179324 1047.2823647147432 236 240 -1
239 -60.87360456755584 -158.21258837123798 1019.4101790014591 237 241 -1
240 -62.61894168521817 -164.7945767026572 1047.4588282019388 238 242 -1
241 -60.84166800234514 -158.23938205893262 1019.2367893349442 239 243 -1
242 -62.52225465460943 -164.83711190444419 1047.6351350627901 240 244 -1
243 -60.81093136821044 -158.26758388152754 1019.0634061694518 241 245 -1
244 -62.42548231558504 -164.88010501462804 1047.8112839684984 242 246 -1
245 -60.78141993457207 -158.29724758679052 1018.8900541388949 243 247 -1
246 -62.32865118814664 -164.92361633400031 1047.9872732377873 244 248 -1
247 -60.753159014116704 -158.3284266690917 1018.7167597316472 245 249 -1
248 -62.23178779839543 -164.96770574518033 1048.1631007864776 246 250 -1
249 -60.72617467375928 -158.36117518765414 1018.5435514014989 247 251 -1
250 -62.134916971913945 -165.0124292911673 1048.3387639919954 248 252 -1
251 -60.70049328701907 -158.39554719617942 1018.3704596458408 249 253 -1
252 -62.038048287837206 -165.05781262809458 1048.5142590742114 250 254 -1
253 -60.6761414691881 -158.43159661756414 1018.1975170811025 251 255 -1
254 -61.94118334323555 -165.103865582437 1048.689581690566 252 256 -1
255 -60.65314600430846 -158.46937710499725 1018.02475851201 253 257 -1
256 -61.844323705453775 -165.1505978478278 1048.8647273916026 254 258 -1
257 -60.63153376362745 -158.5089418891914 1017.8522209931226 255 259 -1
258 -61.747470990852825 -165.19801913900085 1049.0396916227244 256 260 -1
259 -60.611331615270835 -158.55034361165346 1017.6799438809804 257 261 -1
260 -61.65062686610687 -165.24613919307401 1049.214469721779 258 262 -1
261 -60.59256632496117 -158.59363414408546 1017.507968875075 259 263 -1
262 -61.553793049527684 -165.2949677706954 1049.3890569166126 260 264 -1
263 -60.575264587335006 -158.6388645806838 1017.3363400825381 261 265 -1
264 -61.456971312415305 -165.3445146570519 1049.563448322592 262 266 -1
265 -60.55945314237934 -158.68608535154564 1017.1651041182001 263 267 -1
266 -61.36016348043486 -165.39478966273694 1049.7376389400997 264 268 -1
267 -60.545157230821225 -158.73534409824546 1016.9943097013731 265 269 -1
268 -61.263371435019224 -165.4458026244758 1049.9116236519988 266 270 -1
269 -60.53240202698895 -158.78668753227092 1016.8240080306603 267 271 -1
270 -61.16659711479825 -165.4975634057043 1050.08539722107 268 272 -1
271 -60.52121197219461 -158.84016049967067 1016.6542526152748 269 273 -1
272 -61.06984251705425 -165.55008189699913 1050.2589542874248 270 274 -1
273 -60.511610973164856 -158.89580621044544 1016.4850993498117 271 275 -1
274 -60.97310969920182 -165.60336801635557 1050.4322893658914 272 276 -1
275 -60.503622060625894 -158.95366573708765 1016.3166063938738 273 277 -1
276 -60.876400780294 -165.65743170930998 1050.6053968433787 274 278 -1
277 -60.49726574469209 -159.013775705801 1016.1488333810206 275 279 -1
278 -60.77971794255242 -165.7122829489022 1050.7782709762216 276 280 -1
279 -60.492561962566086 -159.07617093825223 1015.9818421271167 277 281 -1
280 -60.683063432921344 -165.7679317354752 1050.9509058875037 278 282 -1
281 -60.48952939676152 -159.1408834966689 1015.8156963035493 279 283 -1
282 -60.586439579045795 -165.82438845279273 1051.123295454761 280 284 -1
283 -60.48818539369641 -159.20794255497765 1015.6504613277347 281 285 -1
284 -60.4898487706223 -165.88166329170085 1051.2954334796082 282 286 -1
285 -60.48854383209377 -159.27737141747247 1015.4862029980442 283 287 -1
286 -60.39329344236069 -165.9397658973346 1051.4673138001424 284 288 -1
287 -60.490617510140275 -159.3491908316469 1015.322988589585 285 289 -1
288 -60.296776116563684 -165.9987063727703 1051.6389299788407 286 290 -1
289 -60.49441705208914 -159.42341747473006 1015.1608860875062 287 291 -1
290 -60.20029938835741 -166.05849484472068 1051.8102754313772 288 292 -1
291 -60.5 -159.5 1015.0 289 293 294
292 -60.10386592736898 -166.11914146226448 1051.9813434238965 290 295 -1
293 -60.34178132878482 -159.54932696009772 1014.8581704333366 291 296 -1
294 -60.67497418369195 -159.61424510950667 1015.0435533353534 291 297 -1
295 -60.00747847942119 -166.1806563953787 1052.1521270702933 292 298 -1
296 -60.184467922665824 -159.59949129207266 1014.7158431391289 293 299 -1
297 -60.85298207103119 -159.72895656510929 1015.0704117374393 294 300 -1
298 -59.911139868240944 -166.24304983327013 1052.322619329498 295 301 -1
299 -60.02800765830598 -159.65036342031527 1014.5728283141733 296 302 -1
300 -61.03240365893943 -159.84412258487 1015.0810660804143 297 303 -1
301 -59.81485299718004 -166.30633198250032 1052.4928130027772 298 304 -1
302 -59.87240019165562 -159.7019338387045 1014.4291347517599 299 305 -1
303 -61.21173993887874 -159.95981580377216 1015.0761513955612 300 306 -1
304 -59.71862089596118 -166.37051377284283 1052.6627004869458 301 307 -1
305 -59.71764626053474 -159.75419402166492 1014.2847701808103 302 308 -1
306 -61.38961435490584 -160.07618397424122 1015.0563733921889 303 309 -1
307 -59.622446625934785 -166.43560525351532 1052.8322743150304 304 310 -1
308 -59.56374516336442 -159.80713437175672 1014.1397432593883 305 311 -1
309 -61.5647575731879 -160.1934347985715 1015.0224582381508 306 312 -1
310 -59.52633331142104 -166.5016161956692 1053.0015269596895 307 313 -1
311 -59.41069383581287 -159.8607435634838 1013.9940642185436 308 314 -1
312 -61.73598118089484 -160.31182093575526 1014.9751180195722 309 315 -1
313 -59.43028419209366 -166.56855685077494 1053.1704505645125 310 316 -1
314 -59.258490530371425 -159.91501147313667 1013.8477420085292 311 317 -1
315 -61.90214641559246 -160.43162588874011 1014.9150332675914 312 318 -1
316 -59.33430259596141 -166.6364374749591 1053.3390371023286 313 319 -1
317 -59.107135763390175 -159.969929815049 1013.7007836655879 314 320 -1
318 -62.062132906197725 -160.55315042796215 1014.8428499956127 315 321 -1
319 -59.23839194111426 -166.70526832577295 1053.5072783727085 316 322 -1
320 -58.95662554618418 -160.0254869640137 1013.5531993752741 317 323 -1
321 -62.214808922969866 -160.67669915567058 1014.7591856244786 318 324 -1
322 -59.14255573746193 -166.77505965871546 1053.675165999525 319 325 -1
323 -58.806956144548536 -160.08167167128207 1013.4049988469669 320 326 -1
324 -62.359006878400805 -160.8025657354577 1014.6646454759476 321 327 -1
325 -59.04679760362992 -166.84582190548926 1053.8426913597636 322 328 -1
326 -58.65812616178306 -160.1384745533387 1013.2561898413683 323 329 -1
327 -62.49350656709891 -160.93101566094577 1014.5598471477338 324 330 -1
328 -58.95112133187609 -166.917566370138 1054.0098453081623 325 331 -1
329 -58.51013267631113 -160.19588519769482 1013.1067810090574 326 332 -1
330 -62.61702832304238 -161.0622659442952 1014.4454504472174 327 333 -1
331 -58.85553062136658 -166.99030207110687 1054.1766193770206 328 334 -1
332 -58.36296976998838 -160.25389118162113 1012.9567828756145 329 335 -1
333 -62.72824176161097 -161.196461050085 1014.3221927653731 330 336 -1
334 -58.76002936683274 -167.06403921437536 1054.343004464001 331 337 -1
335 -58.216635160152116 -160.31248283139814 1012.806203131798 332 338 -1
336 -62.82579495914681 -161.33364606826225 1014.1909257947067 333 339 -1
337 -58.66462156329124 -167.1387879826083 1054.508991280023 334 340 -1
338 -58.07112499288388 -160.37164945543165 1012.6550503534069 335 341 -1
339 -62.90836436845498 -161.4737407119752 1014.0526460860351 336 342 -1
340 -58.56931130766219 -167.21455853008902 1054.6745703473503 337 343 -1
341 -57.92643225936355 -160.43137832979693 1012.5033350354548 338 344 -1
342 -62.97473310774215 -161.61651768380008 1013.9085152396567 339 345 -1
343 -58.474102800348746 -167.2913609773696 1054.8397319978014 340 346 -1
344 -57.78255467119419 -160.49166010498703 1012.3510641797097 341 347 -1
345 -63.02388303669354 -161.76159396370178 1013.7598558457021 342 348 -1
346 -58.37900035730237 -167.36920550588343 1055.004466329423 343 349 -1
347 -57.63948575711499 -160.55248270132327 1012.1982474082429 344 350 -1
348 -63.05509447671599 -161.90844002342882 1013.6081196801546 345 351 -1
349 -58.284008539126866 -167.44810351478665 1055.1687627119122 346 352 -1
350 -57.49721836265219 -160.61383376519484 1012.0448945229662 347 353 -1
351 -63.068025939197376 -162.0564111460722 1013.4548250898125 348 354 -1
352 -58.18913172041781 -167.52806355513923 1055.332611483042 349 355 -1
353 -57.35575092706072 -160.6757047130785 1011.8910113690403 350 356 -1
354 -63.062760819403714 -162.20479716852464 1013.3014734189294 351 357 -1
355 -58.094374530796806 -167.6090955521855 1055.496002197267 352 358 -1
356 -57.21507298774986 -160.73808130747815 1011.7366094462005 353 359 -1
357 -63.03979867011159 -162.35288216049963 1013.1494597285439 354 360 -1
358 -57.999741710523004 -167.69120936636858 1055.658924211881 355 361 -1
359 -57.07518007858198 -160.8009533238066 1011.5816960429835 356 362 -1
360 -63.0 -162.5 1013.0 357 -1 -1
361 -57.90523811172675 -167.77441478621097 1055.8213666862155 358 363 -1
362 -56.93606584115613 -160.86430943096232 1011.4262794613809 359 364 -1
363 -57.81086869956208 -167.85872152089067 1055.9833185810512 361 365 -1
364 -56.797720957396066 -160.92813662010767 1011.2703696549277 362 366 -1
365 -57.71663856653439 -167.94413929538536 1056.1447686111344 363 367 -1
366 -56.660142478619996 -160.99242587293384 1011.1139722720138 364 368 -1
367 -57.62255310040251 -168.03067908705452 1056.305704663366 365 369 -1
368 -56.52331848237737 -161.05716288755016 1010.9570984310412 366 370 -1
369 -57.52861742052019 -168.11834879181015 1056.4661157905002 367 371 -1
370 -56.38724420122164 -161.1223377568551 1010.7997544827768 368 372 -1
371 -57.43483695428727 -168.20715772073243 1056.6259901570563 369 373 -1
372 -56.25191016302651 -161.1879379206986 1010.6419495069035 370 374 -1
373 -57.341217246417486 -168.29711506399246 1056.785315729679 371 375 -1
374 -56.117308266667706 -161.25395174842822 1010.4836914879166 372 376 -1
375 -57.24776395943528 -168.38822988162127 1056.9440802781332 373 377 -1
376 -55.98343123546299 -161.32036816954746 1010.3249876806659 374 378 -1
377 -57.154482874029426 -168.4805110939894 1057.1022713766142 375 379 -1
378 -55.85026810230234 -161.38717419747303 1010.1658473768748 376 380 -1
379 -57.06137989416574 -168.5739675035438 1057.2598763894412 377 381 -1
380 -55.71781330485422 -161.45435988870307 1010.0062763468271 378 382 -1
381 -56.96846130572576 -168.66860940055636 1057.4168816424253 379 383 -1
382 -55.58605382648889 -161.52191142477471 1009.8462846708783 380 384 -1
383 -56.87573299018418 -168.76444354333552 1057.5732749722858 381 385 -1
384 -55.45498446404685 -161.58981920160335 1009.6858774860335 382 386 -1
385 -56.78320120211646 -168.8614781934451 1057.7290431893657 383 387 -1
386 -55.32459189652858 -161.65806952487165 1009.525064605347 384 388 -1
387 -56.69087231365298 -168.95972142121573 1057.8841729202413 385 389 -1
388 -55.19486950321354 -161.72665220702336 1009.3638516110843 386 390 -1
389 -56.59875281379254 -169.0591810946442 1058.0386506112973 387 391 -1
390 -55.06580498197605 -161.7955543314906 1009.2022472737066 388 392 -1
391 -56.5068493075043 -169.15986486807114 1058.1924625327376 389 393 -1
392 -54.93739011561302 -161.86476507173217 1009.0402577278859 390 394 -1
393 -56.41516852606018 -169.26178023244233 1058.3455947484417 391 395 -1
394 -54.80961331359771 -161.93427208550418 1008.8778909102354 392 396 -1
395 -56.323717636543854 -169.364936132846 1058.4980321921025 393 397 -1
396 -54.68246509827224 -162.00406410965573 1008.7151533105587 394 398 -1
397 -56.232503263952154 -169.46933773580096 1058.6497616126517 395 399 -1
398 -54.55593432330091 -162.07412920858647 1008.5520522110373 396 400 -1
399 -56.14153246500687 -169.5749917258495 1058.8007686219064 397 401 -1
400 -54.43001054658076 -162.1444558479875 1008.3885942898694 398 402 -1
401 -56.0508124045233 -169.68190451469718 1058.951038682397 399 403 -1
402 -54.304682835387396 -162.2150323630881 1008.2247863287142 400 404 -1
403 -55.96035035305261 -169.7900822289349 1059.1005571142955 401 405 -1
404 -54.17994004196668 -162.285847080757 1008.0606350541414 402 406 -1
405 -55.87015368424645 -169.89953069768208 1059.2493091028823 403 407 -1
406 -54.05577125054392 -162.35688849964558 1007.896146879102 404 408 -1
407 -55.78023005174702 -170.0102562617504 1059.3972791958943 405 409 -1
408 -53.932164831987116 -162.42814491042486 1007.7313284618019 406 410 -1
409 -55.690587147781464 -170.1222646025799 1059.5444520039275 407 411 -1
410 -53.8091097219845 -162.4996048931143 1007.5661859592303 408 412 -1
411 -55.6012323713043 -170.23555933408218 1059.6908131191394 409 413 -1
412 -53.68659400232918 -162.57125677811652 1007.4007258647345 410 414 -1
413 -55.51217347850767 -170.35014497455953 1059.836347267862 411 415 -1
414 -53.5646063233129 -162.6430891674552 1007.2349541756851 412 416 -1
415 -55.423418311227216 -170.46602568304309 1059.9810390868627 413 417 -1
416 -53.44313464036413 -162.71509048313766 1007.0688771416254 414 418 -1
417 -55.33497479248691 -170.58320524709313 1060.124873134176 415 419 -1
418 -53.32216720781683 -162.7872493102301 1006.9025006825801 416 420 -1
419 -55.24685116656332 -170.70168804576195 1060.2678332364835 417 421 -1
420 -53.20169199003542 -162.85955419243916 1006.7358307405287 418 422 -1
421 -55.159055658420804 -170.82147762149802 1060.4099034283072 419 423 -1
422 -53.081696759039396 -162.93199367737915 1006.5688732283751 420 424 -1
423 -55.07159605695814 -170.942575149666 1060.5510690542253 421 425 -1
424 -52.96216959799065 -163.0045564407087 1006.4016337299062 422 426 -1
425 -54.98448056233778 -171.06498281754332 1060.6913144698503 423 427 -1
426 -52.84309773259325 -163.0772309889642 1006.234118210822 424 428 -1
427 -54.89771742892167 -171.1887023830376 1060.830624014429 425 429 -1
428 -52.724469450979 -163.15000612177758 1006.0663318574474 426 430 -1
429 -54.811315111743696 -171.31373570842396 1060.96898162432 427 431 -1
430 -52.60627138929468 -163.2228703165631 1005.8982807393647 428 432 -1
431 -54.72528248844898 -171.4400854851991 1061.1063702653912 429 433 -1
432 -52.488492104646326 -163.29581247202492 1005.7299696160168 430 434 -1
433 -54.639627318484465 -171.56774985915473 1061.2427759474012 431 435 -1
434 -52.37111761979444 -163.36882106299967 1005.5614047043637 432 436 -1
435 -54.554358010062195 -171.6967287721161 1061.3781830821413 433 437 -1
436 -52.25413680394794 -163.44188504646377 1005.3925903161272 434 438 -1
437 -54.46948299042708 -171.8270216873976 1061.5125761409358 435 439 -1
438 -52.137535060970286 -163.51499293508513 1005.2235328525684 436 440 -1
439 -54.38501145798285 -171.95863000502544 1061.6459377398555 437 441 -1
440 -52.02130159549087 -163.58813368817783 1005.054236164385 438 442 -1
441 -54.3009514687683 -172.09155084579882 1061.7782535266097 439 443 -1
442 -51.90542135116426 -163.66129591449274 1004.8847067701474 440 444 -1
443 -54.21731117702321 -172.22578126043638 1061.9095089739835 441 445 -1
444 -51.789883432185576 -163.73446849177267 1004.7149483474077 442 446 -1
445 -54.13409900888455 -172.36131872583454 1062.0396889509016 443 447 -1
446 -51.674672951237476 -163.80764017905827 1004.544967145638 444 448 -1
447 -54.05132452273711 -172.4981635822996 1062.1687756016838 445 449 -1
448 -51.55977827065887 -163.88079976148978 1004.3747671207592 446 450 -1
449 -53.968995219705796 -172.63630957077044 1062.296756299686 447 451 -1
450 -51.44518517516189 -163.95393610169822 1004.2043539184385 448 452 -1
451 -53.88711925776576 -172.7757520938259 1062.4236168347993 449 453 -1
452 -51.330881161936524 -164.0270379646181 1004.0337319024947 450 454 -1
453 -53.80570573058423 -172.91648877714997 1062.5493407748318 451 455 -1
454 -51.21685264892592 -164.1000942090275 1003.8629061253552 452 456 -1
455 -53.724762945417346 -173.05851458337708 1062.673913712428 453 457 -1
456 -51.10308633595354 -164.17309368082945 1003.6918813709594 454 458 -1
457 -53.644298288261766 -173.20182170994605 1062.7973235381205 455 459 -1
458 -50.98956921755271 -164.24602511328592 1003.520662113849 456 460 -1
459 -53.56432086472296 -173.34640662794246 1062.9195540243102 457 461 -1
460 -50.87628728050084 -164.31887754804504 1003.3492535665156 458 462 -1
461 -53.48483863255857 -173.49226239819532 1063.0405918007357 459 463 -1
462 -50.76322802146579 -164.39163945666579 1003.1776596456572 460 464 -1
463 -53.40585861832227 -173.6393795365964 1063.160425767253 461 465 -1
464 -50.650376904082655 -164.4643001542003 1003.0058859169949 462 466 -1
465 -53.3273906065014 -173.7877551253232 1063.2790382838036 463 467 -1
466 -50.53772156827753 -164.5368478530744 1002.8339360039315 464 468 -1
467 -53.249440666321966 -173.93737685600416 1063.3964206230107 465 469 -1
468 -50.425247508599284 -164.6092719561726 1002.6618154027785 466 470 -1
469 -53.172017305179665 -174.0882381668851 1063.5125582877893 467 471 -1
470 -50.31294180069312 -164.68156082792405 1002.4895281036663 468 472 -1
471 -53.095128137681115 -174.24033010018485 1063.6274389485018 469 473 -1
472 -50.20079054335539 -164.75370350205463 1002.317078990465 470 474 -1
473 -53.018779946244194 -174.39364167011783 1063.7410522523132 471 475 -1
474 -50.08878016125545 -164.82568875653348 1002.1444726052082 472 476 -1
475 -52.94298115672425 -174.54816538634603 1063.8533840358004 473 477 -1
476 -49.97689721957005 -164.89750506454487 1001.971713257803 474 478 -1
477 -52.86773755302045 -174.70388782023042 1063.9644263166424 475 479 -1
478 -49.865127654679384 -164.96914180172584 1001.798806030665 476 480 -1
479 -52.79305749397915 -174.86080098112126 1064.0741651530677 477 481 -1
480 -49.75345834101042 -165.04058667231988 1001.6257547036821 478 482 -1
481 -52.71894664137246 -175.01889106992368 1064.1825928603655 479 483 -1
482 -49.64187504012533 -165.11182946454636 1001.4525646395625 480 484 -1
483 -52.64541225654422 -175.17814756224303 1064.2896980721541 481 485 -1
484 -49.5303643641586 -165.18285804752443 1001.2792398686037 482 486 -1
485 -52.57246091403752 -175.33855843181243 1064.3954710173352 483 487 -1
486 -49.41891241337691 -165.25366151929745 1001.105785270849 484 488 -1
487 -52.5 -175.5 1064.5 485 -1 -1
488 -49.30750545793571 -165.32422854394397 1000.9322054576475 486 489 -1
489 -49.19612979495686 -165.3945471497423 1000.7585047919374 488 490 -1
490 -49.08477156626003 -165.46460690885877 1000.5846883927694 489 491 -1
491 -48.973417030127955 -165.53439503909476 1000.410760392402 490 492 -1
492 -48.86205238304635 -165.603901189885 1000.2367259850179 491 493 -1
493 -48.750663829248 -165.67311335447326 1000.0625897439483 492 494 -1
494 -48.63923751704913 -165.7420196915956 999.8883564030575 493 495 -1
495 -48.52775980852748 -165.8106095719392 999.7140310988842 494 496 -1
496 -48.41621659301939 -165.8788697003524 999.5396182894825 495 497 -1
497 -48.304594381495676 -165.94678990173165 999.3651233344159 496 498 -1
498 -48.19287926895804 -166.0143578569469 999.1905510985591 497 499 -1
499 -48.08105733342444 -166.08156135176233 999.0159065896729 498 500 -1
500 -47.969115180101 -166.14838973499894 998.8411951702541 499 501 -1
501 -47.85703850822363 -166.21482950754773 998.6664217917603 500 502 -1
502 -47.74481400078646 -166.2808699776337 998.4915919530083 501 503 -1
503 -47.63242798000536 -166.3464992089123 998.3167110172718 502 504 -1
504 -47.51986617022791 -166.41170379089775 998.1417843025582 503 505 -1
505 -47.40711563875711 -166.47647340625633 997.9668175422776 504 506 -1
506 -47.29416227342345 -166.54079483812598 997.7918162790663 505 507 -1
507 -47.18099242518658 -166.60465586698965 997.6167862694263 506 508 -1
508 -47.06759308443852 -166.66804542104273 997.441733413252 507 509 -1
509 -46.95394982463294 -166.73094942659577 997.2666635910169 508 510 -1
510 -46.84004975372366 -166.7933567647135 997.0915829150844 509 511 -1
511 -46.72587976147307 -166.85525564911592 996.916497550591 510 512 -1
512 -46.61142513946985 -166.91663122901315 996.7414137996333 511 513 -1
513 -46.49667380897179 -166.97747334082678 996.5663380749149 512 514 -1
514 -46.381612394239994 -167.037769238728 996.3912769026889 513 515 -1
515 -46.266226532530005 -167.09750436485473 996.2162370384489 514 516 -1
516 -46.150504393151316 -167.1566683588925 996.0412252039105 515 517 -1
517 -46.03443259195747 -167.21524799068254 995.8662483591572 516 518 -1
518 -45.9179973845546 -167.2732299664433 995.6913139039544 517 519 -1
519 -45.80119137817881 -167.33062462086698 995.5164329652303 518 520 -1
520 -45.68400928729587 -167.3874586026997 995.3416205198281 519 521 -1
521 -45.56644548907227 -167.44375908099826 995.1668917405689 520 522 -1
522 -45.448496368842434 -167.4995561645969 994.9922611910015 521 523 -1
523 -45.330156562736484 -167.55487771392134 994.817743693325 522 524 -1
524 -45.21142015996452 -167.60975133208717 994.6433542023784 523 525 -1
525 -45.092283384007715 -167.6642071051388 994.4691068486378 524 526 -1
526 -44.972740781682774 -167.71827332789812 994.295016198978 525 527 -1
527 -44.85278604197824 -167.77197782915604 994.1210971593446 526 528 -1
528 -44.732415378372195 -167.82535069354554 993.9473634938572 527 529 -1
529 -44.611623400804184 -167.87842059596326 993.773829547487 528 530 -1
530 -44.490403288225764 -167.93121551258872 993.6005103955912 529 531 -1
531 -44.368751400914654 -167.98376549553484 993.4274194808374 530 532 -1
532 -44.246662437535875 -168.0360994448739 993.254571019907 531 533 -1
533 -44.124129359686265 -168.08824568751385 993.0819802848315 532 534 -1
534 -44.00114843652374 -168.14023399457994 992.9096606535012 533 535 -1
535 -43.877714521760524 -168.19209341158728 992.7376263073597 534 536 -1
536 -43.753820953972266 -168.24385273601888 992.5658924947176 535 537 -1
537 -43.62946338095278 -168.2955413451406 992.3944730480583 536 538 -1
538 -43.504637124976405 -168.34718838239445 992.2233820388407 537 539 -1
539 -43.379336075905236 -168.3988229228634 992.0526346683688 538 540 -1
540 -43.25355516202207 -168.45047419019767 991.8822455555394 539 541 -1
541 -43.127290351662126 -168.50217124409747 991.7122286384972 540 542 -1
542 -43.00053626299718 -168.5539432074847 991.5425990320019 541 543 -1
543 -42.873287019948634 -168.6058194553917 991.3733724929583 542 544 -1
544 -42.74553941763059 -168.65782874137292 991.2045627830292 543 545 -1
545 -42.61728886289144 -168.7100000172336 991.0361849771433 544 546 -1
546 -42.488528957701256 -168.7623630314503 990.8682560294654 545 547 -1
547 -42.359257159333474 -168.81494610161604 990.7007897663102 546 548 -1
548 -42.22946940536529 -168.86777800173215 990.5338015833794 547 549 -1
549 -42.09916036813051 -168.92088825732407 990.3673084095154 548 550 -1
550 -41.96832672084222 -168.97430543141994 990.2013256401759 549 551 -1
551 -41.8369655800303 -169.02805771967252 990.0358685272392 550 552 -1
552 -41.70507283802313 -169.08217411885087 989.870953909033 551 553 -1
553 -41.57264441583622 -169.1366838007733 989.7065990649979 552 554 -1
554 -41.43967876533409 -169.19161406536134 989.5428190162127 553 555 -1
555 -41.30617311214315 -169.24699308919148 989.3796304620274 554 556 -1
556 -41.172122751722455 -169.3028509364715 989.2170527960831 555 557 -1
557 -41.03752757678954 -169.35921371380684 989.0551007478222 556 558 -1
558 -40.90238561981986 -169.4161091338754 988.8937915765789 557 559 -1
559 -40.76669358993466 -169.4735664546917 988.733144724068 558 560 -1
560 -40.63045106431074 -169.53161218417108 988.5731767799818 559 561 -1
561 -40.49365762026561 -169.59027280164295 988.4139048221792 560 562 -1
562 -40.35631140052902 -169.64957657498425 988.2553483803259 561 563 -1
563 -40.21841198559066 -169.70955036880994 988.0975258350503 562 564 -1
564 -40.079960525740304 -169.77021920062936 987.9404540657429 563 565 -1
565 -39.94095655065478 -169.8316102748863 987.7841528131964 564 566 -1
566 -39.801400088328705 -169.8937504940474 987.6286419423578 565 567 -1
567 -39.661293822228856 -169.95666328321497 987.4739381852161 566 568 -1
568 -39.52063854588869 -170.02037486670483 987.3200617391097 567 569 -1
569 -39.37943531304094 -170.08491150311588 987.1670333237929 568 570 -1
570 -39.237688221148645 -170.15029503755363 987.0148696794121 569 571 -1
571 -39.09539912176724 -170.2165510062099 986.8635918760586 570 572 -1
572 -38.952570806470085 -170.2837038819201 986.7132204325736 571 573 -1
573 -38.80920857968712 -170.35177413697843 986.5637724033747 572 574 -1
574 -38.665315061561934 -170.42078717709853 986.4152703771701 573 575 -1
575 -38.52089580624357 -170.49076334366018 986.2677325745357 574 576 -1
576 -38.37595892834021 -170.5617156904477 986.1211718232099 575 577 -1
577 -38.23051013290662 -170.63366072842436 985.9756055355546 576 578 -1
578 -38.08456060541676 -170.7066044754375 985.8310409342222 577 579 -1
579 -37.93811780352088 -170.78056039114136 985.687493014027 578 580 -1
580 -37.791190642664425 -170.85553927703927 985.5449744246333 579 581 -1
581 -37.64378937314465 -170.93154915352252 985.4034953251103 580 582 -1
582 -37.49592124193205 -171.00860490435224 985.2630731242236 581 583 -1
583 -37.34759827235853 -171.0867108590625 985.1237148797237 582 584 -1
584 -37.198827970124086 -171.1658819696134 984.9854387308013 583 585 -1
585 -37.049622203758354 -171.24612307819402 984.8482528716066 584 586 -1
586 -36.899989826040816 -171.32744658337117 984.7121735097583 585 587 -1
587 -36.74994218870391 -171.40985886023515 984.5772110240947 586 588 -1
588 -36.59948928288311 -171.493370043461 984.44337996552 587 589 -1
589 -36.448642436041105 -171.57798694806348 984.3106917926123 588 590 -1
590 -36.29741230405757 -171.66371852084552 984.179160485285 589 591 -1
591 -36.14581063989172 -171.75057079941524 984.0487973233489 590 592 -1
592 -35.99384832997571 -171.83855274571485 983.9196169558714 591 593 -1
593 -35.84153795079863 -171.9276682746733 983.7916290570131 592 594 -1
594 -35.68889023367275 -172.01792769754863 983.6648503549335 593 595 -1
595 -35.53591884957577 -172.10933157101715 983.5392875645541 594 596 -1
596 -35.38263424325089 -172.20189230312312 983.4149603183112 595 597 -1
597 -35.229050635429644 -172.29560873529533 983.2918740713042 596 598 -1
598 -35.075179829407375 -172.3904891466845 983.1700446857876 597 599 -1
599 -34.92103486836233 -172.48653742120968 983.0494836126509 598 600 -1
600 -34.766629452833996 -172.5837546890773 982.9301995692236 599 601 -1
601 -34.611975618984594 -172.68215022696359 982.8122105020709 600 602 -1
602 -34.45708786040898 -172.78172211352603 982.6955223474615 601 603 -1
603 -34.301979762245445 -172.8824727653165 982.5801460503055 602 604 -1
604 -34.14666410976362 -172.98440993298567 982.466098842859 603 605 -1
605 -33.991155744908454 -173.087530032864 982.3533855351938 604 606 -1
606 -33.83546862045922 -173.19183459633985 982.242016893972 605 607 -1
607 -33.679616445786635 -173.29732771322128 982.1320069005518 606 608 -1
608 -33.5236137300174 -173.40400843140978 982.0233640526423 607 609 -1
609 -33.36747503919029 -173.5118752376517 981.9160964015899 608 610 -1
610 -33.21121481624383 -173.6209278304278 981.8102136178726 609 611 -1
611 -33.05484748376482 -173.7311669617334 981.705726862305 610 612 -1
612 -32.898387708040445 -173.84259165150073 981.6026455144682 611 613 -1
613 -32.74185036813672 -173.955198140681 981.5009758458906 612 614 -1
614 -32.58525022045088 -174.06898426027826 981.4007261974663 613 615 -1
615 -32.42860207135403 -174.1839473769277 981.301904548217 614 616 -1
616 -32.27192076435357 -174.30008439397352 981.2045185022239 615 617 -1
617 -32.11522116690982 -174.41739175325984 981.1085752759445 616 618 -1
618 -31.958518156937174 -174.53586543764342 981.0140816859501 617 619 -1
619 -31.801826624745726 -174.65550166713626 980.9210450127173 618 620 -1
620 -31.645161423801497 -174.7762946575843 980.8294701650484 619 621 -1
621 -31.488537362993494 -174.8982388228033 980.7393624104994 620 622 -1
622 -31.331969206492346 -175.02132834190647 980.6507268311394 621 623 -1
623 -31.17547165712981 -175.14555695928334 980.5635680555695 622 624 -1
624 -31.019059391298338 -175.27091855036153 980.4778909873511 623 625 -1
625 -30.862747001729677 -175.39740634189116 980.3936997817989 624 626 -1
626 -30.706548900547585 -175.5250123413073 980.3109970482101 625 627 -1
627 -30.550479416389297 -175.653728634465 980.2297855411516 626 628 -1
628 -30.39455274340012 -175.78354691340917 980.1500675241679 627 629 -1
629 -30.238782926577713 -175.91445848672987 980.0718447645278 628 630 -1
630 -30.083183847248904 -176.0464542905494 979.9951185287746 629 631 -1
631 -29.927769535296708 -176.17952665467305 979.9198920465973 630 632 -1
632 -29.772553765941115 -176.31366672871965 979.8461669560476 631 633 -1
633 -29.61754948007366 -176.44886215125112 979.7739398875917 632 634 -1
634 -29.46276978511428 -176.58510248764227 979.7032100956541 633 635 -1
635 -29.308228672037224 -176.7223815468317 979.6339829767652 634 636 -1
636 -29.15393822443594 -176.86068537060086 979.5662526602894 635 637 -1
637 -29.0 -177.0 979.5 636 638 639
638 -28.885673284025575 -177.20556582330224 979.474825626565 637 640 -1
639 -28.912646998096346 -176.87625018460955 979.6411128309325 637 641 -1
640 -28.766185194824 -177.40694266494052 979.4411344031432 638 642 -1
641 -28.828649604399907 -176.74564019586714 979.7779486910232 639 643 -1
642 -28.642171919214892 -177.6039536452573 979.3990266326439 640 644 -1
643 -28.747438476430816 -176.60948249536077 979.9110131930577 641 645 -1
644 -28.51426341029726 -177.79648590023956 979.3486577133373 642 646 -1
645 -28.668577360365603 -176.4687203794071 980.0406612302276 643 647 -1
646 -28.383094704819225 -177.9844940458517 979.2902230441291 644 648 -1
647 -28.591589406739917 -176.32427331352173 980.167351247947 645 649 -1
648 -28.249294632950754 -178.16799490332406 979.2239471539594 646 650 -1
649 -28.516124329190013 -176.17674445653225 980.2913809140036 647 651 -1
650 -28.11347741506266 -178.34706057074098 979.1500737509245 648 652 -1
651 -28.441797367744012 -176.02676825089037 980.413143406444 649 653 -1
652 -27.976237025241716 -178.5218107534085 979.0688572960539 650 654 -1
653 -28.368301639382437 -175.87480042023756 980.5329265514692 651 655 -1
654 -27.838143876397677 -178.6924047304848 978.9805558429033 652 656 -1
655 -28.29535752257934 -175.72121446833293 980.6509713949526 653 657 -1
656 -27.699743544955627 -178.85903351296042 978.8854253065812 654 658 -1
657 -28.2226856664166 -175.56639393928035 980.7675629448471 655 659 -1
658 -27.561557206082703 -179.02191240069396 978.7837148463861 656 660 -1
659 -28.15003913262999 -175.41064678916914 980.8829301087702 657 661 -1
660 -27.424083170796944 -179.18127534316835 978.675665379447 658 662 -1
661 -28.07718459800197 -175.25425067805503 980.9972839991705 659 663 -1
662 -27.287799375804813 -179.33736865450874 978.561506615843 660 664 -1
663 -28.0038990536715 -175.0974617307646 981.1108217715707 661 665 -1
664 -27.15316636815294 -179.49044672993017 978.4414570920707 662 666 -1
665 -27.929967308205658 -174.94052045229293 981.2237283963507 663 667 -1
666 -27.020630491804784 -179.64076824932073 978.3157245531509 664 668 -1
667 -27.855179660344316 -174.78365691448917 981.33617833737 665 669 -1
668 -26.89062714635541 -179.78859300366312 978.1845069310996 666 670 -1
669 -27.77932974181413 -174.62709540399763 981.4483370968348 667 671 -1
670 -26.76358421036357 -179.9341791365518 978.0479935138475 668 672 -1
671 -27.70221252817232 -174.4710586924954 981.5603625989442 669 673 -1
672 -26.639924565218053 -180.0777813412359 977.906367803083 670 674 -1
673 -27.62362251822505 -174.31577206626437 981.672406390721 671 675 -1
674 -26.52006930411766 -180.2196486618078 977.7598090304182 672 676 -1
675 -27.543352089227856 -174.1614672320319 981.7846146388864 673 677 -1
676 -26.404439089656236 -180.36002328668005 977.6084960574742 674 678 -1
677 -27.46119004545868 -174.00838619850492 981.8971288979204 675 679 -1
678 -26.293456393482142 -180.49913875232613 977.4526096077526 676 680 -1
679 -27.376920391862242 -173.8567852164665 982.0100866173308 677 681 -1
680 -26.187546135150733 -180.6372186362047 977.2923359794194 678 682 -1
681 -27.29032138256239 -173.70693884276457 982.1236213461592 679 683 -1
682 -26.087135804437775 -180.7744750787014 977.127870532643 680 684 -1
683 -27.201164916475765 -173.55914417261587 982.237862580393 681 685 -1
684 -25.992654689802183 -180.91110724296735 976.9594212574215 682 686 -1
685 -27.109216379266933 -173.4137252574361 982.3529351848358 683 687 -1
686 -25.904532539107965 -181.04729967446383 976.7872120799948 684 688 -1
687 -27.014235062312988 -173.27103768832205 982.4689583062055 685 689 -1
688 -25.82319594688824 -181.18322066378042 976.6114866921497 686 690 -1
689 -26.91597532421344 -173.13147327413293 982.5860436805505 687 691 -1
690 -25.749065232574512 -181.3190204563865 976.4325110622519 688 692 -1
691 -26.81418981361741 -172.99546346598245 982.7042928321091 689 693 -1
692 -25.68254860739059 -181.4548295657054 976.2505762179841 690 694 -1
693 -26.708756411936964 -172.86334496666754 982.8237517282126 691 695 -1
694 -25.6240365921826 -181.59075717081862 976.0659995913333 692 696 -1
695 -26.59979578683981 -172.73520839378222 982.9443780918264 693 697 -1
696 -25.573894164071845 -181.72688975469902 975.8791258220801 694 698 -1
697 -26.487513894112837 -172.61104288091258 983.0661064684361 695 699 -1
698 -25.53245448778453 -181.86329016825442 975.6903256717065 696 700 -1
699 -26.37213330217202 -172.49080198496645 983.1888725144748 697 701 -1
700 -25.5 -182.0 975.5 698 702 703
701 -26.253865391393816 -172.3744368668247 983.3126222895129 699 704 -1
702 -25.419628248948317 -182.12471813464182 975.3927732782272 700 705 -1
703 -25.346750719984872 -182.03535104953878 975.6249803829227 700 706 -1
704 -26.132924888123707 -172.26187860600425 983.4373074777882 701 707 -1
705 -25.33980515564144 -182.24771197998166 975.2831256919272 702 708 -1
706 -25.18515817486844 -182.07828450560055 975.7363021356891 703 709 -1
707 -26.009527853497953 -172.15303970309793 983.5628859800311 704 710 -1
708 -25.26062766068551 -182.36893703214628 975.1710667806357 705 711 -1
709 -25.015896989751354 -182.12911607371348 975.8317540340493 706 712 -1
710 -25.883865055289522 -172.04785860958805 983.6893324937728 707 713 -1
711 -25.182132915289777 -182.48834415339743 975.0566015523988 708 714 -1
712 -24.840280213193168 -182.18773454688105 975.9096522581561 709 715 -1
713 -25.75616561383303 -171.94619633383053 983.816614147244 710 716 -1
714 -25.104358406047442 -182.60588524123665 974.9397385291402 711 717 -1
715 -24.660052775049053 -182.253652389784 975.9689809872996 712 718 -1
716 -25.626657009994027 -171.84789199377963 983.9447033134832 713 719 -1
717 -25.027341961529146 -182.721512994205 974.8204890426297 714 720 -1
718 -24.477241539433386 -182.32571489254946 976.010668045096 715 721 -1
719 -25.49554628027921 -171.75279963769484 984.0735856511245 716 722 -1
720 -24.951124831472427 -182.8351736177411 974.6988587275841 717 723 -1
721 -24.29348404266727 -182.4028355606048 976.0360461876096 718 724 -1
722 -25.363035892797768 -171.6607632261269 984.2032536519696 719 725 -1
723 -24.875739556046685 -182.9468360175635 974.5748817726247 720 726 -1
724 -24.109978736914314 -182.48383404962206 976.0475030827141 721 727 -1
725 -25.229302644122892 -171.57167385026443 984.3337225517201 722 728 -1
726 -24.80123050904285 -183.05644226193428 974.448562345164 723 729 -1
727 -23.927359462137492 -182.5676341326665 976.0479679151639 724 730 -1
728 -25.094565755196975 -171.48530111788494 984.4649833126572 725 731 -1
729 -24.727632932923175 -183.16395770614184 974.3199329838314 726 732 -1
730 -23.745820248825257 -182.65342386214994 976.0401598312588 727 733 -1
731 -24.959014405745258 -171.40146256702087 984.5970465193932 728 734 -1
732 -24.654981557103575 -183.26934964924513 974.1890284829449 729 735 -1
733 -23.565165833766866 -182.74045868451074 976.0271613975399 730 736 -1
734 -24.822831505786805 -171.31997468686234 984.7299293588682 731 737 -1
735 -24.5833133213108 -183.37258145836077 974.0558798577846 732 738 -1
736 -23.385039646378694 -182.828186574569 976.0116753236276 733 739 -1
737 -24.68619174690135 -171.2406779899032 984.8636664932455 734 740 -1
738 -24.512667430463363 -183.4736130085954 973.9205155370871 735 741 -1
739 -23.20496274561116 -182.91607138050003 975.9965140826395 736 742 -1
740 -24.549277664947315 -171.1633640353853 984.9982812987355 737 743 -1
741 -24.443077173754553 -183.5724181069245 973.7829784795049 738 744 -1
742 -23.024478999956166 -183.00358954475806 975.984437880469 739 745 -1
743 -24.41226502883281 -171.08782003759245 985.1337978889395 740 746 -1
744 -24.374573881984784 -183.66897529238062 973.6433157408328 741 747 -1
745 -22.843234492881567 -183.09013271210102 975.978356713029 742 748 -1
746 -24.275323492845626 -171.01384948756723 985.2702513464272 743 749 -1
747 -24.307189751393278 -183.76326197126969 973.5015727802304 744 750 -1
748 -22.661132566154507 -183.17500686970897 975.9810216750294 745 751 -1
749 -24.138626642852575 -170.94126963855126 985.4076935392371 746 752 -1
750 -24.2409554411392 -183.8552594121704 973.3577981070019 747 753 -1
751 -22.478408181349316 -183.25722567699924 975.9957462222311 748 754 -1
752 -24.002346980574462 -170.86987034646512 985.5461645663137 749 755 -1
753 -24.175899954403167 -183.94495282658082 973.2120429901998 750 756 -1
754 -22.295768282099665 -183.3359381506685 976.0242039166758 751 757 -1
755 -23.86664979311232 -170.79943479059568 985.6856971280466 752 758 -1
756 -24.112050535504657 -184.03233141884186 973.0643611550225 753 759 -1
757 -22.113952370660446 -183.41064587034163 976.0657837662586 754 760 -1
758 -23.731704237533037 -170.72975934799197 985.8263359307073 755 761 -1
759 -24.049432583813356 -184.11738840559136 972.9148084701197 756 762 -1
760 -21.933369508549255 -183.48137086862243 976.1183027018918 757 763 -1
761 -23.597703259957488 -170.66064605444166 985.9681503095804 758 764 -1
762 -23.988069584921675 -184.20012100549542 972.7634426298846 759 765 -1
763 -21.754174949261035 -183.54818566293127 976.1799390649278 760 766 -1
764 -23.464813177437037 -170.59187693560713 986.111172022065 761 767 -1
765 -23.927983059236183 -184.28053040046996 972.6103228357009 762 768 -1
766 -21.57634862842288 -183.61117332968345 976.2491254247734 763 769 -1
767 -23.333164847386545 -170.52331793151873 986.2554374966929 764 770 -1
768 -23.86919252785076 -184.35862167001292 972.4555094799122 765 771 -1
769 -21.39966654785818 -183.67062783795356 976.3241346163207 766 772 -1
770 -23.202846253524516 -170.45495459604444 986.4009973024189 767 773 -1
771 -23.81171549529131 -184.43440370061813 972.2990638360097 768 774 -1
772 -21.22384657091047 -183.72676329485998 976.4036037171069 769 775 -1
773 -23.07395020839768 -170.3867853536566 986.5479083851745 770 776 -1
774 -23.755567448472632 -184.5078890725321 972.1410477582219 771 777 -1
775 -21.04854564192368 -183.7797792838043 976.4863024933819 772 778 -1
776 -22.946526417179857 -170.31880325685742 986.6961840197949 773 779 -1
777 -23.7007618709948 -184.57909392633005 971.9815233933083 774 780 -1
778 -20.873355908441447 -183.82987626890232 976.5710350195242 775 781 -1
779 -22.820658211108913 -170.25100643185567 986.845866471792 776 782 -1
780 -23.64731027172221 -184.64803781194723 971.8205529069784 777 783 -1
781 -20.697412099205387 -183.87740732382804 976.6556819793852 778 784 -1
782 -22.696469030725577 -170.1833976230952 986.9970289963508 779 785 -1
783 -23.595222226447905 -184.7147435228793 971.6581982269308 780 786 -1
784 -20.51934539396131 -183.92276202615517 976.7370027669068 781 787 -1
785 -22.574001514747994 -170.11597106937964 987.1496701096385 782 788 -1
786 -23.54450543133347 -184.77923691829935 971.4945208041031 783 789 -1
787 -20.337840732918327 -183.9662444734159 976.811419571652 784 790 -1
788 -22.453352785869352 -170.04872773377394 987.3038328514083 785 791 -1
789 -23.49516576674835 -184.8415467357999 971.3295813933029 786 792 -1
790 -20.15177329437057 -184.0080195521677 976.8746389997389 787 793 -1
791 -22.33465708662858 -169.98167251131142 987.4595852646364 788 794 -1
792 -23.447207400055714 -184.9017043515217 971.1634398292554 789 795 -1
793 -19.960612328043545 -184.04809059277883 976.9215146749838 790 796 -1
794 -22.217959581098388 -169.91480246145042 987.6169190030781 791 797 -1
795 -23.400636110131163 -184.95973870674905 970.9961523091212 792 798 -1
796 -19.765226923391253 -184.08624909011363 976.9481740604513 793 799 -1
797 -22.103389184685334 -169.84812330889915 987.7758884780129 794 800 -1
798 -23.35544945966064 -185.0156911906875 970.8277792683112 795 801 -1
799 -19.567749248632683 -184.12205313165538 976.9572649588532 796 802 -1
800 -21.991058441650054 -169.78163994389936 987.9365293390852 797 803 -1
801 -23.31164681926814 -185.06960014592408 970.6583769043784 798 804 -1
802 -19.369610715186923 -184.15538643323953 976.9550785048617 799 805 -1
803 -21.88103007134269 -169.71535389302412 988.0988365010402 800 806 -1
804 -23.26922617336285 -185.12150579436602 970.4879999203434 801 807 -1
805 -19.171196137217233 -184.18635465071745 976.9477860508165 802 808 -1
806 -21.773488710067017 -169.64927803071447 988.2628867131078 803 809 -1
807 -23.228184217487218 -185.1714500437379 970.3167014274927 804 810 -1
808 -18.972412382048507 -184.21504662925045 976.9413430815531 805 811 -1
809 -21.66847884897804 -169.58341439366757 988.4286529822826 806 812 -1
810 -23.188516456789298 -185.21947629965422 970.1445328664996 807 813 -1
811 -18.773252962866444 -184.24165829421082 976.9414843962934 808 814 -1
812 -21.566150858254176 -169.51777504055116 988.5961759324729 809 815 -1
813 -23.15021730461811 -185.26562928453947 969.9715439458256 810 816 -1
814 -18.57422540883205 -184.26625431076286 976.9535543728281 811 817 -1
815 -21.466626135233444 -169.4523707676286 988.7654701433331 812 818 -1
816 -23.113280180350223 -185.30995486445107 969.7977825962572 813 819 -1
817 -18.376330915591016 -184.2888255755816 976.9799134232411 814 820 -1
818 -21.369990751788023 -169.3872106185157 988.936523139349 815 821 -1
819 -23.07769760566377 -185.35249988465236 969.6232949403569 816 822 -1
820 -18.180053023312134 -184.3094938460972 977.0175982351692 817 823 -1
821 -21.276436837526315 -169.32231396103649 989.1093797224049 818 824 -1
822 -23.043461298587424 -185.3933120145849 969.4481252755716 819 825 -1
823 -17.985346650242406 -184.3284268016014 977.0635054064974 820 826 -1
824 -21.18599316450899 -169.25768748367236 989.2839839406741 821 827 -1
825 -23.010562264754963 -185.4324396027127 969.2723160697205 822 828 -1
826 -17.791873268395445 -184.34579254496884 977.1149436963767 823 829 -1
827 -21.09890564061573 -169.1933583183036 989.4603945918157 824 830 -1
828 -22.97899088539851 -185.46993154154296 969.0959079676005 825 831 -1
829 -17.599125461436042 -184.3617555121308 977.1694822749696 826 832 -1
830 -21.01516388055236 -169.129335353994 989.6385279708568 827 833 -1
831 -22.948737001708157 -185.5058371429828 968.9189398074636 828 834 -1
832 -17.40652024663326 -184.37646634330406 977.2248740599938 829 835 -1
833 -20.934963203302978 -169.06565298937247 989.8184042274577 830 836 -1
834 -22.919789995271955 -185.54020602406226 968.7414486461779 831 837 -1
835 -17.21346522015535 -184.39005772916803 977.2789662618065 832 838 -1
836 -20.858295936685515 -169.0023277030909 989.9999395190439 833 839 -1
837 -22.892139108038993 -185.57308773038494 968.56346970582 834 840 -1
838 -17.01941314101405 -184.40264341199753 977.3296124996241 835 841 -1
839 -20.78531675244521 -168.93939317198942 990.1831231395706 836 842 -1
840 -22.865773251729628 -185.60453196374112 968.3850365264863 837 843 -1
841 -16.82392040152393 -184.41431814123737 977.3746014109846 838 844 -1
842 -20.71603878775281 -168.8768689495894 990.367877639489 839 845 -1
843 -22.840680136819643 -185.63458949156222 968.2061812984234 840 846 -1
844 -16.626874179802154 -184.4251437739942 977.4124566293334 841 847 -1
845 -20.65057725674487 -168.81478659639018 990.5541662421125 842 848 -1
846 -22.816848031560873 -185.66331018343018 968.0269343205083 843 849 -1
847 -16.42860399164889 -184.4351743920083 977.4435383511058 844 850 -1
848 -20.58896551045198 -168.75316892340584 990.7419164163056 845 851 -1
849 -22.794265084994475 -185.690743790426 967.8473243299961 846 852 -1
850 -16.22942155793168 -184.44446313690827 977.468403962349 847 853 -1
851 -20.531271830470658 -168.69204347543496 990.9310669895726 848 854 -1
852 -22.77291938157671 -185.71693988898883 967.6673785583703 849 855 -1
853 -16.02958606103899 -184.45306981262615 977.487651642554 850 856 -1
854 -20.477556655506767 -168.6314374161356 991.1215516704248 851 857 -1
855 -22.752798991686856 -185.74194783305805 967.4871227893772 852 858 -1
856 -15.829305384586634 -184.46105907973663 977.5019056218458 853 859 -1
857 -20.427826206074258 -168.5713710980481 991.3132851588643 854 860 -1
858 -22.73389212483451 -185.76581661725484 967.3065813953413 855 861 -1
859 -15.628739741154972 -184.46849889296195 977.5118041849199 856 862 -1
860 -20.38218374483049 -168.51187853838442 991.5062105899161 857 863 -1
861 -22.716187730252575 -185.78859437295014 967.1257772937128 858 864 -1
862 -15.428006864971245 -184.47545922404734 977.5179905281854 859 865 -1
863 -20.340550296644707 -168.45296810725537 991.7002185745711 860 866 -1
864 -22.699673422309708 -185.81033023240772 966.9447324536555 861 867 -1
865 -15.2271880876014 -184.482011074662 977.5211063029424 862 868 -1
866 -20.30309587866692 -168.39468483654719 991.8952649985787 863 869 -1
867 -22.684337629502892 -185.83107236288987 966.7634674815914 864 870 -1
868 -15.026334786388164 -184.48822575808796 977.5217875102489 865 871 -1
869 -20.269688341613953 -168.3370285010966 992.0912305103045 866 872 -1
870 -22.670168961816888 -185.8508685774721 966.5820018389901 867 873 -1
871 -14.825474862800084 -184.4941744129298 977.5206623313856 868 874 -1
872 -20.240410529784242 -168.28003154428944 992.2880476218116 869 875 -1
873 -22.657156240057773 -185.86976632709445 966.4003539031985 870 876 -1
874 -14.624619051348823 -184.49992770449714 977.518350455374 871 877 -1
875 -20.215249148146803 -168.22371147453245 992.4856273860306 872 878 -1
876 -22.6452885222825 -185.88781269780267 966.2185410275862 873 879 -1
877 -14.423766986653257 -184.50555527020427 977.5154616811125 874 880 -1
878 -20.19413365712983 -168.16807559602532 992.683873888388 875 881 -1
879 -22.634555127519125 -185.90505441277952 966.036579600815 876 882 -1
880 -14.222914466638171 -184.51108706379168 977.5124223555715 877 883 -1
881 -20.1771485188345 -168.11315748961422 992.8827166206137 878 884 -1
882 -22.624945656967828 -185.92153783879405 965.8544851050892 879 885 -1
883 -14.022059121983615 -184.51647769857664 977.5093168889284 880 886 -1
884 -20.164192099855736 -168.0589619396776 993.0820601208555 881 887 -1
885 -22.61645001286783 -185.93730899671255 965.6722721732762 882 888 -1
886 -13.82119899631318 -184.52167302720417 977.5061881094916 883 889 -1
887 -20.155154296790222 -168.00562733017182 993.281851795966 884 890 -1
888 -22.6090584152087 -185.95241357574173 965.4899546448282 885 891 -1
889 -13.620332306051798 -184.5266198136046 977.5030783901539 886 892 -1
890 -20.149916719753843 -167.95350260882537 993.4820982867238 887 893 -1
891 -22.60276141645585 -185.96689695109694 965.3075456204632 888 894 -1
892 -13.419457478246521 -184.53126460922886 977.5000297268832 889 895 -1
893 -20.148298922985614 -167.90293474579636 993.6828052788956 890 896 -1
894 -22.597549914452138 -185.98080420480903 965.1250575155914 891 897 -1
895 -13.218573221969738 -184.53555397846543 977.4970839713006 892 898 -1
896 -20.150104940523125 -167.85424263426356 993.8839737437551 893 899 -1
897 -22.593415163647492 -185.994180149408 964.9425021125032 894 900 -1
898 -13.017678593747972 -184.53943439952104 977.494282909941 895 901 -1
899 -20.15519367988048 -167.8077568758551 994.0856074487801 896 902 -1
900 -22.59034878479863 -186.00706935424188 964.7598906113495 897 903 -1
901 -12.816773064200333 -184.5428521675179 977.4916683417604 898 904 -1
902 -20.163462775096846 -167.76383537196196 994.2877101409381 899 905 -1
903 -22.588342773270774 -186.01951617420957 964.5772336799707 900 906 -1
904 -12.615856586483487 -184.54575329981353 977.4892821539065 901 907 -1
905 -20.17478797453368 -167.7228215701672 994.4902747141517 902 908 -1
906 -22.587391350009725 -186.03156415699638 964.3945414579507 903 909 -1
907 -12.41492966712848 -184.54808344358563 977.4871663957402 904 910 -1
908 -20.18901559092806 -167.68501832746773 994.6932796982755 905 911 -1
909 -22.587486210402417 -186.04325786657395 964.2118237597492 906 912 -1
910 -12.213993439845217 -184.54978778576373 977.4853633510664 907 913 -1
911 -20.20603338816144 -167.65076126834848 994.8966985451882 908 914 -1
912 -22.588619691984132 -186.05464151710896 964.0290899693838 909 915 -1
913 -12.013049742861849 -184.55081096543532 977.4839156085101 910 916 -1
914 -20.22573246144505 -167.62037247226033 995.1004898055057 911 917 -1
915 -22.590785332895624 -186.06575893664134 963.8463491009529 912 918 -1
916 -11.812101200358565 -184.55109698890683 977.4828661299257 913 919 -1
917 -20.248025657978804 -167.59377633303075 995.3045450768963 914 920 -1
918 -22.59397707041587 -186.07665390947042 963.6636098710173 915 921 -1
919 -11.611151308546653 -184.5505891476584 977.4822583166957 916 922 -1
920 -20.272784949071895 -167.57034074934168 995.5087042942368 917 923 -1
921 -22.598189243038185 -186.0873702156584 963.4808807435339 918 924 -1
922 -11.410204536956176 -184.54922993958724 977.4821545736519 919 925 -1
923 -20.299873238370836 -167.5493964051144 995.7128391937105 920 926 -1
924 -22.603416591774263 -186.09795167186482 963.2981699744015 921 927 -1
925 -11.209267252038565 -184.546961005325 977.4828235854147 922 928 -1
926 -20.32917842912683 -167.53030824890794 995.9168504889 923 929 -1
927 -22.6096542607347 -186.10844217340497 963.1154856557727 924 930 -1
928 -11.008351073707754 -184.5437231382167 977.484688399237 925 931 -1
929 -20.360592559509588 -167.51244614636624 996.1206593971816 926 932 -1
930 -22.61689779702431 -186.1188857374328 962.9328357602892 927 933 -1
931 -10.807476198225235 -184.53945640296558 977.4881807584321 928 934 -1
932 -20.39401167353116 -167.4951855556793 996.3242014124027 929 935 -1
933 -22.62514314997999 -186.12932654715348 962.7502281854069 930 936 -1
934 -10.606674363270692 -184.53410037267278 977.4937360288252 931 937 -1
935 -20.429357857536424 -167.47789969213602 996.5274155823627 932 938 -1
936 -22.634382724408194 -186.13980562356147 962.5676703971188 933 939 -1
937 -10.40599187097269 -184.52759450559708 977.5017927050814 934 940 -1
938 -20.466514117007463 -167.46001655388588 996.7302547294712 935 941 -1
939 -22.644567723887015 -186.15032875946534 962.3851654134074 936 942 -1
940 -10.205492635850339 -184.5198786827177 977.5127912813416 937 943 -1
941 -20.505388618307617 -167.44151211523683 996.9327158653782 938 944 -1
942 -22.655623552643114 -186.16087996661406 962.2027127007727 939 945 -1
943 -10.005261182924334 -184.51089392510104 977.5271723442089 940 946 -1
944 -20.545905644020156 -167.42270835237932 997.1348271712947 941 947 -1
945 -22.66747526922957 -186.1714428794949 962.0203106072084 942 948 -1
946 -9.805405480951482 -184.5005833053587 977.5453737541445 943 949 -1
947 -20.587994186432827 -167.40393337380016 997.3366198178354 944 950 -1
948 -22.680046867091846 -186.18200107852627 961.8379564186248 945 951 -1
949 -9.60605945026484 -184.4888930592245 977.5678268027557 946 952 -1
950 -20.631587191388878 -167.38551590953418 997.5381258435167 947 953 -1
951 -22.69326164545142 -186.19253814454396 961.655646467578 948 954 -1
952 -9.407384937715314 -184.47577389071782 977.5949512732378 949 955 -1
953 -20.676625592558707 -167.36779088696318 997.7393759207447 950 956 -1
954 -22.70704313510505 -186.20303763329503 961.4733762929092 951 957 -1
955 -9.209575311906278 -184.4611790914437 977.627161523016 952 958 -1
956 -20.723060325963154 -167.35111092098322 997.9403977314292 953 959 -1
957 -22.72131453262246 -186.21348306152234 961.2911406991896 954 960 -1
958 -9.012844533458932 -184.44507258193772 977.6647982368552 955 961 -1
959 -20.770814020478618 -167.33581136997165 998.141219982646 956 962 -1
960 -22.73599870279791 -186.2238579005945 961.1089338540957 957 963 -1
961 -8.817226771328572 -184.42747082349948 977.7072685308341 958 964 -1
962 -20.81982803598892 -167.32224558070922 998.3418628044531 959 965 -1
963 -22.751018175450085 -186.23414556937473 960.9267493870592 960 966 -1
964 -8.622532011117272 -184.4084102101484 977.7532174203999 961 967 -1
965 -20.87004354944858 -167.31077802502978 998.542339043356 962 968 -1
966 -22.76629513741284 -186.24432942652177 960.7445804891964 963 969 -1
967 -8.42849773974155 -184.38791383273286 977.8012983224929 964 970 -1
968 -20.921400507693455 -167.30178611549533 998.742652160546 965 971 -1
969 -22.78175142058055 -186.25439276241556 960.562420014573 966 972 -1
970 -8.234820167271218 -184.3659909250988 977.8501834837025 967 973 -1
971 -20.97385666666281 -167.29572662870265 998.9427900383849 968 974 -1
972 -22.79730848689488 -186.26431879090583 960.3802605828968 969 975 -1
973 -8.041176341707894 -184.3426386749425 977.8985359805632 970 976 -1
974 -21.027326612789555 -167.29297182331248 999.1427314387998 971 977 -1
975 -22.81288741118175 -186.27409064108448 960.1980946837652 972 978 -1
976 -7.847245909405262 -184.31784501113995 977.9449786197265 973 979 -1
977 -21.08173604242797 -167.2939421888015 999.34243508228 974 980 -1
978 -22.828408862772772 -186.28369134928886 960.0159147826154 975 981 -1
979 -7.652735663077644 -184.2915927049449 977.9880621607824 976 982 -1
980 -21.137007860879596 -167.29909083407873 999.5418372129227 977 983 -1
981 -22.843793086870917 -186.2931038515463 959.8337134285352 978 984 -1
982 -7.457410265983597 -184.26386532903084 978.0262359982064 979 985 -1
983 -21.19307161500622 -167.30900794387765 999.7408366217932 980 986 -1
984 -22.858959886650133 -186.3023109766813 959.6514833641037 981 987 -1
985 -7.261132414099848 -184.23465576301035 978.0578261669982 982 988 -1
986 -21.24980715855286 -167.3240651080989 999.939320768415 983 989 -1
987 -22.87382860710967 -186.31129544030938 959.4692176374118 984 990 -1
988 -7.063911370422755 -184.20397146040634 978.0809815000878 985 991 -1
989 -21.307104852997483 -167.34476838839254 1000.137132884922 986 992 -1
990 -22.888318121737576 -186.32003983995475 959.2869097164071 987 993 -1
991 -6.865975491451948 -184.17184602360732 978.0935970941744 988 994 -1
992 -21.364856071072793 -167.37169291106736 1000.3340615082801 989 995 -1
993 -22.902346823074172 -186.3285266515342 959.1045536056666 990 996 -1
994 -6.6678688807962745 -184.1384121957409 978.0938345203493 991 997 -1
995 -21.42294414142303 -167.40468106499202 1000.5299657095717 992 998 -1
996 -22.915832618302478 -186.33673822746115 958.922143965668 993 999 -1
997 -6.470464647465853 -184.1038538020075 978.0798014006434 994 1000 -1
998 -21.48127551447088 -167.44376220348295 1000.724673432119 995 1001 -1
999 -22.92869293103076 -186.3446567966328 958.7396762345685 996 1002 -1
1000 -6.274952792089116 -184.0684241228992 978.0501307047332 997 1003 -1
1001 -21.539748602202494 -167.4888169141586 1000.9180436544301 998 1004 -1
1002 -22.94084471046702 -186.35226446657154 958.5571467524353 999 1005 -1
1003 -6.082111190349018 -184.03232461614076 978.0067979930059 1000 1006 -1
1004 -21.598263219396678 -167.53966746644528 1001.1099589620783 1001 1007 -1
1005 -22.952203373456598 -186.35954280171325 958.374552806743 1002 1008 -1
1006 -5.891880084696218 -183.99563760195758 977.9535027798594 1003 1009 -1
1007 -21.65671994814355 -167.59629868069493 1001.3002668676164 1004 1010 -1
1008 -22.962685511884132 -186.36647393496114 958.1918929800062 1005 1011 -1
1009 -5.70379359384462 -183.9583397540887 977.8934128599736 1006 1012 -1
1010 -21.715025699430868 -167.65838825565135 1001.4889117893497 1007 1013 -1
1011 -22.972206947043603 -186.37303971626108 958.0091671064804 1008 1014 -1
1012 -5.517116698963814 -183.92034136891291 977.8294696651216 1009 1015 -1
1013 -21.773078568066513 -167.725974075857 1001.675737225178 1010 1016 -1
1014 -22.98068298781416 -186.3792218374193 957.826376426991 1011 1017 -1
1015 -5.330957938140985 -183.88148760505487 977.7645330947803 1012 1018 -1
1016 -21.830798480052295 -167.7986800236541 1001.8607346350219 1013 1019 -1
1017 -22.988028673418775 -186.38500192296803 957.6435237356134 1014 1020 -1
1018 -5.144338835281682 -183.8416175749065 977.7015739384829 1015 1021 -1
1019 -21.888087044307326 -167.87648028323235 1002.0437839250106 1016 1022 -1
1020 -22.994158854365775 -186.39036155147866 957.4606135117499 1017 1023 -1
1021 -4.956334766356608 -183.8005553048905 977.6437375494776 1018 1024 -1
1022 -21.944872387314696 -167.9590646043345 1002.224884146176 1019 1025 -1
1023 -22.998988289702417 -186.39528228105135 957.2776520510419 1020 1026 -1
1024 -4.766140279696349 -183.75812139034002 977.5947963998531 1021 1027 -1
1025 -22.001066203920473 -168.0463240829464 1002.4039656481602 1022 1028 -1
1026 -23.002431761732666 -186.39974567923656 957.0946475939717 1023 1029 -1
1027 -4.573349520546747 -183.7142239402404 977.5592632815195 1024 1030 -1
1028 -22.05660056488065 -168.1380134145024 1002.5810286521163 1025 1031 -1
1029 -23.004404209250346 -186.40373335761723 956.9116104508176 1026 1032 -1
1030 -4.378412029165068 -183.6689787559935 977.542210935468 1027 1033 -1
1031 -22.11140282254583 -168.23395361748027 1002.7560561214622 1028 1034 -1
1032 -23.00482088020474 -186.40722701124534 956.7285531214277 1029 1035 -1
1033 -4.1831267474782265 -183.62281883974876 977.5493596058934 1030 1036 -1
1034 -22.165403037499036 -168.33396922539848 1002.9290400553463 1031 1037 -1
1035 -23.003597504542235 -186.41020846308268 956.5454904080761 1032 1038 -1
1036 -3.99112541329672 -183.5766613234227 977.5853916661404 1033 1039 -1
1037 -22.218550291674102 -168.43781702096118 1003.1000188238921 1034 1040 -1
1038 -23.0006504877518 -186.41265971353837 956.3624395194767 1035 1041 -1
1039 -3.805909709998107 -183.53142954412073 977.6484870552925 1036 1042 -1
1040 -22.270764646246086 -168.54539771705683 1003.2689653557592 1037 1043 -1
1041 -22.995897125380722 -186.4145629951316 956.1794201638371 1038 1044 -1
1042 -3.626827185145081 -183.48697029325723 977.7279978249243 1039 1045 -1
1043 -22.32200473751353 -168.65642561090138 1003.4359690732266 1040 1046 -1
1044 -22.989251824061864 -186.4158996438401 955.9964547884003 1041 1047 -1
1045 -3.4505645065045645 -183.4424655433594 977.8136238132898 1042 1048 -1
1046 -22.37201651401571 -168.77085478860263 1003.6010381712279 1043 1049 -1
1047 -22.980637875536594 -186.41665349430306 955.8135682859244 1044 1050 -1
1048 -3.2733223950503723 -183.39690891195445 977.8966025653301 1045 1051 -1
1049 -22.420518720901008 -168.88846898509436 1003.7643092027093 1046 1052 -1
1050 -22.97003847264886 -186.41680805770292 955.6307845740621 1047 1053 -1
1051 -3.0912768144691487 -183.349210410001 977.9668153029985 1048 1054 -1
1052 -22.467182330076795 -169.00917585294917 1003.9258497665737 1049 1055 -1
1053 -22.957572483363986 -186.41634693042982 955.4481190850684 1050 1056 -1
1054 -2.9021061477808794 -183.2986196503983 978.0105726680148 1051 1057 -1
1055 -22.511682015981243 -169.132864551537 1004.0857367336453 1052 1058 -1
1056 -22.943377007489257 -186.41525375746107 955.265582446585 1053 1059 -1
1057 -2.7088842984322015 -183.2458099701288 978.0103164238387 1054 1060 -1
1058 -22.553750763262858 -169.2593584845545 1004.2440796713988 1055 1061 -1
1059 -22.927588304466607 -186.41351215293125 955.0831816537121 1056 1062 -1
1060 -2.5217948705031246 -183.19352942103342 977.9602654563374 1057 1063 -1
1061 -22.59297964784713 -169.38862993170866 1004.4009008464933 1058 1064 -1
1062 -22.910341711479298 -186.4111056366204 954.9009204085767 1059 1065 -1
1063 -2.3421026702549685 -183.14220331984106 977.8864626858004 1060 1066 -1
1064 -22.629141200797786 -169.52046867164094 1004.5563151004382 1061 1067 -1
1065 -22.891771612829277 -186.4080175727077 954.7187994528882 1062 1068 -1
1066 -2.1623182833803765 -183.08975856048005 977.8137006929027 1063 1069 -1
1067 -22.661865555020224 -169.6547897463017 1004.7103590780865 1064 1070 -1
1068 -22.872011455036493 -186.4042311111366 954.5368168918592 1065 1071 -1
1069 -1.9755092698276855 -183.03404511354563 977.7661840874629 1066 1072 -1
1070 -22.690816717328854 -169.7914654373906 1004.8630810356977 1067 1073 -1
1071 -22.851193802351073 -186.3997291318923 954.3549685086374 1068 1074 -1
1072 -1.7841295130370531 -182.97569581797035 977.7484986670427 1069 1075 -1
1073 -22.715739959455465 -169.9303176332812 1005.0145447439033 1070 1076 -1
1074 -22.829450427659594 -186.39449419247245 954.173248069084 1071 1077 -1
1075 -1.5926217297776284 -182.91601018884336 977.7367568715192 1072 1078 -1
1076 -22.736156852784358 -170.07126907170837 1005.1647378979659 1073 1079 -1
1077 -22.806912434077784 -186.3885084788292 953.9916476172951 1074 1080 -1
1078 -1.403470343124834 -182.8557656994111 977.7064590403753 1075 1081 -1
1079 -22.75188209521422 -170.2140939441721 1005.3137196485422 1076 1082 -1
1080 -22.783710402831385 -186.38175376007484 953.8101577627534 1077 1083 -1
1081 -1.2181498648793572 -182.79552911282556 977.6575247989342 1078 1084 -1
1082 -22.762566103566552 -170.35864801737006 1005.4614750418255 1079 1085 -1
1083 -22.759974386252324 -186.37421099352318 953.6287679992776 1080 1086 -1
1084 -1.034636410825019 -182.7347019620122 977.6027150899654 1081 1087 -1
1085 -22.768051004873897 -170.5047436549536 1005.6079932404891 1082 1088 -1
1086 -22.735834322218953 -186.36586007759428 953.447466969074 1083 1089 -1
1087 -0.8501218024531972 -182.67240138418921 977.5532843259155 1084 1090 -1
1088 -22.768312846033666 -170.65216160236818 1005.7532845402301 1085 1091 -1
1089 -22.71142111165622 -186.35668241537536 953.266242490082 1086 1092 -1
1090 -0.6630154652783622 -182.60801957346857 977.5185817723951 1087 1093 -1
1091 -22.763065074432912 -170.80073983149344 1005.8972934938338 1088 1094 -1
1092 -22.686865152406522 -186.3466577155399 953.0850821862693 1089 1095 -1
1093 -0.4744186694608147 -182.54176685041347 977.4984189588382 1090 1096 -1
1094 -22.75236904945734 -170.95023931411737 1006.0400410681652 1091 1097 -1
1095 -22.662297331464732 -186.335765111254 952.9039736134961 1092 1098 -1
1096 -0.2855117411184332 -182.47378520313592 977.4904309637817 1093 1099 -1
1097 -22.736076436985954 -171.10046192346752 1006.1814945915936 1094 1100 -1
1098 -22.637849251614593 -186.32398314678872 952.7229045332305 1095 1101 -1
1099 -0.09703391222585023 -182.40414341592881 977.4916754683172 1096 1102 -1
1100 -22.714047396842354 -171.25119799781723 1006.3216182930123 1097 1103 -1
1101 -22.613653458825063 -186.31128977179839 952.5418631919317 1098 1104 -1
1102 0.09065230336789384 -182.33278637651958 977.4994644721443 1099 1105 -1
1103 -22.686332228257534 -171.40222266708105 1006.4604154337774 1100 1106 -1
1104 -22.589843666794234 -186.2976623442495 952.3608386085302 1101 1107 -1
1105 0.27738701411980554 -182.25951710309505 977.5113894519537 1102 1108 -1
1106 -22.652763909870718 -171.5533210460536 1006.5978332899004 1103 1109 -1
1107 -22.566554974798496 -186.28307764312052 952.1798208723867 1104 1110 -1
1108 0.46317472356229483 -182.18415660598467 977.5249805085069 1105 1111 -1
1109 -22.61338887670753 -171.70427565234667 1006.7338609928511 1106 1112 -1
1110 -22.543924074693333 -186.2675118921395 951.9988014540075 1107 1113 -1
1111 0.6480483085520253 -182.10647914342317 977.5379658533135 1108 1114 -1
1112 -22.568453660150077 -171.8548984653814 1006.8685275484679 1109 1115 -1
1113 -22.52208967009235 -186.25094054573643 951.8177735273483 1110 1116 -1
1114 0.8319956611865155 -182.0262271204702 977.5480878061376 1111 1117 -1
1115 -22.51807972546724 -172.0050071485019 1007.0018377853361 1112 1118 -1
1116 -22.50119597786569 -186.23333521105366 951.636732262697 1113 1119 -1
1117 1.014889644671753 -181.9431428805456 977.5529697665385 1114 1120 -1
1118 -22.46249453501377 -172.1544386572629 1007.1338315687302 1115 1121 -1
1119 -22.48138296487984 -186.21467410043726 951.4556753535828 1116 1122 -1
1120 1.1964597502620977 -181.85712604810013 977.5503890048764 1117 1123 -1
1121 -22.40195628841636 -172.30305168579534 1007.264565074403 1118 1124 -1
1122 -22.462795533440563 -186.19493169364728 951.274603263041 1119 1125 -1
1123 1.3761772629624547 -181.76813753355623 977.5380516040811 1120 1126 -1
1124 -22.3366433995375 -172.45070693420212 1007.394081448089 1121 1127 -1
1125 -22.44558087887847 -186.1740822571086 951.0935196544248 1122 1128 -1
1126 1.5532831165851144 -181.67630007246427 977.5141943681622 1123 1129 -1
1127 -22.26663713158643 -172.59724877879395 1007.5224055814854 1124 1130 -1
1128 -22.429888514332802 -186.15209996924352 950.9124318115574 1125 1131 -1
1129 1.7276434514489611 -181.5821002722434 977.4810285223107 1126 1132 -1
1130 -22.19221902556822 -172.74257971278152 1007.6496189528285 1127 1133 -1
1131 -22.41587418014676 -186.1289565157422 950.7313511251563 1128 1134 -1
1132 1.8996609289838406 -181.48590789104847 977.4418385268468 1129 1135 -1
1133 -22.113549264682558 -172.8865857140961 1007.7757769154028 1130 1136 -1
1134 -22.403695763166443 -186.10462443072942 950.5502936414931 1131 1137 -1
1135 2.0699551153732902 -181.3879027275529 977.3996982798845 1132 1138 -1
1136 -22.030780071343884 -173.02915839340068 1007.9009370432588 1133 1139 -1
1137 -22.39350384378094 -186.07908248043026 950.3692802720172 1134 1140 -1
1138 2.2392653279734884 -181.28812606324263 977.3577503837123 1135 1141 -1
1139 -21.943989974450798 -173.17016590616794 1008.0251434858411 1136 1142 -1
1140 -22.385456349405484 -186.05230624539132 950.1883374172468 1137 1143 -1
1141 2.408396754309455 -181.18667887892602 977.3192563593458 1138 1144 -1
1142 -21.853375471510375 -173.3095285897502 1008.1484717429438 1139 1145 -1
1143 -22.379716386890323 -186.02427028272737 950.0074976287242 1140 1146 -1
1144 2.5780195813185482 -181.08367431149898 977.2877550753411 1141 1147 -1
1145 -21.759078400439407 -173.44715490478245 1008.2709864586769 1142 1148 -1
1146 -22.37645522295736 -185.9949471442855 949.8268005599765 1143 1149 -1
1147 2.7485667817360886 -180.97940747020917 977.2675756593078 1144 1150 -1
1148 -21.661219993254214 -173.5829500784593 1008.3927497308207 1145 1151 -1
1149 -22.375821585461484 -185.96432270696442 949.6462913967051 1146 1152 -1
1150 2.9198857367033657 -180.87461931116488 977.2629573346186 1147 1153 -1
1151 -21.559914699359947 -173.71682059103463 1008.5138240737753 1148 1154 -1
1152 -22.37797587542176 -185.93237820898608 949.4660231058251 1149 1155 -1
1153 3.0909355685945927 -180.77065553653097 977.2793203405953 1150 1156 -1
1154 -21.455230964605352 -173.84864765345026 1008.6342653246929 1151 1157 -1
1155 -22.38309443161621 -185.89908972354206 949.2860582653904 1152 1158 -1
1156 3.2599081035339093 -180.66932281414643 977.3183275777827 1153 1159 -1
1157 -21.347296525591968 -173.97835041578006 1008.7541420657035 1154 1160 -1
1158 -22.391326277691252 -185.86444768746017 949.1064650569047 1155 1161 -1
1159 3.4270101027422215 -180.57123443289439 977.3715272210926 1156 1162 -1
1160 -21.23622537411574 -174.105845649466 1008.8735203483114 1157 1163 -1
1161 -22.402818938544492 -185.82844433004448 948.9273194644977 1158 1164 -1
1162 3.5948290297400063 -180.4756711887489 977.4270564832751 1159 1165 -1
1163 -21.122108302676025 -174.23103759082113 1008.9924626912798 1160 1166 -1
1164 -22.417724783628145 -185.79106851867672 948.7487073740707 1161 1167 -1
1165 3.766566156015946 -180.3818101987909 977.472291552205 1162 1168 -1
1166 -21.005031466923032 -174.3538282898074 1009.111031387906 1163 1169 -1
1167 -22.436019151237588 -185.752337268782 948.5706998259059 1164 1170 -1
1168 3.9440818456388795 -180.29005605699373 977.4904597760184 1165 1171 -1
1169 -20.885076859035106 -174.47411700715668 1009.2292884366103 1166 1172 -1
1170 -22.457536674893028 -185.71228901577535 948.3933451032954 1167 1173 -1
1171 4.123655792449169 -180.2034700586729 977.4678634544503 1168 1174 -1
1172 -20.762282315612605 -174.59175936811286 1009.3472926515196 1169 1175 -1
1173 -22.482126651109795 -185.6709539900479 948.2166860536281 1170 1176 -1
1174 4.300374635065202 -180.12394536745296 977.4151217214817 1171 1177 -1
1175 -20.6367589273525 -174.70667739686732 1009.465109467914 1172 1178 -1
1176 -22.509638618266 -185.6283607448588 948.040758069493 1173 1179 -1
1177 4.474757845746084 -180.0502964791713 977.3477353088578 1174 1180 -1
1178 -20.50858528594095 -174.81876388456283 1009.5828001906904 1175 1181 -1
1179 -22.53989679623837 -185.58454779719233 947.8655819287968 1176 1182 -1
1180 4.650360786794258 -179.98020935844121 977.2797099344086 1177 1183 -1
1181 -20.37783163890052 -174.92790059840067 1009.7004250168088 1178 1184 -1
1182 -22.572742702501216 -185.53954546463208 947.6911748090595 1179 1185 -1
1183 4.831326368039891 -179.91137389903793 977.2264356668682 1180 1186 -1
1184 -20.244566804394015 -175.03396364217537 1009.8180435079918 1181 1187 -1
1185 -22.60803283118448 -185.4933758498205 947.5175517867902 1182 1188 -1
1186 5.018755049210968 -179.84266096145546 977.2077342143807 1183 1189 -1
1187 -20.108842052788297 -175.1367993947669 1009.9357152598349 1184 1190 -1
1188 -22.645596818789066 -185.44607315007022 947.3447124680298 1185 1191 -1
1189 5.206906160104421 -179.77519891040262 977.2268840740392 1186 1192 -1
1190 -19.97071305406608 -175.23624781161092 1010.0535003113736 1187 1193 -1
1191 -22.68527847584092 -185.39766458986563 947.1726541408204 1188 1194 -1
1192 5.39383513973952 -179.70849601270072 977.2583219194516 1189 1195 -1
1193 -19.830278277392004 -175.33220355320216 1010.1714549182526 1190 1196 -1
1194 -22.726926650843495 -185.34817442990467 947.0013698273061 1191 1197 -1
1195 5.58198644438572 -179.64048435683742 977.2756559422901 1192 1198 -1
1196 -19.6876076131756 -175.42451412671036 1010.2896347650607 1193 1199 -1
1197 -22.770400780846295 -185.29762017900444 946.8308515525255 1194 1200 -1
1198 5.770226557501794 -179.57040015817532 977.2715152490309 1195 1201 -1
1199 -19.542773188346846 -175.51301894318092 1010.4080940296174 1196 1202 -1
1200 -22.81554232328115 -185.2460297635262 946.6610784112055 1197 1203 -1
1201 5.957270052808619 -179.4977693733961 977.2605732088326 1198 1204 -1
1202 -19.395812356432607 -175.59747086508108 1010.5268922511834 1199 1205 -1
1203 -22.86220701257619 -185.19342305643104 946.4920303898382 1200 1206 -1
1204 6.143170521623719 -179.42164602823013 977.2565583906013 1201 1207 -1
1205 -19.246834442251153 -175.67773942553546 1010.6460765276313 1202 1208 -1
1206 -22.91025310491502 -185.13981835968121 946.3236841736929 1203 1209 -1
1207 6.3274070959406075 -179.34142742196332 977.2571932687562 1204 1210 -1
1208 -19.095934268919198 -175.75365560986074 1010.7656928263104 1205 1211 -1
1209 -22.959544941318633 -185.08522925384176 946.1560156856561 1206 1212 -1
1210 6.5093689175933624 -179.25677438241283 977.2483285263758 1207 1213 -1
1211 -18.94320001851911 -175.82501399532552 1010.8857864896323 1208 1214 -1
1212 -23.00994292179985 -185.02967241957623 945.9889950695823 1209 1215 -1
1213 6.687763764518498 -179.16808131449994 977.2224870327485 1210 1216 -1
1214 -18.788691460548698 -175.89148747461647 1011.0064117834554 1211 1217 -1
1215 -23.06130972941909 -184.97316365647606 945.8225900236363 1212 1218 -1
1216 6.8626258179118285 -179.07588046113392 977.1864534700273 1213 1219 -1
1217 -18.632562870449593 -175.9529751137779 1011.127592707809 1214 1220 -1
1218 -23.11351255965169 -184.915715324796 945.6567678083164 1215 1221 -1
1219 7.03509647482809 -178.98014710857186 977.1481287640449 1216 1222 -1
1220 -18.47493297083609 -176.00925313974477 1011.2493601347247 1217 1223 -1
1221 -23.16642030757703 -184.85733844939924 945.491494132145 1218 1224 -1
1222 7.206368723815893 -178.8806563142028 977.1143399355656 1219 1225 -1
1223 -18.31589653852006 -176.0599277466275 1011.3717569679932 1220 1226 -1
1224 -23.21990428654199 -184.79804080401814 945.3267344584596 1221 1227 -1
1225 7.377141296859724 -178.77733437733943 977.0914544720242 1222 1228 -1
1226 -18.15563656779875 -176.1048908198754 1011.4947858645417 1223 1229 -1
1227 -23.27383533002475 -184.73783060340307 945.1624521296787 1224 1230 -1
1228 7.547192914461469 -178.67057884603872 977.0857593445518 1225 1231 -1
1229 -17.994310929936763 -176.14388107731435 1011.6184579149177 1226 1232 -1
1230 -23.328084319914456 -184.67671768882107 944.9986083732837 1227 1233 -1
1231 7.715347213880278 -178.5614385041658 977.0989021653279 1228 1234 -1
1232 -17.83207983071386 -176.17649546311384 1011.7427884183696 1229 1235 -1
1233 -23.382524198557086 -184.61470843935493 944.8351651792594 1230 1236 -1
1234 7.881291475962567 -178.45050345641974 977.1220110446903 1231 1237 -1
1235 -17.669165973116826 -176.20265644201345 1011.867748466204 1232 1238 -1
1236 -23.437028133626168 -184.55180829224992 944.6720841460557 1233 1239 -1
1237 8.04575701523746 -178.33754033790387 977.1458891429334 1234 1240 -1
1238 -17.505774232496343 -176.22195797237367 1011.9933295468715 1235 1241 -1
1239 -23.491469131356506 -184.4880215641479 944.5093267630012 1236 1242 -1
1240 8.209512629090854 -178.22228167134656 977.1623405156065 1237 1243 -1
1241 -17.342149426797945 -176.23421845291216 1012.1194892721035 1238 1244 -1
1242 -23.545718294224514 -184.42334816137844 944.3468554978349 1239 1245 -1
1243 8.372513031197558 -178.10496890246804 977.1688180890628 1240 1246 -1
1244 -17.178549900154067 -176.23921569238436 1012.2461764425134 1241 1247 -1
1245 -23.59964772116371 -184.35779539914824 944.184630415496 1242 1248 -1
1246 8.534449347473387 -177.98602165189513 977.1668165417091 1243 1249 -1
1247 -17.015260013777887 -176.23660943997223 1012.3733329256651 1244 1250 -1
1248 -23.653128064551048 -184.29136593143488 944.0226134581388 1245 1251 -1
1249 8.695178024455672 -177.86574907206094 977.1579455704934 1246 1252 -1
1250 -16.852564713483048 -176.2263968113827 1012.5008673528594 1247 1253 -1
1251 -23.70602850393205 -184.2240620184401 943.8607671351868 1248 1254 -1
1252 8.854695439987 -177.74437051158924 977.1437730777374 1249 1255 -1
1253 -16.69078541611282 -176.20825152644 1012.6286856542524 1250 1256 -1
1254 -23.758214946867234 -184.15588415815762 943.6990548989727 1251 1257 -1
1255 9.013038424044055 -177.6219882070304 977.1255922526971 1252 1258 -1
1256 -16.530111253407384 -176.18279049236904 1012.7566510123892 1253 1259 -1
1257 -23.809549289496964 -184.0868319021357 943.5374410265764 1254 1260 -1
1258 9.170359080594245 -177.49870268662923 977.1048097477001 1255 1261 -1
1259 -16.37075135867151 -176.15024780544724 1012.8846567805507 1256 1262 -1
1260 -23.859897136062543 -184.0169108333738 943.3758904636585 1257 1263 -1
1261 9.326801214169361 -177.37454841463864 977.0826071024758 1258 1264 -1
1262 -16.212830959819776 -176.11115881252726 1013.0126165824665 1259 1265 -1
1263 -23.909118310901448 -183.94612312283607 943.2143701972798 1260 1266 -1
1264 9.48250625962229 -177.24952171939003 977.0601186210744 1261 1267 -1
1265 -16.056456425373575 -176.06597082258926 1013.1404685195208 1262 1268 -1
1266 -23.95706565962503 -183.87446899586607 943.0528488964302 1263 1269 -1
1267 9.637621234600466 -177.12366529121192 977.0381883827341 1264 1270 -1
1268 -15.901734471200022 -176.01502734525823 1013.2681689428357 1265 1271 -1
1269 -24.003588343789403 -183.80195004682884 942.8912970602324 1266 1272 -1
1270 9.792226791193546 -176.99703735907784 977.0171196010082 1267 1273 -1
1271 -15.748676050801583 -175.95889568787544 1013.3957001297586 1268 1274 -1
1272 -24.04854158365674 -183.7285742181062 942.7296879537296 1269 1275 -1
1273 9.946391620954252 -176.86969624441667 976.9971489377194 1270 1276 -1
1274 -15.597338952513992 -175.89790286620104 1013.5230548252944 1271 1277 -1
1275 -24.09176909055842 -183.6543457109374 942.5679975618845 1272 1278 -1
1276 10.100177601137371 -176.74169591602626 976.9785171980373 1273 1279 -1
1277 -15.447726849594865 -175.83246939530753 1013.6502444719823 1274 1280 -1
1278 -24.13310507951995 -183.5792667289129 942.4062054007301 1275 1281 -1
1279 10.25364224827769 -176.61309107069476 976.9614676396731 1276 1282 -1
1280 -15.299808532252102 -175.76303468402008 1013.7772948450545 1277 1283 -1
1281 -24.172407868627545 -183.50335247415964 942.2442965444251 1278 1284 -1
1282 10.406842518682398 -176.4839474475288 976.9462099191172 1279 1285 -1
1283 -15.153581104763845 -175.6899198771564 1013.9042392993547 1280 1286 -1
1284 -24.209510658005414 -183.42661094556146 942.0822588111828 1281 1287 -1
1285 10.559824889490967 -176.35432421834187 976.9329693161576 1282 1288 -1
1286 -15.009020526858103 -175.61345934364167 1014.0311225016541 1283 1289 -1
1287 -24.244245544810983 -183.34905426448904 941.9200845636617 1284 1290 -1
1288 10.712629706549322 -176.22428296174556 976.9219706400494 1285 1291 -1
1289 -14.86605914411843 -175.5340352553873 1014.1579976616465 1286 1292 -1
1290 -24.27645998109765 -183.27070326736018 941.7577721192378 1287 1293 -1
1291 10.865290821053186 -176.09388846133382 976.913438753982 1288 1294 -1
1292 -14.724650388537139 -175.45195475918533 1014.284922921703 1289 1295 -1
1293 -24.305955378216836 -183.19156909978662 941.595323033723 1290 1296 -1
1294 11.017835179162459 -175.9632094901292 976.9075989217397 1291 1297 -1
1295 -14.58475985671931 -175.36748598172974 1014.4119642679943 1292 1298 -1
1296 -24.332586792652826 -183.11168267418833 941.4327477008821 1293 1299 -1
1297 11.170282126660146 -175.83231920998819 976.90468576954 1294 1300 -1
1298 -14.446326763102114 -175.28092240239044 1014.5391922279698 1295 1301 -1
1299 -24.356150973443334 -183.0310639674284 941.27006065867 1296 1302 -1
1300 11.322642929596716 -175.7012970590624 976.9049472507425 1297 1303 -1
1301 -14.3092775835157 -175.19255521486613 1014.6666785404302 1298 1304 -1
1302 -24.37649166597776 -182.9497490878536 941.1072854314133 1299 1305 -1
1303 11.474921485346703 -175.57023031991645 976.9085829713949 1300 1306 -1
1304 -14.173552676990571 -175.10264097826365 1014.7944997798038 1301 1307 -1
1305 -24.39340518787395 -182.86776886536987 940.9444520867887 1302 1308 -1
1306 11.62711183617543 -175.4392112955777 976.9158189477641 1303 1309 -1
1307 -14.039091506817444 -175.0114273665494 1014.922735719108 1304 1310 -1
1308 -24.406736867892885 -182.78516861705629 940.7815997213627 1305 1311 -1
1309 11.77919846699832 -175.30833982245247 976.9268799977233 1306 1312 -1
1310 -13.905848830767017 -174.91914332367693 1015.0514768886366 1307 1313 -1
1311 -24.416277139451527 -182.701989583145 940.6187760620182 1308 1314 -1
1312 11.931155736880429 -175.17772378819268 976.9419886189837 1309 1315 -1
1313 -13.773752167699094 -174.82603739534886 1015.1808060146626 1310 1316 -1
1314 -24.42188571254343 -182.61828866049476 940.4560372903765 1311 1317 -1
1315 12.082947755009215 -175.0474740787596 976.9613268033652 1312 1318 -1
1316 -13.642735938816617 -174.73234416802254 1015.3108083463668 1313 1319 -1
1317 -24.42335136064987 -182.53411880391812 940.2934507529662 1314 1320 -1
1318 12.234538782754917 -174.91764221981492 976.9846516728599 1315 1321 -1
1319 -13.512741845050666 -174.63828976372568 1015.4415737767633 1316 1322 -1
1320 -24.42054683931543 -182.44954790556622 940.1310904940108 1317 1323 -1
1321 12.385913010466592 -174.78821900753593 977.011411445989 1318 1324 -1
1322 -13.383728699930893 -174.5440551213479 1015.5731782729016 1319 1325 -1
1323 -24.41328948302765 -182.36464340482945 939.9690429350593 1320 1326 -1
1324 12.537075835899932 -174.65917581514802 977.0410525946237 1321 1327 -1
1325 -13.255699078154581 -174.4497163565889 1015.7056657181344 1322 1328 -1
1326 -24.401450182076356 -182.2794822819914 939.8074009493082 1323 1329 -1
1327 12.688050083320606 -174.53046948317268 977.0730315779759 1324 1330 -1
1328 -13.128664850097431 -174.35533289678386 1015.8390762375265 1325 1331 -1
1329 -24.384892876257233 -182.19414542242484 939.6462671262776 1326 1332 -1
1330 12.838872366384837 -174.40204554050243 977.1068148589613 1327 1333 -1
1331 -13.002618373114801 -174.26096485412342 1015.973431121383 1328 1334 -1
1332 -24.363504311429942 -182.10871858591833 939.4857512899747 1329 1335 -1
1333 12.989589703459187 -174.273841516502 977.1418791516907 1330 1336 -1
1334 -12.877565161666677 -174.16667145920525 1016.1087629876292 1331 1337 -1
1335 -24.337388691571302 -182.0232790215387 939.3259426339441 1332 1338 -1
1336 13.140257914687949 -174.14578610730385 977.1776905478135 1333 1339 -1
1337 -12.753511354616366 -174.07251242537316 1016.2451044430293 1334 1340 -1
1338 -24.306795500402185 -181.9378876475576 939.1669039057618 1335 1341 -1
1339 13.290936298742876 -174.0178062562462 977.2137288044396 1336 1342 -1
1340 -12.630464222560299 -173.97854813693922 1016.382488542975 1337 1343 -1
1341 -24.272016469889564 -181.85259540761197 939.0086737221968 1338 1344 -1
1342 13.441685834852125 -173.88982754419678 977.2494719028972 1339 1345 -1
1343 -12.508450083209722 -173.88484535467015 1016.5209681520992 1340 1346 -1
1344 -24.233309749905644 -181.76744526099822 938.851280718457 1341 1347 -1
1345 13.592566337335349 -173.76177648936405 977.2843925885595 1342 1348 -1
1346 -12.387458409494458 -173.7914620080322 1016.6605560934347 1343 1349 -1
1347 -24.19094542446942 -181.6824717537175 938.694736027492 1344 1350 -1
1348 13.743633486404368 -173.6335829473114 977.3179549584611 1345 1351 -1
1349 -12.267498238911969 -173.69846049571092 1016.801284492456 1346 1352 -1
1350 -24.145189723298156 -181.5977018125686 938.5390372560986 1347 1353 -1
1351 13.894935633372171 -173.505182706045 977.3496112853833 1348 1354 -1
1352 -12.148579402332894 -173.60590403120358 1016.9431852071692 1349 1355 -1
1353 -24.096271871344054 -181.5131579186991 938.3841787964959 1350 1356 -1
1354 14.046510286174563 -173.37652036525827 977.378799297654 1351 1357 -1
1355 -12.030714711800025 -173.51385786632702 1017.0862922672791 1352 1358 -1
1356 -24.044456586514272 -181.42885361809542 938.2301338762023 1353 1359 -1
1357 14.198380198960313 -173.2475525750217 977.4049401786586 1354 1360 -1
1358 -11.913933654212984 -173.422398001405 1017.2306580216054 1355 1361 -1
1359 -23.989967380034386 -181.3447997728157 938.0768763323664 1356 1362 -1
1360 14.350549021349796 -173.11825168398934 977.4274376062402 1357 1363 -1
1361 -11.798229288365146 -173.33158106582613 1017.376290879422 1358 1364 -1
1362 -23.93302042318159 -181.26100303182707 937.9243730826647 1359 1365 -1
1363 14.502998183693032 -172.98860744988127 977.4456430975913 1360 1366 -1
1364 -11.683614973195564 -173.24147417561602 1017.5232208871491 1361 1367 -1
1365 -23.873843065760408 -181.1774640347864 937.7725789992742 1362 1368 -1
1366 14.655668482998951 -172.8586439405463 977.459094396455 1363 1369 -1
1367 -11.570104997873294 -173.15214550907734 1017.6714774147949 1364 1370 -1
1368 -23.812639778944632 -181.09418157647295 937.6214484541232 1365 1371 -1
1369 14.808448125555701 -172.72843110721627 977.4682065928488 1366 1372 -1
1370 -11.457728092651157 -173.06367523178793 1017.8211054789354 1367 1373 -1
1371 -23.749600992025787 -181.0111526368899 937.4709339072707 1368 1374 -1
1372 14.961240133702832 -172.59802540939373 977.473630020168 1369 1375 -1
1373 -11.346499332741454 -172.9761346656264 1017.9721315900293 1370 1376 -1
1374 -23.684922124577987 -180.92837019222557 937.3209802954437 1371 1377 -1
1375 15.113974589435735 -172.4674601416113 977.4760312460478 1372 1378 -1
1376 -11.236424649048413 -172.8895868514289 1018.1245686779406 1373 1379 -1
1377 -23.618790221028615 -180.84582530042505 937.1715301891509 1374 1380 -1
1378 15.26660427674091 -172.3367490695681 977.4760883686253 1375 1381 -1
1379 -11.127522299625902 -172.8041045803142 1018.2784422515916 1376 1382 -1
1380 -23.551382759967254 -180.76350787028784 937.0225250143975 1377 1383 -1
1381 15.419098032498034 -172.20588851975288 977.4744765245252 1378 1384 -1
1382 -11.019820123837722 -172.71977038352657 1018.4337870477885 1379 1385 -1
1383 -23.48287215295398 -180.68140642194078 936.8739041672723 1380 1386 -1
1384 15.571439718283282 -172.07486565259893 977.4719157040713 1381 1387 -1
1385 -10.913350370722036 -172.6366729027148 1018.5906404211347 1382 1388 -1
1386 -23.413423766681984 -180.59950900549413 936.7256062469364 1383 1389 -1
1387 15.723621286483187 -171.94366152313876 977.4691206245705 1384 1390 -1
1388 -10.808115037587298 -172.55486985917534 1018.7489998184075 1385 1391 -1
1389 -23.343205200361137 -180.51780152795922 936.5775663790589 1386 1392 -1
1390 15.875635359674718 -171.81225433020722 977.4668030103131 1387 1393 -1
1391 -10.704134382838348 -172.47443854971243 1018.9088833084829 1388 1394 -1
1392 -23.272378987123226 -180.43626955367094 936.4297192798073 1389 1395 -1
1393 16.027470487237057 -171.68062531054878 977.4656837110282 1390 1396 -1
1394 -10.601376807793343 -172.3954684777674 1019.0702789845749 1391 1397 -1
1395 -23.20110455860092 -180.3548983685158 936.2819990024476 1392 1398 -1
1396 16.179100841381615 -171.54875951111322 977.4665430914115 1393 1399 -1
1397 -10.499727789609917 -172.31805146676922 1019.2331226254504 1394 1400 -1
1398 -23.12954009489303 -180.2736729202018 936.1343387250421 1395 1401 -1
1399 16.330490257078576 -171.4166641829021 977.4701104609834 1396 1402 -1
1400 -10.39903885856413 -172.24223897207105 1019.3973120215543 1397 1403 -1
1401 -23.057843325582464 -180.19257798039092 935.9866708836464 1398 1404 -1
1402 16.481577992336646 -171.28436382090047 977.4771279778588 1399 1405 -1
1403 -10.299179958307777 -172.16810590319778 1019.5627704147557 1400 1406 -1
1404 -22.986173140209146 -180.11159874935151 935.8389266629641 1401 1407 -1
1405 16.632273678384166 -171.15190771837462 977.488347300485 1402 1408 -1
1406 -10.200027412986863 -172.09575154229293 1019.7294366629651 1403 1409 -1
1407 -22.91467227731287 -180.03072522962523 935.6910425796558 1404 1410 -1
1408 16.782442136124 -171.0193748386085 977.5045837547082 1405 1411 -1
1409 -10.101443104654006 -172.02525020584488 1019.897230281703 1406 1412 -1
1410 -22.843418252592308 -179.94996967963172 935.5429750193682 1407 1413 -1
1411 16.931960245913558 -170.88684019064434 977.5259860662692 1408 1414 -1
1412 -10.003285494925088 -171.9566554753743 1020.0660610564635 1409 1415 -1
1413 -22.77247343671806 -179.8693501140233 935.3946850640048 1410 1416 -1
1414 17.080735184374728 -170.75434358798688 977.55225416872 1411 1417 -1
1415 -9.905420640325024 -171.89004184611153 1020.2358524387237 1412 1418 -1
1416 -22.701901531504863 -179.78888514809293 935.2461334504935 1413 1419 -1
1417 17.228686422904214 -170.62191060164946 977.583103616607 1414 1420 -1
1418 -9.807714911657808 -171.8255330484327 1020.4065457752937 1415 1421 -1
1419 -22.631770118015762 -179.7085949847659 935.097278980359 1416 1422 -1
1420 17.375728197335242 -170.48955626559496 977.6183320511856 1417 1423 -1
1421 -9.710027140880914 -171.7631655225909 1020.5780431255561 1418 1424 -1
1422 -22.562143447494577 -179.62849861912795 934.9480835788539 1419 1425 -1
1423 17.521820417566868 -170.357280977291 977.6575796416809 1420 1426 -1
1424 -9.61222246953429 -171.70300830489515 1020.7502618500865 1421 1427 -1
1425 -22.493089456386762 -179.5486166771197 934.7985075762313 1422 1428 -1
1426 17.66692523674149 -170.22507528445016 977.700550308396 1423 1429 -1
1427 -9.514163399475917 -171.645158691555 1020.9231253082638 1424 1430 -1
1428 -22.42467983949486 -179.468971365115 934.6485099200916 1425 1431 -1
1429 17.81101143596036 -170.09292037741588 977.746969805539 1426 1432 -1
1430 -9.415708816913916 -171.58971597662452 1021.0965516204499 1427 1433 -1
1431 -22.3569887498236 -179.38958600041812 934.4980492457814 1428 1434 -1
1432 17.954031992356935 -169.9607882850859 977.7966378291582 1429 1435 -1
1433 -9.316730890304594 -171.53671647099358 1021.2704430648802 1430 1436 -1
1434 -22.290086991668193 -179.31048300065896 934.3470876983458 1431 1437 -1
1435 18.095995802646645 -169.82864137959666 977.8492134746305 1432 1438 -1
1436 -9.217098456065662 -171.4862371281251 1021.4447102050527 1433 1439 -1
1437 -22.22405395592933 -179.2316882118883 934.1955834984569 1434 1440 -1
1438 18.236896402664737 -169.69643597551254 977.9044367117547 1435 1441 -1
1439 -9.11666032784264 -171.4384187852019 1021.619264958041 1436 1442 -1
1440 -22.15897184533942 -179.15322885831281 934.043494931529 1437 1443 -1
1441 18.376725516681464 -169.56412226548647 977.9620727456394 1438 1444 -1
1442 -9.01530163833887 -171.3932872987144 1021.7940025314122 1439 1445 -1
1443 -22.094917215326678 -179.07513064386836 933.8907856087998 1440 1446 -1
1444 18.515465522562824 -169.43164090066225 978.0219141990942 1441 1447 -1
1445 -8.912899995236586 -171.35091094287225 1021.9688217533705 1442 1448 -1
1446 -22.03198526279408 -178.99742634983065 933.7374100812754 1443 1449 -1
1447 18.65314314023983 -169.29893298384866 978.0836768548776 1444 1450 -1
1448 -8.80931745812378 -171.31140190171047 1022.1436167019959 1445 1451 -1
1449 -21.970256363966485 -178.9201441508913 933.5833340659505 1446 1452 -1
1450 18.789765489929344 -169.1659316254408 978.1471292448149 1447 1453 -1
1451 -8.704428149930202 -171.27484505253693 1022.3182743842403 1448 1454 -1
1452 -21.909830662402612 -178.84331983240486 933.428514355162 1449 1455 -1
1453 18.92532209082245 -169.0325560629194 978.2120651194373 1450 1456 -1
1454 -8.598135035820631 -171.2412723357644 1022.4926819808328 1451 1457 -1
1455 -21.85079848217856 -178.76698648037433 933.2729162337226 1452 1458 -1
1456 19.05983378147517 -168.89872902755917 978.2782335773637 1453 1459 -1
1457 -8.490328296303106 -171.21075585627185 1022.6667217765236 1454 1460 -1
1458 -21.793268181452525 -178.6911843830622 933.1164981278783 1455 1461 -1
1459 19.19332169740435 -168.76437036125915 978.3453908529706 1456 1462 -1
1460 -8.380887695836138 -171.18344691506158 1022.8402738608331 1457 1463 -1
1461 -21.737333694385327 -178.6159496470789 932.9592297192019 1458 1464 -1
1462 19.325778622965906 -168.62937774800758 978.4133140459 1459 1465 -1
1463 -8.269876248841735 -171.15932164554766 1023.0132988037079 1460 1466 -1
1464 -21.68312026789337 -178.5413305741276 932.8010679626578 1461 1467 -1
1465 19.457221811675463 -168.49365629553694 978.4817522320287 1462 1468 -1
1466 -8.15733556152543 -171.1384375329675 1023.1857564977389 1463 1469 -1
1467 -21.63072764157658 -178.46736749832922 932.6419872858297 1464 1470 -1
1468 19.58766247487181 -168.35714254674315 978.5505318773203 1465 1471 -1
1469 -8.043291244490113 -171.1208917214729 1023.3575973419966 1466 1472 -1
1470 -21.580276207527472 -178.39410939045956 932.4819558799711 1467 1473 -1
1471 19.716954880380523 -168.21999640974983 978.620214513602 1468 1474 -1
1472 -7.927781122378498 -171.10676152422266 1023.5287724281682 1469 1475 -1
1473 -21.531900555344116 -178.32161185060352 932.320940369354 1470 1476 -1
1474 19.844967621652945 -168.0825736944399 978.6916894335234 1471 1477 -1
1475 -7.810869817287024 -171.096062254074 1023.6992433342938 1472 1478 -1
1476 -21.485717200680416 -178.24992538036415 932.1589213499185 1473 1479 -1
1477 19.97149989252843 -167.94523704921787 978.7659096270597 1474 1480 -1
1478 -7.692600634205588 -171.08886054220488 1023.8689597495728 1475 1481 -1
1479 -21.441859692615967 -178.17910836549987 931.9958771190552 1476 1482 -1
1480 20.096371699822857 -167.8083824073697 978.8437401032174 1477 1483 -1
1481 -7.572991751608457 -171.08529991949732 1024.037850651405 1478 1484 -1
1482 -21.400466248472412 -178.109222754829 931.8317903037342 1479 1485 -1
1483 20.21940601731185 -167.67241717646857 978.9259297372595 1480 1486 -1
1484 -7.452110432640136 -171.08539787120563 1024.2058704119238 1481 1487 -1
1485 -21.361684513065885 -178.04033608019844 931.6666466205545 1482 1488 -1
1486 20.34034491281483 -167.53780992689173 979.0132967815505 1483 1489 -1
1487 -7.330010978364596 -171.08920754732222 1024.3729635015657 1484 1490 -1
1488 -21.325657906688345 -177.9725164099145 931.5004409761619 1485 1491 -1
1489 20.459038253504687 -167.40496220023638 979.1062526460681 1486 1492 -1
1490 -7.206737049708383 -171.0968215226082 1024.539061432389 1487 1493 -1
1491 -21.29253342315229 -177.90583542357908 931.3331745615789 1488 1494 -1
1492 20.575281577443796 -167.27429965923278 979.2052074292918 1489 1495 -1
1493 -7.0823235744827056 -171.10837843618847 1024.7040784120015 1490 1496 -1
1494 -21.26246409586955 -177.84036958096954 931.1648546394001 1491 1497 -1
1495 20.688828655253857 -167.1462842847659 979.3105449407203 1492 1498 -1
1496 -6.956849150521745 -171.12387301783752 1024.8679648860084 1493 1499 -1
1497 -21.235605155789212 -177.77619880997005 930.9954966058656 1494 1500 -1
1498 20.799581270596832 -167.02121451794497 979.4222028778137 1495 1501 -1
1499 -6.830370443225393 -171.14338030657376 1025.030646561937 1496 1502 -1
1500 -21.212113091075775 -177.71340628442923 930.8251248043983 1497 1503 -1
1501 20.90810655730934 -166.89860670173172 979.5386945095527 1498 1504 -1
1502 -6.702931551007098 -171.16704805822656 1025.1920214843642 1499 1505 -1
1503 -21.192144531650122 -177.65207810726437 930.6537733088826 1500 1506 -1
1504 21.017941030633995 -166.7746111283385 979.6524215372057 1501 1507 -1
1505 -6.5746051680380395 -171.19491937963647 1025.3520154074902 1502 1508 -1
1506 -21.17585495438997 -177.59230288820658 930.4814866476726 1503 1509 -1
1507 21.133733598233526 -166.6441472878598 979.7518877400285 1504 1510 -1
1508 -6.44546630292892 -171.22702982736365 1025.5105540659038 1505 1511 -1
1509 -21.16339721076505 -177.5341712072642 930.3083204350518 1506 1512 -1
1510 21.259866952035434 -166.50253426276663 979.816369145456 1507 1513 -1
1511 -6.315581501742456 -171.26347319255817 1025.6675391899287 1508 1514 -1
1512 -21.154920982620343 -177.47777544364743 930.1343416781315 1509 1515 -1
1513 21.39336812243981 -166.3534369170471 979.8233943007048 1510 1516 -1
1514 -6.18501553090407 -171.30439452719682 1025.8228465640564 1511 1517 -1
1515 -21.150576852376748 -177.42321167849522 929.959628368773 1512 1518 -1
1516 21.526302597595535 -166.20602153302096 979.7926596838188 1513 1519 -1
1517 -6.053862507794667 -171.34976509498563 1025.9764127311732 1514 1520 -1
1518 -21.15049156371272 -177.37056859930178 929.7842734007742 1515 1521 -1
1519 21.65960287404891 -166.0594736612707 979.7592350844901 1516 1522 -1
1520 -5.922204234742063 -171.39964612073499 1026.1281369237247 1517 1523 -1
1521 -21.154789287668194 -177.31993672342333 929.6083800477778 1518 1524 -1
1522 21.79517948917145 -165.9118559703756 979.7469957063336 1519 1525 -1
1523 -5.790106787462792 -171.45413119511588 1026.2778832065856 1520 1526 -1
1524 -21.163550488202343 -177.27139498396988 929.4320636900542 1521 1527 -1
1525 21.931425624957022 -165.76494645268855 979.7603606143662 1522 1528 -1
1526 -5.657632508292713 -171.5130690995005 1026.4255961113088 1523 1529 -1
1527 -21.176558737119866 -177.2249354879414 929.2554479551784 1524 1530 -1
1528 22.066011848536284 -165.62122457152464 979.7997936168387 1525 1531 -1
1529 -5.524834599181395 -171.57633563175756 1026.571213188564 1526 1532 -1
1530 -21.1934336094463 -177.18049479220394 929.0786390825126 1527 1533 -1
1531 22.196938649158977 -165.48267207912818 979.8629601980937 1528 1534 -1
1532 -5.39175917032322 -171.64387105741542 1026.714643811131 1529 1535 -1
1533 -21.213789058616324 -177.13799821637147 928.9017179548397 1530 1536 -1
1534 22.322616427949853 -165.3508435532915 979.9476082722442 1531 1537 -1
1535 -5.258450831340732 -171.71562553555333 1026.8557913702855 1532 1538 -1
1536 -21.237239525386816 -177.09736274253993 928.7247420611951 1533 1539 -1
1537 22.442335027011755 -165.2262862080233 980.0500735251736 1534 1540 -1
1538 -5.124958101335385 -171.7914297104259 1026.9946286309885 1535 1541 -1
1539 -21.263404322472404 -177.05849998915303 928.5477479105393 1536 1542 -1
1540 22.555945118901768 -165.10899273029446 980.1670921520539 1537 1543 -1
1541 -4.991322413342297 -171.8711957067248 1027.1310890462582 1538 1544 -1
1542 -21.291906795788705 -177.02131605928878 928.3707536384364 1539 1545 -1
1543 22.66558919428708 -164.99661576561104 980.2925009245913 1540 1546 -1
1544 -4.857581943875788 -171.95492028017858 1027.2650528247893 1541 1547 -1
1545 -21.322376987037657 -176.98571344469525 928.1937616329757 1542 1548 -1
1546 22.774890337556137 -164.8853762638257 980.4192281150628 1543 1549 -1
1547 -4.723777440748485 -172.0424520149977 1027.3964949969914 1544 1550 -1
1548 -21.35445524166173 -176.95159456621707 928.016761195173 1545 1551 -1
1549 22.887454749327727 -164.77162293280273 980.5407106196261 1546 1552 -1
1550 -4.58994582423671 -172.13369025772107 1027.5253639984692 1547 1553 -1
1551 -21.387790339054888 -176.91886145473364 927.8397310347071 1548 1554 -1
1552 23.006659700078842 -164.65203982952048 980.6495233718637 1549 1555 -1
1553 -4.456122595692734 -172.22858697755086 1027.651572645676 1550 1556 -1
1554 -21.42203924573719 -176.8874165398826 927.6626416054228 1551 1557 -1
1555 23.132791318363825 -164.52647348163902 980.7426582637598 1552 1558 -1
1556 -4.3223432507630175 -172.32709521879048 1027.7750305648328 1553 1559 -1
1557 -21.456866812710928 -176.85716438715653 927.4854571416876 1554 1560 -1
1558 23.264645580043908 -164.39624319225788 980.8201891257423 1555 1561 -1
1559 -4.188640618595155 -172.42907485319319 1027.8957215581233 1556 1562 -1
1560 -21.49194348610892 -176.82800915846641 927.3081378978943 1557 1563 -1
1561 23.40093223706542 -164.2627507531451 980.883198086216 1558 1564 -1
1562 -4.055046968936469 -172.5344529442928 1028.013581289453 1559 1565 -1
1563 -21.52694613699019 -176.7998569131895 927.1306420135164 1560 1566 -1
1564 23.540213348915124 -164.1274461403345 980.934828418709 1561 1567 -1
1565 -3.9215981381086547 -172.64323765332983 1028.128472695058 1562 1568 -1
1566 -21.56155683437974 -176.77261593887292 926.9529272349153 1563 1569 -1
1567 23.68145255799954 -163.99140402225004 980.9786759860398 1564 1570 -1
1568 -3.78832332434934 -172.75528813225236 1028.2403883075267 1565 1571 -1
1569 -21.595461749452625 -176.74619652004287 926.7749526401558 1566 1572 -1
1570 23.823769486074042 -163.85545957569434 981.0192513259193 1567 1573 -1
1571 -3.655253174641251 -172.8705267796195 1028.349269129539 1568 1574 -1
1572 -21.628350304077678 -176.7205109914188 926.5966802746002 1569 1575 -1
1573 23.96646434876215 -163.72032036030492 981.0611532748077 1570 1576 -1
1574 -3.5224228176234473 -172.98893454495263 1028.4549970381845 1571 1577 -1
1575 -21.659914458000696 -176.6954737596573 926.4180767464675 1572 1578 -1
1576 24.108752320067214 -163.5866714044252 981.1087737797478 1573 1579 -1
1577 -3.389864180145377 -173.1104380745325 1028.5575041812917 1574 1580 -1
1578 -21.689848190301174 -176.67100131309556 926.2391147994404 1575 1581 -1
1579 24.249774883523934 -163.45531944159146 981.1656269505886 1576 1582 -1
1580 -3.2576058166204738 -173.23493404791273 1028.6567566790336 1577 1583 -1
1581 -21.71784112630921 -176.6470133298337 926.059773813414 1578 1584 -1
1582 24.38928257708516 -163.32641629859145 981.2311735411963 1579 1585 -1
1583 -3.125683524158312 -173.36238886238672 1028.7526442671804 1580 1586 -1
1584 -21.743591503451917 -176.62342946803776 925.8800439687935 1581 1587 -1
1585 24.527179322765054 -163.20004047442958 981.3045898950351 1582 1588 -1
1586 -2.9941349843332725 -173.4927668239271 1028.84505186594 1583 1589 -1
1587 -21.76680096804064 -176.6001720457674 925.6999263031181 1584 1590 -1
1588 24.663538483532385 -163.07604989893207 981.3846501888431 1585 1591 -1
1589 -2.862987653510515 -173.62595040619323 1028.9339620379344 1586 1592 -1
1590 -21.78717183804377 -176.5771662578717 925.5194336923232 1587 1593 -1
1591 24.798433023369512 -162.95433825123888 981.4704879284534 1588 1594 -1
1592 -2.732281103046249 -173.76190436035012 1029.0192549639567 1589 1595 -1
1593 -21.804410568697087 -176.55433977375623 925.3385926758057 1590 1596 -1
1594 24.931941719289583 -162.83481692584039 981.5614235747685 1591 1597 -1
1595 -2.602058892935 -173.90059806848018 1029.1007947365292 1592 1598 -1
1596 -21.818211544942717 -176.53162314646522 925.157443498355 1593 1599 -1
1597 25.064221579067393 -162.71729406875335 981.6566602194372 1594 1600 -1
1598 -2.472349835493924 -174.04191194487476 1029.1785659635948 1595 1601 -1
1599 -21.828305788971857 -176.50894884121294 924.9760452884577 1596 1602 -1
1600 25.19541874826371 -162.6016085034713 981.7555752335584 1597 1603 -1
1601 -2.343202751500508 -174.18582115150133 1029.252414350874 1598 1604 -1
1602 -21.834425884424075 -176.48625336650363 924.7944726935759 1599 1605 -1
1603 25.325684792429378 -162.48760161555302 981.8576224352107 1600 1606 -1
1604 -2.2146631830948116 -174.3322666846135 1029.3222256203342 1601 1607 -1
1605 -21.83630716631623 -176.4634766923565 924.6128172802286 1602 1608 -1
1606 25.455177180393168 -162.375114176199 981.9623081207009 1603 1609 -1
1607 -2.08676575868904 -174.4811387345555 1029.3879651724803 1604 1610 -1
1608 -21.83369132746925 -176.4405620678653 924.431188866605 1605 1611 -1
1609 25.584073762488263 -162.26397400056845 982.0691475173292 1606 1612 -1
1610 -1.9595772810847165 -174.63243241535724 1029.4494108595832 1607 1613 -1
1611 -21.826381277199086 -176.41745865868424 924.2497132429805 1608 1614 -1
1612 25.71273799756886 -162.15385546049583 982.1773181545112 1609 1615 -1
1613 -1.833135654331626 -174.7860288817147 1029.5065313732762 1610 1616 -1
1614 -21.81415691624244 -176.3941186929679 924.0685330090791 1611 1617 -1
1615 25.841664097847755 -162.04433872642113 982.2857878795202 1612 1618 -1
1616 -1.7074973618975242 -174.94186034322135 1029.5591969253462 1613 1619 -1
1617 -21.796848298926754 -176.3705004041469 923.8878042889963 1614 1620 -1
1618 25.971354518823603 -161.93499673644644 982.3935193081778 1615 1621 -1
1619 -1.5827338400275648 -175.09988007901626 1029.6072160731815 1616 1622 -1
1620 -21.77431823624877 -176.34656778680733 923.7076937990973 1617 1623 -1
1621 26.102324630704246 -161.82541145751114 982.4994376081854 1618 1624 -1
1622 -1.4588840861404793 -175.2599507414872 1029.6505821777268 1619 1625 -1
1623 -21.74644348163756 -176.32228930488063 923.5283795493275 1620 1626 -1
1624 26.235107280670995 -161.71516349430047 982.6023644177297 1621 1627 -1
1625 -1.3360475216833603 -175.4220526676905 1029.6890013427924 1622 1628 -1
1626 -21.71314738455923 -176.29763990468814 923.3500435858214 1623 1629 -1
1627 26.37025049652443 -161.60383448753615 982.7009564006395 1624 1630 -1
1628 -1.2142619676471447 -175.58602816320374 1029.722498242863 1625 1631 -1
1629 -21.674404408570403 -176.27260143765284 923.1728658128061 1626 1632 -1
1630 26.508305480225193 -161.49101736946005 982.7936356441526 1627 1633 -1
1631 -1.0936284199964086 -175.75182061594097 1029.7508175044472 1628 1634 -1
1632 -21.630181540490973 -176.24715822122806 922.9970337932242 1629 1635 -1
1633 26.649862751050424 -161.37631571945084 982.878362816334 1630 1636 -1
1634 -0.9742081495672474 -175.91929399973412 1029.7739032017573 1631 1637 -1
1635 -21.580511512940564 -176.22130209419925 922.8227230770199 1632 1638 -1
1636 26.79465137478143 -161.2600147667663 982.9550832509764 1633 1639 -1
1637 -0.8560990557667547 -176.0883495293151 1029.791559937672 1634 1640 -1
1638 -21.52546444888919 -176.19503022179748 922.6500978738586 1635 1641 -1
1639 26.941935265123856 -161.14281651570303 983.0254431765259 1636 1642 -1
1640 -0.7393816789116696 -176.25885258735792 1029.8036844277087 1637 1643 -1
1641 -21.465129098509756 -176.16834333863812 922.479313367491 1638 1644 -1
1642 27.090960604360454 -161.0254095195112 983.0916828105293 1639 1645 -1
1643 -0.6241565810550178 -176.4306747066898 1029.8101143959482 1640 1646 -1
1644 -21.399624866360504 -176.14124636695252 922.3105089002095 1641 1647 -1
1645 27.241013181301376 -160.90843605032717 983.1563580514468 1642 1648 -1
1646 -0.5105168526380491 -176.60366780800152 1029.8107353641121 1643 1649 -1
1647 -21.329088244970297 -176.11374705956533 922.1438099869035 1644 1650 -1
1648 27.39138366000532 -160.79249920051086 983.2221474072666 1645 1651 -1
1649 -0.39857271788965604 -176.77768124909255 1029.805392151695 1646 1652 -1
1650 -21.253662531844185 -176.08585489334294 921.9793314448888 1647 1653 -1
1651 27.541302104487425 -160.67825869752937 983.2918054732444 1648 1654 -1
1652 -0.288420706936615 -176.95254513202065 1029.7939956442324 1649 1655 -1
1653 -21.173561871761738 -176.05758599210526 921.8171431918021 1650 1656 -1
1654 27.689933416920727 -160.5663393970709 983.3676913464454 1651 1657 -1
1655 -0.1801881080746938 -177.12808907377698 1029.7763756170414 1652 1658 -1
1656 -21.088940030553136 -176.0289523303825 921.6573318174069 1653 1659 -1
1657 27.83623827071127 -160.45756028107422 983.4521539233508 1654 1660 -1
1658 -0.0739577107428761 -177.30411816201226 1029.7525136666775 1655 1661 -1
1659 -21.0 -176.0 921.5 1656 -1 -1
1660 27.97928443178356 -160.35253989698356 983.5463765993821 1657 1662 -1
1661 0.030193061242775442 -177.48042164736577 1029.7223434764185 1658 1663 -1
1662 28.118740208528145 -160.25148306980455 983.6498781327285 1660 1664 -1
1663 0.1323088552413081 -177.65677478791284 1029.6861113266773 1661 1665 -1
1664 28.25491907101971 -160.15411391963602 983.7610089792214 1662 1666 -1
1665 0.23234728887873773 -177.83296154157253 1029.6437858946929 1663 1667 -1
1666 28.388268837266807 -160.06004337510072 983.8782502592442 1664 1668 -1
1667 0.33038806328629255 -178.00878691657084 1029.5956757337524 1665 1669 -1
1668 28.519193547591744 -159.96894902596492 984.0004747160503 1666 1670 -1
1669 0.42638408895907143 -178.18403902415372 1029.541706128775 1667 1671 -1
1670 28.648097272444332 -159.88052055422557 984.1267424548657 1668 1672 -1
1671 0.5204381768227221 -178.35855598329792 1029.4822167298169 1669 1673 -1
1672 28.775374785131376 -159.7944669203481 984.256261769862 1670 1674 -1
1673 0.6125153724348911 -178.5321313036794 1029.4171408306909 1671 1675 -1
1674 28.901408691531397 -159.71051873064675 984.3883553805994 1672 1676 -1
1675 0.7027169915204311 -178.70462795474225 1029.3467842182044 1673 1677 -1
1676 29.02657065928848 -159.62842774289453 984.5224317866758 1674 1678 -1
1677 0.7910290495699739 -178.87584967843736 1029.2711156241473 1675 1679 -1
1678 29.151225240994485 -159.54796476469073 984.6579608519484 1676 1680 -1
1679 0.8775443160207032 -179.04567497524383 1029.190393240624 1677 1681 -1
1680 29.27573539151343 -159.46891671524554 984.7944525084591 1678 1682 -1
1681 0.962266364404895 -179.21391864647288 1029.1046143595686 1679 1683 -1
1682 29.400469184472247 -159.39108330920914 984.9314374113712 1680 1684 -1
1683 1.0452805791623425 -179.38046919462266 1029.01399808698 1681 1685 -1
1684 29.525751446447494 -159.31430303099216 985.0685161190153 1682 1686 -1
1685 1.1266029730968623 -179.54515062772217 1028.9185591901964 1683 1687 -1
1686 29.651647688533767 -159.23856205475724 985.2056104850166 1684 1688 -1
1687 1.206312510196975 -179.7078569215328 1028.818484690166 1685 1689 -1
1688 29.778122915997756 -159.1639004056063 985.3427639578973 1686 1690 -1
1689 1.2844338790776402 -179.86841870523367 1028.7137997397483 1687 1691 -1
1690 29.905139192730736 -159.09035852421712 985.4800223739028 1688 1692 -1
1691 1.3610399699108404 -180.026730978377 1028.604663807113 1689 1693 -1
1692 30.032656447092663 -159.0179767400501 985.6174328490251 1690 1694 -1
1693 1.4361619132983108 -180.18262894645255 1028.4911096670135 1691 1695 -1
1694 30.160632484685365 -158.94679516869175 985.7550436275909 1692 1696 -1
1695 1.5098660632929974 -180.33600317532247 1028.3732708129203 1693 1697 -1
1696 30.28902300847058 -158.87685360508053 985.8929039173242 1694 1698 -1
1697 1.5821892262921236 -180.48669322056747 1028.2511892225734 1695 1699 -1
1698 30.417781647006812 -158.80819141259798 986.0310637113562 1696 1700 -1
1699 1.6531899445835645 -180.63457757059112 1028.1249709118476 1697 1701 -1
1700 30.54686179656542 -158.74085647972893 986.169576278193 1698 1702 -1
1701 1.7229111761564069 -180.77950300949877 1027.9946728017296 1699 1703 -1
1702 30.676212033966298 -158.67488759161006 986.3084935589703 1700 1704 -1
1703 1.7914016926114276 -180.92132488336318 1027.8603690027578 1701 1705 -1
1704 30.805778023852177 -158.6103147809508 986.447864887123 1702 1706 -1
1705 1.8587135310067067 -181.0599041432806 1027.7221413119407 1703 1707 -1
1706 30.93550533838252 -158.5471744196421 986.5877414630218 1704 1708 -1
1707 1.9249061304121398 -181.19505205577113 1027.5800306634474 1705 1709 -1
1708 31.06533778442224 -158.4855018120159 986.7281741835607 1706 1710 -1
1709 1.9900780707281127 -181.3266497173774 1027.4341655918054 1707 1711 -1
1710 31.195217500898487 -158.42533106159797 986.8692134036555 1708 1712 -1
1711 2.0542941606886584 -181.45444602027084 1027.2845453447155 1709 1713 -1
1712 31.325085014467742 -158.36669612010735 987.0109092265055 1710 1714 -1
1713 2.117662835020234 -181.57836734938772 1027.1313468377832 1711 1715 -1
1714 31.45487710765762 -158.3096552065 987.153322930398 1712 1716 -1
1715 2.180240957032016 -181.69809153165062 1026.9745287743501 1713 1717 -1
1716 31.58453179041469 -158.25421154008606 987.2964904260364 1714 1718 -1
1717 2.242135760449226 -181.81355622090504 1026.814283749604 1715 1719 -1
1718 31.713985696807658 -158.20039284362838 987.4404573408123 1716 1720 -1
1719 2.3034166812345997 -181.92447898993305 1026.6506305881246 1717 1721 -1
1720 31.843178206144565 -158.14822507483453 987.5852642891215 1718 1722 -1
1721 2.364170942499386 -182.03068318821715 1026.483684959968 1719 1723 -1
1722 31.972094128307955 -158.09773424537093 987.7309098364402 1720 1724 -1
1723 2.424482576234873 -182.13199561171385 1026.31356827018 1721 1725 -1
1724 32.10074964811257 -158.04897729149397 987.8773741047297 1722 1726 -1
1725 2.484423960279693 -182.22808134180875 1026.1403177317293 1723 1727 -1
1726 32.22917080797739 -158.00195500991995 988.0246090902207 1724 1728 -1
1727 2.544083134845208 -182.3188484969819 1025.9641275739057 1725 1729 -1
1728 32.357379914685886 -157.95668934943663 988.1725775241197 1726 1730 -1
1729 2.6035332200129395 -182.40398603590995 1025.7850794931874 1727 1731 -1
1730 32.4853987156772 -157.91320552506522 988.3212434736814 1728 1732 -1
1731 2.6628512669194073 -182.48325958686627 1025.603317059618 1729 1733 -1
1732 32.6132489293839 -157.87152824481404 988.470570576587 1730 1734 -1
1733 2.7221113983046314 -182.55651280493407 1025.4190274275193 1731 1735 -1
1734 32.740949702460156 -157.83171856413924 988.6205337569178 1732 1736 -1
1735 2.7813841282039156 -182.62338451684502 1025.2323315575381 1733 1737 -1
1736 32.8685258859319 -157.79376455911463 988.7710828260122 1734 1738 -1
1737 2.840737480306476 -182.68371651869634 1025.043447774715 1735 1739 -1
1738 32.995998944190475 -157.75768876087105 988.922179985121 1736 1740 -1
1739 2.900233431846877 -182.73732593708797 1024.85259118829 1737 1741 -1
1740 33.1233901428094 -157.72351353363635 989.0737871867583 1738 1742 -1
1741 2.9599356650135893 -182.7838375015466 1024.6599459285444 1739 1743 -1
1742 33.250720451581806 -157.69126549700596 989.2258670815833 1740 1744 -1
1743 3.019900946031429 -182.82317386879373 1024.4657911450572 1741 1745 -1
1744 33.37801055739171 -157.66099504350726 989.3783864521928 1742 1746 -1
1745 3.080274236934721 -182.85533934728446 1024.2704443659375 1743 1747 -1
1746 33.505282058448586 -157.63268883138107 989.5312979000545 1744 1748 -1
1747 3.1413082126889402 -182.88029612653827 1024.0742501235402 1745 1749 -1
1748 33.63255522023527 -157.6063664098989 989.6845618731941 1746 1750 -1
1749 3.2032302041153713 -182.89837002710397 1023.8775805883604 1747 1751 -1
1750 33.75984998112816 -157.5820465668648 989.8381384855046 1748 1752 -1
1751 3.266280430474547 -182.90970508280836 1023.6807643125801 1749 1753 -1
1752 33.88718606587829 -157.55975215284377 989.9919880858009 1750 1754 -1
1753 3.3307282647505447 -182.91434721331092 1023.4841290646231 1751 1755 -1
1754 34.014583907289264 -157.53952963198353 990.1460726402825 1752 1756 -1
1755 3.3967795254862843 -182.91262657964396 1023.2879794727625 1753 1757 -1
1756 34.142061528520685 -157.5213612118092 990.300346843193 1754 1758 -1
1757 3.4646950876684635 -182.90462362493574 1023.0926230441603 1755 1759 -1
1758 34.26963721651356 -157.50526219773593 990.4547696783831 1756 1760 -1
1759 3.534710744156638 -182.8905227897737 1022.8983565202774 1757 1761 -1
1760 34.3973287792826 -157.49124696417707 990.6092999089254 1758 1762 -1
1761 3.6070207345954897 -182.87058659191345 1022.7054455178915 1759 1763 -1
1762 34.52515351850294 -157.47932892065407 990.7638961055097 1760 1764 -1
1763 3.681926566784714 -182.84481720111174 1022.5142234623879 1761 1765 -1
1764 34.65313027537144 -157.46954697188053 990.9185164707046 1762 1766 -1
1765 3.7595633862532774 -182.81357446996554 1022.3249169251645 1763 1767 -1
1766 34.78127435139041 -157.4618955726299 991.0731182512615 1764 1768 -1
1767 3.8402028982559577 -182.77691633876043 1022.1378498188318 1765 1769 -1
1768 34.909600606299996 -157.45637484101138 991.227659569668 1766 1770 -1
1769 3.924013084981768 -182.73508727435797 1021.9532786010634 1767 1771 -1
1770 35.038124010716295 -157.45299386427138 991.3820986111684 1768 1772 -1
1771 4.011194675598363 -182.68825306172997 1021.7714919453714 1769 1773 -1
1772 35.16685890662721 -157.4517605981378 991.5363935541039 1770 1774 -1
1773 4.101941827975102 -182.63658434589368 1021.5927869380318 1771 1775 -1
1774 35.29581898752288 -157.4526818368004 991.6905026129807 1772 1776 -1
1775 4.196386959754112 -182.5803151874506 1021.4174183824667 1773 1777 -1
1776 35.42501851044609 -157.45577381161453 991.84438276246 1774 1778 -1
1777 4.294723849153056 -182.51959385298386 1021.2457129745826 1775 1779 -1
1778 35.55447092585189 -157.4610487556348 991.9979907300592 1776 1780 -1
1779 4.397034617328905 -182.45468054201234 1021.0779074013072 1777 1781 -1
1780 35.684185643150954 -157.46848996312602 992.1512873042304 1778 1782 -1
1781 4.503452266682906 -182.38575287810653 1020.9143101358375 1779 1783 -1
1782 35.81417353928521 -157.4780991775915 992.3042314201913 1780 1784 -1
1783 4.613894265264053 -182.3130691315952 1020.7550629714764 1781 1785 -1
1784 35.94444475620939 -157.48987684059176 992.4567823181023 1782 1786 -1
1785 4.728214142157296 -182.23687757776733 1020.6002533766984 1783 1787 -1
1786 36.07499232513058 -157.50380211869535 992.6089155747338 1784 1788 -1
1787 4.846346273621777 -182.15735166352698 1020.4500509372319 1785 1789 -1
1788 36.205743686725114 -157.5197740222973 992.7606724719034 1786 1790 -1
1789 4.968093754689906 -182.07477554255036 1020.3044513231329 1787 1791 -1
1790 36.3366093534195 -157.5376713201579 992.9121158721238 1788 1792 -1
1791 5.093465642295601 -181.98925841332053 1020.1637058850723 1789 1793 -1
1792 36.46750329112215 -157.55737785925027 993.0633102055068 1790 1794 -1
1793 5.222290799413394 -181.90105478735586 1020.0278213041274 1791 1795 -1
1794 36.598342289629755 -157.5787821953912 993.2143213280709 1792 1796 -1
1795 5.354497668720296 -181.8103353642749 1019.8969323145247 1793 1797 -1
1796 36.729044409211454 -157.60178313844028 993.3652163133846 1794 1798 -1
1797 5.490074915247892 -181.71722894851237 1019.7712717396861 1795 1799 -1
1798 36.85952907734312 -157.62627629493645 993.5160647019053 1796 1800 -1
1799 5.628868836688544 -181.62196268816868 1019.6508516643399 1797 1801 -1
1800 36.989718047829356 -157.65215512604013 993.666937245852 1798 1802 -1
1801 5.770860848089627 -181.5246696858557 1019.5359048121484 1799 1803 -1
1802 37.11953262196845 -157.67932242958565 993.817905875719 1800 1804 -1
1803 5.91599396619673 -181.4255107641629 1019.4266154298984 1801 1805 -1
1804 37.24889357651782 -157.70768323491095 993.9690443129285 1802 1806 -1
1805 6.06414994619041 -181.32468015159495 1019.3230624470912 1803 1807 -1
1806 37.3777205079723 -157.73714430429538 994.120428230044 1804 1808 -1
1807 6.215324287345272 -181.22231076295574 1019.2255588008902 1805 1809 -1
1808 37.505931158664204 -157.76761362413907 994.2721354323568 1806 1810 -1
1809 6.369415568068339 -181.118588748096 1019.1342491765307 1807 1811 -1
1810 37.6334407160428 -157.7989998825166 994.42424605706 1808 1812 -1
1811 6.526315937210843 -181.01370026074989 1019.0492751617444 1809 1813 -1
1812 37.76016107591399 -157.83121192908513 994.5768427860332 1810 1814 -1
1813 6.686017902385181 -180.90779754643071 1018.9710473082573 1811 1815 -1
1814 37.88600005977353 -157.8641582127037 994.7300110678182 1812 1816 -1
1815 6.848358566135624 -180.80109414762993 1018.8996394053665 1813 1817 -1
1816 38.01084542561032 -157.89775391823335 994.8838498688808 1814 1818 -1
1817 7.013234151912072 -180.6937841215045 1018.8352979306978 1815 1819 -1
1818 38.13460175858815 -157.93189642746205 995.0384462165232 1816 1820 -1
1819 7.18057489191406 -180.58606767276493 1018.7784367719378 1817 1821 -1
1820 38.257160721805725 -157.96648724422488 995.1938942823285 1818 1822 -1
1821 7.350173499310002 -180.4781744441838 1018.7291029203082 1819 1823 -1
1822 38.37840354225595 -158.0014263246574 995.3502935360592 1820 1824 -1
1823 7.5219060787592635 -180.37033356184963 1018.6876720371337 1821 1825 -1
1824 38.49819869748183 -158.03661005090086 995.5077498526358 1822 1826 -1
1825 7.695562528462282 -180.26277104099034 1018.6543265314086 1823 1827 -1
1826 38.61640587550274 -158.0719605669394 995.6663646606958 1824 1828 -1
1827 7.870811228231193 -180.1556346900975 1018.6288635566093 1825 1829 -1
1828 38.73314069401558 -158.10754612519963 995.8260140891429 1826 1830 -1
1829 8.047378281877172 -180.0490666210088 1018.6113630366547 1827 1831 -1
1830 38.848560850587816 -158.14349507281312 995.9865358169047 1828 1832 -1
1831 8.22493847041263 -179.9431704782717 1018.601498924684 1829 1833 -1
1832 38.962809944638956 -158.17995850775702 996.1477777996143 1830 1834 -1
1833 8.403217774552829 -179.8380503045132 1018.5991214588123 1831 1835 -1
1834 39.07610858285522 -158.21706415495998 996.3095431499358 1832 1836 -1
1835 8.581963246774903 -179.73382234355591 1018.604241943725 1833 1837 -1
1836 39.188651673260054 -158.25495710456755 996.4716531113409 1834 1838 -1
1837 8.760915827323892 -179.63055023772773 1018.6165076016343 1835 1839 -1
1838 39.30064352535768 -158.29379651825695 996.6339207609263 1836 1840 -1
1839 8.939844903554773 -179.52832739201918 1018.6358667084057 1837 1841 -1
1840 39.41231410818475 -158.3336991570611 996.7961518055621 1838 1842 -1
1841 9.118524107826136 -179.42723623902558 1018.6622166065899 1839 1843 -1
1842 39.52388058546243 -158.37483900422197 996.9581451652093 1840 1844 -1
1843 9.296748063258839 -179.32732519297952 1018.6952943910495 1841 1845 -1
1844 39.63556791622814 -158.41732179004964 997.1197078802929 1842 1846 -1
1845 9.474301522295757 -179.22868541737287 1018.7351096834241 1843 1847 -1
1846 39.747596899438406 -158.46128796048868 997.2806357224957 1844 1848 -1
1847 9.650990202149433 -179.1313716700953 1018.7814928404383 1845 1849 -1
1848 39.860185381416215 -158.50686463115596 997.4407225760268 1846 1850 -1
1849 9.826634781438974 -179.03542973123012 1018.8342625039902 1847 1851 -1
1850 39.973523398642755 -158.55412713258727 997.5997882226657 1848 1852 -1
1851 10.001011100707819 -178.94096182507545 1018.8935016173285 1849 1853 -1
1852 40.0878328977871 -158.60323006090093 997.7575958938094 1850 1854 -1
1853 10.173957985144273 -178.84799730909526 1018.958979383276 1851 1855 -1
1854 40.20326168327339 -158.65420114978912 997.9139896806737 1852 1856 -1
1855 10.345285493031495 -178.75660157326814 1019.0306330438998 1853 1857 -1
1856 40.319967785910706 -158.70711475189913 998.0687819808 1854 1858 -1
1857 10.51475984030274 -178.6668769906529 1019.1085333847572 1855 1859 -1
1858 40.43798642498867 -158.76201634961163 998.2218776618796 1856 1860 -1
1859 10.68223367090643 -178.57884791241187 1019.1924606265744 1857 1861 -1
1860 40.55714387046753 -158.8188116468487 998.3733923181491 1858 1862 -1
1861 10.847452188146043 -178.49262890309782 1019.2825129572622 1859 1863 -1
1862 40.677300298973954 -158.87745766109444 998.5234059017239 1860 1864 -1
1863 11.010221558424448 -178.40828166572638 1019.3785953651394 1861 1865 -1
1864 40.79833613075521 -158.93794533151956 998.6719745288009 1862 1866 -1
1865 11.170329766076934 -178.32589926393098 1019.4806669057484 1863 1867 -1
1866 40.92011515559391 -159.00022254267924 998.8191903494755 1864 1868 -1
1867 11.327577016375322 -178.24566201817083 1019.5887198291807 1865 1869 -1
1868 41.042513745686634 -159.06424788495602 998.9651370488145 1866 1870 -1
1869 11.48189330962512 -178.16769025132922 1019.7025049705758 1867 1871 -1
1870 41.165420055336234 -159.12999757041607 999.1098856831039 1868 1872 -1
1871 11.633065654126394 -178.0922182751362 1019.8220504856166 1869 1873 -1
1872 41.2887269183075 -159.19745187337878 999.2535051638472 1870 1874 -1
1873 11.781072899813239 -178.01932991601208 1019.9470359433881 1871 1875 -1
1874 41.41233460367334 -159.2666239159584 999.3960450307236 1872 1876 -1
1875 11.925689409164477 -177.94927836221711 1020.0774932734347 1873 1877 -1
1876 41.536136497671436 -159.3374714503891 999.5375898738833 1874 1878 -1
1877 12.066920966155312 -177.88212531603693 1020.2130820688064 1875 1879 -1
1878 41.660035593374815 -159.4099858201086 999.6782024693011 1876 1880 -1
1879 12.204550828975217 -177.81812469316844 1020.3538024110778 1877 1881 -1
1880 41.78393693594347 -159.48416219403055 999.8179434986903 1878 1882 -1
1881 12.338590887233957 -177.75733242755425 1020.4993280351764 1879 1883 -1
1882 41.9077469691155 -159.5599990373267 999.9568719079832 1880 1884 -1
1883 12.468852022599863 -177.69998497569432 1020.649606318626 1881 1885 -1
1884 42.03137297175033 -159.63749801479585 1000.0950450062229 1882 1886 -1
1885 12.595334173435157 -177.64614847550115 1020.8043447203188 1883 1887 -1
1886 42.15471912404853 -159.71667929960373 1000.2325126283499 1884 1888 -1
1887 12.71789060564338 -177.5960254447946 1020.9634291043424 1885 1889 -1
1888 42.2776919794976 -159.79754466834726 1000.3693327418957 1886 1890 -1
1889 12.836495373825288 -177.5497059057392 1021.1266082871833 1887 1891 -1
1890 42.40019943742891 -159.880096202555 1000.5055620006762 1888 1892 -1
1891 12.951054166082352 -177.5073451161995 1021.2937073068958 1889 1893 -1
1892 42.52215249359967 -159.9643455261265 1000.6412481486459 1890 1894 -1
1893 13.061506337739326 -177.4690667118064 1021.464514580315 1891 1895 -1
1894 42.64353065406685 -160.0502782248365 1000.776393086983 1892 1896 -1
1895 13.167814785234732 -177.43496980481356 1021.6388021798244 1893 1897 -1
1896 42.7643664247048 -160.13785867049 1000.9109651933377 1894 1898 -1
1897 13.26988123466224 -177.40521592817973 1021.8163894577124 1895 1899 -1
1898 42.884695201550876 -160.22704986872054 1001.0449324541172 1896 1900 -1
1899 13.367724877395897 -177.37984481233062 1021.9970084215316 1897 1901 -1
1900 43.004546543304436 -160.3178384109409 1001.1782531891754 1898 1902 -1
1901 13.461213423751376 -177.359053325726 1022.1804962299658 1899 1903 -1
1902 43.1239655302765 -160.41016167912363 1001.3109062047188 1900 1904 -1
1903 13.550416571595926 -177.34282197345652 1022.3665598417329 1901 1905 -1
1904 43.24299055036819 -160.50398048292908 1001.4428621601212 1902 1906 -1
1905 13.63520896048102 -177.33129442742748 1022.5550214923705 1903 1907 -1
1906 43.36166057992566 -160.59925581097554 1001.574092270465 1904 1908 -1
1907 13.715753380051478 -177.32426934412717 1022.7455573544975 1905 1909 -1
1908 43.4800152809659 -160.69594830144874 1001.7045685280883 1906 1910 -1
1909 13.791963412012787 -177.32181215546572 1022.9379808486462 1907 1911 -1
1910 43.59809492655847 -160.79401828515665 1001.8342636880789 1908 1912 -1
1911 13.864022760569885 -177.3237081355717 1023.1320036389018 1909 1913 -1
1912 43.71593753399873 -160.89344451201194 1001.9631392658383 1910 1914 -1
1913 13.931880883097184 -177.32999271075542 1023.3274438919975 1911 1915 -1
1914 43.833587979506724 -160.99416973478367 1002.0911789393243 1912 1916 -1
1915 13.995703625225405 -177.34047915007548 1023.5240601538445 1913 1917 -1
1916 43.95108845274618 -161.09615062840405 1002.2183594621439 1914 1918 -1
1917 14.055502652776742 -177.3551451791648 1023.7216718191905 1915 1919 -1
1918 44.06848094615697 -161.19934661816512 1002.344656508758 1916 1920 -1
1919 14.111386356879846 -177.37387135414224 1023.9200852177637 1917 1921 -1
1920 44.18580769426419 -161.30371698532457 1002.4700464165196 1918 1922 -1
1921 14.16345711345978 -177.39654770309048 1024.119123284643 1919 1923 -1
1922 44.30311110448125 -161.40922088804865 1002.5945061624919 1920 1924 -1
1923 14.211727569353409 -177.42316003276713 1024.3186317432683 1921 1925 -1
1924 44.420434420263675 -161.51583001423418 1002.7180016457272 1922 1926 -1
1925 14.256378105234942 -177.45352296656588 1024.5184476340705 1923 1927 -1
1926 44.5378208190037 -161.62349358319702 1002.8405184972764 1924 1928 -1
1927 14.297413379030354 -177.4876355229781 1024.718433993646 1925 1929 -1
1928 44.65531137748329 -161.73216754172023 1002.9620393522334 1926 1930 -1
1929 14.334951010829144 -177.52538170800915 1024.9184547099237 1927 1931 -1
1930 44.77293052538868 -161.84182946611998 1003.0825440030895 1928 1932 -1
1931 14.369108629117841 -177.56664709460446 1025.1183865732373 1929 1933 -1
1932 44.89068947642752 -161.95247091197265 1003.2020123005908 1930 1934 -1
1933 14.399888388713304 -177.6114393260746 1025.3181081319817 1931 1935 -1
1934 45.0085988695812 -162.06408439237762 1003.3204234080333 1932 1936 -1
1935 14.42742198822615 -177.6596323443852 1025.5175115696902 1933 1937 -1
1936 45.12666977298257 -162.17666579388444 1003.4377523752613 1934 1938 -1
1937 14.451804305042103 -177.71113941449954 1025.7164966103715 1935 1939 -1
1938 45.24491433235149 -162.29021684845685 1003.5539667098951 1936 1940 -1
1939 14.473065252815012 -177.76594339042484 1025.9149585969308 1937 1941 -1
1940 45.36334098231841 -162.40471984356464 1003.6690560607594 1938 1942 -1
1941 14.491277900448921 -177.82398283703427 1026.1128029282413 1939 1943 -1
1942 45.48195999633078 -162.52016893042378 1003.7829963455092 1940 1944 -1
1943 14.506548625129188 -177.8851613841151 1026.3099491451137 1941 1945 -1
1944 45.60078155988543 -162.63655858700864 1003.8957625983245 1942 1946 -1
1945 14.518940536963463 -177.9494290639075 1026.506313426465 1943 1947 -1
1946 45.71981576978469 -162.7538835905262 1004.00732893291 1944 1948 -1
1947 14.528467482773136 -178.01678995373177 1026.7017991230357 1945 1949 -1
1948 45.83907263232482 -162.8721389895044 1004.117668504461 1946 1950 -1
1949 14.53522097920126 -178.08716494377313 1026.8963359662507 1947 1951 -1
1950 45.95856406254579 -162.99132802581397 1004.2267424952585 1948 1952 -1
1951 14.539274233008287 -178.16049455256103 1027.089853784771 1949 1953 -1
1952 46.0782786595003 -163.11142346488433 1004.3345705193537 1950 1954 -1
1953 14.540680225335118 -178.2367414623774 1027.282278711315 1951 1955 -1
1954 46.19815263480065 -163.23234153458893 1004.4412966394493 1952 1956 -1
1955 14.539473077029793 -178.31588962919923 1027.4735302863544 1953 1957 -1
1956 46.31811736852395 -163.35399716911704 1004.5470785930511 1954 1958 -1
1957 14.535683890791871 -178.3979270681708 1027.6635264357765 1955 1959 -1
1958 46.438106080421484 -163.4763059496524 1004.6520774557628 1956 1960 -1
1959 14.529394735062588 -178.4827845690617 1027.8522128855047 1957 1961 -1
1960 46.55805380767619 -163.59918420397958 1004.7564565688376 1958 1962 -1
1961 14.520648895124644 -178.57043605977535 1028.0395191809964 1959 1963 -1
1962 46.67789697235779 -163.72254998472647 1004.8603798335447 1960 1964 -1
1963 14.509487463725296 -178.66085792997754 1028.2253748358987 1961 1965 -1
1964 46.797571465325206 -163.8463239437334 1004.96401177778 1962 1966 -1
1965 14.495940630840385 -178.7540391668324 1028.4097030363448 1963 1967 -1
1966 46.91701890743022 -163.97041891513507 1005.067521718018 1964 1968 -1
1967 14.480021325170197 -178.84998924329315 1028.5924139601832 1965 1969 -1
1968 47.036181063458066 -164.09475471475167 1005.1710714598677 1966 1970 -1
1969 14.46179894854712 -178.94865136840755 1028.7734573641683 1967 1971 -1
1970 47.15500110546515 -164.21925201696627 1005.2748200554671 1968 1972 -1
1971 14.441306461408129 -179.05001074285258 1028.952759528526 1969 1973 -1
1972 47.27342352301417 -164.34383234728645 1005.3789229396585 1970 1974 -1
1973 14.418575096015978 -179.15405435699955 1029.1302452275008 1971 1975 -1
1974 47.391394048639995 -164.46841808572668 1005.4835311083189 1972 1976 -1
1975 14.393634463898913 -179.26077083761382 1029.3058374676118 1973 1977 -1
1976 47.50887103387138 -164.59294462109946 1005.5887632947503 1974 1978 -1
1977 14.366489406703742 -179.3701789422713 1029.4794350759832 1975 1979 -1
1978 47.62586996526162 -164.71740805400867 1005.694601046895 1976 1980 -1
1979 14.337184502544053 -179.48224688342611 1029.6509724074433 1977 1981 -1
1980 47.74242574384225 -164.8418259313068 1005.8009799876546 1978 1982 -1
1981 14.305832789769598 -179.59684491826744 1029.8204641623174 1979 1983 -1
1982 47.85857252113328 -164.96621592875843 1005.9078378383017 1980 1984 -1
1983 14.272564554291177 -179.71381827771148 1029.987956474376 1981 1985 -1
1984 47.97434360770988 -165.09059568815923 1006.015114506723 1982 1986 -1
1985 14.237509941369359 -179.83301605081704 1030.1535054499116 1983 1987 -1
1986 48.08977153393178 -165.21498281894574 1006.1227518315416 1984 1988 -1
1987 14.20079812342792 -179.9542920656475 1030.3171758122426 1985 1989 -1
1988 48.204887889648724 -165.33939493742702 1006.2306935368824 1986 1990 -1
1989 14.162534039443939 -180.0775344843931 1030.4790118291667 1987 1991 -1
1990 48.319724185776025 -165.46384958178302 1006.3388842578229 1988 1992 -1
1991 14.122869437852941 -180.20257534228932 1030.6391219650864 1989 1993 -1
1992 48.43431102047438 -165.58836426730878 1006.44727022759 1990 1994 -1
1993 14.081930065375879 -180.32928205274175 1030.7975933851342 1991 1995 -1
1994 48.54867833854279 -165.7129565347958 1006.5557988109721 1992 1996 -1
1995 14.039838213438426 -180.45752901063537 1030.9545166145604 1993 1997 -1
1996 48.66285544950821 -165.8376440783231 1006.6644182156532 1994 1998 -1
1997 13.996714240954768 -180.58719547840676 1031.1099866939658 1995 1999 -1
1998 48.77687159767144 -165.96244450871123 1006.7730770507186 1996 2000 -1
1999 13.952675679955313 -180.71816677148848 1031.2641011026851 1997 2001 -1
2000 48.8907556022213 -166.0873754993865 1006.8817244301553 1998 2002 -1
2001 13.907829767478528 -180.85034641814852 1031.4169460308522 1999 2003 -1
2002 49.00453594832411 -166.2124548218809 1006.9903097302546 2000 2004 -1
2003 13.86230571711411 -180.98360658895382 1031.5686480474894 2001 2005 -1
2004 49.118240881923114 -166.33770034691224 1007.0987823852266 2002 2006 -1
2005 13.816217254237284 -181.11784325476862 1031.719315320318 2003 2007 -1
2006 49.23189846591631 -166.46313006450055 1007.2070917019763 2004 2008 -1
2007 13.769677026640839 -181.2529555307322 1031.8690583797286 2005 2009 -1
2008 49.345536635181695 -166.58876210403042 1007.3151866749402 2006 2010 -1
2009 13.722796897900905 -181.38884522923283 1032.0179898878973 2007 2011 -1
2010 49.45918325036097 -166.71461475396396 1007.4230157998302 2008 2012 -1
2011 13.67568772716339 -181.52541911615177 1032.1662217608548 2009 2013 -1
2012 49.57286615029964 -166.8407064809017 1007.5305268851267 2010 2014 -1
2013 13.628462181354982 -181.6625861414479 1032.3138678468954 2011 2015 -1
2014 49.68661363259749 -166.9670564435741 1007.6376658171911 2012 2016 -1
2015 13.58123486990265 -181.80024439259356 1032.4610555254683 2013 2017 -1
2016 49.80046726426205 -167.09369926611905 1007.744345179039 2014 2018 -1
2017 13.53411818311172 -181.93830146760985 1032.607904765446 2015 2019 -1
2018 49.9144852965057 -167.22068905303738 1007.8504347799175 2016 2020 -1
2019 13.487225627043584 -182.07666503579674 1032.7545371460542 2017 2021 -1
2020 50.028727505355164 -167.34808188470615 1007.9557973993943 2018 2022 -1
2021 13.440673531375769 -182.21524258674526 1032.9010759083203 2019 2023 -1
2022 50.14325407565632 -167.47593446149156 1008.0602907141617 2020 2024 -1
2023 13.394588839776992 -182.3539398576183 1033.0476491089703 2021 2025 -1
2024 50.25812568695454 -167.60430413413886 1008.1637662098382 2022 2026 -1
2025 13.34908697274127 -182.49265739338762 1033.1943850602627 2023 2027 -1
2026 50.37340356739829 -167.73324889795816 1008.2660680333153 2024 2028 -1
2027 13.304323928337869 -182.63130168144312 1033.3414170636424 2025 2029 -1
2028 50.489151902258286 -167.86283046979835 1008.3670249511374 2026 2030 -1
2029 13.260492359669586 -182.76978058947674 1033.4888847804405 2027 2031 -1
2030 50.60543374772969 -167.99310859274533 1008.4664605149425 2028 2032 -1
2031 13.217823905013384 -182.90798926650388 1033.6369457195192 2029 2033 -1
2032 50.722311013942075 -168.12414137082553 1008.5641912963349 2030 2034 -1
2033 13.17650856584429 -183.04582798804978 1033.7857331725513 2031 2035 -1
2034 50.83984709318466 -168.25598859617375 1008.6600174535428 2032 2036 -1
2035 13.136760339853302 -183.18318760439644 1033.9353877774556 2033 2037 -1
2036 50.95810534524661 -168.38870969145395 1008.7537246676821 2034 2038 -1
2037 13.098833418695103 -183.31993987774635 1034.0860673786092 2035 2039 -1
2038 51.077148688360985 -168.52236317420048 1008.8450824914122 2036 2040 -1
2039 13.062974840866971 -183.45595102325774 1034.2379191041673 2037 2041 -1
2040 51.19703904317171 -168.65700595436542 1008.9338426268644 2038 2042 -1
2041 13.029403185644956 -183.59109102264415 1034.3910653860987 2039 2043 -1
2042 51.3178492887878 -168.79270683095152 1009.0196957139283 2040 2044 -1
2043 12.99843381035549 -183.7251836249493 1034.5456730629828 2041 2045 -1
2044 51.439637685809444 -168.92951685937322 1009.1023451610639 2042 2046 -1
2045 12.970325616311081 -183.85806422524095 1034.7018648882438 2043 2047 -1
2046 51.56244910258288 -169.06747149091697 1009.1815027378759 2044 2048 -1
2047 12.945345329059368 -183.98955510076834 1034.8597545112775 2045 2049 -1
2048 51.68633721785569 -169.20661531223615 1009.256806193787 2046 2050 -1
2049 12.923881646466922 -184.11940931715313 1035.019503984896 2047 2051 -1
2050 51.81136978569905 -169.34700656719602 1009.3277757769113 2048 2052 -1
2051 12.906135947117226 -184.24745372884087 1035.1811583977762 2049 2053 -1
2052 51.937548853470915 -169.48863061320188 1009.3941126569007 2050 2054 -1
2053 12.892585309294867 -184.3733633831116 1035.344881261996 2051 2055 -1
2054 52.0647761270696 -169.63135636242885 1009.4559440750161 2052 2056 -1
2055 12.883401309786768 -184.49695147633648 1035.5106621764344 2053 2057 -1
2056 52.1921361465356 -169.7741385343384 1009.5173740330528 2054 2058 -1
2057 12.879101672804284 -184.61782670343246 1035.6786261451105 2055 2059 -1
2058 52.31839273312213 -169.91557297203772 1009.5839379954731 2056 2060 -1
2059 12.879846273450282 -184.73577525781255 1035.8487092306643 2057 2061 -1
2060 52.44212015573619 -170.05404916081096 1009.6606257050653 2058 2062 -1
2061 12.88613434173822 -184.85036435046777 1036.0209591389053 2059 2063 -1
2062 52.561743146328155 -170.18779853649153 1009.7509462760615 2060 2064 -1
2063 12.898139496439455 -184.96133311328606 1036.195261334281 2061 2065 -1
2064 52.675574939703885 -170.31493410113757 1009.8569262785896 2062 2066 -1
2065 12.916239630045272 -185.06827082589982 1036.3715448728874 2063 2067 -1
2066 52.78238760086804 -170.43409472071065 1009.9783625488939 2064 2068 -1
2067 12.940659466716829 -185.17084016600907 1036.549650323142 2065 2069 -1
2068 52.881950837985265 -170.54503664958875 1010.1130688528772 2066 2070 -1
2069 12.971525187547682 -185.26874134617924 1036.7293755274216 2067 2071 -1
2070 52.977983101006934 -170.6519169327324 1010.2535492976865 2068 2072 -1
2071 13.00891178982692 -185.36163677709595 1036.9105132535392 2069 2073 -1
2072 53.074820529549186 -170.7595585084725 1010.3928804369343 2070 2074 -1
2073 13.052586633743271 -185.44941245367963 1037.092794287879 2071 2075 -1
2074 53.17727921247564 -170.87328808409288 1010.5229552770077 2072 2076 -1
2075 13.102702857648987 -185.53162987066108 1037.2760071190644 2073 2077 -1
2076 53.29061825887854 -170.9988863861562 1010.6310059247364 2074 2078 -1
2077 13.158971290856813 -185.60822721479434 1037.4598673019482 2075 2079 -1
2078 53.4145030128145 -171.13590574682544 1010.7094485302817 2076 2080 -1
2079 13.221507405031849 -185.6787700437789 1037.644124619879 2077 2081 -1
2080 53.545500359545905 -171.2804672342258 1010.7567026827868 2078 2082 -1
2081 13.290096801472238 -185.74312862293746 1037.8284904016543 2079 2083 -1
2082 53.67980380510089 -171.42830386093084 1010.7777898492081 2080 2084 -1
2083 13.3647631637731 -185.8009250322989 1038.0126691171376 2081 2085 -1
2084 53.81507763658254 -171.57679623230257 1010.7826172308706 2082 2086 -1
2085 13.44534222186142 -185.85196723773328 1038.1963493190858 2083 2087 -1
2086 53.95062820996667 -171.72514282224702 1010.7832105121745 2084 2088 -1
2087 13.531770008152701 -185.89594121405548 1038.3791969778547 2085 2089 -1
2088 54.086267780808264 -171.87312370199444 1010.791688513948 2086 2090 -1
2089 13.623894892754555 -185.9326205257676 1038.5608664698257 2087 2091 -1
2090 54.22139983219174 -172.02027131508862 1010.8129819796546 2088 2092 -1
2091 13.721578113330274 -185.9617525946904 1038.7409927939761 2089 2093 -1
2092 54.35531500787452 -172.16612977594858 1010.8470190562618 2090 2094 -1
2093 13.824635636829557 -185.98312957645635 1038.919200164179 2091 2095 -1
2094 54.487358364771325 -172.3102968542373 1010.8933605582478 2092 2096 -1
2095 13.932879109806235 -185.99653829574513 1039.095095656062 2093 2097 -1
2096 54.616969727165376 -172.4524490818494 1010.9513450627195 2094 2098 -1
2097 14.04604049192175 -186.00187799409045 1039.2683048079605 2095 2099 -1
2098 54.74370981469461 -172.5923576537189 1011.0201469549876 2096 2100 -1
2099 14.163923012014804 -185.99891755544556 1039.4383939533664 2097 2101 -1
2100 54.8671819137399 -172.72982831550067 1011.099070307962 2098 2102 -1
2101 14.286132886784582 -185.98777519575697 1039.6050559315477 2099 2103 -1
2102 54.98725144450162 -172.86485966744186 1011.1869495591546 2100 2104 -1
2103 14.412489792419526 -185.9681539259841 1039.7677966205783 2101 2105 -1
2104 55.103766947446246 -172.99743368502297 1011.282984860296 2102 2106 -1
2105 14.542542317375396 -185.94031207798898 1039.9263722757678 2103 2107 -1
2106 55.21676050203645 -173.12767556098865 1011.3861630703299 2104 2108 -1
2107 14.675886006684062 -185.90451731298094 1040.080562987604 2105 2109 -1
2108 55.32668157990449 -173.2562106180042 1011.4946776857735 2106 2110 -1
2109 14.812137295051302 -185.86108949478904 1040.2301864058184 2107 2111 -1
2110 55.43436055702301 -173.3840590365427 1011.6062161168975 2108 2112 -1
2111 14.950832900734845 -185.8106608576384 1040.3753005166056 2109 2113 -1
2112 55.54050675380073 -173.51217221501858 1011.718916510137 2110 2114 -1
2113 15.091621228086243 -185.7536693082829 1040.5159018127877 2111 2115 -1
2114 55.64577826218622 -173.64151255014514 1011.8310329572636 2112 2116 -1
2115 15.234197888603104 -185.6904956463814 1040.651989699502 2113 2117 -1
2116 55.750810948820394 -173.7730206663689 1011.9408222815066 2114 2118 -1
2117 15.378293073925404 -185.6214841109053 1040.783571790127 2115 2119 -1
2118 55.856177823436454 -173.9076098380233 1012.0464694270713 2116 2120 -1
2119 15.523676808176127 -185.5468940397 1040.910616019979 2117 2121 -1
2120 55.96238853980866 -174.0461880383085 1012.1459185498817 2118 2122 -1
2121 15.670121554719247 -185.46705016333968 1041.0331689836216 2119 2123 -1
2122 56.06989546965659 -174.1897232377937 1012.2365241835373 2120 2124 -1
2123 15.817431457934381 -185.38221067868085 1041.1512467682555 2121 2125 -1
2124 56.17895764455759 -174.33890290379088 1012.3153402018031 2122 2126 -1
2125 15.965431277772275 -185.29258942182125 1041.2648444359156 2123 2127 -1
2126 56.28954802554527 -174.4940672229193 1012.3789468599056 2124 2128 -1
2127 16.113959299895985 -185.1983742243662 1041.3739468337708 2125 2129 -1
2128 56.40106736686611 -174.65443791731624 1012.4258941824997 2126 2130 -1
2129 16.262864242210537 -185.09972906800158 1041.4785265978137 2127 2131 -1
2130 56.51267947157421 -174.81810022452262 1012.4594442239481 2128 2132 -1
2131 16.41200238925017 -184.9967961320473 1041.5785423672803 2129 2133 -1
2132 56.623955972318846 -174.98372612399783 1012.4831445932507 2130 2134 -1
2133 16.56123489564557 -184.88969772840844 1041.6739371174383 2131 2135 -1
2134 56.73481301181107 -175.1503571813799 1012.5011712691269 2132 2136 -1
2135 16.710425197608515 -184.77853813536885 1041.7646365347346 2133 2137 -1
2136 56.845346153471446 -175.3173950169021 1012.5173677518193 2134 2138 -1
2137 16.859436470023965 -184.66340535568312 1041.8505473724888 2135 2139 -1
2138 56.955720979460075 -175.48433715790532 1012.5354810644907 2136 2140 -1
2139 17.00812906562217 -184.54437283692283 1041.9315557380385 2137 2141 -1
2140 57.06602850511933 -175.6506137080582 1012.5591692842845 2138 2142 -1
2141 17.15635787146707 -184.42150120426552 1042.007525274411 2139 2143 -1
2142 57.17620553378419 -175.81549182419653 1012.5915356680418 2140 2144 -1
2143 17.303969516568046 -184.29484006895936 1042.0782952123484 2141 2145 -1
2144 57.28597335138821 -175.97798274223157 1012.6352911268517 2142 2146 -1
2145 17.450799363074506 -184.1644299904288 1042.1436782832018 2143 2147 -1
2146 57.395097470359 -176.1371969444603 1012.6910919226564 2144 2148 -1
2147 17.59665708430537 -184.03026913126163 1042.2034021352206 2145 2149 -1
2148 57.503868420520895 -176.29315184620637 1012.7560697172986 2146 2150 -1
2149 17.741345304816242 -183.8924040912286 1042.2572393381397 2147 2151 -1
2150 57.61275462604431 -176.44614529646083 1012.8275874726311 2148 2152 -1
2151 17.884644732533893 -183.75087422580387 1042.3049226610472 2149 2153 -1
2152 57.72229952174916 -176.59656956780495 1012.9034312759002 2150 2154 -1
2153 18.02630565787594 -183.60571037275446 1042.346131432444 2151 2155 -1
2154 57.833091180280285 -176.74485623391791 1012.9816425997477 2152 2156 -1
2155 18.166046042512473 -183.4569516968457 1042.3805087295991 2153 2157 -1
2156 57.94574640704743 -176.8914324096244 1013.0604148524467 2154 2158 -1
2157 18.30353000791836 -183.30464181522055 1042.4076776046086 2155 2159 -1
2158 58.06087806739551 -177.03668167280006 1013.1380530756077 2156 2160 -1
2159 18.43845679663909 -183.14895760459802 1042.427555250012 2157 2161 -1
2160 58.17871944805401 -177.18077581389736 1013.2137540311104 2158 2162 -1
2161 18.570574837255414 -182.99014211337857 1042.4402150778728 2159 2163 -1
2162 58.29914102797143 -177.32371927906826 1013.28755288569 2160 2164 -1
2163 18.699568583052752 -182.82837116808233 1042.4455783587784 2161 2165 -1
2164 58.42199518882545 -177.46551502434667 1013.3595348168337 2162 2166 -1
2165 18.825156609122853 -182.66386589938253 1042.4436717550907 2163 2167 -1
2166 58.547136044376785 -177.60617284205017 1013.4297903131103 2164 2168 -1
2167 18.947160491644972 -182.4969129440176 1042.4347259232231 2165 2169 -1
2168 58.67441993919665 -177.74570892759965 1013.4984146003245 2166 2170 -1
2169 19.065238929815006 -182.327686116709 1042.41865896387 2167 2171 -1
2170 58.80370582049037 -177.88414543171743 1013.5655071176574 2168 2172 -1
2171 19.17929121853946 -182.15648793901462 1042.3958201241787 2169 2173 -1
2172 58.93485549140773 -178.02151000981544 1013.6311710497005 2170 2174 -1
2173 19.289081538126457 -181.98353212442868 1042.3663090905927 2171 2175 -1
2174 59.06773375517072 -178.15783537830566 1013.695512918085 2172 2176 -1
2175 19.394456082774248 -181.80905591912597 1042.3303502412882 2173 2177 -1
2176 59.20220871524812 -178.29315871817286 1013.7586420428428 2174 2178 -1
2177 19.49532944584487 -181.6332979417408 1042.2882458671786 2175 2179 -1
2178 59.3381615197417 -178.42751455458537 1013.8206630752258 2176 2180 -1
2179 19.591493722567513 -181.45644794971912 1042.2401221844123 2177 2181 -1
2180 59.47545399714577 -178.56095584830814 1013.8816998740259 2178 2182 -1
2181 19.68299707369199 -181.27873453495354 1042.1864122804006 2179 2183 -1
2182 59.61396245687118 -178.69353161599497 1013.9418696485375 2180 2184 -1
2183 19.769614424506422 -181.1003188578386 1042.1272076935738 2181 2185 -1
2184 59.753565609848415 -178.8252940265916 1014.0012918233949 2182 2186 -1
2185 19.851433388010953 -180.92139134508372 1042.0629381563888 2183 2187 -1
2186 59.89414423999941 -178.95629810218358 1014.0600879856914 2184 2188 -1
2187 19.92834814791373 -180.74210101040825 1041.9938056029516 2185 2189 -1
2188 60.03558082302024 -179.08660144530904 1014.118381879959 2186 2190 -1
2189 20.000337395312354 -180.5625913945672 1041.9200881633697 2187 2191 -1
2190 60.17775909663346 -179.2162639905178 1014.1762994466899 2188 2192 -1
2191 20.06747227454922 -180.38299206038786 1041.8421278030498 2189 2193 -1
2192 60.320563585428765 -179.345347777174 1014.2339688997854 2190 2194 -1
2193 20.129588157686875 -180.20341835944856 1041.7600550730838 2191 2195 -1
2194 60.46387908244105 -179.47391673979527 1014.291520838035 2192 2196 -1
2195 20.186843816187913 -180.023972253519 1041.6742539083784 2193 2197 -1
2196 60.60759179144897 -179.60203418318156 1014.349089303385 2194 2198 -1
2197 20.239212197134695 -179.8447450990277 1041.5849429266905 2195 2199 -1
2198 60.751583795119046 -179.7297674312125 1014.4068134401633 2196 2200 -1
2199 20.2866267676953 -179.66582390411673 1041.4923120785795 2197 2201 -1
2200 60.895733502780296 -179.85718890726966 1014.464832254505 2198 2202 -1
2201 20.329215999143763 -179.48727389102427 1041.396669716833 2199 2203 -1
2202 61.03992033964007 -179.98436845570902 1014.5232879068135 2200 2204 -1
2203 20.366959922780293 -179.3091616708894 1041.2982159799797 2201 2205 -1
2204 61.184078521624855 -180.1114278251486 1014.5820748472283 2202 2206 -1
2205 20.39980094888112 -179.1315529109929 1041.1971299478073 2203 2207 -1
2206 61.32838126199053 -180.23870400926072 1014.6400302639339 2204 2208 -1
2207 20.427858765963673 -178.9544883799179 1041.093676430226 2205 2209 -1
2208 61.473082571335915 -180.36662272199013 1014.6955178174004 2206 2210 -1
2209 20.45114437227121 -178.7780138938547 1040.9880518140624 2207 2211 -1
2210 61.61839512124254 -180.4955791990499 1014.7468344485214 2208 2212 -1
2211 20.469557466905094 -178.60218664902862 1040.880404903871 2209 2213 -1
2212 61.764465483139496 -180.62592680984082 1014.7921067460117 2210 2214 -1
2213 20.48320265983365 -178.4270330483959 1040.7709654628586 2211 2215 -1
2214 61.91134251702216 -180.75797981272612 1014.8290129120743 2212 2216 -1
2215 20.492098516370415 -178.2525868568941 1040.6599185390298 2213 2217 -1
2216 62.05885896919018 -180.89186646522688 1014.8551077599818 2214 2218 -1
2217 20.49623235291817 -178.07888409552112 1040.547434999438 2215 2219 -1
2218 62.20655173633506 -181.0274768323566 1014.8676318196456 2216 2220 -1
2219 20.495516571387675 -177.9059719267992 1040.4336669439297 2217 2221 -1
2220 62.353539504609195 -181.16433826482267 1014.86360720164 2218 2222 -1
2221 20.49004607025192 -177.7338662638373 1040.3188113130275 2219 2223 -1
2222 62.49842603736092 -181.30147343122545 1014.8402945623487 2220 2224 -1
2223 20.479811475153625 -177.56259866358528 1040.203032244172 2221 2225 -1
2224 62.63977802080536 -181.43777589080386 1014.7978903627717 2222 2226 -1
2225 20.464800027937418 -177.39220102184328 1040.0864918077157 2223 2227 -1
2226 62.77778807075947 -181.57375193223137 1014.7445819656865 2224 2228 -1
2227 20.444896407851235 -177.22272534424468 1039.9693413781417 2225 2229 -1
2228 62.91405911689654 -181.71124070627783 1014.6906747024981 2226 2230 -1
2229 20.420174453529746 -177.05418876386818 1039.8517557269404 2227 2231 -1
2230 63.05017414299392 -181.85243776414856 1014.6471784121109 2228 2232 -1
2231 20.39061787753139 -176.88662593048352 1039.7338949355958 2229 2233 -1
2232 63.18652998049265 -181.99843900521722 1014.6277760208928 2230 2234 -1
2233 20.35620122415082 -176.72007487558068 1039.6159185926763 2231 2235 -1
2234 63.31999419320472 -182.14658365710247 1014.6481584746392 2232 2236 -1
2235 20.31685084338308 -176.55458639929955 1039.4979890357752 2233 2237 -1
2236 63.44526861565234 -182.29006510185303 1014.7111414624736 2234 2238 -1
2237 20.27252387305365 -176.3902080845989 1039.3802732035706 2235 2239 -1
2238 63.562160840166186 -182.42566484349825 1014.8021408140066 2236 2240 -1
2239 20.223259063870294 -176.22697159881054 1039.2629327500406 2237 2241 -1
2240 63.673581585770926 -182.5541886184744 1014.9090633635598 2238 2242 -1
2241 20.169269673966454 -176.06486538504973 1039.146103531162 2239 2243 -1
2242 63.782909028938 -182.67764466447895 1015.0238843363128 2240 2244 -1
2243 20.11100117841254 -175.90380500061664 1039.0298829642309 2241 2245 -1
2244 63.8931862227893 -182.79797069840237 1015.1411065194509 2242 2246 -1
2245 20.048847077506167 -175.74369449186375 1038.9143635610776 2243 2247 -1
2246 64.00719503990372 -182.91679137671147 1015.256263434982 2244 2248 -1
2247 19.983303541924645 -175.58439044302048 1038.799604315611 2245 2249 -1
2248 64.12757953588186 -183.03541795424474 1015.3649158009515 2246 2250 -1
2249 19.914815007499524 -175.42574339665916 1038.685656696657 2247 2251 -1
2250 64.25694833483571 -183.15474515840498 1015.4617631689879 2248 2252 -1
2251 19.843800267192908 -175.26759384863112 1038.572566083493 2249 2253 -1
2252 64.39719574360728 -183.27492547803791 1015.5405889643445 2250 2254 -1
2253 19.7706628415995 -175.10977071491237 1038.4603749947453 2251 2255 -1
2254 64.5488249499557 -183.3949383854639 1015.5944002555462 2252 2256 -1
2255 19.695794809556702 -174.95208871866058 1038.3491304346903 2253 2257 -1
2256 64.70948075787702 -183.51263786298819 1015.6197727566337 2254 2258 -1
2257 19.61963499331449 -174.79434963324152 1038.2388475545658 2255 2259 -1
2258 64.87488172300866 -183.6265701022288 1015.6219422512548 2256 2260 -1
2259 19.542586302535604 -174.636352115508 1038.1295562561609 2257 2261 -1
2260 65.0423088663091 -183.73666697546918 1015.607445999215 2258 2262 -1
2261 19.46505524455832 -174.47788452663454 1038.0212913620549 2259 2263 -1
2262 65.21049466387032 -183.84359377237928 1015.5818721724089 2260 2264 -1
2263 19.387466876496994 -174.31871158093955 1037.914107812765 2261 2265 -1
2264 65.37898961023846 -183.94828208242032 1015.5497940498914 2262 2266 -1
2265 19.31025923717553 -174.15862056266135 1037.8080227219584 2263 2267 -1
2266 65.5477415953715 -184.05172296067218 1015.5150932662467 2264 2268 -1
2267 19.233877271586937 -173.9973833787032 1037.70308244477 2265 2269 -1
2268 65.71684813187579 -184.1549055460129 1015.4813735164458 2266 2270 -1
2269 19.158836157125748 -173.8347239153437 1037.5993779440346 2267 2271 -1
2270 65.88637941341055 -184.25880760679468 1015.4523868956508 2268 2272 -1
2271 19.085617445001017 -173.670432377938 1037.4969528395598 2269 2273 -1
2272 66.05616860843118 -184.36436836097315 1015.4324735304904 2270 2274 -1
2273 19.0147714921691 -173.50426239012728 1037.395900133884 2271 2275 -1
2274 66.22549858096306 -184.4722971145288 1015.4265932000428 2272 2276 -1
2275 18.946943607245217 -173.33593870712446 1037.2963545999157 2273 2277 -1
2276 66.3932733846772 -184.58232387729248 1015.4367076956235 2274 2278 -1
2277 18.882695183803325 -173.16528845670905 1037.1984112248294 2275 2279 -1
2278 66.55860360863262 -184.69363772680623 1015.4619247180906 2276 2280 -1
2279 18.822861003239748 -172.992019381335 1037.102290198423 2277 2281 -1
2280 66.72089608309281 -184.80550483009625 1015.5008228222754 2278 2282 -1
2281 18.76808288187522 -172.81602365540502 1037.0081341638784 2279 2283 -1
2282 66.87990727294512 -184.91733697746378 1015.5516114052106 2280 2284 -1
2283 18.719390025810814 -172.63708158264632 1036.9162201163947 2281 2285 -1
2284 67.03587914457366 -185.0287479399965 1015.611897053858 2282 2286 -1
2285 18.677727591870696 -172.45513024208418 1036.8268026895587 2283 2287 -1
2286 67.18926829180896 -185.13952892225066 1015.6795496017772 2284 2288 -1
2287 18.644090702294196 -172.27018986799794 1036.740188283572 2285 2289 -1
2288 67.34081820972516 -185.24962287660256 1015.7522952777823 2286 2290 -1
2289 18.619761581553256 -172.08232509539872 1036.6568236232695 2287 2291 -1
2290 67.49148921970509 -185.3591003925197 1015.8277551921459 2288 2292 -1
2291 18.60567560888927 -171.89186587233996 1036.5770838281226 2289 2293 -1
2292 67.64235529200502 -185.46806326385843 1015.9035702659397 2290 2294 -1
2293 18.602805355529696 -171.69926560866935 1036.5014096288826 2291 2295 -1
2294 67.79455309990873 -185.57665891650538 1015.9772110795894 2292 2296 -1
2295 18.612072661153213 -171.5051422049574 1036.4302800205808 2293 2297 -1
2296 67.94933383009658 -185.68495016536247 1016.0457148801023 2294 2298 -1
2297 18.6342310594184 -171.31029470784065 1036.3641701346335 2295 2299 -1
2298 68.10772596234231 -185.79287919096382 1016.1059951171574 2296 2300 -1
2299 18.6694217849338 -171.11564451016898 1036.303358489004 2297 2301 -1
2300 68.27056256021551 -185.9001298202254 1016.1544198665241 2298 2302 -1
2301 18.717736290783595 -170.92214579286417 1036.2481280988357 2299 2303 -1
2302 68.43817433733085 -186.0059699033014 1016.1869634475423 2300 2304 -1
2303 18.77900314179706 -170.7307648810442 1036.1986713760796 2301 2305 -1
2304 68.60952119725518 -186.1093777339181 1016.2046390438204 2302 2306 -1
2305 18.85242709764647 -170.54229789404212 1036.154891994052 2303 2307 -1
2306 68.78345218677681 -186.20966070946443 1016.2128424011888 2304 2308 -1
2307 18.937323980913536 -170.35746015464318 1036.1167202415595 2305 2309 -1
2308 68.95944405945411 -186.30655068769659 1016.2172391847434 2306 2310 -1
2309 19.032818065129565 -170.17679740107295 1036.083964309299 2307 2311 -1
2310 69.13724327974886 -186.39996947339264 1016.2234568173536 2308 2312 -1
2311 19.137787811959722 -170.00059886256216 1036.0562618499441 2309 2313 -1
2312 69.31645302924969 -186.48986005768393 1016.2366925645395 2310 2314 -1
2313 19.251271621491984 -169.82905560872783 1036.0332857311282 2311 2315 -1
2314 69.4962585437931 -186.57586730803317 1016.2618981053201 2312 2316 -1
2315 19.372317960424915 -169.66221237245713 1036.0146700275673 2313 2317 -1
2316 69.67581766115156 -186.6577500439086 1016.2996530337651 2314 2318 -1
2317 19.5 -169.5 1036.0 2315 -1 -1
2318 69.85580395960288 -186.73597186884376 1016.3428547410831 2316 2319 -1
2319 70.03757103833085 -186.81113665710373 1016.3839396873416 2318 2320 -1
2320 70.22217928093505 -186.8836893567152 1016.4159403367969 2319 2321 -1
2321 70.40922766084455 -186.95337614170933 1016.4390509350757 2320 2322 -1
2322 70.59767843782726 -187.0198210052626 1016.4602987677441 2321 2323 -1
2323 70.78665054165042 -187.08270453985372 1016.4869092435247 2322 2324 -1
2324 70.97479740261002 -187.14167852559055 1016.5254180219689 2323 2325 -1
2325 71.16121100806176 -187.19661379305148 1016.5764485079432 2324 2326 -1
2326 71.34711188184565 -187.24790447812723 1016.6329326437359 2325 2327 -1
2327 71.53438911410379 -187.29617559296867 1016.6874716672123 2326 2328 -1
2328 71.7247396878778 -187.34176415777353 1016.7327789591126 2327 2329 -1
2329 71.9190250030898 -187.38463963758605 1016.7601546698684 2328 2330 -1
2330 72.11577156215213 -187.42442871621654 1016.7611124286138 2329 2331 -1
2331 72.31111918087147 -187.46024596688733 1016.7315272417269 2330 2332 -1
2332 72.50340994306147 -187.4919687463573 1016.6827278829758 2331 2333 -1
2333 72.69426634623079 -187.52001042911934 1016.6264503873514 2332 2334 -1
2334 72.88611880947562 -187.54469336310308 1016.5720301351174 2333 2335 -1
2335 73.08015775365324 -187.56606971314798 1016.5244394184185 2334 2336 -1
2336 73.27680470382785 -187.58409496449988 1016.4874296750929 2335 2337 -1
2337 73.47594639987385 -187.59855923439505 1016.4653719570892 2336 2338 -1
2338 73.67649923431996 -187.6092214727426 1016.4625738902917 2337 2339 -1
2339 73.8767947031253 -187.61614171863192 1016.4766348496522 2338 2340 -1
2340 74.07635840383116 -187.6194697974114 1016.4999034640647 2339 2341 -1
2341 74.27582034305861 -187.61951416446644 1016.5242898746585 2340 2342 -1
2342 74.47592692462136 -187.61651151343398 1016.5421676018711 2341 2343 -1
2343 74.67668734254968 -187.61057854316707 1016.5452725334576 2342 2344 -1
2344 74.87639135379895 -187.60205897600196 1016.5262144222813 2343 2345 -1
2345 75.07172390129385 -187.59140644960237 1016.4809003664493 2344 2346 -1
2346 75.26127181815808 -187.5790451511987 1016.4154992567943 2345 2347 -1
2347 75.44621426110649 -187.56523354416552 1016.3381674247639 2346 2348 -1
2348 75.62865434960811 -187.5500930776494 1016.2553002673359 2347 2349 -1
2349 75.81085605640783 -187.5336250472333 1016.1721609562651 2348 2350 -1
2350 75.99507223383507 -187.51576337506367 1016.093927540672 2349 2351 -1
2351 76.1833269236246 -187.49641684109375 1016.0265037744348 2350 2352 -1
2352 76.37688673439023 -187.4755508882253 1015.9772232132336 2351 2353 -1
2353 76.57505776573717 -187.45335422792394 1015.9540531111027 2352 2354 -1
2354 76.77449363669709 -187.4303560895766 1015.9583637526154 2353 2355 -1
2355 76.97193081381015 -187.40711605566452 1015.986997135046 2354 2356 -1
2356 77.16567625236763 -187.3840451485872 1016.0347809492047 2355 2357 -1
2357 77.35524656436027 -187.3613835277745 1016.0973361055683 2356 2358 -1
2358 77.54091829104179 -187.33925990155706 1016.1708751446249 2357 2359 -1
2359 77.72337914855335 -187.317735168721 1016.2522458509841 2358 2360 -1
2360 77.90350452835885 -187.29683533203172 1016.3388341184642 2359 2361 -1
2361 78.08223937651374 -187.27657325426946 1016.4284129047409 2360 2362 -1
2362 78.26054666591543 -187.25696260964708 1016.5189858272753 2361 2363 -1
2363 78.43939013270347 -187.23802760338225 1016.6086384765765 2362 2364 -1
2364 78.61972792105037 -187.21981142886798 1016.6953938209421 2363 2365 -1
2365 78.80251261580901 -187.202389598223 1016.7770278326334 2364 2366 -1
2366 78.98857213097592 -187.18586216830474 1016.8510731975126 2365 2367 -1
2367 79.17857035180275 -187.17038705265173 1016.914552531671 2366 2368 -1
2368 79.37273719744148 -187.15617371021798 1016.9641502676972 2367 2369 -1
2369 79.5700828565797 -187.14324503346845 1016.999527076677 2368 2370 -1
2370 79.76938912142336 -187.13149350121296 1017.0220220163552 2369 2371 -1
2371 79.96970652513536 -187.12075716999604 1017.0333791680305 2370 2372 -1
2372 80.17038598721912 -187.1108358471518 1017.035579535086 2371 2373 -1
2373 80.37105282643591 -187.1015101594542 1017.0306462077803 2372 2374 -1
2374 80.57155917821687 -187.0925316088677 1017.0208054843463 2373 2375 -1
2375 80.77191946544653 -187.08365009894285 1017.0082291981674 2374 2376 -1
2376 80.97223356678322 -187.0746156120576 1016.9950314186316 2375 2377 -1
2377 81.17262157281888 -187.06517268991394 1016.9833501264625 2376 2378 -1
2378 81.37315724203805 -187.05504975746746 1016.9754533353819 2377 2379 -1
2379 81.57378327764994 -187.04400078129507 1016.9734950662589 2378 2380 -1
2380 81.77428029107968 -187.03177786788035 1016.9787834122699 2379 2381 -1
2381 81.97437749017683 -187.01812844220208 1016.9911151581363 2380 2382 -1
2382 82.17382661742666 -187.00277631500916 1017.0101420110351 2381 2383 -1
2383 82.37244197488005 -186.9855072607549 1017.0352708248353 2382 2384 -1
2384 82.57006291655182 -186.96607928364904 1017.0660400949245 2383 2385 -1
2385 82.76654602645218 -186.94422473612727 1017.1020329382975 2384 2386 -1
2386 82.96177736227585 -186.91968344065572 1017.1427925421089 2385 2387 -1
2387 83.15568986608612 -186.89225017839706 1017.187784781826 2386 2388 -1
2388 83.34821585075038 -186.86168366002914 1017.2365563385883 2387 2389 -1
2389 83.53928239781483 -186.82770046375992 1017.2886923834204 2388 2390 -1
2390 83.72883831353016 -186.79004576811755 1017.34373868102 2389 2391 -1
2391 83.9168565945276 -186.7485161615945 1017.4012166206576 2390 2392 -1
2392 84.10333568370002 -186.70293645944182 1017.4606106436677 2391 2393 -1
2393 84.2884319348907 -186.65335185200226 1017.5211151998318 2392 2394 -1
2394 84.47237628602676 -186.59988003781183 1017.5818228303204 2393 2395 -1
2395 84.65542828583139 -186.54268934432588 1017.6418333798947 2394 2396 -1
2396 84.83782881552065 -186.48187689035845 1017.7002445757315 2395 2397 -1
2397 85.0198060058311 -186.41747320567526 1017.7560665685816 2396 2398 -1
2398 85.20157955125048 -186.3495788785492 1017.8082932822306 2397 2399 -1
2399 85.38332956738448 -186.27832144633558 1017.8559099846473 2398 2400 -1
2400 85.56518414476932 -186.20375173196794 1017.8976849180506 2399 2401 -1
2401 85.74719689671086 -186.12601831300043 1017.9323847467227 2400 2402 -1
2402 85.92931858886122 -186.04535526871453 1017.958820755073 2401 2403 -1
2403 86.11136691263088 -185.9619425792053 1017.9753149543901 2402 2404 -1
2404 86.29300647284857 -185.87623794441035 1017.9808482032129 2403 2405 -1
2405 86.4736821056288 -185.78865531138598 1017.973680736205 2404 2406 -1
2406 86.65271212501196 -185.69985526771126 1017.9530404292605 2405 2407 -1
2407 86.82915427075973 -185.61054171240787 1017.9176592566004 2406 2408 -1
2408 87.0021281959402 -185.52149654865195 1017.8675366271067 2407 2409 -1
2409 87.17255756541427 -185.43234346874618 1017.8093454116308 2408 2410 -1
2410 87.34423514402626 -185.3408811203233 1017.7592098474515 2409 2411 -1
2411 87.51929081298321 -185.24568698437537 1017.735738785962 2410 2412 -1
2412 87.69430204097765 -185.14824313717466 1017.7488500064366 2411 2413 -1
2413 87.86583766054595 -185.05030579188363 1017.7854320434226 2412 2414 -1
2414 88.0344686629827 -184.95136355350596 1017.8318427456707 2413 2415 -1
2415 88.20227034907992 -184.85007463842777 1017.8761235633804 2414 2416 -1
2416 88.36958494410683 -184.74591026161107 1017.9153062859592 2415 2417 -1
2417 88.53574803547471 -184.63914780078733 1017.952351459485 2416 2418 -1
2418 88.70012332689296 -184.5298884195281 1017.9900825261199 2417 2419 -1
2419 88.86253733705031 -184.41821798380167 1018.0292226005886 2418 2420 -1
2420 89.02290568556303 -184.30392213853588 1018.0692103475692 2419 2421 -1
2421 89.18127806742713 -184.18695378749317 1018.1094233797844 2420 2422 -1
2422 89.33762302318573 -184.06717272235366 1018.1492877922794 2421 2423 -1
2423 89.49191823519037 -183.94447443543567 1018.1882544771563 2422 2424 -1
2424 89.64415374486491 -183.8189164921753 1018.2262003840182 2423 2425 -1
2425 89.79421855318911 -183.69055761350978 1018.2634159396889 2424 2426 -1
2426 89.94202707188786 -183.55949208636216 1018.3002251028447 2425 2427 -1
2427 90.08752880506395 -183.4258441869753 1018.3369387920873 2426 2428 -1
2428 90.230639745948 -183.28969192837727 1018.3738482699848 2427 2429 -1
2429 90.3712320956222 -183.15107192649168 1018.411248439628 2428 2430 -1
2430 90.50923883122222 -183.01008361405428 1018.4494163198201 2429 2431 -1
2431 90.6445791936722 -182.86681281289748 1018.4886168590425 2430 2432 -1
2432 90.77715109638787 -182.72133090213865 1018.5291121723941 2431 2433 -1
2433 90.90684617993 -182.57371151403635 1018.5711585843654 2432 2434 -1
2434 91.03360330070885 -182.4238978054518 1018.6143896355375 2433 2435 -1
2435 91.15769209058378 -182.27151345968232 1018.6563485136485 2434 2436 -1
2436 91.2793569627166 -182.11612272285487 1018.6941406319016 2435 2437 -1
2437 91.39868637311999 -181.95738682764124 1018.7247308372488 2436 2438 -1
2438 91.51555171594536 -181.79520388309797 1018.7448803695893 2437 2439 -1
2439 91.62946644031751 -181.62983952097088 1018.750901009431 2438 2440 -1
2440 91.73964524499632 -181.4622530682902 1018.7397214379339 2439 2441 -1
2441 91.84530792232134 -181.2935590523493 1018.7125469687996 2440 2442 -1
2442 91.94618345437847 -181.1241373815298 1018.673921599709 2441 2443 -1
2443 92.04235165572437 -180.95371810990574 1018.6282430308995 2442 2444 -1
2444 92.13408325977645 -180.781631612335 1018.579755202979 2443 2445 -1
2445 92.22170612174834 -180.60705899222384 1018.5325889884357 2444 2446 -1
2446 92.30537876432865 -180.42918485774 1018.4909631616609 2445 2447 -1
2447 92.3850236418031 -180.24743126352348 1018.4595494516763 2446 2448 -1
2448 92.46013887260472 -180.06179132254803 1018.4439466690216 2447 2449 -1
2449 92.53000074437655 -179.87359726841956 1018.4492451203038 2448 2450 -1
2450 92.59356782337763 -179.68501967760054 1018.47654897551 2449 2451 -1
2451 92.65054889382854 -179.49645437551328 1018.5161779954924 2450 2452 -1
2452 92.70140813571922 -179.3063755542606 1018.5569102075982 2451 2453 -1
2453 92.74623066628891 -179.11298808918048 1018.5876645425333 2452 2454 -1
2454 92.78454276162086 -178.91610053225534 1018.595778986135 2453 2455 -1
2455 92.81563721128624 -178.719336252562 1018.5714220386648 2454 2456 -1
2456 92.83963982914047 -178.52707456097187 1018.5185822972293 2455 2457 -1
2457 92.85813110532824 -178.33981695927767 1018.4482044189346 2456 2458 -1
2458 92.87249994417887 -178.15605344038303 1018.3682026014452 2457 2459 -1
2459 92.88394304133885 -177.97352841774662 1018.284928369358 2458 2460 -1
2460 92.89348449815837 -177.78980171755282 1018.204107526356 2459 2461 -1
2461 92.90205652945616 -177.60245657532863 1018.1320300211365 2460 2462 -1
2462 92.91062507638627 -177.40971630914967 1018.0762104306696 2461 2463 -1
2463 92.92015421510635 -177.21185511700597 1018.0432007343661 2462 2464 -1
2464 92.93161993271028 -177.01168735466874 1018.0307749515863 2463 2465 -1
2465 92.94601000777543 -176.81128704904435 1018.0324356112039 2464 2466 -1
2466 92.96426345681101 -176.61136717302938 1018.0412244043847 2465 2467 -1
2467 92.98755892940808 -176.41198972399116 1018.0503828447338 2466 2468 -1
2468 93.0167205239832 -176.21321741107243 1018.0532576788823 2467 2469 -1
2469 93.05256512888334 -176.01578727579164 1018.0435987289402 2468 2470 -1
2470 93.09459387242677 -175.8208803216238 1018.0189749456765 2469 2471 -1
2471 93.14088185977245 -175.6289435385873 1017.9817687916486 2470 2472 -1
2472 93.18980773822494 -175.4399888309495 1017.9340800502504 2471 2473 -1
2473 93.23994862116272 -175.2537304337465 1017.8777816701081 2472 2474 -1
2474 93.29003843279256 -175.06971701579823 1017.8144715340173 2473 2475 -1
2475 93.33892483249679 -174.88737410320647 1017.7456214174435 2474 2476 -1
2476 93.38553805511812 -174.70609555507806 1017.6725126994876 2475 2477 -1
2477 93.42881812624236 -174.525274298938 1017.5962891213825 2476 2478 -1
2478 93.46766850623587 -174.3443129595317 1017.5180425041536 2477 2479 -1
2479 93.50091243159292 -174.16264395408055 1017.4388667074397 2478 2480 -1
2480 93.52725391127848 -173.97975622552156 1017.3599127327358 2479 2481 -1
2481 93.54524773189458 -173.79523634267343 1017.2824445856631 2480 2482 -1
2482 93.55328753966505 -173.60883150813842 1017.2078926794243 2481 2483 -1
2483 93.54949390318444 -173.4205238620799 1017.1379600899224 2482 2484 -1
2484 93.53251941833135 -173.23061304279113 1017.0746639266607 2483 2485 -1
2485 93.50322305253415 -173.03945613930657 1017.0202673952724 2484 2486 -1
2486 93.46289091363998 -172.84742456608765 1016.9771976573084 2485 2487 -1
2487 93.41277255188257 -172.65505016985895 1016.9483096852445 2486 2488 -1
2488 93.35479141909948 -172.46314408165549 1016.9357397220306 2487 2489 -1
2489 93.29089114317651 -172.2728065982071 1016.9415210906468 2488 2490 -1
2490 93.22315387945297 -172.0855114975534 1016.9675189315956 2489 2491 -1
2491 93.15364001345402 -171.90218440123428 1017.0113357867601 2490 2492 -1
2492 93.08358808323952 -171.7220256323375 1017.0662026067095 2491 2493 -1
2493 93.01372159012172 -171.5433680500184 1017.1260449338362 2492 2494 -1
2494 92.94458669174429 -171.3642265830511 1017.185280744765 2493 2495 -1
2495 92.87680523678158 -171.18260122675994 1017.2381069382664 2494 2496 -1
2496 92.81142970332986 -170.99674841390393 1017.2773029685148 2495 2497 -1
2497 92.75014393528706 -170.80634647678576 1017.2946712243073 2496 2498 -1
2498 92.69511570633213 -170.61360291701024 1017.2834958163328 2497 2499 -1
2499 92.64698979346528 -170.4221885954962 1017.2464058592122 2498 2500 -1
2500 92.60495735030585 -170.234021313126 1017.1900269047826 2499 2501 -1
2501 92.56804307639425 -170.04945655332213 1017.1197337693238 2500 2502 -1
2502 92.53495501373125 -169.86771009170826 1017.0406798294791 2501 2503 -1
2503 92.50449196981667 -169.68752890819835 1016.9570909077291 2502 2504 -1
2504 92.47554367281896 -169.5074593483389 1016.8727209690737 2503 2505 -1
2505 92.44700587038758 -169.32593017471916 1016.7914077592739 2504 2506 -1
2506 92.41783122535512 -169.14210195125764 1016.7156903206917 2505 2507 -1
2507 92.38702030330411 -168.95580155447956 1016.6470032116293 2506 2508 -1
2508 92.3534402453207 -168.7669901196059 1016.587048340741 2507 2509 -1
2509 92.3160185918348 -168.57594838805963 1016.5373444194518 2508 2510 -1
2510 92.27350439512851 -168.38317689190325 1016.4999907680176 2509 2511 -1
2511 92.2254247381448 -168.18965522149207 1016.4754525663137 2510 2512 -1
2512 92.17212600229695 -167.99637535059108 1016.4623497723926 2511 2513 -1
2513 92.11399717652047 -167.80406726807976 1016.4589581572125 2512 2514 -1
2514 92.051569269506 -167.61311903298346 1016.4631145081958 2513 2515 -1
2515 91.98512597499604 -167.42373566646813 1016.4729852508331 2514 2516 -1
2516 91.91505367859614 -167.23589002236423 1016.4865268408787 2515 2517 -1
2517 91.84160431287641 -167.04947702022093 1016.5018818093414 2516 2518 -1
2518 91.76499796194172 -166.86433548597356 1016.5171976701814 2517 2519 -1
2519 91.68548781971666 -166.68028081304354 1016.5306934702036 2518 2520 -1
2520 91.60324106399648 -166.4972016102244 1016.5405149587756 2519 2521 -1
2521 91.51856689692117 -166.3150265171879 1016.5449984691076 2520 2522 -1
2522 91.43170346637174 -166.1338578250741 1016.5421873711485 2521 2523 -1
2523 91.3430959880833 -165.9538912315229 1016.5306233076979 2522 2524 -1
2524 91.25318017814894 -165.77559500474266 1016.5083644797014 2523 2525 -1
2525 91.16258453022678 -165.5995091593327 1016.4744019729524 2524 2526 -1
2526 91.07173918559774 -165.42599674197683 1016.4295100136364 2525 2527 -1
2527 90.98052669346976 -165.25425579733135 1016.378857221309 2526 2528 -1
2528 90.88857283744383 -165.08313528020415 1016.3274428141505 2527 2529 -1
2529 90.79543274753004 -164.91142171634073 1016.2803668819287 2528 2530 -1
2530 90.70083653562891 -164.73818963593288 1016.2428204219591 2529 2531 -1
2531 90.60479646877685 -164.56308838640945 1016.2212055212927 2530 2532 -1
2532 90.50808484763408 -164.38706872511455 1016.2157109819151 2531 2533 -1
2533 90.41139966479977 -164.2109379327259 1016.218894200693 2532 2534 -1
2534 90.31497848649461 -164.0346586120203 1016.2218647403073 2533 2535 -1
2535 90.21903072315978 -163.85810162292995 1016.2234322644737 2534 2536 -1
2536 90.12387811811627 -163.68136108438924 1016.2321908922646 2535 2537 -1
2537 90.03031641247571 -163.50541331602187 1016.2573154889369 2536 2538 -1
2538 89.93973921479365 -163.33239369844827 1016.3043288985482 2537 2539 -1
2539 89.85133321380651 -163.16039481165993 1016.3589270744991 2538 2540 -1
2540 89.76302632994268 -162.9846466386241 1016.3993009771441 2539 2541 -1
2541 89.67481558887962 -162.80456110642552 1016.4049396494718 2540 2542 -1
2542 89.5888182545318 -162.62489289575427 1016.3793635675279 2541 2543 -1
2543 89.50527665224082 -162.44716061239913 1016.3368707934725 2542 2544 -1
2544 89.42281862579014 -162.26958622456257 1016.2916201744371 2543 2545 -1
2545 89.33991940400965 -162.0898958102207 1016.2571332218062 2544 2546 -1
2546 89.25594432658804 -161.90778716978863 1016.248914981641 2545 2547 -1
2547 89.17258420808523 -161.72808832562097 1016.2806619026447 2546 2548 -1
2548 89.09081262096983 -161.55389945355458 1016.3383983844091 2547 2549 -1
2549 89.00816717663251 -161.38086623293904 1016.3984195420373 2548 2550 -1
2550 88.92188327875033 -161.20438373535507 1016.4401041645589 2549 2551 -1
2551 88.83194898210874 -161.0256918793242 1016.4577783299877 2550 2552 -1
2552 88.7391997768134 -160.8475845191961 1016.4536631859206 2551 2553 -1
2553 88.6442041982175 -160.67201872481894 1016.431134001225 2552 2554 -1
2554 88.54718635139353 -160.50008135437378 1016.3938392152484 2553 2555 -1
2555 88.44808644214537 -160.3316844000523 1016.3469441048156 2554 2556 -1
2556 88.34653708474339 -160.16502198257066 1016.2990785649449 2555 2557 -1
2557 88.24190141166342 -159.99814930459084 1016.2594471566567 2556 2558 -1
2558 88.13419474725112 -159.8300717700711 1016.2375394399683 2557 2559 -1
2559 88.02472608577904 -159.6619487628862 1016.2436912194781 2558 2560 -1
2560 87.91708836768606 -159.4982928299442 1016.2868877488518 2559 2561 -1
2561 87.81575369320005 -159.34486752234343 1016.3672090603291 2560 2562 -1
2562 87.7207088510889 -159.20087146949174 1016.4701225697407 2561 2563 -1
2563 87.62813735444006 -159.05992536099683 1016.5794203494083 2562 2564 -1
2564 87.5340191277097 -158.9152611295467 1016.6822569956747 2563 2565 -1
2565 87.43609901453549 -158.7625418514407 1016.7684534621088 2564 2566 -1
2566 87.3352848357045 -158.60203756932052 1016.8348725283292 2565 2567 -1
2567 87.23320529176449 -158.43475405429936 1016.8788054747168 2566 2568 -1
2568 87.13196993161569 -158.2625806881855 1016.8996999485801 2567 2569 -1
2569 87.03372967100361 -158.08742922377814 1016.897782636574 2568 2570 -1
2570 86.94038761423717 -157.91104389285002 1016.8749313406345 2569 2571 -1
2571 86.85233686800206 -157.73387138308672 1016.8398094796473 2570 2572 -1
2572 86.76836872632012 -157.5543546583553 1016.8067316552317 2571 2573 -1
2573 86.68747841807858 -157.37119760172774 1016.7916795974135 2572 2574 -1
2574 86.61038215014635 -157.18722099050532 1016.8120854365283 2573 2575 -1
2575 86.54020782000111 -157.01210300577037 1016.8795670514619 2574 2576 -1
2576 86.47968745063177 -156.8556988575242 1016.9896537811106 2575 2577 -1
2577 86.42559967984388 -156.7123781200803 1017.1196467262229 2576 2578 -1
2578 86.37325830156651 -156.57116002470082 1017.2526784274111 2577 2579 -1
2579 86.31846342357454 -156.4215050999461 1017.3748770456663 2578 2580 -1
2580 86.258848758881 -156.2577514462805 1017.4745850062769 2579 2581 -1
2581 86.19505508017853 -156.08292463016207 1017.5500267659354 2580 2582 -1
2582 86.12821895677313 -155.90189077970174 1017.6058462136646 2581 2583 -1
2583 86.0591326260753 -155.71870545713764 1017.6511074992094 2582 2584 -1
2584 85.98811206729815 -155.5359714405524 1017.6952131739567 2583 2585 -1
2585 85.91434768371384 -155.35319797622438 1017.7342270041252 2584 2586 -1
2586 85.83677554739324 -155.16932112357148 1017.7566820561354 2585 2587 -1
2587 85.75556567076958 -154.98559234249237 1017.7570534950028 2586 2588 -1
2588 85.67170020356846 -154.80319689994806 1017.7481801350002 2587 2589 -1
2589 85.585582052926 -154.62169961232715 1017.7456599253059 2588 2590 -1
2590 85.49803289278434 -154.44166053012438 1017.7620222795605 2589 2591 -1
2591 85.40994844642245 -154.26378067229246 1017.7932175211964 2590 2592 -1
2592 85.32131205198037 -154.08698458618753 1017.8288269222752 2591 2593 -1
2593 85.23199223871536 -153.9101387607335 1017.8624257697674 2592 2594 -1
2594 85.14278979751724 -153.73399432879185 1017.899724632388 2593 2595 -1
2595 85.05489095279641 -153.56011969906254 1017.9487272325056 2594 2596 -1
2596 84.97031378564763 -153.3899592666402 1018.0139473126045 2595 2597 -1
2597 84.89189851449095 -153.2214492413336 1018.0902660309625 2596 2598 -1
2598 84.82280084391074 -153.05175069076444 1018.1727076382796 2597 2599 -1
2599 84.76549638376048 -152.8782676099845 1018.2563001225197 2598 2600 -1
2600 84.71732287678051 -152.69984461980587 1018.3351231331333 2599 2601 -1
2601 84.67417587050303 -152.5153186192489 1018.401780504502 2600 2602 -1
2602 84.6312820769955 -152.32473619552061 1018.4482577532791 2601 2603 -1
2603 84.58597838351832 -152.13033355598003 1018.4704919691691 2602 2604 -1
2604 84.53876142110597 -151.93509486338496 1018.4744269657938 2603 2605 -1
2605 84.49013933570102 -151.7402309926518 1018.4680208314041 2604 2606 -1
2606 84.44029107281118 -151.54579004932458 1018.4585756341882 2605 2607 -1
2607 84.38932203823283 -151.35149688061264 1018.4532581545592 2606 2608 -1
2608 84.33743646202771 -151.15748213938045 1018.458744526625 2607 2609 -1
2609 84.28509587693722 -150.96494753606098 1018.4818556956654 2608 2610 -1
2610 84.23314497387595 -150.7763026229047 1018.5270582028303 2609 2611 -1
2611 84.18218705016743 -150.59317003363697 1018.5920558124328 2610 2612 -1
2612 84.13195758858879 -150.41403950801487 1018.667985429979 2611 2613 -1
2613 84.08190193342591 -150.23649500884292 1018.7476961693543 2612 2614 -1
2614 84.03139924115655 -150.0579721214411 1018.8248800144878 2613 2615 -1
2615 83.97982046447427 -149.87589812163014 1018.8923451100161 2614 2616 -1
2616 83.92690890019001 -149.6890507469357 1018.943728656578 2615 2617 -1
2617 83.87304063032346 -149.49867920230153 1018.9785856661161 2616 2618 -1
2618 83.81866457484875 -149.30635201125347 1018.9990776280848 2617 2619 -1
2619 83.76410118905308 -149.1131865397079 1019.0081623301735 2618 2620 -1
2620 83.70952821610156 -148.9197992615517 1019.0092609027876 2619 2621 -1
2621 83.65501481472575 -148.72641472239025 1019.0058379696836 2620 2622 -1
2622 83.60056193200465 -148.53302485063054 1019.0017600483257 2621 2623 -1
2623 83.54616214976237 -148.33958457761753 1019.0009069616215 2622 2624 -1
2624 83.49186533765292 -148.14624592540827 1019.007656603405 2623 2625 -1
2625 83.43785521002859 -147.95364589327622 1019.0263835795924 2624 2626 -1
2626 83.38453143666965 -147.76319077775796 1019.0614773653018 2625 2627 -1
2627 83.33253815951068 -147.57719262484594 1019.1166005201073 2626 2628 -1
2628 83.28172182160561 -147.3971752534257 1019.1899210094888 2627 2629 -1
2629 83.22967099922053 -147.22076225719562 1019.2708472208446 2628 2630 -1
2630 83.17340285317245 -147.04433835154498 1019.3488182592054 2629 2631 -1
2631 83.1095273335901 -146.86469779605198 1019.4118801515236 2630 2632 -1
2632 83.03489264464069 -146.6813089497434 1019.4438718816015 2631 2633 -1
2633 82.9495413724676 -146.50090374327038 1019.4273031602496 2632 2634 -1
2634 82.86020802472932 -146.33173911171815 1019.3663982098486 2633 2635 -1
2635 82.77465413173799 -146.1650682585171 1019.2937756918718 2634 2636 -1
2636 82.70032444901425 -145.98588973255215 1019.243791933548 2635 2637 -1
2637 82.6558500452404 -145.79318556104138 1019.2662306122564 2636 2638 -1
2638 82.64229624703363 -145.61349908144373 1019.3537265372862 2637 2639 -1
2639 82.64303148541978 -145.45031635076512 1019.4707771486918 2638 2640 -1
2640 82.64653870890778 -145.29595218267454 1019.5993669176953 2639 2641 -1
2641 82.64450974663052 -145.14291647589639 1019.729549601805 2640 2642 -1
2642 82.62832902320741 -144.9846600031009 1019.8520917741911 2641 2643 -1
2643 82.58819628463827 -144.81535689859095 1019.9518019918612 2642 2644 -1
2644 82.52941834958801 -144.63089810546097 1020.0012665889542 2643 2645 -1
2645 82.4738647020977 -144.44311369632865 1019.9660898436861 2644 2646 -1
2646 82.43604860059418 -144.27062001885486 1019.8707148736581 2645 2647 -1
2647 82.40888064114797 -144.0989640799594 1019.7700156948724 2646 2648 -1
2648 82.38755250166247 -143.90839991694688 1019.7158318658186 2647 2649 -1
2649 82.37146907885734 -143.7116300148923 1019.747480372323 2648 2650 -1
2650 82.35814987267531 -143.5232148380184 1019.8159410939896 2649 2651 -1
2651 82.34329257168652 -143.33180127611968 1019.8745058780032 2650 2652 -1
2652 82.32309485870701 -143.13316018812756 1019.8917049454219 2651 2653 -1
2653 82.29539328400149 -142.93704274200982 1019.860397718266 2652 2654 -1
2654 82.25964548674642 -142.74694165941548 1019.8060352707787 2653 2655 -1
2655 82.21435788347448 -142.55607068737308 1019.7632992926315 2654 2656 -1
2656 82.15871448729708 -142.36358297596828 1019.763387755474 2655 2657 -1
2657 82.09499293183848 -142.17746587397173 1019.8036487567172 2656 2658 -1
2658 82.02375263378269 -141.99713192754695 1019.856352850915 2657 2659 -1
2659 81.94412247570891 -141.8185941584238 1019.9026871367943 2658 2660 -1
2660 81.85703717906026 -141.64103531872962 1019.9381728031263 2659 2661 -1
2661 81.7647624566097 -141.4646343156096 1019.965428655462 2660 2662 -1
2662 81.6688834355787 -141.28930044191358 1019.986490426383 2661 2663 -1
2663 81.57078317626139 -141.11473343895992 1020.0033139411239 2662 2664 -1
2664 81.47165433425367 -140.94052778347162 1020.0177064799371 2663 2665 -1
2665 81.37252873592276 -140.7662530638057 1020.0312703210074 2664 2666 -1
2666 81.27442937287391 -140.59145970835127 1020.0455848433273 2665 2667 -1
2667 81.17838943124073 -140.4157343276691 1020.0622226303617 2666 2668 -1
2668 81.08550078816437 -140.23873746036244 1020.0827570955996 2667 2669 -1
2669 80.99699801912463 -140.06023686661527 1020.1088381238793 2668 2670 -1
2670 80.9144707683909 -139.88014387945432 1020.1424084485133 2669 2671 -1
2671 80.83952055797681 -139.69871569051668 1020.1851999957255 2670 2672 -1
2672 80.77397101595753 -139.51657528827755 1020.2389372942041 2671 2673 -1
2673 80.71969046797557 -139.33486104426277 1020.3052104364838 2672 2674 -1
2674 80.67481226767957 -139.1548150961425 1020.3822528388581 2673 2675 -1
2675 80.63650715862079 -138.9771433729683 1020.4679200997166 2674 2676 -1
2676 80.60178823487114 -138.80208185077817 1020.5602555246505 2675 2677 -1
2677 80.56760558105343 -138.62948382529592 1020.6573170881804 2676 2678 -1
2678 80.53100690209284 -138.45917883456605 1020.7574970473433 2677 2679 -1
2679 80.48892429758492 -138.29102767872803 1020.8591378539397 2678 2680 -1
2680 80.43845833403562 -138.12502115430993 1020.9604633035367 2679 2681 -1
2681 80.37642301679597 -137.96156844433423 1021.0594540838695 2680 2682 -1
2682 80.3000014136851 -137.80151484813186 1021.153776148245 2681 2683 -1
2683 80.20718677593283 -137.646177003139 1021.2409598283275 2682 2684 -1
2684 80.09639213586993 -137.49753171097572 1021.318203103905 2683 2685 -1
2685 79.96815660854654 -137.3574382542097 1021.3834713872869 2684 2686 -1
2686 79.82421683345409 -137.22742688911276 1021.4355169325255 2685 2687 -1
2687 79.66717899000152 -137.1083156579168 1021.4741007335278 2686 2688 -1
2688 79.5 -137.0 1021.5 2687 -1 -1
