0 -44.5 -159.5 -612.5 -1 1 -1
1 -44.47243948177994 -159.45063693051202 -612.3402719641074 0 2 -1
2 -44.44540293122529 -159.40181919164814 -612.1803763713159 1 3 -1
3 -44.41889211947414 -159.3537646645878 -612.0201618633063 2 4 -1
4 -44.39290069056487 -159.30646444389345 -611.8596380766097 3 5 -1
5 -44.3674222855624 -159.2599096067773 -611.6988144108566 4 6 -1
6 -44.34245054671122 -159.21409121941932 -611.5377000315948 5 7 -1
7 -44.31797912138975 -159.16900034300002 -611.3763038732781 6 8 -1
8 -44.29400166586844 -159.12462803945033 -611.2146346424109 7 9 -1
9 -44.27051188061495 -159.08096542313066 -611.0527008039309 8 10 -1
10 -44.247503706456584 -159.03800394688705 -610.890510485458 9 11 -1
11 -44.22497061557526 -158.9957343699735 -610.7280718569426 10 12 -1
12 -44.20290633164186 -158.9541478065659 -610.5653927495795 11 13 -1
13 -44.181304603176194 -158.9132353962264 -610.4024807840245 12 14 -1
14 -44.16015920622207 -158.87298830808 -610.239343374161 13 15 -1
15 -44.13946398320044 -158.8333977977739 -610.0759877136355 14 16 -1
16 -44.11921335809572 -158.7944559597668 -609.9124205420901 15 17 -1
17 -44.09940062645016 -158.7561532323234 -609.7486489571938 16 18 -1
18 -44.08001969577845 -158.7184809367629 -609.58467958628 17 19 -1
19 -44.0610648293125 -158.68143090476676 -609.4205187294772 18 20 -1
20 -44.04253023137221 -158.64499487343934 -609.256172557241 19 21 -1
21 -44.024409430715956 -158.60916358379805 -609.0916473718007 20 22 -1
22 -44.00669695141408 -158.57392922280758 -608.9269488870722 21 23 -1
23 -43.98938698152035 -158.5392834783318 -608.762082815614 22 24 -1
24 -43.97247318197601 -158.5052172588434 -608.5970549336236 23 25 -1
25 -43.95595080809593 -158.47172379765166 -608.4318702300912 24 26 -1
26 -43.93981310770194 -158.4387933828854 -608.266534358072 25 27 -1
27 -43.92405523940242 -158.40641909182548 -608.1010520801475 26 28 -1
28 -43.9086709661792 -158.37459195129654 -607.9354285677581 27 29 -1
29 -43.89365532137381 -158.3433048415297 -607.7696683826954 28 30 -1
30 -43.87900218012366 -158.31254893914917 -607.6037763910876 29 31 -1
31 -43.864706842471804 -158.28231750223824 -607.4377568211347 30 32 -1
32 -43.8507630812677 -158.25260154379606 -607.2716143266521 31 33 -1
33 -43.83716635369909 -158.2233945400589 -607.1053528574516 32 34 -1
34 -43.82391078309442 -158.19468800508102 -606.9389767120251 33 35 -1
35 -43.810991183552346 -158.16647445990728 -606.7724898415483 34 36 -1
36 -43.79840283343602 -158.13874710141985 -606.6058959455346 35 37 -1
37 -43.78614000524057 -158.11149764443473 -606.4391989446846 36 38 -1
38 -43.774197737184046 -158.08471892211895 -606.2724024119366 37 39 -1
39 -43.762571445859614 -158.0584043183656 -606.1055097131301 38 40 -1
40 -43.751255621320254 -158.03254585090522 -605.9385244012914 39 41 -1
41 -43.74024535644742 -158.00713641776073 -605.7714497524336 40 42 -1
42 -43.729535936777296 -157.98216919531947 -605.6042888998941 41 43 -1
43 -43.71912266906343 -157.9576373866119 -605.437044888244 42 44 -1
44 -43.709000469934736 -157.93353361636588 -605.2697207860716 43 45 -1
45 -43.69916461703309 -157.90985103552336 -605.102319478075 44 46 -1
46 -43.68961043329906 -157.88658285730753 -604.9348437579578 45 47 -1
47 -43.68033328673475 -157.86372235700566 -604.7672963308993 46 48 -1
48 -43.67132876814175 -157.84126313376447 -604.5996797717509 47 49 -1
49 -43.66259217772616 -157.81919835501265 -604.4319966567664 48 50 -1
50 -43.654118961702764 -157.7975213991021 -604.2642494532977 49 51 -1
51 -43.64590466700229 -157.7762257888665 -604.096440535162 50 52 -1
52 -43.63794488396571 -157.7553051073902 -603.9285721992876 51 53 -1
53 -43.63023524594268 -157.73475299753068 -603.7606466678762 52 54 -1
54 -43.62277142886825 -157.71456316140612 -603.5926660905155 53 55 -1
55 -43.61554915081915 -157.6947293598499 -603.4246325462425 54 56 -1
56 -43.608564171550974 -157.67524541183408 -603.2565480455588 55 57 -1
57 -43.60181229201752 -157.65610519386397 -603.0884145323981 56 58 -1
58 -43.59528935387354 -157.6373026393453 -602.9202338860459 57 59 -1
59 -43.58899123896202 -157.61883173792597 -602.7520079230139 58 60 -1
60 -43.58291386878703 -157.60068653481406 -602.5837383988671 59 61 -1
61 -43.57705320397326 -157.5828611300732 -602.4154270100079 60 62 -1
62 -43.57140524371321 -157.56534967789776 -602.2470753954138 61 63 -1
63 -43.565966025202925 -157.5481463858683 -602.0786851383336 62 64 -1
64 -43.560731623067156 -157.53124551418898 -601.9102577679399 63 65 -1
65 -43.55569819475334 -157.5146414428225 -601.7417947529602 64 66 -1
66 -43.55086197393732 -157.49832866189112 -601.5732975051244 65 67 -1
67 -43.54621902199332 -157.48230140457903 -601.4047674225909 66 68 -1
68 -43.54176555615149 -157.46655413191036 -601.236205834194 67 69 -1
69 -43.53749782809422 -157.4510813535342 -601.0676140223205 68 70 -1
70 -43.53341212333386 -157.43587762687892 -600.8989932243268 69 71 -1
71 -43.52950476058493 -157.42093755629614 -600.7303446339174 70 72 -1
72 -43.52577232385571 -157.40625613636905 -600.5616693677762 71 73 -1
73 -43.522210979059125 -157.3918277414485 -600.3929685702783 72 74 -1
74 -43.51881712750102 -157.3776470919129 -600.2242433140806 73 75 -1
75 -43.51558721334564 -157.3637089696111 -600.0554946314803 74 76 -1
76 -43.51251781184723 -157.35000834851564 -599.8867235036579 75 77 -1
77 -43.509605499917036 -157.3365402033338 -599.7179308805992 76 78 -1
78 -43.506846633801516 -157.3232991804058 -599.5491177107813 77 79 -1
79 -43.50423777296089 -157.3102802250665 -599.3802848843283 78 80 -1
80 -43.50177565325839 -157.29747854222146 -599.2114332399036 79 81 -1
81 -43.499456878341626 -157.28488913948144 -599.0425636056007 80 82 -1
82 -43.49727794399112 -157.27250686308162 -598.8736767947541 81 83 -1
83 -43.49523553890826 -157.26032684343508 -598.7047735698011 82 84 -1
84 -43.49332659830946 -157.24834457482677 -598.5358546392079 83 85 -1
85 -43.49154755803049 -157.23655481018815 -598.3669207450965 84 86 -1
86 -43.48989515425585 -157.22495274602883 -598.1979725694783 85 87 -1
87 -43.48836642042025 -157.2135340182603 -598.0290107388112 86 88 -1
88 -43.48695787366454 -157.2022934961247 -597.8600359139966 87 89 -1
89 -43.48566629630509 -157.1912264406463 -597.6910487040955 88 90 -1
90 -43.48448879572104 -157.18032859386344 -597.5220496637972 89 91 -1
91 -43.48342192267134 -157.16959487101542 -597.3530393850413 90 92 -1
92 -43.4824625915036 -157.15902072548437 -597.184018402069 91 93 -1
93 -43.48160784803671 -157.1486018047789 -597.0149872178785 92 94 -1
94 -43.48085435838049 -157.13833319176334 -596.8459463538198 93 95 -1
95 -43.48019917925822 -157.1282105480817 -596.6768962757893 94 96 -1
96 -43.47963922218961 -157.11822931888224 -596.507837446639 95 97 -1
97 -43.47917130387906 -157.108384807453 -596.3387703208743 96 98 -1
98 -43.47879262594518 -157.09867288801496 -596.1696953027963 97 99 -1
99 -43.47849993218532 -157.08908875369156 -596.0006128219225 98 100 -1
100 -43.478290303472924 -157.07962809760065 -595.8315232633311 99 101 -1
101 -43.47816076987164 -157.07028653661274 -595.6624270026844 100 102 -1
102 -43.47810820947347 -157.06105946075348 -595.4933244144512 101 103 -1
103 -43.478129869042704 -157.051942807718 -595.3242158300268 102 104 -1
104 -43.47822256629387 -157.0429318761515 -595.1551016030056 103 105 -1
105 -43.47838346854061 -157.03402248420758 -594.9859820470105 104 106 -1
106 -43.47860959696617 -157.02521023192105 -594.8168574759146 105 107 -1
107 -43.478897974578935 -157.01649072132574 -594.6477281923769 106 108 -1
108 -43.47924578527612 -157.00785979364588 -594.4785944766845 107 109 -1
109 -43.47964996467738 -156.99931291943395 -594.3094566177107 108 110 -1
110 -43.480107753138526 -156.99084602312453 -594.1403148725981 109 111 -1
111 -43.48061612241996 -156.9824546279713 -593.9711695091783 110 112 -1
112 -43.48117224119849 -156.97413455058864 -593.8020207727377 111 113 -1
113 -43.48177320251289 -156.96588149427228 -593.6328689061498 112 114 -1
114 -43.48241608940439 -156.95769114685524 -593.4637141455415 113 115 -1
115 -43.4830980878008 -156.9495593497829 -593.2945567131135 114 116 -1
116 -43.48381622604168 -156.94148170815083 -593.1253968353907 115 117 -1
117 -43.484567731042056 -156.93345412435553 -592.9562347195406 116 118 -1
118 -43.4853496404972 -156.92547221666754 -592.78707057998 117 119 -1
119 -43.48615913536399 -156.91753181817975 -592.6179046165606 118 120 -1
120 -43.48699332486155 -156.90962865398393 -592.4487370293842 119 121 -1
121 -43.48784933464914 -156.9017584735986 -592.2795680133968 120 122 -1
122 -43.48872432094939 -156.89391707281843 -592.1103977579601 121 123 -1
123 -43.489615376018634 -156.88610015013467 -591.9412264534851 122 124 -1
124 -43.4905196715752 -156.87830352525614 -591.7720542825227 123 125 -1
125 -43.491434298991344 -156.87052289482577 -591.6028814306786 124 126 -1
126 -43.49235640070397 -156.86275403420012 -591.4337080784643 125 127 -1
127 -43.49328309265066 -156.854992677983 -591.2645344068553 126 128 -1
128 -43.494211493481544 -156.8472345646439 -591.0953605958607 127 129 -1
129 -43.495138714521644 -156.8394754238099 -590.9261868255224 128 130 -1
130 -43.49606187050964 -156.83171098701615 -590.7570132759519 129 131 -1
131 -43.49697805291501 -156.82393695486462 -590.5878401291653 130 132 -1
132 -43.49788436671788 -156.8161490454838 -590.4186675675383 131 133 -1
133 -43.49877790658401 -156.80834296279403 -590.2494957756073 132 134 -1
134 -43.49965572792284 -156.80051435409618 -590.080324942374 133 135 -1
135 -43.50051494231542 -156.79265894718017 -589.9111552559484 134 136 -1
136 -43.501352578685655 -156.78477235076127 -589.7419869125694 135 137 -1
137 -43.50216570622665 -156.77685023147683 -589.572820109532 136 138 -1
138 -43.502951399098286 -156.76888826344907 -589.4036550478002 137 139 -1
139 -43.50370661149896 -156.76088194631757 -589.2344919405597 138 140 -1
140 -43.50442844036946 -156.75282698744985 -589.0653309969103 139 141 -1
141 -43.50511388782611 -156.74471895641477 -588.8961724375786 140 142 -1
142 -43.50575987981535 -156.7365533115525 -588.7270164945107 141 143 -1
143 -43.50636348264922 -156.72832571637923 -588.557863396972 142 144 -1
144 -43.50692164492729 -156.72003166273825 -588.3887133892098 143 145 -1
145 -43.50743124716827 -156.7116665429584 -588.2195667280156 144 146 -1
146 -43.50788931709511 -156.70322596511153 -588.0504236683145 145 147 -1
147 -43.508292773503484 -156.69470537821778 -587.8812844813466 146 148 -1
148 -43.50863839569583 -156.68610002711745 -587.712149457983 147 149 -1
149 -43.50892318819056 -156.6774054871183 -587.5430188829636 148 150 -1
150 -43.50914401704686 -156.66861713106923 -587.3738930615484 149 151 -1
151 -43.50929765256439 -156.65973019174587 -587.2047723175941 150 152 -1
152 -43.5093809260633 -156.6507399918835 -587.0356569824693 151 153 -1
153 -43.5093907006954 -156.6416419015143 -586.8665473975071 152 154 -1
154 -43.50932375609434 -156.63243116867358 -586.6974439236593 153 155 -1
155 -43.50917676788657 -156.62310288923834 -586.5283469443378 154 156 -1
156 -43.50894648689346 -156.613652270119 -586.3592568516948 155 157 -1
157 -43.50862967640478 -156.60407453725864 -586.1901740519751 156 158 -1
158 -43.50822301688608 -156.5943647956719 -586.0210989743106 157 159 -1
159 -43.507723161735 -156.58451811136084 -585.8520320670007 158 160 -1
160 -43.50712664655954 -156.57452937801767 -585.6829738066159 159 161 -1
161 -43.506430124286446 -156.5643936625806 -585.5139246777876 160 162 -1
162 -43.50563019745014 -156.55410595884265 -585.3448851886442 161 163 -1
163 -43.504723403735284 -156.54366116622106 -585.1758558732905 162 164 -1
164 -43.503706249499295 -156.53305413906514 -585.0068372897367 163 165 -1
165 -43.50257520889312 -156.52227968540916 -584.8378300209341 164 166 -1
166 -43.50132672297506 -156.51133256571683 -584.6688346758418 165 167 -1
167 -43.5 -156.5 -584.5 166 168 169
168 -43.6393992676125 -156.36061289207782 -584.4268195720609 167 170 -1
169 -43.29584984343812 -156.48912659250144 -584.472045572435 167 171 -1
170 -43.773559472946864 -156.21738451157455 -584.3513563988554 168 172 -1
171 -43.09181524772807 -156.48360122139002 -584.4417693268679 169 173 -1
172 -43.90225855095687 -156.07047183685367 -584.2735036918577 170 174 -1
173 -42.888094172863134 -156.48389805688083 -584.409004034598 171 175 -1
174 -44.02525960449945 -155.9200085475212 -584.1932585553849 172 176 -1
175 -42.68492854636925 -156.4905082033023 -584.3735843562741 173 177 -1
176 -44.14231467291584 -155.76613564702342 -584.1106208729162 174 178 -1
177 -42.482612251358795 -156.50393387076423 -584.3353504374712 175 179 -1
178 -44.25314047441203 -155.60899172544316 -584.0255854033568 176 180 -1
179 -42.281578218682235 -156.5250853080485 -584.2939916032523 177 181 -1
180 -44.3574878373427 -155.44875038928816 -583.9381692374682 178 182 -1
181 -42.08225797823849 -156.55435770861462 -584.2494222415335 179 183 -1
182 -44.45508535089533 -155.28558990357115 -583.8483901640067 180 184 -1
183 -41.88530420071678 -156.59268804559 -584.2013638310842 181 185 -1
184 -44.54564953895371 -155.11970143449076 -583.7562720025313 182 186 -1
185 -41.69134315667652 -156.64048156863697 -584.1497651571414 183 187 -1
186 -44.62889275132688 -154.95129390695178 -583.6618482546919 184 188 -1
187 -41.50121055422211 -156.69845339554868 -584.0944815463438 185 189 -1
188 -44.70452634766086 -154.7805958239623 -583.5651637064692 186 190 -1
189 -41.31584001428784 -156.7671620367711 -584.0354570507063 187 191 -1
190 -44.772264611669875 -154.60785676300603 -583.4662760005147 188 192 -1
191 -41.136214291963434 -156.84695324908344 -583.9727399479087 189 193 -1
192 -44.831829405663136 -154.43334840867206 -583.3652571021694 190 194 -1
193 -40.963299644403044 -156.93791821322822 -583.9064888912291 191 195 -1
194 -44.88293352237873 -154.2573620437032 -583.2621896565488 192 196 -1
195 -40.79797167190722 -157.0398750069758 -583.8369673374614 193 197 -1
196 -44.925344368439454 -154.08021804938065 -583.1571818458083 194 198 -1
197 -40.64094431599166 -157.15237816473524 -583.7645263083118 195 199 -1
198 -44.95884455840638 -153.90225487218993 -583.050356036488 196 200 -1
199 -40.49279376022842 -157.27483471983052 -583.6895600149903 197 201 -1
200 -44.983243676338105 -153.7238288641345 -582.9418506005522 198 202 -1
201 -40.35389614557976 -157.40649540668153 -583.6124986949274 199 203 -1
202 -44.99838984201187 -153.5453117096675 -582.8318205072982 200 204 -1
203 -40.22402659984335 -157.54618756953482 -583.5338408575648 201 205 -1
204 -45.0041760228285 -153.36708584883007 -582.7204360243345 202 206 -1
205 -40.10307005883457 -157.69302985098358 -583.4539900078661 203 207 -1
206 -45.000522988999265 -153.18954139506877 -582.6078783391181 204 208 -1
207 -39.990492671537915 -157.84597794868347 -583.3733400944558 205 209 -1
208 -44.98739254275611 -153.01307306832368 -582.4943399937205 206 210 -1
209 -39.88552869156122 -158.0040174326117 -583.2922264394358 207 211 -1
210 -44.96488320517017 -152.8380574210279 -582.3800285539218 208 212 -1
211 -39.78759905415316 -158.16641525793705 -583.2109133197253 209 213 -1
212 -44.93308512681089 -152.66486369670665 -582.2651484395356 210 214 -1
213 -39.69571391444655 -158.33232218273895 -583.129622558602 211 215 -1
214 -44.892097831457896 -152.4938572858871 -582.149902365625 212 216 -1
215 -39.60899815926168 -158.50108300049402 -583.0485199481959 213 217 -1
216 -44.84262380031062 -152.32525505490221 -582.0344389357897 214 218 -1
217 -39.52666501236653 -158.6721812390379 -582.9677419091427 215 219 -1
218 -44.78558340528618 -152.15917655782678 -581.9188023672115 216 220 -1
219 -39.44777937466998 -158.84509436479 -582.8873855229506 217 221 -1
220 -44.72200855015724 -151.9956092970764 -581.8029904601268 218 222 -1
221 -39.371469696547635 -159.01938900504075 -582.8075247644356 219 223 -1
222 -44.65275492463412 -151.83451673476821 -581.686962522434 220 224 -1
223 -39.296907556582546 -159.19469261587514 -582.7282213817628 221 225 -1
224 -44.57855719080107 -151.67584957773425 -581.5706463053913 222 226 -1
225 -39.22327918211859 -159.37067121402836 -582.6495418539891 223 227 -1
226 -44.50016722242835 -151.51949079295983 -581.4539526990409 224 228 -1
227 -39.149741626189446 -159.54698269476404 -582.5715253204601 225 229 -1
228 -44.41821944672648 -151.36533386353676 -581.336773102141 226 230 -1
229 -39.07549112364334 -159.72330897641461 -582.4942215193912 227 231 -1
230 -44.33329632538072 -151.21326424082582 -581.2189847942681 228 232 -1
231 -38.99972684187183 -159.89932624521083 -582.417687612169 229 233 -1
232 -44.24593715649492 -151.06316408812225 -581.1004530416075 230 234 -1
233 -38.92160015757979 -160.07467638949166 -582.3420047103375 231 235 -1
234 -44.15664681928968 -150.91491570469842 -580.9810323374181 232 236 -1
235 -38.84029381890732 -160.24897567612072 -582.2672534627297 233 237 -1
236 -44.065903862015546 -150.76840478221965 -580.860566367615 234 238 -1
237 -38.755016961111046 -160.42180682842704 -582.1935300590198 235 239 -1
238 -43.9741693551049 -150.6235237122672 -580.7388860162572 236 240 -1
239 -38.6649617391041 -160.59268992040867 -582.1209614571151 237 241 -1
240 -43.88189945073056 -150.4801634478893 -580.6158170795863 238 242 -1
241 -38.569202159873115 -160.76101301659784 -582.0497330551946 239 243 -1
242 -43.78954623489386 -150.33822642143213 -580.4911712044388 240 244 -1
243 -38.467026850982386 -160.92616315116192 -581.9800194173881 241 245 -1
244 -43.69757007735911 -150.19762316157804 -580.3647478866684 242 246 -1
245 -38.35779950072595 -161.0874669988734 -581.9120217178441 243 247 -1
246 -43.60644855068224 -150.05827369247777 -580.2363337203846 244 248 -1
247 -38.24145719581321 -161.24448824169835 -581.8458185156333 245 249 -1
248 -43.51668592275786 -149.92010931716993 -580.1057018463111 246 250 -1
249 -38.118540179036984 -161.39714933298197 -581.7813152898337 247 251 -1
250 -43.42882488926348 -149.783075646777 -579.9726102140262 248 252 -1
251 -37.98973734545059 -161.5455426580666 -581.7183516122027 249 253 -1
252 -43.34348584539326 -149.64714485073532 -579.8367763686358 250 254 -1
253 -37.85559964234478 -161.6897369875941 -581.6567779701436 251 255 -1
254 -43.261307442017554 -149.51229113580385 -579.6979550023391 252 256 -1
255 -37.71656419335834 -161.8297606212304 -581.5964505634748 253 257 -1
256 -43.18304393471945 -149.37853168663668 -579.5558538802288 254 258 -1
257 -37.57327055885859 -161.96587789778107 -581.537153757513 255 259 -1
258 -43.109565557155136 -149.2459227645626 -579.4101680120411 256 260 -1
259 -37.42619344281431 -162.09827451313728 -581.478697739996 257 261 -1
260 -43.041833703115834 -149.1145624767209 -579.260621766355 258 262 -1
261 -37.275761812777155 -162.22714127495064 -581.4208882322785 259 263 -1
262 -42.98090287730274 -148.98461718910926 -579.1069738108466 260 264 -1
263 -37.122361639886606 -162.3526657263759 -581.3635244272673 261 265 -1
264 -42.92740748353645 -148.85633789575812 -578.9492126300908 262 266 -1
265 -36.966432905339246 -162.47514339359194 -581.3063909542071 263 267 -1
266 -42.88156161301025 -148.72999119130222 -578.7875327967799 264 268 -1
267 -36.80832931609662 -162.5948130109882 -581.2492815244849 265 269 -1
268 -42.843499950599224 -148.6058341397839 -578.6221788713277 266 270 -1
269 -36.64838090767952 -162.7119167993018 -581.1919880215377 267 271 -1
270 -42.813298081733414 -148.48411177195086 -578.4534269005776 268 272 -1
271 -36.4868871318998 -162.82668137663725 -581.1342957050518 269 273 -1
272 -42.790982384264765 -148.36505605674657 -578.2815736287636 270 274 -1
273 -36.324145157983025 -162.9393523207635 -581.0759864591714 271 275 -1
274 -42.77644208044045 -148.24884824206248 -578.1069593564703 272 276 -1
275 -36.160448865215926 -163.0501954425951 -581.0168506491052 273 277 -1
276 -42.769510683663235 -148.13563818592206 -577.9299240401818 274 278 -1
277 -35.99606657132893 -163.15945072155068 -580.9566715819078 275 279 -1
278 -42.76995293640579 -148.02553481942573 -577.7508050232927 276 280 -1
279 -35.831260466870624 -163.26735618669156 -580.8952291182484 277 281 -1
280 -42.77749990666726 -147.91861720153418 -577.5699217174696 278 282 -1
281 -35.66629019257262 -163.3741478477428 -580.8322990259509 279 283 -1
282 -42.79180117596845 -147.8149092894309 -577.3875823025505 280 284 -1
283 -35.501422393767584 -163.48004874468648 -580.7676196826623 281 285 -1
284 -42.81245101657643 -147.71438605549832 -577.2040703345317 282 286 -1
285 -35.3369265964158 -163.58530843551569 -580.7009771904364 283 287 -1
286 -42.839040926206515 -147.61699782456023 -577.0196330692258 284 288 -1
287 -35.17307769921984 -163.69015890064836 -580.6321334021732 285 289 -1
288 -42.87117518358819 -147.52268097825367 -576.8344822761376 286 290 -1
289 -35.01016350723947 -163.79482894211336 -580.5608413690563 287 291 -1
290 -42.90838888786498 -147.43131156131224 -576.6488045309202 288 292 -1
291 -34.84849002637695 -163.89954559397182 -580.4868453968916 289 293 -1
292 -42.95024662461428 -147.34275989723676 -576.4627497304259 290 294 -1
293 -34.688423627814544 -164.0045438585041 -580.4098185022284 291 295 -1
294 -42.996322427904076 -147.25688198246735 -576.2764374374638 292 296 -1
295 -34.53029025719838 -164.1100433562383 -580.3295547075003 293 297 -1
296 -43.04620037548244 -147.17352159665887 -576.089959864535 294 298 -1
297 -34.37444070013555 -164.21624047329897 -580.245820525197 295 299 -1
298 -43.0994800884709 -147.09251576928656 -575.9033846814775 296 300 -1
299 -34.221196769324585 -164.32328084774448 -580.1584316260386 297 301 -1
300 -43.15577283081945 -147.0136939379885 -575.7167581384128 298 302 -1
301 -34.07092823587403 -164.43130863516907 -580.0671785054357 299 303 -1
302 -43.21470098338802 -146.93687879117192 -575.5301078437947 300 304 -1
303 -33.92396422063222 -164.54043910712102 -579.9719451384468 301 305 -1
304 -43.27590899600393 -146.86189631852707 -575.3434455334381 302 306 -1
305 -33.780839165795726 -164.65083548560347 -579.8724236617152 303 307 -1
306 -43.339056807325115 -146.78857305325863 -575.1567698218603 304 308 -1
307 -33.64210081414439 -164.76263768182739 -579.7683665733413 305 309 -1
308 -43.40381902661488 -146.7167372000575 -574.9700685455098 306 310 -1
309 -33.50845886533443 -164.8759996734801 -579.6594465482004 307 311 -1
310 -43.46988467863021 -146.64622041943744 -574.7833208000179 308 312 -1
311 -33.38062070042693 -164.9910006141048 -579.5453999693233 309 313 -1
312 -43.536954400043044 -146.57685732468292 -574.5964986965557 310 314 -1
313 -33.25870530201237 -165.10728446332723 -579.4262779986756 311 315 -1
314 -43.60473681960023 -146.5084824886902 -574.4095693872517 312 316 -1
315 -33.14201908077425 -165.22418841228384 -579.3026095228511 313 317 -1
316 -43.672951884702265 -146.44093592882538 -574.2224962758681 314 318 -1
317 -33.02976192564834 -165.34106815481792 -579.1748801827598 315 319 -1
318 -43.74132736927427 -146.37406113467165 -574.0352404052361 316 320 -1
319 -32.920921197811715 -165.45728233176507 -579.0436308624205 317 321 -1
320 -43.80959735478275 -146.30770498820726 -573.8477616472184 318 322 -1
321 -32.81432163683444 -165.57220975292478 -578.909439290429 319 323 -1
322 -43.877500752915516 -146.24171762751325 -573.6600197946657 320 324 -1
323 -32.70868094832632 -165.68524218487642 -578.7728993914768 321 325 -1
324 -43.94477476718273 -146.1759526965738 -573.4719736203758 322 326 -1
325 -32.60266044726279 -165.79582318157404 -578.6346577600337 323 327 -1
326 -44.01116470931969 -146.11026417316177 -573.2835869589893 324 328 -1
327 -32.49495492287275 -165.90342047864291 -578.4953702843618 325 329 -1
328 -44.076416046841096 -146.04451076085599 -573.0948256389051 326 330 -1
329 -32.384339481902174 -166.00753184801533 -578.3557180748686 327 331 -1
330 -44.14027362648763 -145.97855402969503 -572.905659205435 328 332 -1
331 -32.26972895095927 -166.10769403679552 -578.2164036297827 329 333 -1
332 -44.20247338671109 -145.91225635839777 -572.7160602795298 330 334 -1
333 -32.15023199366483 -166.20349681113325 -578.0781355804645 331 335 -1
334 -44.26285763966737 -145.84554616815058 -572.5260196662573 332 336 -1
335 -32.025278129776495 -166.2945880751289 -577.9415171210666 333 337 -1
336 -44.32156682827645 -145.7785334700837 -572.335560930275 334 338 -1
337 -31.89541025984398 -166.38115044170056 -577.8065455578595 335 339 -1
338 -44.37878913723779 -145.71135740089343 -572.1447074687184 336 340 -1
339 -31.76122767062185 -166.46338086244387 -577.6730911500729 337 341 -1
340 -44.43470733410113 -145.6441555337595 -571.9534767912276 338 342 -1
341 -31.623158062449324 -166.54135624517937 -577.5410536772874 339 343 -1
342 -44.48951441752481 -145.5770646260482 -571.7618857377544 340 344 -1
343 -31.481723318192923 -166.61531741519642 -577.4102728808825 341 345 -1
344 -44.54340221116301 -145.5102183108709 -571.5699486699782 342 346 -1
345 -31.337203070785918 -166.68526158906832 -577.2806595306016 343 347 -1
346 -44.596558066175426 -145.4437488659299 -571.3776768599772 344 348 -1
347 -31.18998156636161 -166.75135831717517 -577.1520705075998 345 349 -1
348 -44.64916573187874 -145.37779299164202 -571.1850776810414 346 350 -1
349 -31.040302372739543 -166.8136148452719 -577.0244048652731 347 351 -1
350 -44.70141710154357 -145.31247867689973 -570.9921631480767 348 352 -1
351 -30.88840987435383 -166.8720576836875 -576.8975527089374 349 353 -1
352 -44.75349737877084 -145.2479361778539 -570.7989428537028 350 354 -1
353 -30.734555626345415 -166.92675559927088 -576.7713958627369 351 355 -1
354 -44.805591477886296 -145.18430025113136 -570.6054258591399 352 356 -1
355 -30.578875670544786 -166.97755809545043 -576.6458512549817 353 357 -1
356 -44.85788513373738 -145.12170411990692 -570.411623847795 354 358 -1
357 -30.42160155443256 -167.02455113604566 -576.5208111510509 355 359 -1
358 -44.91056024992669 -145.06027467117528 -570.2175521183021 356 360 -1
359 -30.26269340167344 -167.06777236044468 -576.3964781187757 357 361 -1
360 -44.96379808589553 -145.00014485140144 -570.0232271827535 358 362 -1
361 -30.101945320955743 -167.10747161314004 -576.2733416794064 359 363 -1
362 -45.01778554867416 -144.9414598189347 -569.8286676613715 360 364 -1
363 -29.939153419011795 -167.14393909598823 -576.1519028406481 361 365 -1
364 -45.07269550024811 -144.88434217209928 -569.6339001523249 362 366 -1
365 -29.774021983359404 -167.1773454637366 -576.0327646709759 363 367 -1
366 -45.12870345207132 -144.8289262208292 -569.4389539241762 364 368 -1
367 -29.606358525379722 -167.20800457711786 -575.9164593801073 365 369 -1
368 -45.185993513662446 -144.77536201771673 -569.2438629207506 366 370 -1
369 -29.435822361587988 -167.236075248066 -575.803734211909 367 371 -1
370 -45.244730916464434 -144.72377666470382 -569.0486693370775 368 372 -1
371 -29.262204016961512 -167.26184440479437 -575.6952478736282 369 373 -1
372 -45.305079688254956 -144.67430221718567 -568.8534210734939 370 374 -1
373 -29.085210380419856 -167.28552301578023 -575.5918619427188 371 375 -1
374 -45.36721421052572 -144.62708898179054 -568.6581732753775 372 376 -1
375 -28.904565289087067 -167.30734189897476 -575.4945687461808 373 377 -1
376 -45.43129011902949 -144.582268651129 -568.46298933067 374 378 -1
377 -28.72010464516134 -167.3275740682604 -575.4043589097255 375 379 -1
378 -45.49744018043871 -144.5399582852174 -568.2679373216371 376 380 -1
379 -28.531676653503517 -167.34647493402693 -575.3224490950804 377 381 -1
380 -45.565602656355104 -144.50016448401882 -568.0730482156267 378 382 -1
381 -28.33957725195305 -167.36428881059524 -575.2492757558912 379 383 -1
382 -45.63550866496395 -144.4627475139255 -567.8783056495814 380 384 -1
383 -28.1447997919272 -167.38124453645463 -575.1833150264343 381 385 -1
384 -45.70689013709142 -144.42756216429518 -567.6836820243166 382 386 -1
385 -27.94831870701395 -167.39762215044155 -575.1224419427863 383 387 -1
386 -45.77950298852742 -144.39449389271215 -567.4891424392084 384 388 -1
387 -27.750956690702886 -167.41372542338345 -575.0644008308662 385 389 -1
388 -45.85308713144401 -144.3633941317716 -567.2946429871824 386 390 -1
389 -27.55344692709871 -167.4298689623358 -575.0068737006475 387 391 -1
390 -45.92739780081807 -144.33413162047407 -567.1001344482537 388 392 -1
391 -27.356485761177776 -167.4463590417227 -574.9475976663031 389 393 -1
392 -46.00219658584306 -144.30659309682565 -566.9055611476107 390 394 -1
393 -27.160744418771106 -167.4634796870589 -574.8845873969223 391 395 -1
394 -46.07723845120168 -144.2806342431214 -566.710864227837 392 396 -1
395 -26.966694078523265 -167.48150522067928 -574.8167853231412 393 397 -1
396 -46.15228571844848 -144.25613737940876 -566.5159799526049 394 398 -1
397 -26.77473773929219 -167.5006933103682 -574.7435641474478 395 399 -1
398 -46.227096380824555 -144.23298196024163 -566.320840840082 396 400 -1
399 -26.585071859888227 -167.5211207956804 -574.664908957115 397 401 -1
400 -46.30143069018688 -144.2110368006403 -566.1253800944748 398 402 -1
401 -26.39750572119117 -167.54258407571416 -574.5816233590182 399 403 -1
402 -46.375040363527916 -144.19018631152983 -565.9295256907114 400 404 -1
403 -26.211728035388237 -167.56484076825012 -574.4946167192966 401 405 -1
404 -46.44767223650468 -144.17030861917712 -565.73320572194 402 406 -1
405 -26.027395709147477 -167.58766888188453 -574.4047286419176 403 407 -1
406 -46.51907400493441 -144.15127752218316 -565.5363514618598 404 408 -1
407 -25.84419711244447 -167.61088093677697 -574.312645974246 405 409 -1
408 -46.58897902599736 -144.13297234839033 -565.3388922141506 406 410 -1
409 -25.661798534455205 -167.63429696784598 -574.2190381745937 407 411 -1
410 -46.657098599194086 -144.11527290614112 -565.1407550958821 408 412 -1
411 -25.47988138969344 -167.6577524168745 -574.124507254363 409 413 -1
412 -46.72315967880121 -144.09804993163525 -564.941880625705 410 414 -1
413 -25.298134724333938 -167.68108697229027 -574.0296189370385 411 415 -1
414 -46.78709166797631 -144.0812063597465 -564.7422789358676 412 416 -1
415 -25.11625013753223 -167.704150257034 -573.9349289525396 413 417 -1
416 -46.84920535332695 -144.0646908028388 -564.5420762782092 414 418 -1
417 -24.933918909189675 -167.72677779915898 -573.8409964468551 415 419 -1
418 -46.9098661432092 -144.0484538386775 -564.3414056045044 416 420 -1
419 -24.75091379578832 -167.74880760780616 -573.7482402498272 417 421 -1
420 -46.96945186815578 -144.03244408671543 -564.1403946659457 418 422 -1
421 -24.567120506934188 -167.7700590648981 -573.6568716596722 419 423 -1
422 -47.02835981719448 -144.0166064486206 -563.9391703129114 420 424 -1
423 -24.382413927368482 -167.79031642781405 -573.5671341640948 421 425 -1
424 -47.08699002091404 -144.00088544637285 -563.7378556614713 422 426 -1
425 -24.196721191201984 -167.8094109910931 -573.4791957101171 423 427 -1
426 -47.14574864760877 -143.98522451873464 -563.5365737959991 424 428 -1
427 -24.009917987758627 -167.82709966050135 -573.3933408001831 425 429 -1
428 -47.20504517777942 -143.96956650752492 -563.335449615521 426 430 -1
429 -23.821935396843443 -167.8431912710443 -573.3097776281268 427 431 -1
430 -47.265289478977245 -143.95385415565002 -563.1346117239791 428 432 -1
431 -23.632677697483107 -167.8574377121256 -573.2287991796327 429 433 -1
432 -47.32688871267358 -143.93803062385268 -562.9341942678122 430 434 -1
433 -23.442076923612063 -167.86960338116862 -573.150683540616 431 435 -1
434 -47.39024401075018 -143.92204003232393 -562.734338617442 432 436 -1
435 -23.250070632411198 -167.87942746238778 -573.075747479856 433 437 -1
436 -47.45574687377964 -143.90582803122135 -562.5351947820848 434 438 -1
437 -23.056619432514978 -167.88665113089834 -573.0043154177604 435 439 -1
438 -47.52377698388487 -143.88934220842566 -562.3369230602625 436 440 -1
439 -22.861784102085704 -167.89156379367765 -572.9365387833628 437 441 -1
440 -47.59470351366835 -143.87253206185 -562.1396968148255 438 442 -1
441 -22.665832157754146 -167.89570424093503 -572.8720024427103 439 443 -1
442 -47.668858750546995 -143.85535214181996 -561.9436944102888 440 444 -1
443 -22.46899141659893 -167.90085092200445 -572.8103061150106 441 445 -1
444 -47.74655501905291 -143.83776030054227 -561.7491060111256 442 446 -1
445 -22.271548399520263 -167.90876560696324 -572.7508747738559 443 447 -1
446 -47.82806446945438 -143.81971867270042 -561.5561258865611 444 448 -1
447 -22.07381461563443 -167.92129019533485 -572.6932393885563 445 449 -1
448 -47.91341391432066 -143.8011852386411 -561.3648596925672 446 450 -1
449 -21.876161590067518 -167.9395465529463 -572.6368759106134 447 451 -1
450 -48.002415103730634 -143.7821071014567 -561.1753188435673 448 452 -1
451 -21.67892440425715 -167.96363135879938 -572.5812482867127 449 453 -1
452 -48.09484094208348 -143.76243721711154 -560.9874850068027 450 454 -1
453 -21.482460830517997 -167.9937717078365 -572.5258352877446 451 455 -1
454 -48.19048131792528 -143.742129795919 -560.8013354989736 452 456 -1
455 -21.287089616660065 -168.0298499693105 -572.4701124011148 453 457 -1
456 -48.289167280897345 -143.72113324755975 -560.6168593379326 454 458 -1
457 -21.093153958021663 -168.0719176278771 -572.4135797196515 455 459 -1
458 -48.39070522688232 -143.69940411761834 -560.4340228553988 456 460 -1
459 -20.900956820349208 -168.1197945425071 -572.3557444838524 457 461 -1
460 -48.49491981601603 -143.6768986415986 -560.2527931311179 458 462 -1
461 -20.710589695759168 -168.1725490358314 -572.2961201418203 459 463 -1
462 -48.60166670170855 -143.65356622568154 -560.0731486085187 460 464 -1
463 -20.522096929497376 -168.22920046230453 -572.2341581124514 461 465 -1
464 -48.71076882482202 -143.62937082413828 -559.8950395613582 462 466 -1
465 -20.33542577802832 -168.28869483060384 -572.1694064201084 463 467 -1
466 -48.822105355532585 -143.6042587874481 -559.718446411277 464 468 -1
467 -20.150568219872955 -168.35012167697005 -572.101340771739 465 469 -1
468 -48.9355159829806 -143.57819590168535 -559.543316802333 466 470 -1
469 -19.967480233198923 -168.4125630758386 -572.0295199947157 467 471 -1
470 -49.05088499006223 -143.55113127661778 -559.3696240614902 468 472 -1
471 -19.786133441853195 -168.47515305151543 -571.95353336406 469 473 -1
472 -49.16808020227728 -143.52302500504456 -559.1973248322263 470 474 -1
473 -19.60657411473612 -168.5370360228267 -571.8728697198005 471 475 -1
474 -49.28697892431411 -143.49383626114826 -559.0263778776471 472 476 -1
475 -19.428773720993767 -168.59761780015413 -571.7874619561204 473 477 -1
476 -49.40748268567139 -143.46351054776014 -558.8567577878811 474 478 -1
477 -19.252727773062933 -168.65678776391513 -571.6975466107986 475 479 -1
478 -49.52946631136533 -143.43201566498786 -558.6884133087194 476 480 -1
479 -19.078402351781737 -168.71452961610606 -571.6034466332179 477 481 -1
480 -49.65283205689003 -143.39930248338013 -558.5213128303635 478 482 -1
481 -18.905706486570992 -168.77086940906833 -571.5055671033929 479 483 -1
482 -49.777485752728744 -143.36531948370788 -558.3554259494044 480 484 -1
483 -18.73457211853513 -168.8258102100098 -571.4042097436661 481 485 -1
484 -49.9033212060355 -143.33003064917247 -558.1907080399179 482 486 -1
485 -18.564949241401866 -168.87933193555696 -571.2996033484065 483 487 -1
486 -50.030246578295944 -143.2933898841782 -558.0271253782968 484 488 -1
487 -18.39672960074506 -168.93146449039546 -571.1920700547167 485 489 -1
488 -50.158209166112655 -143.25552449983425 -557.8646329944 486 490 -1
489 -18.229819031220106 -168.98222278131192 -571.0818719233124 487 491 -1
490 -50.287203595059964 -143.2170136252759 -557.7031108265669 488 492 -1
491 -18.064125970255276 -169.03161619704534 -570.9692422874444 489 493 -1
492 -50.417250549085765 -143.17847451264805 -557.5424415837251 490 494 -1
493 -17.89955598130934 -169.07965409290983 -570.8544006627561 491 495 -1
494 -50.548377763136806 -143.14052601823647 -557.3825116089215 492 496 -1
495 -17.73602641299631 -169.126325308509 -570.7375268086638 493 497 -1
496 -50.68061322585305 -143.10379711481613 -557.2232110354989 494 498 -1
497 -17.57342276983894 -169.17165735934333 -570.618847801186 495 499 -1
498 -50.81397060853963 -143.06890869404242 -557.0644335162551 496 500 -1
499 -17.41164453234223 -169.21565872018965 -570.4985507855497 497 501 -1
500 -50.948463004526715 -143.03649678633428 -556.9060898790704 498 502 -1
501 -17.250591715011137 -169.25833444432575 -570.3768112314834 499 503 -1
502 -51.0841012359522 -143.0072438338722 -556.7481100542687 500 504 -1
503 -17.09016357280161 -169.2996878250403 -570.2537969375251 501 505 -1
504 -51.22086282486334 -142.98180755624912 -556.5904399347492 502 506 -1
505 -16.930258673744984 -169.3397201711567 -570.129669172586 503 507 -1
506 -51.358707125995174 -142.96086573281406 -556.4330535081084 504 508 -1
507 -16.770774897302932 -169.37843060106118 -570.0045837961342 505 509 -1
508 -51.49757567003318 -142.94516641260194 -556.2759594723748 506 510 -1
509 -16.611611309160867 -169.41580390849677 -569.8786864427165 507 511 -1
510 -51.63736220616021 -142.93541165412725 -556.1192008982991 508 512 -1
511 -16.452660876211517 -169.45184078255014 -569.7521318526859 509 513 -1
512 -51.77792080901711 -142.93229389995497 -555.9628630086119 510 514 -1
513 -16.29381756016519 -169.48653734955047 -569.6250692362353 511 515 -1
514 -51.91906790191049 -142.93660962522048 -555.8070876819756 512 516 -1
515 -16.1349752444372 -169.51988173819203 -569.4976438507907 513 517 -1
516 -52.06056917672395 -142.94866515111326 -555.6520414699713 514 518 -1
517 -15.976026321240898 -169.55185891334975 -569.3700011576899 515 519 -1
518 -52.20224938660513 -142.96754093611614 -555.4978360452274 516 520 -1
519 -15.816861464070831 -169.58245046632828 -569.242287959231 517 521 -1
520 -52.34401888493947 -142.99198433841704 -555.3444930872635 518 522 -1
521 -15.657369394251528 -169.61163439117195 -569.1146535752255 519 523 -1
522 -52.485855056256746 -143.02067070383555 -555.1919459691925 520 524 -1
523 -15.497430515409743 -169.63936844760258 -568.9872553085376 521 525 -1
524 -52.627788838786564 -143.05237548728127 -555.0400864343854 522 526 -1
525 -15.33694599211155 -169.6656066176224 -568.860227104022 523 527 -1
526 -52.76988858876459 -143.08586523543724 -554.8887649263465 524 528 -1
527 -15.175879730995097 -169.69023704505867 -568.7336142148312 525 529 -1
528 -52.91224329079798 -143.11990819849964 -554.7378065237809 526 530 -1
529 -15.014207475464843 -169.71312005131435 -568.6074467773611 527 531 -1
530 -53.05495561757034 -143.15326803355498 -554.58703388715 528 532 -1
531 -14.851907104617995 -169.73411181153867 -568.4817579056274 529 533 -1
532 -53.19811884172459 -143.18468271816377 -554.4362723562402 530 534 -1
533 -14.688944092798135 -169.75301525176747 -568.3565963707648 531 535 -1
534 -53.34180680571759 -143.21285040490028 -554.2853709558493 532 536 -1
535 -14.52531401489567 -169.76971361104984 -568.231993253636 533 537 -1
536 -53.486059008731665 -143.2363722387468 -554.1342161738253 534 538 -1
537 -14.361005079016596 -169.7840541254387 -568.1079915311591 535 539 -1
538 -53.63084633269587 -143.25385817198267 -553.9827595748632 536 540 -1
539 -14.196000798591124 -169.79584773133627 -567.9846466982806 537 541 -1
540 -53.77606156438319 -143.26382663074565 -553.8310363676021 538 542 -1
541 -14.03029072299603 -169.8049016982745 -567.8620190766812 539 543 -1
542 -53.921481615538504 -143.26600396053286 -553.6791960521307 540 544 -1
543 -13.863888024386252 -169.81109364861948 -567.7401543206951 541 545 -1
544 -54.06687331599604 -143.26085516132753 -553.5273976972688 542 546 -1
545 -13.696790327071804 -169.8142110024964 -567.6191263267984 543 547 -1
546 -54.2120385595026 -143.24894529081982 -553.3757606728918 544 548 -1
547 -13.529006561953036 -169.81405178585754 -567.4990114556532 545 549 -1
548 -54.35682056322295 -143.2308984610735 -553.2243612656763 546 550 -1
549 -13.360570243844274 -169.81050039783275 -567.3798665967975 547 551 -1
550 -54.50109038488539 -143.20725617882786 -553.0732416193565 548 552 -1
551 -13.191489807950356 -169.80336573128918 -567.2617995199481 549 553 -1
552 -54.64476285679487 -143.17869013720144 -552.9224022574375 550 554 -1
553 -13.021794548560242 -169.79296884607095 -567.1448614339968 551 555 -1
554 -54.78777678562377 -143.14580643909926 -552.7718150424201 552 556 -1
555 -12.851481993209639 -169.77963789608842 -567.029123832207 553 557 -1
556 -54.93009066991006 -143.10919186858496 -552.6214243869315 554 558 -1
557 -12.680537551907586 -169.76371934155682 -566.9146509460951 555 559 -1
558 -55.07169625157849 -143.06949409936672 -552.4711464511046 556 560 -1
559 -12.508948949548293 -169.7456183630614 -566.8014728398985 557 561 -1
560 -55.21259594597005 -143.02732127633172 -552.3208782717209 558 562 -1
561 -12.336668110019612 -169.72566760926975 -566.689665053153 559 563 -1
562 -55.35280138195146 -142.98327912278222 -552.1704963456309 560 564 -1
563 -12.163672734932158 -169.70429787360646 -566.5792308451629 561 565 -1
564 -55.49234234533458 -142.93800653873146 -552.0198615739895 562 566 -1
565 -11.989890859335226 -169.68186678798278 -566.4702512533 563 567 -1
566 -55.631251764231074 -142.89214491911605 -551.86882162816 564 568 -1
567 -11.815290456630208 -169.65880496052586 -566.3627211874125 565 569 -1
568 -55.76956394500037 -142.84635745857398 -551.7172122369216 566 570 -1
569 -11.639788643739696 -169.6355143150748 -566.2567187013937 567 571 -1
570 -55.90731157689177 -142.801341278927 -551.5648600831626 568 572 -1
571 -11.46334202568689 -169.6124256103239 -566.1522518878555 569 573 -1
572 -56.044520969515055 -142.7578377156608 -551.4115863165829 570 574 -1
573 -11.285883710230257 -169.58997105357523 -566.0493727277606 571 575 -1
574 -56.1812062518626 -142.71664339170496 -551.2572113555758 572 576 -1
575 -11.107590238366708 -169.56831198754082 -565.947773987124 573 577 -1
576 -56.31736214152385 -142.67862161378628 -551.1015616048082 574 578 -1
577 -10.928908051040708 -169.5472604918414 -565.8467312722262 575 579 -1
578 -56.45295487393893 -142.64471329199304 -550.9444788387515 576 580 -1
579 -10.750302383219799 -169.5266125487135 -565.7454703409396 577 581 -1
580 -56.587910926371165 -142.61594607456794 -550.7858330872217 578 582 -1
581 -10.572230075538954 -169.5061407997925 -565.6432397832775 579 583 -1
582 -56.72210051514612 -142.5934618019203 -550.625534875132 580 584 -1
583 -10.395162573800889 -169.48563458472213 -565.5392867767042 581 585 -1
584 -56.85531899026322 -142.57852457725443 -550.4635598872617 582 586 -1
585 -10.219546768981271 -169.46488938591187 -565.4329481105415 583 587 -1
586 -56.987279304199966 -142.57242111304254 -550.2999955978215 584 588 -1
587 -10.045830699924188 -169.44371727067877 -565.3236173128931 585 589 -1
588 -57.11760240715036 -142.57639674532132 -550.1350622105131 586 590 -1
589 -9.874444709065028 -169.4219504969447 -565.2107843547928 587 591 -1
590 -57.24606801186863 -142.59029872048754 -549.969208941316 588 592 -1
591 -9.705806850661029 -169.3994428409885 -565.0940263532818 589 593 -1
592 -57.372610775826345 -142.6133287375934 -549.8028901526872 590 594 -1
593 -9.540217542399775 -169.37608797091653 -564.9731448008654 591 595 -1
594 -57.4972564572856 -142.64459810593056 -549.6364792047036 592 596 -1
595 -9.377709037194727 -169.35171514572286 -564.8483441990805 593 597 -1
596 -57.62012115983445 -142.68313738292926 -549.4702650095776 594 598 -1
597 -9.217905599943757 -169.32616427000403 -564.7203262678335 595 599 -1
598 -57.74141141423088 -142.7278908207326 -549.3044487554937 596 600 -1
599 -9.060486032900323 -169.29927317042495 -564.5896555644326 597 601 -1
600 -57.86139137859703 -142.77781860061282 -549.1391543511997 598 602 -1
601 -8.90516183841956 -169.27087941193864 -564.4568122094133 599 603 -1
602 -57.98037637181516 -142.83188250972478 -548.9744403454023 600 604 -1
603 -8.751661879771197 -169.24082366519002 -564.3222246863488 601 605 -1
604 -58.098719370515354 -142.88906082407001 -548.8103147623707 602 606 -1
605 -8.599732253309083 -169.20894780344372 -564.1862803843987 603 607 -1
606 -58.216804211513136 -142.94833188919932 -548.6467454717304 604 608 -1
607 -8.449135539615474 -169.17509311565848 -564.0493347302232 605 609 -1
608 -58.33503079420149 -143.00868675887673 -548.4836751030876 606 610 -1
609 -8.299649726975556 -169.13909863404083 -563.9117191514272 607 611 -1
610 -58.45380671961671 -143.0691274493432 -548.3210363498953 608 612 -1
611 -8.151067012521207 -169.10079957327724 -563.7737481016043 609 613 -1
612 -58.57354065752014 -143.1286526543863 -548.1587634883911 610 614 -1
613 -8.003192626656489 -169.06002588217 -563.6357253554754 611 615 -1
614 -58.694639481553644 -143.18624051477852 -547.9968059521163 612 616 -1
615 -7.855843787764578 -169.01660091573626 -563.4979497573937 613 617 -1
616 -58.81748630649596 -143.24086011100354 -547.8351389119836 614 618 -1
617 -7.708848871140903 -168.9703402466665 -563.3607205802846 615 619 -1
618 -58.94243480811936 -143.29146403351555 -547.673778744917 616 620 -1
619 -7.562046864413655 -168.92105064948305 -563.2243426255616 617 621 -1
620 -59.069797364087876 -143.3369857073435 -547.5127958992626 618 622 -1
621 -7.4152871782212015 -168.86852930912866 -563.089131166934 619 623 -1
622 -59.1998270515429 -143.37635221106748 -547.3523268805538 620 624 -1
623 -7.268429883028789 -168.81256332846408 -562.9554168105652 621 625 -1
624 -59.33269212603025 -143.4084017096424 -547.1925589845978 622 626 -1
625 -7.121346509836605 -168.75292996923335 -562.8235500839063 623 627 -1
626 -59.468352112588164 -143.43126653980497 -547.0335740092697 624 628 -1
627 -6.973936968149244 -168.68948902345022 -562.6938425218481 625 629 -1
628 -59.60652655261899 -143.4427988108472 -546.8755449923133 626 630 -1
629 -6.826148510540468 -168.62233483673833 -562.5664561103479 627 631 -1
630 -59.746705715988284 -143.44095434893308 -546.7188911552477 628 632 -1
631 -6.677932504675949 -168.5516030326565 -562.4415262314432 629 633 -1
632 -59.88811951953482 -143.4239190020608 -546.5642880315311 630 634 -1
633 -6.529235877413666 -168.47742629966982 -562.3191922060179 631 635 -1
634 -60.029777411034374 -143.39061468412973 -546.4125872192883 632 636 -1
635 -6.380001316834986 -168.39993472724802 -562.1995985576735 633 637 -1
636 -60.170923411397254 -143.34273144808105 -546.26432685228 634 638 -1
637 -6.230167481995467 -168.31925629181254 -562.0828963021945 635 639 -1
638 -60.31123097875642 -143.28301003495253 -546.1195895600816 636 640 -1
639 -6.07966624831543 -168.2355055312466 -561.969257363803 637 641 -1
640 -60.45063234554526 -143.21383505299355 -545.978211907278 638 642 -1
641 -5.928426829855416 -168.1488053112034 -561.858857139101 639 643 -1
642 -60.5892351329702 -143.1373152792008 -545.8398572537888 640 644 -1
643 -5.776379299901819 -168.05929352795678 -561.7518642319228 641 645 -1
644 -60.727241473204614 -143.0551918482672 -545.7041377748196 642 646 -1
645 -5.6234482418601 -167.9670974688013 -561.6484714439812 643 647 -1
646 -60.86490903766986 -142.96894177381813 -545.5706481335453 644 648 -1
647 -5.4695557728309785 -167.87234673559212 -561.5488856656674 645 649 -1
648 -61.002528380699026 -142.87987365634996 -545.4389690653652 646 650 -1
649 -5.314622136421141 -167.7751745864776 -561.4533295618651 647 651 -1
650 -61.14040182156956 -142.78914579014923 -545.3086949215294 648 652 -1
651 -5.1585664605727555 -167.67571947439617 -561.362043301879 649 653 -1
652 -61.278837756335854 -142.69781133348596 -545.1794446059007 650 654 -1
653 -5.001287376170596 -167.5740939540739 -561.2753640810464 651 655 -1
654 -61.41815256591951 -142.60688252617214 -545.0508545866205 652 656 -1
655 -4.842822042721721 -167.47054774766116 -561.1932362474387 653 657 -1
656 -61.558644841198216 -142.5173405348159 -544.9225739266724 654 658 -1
657 -4.68340505772392 -167.3654643048936 -561.1149903786614 655 659 -1
658 -61.70062569842965 -142.43020253895818 -544.7942785997877 656 660 -1
659 -4.523259537039304 -167.25922292089487 -561.0398534421706 657 661 -1
660 -61.844381256934525 -142.3465165919519 -544.6656648433595 658 662 -1
661 -4.362582543848361 -167.1521997856853 -560.9669920734929 659 663 -1
662 -61.99017217169832 -142.26738917019358 -544.536461976663 660 664 -1
663 -4.201571137159921 -167.04479520816247 -560.8954403389249 661 665 -1
664 -62.138251615799625 -142.19409606919726 -544.4064282653829 662 666 -1
665 -4.040395061496675 -166.93738495937865 -560.824268339482 663 667 -1
666 -62.288787556019 -142.12796718696467 -544.2753861409043 664 668 -1
667 -3.8792293033514302 -166.83036358232562 -560.7524907311664 665 669 -1
668 -62.44187275653001 -142.07048793773566 -544.143231925437 666 670 -1
669 -3.7182557905009617 -166.72411339479592 -560.6791552391718 667 671 -1
670 -62.59748079474805 -142.02329445058643 -544.0099660761501 668 672 -1
671 -3.557683336393927 -166.61905549290717 -560.6032708164694 669 673 -1
672 -62.75541216775044 -141.98812796249726 -543.8757323317982 670 674 -1
673 -3.3977500776693184 -166.51561453645613 -560.523900396544 671 675 -1
674 -62.91524295815628 -141.96675763040585 -543.7408558677736 672 676 -1
675 -3.238717082973251 -166.41419662131582 -560.4402316310336 673 677 -1
676 -63.076286153045615 -141.96085709117474 -543.6058707308147 674 678 -1
677 -3.0809241903130222 -166.31529682626942 -560.3513676156183 675 679 -1
678 -63.23762487329592 -141.97102593618519 -543.4714872181868 676 680 -1
679 -2.9247179052513292 -166.2193381124349 -560.2566736193777 677 681 -1
680 -63.398425409319266 -141.99569435858533 -543.3383290087216 678 682 -1
681 -2.7703411791097636 -166.12648031751928 -560.1560697840081 679 683 -1
682 -63.558136153356834 -142.03293127150226 -543.2067769286969 680 684 -1
683 -2.6178489956581257 -166.0365231967742 -560.0500942836261 681 685 -1
684 -63.71645857091767 -142.08084118788335 -543.0770002199005 682 686 -1
685 -2.4672665782618393 -165.94924806487236 -559.9392540047045 683 687 -1
686 -63.873286683629104 -142.13767869613383 -542.9490133544576 684 688 -1
687 -2.3185218170112547 -165.86433821144672 -559.8241751453393 685 689 -1
688 -64.02864672690102 -142.20189589361195 -542.8227298874933 686 690 -1
689 -2.1715594789542334 -165.78153517864015 -559.7053309564049 687 691 -1
690 -64.18268598536939 -142.2719995090144 -542.6979622916474 688 692 -1
691 -2.0263084581579984 -165.70058323370145 -559.5831526590176 689 693 -1
692 -64.33558136685457 -142.3467973510162 -542.5745162795132 690 694 -1
693 -1.8826862771236765 -165.62123121269852 -559.4580331112356 691 695 -1
694 -64.48757990270487 -142.42509635168776 -542.4521355671867 692 696 -1
695 -1.7406026674053434 -165.54323351754377 -559.3303307835326 693 697 -1
696 -64.6389314158834 -142.5058880804109 -542.3305738594581 694 698 -1
697 -1.5999623572931914 -165.4663504487128 -559.2003738223393 695 699 -1
698 -64.78989389342533 -142.58828133348624 -542.2096038577985 696 700 -1
699 -1.4606671963588524 -165.39034802703995 -559.068464059978 697 701 -1
700 -64.94064512436985 -142.67193486856434 -542.0892368305427 698 702 -1
701 -1.3226177389090201 -165.31499742896608 -558.9348808890124 699 703 -1
702 -65.09131737661605 -142.75677557515644 -541.9696040547461 700 704 -1
703 -1.1857143958758867 -165.2400741331685 -558.7998849627031 701 705 -1
704 -65.24204186192291 -142.84273824731784 -541.8508412100804 702 706 -1
705 -1.0498594013156133 -165.165356838398 -558.6637205829543 703 707 -1
706 -65.3929466564602 -142.9297488121887 -541.7330747115992 704 708 -1
707 -0.9149532569751849 -165.09062587519898 -558.5266233498494 705 709 -1
708 -65.54415814430803 -143.01774540332303 -541.6164397623381 706 710 -1
709 -0.7809002396343576 -165.0156628562073 -558.3888176968485 707 711 -1
710 -65.69580555702187 -143.10667401073465 -541.5010848237072 708 712 -1
711 -0.6476064192517018 -164.94024838745423 -558.2505227572261 709 713 -1
712 -65.84801526712045 -143.19647406623434 -541.3871545681299 710 714 -1
713 -0.5149797989502937 -164.86416057614903 -558.111955466909 711 715 -1
714 -66.00091190661249 -143.2870854926789 -541.2747976248971 712 716 -1
715 -0.3829304758686487 -164.7871735090493 -557.9733336312826 713 717 -1
716 -66.15462440407936 -143.37845313215 -541.1641799536969 714 718 -1
717 -0.25137082751018974 -164.70905571455685 -557.8348790550447 715 719 -1
718 -66.30928976364132 -143.47052429283667 -541.0554909643312 716 720 -1
719 -0.12021576902237216 -164.6295686333388 -557.6968207910683 717 721 -1
720 -66.46503041115022 -143.56323325547476 -540.9489003139661 718 722 -1
721 0.010616870388057007 -164.54846512985407 -557.5593985647682 719 723 -1
722 -66.62198354120707 -143.6565207701213 -540.844618358598 720 724 -1
723 0.14120579863611143 -164.46548808917584 -557.4228664291188 721 725 -1
724 -66.7802915037874 -143.75032329388932 -540.7428779262632 722 726 -1
725 0.27162547904565 -164.38036916072966 -557.2874967011838 723 727 -1
726 -66.94007799237588 -143.84456549064214 -540.6438931005487 724 728 -1
727 0.4019450461964184 -164.2928277339419 -557.1535842222028 725 729 -1
728 -67.10150637591505 -143.9391755308642 -540.5479715416342 726 730 -1
729 0.5322268394791744 -164.202570261305 -557.0214509674904 727 731 -1
730 -67.26469239417176 -144.03406239215212 -540.4553555827328 728 732 -1
731 0.6625244640825783 -164.10929008280976 -556.8914510063753 729 733 -1
732 -67.42980201051321 -144.12913279004513 -540.3664112256827 730 734 -1
733 0.7928802805098528 -164.012667952326 -556.7639757717316 731 735 -1
734 -67.59695889341778 -144.2242755645353 -540.2814598899639 732 736 -1
735 0.9233239185719769 -163.91230366283486 -556.6395193173335 733 737 -1
736 -67.76629945057564 -144.31936657433099 -540.2008900604579 734 738 -1
737 1.0538635216532797 -163.80788272294578 -556.5185531193531 735 739 -1
738 -67.9379699786539 -144.4142603228851 -540.1251666376698 736 740 -1
739 1.1844836919014057 -163.69908478148244 -556.4016009700133 737 741 -1
740 -68.11207762705062 -144.50879030675424 -540.0547419651313 738 742 -1
741 1.315158697749256 -163.585631836941 -556.2892242057911 739 743 -1
742 -68.28870657895968 -144.60275449411938 -539.9900768788343 740 744 -1
743 1.4458604185259312 -163.46739017115766 -556.1819326721434 741 745 -1
744 -68.46775734790742 -144.69583763144482 -539.9310387573939 742 746 -1
745 1.5765445433338774 -163.3443929892641 -556.08010693291 743 747 -1
746 -68.64903557290886 -144.78766911679526 -539.8770490593497 744 748 -1
747 1.7071420960037136 -163.21640447141567 -555.9845160218794 745 749 -1
748 -68.83236579780245 -144.8778863516946 -539.8274395908077 746 750 -1
749 1.8375644549863241 -163.08356720804105 -555.8955332236409 747 751 -1
750 -69.01759390401354 -144.9661364917048 -539.781470787425 748 752 -1
751 1.967676319598182 -162.945688155579 -555.814089492258 749 753 -1
752 -69.204589402098 -145.05206759776348 -539.7383486684313 750 754 -1
753 2.097271116882743 -162.80299860275534 -555.7404885998556 751 755 -1
754 -69.393229839713 -145.13533821337703 -539.6972155929665 752 756 -1
755 2.22587450524374 -162.6558578704876 -555.674267913852 753 757 -1
756 -69.58339441545725 -145.2156186021162 -539.6571701030016 754 758 -1
757 2.352967359489623 -162.5047250069642 -555.6144178416631 755 759 -1
758 -69.77496177193714 -145.2925737371633 -539.6172840919861 756 760 -1
759 2.4781584841862703 -162.35013175056184 -555.5596000426298 757 761 -1
760 -69.96780175752671 -145.36583806588985 -539.5765925585079 758 762 -1
761 2.601103318986927 -162.19250966992558 -555.5084330655828 759 763 -1
762 -70.16173804129537 -145.43508476237687 -539.5341214415213 760 764 -1
763 2.721463999615233 -162.03223097508382 -555.4594132202086 761 765 -1
764 -70.35655619773691 -145.49997187059998 -539.488898543855 762 766 -1
765 2.8390326584606216 -161.86973339411702 -555.4109250404978 763 767 -1
766 -70.5519883211326 -145.56010852661626 -539.4399234530599 764 768 -1
767 2.9536170859855106 -161.70539478538475 -555.3615083450691 765 769 -1
768 -70.74768546513987 -145.6151939451356 -539.3862965436001 766 770 -1
769 3.065025265366487 -161.53955048654018 -555.3099106292432 767 771 -1
770 -70.94322794900467 -145.66488719247772 -539.327133011079 768 772 -1
771 3.1730811418157847 -161.37257732359112 -555.2549424722954 769 773 -1
772 -71.13811256524494 -145.70887870797793 -539.261633521351 770 774 -1
773 3.2776662290105527 -161.20490510693523 -555.1955737485596 771 775 -1
774 -71.33177343186668 -145.7469546125611 -539.1891765718823 772 776 -1
775 3.3785601196413912 -161.03699213511078 -555.1307546043137 773 777 -1
776 -71.5235906749176 -145.7789337273027 -539.1092572464272 774 778 -1
777 3.4755834565419486 -160.86936423185094 -555.0596081050512 775 779 -1
778 -71.71295313233757 -145.80482779585617 -539.0216476014775 776 780 -1
779 3.568607532510069 -160.70257221981538 -554.981500808536 777 781 -1
780 -71.8994531279186 -145.8252584226997 -538.9267489006322 778 782 -1
781 3.657376414582752 -160.5372400404167 -554.895721696556 779 783 -1
782 -72.08282076626772 -145.84098665333815 -538.825086330283 780 784 -1
783 3.741885784975383 -160.37388074292147 -554.8022089267924 781 785 -1
784 -72.26283994427581 -145.85269832245643 -538.7170914070814 782 786 -1
785 3.82237349425411 -160.21254498836254 -554.7018706932361 783 787 -1
786 -72.43934313981244 -145.86102965023096 -538.6031414478192 784 788 -1
787 3.8993235978361214 -160.05290619966658 -554.5961771140112 785 789 -1
788 -72.61218715046057 -145.86656092264906 -538.4835499578126 786 790 -1
789 3.973260682850093 -159.89455588557914 -554.4864657213287 787 791 -1
790 -72.78124223396543 -145.8698259215667 -538.3585779845475 788 792 -1
791 4.044615884243941 -159.73709267820107 -554.3738033231289 789 793 -1
792 -72.94633901721711 -145.87130564213697 -538.2283882519881 790 794 -1
793 4.11377342631933 -159.5801005553293 -554.259128497325 791 795 -1
794 -73.10737850398203 -145.87148459757015 -538.0932041263326 792 796 -1
795 4.181133197632885 -159.42314172727163 -554.1433422285371 793 797 -1
796 -73.26420186385562 -145.87080092863147 -537.9531519461744 794 798 -1
797 4.247067871733949 -159.26578161631437 -554.0272803088625 795 799 -1
798 -73.41662852412016 -145.86968124047107 -537.8083298620273 796 800 -1
799 4.311917598017499 -159.10758169695924 -553.9117503712874 797 801 -1
800 -73.5645112628835 -145.86854165914258 -537.6588709442317 798 802 -1
801 4.376011066256075 -158.948095075373 -553.7975765520284 799 803 -1
802 -73.70758775757278 -145.86779455809423 -537.5048029081161 800 804 -1
803 4.4396688831408975 -158.7868492478947 -553.6856541095489 801 805 -1
804 -73.84568987307826 -145.8678383796947 -537.3462594780542 802 806 -1
805 4.503217153106163 -158.62334872151513 -553.5769917737678 803 807 -1
806 -73.9784763075545 -145.8690965634232 -537.1832438052892 804 808 -1
807 4.566976198785222 -158.45715953943002 -553.4726221501178 805 809 -1
808 -74.10572293042753 -145.87196343687296 -537.015889139303 806 810 -1
809 4.631141842315218 -158.28814445071268 -553.3731533337259 807 811 -1
810 -74.22702966161621 -145.8768792869689 -536.8442278134321 808 812 -1
811 4.695763852482708 -158.11655154217834 -553.278508103279 809 813 -1
812 -74.34207537644673 -145.88425482991872 -536.6683967970503 810 814 -1
813 4.7608610303308625 -157.94283505153666 -553.1881580296748 811 815 -1
814 -74.4504212858773 -145.89453836112406 -536.4885041323097 812 816 -1
815 4.826486382170781 -157.7673419361105 -553.101704814391 813 817 -1
816 -74.5516230206556 -145.90817456968554 -536.3047179109334 814 818 -1
817 4.892693981426414 -157.59046140233065 -553.0185845736378 815 819 -1
818 -74.64524374161171 -145.9255902695733 -536.11727074518 816 820 -1
819 4.959547821750816 -157.4125707345312 -552.938179484735 817 821 -1
820 -74.73075659169719 -145.94719240047024 -535.9264167702281 818 822 -1
821 5.027124297834079 -157.23402953007573 -552.859845141687 819 823 -1
822 -74.80843073078266 -145.97249635792505 -535.7326848092133 820 824 -1
823 5.09549264038454 -157.05519702472031 -552.7828731343236 821 825 -1
824 -74.87879482155948 -146.00063824124595 -535.5365621359383 822 826 -1
825 5.164735706676057 -156.87641639698973 -552.7065649019296 823 827 -1
826 -74.94243248029483 -146.03073912074177 -535.3384399577141 824 828 -1
827 5.234913909632821 -156.69802286033612 -552.630205332847 825 829 -1
828 -74.99999574552609 -146.06191278825878 -535.1386307292511 826 830 -1
829 5.306102717691989 -156.52035588718746 -552.5530919701263 827 831 -1
830 -75.05207887979083 -146.09328090213273 -534.9373517897332 828 832 -1
831 5.378324693695277 -156.3437118938543 -552.4746025949455 829 833 -1
832 -75.0992696323951 -146.12392385090564 -534.7347579224976 830 834 -1
833 5.4515180436562884 -156.1682035364169 -552.3944819340913 831 835 -1
834 -75.14220635144801 -146.1528772690397 -534.5309725606479 832 836 -1
835 5.525471988309108 -155.99368886874723 -552.3129019879544 833 837 -1
836 -75.18150006402819 -146.17908709468054 -534.3260841801789 834 838 -1
837 5.600026455627075 -155.82007643331977 -552.2299546148157 835 839 -1
838 -75.21778481393851 -146.2013667339617 -534.1201795365481 836 840 -1
839 5.675002816902366 -155.64723875546161 -552.1457783528791 837 841 -1
840 -75.25173423823513 -146.21834734357947 -533.913375861156 838 842 -1
841 5.750238440256084 -155.47505986200537 -552.0604903565961 839 843 -1
842 -75.28407860580953 -146.22838843230488 -533.7058671844859 840 844 -1
843 5.825578656885568 -155.3034451466027 -551.9741637220537 841 845 -1
844 -75.31564206241954 -146.22949723631183 -533.4980063019933 842 846 -1
845 5.900865982966466 -155.13226806665548 -551.8869267600143 843 847 -1
846 -75.34737441688154 -146.21926317372146 -533.2904335910863 844 848 -1
847 5.975949273835693 -154.96142424757096 -551.7988644573882 845 849 -1
848 -75.38037760909194 -146.194730766673 -533.0842822948749 846 850 -1
849 6.05066842843759 -154.79080822741594 -551.7100539400998 847 851 -1
850 -75.41591587533969 -146.15243061703038 -532.8814913936599 848 852 -1
851 6.124878704384441 -154.62030642066807 -551.6205997573009 849 853 -1
852 -75.45536248228721 -146.0885816194142 -532.6852137244713 850 854 -1
853 6.19841592701741 -154.44981151826795 -551.5305784374865 851 855 -1
854 -75.5 -146.0 -532.5 852 856 857
855 6.271112207820965 -154.2792119356673 -551.4400738268 853 859 -1
856 -75.62796003281815 -145.85588031480273 -532.4577991145433 854 860 -1
857 -75.47698948200558 -146.1090234203055 -532.3084762667709 854 861 -1
858 -75.42754050566559 -146.1222778851467 -532.3127809674182 854 862 -1
859 6.342817266501464 -154.10840020412047 -551.3491795861481 855 863 -1
860 -75.75732288633442 -145.7131249185888 -532.4158382177477 856 864 -1
861 -75.45535245866475 -146.21907963375514 -532.1173887479865 857 865 -1
862 -75.35418862042503 -146.23926731114432 -532.122593522169 858 866 -1
863 6.413322700512569 -153.9372555065456 -551.2579739996122 859 867 -1
864 -75.88812989925066 -145.57163714329292 -532.374061262303 860 868 -1
865 -75.43496916355382 -146.33003496059635 -531.9266837098729 861 869 -1
866 -75.2799272742112 -146.35071633346928 -531.9294552673471 862 870 -1
867 6.48246762144377 -153.7656707329859 -551.1665542503841 863 871 -1
868 -76.0203412945083 -145.43140374881318 -532.3324760073821 864 872 -1
869 -75.41582629505093 -146.44189174226443 -531.7363771460244 865 873 -1
870 -75.20476441004276 -146.45633940779467 -531.7334141190378 866 874 -1
871 6.550038155815221 -153.59352469317776 -551.0750129130221 867 875 -1
872 -76.15391763611164 -145.2924103800733 -532.2910899126839 868 876 -1
873 -75.39790185028333 -146.55464656180675 -531.5464823193885 869 877 -1
874 -75.12871533600807 -146.55586501812056 -531.5345452528506 870 878 -1
875 6.615814391344579 -153.42069628707787 -550.9834509209181 871 879 -1
876 -76.28882051038019 -145.15464221851997 -532.2499102470381 872 880 -1
877 -75.38118218958077 -146.6683027872387 -531.3570154397986 873 881 -1
878 -75.05180375076458 -146.64904840811784 -531.3329545901925 874 882 -1
879 6.679573148134886 -153.24706765324535 -550.8919765188554 875 883 -1
880 -76.42501110719829 -145.01808269198926 -532.2089438684155 876 884 -1
881 -75.36564316825547 -146.7828565574545 -531.1679890975106 877 885 -1
882 -74.9740600542947 -146.735669355622 -531.1287734225094 878 886 -1
883 6.741042134975616 -153.07250755173834 -550.8007084152835 879 887 -1
884 -76.56245087632321 -144.88271406689208 -532.1681973019571 880 888 -1
885 -75.35126819857453 -146.8983103889351 -530.9794187864293 881 889 -1
886 -74.89551560259294 -146.81548876674432 -530.9221412399891 882 890 -1
887 6.799962294665197 -152.89689503686762 -550.7097797450986 883 891 -1
888 -76.70110222169754 -144.74851813787492 -532.1276768641279 884 892 -1
889 -75.33803336247689 -147.01466183757537 -530.7913172975052 885 893 -1
890 -74.81620950078852 -146.8883082168479 -530.7132274581115 886 894 -1
891 6.856364145266034 -152.72018685788996 -550.619377531921 887 895 -1
892 -76.8409282691345 -144.61547605398627 -532.0873886383208 888 896 -1
893 -75.32591596032661 -147.13191002646124 -530.6036979310246 889 897 -1
894 -74.73618866408734 -146.95399018400184 -530.5022310123744 890 898 -1
895 6.910504857502393 -152.54237337531757 -550.5297630630017 891 899 -1
896 -76.98189336052071 -144.48356885876598 -532.0473385964897 892 900 -1
897 -75.31489505636924 -147.25005627714887 -530.4165749686979 893 901 -1
898 -74.65550150555828 -147.01241227519878 -530.2893615583741 894 902 -1
899 6.962785813201859 -152.36349499014804 -550.4411692119139 895 903 -1
900 -77.12396064932081 -144.3527751017853 -532.0075320810072 896 904 -1
901 -75.30494425911114 -147.3690981944847 -530.2299603796477 897 905 -1
902 -74.57419756356633 -147.0634693613515 -530.0748393413375 898 906 -1
903 7.013578133485017 -152.18356579983316 -550.3538458206918 899 907 -1
904 -77.2670949003453 -144.22307365428617 -531.9679743873098 900 908 -1
905 -75.29603808028965 -147.48903481729883 -530.0438666105642 901 909 -1
906 -74.49233133708832 -147.10713915840785 -529.8589048411285 902 910 -1
907 7.063271654220884 -152.00258559278538 -550.2680758745992 903 911 -1
908 -77.41126212420934 -144.09444342768347 -531.9286707355772 904 912 -1
909 -75.28815031663967 -147.6098653491453 -529.8583059074106 905 913 -1
910 -74.40995680681556 -147.14344172178122 -529.641802505883 906 914 -1
911 7.112319046672903 -151.82060108238014 -550.1840777303546 907 915 -1
912 -77.55642837453989 -143.96686217068753 -531.8896259909887 908 916 -1
913 -75.28125372206617 -147.73158888827797 -529.6732901495623 909 917 -1
914 -74.32712605718123 -147.17243881208984 -529.4237764153856 910 918 -1
915 7.161154586517189 -151.63764560319083 -550.1020897670254 911 919 -1
916 -77.70255974164985 -143.84030646034762 -531.8508446284973 912 920 -1
917 -75.27532002165613 -147.85420443669184 -529.4888308399658 913 921 -1
918 -74.24388480403184 -147.19417095841095 -529.2050621530046 914 922 -1
919 7.210220755389526 -151.4537595348501 -550.0223525862115 915 923 -1
920 -77.84962409937509 -143.71475360297214 -531.8123312231282 916 924 -1
921 -75.27031992612586 -147.9777109086648 -529.3049390968337 917 925 -1
922 -74.16028158430822 -147.20884782838402 -528.9858988571052 918 926 -1
923 7.259970050473332 -151.2689946366127 -549.9451102746747 919 927 -1
924 -77.99758977077342 -143.5901802756449 -531.7740901191819 920 928 -1
925 -75.26622314661142 -148.10210713873528 -529.1216256468767 921 929 -1
926 -74.07635390186607 -147.21661576095204 -528.7665053351872 922 930 -1
927 7.31082183282308 -151.08343772551896 -549.870531916957 923 931 -1
928 -78.14642467745837 -143.46656160806663 -531.736125140956 924 932 -1
929 -75.2629984097128 -148.22739188905916 -528.9389008200711 925 933 -1
930 -73.99213550918846 -147.21771057212476 -528.5470877905296 926 934 -1
931 7.363176187627336 -150.89717918288864 -549.7987972738049 927 935 -1
932 -78.29609905186359 -143.3438742038132 -531.6984404674889 928 936 -1
933 -75.26061347270779 -148.35356385608424 -528.756774545945 929 937 -1
934 -73.90765190661013 -147.21237679595805 -528.3278337401599 930 938 -1
935 7.417271086176464 -150.71027255539863 -549.7301040191188 931 939 -1
936 -78.44658251196265 -143.22209296280977 -531.6610397067177 932 940 -1
937 -75.25903513885669 -148.4806216764886 -528.5752563513742 933 941 -1
938 -73.82292156106168 -147.20090276712702 -528.108909756344 934 942 -1
939 7.472434118156379 -150.5225799166701 -549.6644712491387 935 943 -1
940 -78.5978455460934 -143.10119274866597 -531.6239263703194 936 944 -1
941 -75.2582292727243 -148.60856393232808 -528.3943553598627 937 945 -1
942 -73.73795401372989 -147.18357667037978 -527.8904625183509 938 946 -1
943 7.527777849293533 -150.333900084675 -549.6018917140351 939 947 -1
944 -78.7498602936406 -142.9811493397886 -531.5871042240695 940 948 -1
945 -75.25816081545273 -148.73738915534096 -528.2140802922855 941 949 -1
946 -73.65275234142996 -147.16074276383122 -527.6726128123688 942 950 -1
947 7.582424865497392 -150.14400148424016 -549.5424671500052 943 951 -1
948 -78.90259764432062 -142.86193615610438 -531.5505761621449 944 952 -1
949 -75.25879379992492 -148.8670958303594 -528.0344394690613 945 953 -1
950 -73.56730897376407 -147.1326985338595 -527.455466689704 946 954 -1
951 7.635567852176547 -149.95273962866733 -549.4861340675337 947 955 -1
952 -79.05603140834216 -142.74352908089958 -531.514345900702 948 956 -1
953 -75.26009239169399 -148.99768383378637 -527.8554418758224 949 957 -1
954 -73.48161231116964 -147.0998275678439 -527.2390981533636 950 958 -1
955 7.6863865342386015 -149.75994708464057 -549.4329657364549 951 959 -1
956 -79.21013363445445 -142.62590110037655 -531.478416033286 952 960 -1
957 -75.2620181576674 -149.12915079748322 -527.6770945108904 953 961 -1
958 -73.39563903798997 -147.0624375015406 -527.0235741128866 954 962 -1
959 7.734121593259551 -149.56552572858882 -549.3829706031911 955 963 -1
960 -79.36487910175782 -142.5090275546626 -531.4427900053033 956 964 -1
961 -75.26453211321193 -149.26149461261627 -527.4994041851199 957 965 -1
962 -73.30936318694573 -147.0209105986656 -526.8089296669419 958 966 -1
963 7.7780312465526125 -149.3694126131991 -549.3361844592353 959 967 -1
964 -79.52024130865999 -142.39288149321246 -531.407470295578 960 968 -1
965 -75.26759571850326 -149.39471521287135 -527.3223789137596 961 969 -1
966 -73.22274925135028 -146.97558194860002 -526.5951919182269 962 970 -1
967 7.817417282472728 -149.17160277910972 -549.2926330707671 963 971 -1
968 -79.67619605236762 -142.27743791969644 -531.3724601619032 964 972 -1
969 -75.2711681607067 -149.52881035515847 -527.1460247426221 965 973 -1
970 -73.1357568674401 -146.9268034472267 -526.3823688536647 966 974 -1
971 7.851592742404195 -148.97213726478557 -549.2523628307525 967 975 -1
972 -79.83271790062793 -142.1626696575905 -531.3377618559925 968 976 -1
973 -75.27520800885847 -149.6637780003662 -526.9703475364116 969 977 -1
974 -73.04834154261982 -146.87493111659677 -526.1704521427018 970 978 -1
975 7.880325476909207 -148.77118697657974 -549.2153507036103 971 979 -1
976 -79.98978387753849 -142.04855176672066 -531.3033786310041 972 980 -1
977 -75.27967396807576 -149.7996180915767 -526.7953544112481 973 981 -1
978 -72.96044940721248 -146.82029105859624 -525.9594297163965 974 982 -1
979 7.903882783137794 -148.5689657672134 -549.1817549391252 975 983 -1
980 -80.1473695325855 -141.93505688948926 -531.2693125345552 976 984 -1
981 -75.28452224606474 -149.93632708017967 -526.6210494543807 977 985 -1
982 -72.8720291554159 -146.7632445747961 -525.7492661535969 978 986 -1
983 7.922947944200571 -148.36574176768855 -549.15152676665 979 987 -1
984 -80.3054525876625 -141.82215964774807 -531.2355665764342 980 988 -1
985 -75.28970990839414 -150.07390522361857 -526.4474394999106 981 989 -1
986 -72.78301650257414 -146.70410963201195 -525.5399312697199 982 990 -1
987 7.937999976683861 -148.1617009661783 -549.1247202919366 983 991 -1
988 -80.46401007670266 -141.70983324806954 -531.2021429947941 984 992 -1
989 -75.2951917817986 -150.21234923010692 -526.2745283053331 985 993 -1
990 -72.69335242077639 -146.64323087419265 -525.3313755133094 986 994 -1
991 7.94941664744126 -147.9569879936784 -549.1014746465905 987 995 -1
992 -80.62302000089547 -141.59805150176877 -531.1690443174036 988 996 -1
993 -75.30092270331284 -150.35165790706458 -526.1023210860959 989 997 -1
994 -72.60298161265719 -146.58081036764693 -525.1235818868371 990 998 -1
995 7.957726126604655 -147.75175566878806 -549.0817580383105 991 999 -1
996 -80.78246098021543 -141.4867884386789 -531.1362732050881 992 1000 -1
997 -75.30685653057671 -150.4918298588818 -525.930822713343 993 1001 -1
998 -72.51186783569469 -146.51688915776458 -524.9165704177032 994 1002 -1
999 7.963336626178016 -147.54611881741096 -549.0656252715144 995 1003 -1
1000 -80.94231131438575 -141.37601720881798 -531.1038317243114 996 1004 -1
1001 -75.31294597853424 -150.63286183409875 -525.7600363560294 997 1005 -1
1002 -72.41997976079774 -146.45150184309315 -524.7103606311542 998 1006 -1
1003 7.9666333996426815 -147.34017771544933 -549.0531387209763 999 1007 -1
1004 -81.10255060042145 -141.26571205632166 -531.071722656506 1000 1008 -1
1005 -75.31914338736146 -150.77475268668363 -525.5899667856029 1001 1009 -1
1006 -72.32727757361441 -146.38466775200382 -524.50498073279 1002 1010 -1
1007 7.967969153224697 -147.13402105955782 -549.0444017111552 1003 1011 -1
1008 -81.26315811840556 -141.1558464103064 -531.0399482073366 1004 1012 -1
1009 -75.32540006689068 -150.9175004099958 -525.4206179679204 1005 1013 -1
1010 -72.23373499855792 -146.31642999980133 -524.3004451924653 1006 1014 -1
1011 7.967707900943891 -146.9277338977983 -549.0394826225728 1007 1015 -1
1012 -81.42411359279521 -141.04639383062286 -531.0085106238786 1008 1016 -1
1013 -75.33166653332603 -151.06110170730935 -525.2519927064079 1009 1017 -1
1014 -72.1393130320727 -146.24681008591983 -524.0967813687326 1010 1018 -1
1015 7.966203565068391 -146.7213963372032 -549.0384316295267 1011 1019 -1
1016 -81.58539764302726 -140.93732856088107 -530.9774127407634 1012 1020 -1
1017 -75.3378926215925 -151.20555414066 -525.0840944921041 1013 1021 -1
1018 -72.04398379171084 -146.17584723350717 -523.8940056373987 1014 1022 -1
1019 7.963783214101854 -146.51508542222587 -549.0413380056175 1015 1023 -1
1020 -81.74699041248437 -140.8286239369563 -530.9466566004514 1016 1024 -1
1021 -75.34402736672753 -151.3508550561778 -524.9169266448814 1017 1025 -1
1022 -71.94771447850482 -146.10357252456157 -523.6921394015308 1018 1026 -1
1023 7.960765654380964 -146.30887941746997 -549.0482987229727 1019 1027 -1
1024 -81.90887265821415 -140.72025370370682 -530.9162445635806 1020 1028 -1
1025 -75.35001885492954 -151.49700226807994 -524.7504929527795 1021 1029 -1
1026 -71.85047256578373 -146.03001766224506 -523.4912038891031 1022 1030 -1
1027 7.957463465396394 -146.1028601873909 -549.0594185322982 1023 1031 -1
1028 -82.07102574612273 -140.61219201254232 -530.886179467632 1024 1032 -1
1029 -75.35581466007744 -151.64399185272887 -524.5847957963691 1025 1033 -1
1030 -71.75223281337601 -145.9552230614986 -523.2912136136833 1026 1034 -1
1031 7.954184886053404 -145.89711550931568 -549.0748098550758 1027 1035 -1
1032 -82.23343071266962 -140.50441237646046 -530.8564634506125 1028 1036 -1
1033 -75.3613615665479 -151.79182024972442 -524.4198380100312 1029 1037 -1
1034 -71.65295831685604 -145.87921465730076 -523.0921943020377 1030 1038 -1
1035 7.951238572428099 -145.69174364932664 -549.0946142318646 1031 1039 -1
1036 -82.3960690424347 -140.3968885883515 -530.8270989277889 1032 1040 -1
1037 -75.3666056047382 -151.94048370810754 -524.2556224572072 1033 1041 -1
1038 -71.55263043971667 -145.80203908321505 -522.894154816775 1034 1042 -1
1039 7.948925185765277 -145.48685058269788 -549.1189426380434 1035 1043 -1
1040 -82.55892263438825 -140.28959468111415 -530.7980887032369 1036 1044 -1
1041 -75.37149209202661 -152.08997813194097 -524.0921519464132 1037 1045 -1
1042 -71.45121119389249 -145.72372110064177 -522.697122282095 1038 1046 -1
1043 7.947361470348532 -145.28248023199802 -549.1473877385206 1039 1047 -1
1044 -82.72197331260271 -140.18250441994485 -530.7694352280695 1040 1048 -1
1045 -75.37596565420158 -152.24029904910176 -523.929429256161 1041 1049 -1
1046 -71.34868464325899 -145.644308054717 -522.5011037609121 1042 1050 -1
1047 7.946507228148783 -145.07859284182413 -549.1791441975428 1043 1051 -1
1048 -82.88520305385565 -140.07559158375784 -530.7411409262095 1044 1052 -1
1049 -75.37997024872337 -152.39144157832598 -523.7674571602781 1045 1053 -1
1050 -71.24501603746343 -145.56382791151003 -522.3061238824706 1046 1054 -1
1051 7.946316689522995 -144.87510773244807 -549.2133996054055 1047 1055 -1
1052 -83.04859412273579 -139.96883010887063 -530.7132085502805 1048 1056 -1
1053 -75.38344919005857 -152.54340039455136 -523.6062384535344 1049 1057 -1
1054 -71.14018973085638 -145.48232598797284 -522.1121902185606 1050 1058 -1
1055 7.946745384061522 -144.67191479051417 -549.2493493501107 1051 1059 -1
1056 -83.21212892596876 -139.8621939400682 -530.6856410339412 1052 1060 -1
1057 -75.38634517733752 -152.69616969261799 -523.445775977482 1053 1061 -1
1058 -71.03417379499294 -145.39983251723268 -521.9193254144494 1054 1062 -1
1059 7.947750266214549 -144.46888338897915 -549.2861913510401 1055 1063 -1
1060 -83.37578974961399 -139.7556568388096 -530.6584407810074 1056 1064 -1
1061 -75.38860032459385 -152.84974314940246 -523.2860726464054 1057 1065 -1
1062 -70.92696321632508 -145.3163902659956 -521.7275321084228 1058 1066 -1
1063 7.9492896254343375 -144.2658708745725 -549.3231191875661 1059 1067 -1
1064 -83.53955911030918 -139.64919270806223 -530.6316105969353 1060 1068 -1
1065 -75.39015605016937 -153.00411403417834 -523.1271316183157 1061 1069 -1
1066 -70.81858088898355 -145.23201011693246 -521.5368106706543 1062 1070 -1
1067 7.9513244642913365 -144.06273001353375 -549.3593085098951 1063 1071 -1
1068 -83.70341965320411 -139.54277546588617 -530.6051537118129 1064 1072 -1
1069 -75.39095281054772 -153.1592753965194 -522.9689565560326 1065 1073 -1
1070 -70.70908776957597 -145.14671355608078 -521.347134174127 1066 1074 -1
1071 7.953818073300846 -143.85931496985546 -549.3938897741077 1067 1075 -1
1072 -83.86735389953284 -139.43637893001593 -530.5790728027529 1068 1076 -1
1073 -75.39093165243695 -153.31521853800962 -522.811550200027 1069 1077 -1
1074 -70.59852213002708 -145.06050364709677 -521.1584955655271 1070 1078 -1
1075 7.956724924495537 -143.65550169218332 -549.4259988916987 1071 1079 -1
1076 -84.03134445099927 -139.3299769643223 -530.5533707705118 1072 1080 -1
1077 -75.39003956090636 -153.4719346714109 -522.6549159857431 1073 1081 -1
1078 -70.48694085953937 -144.9733996253499 -520.9708684008551 1074 1082 -1
1079 7.960004374229659 -143.4511949144994 -549.4547516546523 1075 1083 -1
1080 -84.19537393851678 -139.22354340433307 -530.5280508556159 1076 1084 -1
1081 -75.388260051365 -153.62941456089902 -522.4990572749958 1077 1085 -1
1082 -70.37438608468169 -144.88540835621336 -520.7842393133358 1078 1086 -1
1083 7.963612950272828 -143.24641853562173 -549.4799046585165 1079 1087 -1
1084 -84.35942493778126 -139.11705202441425 -530.503116365868 1080 1088 -1
1085 -75.3855889422225 -153.78764891502897 -522.3439773735489 1081 1089 -1
1086 -70.26090444760469 -144.7965410192302 -520.5985891533189 1082 1090 -1
1087 7.967504266239634 -143.04130212671393 -549.5020779254448 1083 1091 -1
1088 -84.52347996638207 -139.01047666800721 -530.4785702149538 1084 1092 -1
1089 -75.38202142309407 -153.94662889666048 -522.189680063937 1085 1093 -1
1090 -70.14654456173933 -144.7068113982767 -520.4138950971137 1086 1094 -1
1091 7.971632809163961 -142.83595621267438 -549.521974158093 1087 1095 -1
1092 -84.68752150604064 -138.90379112248064 -530.454415722504 1088 1096 -1
1093 -75.37755525146515 -154.10634349279155 -522.0361668015297 1089 1097 -1
1094 -70.03134263843958 -144.61622124991248 -520.230146803163 1090 1098 -1
1095 7.975942955471708 -142.63047710075335 -549.5404075784737 1091 1099 -1
1096 -84.85153188837823 -138.79696894029624 -530.4306567911683 1092 1100 -1
1097 -75.37218718759357 -154.26678250454367 -521.8834398252862 1093 1101 -1
1098 -69.91534891065228 -144.5247871043467 -520.0473169612344 1094 1102 -1
1099 7.980383500375877 -142.42494027356992 -549.558156735933 1095 1103 -1
1100 -85.01549341557632 -138.68998399004371 -530.4072964021942 1096 1104 -1
1101 -75.3659128879219 -154.42793655330135 -521.7315022442548 1097 1105 -1
1102 -69.79860404450301 -144.43251629180716 -519.8653877289455 1098 1106 -1
1103 7.984902334320627 -142.2194161507151 -549.5760323093702 1099 1107 -1
1104 -85.17938824219144 -138.58280996321918 -530.3843381284718 1100 1108 -1
1105 -75.35873020797574 -154.58979448470163 -521.5803551579866 1101 1109 -1
1106 -69.68114540464981 -144.33941246349625 -519.6843444582295 1102 1110 -1
1107 7.989443700619231 -142.01398046818124 -549.5948874829032 1103 1111 -1
1108 -85.34319824564409 -138.47542021678268 -530.3617861391198 1104 1112 -1
1109 -75.35063720824351 -154.75234500504968 -521.4299993947305 1105 1113 -1
1110 -69.56301821831687 -144.24548906970395 -519.5041615230058 1106 1114 -1
1111 7.993950967486406 -141.80871939753146 -549.6155573964601 1107 1115 -1
1112 -85.50690531381304 -138.3677885418717 -530.3396437873374 1108 1116 -1
1113 -75.34162982083674 -154.9155784005552 -521.280437533323 1109 1117 -1
1114 -69.44426127316119 -144.15075269784614 -519.3248200995578 1110 1118 -1
1115 7.998365399963373 -141.6037476548845 -549.6389314371861 1111 1119 -1
1116 -85.67049109681642 -138.25988854682268 -530.317914860003 1112 1120 -1
1117 -75.33170718590715 -155.07948254657612 -521.131669266821 1113 1121 -1
1118 -69.3249096843866 -144.05520514957192 -519.1463056462361 1114 1122 -1
1119 8.002624415083465 -141.39922099445087 -549.6659373136011 1115 1123 -1
1120 -85.83393679025482 -138.15169330476448 -530.2966039126184 1116 1124 -1
1121 -75.3208674277878 -155.24404610087075 -520.9836950705414 1117 1125 -1
1122 -69.20500568455925 -143.95885857078568 -518.9685926285749 1118 1126 -1
1123 8.00666972425452 -141.1953129005107 -549.6972940501182 1119 1127 -1
1124 -85.99722372367606 -138.04317663217972 -530.275714480066 1120 1128 -1
1125 -75.30910749526628 -155.40925853972692 -520.8365163307911 1121 1129 -1
1126 -69.084586377518 -143.86171894247516 -518.7916614521876 1122 1130 -1
1127 8.010435643880395 -140.9921748460558 -549.7333335916692 1123 1131 -1
1128 -86.16033276529984 -137.93431186961507 -530.2552508311283 1124 1132 -1
1129 -75.29642792280796 -155.57510684236377 -520.6901312307886 1125 1133 -1
1130 -68.9636862871769 -143.76378843388926 -518.6154957648089 1126 1134 -1
1131 8.013861098594075 -140.78991844446136 -549.7740599632721 1127 1135 -1
1132 -86.32324432579921 -137.8250719965772 -530.2352176624778 1128 1136 -1
1133 -75.2828253879315 -155.74158067349035 -520.5445411749906 1129 1137 -1
1134 -68.84234259371327 -143.66507397943266 -518.4400741756532 1130 1138 -1
1135 8.016890682352866 -140.58864281910004 -549.8194145329719 1131 1139 -1
1136 -86.48593896371791 -137.7154308028675 -530.215618815113 1132 1140 -1
1137 -75.26830071755319 -155.90866690637435 -520.3997438846441 1133 1141 -1
1138 -68.72059178349524 -143.56558245678264 -518.2653751458462 1134 1142 -1
1139 8.01944949176869 -140.3884955614661 -549.8695402647758 1135 1143 -1
1140 -86.64839637926376 -137.60536105325502 -530.1964593082647 1136 1144 -1
1141 -75.25285201069822 -156.07635427739572 -520.2557393188009 1137 1145 -1
1142 -68.59846860220942 -143.4653184190593 -518.0913790738159 1138 1146 -1
1143 8.021488658251906 -140.18956299982838 -549.9243088970879 1139 1147 -1
1144 -86.81059633005266 -137.49483621977467 -530.1777434823414 1140 1148 -1
1145 -75.2364793862894 -156.24463023719932 -520.1125255915247 1141 1149 -1
1146 -68.47600592836383 -143.36428267658553 -517.9180693518874 1142 1150 -1
1147 8.02294486001013 -139.99196759770922 -549.9837387096254 1143 1151 -1
1148 -86.97251803991064 -137.38382944467367 -530.1594760986719 1144 1152 -1
1149 -75.21918236901203 -156.41348267257695 -519.970101215579 1145 1153 -1
1150 -68.35323876568731 -143.26248143340777 -517.7454242816333 1146 1154 -1
1151 8.023749322693524 -139.79584494883076 -550.0478729788124 1147 1155 -1
1152 -87.13414016869383 -137.2723135596245 -530.1416622655619 1148 1156 -1
1153 -75.20096082453301 -156.58289930519157 -519.8284642994715 1149 1157 -1
1154 -68.23020096720052 -143.15991953853984 -517.5734232627325 1150 1158 -1
1155 8.023859338485318 -139.60127347252634 -550.1165742225938 1151 1159 -1
1156 -87.29544141571851 -137.16026214319677 -530.1243065271251 1152 1160 -1
1157 -75.18181527167255 -156.75286752275923 -519.6876122835096 1153 1161 -1
1158 -68.10692540944896 -143.05660025866686 -517.4020468901163 1154 1162 -1
1159 8.023200640806396 -139.40840353424738 -550.1899137261148 1155 1163 -1
1160 -87.45639930715608 -137.0476475419028 -530.1074145643814 1156 1164 -1
1161 -75.16174569683268 -156.92337509551953 -519.5475429469345 1157 1165 -1
1162 -67.98344434444846 -142.9525255280904 -517.2312766337081 1158 1166 -1
1163 8.021727222091897 -139.21732409735924 -550.26778756383 1159 1167 -1
1164 -87.61699183757686 -136.9344436192208 -530.0909909149857 1160 1168 -1
1165 -75.1407532579197 -157.09440918217405 -519.4082529635267 1161 1169 -1
1166 -67.85978966920513 -142.84769612048856 -517.061094605768 1162 1170 -1
1167 8.019393967858532 -139.0281239438361 -550.3501032456986 1163 1171 -1
1168 -87.7771954341508 -136.82062249769265 -530.0750416072217 1164 1172 -1
1169 -75.11883835568952 -157.26595745345082 -519.2697395336011 1165 1173 -1
1170 -67.7359940038786 -142.74211749547237 -516.8914791761536 1166 1174 -1
1171 8.016120728242626 -138.84096935179082 -550.4369390941622 1167 1175 -1
1172 -87.93698713301559 -136.70615808687376 -530.0595714085565 1168 1176 -1
1173 -75.0960025082016 -157.43800703757913 -519.1319988031771 1169 1177 -1
1174 -67.61208883995073 -142.63579176939692 -516.722411262647 1170 1178 -1
1175 8.01188719611755 -138.6558975823219 -550.5280894002763 1171 1179 -1
1176 -88.09634237707266 -136.59102265766498 -530.0445864379423 1172 1180 -1
1177 -75.07224674484584 -157.6105454224346 -518.9950272165154 1173 1181 -1
1178 -67.48810540075165 -142.52872079420928 -516.5538718736098 1174 1182 -1
1179 8.00664172197555 -138.47301530515927 -550.6235072347929 1175 1183 -1
1180 -88.25523690909914 -136.47518983786466 -530.0300919544053 1176 1184 -1
1181 -75.0475727400479 -157.7835598417706 -518.8588205650425 1177 1185 -1
1182 -67.36407466122128 -142.42090576536256 -516.3858423764347 1178 1186 -1
1183 8.000319223044906 -138.29245907028954 -550.7231941804448 1179 1187 -1
1184 -88.41364539241515 -136.35863253357266 -530.0160938791986 1180 1188 -1
1185 -75.02198228841786 -157.95703757248322 -518.7233744299922 1181 1189 -1
1186 -67.24002749053807 -142.3123453351125 -516.218305661807 1182 1190 -1
1187 7.992904565838253 -138.1142585258106 -550.8269607054643 1183 1191 -1
1188 -88.57154185260592 -136.24132367439822 -530.0025982496961 1184 1192 -1
1189 -74.9954770905713 -158.13096603621221 -518.5886843581127 1185 1193 -1
1190 -67.11599466667634 -142.2030437758345 -516.0512408673137 1186 1194 -1
1191 7.984359244640122 -137.93849468792237 -550.9347205574101 1187 1195 -1
1192 -88.72890034264202 -136.12323721116925 -529.9896105924588 1188 1196 -1
1193 -74.96805976743084 -158.30533231660345 -518.45474502762 1189 1197 -1
1194 -66.9920066164971 -142.09300195152773 -515.8846294072298 1190 1198 -1
1195 7.974616700306751 -137.7653096899984 -551.0464801642244 1191 1199 -1
1196 -88.88569305779507 -136.00434545220998 -529.9771376638463 1192 1200 -1
1197 -74.93973198718659 -158.48012406067113 -518.3215517903199 1193 1201 -1
1198 -66.86809364167885 -141.98222050141325 -515.7184528003594 1194 1202 -1
1199 7.963675818720888 -137.59470541618538 -551.1620330345105 1195 1203 -1
1200 -89.04189280281895 -135.88462265042747 -529.9651851453186 1196 1204 -1
1201 -74.91049718536925 -158.6553282133038 -518.1890984444884 1197 1205 -1
1202 -66.74428593403377 -141.87069985644155 -515.5526926751186 1198 1206 -1
1203 7.95153862203282 -137.42672952568827 -551.2812594124786 1199 1207 -1
1204 -89.19747127931502 -135.76404258814503 -529.9537592219086 1200 1208 -1
1205 -74.88035700817726 -158.83093264802554 -518.0573801402886 1201 1209 -1
1206 -66.6206038313844 -141.7584461758975 -515.387334050256 1202 1210 -1
1207 7.938318919509211 -137.26137615604185 -551.403986682114 1203 1211 -1
1208 -89.352398640635 -135.64257807926552 -529.9428668492357 1204 1212 -1
1209 -74.84931562438045 -159.00692425347995 -517.9263898776323 1205 1213 -1
1210 -66.49703843752015 -141.64548572839863 -515.222369930778 1206 1214 -1
1211 7.924150338862059 -137.09864574179232 -551.5300687333684 1207 1215 -1
1212 -89.50664560527836 -135.52020389148456 -529.9325140045573 1208 1216 -1
1213 -74.8173747347509 -159.18329110269752 -517.7961225462489 1209 1217 -1
1214 -66.37357480955231 -141.53185143860907 -515.0577928561107 1210 1218 -1
1215 7.909190485896807 -136.93845069291663 -551.6592676064282 1211 1219 -1
1216 -89.66018170122294 -135.39689438758631 -529.9227071381855 1212 1220 -1
1217 -74.78453925032 -159.36002014944322 -517.6665704686038 1213 1221 -1
1218 -66.25019825618764 -141.41757386105164 -514.8935963348348 1214 1222 -1
1219 7.893572017005019 -136.7807504274553 -551.7914242728775 1215 1223 -1
1220 -89.8129754623587 -135.27262387637066 -529.9134529551889 1216 1224 -1
1221 -74.75082201795075 -159.5371009920832 -517.53772717298 1217 1225 -1
1222 -66.12689396055103 -141.3026833610066 -514.729773674811 1218 1226 -1
1223 7.877423231780991 -136.62550333643554 -551.9263925027872 1219 1227 -1
1224 -89.96499433419632 -135.14736657247715 -529.9047584376092 1220 1228 -1
1225 -74.71625661159 -159.7145244586125 -517.4095818489689 1221 1229 -1
1226 -66.00364698967464 -141.18721011697315 -514.5663179967916 1222 1230 -1
1227 7.860868633794318 -136.4726676572337 -552.0640380064174 1223 1231 -1
1228 -90.11620606742699 -135.02109839815597 -529.8966298486821 1224 1232 -1
1229 -74.68087533155986 -159.8922831190703 -517.2821255516715 1225 1233 -1
1230 -65.88044230367197 -141.07118412385353 -514.4032222477279 1226 1234 -1
1231 7.844026903550884 -136.32223825478832 -552.2042753790346 1227 1235 -1
1232 -90.26657704403924 -134.8937948953244 -529.8890739330943 1228 1236 -1
1233 -74.6447130029281 -160.07036884871567 -517.1553468116632 1229 1237 -1
1234 -65.75726481292264 -140.95463324439595 -514.2404805797153 1230 1238 -1
1235 7.827022778838981 -136.1741386285194 -552.3469515515287 1231 1239 -1
1236 -90.41607287342285 -134.7654320478017 -529.8820974592707 1232 1240 -1
1237 -74.60780213144952 -160.24877481820684 -517.0292357754485 1233 1241 -1
1238 -65.63409912358061 -140.83758931967174 -514.0780841916413 1234 1242 -1
1239 7.809972986656491 -136.02832911230323 -552.4919619700077 1235 1243 -1
1240 -90.56465839240852 -134.6359863304503 -529.8757072068688 1236 1244 -1
1241 -74.57017687719068 -160.4274938033454 -516.9037807398904 1237 1245 -1
1242 -65.51092992841745 -140.7200818183608 -513.9160255819116 1238 1246 -1
1243 7.792992792739756 -135.8847740665498 -552.6392127602952 1239 1247 -1
1244 -90.71229723442444 -134.50543426262826 -529.8699102181233 1240 1248 -1
1245 -74.53187007583368 -160.60651944866652 -516.7789708282163 1241 1249 -1
1246 -65.3877418475068 -140.60214003911886 -513.7542971292681 1242 1250 -1
1247 7.7761968781952175 -135.743440409121 -552.7886180510268 1243 1251 -1
1248 -90.858953085507 -134.37375391561457 -529.8647130065222 1244 1252 -1
1249 -74.49291501831617 -160.78584547728167 -516.6547943779282 1245 1253 -1
1250 -65.26451943572337 -140.48379312216977 -513.5928911008662 1246 1254 -1
1251 7.759700013707163 -135.60429794931974 -552.9400993236546 1247 1255 -1
1252 -91.00458858562496 -134.2409236570393 -529.8601222484854 1248 1256 -1
1253 -74.45334496159929 -160.96546587845313 -516.5312393740403 1249 1257 -1
1254 -65.14124719030154 -140.36507005584602 -513.4317996637701 1250 1258 -1
1255 7.7436212864196134 -135.46733392811655 -553.0935976907323 1251 1259 -1
1256 -91.1491655536845 -134.10692246895906 -529.8561446239476 1252 1260 -1
1257 -74.41319218391902 -161.14537536444902 -516.4082944560417 1253 1261 -1
1258 -65.01790955818588 -140.24599968352825 -513.2710148961721 1254 1262 -1
1259 7.728081789272975 -135.33253024992743 -553.2490515241979 1255 1263 -1
1260 -91.29264508977852 -133.97173010626548 -529.8527867465202 1256 1264 -1
1261 -74.37249041093308 -161.32556813899026 -516.2859463626793 1257 1265 -1
1262 -64.89449060163118 -140.126609680984 -513.1105298291416 1258 1266 -1
1263 7.713197486302707 -135.19984831938217 -553.4063833666505 1259 1267 -1
1264 -91.43498759879454 -133.835327159684 -529.8500551448218 1260 1268 -1
1265 -74.33127083286271 -161.50603994104458 -516.1641842766452 1261 1269 -1
1266 -64.77097492581457 -140.00692986249638 -512.9503352966226 1262 1270 -1
1267 7.69909124091865 -135.06927288532347 -553.565538620274 1263 1271 -1
1268 -91.57615281897002 -133.69769512050752 -529.847956242781 1264 1272 -1
1269 -74.28956720183743 -161.68678531856506 -516.0429941366958 1265 1273 -1
1270 -64.6473468722337 -139.88698867972798 -512.7904231722106 1266 1274 -1
1271 7.685889912944704 -134.9407930373345 -553.7264671677814 1267 1275 -1
1272 -91.71609985566998 -133.55881644680363 -529.8464963389399 1268 1276 -1
1273 -74.24741092949857 -161.86780029011894 -515.9223642604187 1269 1277 -1
1274 -64.52359075887784 -139.76681446669136 -512.6307852866566 1270 1278 -1
1275 7.673725247410133 -134.8144025234531 -553.8891228478952 1271 1279 -1
1276 -91.85478722064694 -133.41867463079518 -529.8456815847893 1272 1280 -1
1277 -74.20483442633133 -162.049080461501 -515.8022814448447 1273 1281 -1
1278 -64.39969088779799 -139.64643545194312 -512.4714134342357 1274 1282 -1
1279 7.662758826904297 -134.69013832255303 -554.0534929923991 1275 1283 -1
1280 -91.99217287702561 -133.2772542670737 -529.8455179621884 1276 1284 -1
1281 -74.16186981616742 -162.230621712972 -515.6827324521405 1277 1285 -1
1282 -64.27563155161124 -139.5258797671092 -512.3122993825026 1278 1286 -1
1283 7.653122950244895 -134.56797632359505 -554.2195137450423 1279 1287 -1
1284 -92.12821429022834 -133.13454112126345 -529.8460112599269 1280 1288 -1
1285 -74.11854815083672 -162.41242080519072 -515.5637052622448 1281 1289 -1
1286 -64.15139703993712 -139.40517545554587 -512.153434881849 1282 1290 -1
1287 7.644967589180583 -134.44792061897053 -554.3871423568015 1283 1291 -1
1288 -92.26286848502899 -132.9905221987137 -529.8471670495064 1284 1292 -1
1289 -74.07490176901612 -162.59447365385518 -515.4451856224119 1285 1293 -1
1290 -64.02697159460826 -139.28435045813654 -511.994811732598 1286 1294 -1
1291 7.638455788902079 -134.32998833854867 -554.5563429659792 1287 1295 -1
1292 -92.39609210888578 -132.84518581275526 -529.8489906602298 1288 1296 -1
1293 -74.03096169376646 -162.77677723157444 -515.3271609232506 1289 1297 -1
1294 -63.90233892242199 -139.16343251615416 -511.83642226499063 1290 1298 -1
1295 7.633816359304912 -134.21426386262598 -554.727122135137 1291 1299 -1
1296 -92.52784150166227 -132.69852165201885 -529.8514871537019 1292 1300 -1
1297 -73.98675915149981 -162.9593284460184 -515.209617968865 1293 1301 -1
1298 -63.7774839045402 -139.04244980830697 -511.6782575286425 1294 1302 -1
1299 7.6311972186702945 -134.1007282323206 -554.8994063188601 1295 1303 -1
1300 -92.65807277179655 -132.5505208462748 -529.8546612978638 1296 1304 -1
1301 -73.94232551441108 -163.14212403625822 -515.0925428509069 1297 1305 -1
1302 -63.65239088452049 -138.9214301088113 -511.5203092989285 1298 1306 -1
1303 7.630776750468142 -133.9894447788121 -555.0731729175513 1299 1307 -1
1304 -92.7867418789255 -132.40117603022034 -529.8585175406922 1300 1308 -1
1305 -73.89769138270273 -163.32516156529235 -514.9759228755447 1301 1309 -1
1306 -63.527044234824125 -138.80040114802006 -511.3625693793981 1302 1310 -1
1307 7.632607166825706 -133.8806716409618 -555.2485125120209 1303 1311 -1
1308 -92.91380472290864 -132.25048140460964 -529.8630599837171 1304 1312 -1
1309 -73.85288766708968 -163.50843823945414 -514.8597443446694 1305 1313 -1
1310 -63.40142836327847 -138.6793906212156 -511.2050296104132 1306 1314 -1
1311 7.636511555996342 -133.7745759757991 -555.4254511084717 1307 1315 -1
1312 -93.03921723913179 -132.09843279409637 -529.8682923555235 1308 1316 -1
1313 -73.80794506963151 -163.69195137135605 -514.7439934983037 1309 1317 -1
1314 -63.27552771961614 -138.55842619731484 -511.0476818776803 1310 1318 -1
1315 7.642428696738673 -133.67149862445342 -555.6041091964877 1311 1319 -1
1316 -93.16293549989663 -131.94502770113928 -529.8742179854136 1312 1320 -1
1317 -73.76289388668354 -163.87569888540034 -514.6286574296786 1313 1321 -1
1318 -63.1493268021105 -138.43753552745736 -510.8905181206897 1314 1322 -1
1319 7.650173426556528 -133.57162163951187 -555.7845064812288 1315 1323 -1
1320 -93.28491582162836 -131.79026535530875 -529.8808397774292 1316 1324 -1
1321 -73.7177645060546 -164.05967841236412 -514.5137224885611 1317 1325 -1
1322 -63.02281016432728 -138.31674625344462 -510.7335303410738 1318 1326 -1
1323 7.659635764801572 -133.47528572382794 -555.9667378112508 1319 1327 -1
1324 -93.40511487755099 -131.63414675732628 -529.8881601849318 1320 1328 -1
1325 -73.67258713085708 -164.24388760351135 -514.3991749094113 1321 1329 -1
1326 -62.89596242201151 -138.1960860160027 -510.57671061089565 1322 1330 -1
1327 7.670608357961152 -133.38265169107058 -556.1507945752403 1323 1331 -1
1328 -93.52348981539798 -131.4766747171743 -529.8961811859652 1324 1332 -1
1329 -73.62739174874656 -164.42832452652524 -514.2850014921991 1325 1333 -1
1330 -62.76876731743414 -138.075582942676 -510.4200514786648 1326 1334 -1
1331 7.682955541453283 -133.29409119524354 -556.3367590428684 1327 1335 -1
1332 -93.63999837963985 -131.317853885626 -529.9049042596175 1328 1336 -1
1333 -73.58220829266742 -164.61298734263684 -514.1711890554195 1329 1337 -1
1334 -62.64121045194063 -137.9552643722273 -510.2635447544009 1330 1338 -1
1335 7.696445028029445 -133.20971127298083 -556.5245782967149 1331 1339 -1
1336 -93.75459903762524 -131.15769077856902 -529.9143303636172 1332 1340 -1
1337 -73.5370665104435 -164.79787381948114 -514.0577237220998 1333 1341 -1
1338 -62.51327671010309 -137.8351579698124 -510.1071827553175 1334 1342 -1
1339 7.710904436418181 -133.12984840710553 -556.7142906939804 1335 1343 -1
1340 -93.86725110894739 -130.9961937935316 -529.9244599133984 1336 1344 -1
1341 -73.49199600748253 -164.98298208008657 -513.9445921444844 1337 1345 -1
1342 -62.38495103096441 -137.71529144702563 -509.9509579188904 1338 1346 -1
1343 7.726106930109361 -133.0546237747225 -556.9058313124874 1339 1347 -1
1344 -93.97791489726522 -130.83337321786502 -529.9352927628646 1340 1348 -1
1345 -73.44702642871705 -165.1683105451343 -513.8317813755444 1341 1349 -1
1346 -62.25621845291795 -137.59569255203488 -509.79486279383326 1342 1350 -1
1347 7.741846558656239 -132.98424662581695 -557.099162704015 1343 1351 -1
1348 -94.08655085505758 -130.66924061938255 -529.946828516122 1344 1352 -1
1349 -73.40218714821864 -165.35385724817817 -513.7192778978252 1345 1353 -1
1350 -62.12706412179016 -137.47638907611096 -509.63889004818134 1346 1354 -1
1351 7.757943634628832 -132.9188928648319 -557.2942197674599 1347 1355 -1
1352 -94.19312214961968 -130.50381040935073 -529.9590656698796 1348 1356 -1
1353 -73.35750738158222 -165.5396202727654 -513.6070683187708 1349 1357 -1
1354 -61.997473299176676 -137.3574088597602 -509.483032477371 1350 1358 -1
1355 7.774257854732911 -132.85861519268 -557.4908870401632 1351 1359 -1
1356 -94.2975929764381 -130.337098610287 -529.9720022447117 1352 1360 -1
1357 -73.31301629847448 -165.72559782565995 -513.4951394767643 1353 1361 -1
1358 -61.86743137104682 -137.23877979842763 -509.32728301231856 1354 1362 -1
1359 7.790658548516469 -132.8036183594264 -557.6890885225924 1355 1363 -1
1360 -94.39992886999624 -130.16912296212269 -529.9856357054334 1356 1364 -1
1361 -73.26874320812462 -165.91178830721873 -513.3834785166333 1357 1365 -1
1362 -61.73692385662904 -137.120529847738 -509.17163472750383 1358 1366 -1
1363 7.807016134224063 -132.75382009338816 -557.8886632582528 1359 1367 -1
1364 -94.5 -130.0 -530.0 1360 -1 -1
1365 -73.22471705474844 -166.09818980035067 -513.2720722668648 1361 1368 -1
1366 -61.605935968478136 -137.00268823199798 -509.01608031670935 1362 1369 -1
1367 7.823203612050584 -132.70938792900583 -558.0895145460448 1363 1370 -1
1368 -73.18096659899652 -166.28480032739023 -513.1609076172952 1365 1371 -1
1369 -61.47444852691098 -136.88529593464733 -508.86060766708033 1366 1372 -1
1370 7.839109367303665 -132.6701817971819 -558.2914734133082 1367 1373 -1
1371 -73.13752064246378 -166.4716179899447 -513.0499716923647 1368 1374 -1
1372 -61.34243976285228 -136.7684009414059 -508.70520211858286 1369 1375 -1
1373 7.854621692005643 -132.63622804646772 -558.4944120669941 1370 1376 -1
1374 -73.0944079049515 -166.65864083427383 -512.9392517020042 1371 1377 -1
1375 -61.209889566341815 -136.6520500938835 -508.549849113244 1372 1378 -1
1376 7.869644485312788 -132.60744438284829 -558.6981852610807 1373 1379 -1
1377 -73.05165750684714 -166.8458670869058 -512.8287351816628 1374 1380 -1
1378 -61.07677713419234 -136.53629131765848 -508.3945345644769 1375 1381 -1
1379 7.884164539371282 -132.583413425123 -558.9026109852346 1376 1382 -1
1380 -73.00929761424403 -167.03329440195768 -512.7184092690457 1377 1383 -1
1381 -60.94308185882151 -136.4211728724893 -508.2392447330562 1378 1384 -1
1382 7.898223761852938 -132.56361588691206 -559.107523528183 1379 1385 -1
1383 -72.96735668887693 -167.22092057634748 -512.6082614513243 1380 1386 -1
1384 -60.80878334742965 -136.30674338477158 -508.0839662461221 1381 1387 -1
1385 7.911867618934361 -132.54753774846776 -559.3127902601578 1382 1388 -1
1386 -72.92586314723802 -167.408743320754 -512.4982793378674 1383 1389 -1
1387 -60.67386144274845 -136.19305187811418 -507.9286861170568 1384 1390 -1
1388 7.925148181954425 -132.53462616152083 -559.5183047673513 1385 1391 -1
1389 -72.88484533612039 -167.5967602337653 -512.3884506510072 1386 1392 -1
1390 -60.53829624545067 -136.0801478018764 -507.7733917662842 1387 1393 -1
1391 7.938108065648097 -132.52442871990087 -559.7239928155244 1388 1394 -1
1392 -72.844331683062 -167.78496884376108 -512.2787632676984 1389 1395 -1
1393 -60.40206813830495 -135.96808105749514 -507.6180710430366 1390 1396 -1
1394 7.950787916302737 -132.51652187572344 -559.9297995743809 1391 1397 -1
1395 -72.80435067899919 -167.97336657501324 -512.1692051964638 1392 1398 -1
1396 -60.26515781215457 -135.856902022417 -507.4627122481245 1393 1399 -1
1397 7.96322647027469 -132.51050793051198 -560.135685442335 1394 1400 -1
1398 -72.76493006678368 -168.16195047283304 -512.0597644221573 1395 1401 -1
1399 -60.12754629379286 -135.7466615714359 -507.3073041577352 1396 1402 -1
1400 7.9754606675902675 -132.50601191193817 -560.3416225682921 1397 1403 -1
1401 -72.72609791732948 -168.3507175769293 -511.9504291751081 1398 1404 -1
1402 -59.98921497579951 -135.63741109522186 -507.1518360482774 1399 1405 -1
1403 7.987525801753088 -132.50267844376336 -560.5475919518462 1400 1406 -1
1404 -72.68788223272327 -168.5396647601953 -511.84118782578696 1401 1407 -1
1405 -59.85014477287779 -135.52920378328452 -506.99629762975303 1402 1408 -1
1406 7.99945569169566 -132.5001686771704 -560.7535810123179 1403 1409 -1
1407 -72.65031094474068 -168.72878871808626 -511.7320288903358 1404 1410 -1
1408 -59.71031774338401 -135.42209243722849 -506.84067921470864 1405 1411 -1
1409 8.011282800805153 -132.4981574903287 -560.9595815333377 1406 1412 -1
1410 -72.61341191274585 -168.91808595812856 -511.6229410361492 1407 1413 -1
1411 -59.5697175040301 -135.3161287777464 -506.6849718312664 1408 1414 -1
1412 8.023038679600525 -132.49632960324843 -561.1655878612274 1409 1415 -1
1413 -72.5772129209465 -169.1075527895745 -511.513913087513 1410 1416 -1
1414 -59.428327250832204 -135.2113663916879 -506.52916702956406 1411 1417 -1
1415 8.034753834730036 -132.49437894874865 -561.3715953698725 1412 1418 -1
1416 -72.5417419004175 -169.29718536145117 -511.40493404266357 1413 1419 -1
1417 -59.286130726694445 -135.10785942337114 -506.37325700007864 1414 1420 -1
1418 8.046457955086622 -132.49200510468452 -561.5775990183112 1415 1421 -1
1419 -72.50702652595037 -169.48697955772363 -511.2959930483111 1416 1422 -1
1420 -59.143112263870954 -135.00566257072845 -506.2172346044462 1417 1423 -1
1421 8.058180252331557 -132.48890918394784 -561.7835919689691 1418 1424 -1
1422 -72.4730940491769 -169.67693096901831 -511.18707941706094 1419 1425 -1
1423 -58.99925682849662 -134.9048310767431 -506.0610934070648 1420 1426 -1
1424 8.0699495816946 -132.48479328518425 -561.9895642678024 1421 1427 -1
1425 -72.4399719073586 -169.86703501161912 -511.0781826603198 1422 1428 -1
1426 -58.854550067130326 -134.80542071586723 -505.90482770737225 1423 1429 -1
1427 8.081794499936821 -132.47935857097275 -562.1955014997773 1424 1430 -1
1428 -72.40768743815836 -170.05728685464047 -510.96929247556585 1425 1431 -1
1429 -58.708978356957886 -134.7074877695266 -505.7484325745271 1426 1432 -1
1430 8.093743452325176 -132.47230223477035 -562.4013833359685 1427 1433 -1
1431 -72.3762678725113 -170.24768141094518 -510.8603987523925 1428 1434 -1
1432 -58.562534897093194 -134.6110692755419 -505.5919103229307 1429 1435 -1
1433 8.10582506568743 -132.4633859146131 -562.6071851998712 1430 1436 -1
1434 -72.34574032669525 -170.43821332835162 -510.7514915786173 1431 1437 -1
1435 -58.41523396246173 -134.5161341443278 -505.435285919215 1432 1438 -1
1436 8.118069600072824 -132.45281121699148 -562.8128991221012 1433 1439 -1
1437 -72.31613179358418 -170.62887698115745 -510.64256124645175 1434 1440 -1
1438 -58.267093897157864 -134.42263547400208 -505.2785888166434 1435 1441 -1
1439 8.130509145941506 -132.440958714828 -563.0185318649052 1436 1442 -1
1440 -72.28746913307035 -170.81966646200826 -510.53359825872514 1437 1443 -1
1441 -58.11813622414059 -134.33051928452429 -505.12184797536065 1438 1444 -1
1442 8.14317750441124 -132.42821216077542 -563.2240972865577 1439 1445 -1
1443 -72.25977906164199 -171.0105755741432 -510.42459333515563 1440 1446 -1
1444 -57.96838056559241 -134.23973332998807 -504.9650913594158 1441 1447 -1
1445 8.15611042300016 -132.41496094275826 -563.4296143912221 1442 1448 -1
1446 -72.23308814110722 -171.20159782404937 -510.31553741865974 1443 1449 -1
1447 -57.81784648276208 -134.1502240143757 -504.8083461255218 1444 1450 -1
1448 8.169347648591268 -132.40160550116724 -563.6351053841836 1445 1451 -1
1449 -72.20742276645616 -171.39272641455833 -510.20642168168797 1446 1452 -1
1450 -57.66655344346447 -134.06193655373627 -504.65163859584766 1447 1453 -1
1451 8.1829292917624 -132.38856309538815 -563.8405939453527 1448 1454 -1
1452 -72.18280915285683 -171.58395423842106 -510.0972375325758 1449 1455 -1
1453 -57.51452079379115 -133.97481513756696 -504.49499423705885 1450 1456 -1
1454 8.196898913263846 -132.37626806434412 -564.0461024106255 1451 1457 -1
1455 -72.15927332178276 -171.77527387239778 -509.9879766218945 1452 1458 -1
1456 -57.36176773389019 -133.88880308855036 -504.3384376452437 1453 1459 -1
1457 8.211303393587942 -132.36517879757895 -564.2516491612494 1454 1460 -1
1458 -72.13684108627427 -171.96667757190133 -509.8786308487888 1455 1461 -1
1459 -57.20831329763319 -133.80384301988187 -504.18199253632764 1456 1462 -1
1460 8.226193076612526 -132.35577803606165 -564.4572450745421 1457 1463 -1
1461 -72.11553803533802 -172.15815726623097 -509.76919236727866 1458 1464 -1
1462 -57.05417633595302 -133.71987698950315 -504.0256817415519 1459 1465 -1
1463 8.24162171133136 -132.34844922570122 -564.662885282736 1460 1466 -1
1464 -72.09538951749401 -172.34970455444048 -509.6596535925132 1461 1467 -1
1465 -56.89937550360867 -133.6368466506393 -503.8695272075728 1462 1468 -1
1466 8.257646986484612 -132.34343617927445 -564.8685492093857 1463 1469 -1
1467 -72.07642062348229 -172.5413107018773 -509.55000720694954 1464 1470 -1
1468 -56.74392924911003 -133.55469339811594 -503.71355000073027 1465 1471 -1
1469 8.274348430536714 -132.3410581834242 -565.0742063394814 1466 1472 -1
1470 -72.05865616814677 -172.73296663743767 -509.4402461664403 1467 1473 -1
1471 -56.58785580751974 -133.47335851001117 -503.55777031502805 1468 1474 -1
1472 8.29178651594952 -132.34156398880876 -565.2798148780548 1469 1475 -1
1473 -72.04212067151707 -172.9246629515765 -509.33036370620084 1470 1476 -1
1474 -56.431173195836685 -133.3927832842683 -503.40220748337265 1471 1477 -1
1475 8.310034971275039 -132.34525815527542 -565.4853201619459 1472 1478 -1
1476 -72.02683833911448 -173.11638989511542 -509.22035334663485 1473 1479 -1
1477 -56.27389921066023 -133.31290916996608 -503.2468799916241 1474 1480 -1
1478 8.329214455825252 -132.3526366930222 -565.6906406110373 1475 1481 -1
1479 -72.01283304151292 -173.30813737889025 -509.1102088989914 1476 1482 -1
1480 -56.11605142783 -133.23367789300528 -503.09180549502844 1477 1483 -1
1481 8.349390357423335 -132.36398406392846 -565.8956835989939 1478 1484 -1
1482 -72.0 -173.5 -509.0 1479 -1 -1
1483 -55.9576472037406 -133.15503157603004 -502.9370008366137 1480 1485 -1
1484 8.370719637829481 -132.37995962129642 -566.100299898683 1481 1486 -1
1485 -55.798702488313644 -133.0769181376702 -502.7824806259949 1483 1487 -1
1486 8.393300306722937 -132.40097214625834 -566.3043241335504 1484 1488 -1
1487 -55.63921504037959 -132.9993660689528 -502.62823715304893 1485 1489 -1
1488 8.417250422361322 -132.42715519493996 -566.5075937490616 1486 1490 -1
1489 -55.47916814470783 -132.92246848936088 -502.4742457222501 1487 1491 -1
1490 8.442669957155182 -132.45820930048623 -566.7099983874517 1488 1492 -1
1491 -55.3185449819104 -132.84631987960242 -502.32048231737417 1489 1493 -1
1492 8.469641516161824 -132.49366050827493 -566.9114784195261 1490 1494 -1
1493 -55.157329152886355 -132.77101423237846 -502.1669241817252 1491 1495 -1
1494 8.498239201899521 -132.5329252005184 -567.1120258132479 1492 1496 -1
1495 -54.99550190151549 -132.6966499884644 -502.0135505552023 1493 1497 -1
1496 8.528536937709914 -132.57533867261492 -567.3116813549872 1494 1498 -1
1497 -54.83305012807466 -132.62331779850138 -501.8603403785504 1495 1499 -1
1498 8.560606752806137 -132.62014932328273 -567.510535696809 1496 1500 -1
1499 -54.66995916986606 -132.55111152622416 -501.70727464862307 1497 1501 -1
1500 8.594503085040806 -132.6665103743024 -567.7087310999564 1498 1502 -1
1501 -54.50621486675764 -132.4801257099585 -501.55433570731685 1499 1503 -1
1502 8.630259123425832 -132.71351181306474 -567.9064485360099 1500 1504 -1
1503 -54.341803774883246 -132.4104555438815 -501.40150722208904 1501 1505 -1
1504 8.667895214967173 -132.76022628557422 -568.1038847436996 1502 1506 -1
1505 -54.17671117878874 -132.34220157826877 -501.24877446032644 1503 1507 -1
1506 8.707382228878762 -132.80635494740486 -568.3010972200861 1504 1508 -1
1507 -54.01092502375602 -132.27546220284012 -501.0961237470969 1505 1509 -1
1508 8.748625141645274 -132.8525242141459 -568.4979405556894 1506 1510 -1
1509 -53.844436636699754 -132.2103313392484 -500.94354267168035 1507 1511 -1
1510 8.791503014049594 -132.89943765757997 -568.6942577350974 1508 1512 -1
1511 -53.67723632973059 -132.14690857147804 -500.7910206187504 1509 1513 -1
1512 8.835844814088153 -132.947738092341 -568.8899118857098 1510 1514 -1
1513 -53.509315601663246 -132.08529493739903 -500.63854853678515 1511 1515 -1
1514 8.88147897246029 -132.99799870545567 -569.0847730934191 1512 1516 -1
1515 -53.34066353712211 -132.0256032906093 -500.4861191941387 1513 1517 -1
1516 8.928223505975645 -133.05070277999917 -569.2787229450994 1514 1518 -1
1517 -53.17127699047638 -131.96793186702848 -500.3337267095119 1515 1519 -1
1518 8.975893213122488 -133.1062309212957 -569.471656620297 1516 1520 -1
1519 -53.001152903770205 -131.91238387997316 -500.1813671586524 1517 1521 -1
1520 9.02430839243208 -133.1648646349468 -569.6634825750856 1518 1522 -1
1521 -52.83028890784624 -131.85906708642364 -500.029038578458 1519 1523 -1
1522 9.073305342786982 -133.2268382863038 -569.8541067476061 1520 1524 -1
1523 -52.65868374332282 -131.80809369403025 -499.87674104413543 1521 1525 -1
1524 9.122793561400316 -133.2921309074376 -570.043491911565 1522 1526 -1
1525 -52.486335964717384 -131.75958622252864 -499.72447688093706 1523 1527 -1
1526 9.172900839909346 -133.36068196736474 -570.2315584811086 1524 1528 -1
1527 -52.31325322843287 -131.7136451900978 -499.57225066466765 1525 1529 -1
1528 9.223757099247369 -133.4323523482732 -570.4182561897402 1526 1530 -1
1529 -52.139390859394204 -131.6703731255929 -499.420131063393 1527 1531 -1
1530 9.275508251725814 -133.50714901062247 -570.6034757741473 1528 1532 -1
1531 -51.96458189134485 -131.62985007557145 -499.2683397308078 1529 1533 -1
1532 9.328253404458009 -133.58497037838796 -570.787162207428 1530 1534 -1
1533 -51.788636364455286 -131.59216895349115 -499.11713084531266 1531 1535 -1
1534 9.382108796879649 -133.66581902433575 -570.9692118728423 1532 1536 -1
1535 -51.61135830542735 -131.5574430132828 -498.96677368205224 1533 1537 -1
1536 9.437216974041018 -133.7497797090045 -571.1494689430533 1534 1538 -1
1537 -51.43255743298389 -131.52578297161807 -498.81754782369046 1535 1539 -1
1538 9.493666940654649 -133.83682152810363 -571.3278387758386 1536 1540 -1
1539 -51.25203459059948 -131.49733015377444 -498.66975686979197 1537 1541 -1
1540 9.551573139822684 -133.92699388831394 -571.5041745716316 1538 1542 -1
1541 -51.06958654585307 -131.4722462806228 -498.5237313535562 1539 1543 -1
1542 9.611053473032959 -134.02036212605768 -571.6783091495155 1540 1544 -1
1543 -50.88500666364947 -131.450715168697 -498.379834593448 1541 1545 -1
1544 9.672229266647426 -134.11700424881607 -571.8500536814583 1542 1546 -1
1545 -50.69808636787101 -131.43294445378822 -498.23846913597765 1543 1547 -1
1546 9.735241931083593 -134.21703834804038 -572.0191714892758 1544 1548 -1
1547 -50.508617647840346 -131.41916722596878 -498.1000838037899 1545 1549 -1
1548 9.800224068268523 -134.32056639783863 -572.185415756285 1546 1550 -1
1549 -50.316396928993086 -131.40964340741684 -497.96518129742753 1547 1551 -1
1550 9.867298040159804 -134.4276748953336 -572.3485299502254 1548 1552 -1
1551 -50.12121021851165 -131.40469243449732 -497.83435676206517 1549 1553 -1
1552 9.93660521703648 -134.5384841771649 -572.5082007147339 1550 1554 -1
1553 -49.92289297953475 -131.40461398953104 -497.70823524393893 1551 1555 -1
1554 10.008291570298873 -134.6531206321949 -572.6640729325238 1552 1556 -1
1555 -49.721292970594774 -131.40976080002977 -497.58754449123467 1553 1557 -1
1556 10.082506621333899 -134.77171380448243 -572.8157445511289 1554 1558 -1
1557 -49.51627614266316 -131.42055345211486 -497.47315231975455 1555 1559 -1
1558 10.159458570251832 -134.89447716443095 -572.9626576379394 1556 1560 -1
1559 -49.307809244207796 -131.43737069810882 -497.3659569069068 1557 1561 -1
1560 10.23925731363147 -135.02146890425956 -573.1043614775073 1558 1562 -1
1561 -49.0959227182027 -131.46063857603806 -497.26699625711296 1559 1563 -1
1562 10.322043730559878 -135.15279089633157 -573.2402834133949 1560 1564 -1
1563 -48.88074837791392 -131.4908132491399 -497.17745350260395 1561 1565 -1
1564 10.407969716677338 -135.2885530496401 -573.369738834584 1562 1566 -1
1565 -48.662727236922244 -131.52812657725698 -497.09806408648205 1563 1567 -1
1566 10.497222555184457 -135.4289009109858 -573.4918392141367 1564 1568 -1
1567 -48.442664663156314 -131.57245204353595 -497.02851353642563 1565 1569 -1
1568 10.589801590170943 -135.57369808998817 -573.6060049074341 1566 1570 -1
1569 -48.22135680607006 -131.62352714374148 -496.9681362745763 1567 1571 -1
1570 10.685600764409905 -135.72250032332565 -573.7120847505037 1568 1572 -1
1571 -47.99950449830766 -131.6810191725965 -496.9160860003461 1569 1573 -1
1572 10.784352874330912 -135.87452156431962 -573.8106327383963 1570 1574 -1
1573 -47.777693364727604 -131.74455237710674 -496.87138642716644 1571 1575 -1
1574 10.885730331876177 -136.02893474257576 -573.90258307718 1572 1576 -1
1575 -47.556389492616816 -131.81373137912735 -496.83297971050064 1573 1577 -1
1576 10.989572442262109 -136.18509082709943 -573.9886593665561 1574 1578 -1
1577 -47.335946785904554 -131.888159167858 -496.7997678873403 1575 1579 -1
1578 11.095618772111724 -136.34231019548304 -574.0699870651201 1576 1580 -1
1579 -47.11662166002845 -131.96744932509472 -496.77064525525867 1577 1581 -1
1580 11.203718038931747 -136.50003488689268 -574.1475518168934 1578 1582 -1
1581 -46.89859128059963 -132.05123304384261 -496.7445216531864 1579 1583 -1
1582 11.313760598420245 -136.65775026475654 -574.222357518518 1580 1584 -1
1583 -46.68197363950005 -132.1391647516661 -496.720338533188 1581 1585 -1
1584 11.425588935020997 -136.8149937967824 -574.2954914917525 1582 1586 -1
1585 -46.46685079871332 -132.23093226051262 -496.697074146725 1583 1587 -1
1586 11.53912537667782 -136.97132590839726 -574.3679451536656 1584 1588 -1
1587 -46.25326495226933 -132.32620671765903 -496.6737432733989 1585 1589 -1
1588 11.654278162993645 -137.12631977440742 -574.4407213970254 1586 1590 -1
1589 -46.04125280725984 -132.42469283568425 -496.6494157415526 1587 1591 -1
1590 11.770918925426171 -137.2795913138139 -574.5147624577146 1588 1592 -1
1591 -45.830863250835115 -132.52612538672847 -496.6231858119809 1589 1593 -1
1592 11.888935248612878 -137.43073532421658 -574.5909634624206 1590 1594 -1
1593 -45.62211195390162 -132.63020174829077 -496.5943539984352 1591 1595 -1
1594 12.008273860532883 -137.5793369077991 -574.6700494773282 1592 1596 -1
1595 -45.41498825728529 -132.73671152733544 -496.5627968522451 1593 1597 -1
1596 12.129008172659946 -137.72533846601175 -574.7518139507915 1594 1598 -1
1597 -45.20942768497988 -132.84542004369573 -496.5286231970911 1595 1599 -1
1598 12.251296814026967 -137.86867335167813 -574.8359524839203 1596 1600 -1
1599 -45.00539061138667 -132.95614570614947 -496.4918897411825 1597 1601 -1
1600 12.3753070054583 -138.00926081958764 -574.922181549956 1598 1602 -1
1601 -44.80281683887588 -133.06869384946665 -496.4526786602109 1599 1603 -1
1602 12.501244985337028 -138.1469614661916 -575.0102552757472 1600 1604 -1
1603 -44.60164959989369 -133.18288824772102 -496.4110589080646 1601 1605 -1
1604 12.629291487527782 -138.28167247622187 -575.0998972759929 1602 1606 -1
1605 -44.40183779451991 -133.29857010162704 -496.3670831604708 1603 1607 -1
1606 12.75963440862059 -138.4132708525672 -575.1908425476286 1604 1608 -1
1607 -44.20332647193567 -133.41558531504958 -496.32080499264674 1605 1609 -1
1608 12.892488766008375 -138.54158608108997 -575.2828387021866 1606 1610 -1
1609 -44.00605591184864 -133.53378371189882 -496.27228198495817 1607 1611 -1
1610 13.028124440647263 -138.66636597965203 -575.3756349610811 1608 1612 -1
1611 -43.809971384104934 -133.65302763847546 -496.221559109084 1609 1613 -1
1612 13.166799857602241 -138.78735720861062 -575.4689519194187 1610 1614 -1
1613 -43.61501856917497 -133.77318598989834 -496.1686773037064 1611 1615 -1
1614 13.308744234341912 -138.90431759582566 -575.5624903616756 1612 1616 -1
1615 -43.42114376026198 -133.89413356181726 -496.1136736433161 1613 1617 -1
1616 13.454299656221687 -139.01683337895818 -575.6559286459135 1614 1618 -1
1617 -43.2282940209734 -134.0157504334251 -496.056581502485 1615 1619 -1
1618 13.603727707108654 -139.12456450073708 -575.7488906562257 1616 1620 -1
1619 -43.03641730572934 -134.13792138080595 -495.9974307140295 1617 1621 -1
1620 13.756772246569573 -139.22793330963884 -575.8409218294432 1618 1622 -1
1621 -42.845462549197485 -134.26053531913456 -495.93624771997736 1619 1623 -1
1622 13.91303924630368 -139.3277038556555 -575.931501987864 1620 1624 -1
1623 -42.65537973025308 -134.38348477186807 -495.8730557146591 1621 1625 -1
1624 14.07196609103497 -139.42493548371996 -576.0201984336927 1622 1626 -1
1625 -42.46611991526295 -134.50666536481842 -495.8078747795753 1623 1627 -1
1626 14.233098853643034 -139.52065612303224 -576.106528922827 1624 1628 -1
1627 -42.27763528488488 -134.6299753428276 -495.7407220099583 1625 1629 -1
1628 14.395882205453388 -139.61601038242134 -576.1901249574078 1626 1630 -1
1629 -42.08987914804602 -134.75331510667934 -495.67161163317917 1627 1631 -1
1630 14.559797931147397 -139.71211823910406 -576.2705852860659 1628 1632 -1
1631 -41.90280594631975 -134.87658676784014 -495.6005551193274 1629 1633 -1
1632 14.724282435726332 -139.81006055041723 -576.3475953923772 1630 1634 -1
1633 -41.71637125154184 -134.9996937186284 -495.52756128446197 1631 1635 -1
1634 14.88876520139014 -139.91084825859303 -576.4208416912384 1632 1636 -1
1635 -41.53053175919966 -135.12254021544638 -495.4526363871656 1633 1637 -1
1636 15.052663177587233 -140.01532943419053 -576.4901103826493 1634 1638 -1
1637 -41.345245279877126 -135.24503097276832 -495.37578421916436 1635 1639 -1
1638 15.215365930491672 -140.12431088567868 -576.5551261815206 1636 1640 -1
1639 -41.16047073084212 -135.3670707656618 -495.29700619089715 1637 1641 -1
1640 15.37632386309739 -140.23824990438942 -576.615837254676 1638 1642 -1
1641 -40.97616812971862 -135.488564038715 -495.21630141303876 1639 1643 -1
1642 15.534990896871525 -140.35754296678783 -576.6721339425123 1640 1644 -1
1643 -40.792299115388744 -135.60941353688102 -495.1336642100444 1641 1645 -1
1644 15.691251001861493 -140.48189488364 -576.7240582388013 1642 1646 -1
1645 -40.60882592646185 -135.72952108447694 -495.0490883718077 1643 1647 -1
1646 15.845749157702258 -140.60999233147112 -576.7720063570482 1644 1648 -1
1647 -40.42571109179402 -135.84878905195595 -494.962570218562 1645 1649 -1
1648 15.99911372450134 -140.74076153056672 -576.8162453727584 1646 1650 -1
1649 -40.24291907797001 -135.96711677807198 -494.8741005322723 1647 1651 -1
1650 16.1519486692835 -140.87327840153046 -576.8569832221864 1648 1652 -1
1651 -40.06041552237805 -136.08440136534952 -494.78366818869586 1649 1653 -1
1652 16.30484035726738 -141.00671481032717 -576.8943714582381 1650 1654 -1
1653 -39.87816727635313 -136.2005372912977 -494.6912602436985 1651 1655 -1
1654 16.45836765117499 -141.1402928479737 -576.9285078106232 1652 1656 -1
1655 -39.69614246309441 -136.3154160156646 -494.59686202657815 1653 1657 -1
1656 16.613113359356177 -141.27324355869345 -576.9594376255469 1654 1658 -1
1657 -39.51431055242347 -136.42892558318923 -494.5004572427793 1655 1659 -1
1658 16.769675684677413 -141.40476675200054 -576.9871536902593 1656 1660 -1
1659 -39.33264256815996 -136.54095040707338 -494.4020280886202 1657 1661 -1
1660 16.92867834418576 -141.53398868417293 -577.0115941845744 1658 1662 -1
1661 -39.15113173478823 -136.6514046997939 -494.3015553611961 1659 1663 -1
1662 17.090768095760474 -141.65992602421488 -577.0326438580745 1660 1664 -1
1663 -38.96982143600913 -136.7602801000386 -494.19901844201866 1661 1665 -1
1664 17.256300653609888 -141.78184052112047 -577.0503126435035 1662 1666 -1
1665 -38.78876350797476 -136.8675792094527 -494.0943952297818 1663 1667 -1
1666 17.42516600768028 -141.89952301585888 -577.0648807414196 1664 1668 -1
1667 -38.608011007628576 -136.97330363371373 -493.9876621198343 1665 1669 -1
1668 17.59726346525096 -142.01275306198082 -577.0766500132747 1666 1670 -1
1669 -38.42761836893394 -137.07745394691392 -493.8787939888965 1667 1671 -1
1670 17.77235098285735 -142.12152934507085 -577.0860883767591 1668 1672 -1
1671 -38.24764156638392 -137.1800296540459 -493.7677641818549 1669 1673 -1
1672 17.950238792996515 -142.22581749631473 -577.0936531419911 1670 1674 -1
1673 -38.06813828636895 -137.28102915142546 -493.65454450124435 1671 1675 -1
1674 18.130788546507464 -142.325523829691 -577.0998194045717 1672 1676 -1
1675 -37.88916810698579 -137.38044968490087 -493.5391052001309 1673 1677 -1
1676 18.313784925016716 -142.4207166398416 -577.1051483164817 1674 1678 -1
1677 -37.71079268687057 -137.4782873057163 -493.42141497921335 1675 1679 -1
1678 18.499016148649943 -142.5115002486535 -577.1102196458587 1676 1680 -1
1679 -37.53307596363257 -137.5745368239159 -493.30144098908266 1677 1681 -1
1680 18.686340669880977 -142.5978607714142 -577.1156528252991 1678 1682 -1
1681 -37.356084362445934 -137.66919175920236 -493.1791488387153 1679 1683 -1
1682 18.87549314473511 -142.6800706461492 -577.1220635952379 1680 1684 -1
1683 -37.179889355670475 -137.76223993089187 -493.0544961446397 1681 1685 -1
1684 19.06633100394287 -142.7581317355749 -577.1301621464272 1682 1686 -1
1685 -37.00456400103651 -137.85367134713294 -492.92744415178845 1683 1687 -1
1686 19.258598251308594 -142.83238704452887 -577.1400630938374 1684 1688 -1
1687 -36.830181781130015 -137.9434792429696 -492.79795968782923 1685 1689 -1
1688 19.452235771184345 -142.90293417209955 -577.1503839193357 1686 1690 -1
1689 -36.656821600606584 -138.03165136608388 -492.66600232765865 1687 1691 -1
1690 19.647114322619508 -142.97017154841205 -577.1593343795727 1688 1692 -1
1691 -36.48457207139967 -138.11816550158244 -492.53151741381794 1689 1693 -1
1692 19.84317084769453 -143.03426122153735 -577.1649975590717 1690 1694 -1
1693 -36.31351945998288 -138.20300811391738 -492.3944646322481 1691 1695 -1
1694 20.04019714708023 -143.0955500694065 -577.165604344164 1692 1696 -1
1695 -36.14375160011376 -138.28616695111066 -492.2548072722167 1693 1697 -1
1696 20.23793260183213 -143.15422998744208 -577.1598208588621 1694 1698 -1
1697 -35.9753921348639 -138.36765837648346 -492.1124873849909 1695 1699 -1
1698 20.436082670436694 -143.21058914994168 -577.1481182559829 1696 1700 -1
1699 -35.80880283708337 -138.44846699399432 -491.96771570159143 1697 1701 -1
1700 20.634426200978847 -143.26491529908225 -577.1311996623328 1698 1702 -1
1701 -35.64459683477518 -138.5304496059342 -491.82089734561555 1699 1703 -1
1702 20.832800122939478 -143.31750529782155 -577.1097422920969 1700 1704 -1
1703 -35.48337781263135 -138.6154791664808 -491.6725139003528 1701 1705 -1
1704 21.031096233309803 -143.36871431388315 -577.0845378866078 1702 1706 -1
1705 -35.32577191880843 -138.70534301304542 -491.52310698975793 1703 1707 -1
1706 21.229241159630007 -143.4188465838924 -577.0561706302165 1704 1708 -1
1707 -35.17242678511984 -138.80166701388794 -491.37329913346787 1705 1709 -1
1708 21.42714799403647 -143.46825869757993 -577.0250141547033 1706 1710 -1
1709 -35.02396082777055 -138.90577104497248 -491.2237883262629 1707 1711 -1
1710 21.62468229826885 -143.51724795498242 -576.9909603174661 1708 1712 -1
1711 -34.880992361110266 -139.01868817914485 -491.075324977667 1709 1713 -1
1712 21.821734038506904 -143.56613629191148 -576.9540832654429 1710 1714 -1
1713 -34.74394514759109 -139.14077186176655 -490.9285385334891 1711 1715 -1
1714 22.01816701557093 -143.61523083427934 -576.9142941601881 1712 1716 -1
1715 -34.61232871122527 -139.27025048868813 -490.78311240510766 1713 1717 -1
1716 22.21387678739185 -143.66482354728248 -576.8716614356277 1714 1718 -1
1717 -34.48533839324615 -139.40496127725646 -490.63831926085606 1715 1719 -1
1718 22.408722467502177 -143.71522179692562 -576.8261154798547 1716 1720 -1
1719 -34.362232714467 -139.54310964804117 -490.49340559256854 1717 1721 -1
1720 22.60260677932104 -143.76668176708608 -576.7777425518528 1718 1722 -1
1721 -34.242340303888064 -139.68313094548208 -490.3475957047141 1719 1723 -1
1722 22.79537372504143 -143.81951227924392 -576.7264691592534 1720 1724 -1
1723 -34.1250505548304 -139.82356662357307 -490.2000770010152 1721 1725 -1
1724 22.986936966225187 -143.87392235584804 -576.6724127034502 1722 1726 -1
1725 -34.009805542199395 -139.96293901369657 -490.0499627352568 1723 1727 -1
1726 23.177130670151282 -143.93020864983336 -576.6155168684157 1724 1728 -1
1727 -33.89606628866675 -140.09965194885243 -489.8963006226809 1725 1729 -1
1728 23.365858914138276 -143.9885561750532 -576.5558846292334 1726 1730 -1
1729 -33.78333399907762 -140.2318586090605 -489.73803022813377 1727 1731 -1
1730 23.552989488469134 -144.0491819405951 -576.4935515962982 1728 1732 -1
1731 -33.67124841871048 -140.35754781921491 -489.5740992251502 1729 1733 -1
1732 23.738367079166128 -144.11231874984009 -576.4285321572885 1730 1734 -1
1733 -33.56010948855568 -140.4758726620372 -489.40415437747674 1731 1735 -1
1734 23.92190391869747 -144.17808504744548 -576.360948853475 1732 1736 -1
1735 -33.45048946619545 -140.58671287790173 -489.2282810817353 1733 1737 -1
1736 24.103469251007176 -144.24664422736353 -576.290861701121 1734 1738 -1
1737 -33.34303455967636 -140.68993859058787 -489.04653613580365 1735 1739 -1
1738 24.28289759028528 -144.31819133526136 -576.2183017816914 1736 1740 -1
1739 -33.23841164538389 -140.78562037690853 -488.85910016013173 1737 1741 -1
1740 24.460117140650578 -144.39277548201377 -576.1434108610589 1738 1742 -1
1741 -33.13733072754596 -140.87391445750484 -488.66617487347713 1739 1743 -1
1742 24.635039818919058 -144.47043403445232 -576.0662778628154 1740 1744 -1
1743 -33.040514746517786 -140.95512981231695 -488.4680226649326 1741 1745 -1
1744 24.807761044771617 -144.5507979478128 -575.9869823410239 1742 1746 -1
1745 -32.948683009029686 -141.0297258870997 -488.264955783392 1743 1747 -1
1746 24.978467818827003 -144.63333553163127 -575.9055826853535 1744 1748 -1
1747 -32.86253687568578 -141.09830400522728 -488.0573262131123 1745 1749 -1
1748 25.147336003824947 -144.71756227466676 -575.8221033865217 1746 1750 -1
1749 -32.782766890927476 -141.16158170212833 -487.8455074443506 1747 1751 -1
1750 25.314562807667606 -144.8030040329142 -575.7365790513861 1748 1752 -1
1751 -32.71002603981024 -141.2203991619947 -487.62990608567526 1749 1753 -1
1752 25.48033348759416 -144.88922329203083 -575.6490239506182 1750 1754 -1
1753 -32.64487783163988 -141.27571155656602 -487.41097438246635 1751 1755 -1
1754 25.644821501312954 -144.97580613931774 -575.5594319943197 1752 1756 -1
1755 -32.58792646658986 -141.32851116662863 -487.1891556492562 1753 1757 -1
1756 25.808194291090583 -145.06234981305317 -575.4677851359794 1754 1758 -1
1757 -32.5395822120187 -141.3798773718554 -486.9649705055537 1755 1759 -1
1758 25.97061296799394 -145.1484562992164 -575.3740544561527 1756 1760 -1
1759 -32.50033274267616 -141.43088808967292 -486.7389358094723 1757 1761 -1
1760 26.132232068575554 -145.2337260922566 -575.2782011582544 1758 1762 -1
1761 -32.470427259267915 -141.4826223164295 -486.5116406909985 1759 1763 -1
1762 26.293199246863434 -145.31775202582844 -575.1801775556312 1760 1764 -1
1763 -32.45016703150359 -141.5352582849758 -486.2834901327182 1761 1765 -1
1764 26.4536547717065 -145.4001130881375 -575.0799281413707 1762 1766 -1
1765 -32.43962049333246 -141.58579293936023 -486.0542152053512 1763 1767 -1
1766 26.613730697509364 -145.48036815441512 -574.9773908490647 1764 1768 -1
1767 -32.43901809113044 -141.63049192362908 -485.8235000052331 1765 1769 -1
1768 26.773549566517566 -145.55804959832932 -574.8724986347542 1766 1770 -1
1769 -32.448567305067236 -141.66559973900593 -485.591341673944 1767 1771 -1
1770 26.933222484780256 -145.63265678887007 -574.7651815377807 1768 1772 -1
1771 -32.46842062552699 -141.68739052040638 -485.3582232016257 1769 1773 -1
1772 27.092846571359527 -145.70362607824143 -574.6553550812471 1770 1774 -1
1773 -32.498634575786895 -141.69219357908904 -485.1252688205481 1771 1775 -1
1774 27.25250232837202 -145.77033101788047 -574.5429351865956 1772 1776 -1
1775 -32.53881336001338 -141.67708735065872 -484.89428906656616 1773 1777 -1
1776 27.412245457519703 -145.83216088288185 -574.4278871400141 1774 1778 -1
1777 -32.588186133781385 -141.64005867079763 -484.66761793883785 1775 1779 -1
1778 27.572101246086127 -145.88841232968554 -574.3101675544224 1776 1780 -1
1779 -32.645527038627804 -141.58048917734033 -484.44772783224323 1777 1781 -1
1780 27.73205679259282 -145.93832091431383 -574.1897564547636 1778 1782 -1
1781 -32.709318254949004 -141.49916072900808 -484.23675560800007 1779 1783 -1
1782 27.892049376828016 -145.98085358436794 -574.0665995510296 1780 1784 -1
1783 -32.77797228248722 -141.39795435281977 -484.0361456729255 1781 1785 -1
1784 28.051950498337433 -146.0152415127784 -573.940815862239 1782 1786 -1
1785 -32.850049530562 -141.27928527428995 -483.8465923653639 1783 1787 -1
1786 28.211559202241595 -146.04054082054208 -573.8125334692705 1784 1788 -1
1787 -32.92433670600413 -141.14587129857742 -483.6679927155043 1785 1789 -1
1788 28.37055966654281 -146.05544080403587 -573.6818953592513 1786 1790 -1
1789 -33.0 -141.0 -483.5 1787 -1 -1
1790 28.528571794655743 -146.05927284288916 -573.5492873059202 1788 1791 -1
1791 28.68503144844608 -146.05084967685156 -573.4150651790782 1790 1792 -1
1792 28.83934485402975 -146.03061357319558 -573.2796208987114 1791 1793 -1
1793 28.990864889631897 -145.9989902764325 -573.1432026018259 1792 1794 -1
1794 29.139142667816785 -145.95692233844525 -573.0060395988353 1793 1795 -1
1795 29.283730990737816 -145.90508714622428 -572.8682786076454 1794 1796 -1
1796 29.424344613011435 -145.84438271277196 -572.7300224614686 1795 1797 -1
1797 29.560749929484874 -145.7756260916004 -572.5913172804652 1796 1798 -1
1798 29.692725056976627 -145.69952587674854 -572.4521580342157 1797 1799 -1
1799 29.820241896545856 -145.616976401213 -572.3125159663202 1798 1800 -1
1800 29.943074535131846 -145.528500788473 -572.1723027346711 1799 1801 -1
1801 30.06126664418434 -145.43489563001384 -572.0314322096303 1800 1802 -1
1802 30.1747792930099 -145.33677290995078 -571.8897870699205 1801 1803 -1
1803 30.283434195836392 -145.2345949965166 -571.7472013957315 1802 1804 -1
1804 30.387323469296046 -145.12901513886135 -571.603546402335 1803 1805 -1
1805 30.486397119343405 -145.02053001642463 -571.4586580173116 1804 1806 -1
1806 30.58047601036366 -144.9095673759913 -571.3123233383487 1805 1807 -1
1807 30.6695894187123 -144.79665207354077 -571.1643837335484 1806 1808 -1
1808 30.753667872614677 -144.68224427107998 -571.0146542136171 1807 1809 -1
1809 30.83251897258925 -144.56678266650707 -570.8629032480092 1808 1810 -1
1810 30.906034387950285 -144.45074108130416 -570.7089332331258 1809 1811 -1
1811 30.974125706691645 -144.33459439458332 -570.5525675888949 1810 1812 -1
1812 31.036532953702178 -144.21883449417788 -570.393566224891 1811 1813 -1
1813 31.093194222783787 -144.10389885400585 -570.2318383239401 1812 1814 -1
1814 31.14467526830112 -143.98990585828471 -570.0677264743647 1813 1815 -1
1815 31.191529724409246 -143.87690152366315 -569.9015553968401 1814 1816 -1
1816 31.234529463977886 -143.7648605871301 -569.7336966615857 1815 1817 -1
1817 31.274430137990066 -143.65373207736098 -569.5644700126326 1816 1818 -1
1818 31.311907188098314 -143.54347536470732 -569.394121532881 1817 1819 -1
1819 31.347793450240072 -143.43397725304797 -569.222942544113 1818 1820 -1
1820 31.382822790685374 -143.3251469984293 -569.0511607319704 1819 1821 -1
1821 31.417749029678898 -143.2168884137397 -568.8789970081482 1820 1822 -1
1822 31.45331033527589 -143.10908345916744 -568.7066789160078 1821 1823 -1
1823 31.490228827908236 -143.0016355003074 -568.5344237585374 1822 1824 -1
1824 31.52909486192952 -142.89443924411918 -568.3624406930649 1823 1825 -1
1825 31.569849053558844 -142.78733224981363 -568.1908393993874 1824 1826 -1
1826 31.612326024481415 -142.68014714314532 -568.019705109783 1825 1827 -1
1827 31.65639921937291 -142.57270812250567 -567.8491345137601 1826 1828 -1
1828 31.70187472437369 -142.46485157902873 -567.6791967079215 1827 1829 -1
1829 31.74859814673896 -142.35641439544773 -567.5099683974074 1828 1830 -1
1830 31.796424919111058 -142.24723096374422 -567.3415299326767 1829 1831 -1
1831 31.845222722049794 -142.13712010524964 -567.1739760761761 1830 1832 -1
1832 31.89482627687991 -142.02593705163937 -567.0073696864259 1831 1833 -1
1833 31.945094303234754 -141.91352226463144 -566.8417922661603 1832 1834 -1
1834 31.99588655775046 -141.79971619454253 -566.6773290270348 1833 1835 -1
1835 32.047043884932854 -141.68432116460454 -566.5140908756048 1834 1836 -1
1836 32.09812622244327 -141.56716850982275 -566.3520862463478 1835 1837 -1
1837 32.14852704556629 -141.44803121345805 -566.191320764554 1836 1838 -1
1838 32.19762791458716 -141.32668199416705 -566.0318128295215 1837 1839 -1
1839 32.24474218290594 -141.20284030334622 -565.8736279811328 1838 1840 -1
1840 32.28923648371934 -141.07632766458482 -565.71680579684 1839 1841 -1
1841 32.33044158283046 -140.9469468266391 -565.5614334525624 1840 1842 -1
1842 32.367635184330624 -140.81449655251944 -565.4076449148843 1841 1843 -1
1843 32.39999105861921 -140.67875933946493 -565.255641646346 1842 1844 -1
1844 32.42685493911093 -140.53968490819426 -565.1056018971847 1843 1845 -1
1845 32.447473712509975 -140.39720542820368 -564.9577871057359 1844 1846 -1
1846 32.46087905693707 -140.2512198405685 -564.8125903714529 1845 1847 -1
1847 32.466508277224875 -140.10189266403412 -564.670317675595 1846 1848 -1
1848 32.46368866948203 -139.9493873574722 -564.5313736536165 1847 1849 -1
1849 32.45158524947812 -139.79389278737122 -564.3962990129664 1848 1850 -1
1850 32.42986639095224 -139.63582493357873 -564.2654888530651 1849 1851 -1
1851 32.398212452829874 -139.47563214953766 -564.1393773390085 1850 1852 -1
1852 32.35641845126919 -139.313820155002 -564.0183863603669 1851 1853 -1
1853 32.30432249599725 -139.15093690285644 -563.9029565463647 1852 1854 -1
1854 32.242233419300156 -138.98757780879205 -563.7932882031679 1853 1855 -1
1855 32.17049361109872 -138.82430001527854 -563.6895468170134 1854 1856 -1
1856 32.0895633889285 -138.6616161444929 -563.5918034369146 1855 1857 -1
1857 32.0 -138.5 -563.5 1856 -1 -1
