0 73.5 28.5 -113.5 -1 1 -1
1 73.37848445969685 28.36482572137359 -113.39666929068473 0 2 -1
2 73.25569309082242 28.233530649711838 -113.28985471509505 1 3 -1
3 73.13171720515535 28.106458197012408 -113.17936360956423 2 4 -1
4 73.00676712802037 27.983588100276936 -113.06527746455241 3 5 -1
5 72.88105191204411 27.86491820299202 -112.94764043716827 4 6 -1
6 72.75480198016429 27.750409050118737 -112.82650260469369 5 7 -1
7 72.62827731539838 27.639916308667683 -112.70196720982939 6 8 -1
8 72.50175892772145 27.533182689552604 -112.57418778644157 7 9 -1
9 72.3755400828706 27.42983505548689 -112.44336380845257 8 10 -1
10 72.24991820256905 27.329387031264332 -112.30973567687074 9 11 -1
11 72.12518816597971 27.231246998766824 -112.17357986163671 10 12 -1
12 72.00163745323198 27.13473103560597 -112.0352048601086 11 13 -1
13 71.87954323282699 27.039080174204678 -111.89494835574521 12 14 -1
14 71.75919816516762 26.943470658494537 -111.75316011220497 13 15 -1
15 71.64085944266732 26.84703105273527 -111.61025035733283 14 16 -1
16 71.52475135071909 26.748914350886505 -111.46665532868386 15 17 -1
17 71.41110427639609 26.64830124261702 -111.32282038082978 16 18 -1
18 71.3001785597316 26.544370611536806 -111.17922183397394 17 19 -1
19 71.19215845755419 26.43645740372656 -111.03635031767664 18 20 -1
20 71.08719212793795 26.32405467623456 -110.89467135877089 19 21 -1
21 70.9851795580483 26.207365621363582 -110.75430311865304 20 22 -1
22 70.88571908049312 26.087320596405068 -110.61493354875742 21 23 -1
23 70.78840344215281 25.964793815924793 -110.47620878010235 22 24 -1
24 70.69284430912498 25.840571743916254 -110.33776949576803 23 25 -1
25 70.59867047249284 25.715381566484666 -110.19925223027667 24 26 -1
26 70.50552441498616 25.589917483403518 -110.06028830053796 25 27 -1
27 70.41305806781364 25.46486573740281 -109.92050138863677 26 28 -1
28 70.32092833479875 25.340935045081018 -109.77949976198887 27 29 -1
29 70.228788884562 25.218886286466475 -109.63687365226832 28 30 -1
30 70.1362907872877 25.09954218823341 -109.49220783948185 29 31 -1
31 70.04308113045374 24.983835729952958 -109.3450683444231 30 32 -1
32 69.94880297408743 24.872842114710952 -109.19501283219276 31 33 -1
33 69.85310090910964 24.767818783615127 -109.04160412306317 32 34 -1
34 69.75558991335264 24.670441301973288 -108.88434787833859 33 35 -1
35 69.65615041472086 24.58190374868436 -108.72312630043147 34 36 -1
36 69.55518174852799 24.50196341411934 -108.55839667063252 35 37 -1
37 69.45316726922539 24.42994704745443 -108.3906777347653 36 38 -1
38 69.35060117514051 24.36471506071569 -108.22053258194828 37 39 -1
39 69.24792493715343 24.30501924502516 -108.0484275181344 38 40 -1
40 69.14555168559457 24.249453486569298 -107.87476271433191 39 41 -1
41 69.04384178967148 24.196394746414065 -107.69992588830613 40 42 -1
42 68.94314977794427 24.144243560529148 -107.5242281360864 41 43 -1
43 68.84380587580397 24.09130702646824 -107.3479995070874 42 44 -1
44 68.74612011587911 24.035964362663485 -107.17158541197077 43 45 -1
45 68.65047368328533 23.976544249281666 -106.99538372358339 44 46 -1
46 68.55720418742767 23.911595134641093 -106.81986587146126 45 47 -1
47 68.46668062350388 23.839818897728538 -106.64557790662917 46 48 -1
48 68.37934873946679 23.759963999857415 -106.47319212313711 47 49 -1
49 68.29540649222004 23.671873030494037 -106.30314815069538 48 50 -1
50 68.21490606272424 23.57643497144097 -106.13541524527903 49 51 -1
51 68.13768295540278 23.474941215147968 -105.96970497767566 50 52 -1
52 68.06360327584493 23.368415438231285 -105.80572319645209 51 53 -1
53 67.99263951357082 23.257613561994265 -105.64320101657943 52 54 -1
54 67.9246020805122 23.14342190130386 -105.48177647484262 53 55 -1
55 67.85940182942775 23.026511058007493 -105.32112799517762 54 56 -1
56 67.79696497692521 22.90749268731542 -105.1609286486575 55 57 -1
57 67.73728661896033 22.78691663265056 -105.00084222921947 56 58 -1
58 67.68027047352815 22.665365858505936 -104.84052277275214 57 59 -1
59 67.62589806168961 22.543367584628353 -104.67962586958079 58 60 -1
60 67.57417218305146 22.42145000095435 -104.51779799872483 59 61 -1
61 67.525113975132 22.300034306124722 -104.35476650666986 60 62 -1
62 67.47860624538019 22.179181845989774 -104.19057299999874 61 63 -1
63 67.43447887747521 22.05887415616621 -104.0253256466684 62 64 -1
64 67.39257968444545 21.939092965369365 -103.85911820006493 63 65 -1
65 67.35280119773769 21.81982794226152 -103.69202062035784 64 66 -1
66 67.3149090924833 21.701034487272942 -103.52415038771625 65 67 -1
67 67.27872319147602 21.58267766932511 -103.35559638422271 66 68 -1
68 67.24409533003198 21.464728292838863 -103.18643039031042 67 69 -1
69 67.2107861090072 21.347130584873796 -103.01675542031255 68 70 -1
70 67.17859638326249 21.229836734434066 -102.84665440689689 69 71 -1
71 67.14734239860728 21.11280127465127 -102.6762011448303 70 72 -1
72 67.11678639516181 20.9959620744166 -102.50548680815126 71 73 -1
73 67.08672365110618 20.87926477988963 -102.33458786025683 72 74 -1
74 67.056941426916 20.762651956444156 -102.16358213002268 73 75 -1
75 67.02722014308961 20.646063465265552 -101.99254920007863 74 76 -1
76 66.99734594984467 20.52944089156546 -101.82156617479679 75 77 -1
77 66.96710316009964 20.412725472058224 -101.6507114008311 76 78 -1
78 66.936289947356 20.295862768513842 -101.48005941910063 77 79 -1
79 66.90468698524197 20.178794929663198 -101.30969280518384 78 80 -1
80 66.87209497653987 20.061470772355133 -101.13968938205487 79 81 -1
81 66.83833090773986 19.94384509455314 -100.9701237581807 80 82 -1
82 66.8031865403542 19.82586832638108 -100.80108347463296 81 83 -1
83 66.76647554881242 19.707498969918092 -100.63265192547304 82 84 -1
84 66.72804501803081 19.588706361633978 -100.46490353839474 83 85 -1
85 66.68773062631978 19.469459559681443 -100.29792140795665 84 86 -1
86 66.64533081558987 19.349722008430927 -100.13180943311039 85 87 -1
87 66.60077875919316 19.22948613078644 -99.96662346237225 86 88 -1
88 66.55423843965914 19.108762260250238 -99.80234380739708 87 89 -1
89 66.50597942695538 18.98756645606728 -99.63890935472381 88 90 -1
90 66.4562599049624 18.865909446358753 -99.47625689994169 89 91 -1
91 66.40531698784052 18.743792173493873 -99.31432934611149 90 92 -1
92 66.3534134817637 18.62122538073547 -99.1530476597066 91 93 -1
93 66.30078166658058 18.4982095654677 -98.99234479830079 92 94 -1
94 66.2476475548935 18.37474286788781 -98.83215373559744 93 95 -1
95 66.19423204726114 18.25082155586475 -98.6724078558349 94 96 -1
96 66.14075206726845 18.1264404757711 -98.5130412928531 95 97 -1
97 66.08742167164235 18.001593478519837 -98.35398922990626 96 98 -1
98 66.03445408551674 17.876273033788646 -98.19518848806581 97 99 -1
99 65.9820673432956 17.750468779995458 -98.03657778969557 98 100 -1
100 65.93046996200731 17.624178207345025 -97.8780949786502 99 101 -1
101 65.87987513968302 17.497395240625824 -97.71968223639793 100 102 -1
102 65.83049839157304 17.370114893915435 -97.56128417352174 101 103 -1
103 65.78255843597654 17.242333734567143 -97.40284817624499 102 104 -1
104 65.73627802414624 17.114050382641054 -97.24432480070722 103 105 -1
105 65.69188470315665 16.98526605303774 -97.0856682249089 104 106 -1
106 65.64961149736345 16.855985146927246 -96.9268367676229 105 107 -1
107 65.60969749030501 16.72621589808991 -96.76779348268853 106 108 -1
108 65.57241434124559 16.595966893864542 -96.60850437994146 107 109 -1
109 65.53800744670751 16.465258786562966 -96.44894489357013 108 110 -1
110 65.50672663597196 16.334117979428868 -96.28909792889158 109 111 -1
111 65.47883902640443 16.202576074340488 -96.12895347324516 110 112 -1
112 65.45461821833985 16.070672711528218 -95.96851061356149 111 113 -1
113 65.43434359905885 15.938456542831817 -95.80777864832513 112 114 -1
114 65.41831504915339 15.805985570625124 -95.64677742702902 113 115 -1
115 65.40687797795987 15.673328967340135 -95.48553843744592 114 116 -1
116 65.40025078374754 15.540572230676698 -95.32411382261243 115 117 -1
117 65.39831127188194 15.407790992430497 -95.16258356331456 116 118 -1
118 65.40027514089496 15.275019979419298 -95.00104301461674 117 119 -1
119 65.40528327929702 15.142261551833641 -94.83955609352955 118 120 -1
120 65.4124721855094 15.009492846211728 -94.67815894555511 119 121 -1
121 65.42091114773325 14.876673477325888 -94.5168634746144 120 122 -1
122 65.4297143730102 14.743752948026636 -94.35567065344205 121 123 -1
123 65.4379881353662 14.610677306873011 -94.19457805512178 122 124 -1
124 65.44479083709237 14.477392296477401 -94.03359050645795 123 125 -1
125 65.44919211897744 14.343860042988776 -93.87272573615469 124 126 -1
126 65.4502709536527 14.210063302542137 -93.71202616359194 125 127 -1
127 65.44708603672026 14.076011458011253 -93.55156919874041 126 128 -1
128 65.43857475173759 13.941748233744747 -93.39148636897684 127 129 -1
129 65.42383880743034 13.807372491986598 -93.23195509470445 128 130 -1
130 65.40199926926921 13.673033897285064 -93.07321282419527 129 131 -1
131 65.37227527715079 13.538931573731507 -92.91555565982182 130 132 -1
132 65.33460208242295 13.405233140296609 -92.75925793980484 131 133 -1
133 65.28979294860741 13.27201393738519 -92.60444019884905 132 134 -1
134 65.23846321471508 13.139318342835784 -92.45120316424405 133 135 -1
135 65.1812126835567 13.007158067075963 -92.29960695033843 134 136 -1
136 65.11856662594985 12.875521910755396 -92.14969547661651 135 137 -1
137 65.05111290127039 12.744365734283846 -92.00145765658276 136 138 -1
138 64.97941399681584 12.613624582195087 -91.85485378570772 137 139 -1
139 64.90396396653762 12.483221197694862 -91.70983906894348 138 140 -1
140 64.82523072617929 12.35306479972316 -91.56635474984971 139 141 -1
141 64.74365817175463 12.223053346168463 -91.42433147278653 140 142 -1
142 64.65966891569019 12.093075312874134 -91.28369205218661 141 143 -1
143 64.57365302148854 11.963009172911484 -91.14436451110998 142 144 -1
144 64.48601690642302 11.832726746054869 -91.00625371601328 143 145 -1
145 64.39711574175398 11.702095062407723 -90.8692858696294 144 146 -1
146 64.30725247064284 11.570976073601917 -90.73341575268356 145 147 -1
147 64.21672411963213 11.439227567365144 -90.598600097989 146 148 -1
148 64.12582753838171 11.30670333929627 -90.46479627835716 147 149 -1
149 64.03486175961275 11.173253336998908 -90.33196315461952 148 150 -1
150 63.944130449469654 11.038723824345283 -90.20006192060599 149 151 -1
151 63.85395436749979 10.902941511645517 -90.06906696644062 150 152 -1
152 63.764657941759445 10.765750158255043 -89.93894084280217 151 153 -1
153 63.67657380776553 10.62699137245695 -89.80965372446826 152 154 -1
154 63.590052556237815 10.486499585526749 -89.68118605683507 153 155 -1
155 63.505463115728865 10.34410848233524 -89.5535260609086 154 156 -1
156 63.423236493489654 10.199619012624007 -89.42668350842027 155 157 -1
157 63.34378980991836 10.052873046347282 -89.30066392970176 156 158 -1
158 63.267546082307476 9.903730985214112 -89.17548310453003 157 159 -1
159 63.19499726089884 9.752031242843348 -89.05118394867316 158 160 -1
160 63.12675166897159 9.597577188265284 -88.9278454745287 159 161 -1
161 63.0632180030047 9.44032575777147 -88.80553106501686 160 162 -1
162 63.00434576300531 9.280301694474081 -88.6844841905326 161 163 -1
163 62.94930853993253 9.11772356779115 -88.56504425935762 162 164 -1
164 62.89712093869515 8.952850136778052 -88.44748417410837 163 165 -1
165 62.84686399457263 8.785823343654773 -88.33214208852436 164 166 -1
166 62.797475735947906 8.616917093053015 -88.21918598362207 165 167 -1
167 62.74795725807024 8.446290695615223 -88.10890412724923 166 168 -1
168 62.69731510264206 8.274192807771966 -88.0014566368257 167 169 -1
169 62.644601087206 8.100862462137162 -87.89703083536826 168 170 -1
170 62.588860189457016 7.926553012749094 -87.79585997765528 169 171 -1
171 62.52934093851561 7.751586401043627 -87.69803436526776 170 172 -1
172 62.465285912650344 7.576287570495731 -87.60373406066074 171 173 -1
173 62.39608211664567 7.400977610940336 -87.5131686812269 172 174 -1
174 62.3218523644449 7.225733532706189 -87.42654343684895 173 175 -1
175 62.24278739654324 7.0505427377772305 -87.34419499517445 174 176 -1
176 62.15904120013635 6.875409478034561 -87.26648209830526 175 177 -1
177 62.07073841087669 6.700357919292692 -87.1937902917931 176 178 -1
178 61.97793528685266 6.525437535408302 -87.12659867224892 177 179 -1
179 61.880761341552414 6.350723272251724 -87.06531554672056 178 180 -1
180 61.77930452443618 6.17632234421706 -87.01042123503179 179 181 -1
181 61.67364425969343 6.0023798397469665 -86.9624467859444 180 182 -1
182 61.563869265403014 5.829084729901682 -86.92196227221467 181 183 -1
183 61.450087027187074 5.656676658080588 -86.88957401011487 182 184 -1
184 61.33243428746448 5.485452846104138 -86.86591848484994 183 185 -1
185 61.21108839517225 5.3157744623212855 -86.85165205258618 184 186 -1
186 61.08624663417819 5.148096598814034 -86.84754448220475 185 187 -1
187 60.95822978418038 4.982918869120408 -86.85418911183159 186 188 -1
188 60.82740068424923 4.820777178845597 -86.87178959392571 187 189 -1
189 60.69405075536038 4.662119021859093 -86.89941493736085 188 190 -1
190 60.558370690579146 4.507261222063609 -86.93587983441483 189 191 -1
191 60.42045994505574 4.356423437913642 -86.98004018493592 190 192 -1
192 60.28033507055463 4.209756898324341 -87.0308056837031 191 193 -1
193 60.137924852965526 4.067393568804869 -87.08716501743999 192 194 -1
194 59.99308733579108 3.9294441490669874 -87.14813134208612 193 195 -1
195 59.84564675389525 3.795962227239034 -87.21269745192606 194 196 -1
196 59.69534469385914 3.667058191167422 -87.27991395973423 195 197 -1
197 59.54186090994414 3.5428789177630446 -87.34881499334067 196 198 -1
198 59.384762089044976 3.42369325448028 -87.41838221488119 197 199 -1
199 59.22355944994666 3.3098287657266208 -87.4874653420084 198 200 -1
200 59.05779825496135 3.2016075899968763 -87.5548009697374 199 201 -1
201 58.886841204999435 3.099747262858512 -87.61898630667095 200 202 -1
202 58.71121109015786 3.0040816180200975 -87.68001614091406 201 203 -1
203 58.53162980901911 2.9142930893628343 -87.73843697745468 202 204 -1
204 58.34898664952861 2.82966839266671 -87.7950574893894 203 205 -1
205 58.16421279465141 2.7492130917800117 -87.85084744545034 204 206 -1
206 57.97821251018897 2.6717936430169584 -87.90686483925947 205 207 -1
207 57.79189151048881 2.596145625575625 -87.96422263936611 206 208 -1
208 57.606158846857085 2.5209531754361576 -88.02403182733542 207 209 -1
209 57.42194769023112 2.4449084461590735 -88.08735698007553 208 210 -1
210 57.24016276011214 2.366833227274205 -88.15505824064755 209 211 -1
211 57.06168775186536 2.285736013512983 -88.22781335309693 210 212 -1
212 56.887417282991194 2.200791581708948 -88.30614910460419 211 213 -1
213 56.71795903122771 2.1116547777978907 -88.39017660167308 212 214 -1
214 56.552996109732135 2.0191039732670113 -88.47931441092278 213 215 -1
215 56.391944058804405 1.9240982289942983 -88.57291715475104 214 216 -1
216 56.234331997019076 1.827400940896627 -88.67056076280576 215 217 -1
217 56.07960281737192 1.729719342277744 -88.77177244206317 216 218 -1
218 55.92732508634777 1.6316296451902246 -88.87625673780964 217 219 -1
219 55.77709828542076 1.533654984580526 -88.98377560066665 218 220 -1
220 55.62856046271156 1.4362914647069611 -89.09415894737502 219 221 -1
221 55.48135206284454 1.3400114622367907 -89.20724068342736 220 222 -1
222 55.33513816114014 1.2452718111540408 -89.32288424946707 221 223 -1
223 55.1896090722859 1.152540749853848 -89.4409927951701 222 224 -1
224 55.04446761413541 1.0623067596333995 -89.56148746295223 223 225 -1
225 54.8994723527912 0.975007459533181 -89.68429739205662 224 226 -1
226 54.754630224633054 0.8906621085697889 -89.80933285497855 225 227 -1
227 54.610040562317174 0.8091062625369758 -89.93649391031354 226 228 -1
228 54.465800385961806 0.7301773455450246 -90.06569385150321 227 229 -1
229 54.3219992903347 0.6536810522894315 -90.19683217736153 228 230 -1
230 54.17871485835882 0.5793919070798065 -90.32979246149432 229 231 -1
231 54.03602089676102 0.5070962592010713 -90.46447579356959 230 232 -1
232 53.89398487253956 0.43657300347799116 -90.60078490902421 231 233 -1
233 53.75266826576229 0.3675950892558318 -90.73862438332709 232 234 -1
234 53.612131103878696 0.2999362835411152 -90.87790736598087 233 235 -1
235 53.47243038043422 0.23336378434931493 -91.01854881943069 234 236 -1
236 53.333603300719844 0.16762597587923175 -91.16044249036315 235 237 -1
237 53.19569206123054 0.10248542134618319 -91.3035000284858 236 238 -1
238 53.058735531572616 0.037705016332389284 -91.44763433373863 237 239 -1
239 52.92276982392303 -0.026951038525872058 -91.59275922738274 238 240 -1
240 52.78782884219426 -0.09171632226724041 -91.73878909271143 239 241 -1
241 52.65395198154595 -0.15682505282386772 -91.88564334916157 240 242 -1
242 52.52116585616704 -0.22249089781007925 -92.03323792640111 241 243 -1
243 52.38942241364883 -0.28860947184513 -92.18156304968021 242 244 -1
244 52.25861446103986 -0.35477752000698226 -92.33069190454493 243 245 -1
245 52.12863507849183 -0.42058186420782007 -92.48070345308432 244 246 -1
246 51.999381712960016 -0.4856100081881865 -92.63167748832944 245 247 -1
247 51.87075704114558 -0.5494463002408906 -92.78369319652131 246 248 -1
248 51.74266988961712 -0.6116682458526355 -92.93682758671035 247 249 -1
249 51.615036277831976 -0.6718430143229218 -93.09115370492492 248 250 -1
250 51.48778096200944 -0.7295211838188689 -93.24673989577276 249 251 -1
251 51.36084091163972 -0.7842013355294292 -93.40365958892178 250 252 -1
252 51.23415832648664 -0.8354271507912464 -93.56194570216573 251 253 -1
253 51.107693387087686 -0.882693842956625 -93.72162989991052 252 254 -1
254 50.9814225899378 -0.9254751220344284 -93.8827246004091 253 255 -1
255 50.85534164722612 -0.9632245051446433 -94.0452182451908 254 256 -1
256 50.72949305972255 -0.9955472308809917 -94.20905693756185 255 257 -1
257 50.604003098928786 -1.022414192097122 -94.37415201983288 256 258 -1
258 50.4789973280149 -1.044030071646743 -94.54038138517228 257 259 -1
259 50.35459243033906 -1.0605834087689627 -94.70763968118781 258 260 -1
260 50.23089885998486 -1.0722490859033982 -94.87583598188516 259 261 -1
261 50.1080236922431 -1.07918887581492 -95.04489233457859 260 262 -1
262 49.98607614812586 -1.0815395581950973 -95.2147449475445 261 263 -1
263 49.86512877356507 -1.0795818493847766 -95.38531611760723 262 264 -1
264 49.74526171173476 -1.0735172380671691 -95.55655254128519 263 265 -1
265 49.62655496686067 -1.0635307823303721 -95.72841308050803 264 266 -1
266 49.50909602801086 -1.0497798408487211 -95.90087027792494 265 267 -1
267 49.3929247081635 -1.0325464998377718 -96.07388595350064 266 268 -1
268 49.27809880359787 -1.0120373494257973 -96.2474421086052 267 269 -1
269 49.16469268796122 -0.9884180697180313 -96.42153599239504 268 270 -1
270 49.052757223953364 -0.9619052084241876 -96.59616438114689 269 271 -1
271 48.942323174019876 -0.9327414044818039 -96.77132547796539 270 272 -1
272 48.833444748792196 -0.9011195373406456 -96.94703347066958 271 273 -1
273 48.72619973058058 -0.867205522872978 -97.12331779708823 272 274 -1
274 48.62059636739036 -0.8312600939191556 -97.30018975529421 273 275 -1
275 48.51668829845786 -0.7934788704252348 -97.47768233398173 274 276 -1
276 48.4145626957362 -0.7540362545293754 -97.65584688137157 275 277 -1
277 48.31422292587726 -0.7131864077694354 -97.83470770005137 276 278 -1
278 48.21575118867646 -0.6711213256844742 -98.01432352863254 277 279 -1
279 48.119209006278375 -0.6280604164398621 -98.19474906576748 278 280 -1
280 48.02462963410235 -0.5842400092067326 -98.3760293337617 279 281 -1
281 47.9321398253782 -0.5398872846695881 -98.55825579715999 280 282 -1
282 47.84172634277832 -0.4954861136111828 -98.74150949155543 281 283 -1
283 47.75352045053206 -0.451779716385179 -98.92600148348833 282 284 -1
284 47.66750755705486 -0.40951953405870817 -99.11185997210863 283 285 -1
285 47.58382998783909 -0.3695908672578621 -99.29929228633817 284 286 -1
286 47.50255568532508 -0.33286759019282997 -99.48842772608138 285 287 -1
287 47.42380630748706 -0.3002997725755698 -99.6793821553873 286 288 -1
288 47.3478074733553 -0.27306630378176455 -99.87227373592394 287 289 -1
289 47.27473917643039 -0.25155502727279505 -100.06701274687298 288 290 -1
290 47.204927800155815 -0.2332707578225756 -100.26327541994584 289 291 -1
291 47.13868404216274 -0.21460585610296268 -100.46073438631934 290 292 -1
292 47.07631239583537 -0.19175669718997013 -100.65900607493936 291 293 -1
293 47.018184283517314 -0.16077881769094007 -100.85745059180873 292 294 -1
294 46.96469450112293 -0.11794188947551501 -101.05497082791523 293 295 -1
295 46.91602139804472 -0.061265006682557216 -101.25023499407196 294 296 -1
296 46.8716445830451 0.0076603647473981 -101.44257361259434 295 297 -1
297 46.83086464050032 0.0867664569465644 -101.631777569572 296 298 -1
298 46.79300882521632 0.1743077130526297 -101.81785759400289 297 299 -1
299 46.75736056791204 0.2685893192346163 -102.00106318108165 298 300 -1
300 46.72325176583273 0.3681505239186573 -102.18175657603278 299 301 -1
301 46.69009195986951 0.4718876126911673 -102.36026739952737 300 302 -1
302 46.657267206308845 0.5785797198716272 -102.53709232225691 301 303 -1
303 46.62421203461052 0.6873315206607087 -102.71261602501751 302 304 -1
304 46.59038939672404 0.7971687157260839 -102.8873161713219 303 305 -1
305 46.55520215716587 0.9072334164223546 -103.06160292037426 304 306 -1
306 46.51815572593723 1.016662281301777 -103.23590403392802 305 307 -1
307 46.47890105749136 1.124902291530299 -103.41046385814613 306 308 -1
308 46.4376344750827 1.231968296511019 -103.58528365945509 307 309 -1
309 46.39445280861898 1.3378428994951093 -103.76036647842264 308 310 -1
310 46.34958073850254 1.4425904504697737 -103.93570212580173 309 311 -1
311 46.30312627803537 1.5461988825837123 -104.11130243930337 310 312 -1
312 46.25531057529907 1.648739119066321 -104.28716429826073 311 313 -1
313 46.20625930456268 1.7502088337834745 -104.4633067214134 312 314 -1
314 46.15617796150689 1.850674250913925 -104.63973480383872 313 315 -1
315 46.10521930704407 1.9501530674565328 -104.81647056982102 314 316 -1
316 46.05356928111896 2.04869619072158 -104.99352959266075 315 317 -1
317 46.00140401272047 2.1463453546246307 -105.17093259455594 316 318 -1
318 45.948900458922296 2.2431329602316525 -105.34870758920731 317 319 -1
319 45.89624614363944 2.339120881979968 -105.52687118172467 318 320 -1
320 45.84368028164939 2.434410846623544 -105.70543518736088 319 321 -1
321 45.7916281492993 2.5293913598361164 -105.88431422551085 320 322 -1
322 45.74055164888842 2.6244931838823202 -106.06340970070775 321 323 -1
323 45.6909599842884 2.720169856230384 -106.24261578811073 322 324 -1
324 45.64329544710733 2.81684177573617 -106.42180992588301 323 325 -1
325 45.59805065208018 2.914938830544772 -106.60085607008708 324 326 -1
326 45.555730452681644 3.014887956456147 -106.77959155562772 325 327 -1
327 45.51674283950733 3.117032957388923 -106.95784171860207 326 328 -1
328 45.481602761552274 3.221764910667708 -107.13538818424625 327 329 -1
329 45.45070889450626 3.329371841013351 -107.31200070198172 328 330 -1
330 45.424409139752804 3.4400878249329168 -107.48743086029626 329 331 -1
331 45.402325379782646 3.554027014368049 -107.66137495801834 330 332 -1
332 45.38273167721623 3.670922940403538 -107.83364984916273 331 333 -1
333 45.363999752827894 3.7907125745164163 -108.00402310620383 332 334 -1
334 45.34452287066176 3.913149509187338 -108.17241890836847 333 335 -1
335 45.32273503855969 4.038163451487946 -108.3386219814791 334 336 -1
336 45.29725589424654 4.165518072191442 -108.50250390951436 335 337 -1
337 45.26671775318554 4.295011125668741 -108.66382191043189 336 338 -1
338 45.229808888219296 4.426377881103247 -108.82226281057827 337 339 -1
339 45.18569118651317 4.559256177361734 -108.97756632280309 338 340 -1
340 45.13534376533159 4.693577296485077 -109.12971166421057 339 341 -1
341 45.08107543073509 4.829607491949009 -109.2789688923388 340 342 -1
342 45.02520822071585 4.967644313538636 -109.42577553273436 341 343 -1
343 44.96984303463582 5.108063950554726 -109.57049689573623 342 344 -1
344 44.917070352783675 5.251255253913558 -109.71345693228578 343 345 -1
345 44.86913287140395 5.397626010645861 -109.85488493375524 344 346 -1
346 44.82819307517553 5.547439045698556 -109.99489105994748 345 347 -1
347 44.79480901266323 5.700603853859261 -110.13326694515429 346 348 -1
348 44.76859911124908 5.856909665664142 -110.26966478518018 347 349 -1
349 44.749243545062086 6.016218014726005 -110.40371590954506 348 350 -1
350 44.736148804371595 6.178311250823463 -110.53516177623558 349 351 -1
351 44.7287525574488 6.343021320325371 -110.66377027495618 350 352 -1
352 44.726575591023625 6.510254175095324 -110.78928249254106 351 353 -1
353 44.72906543067169 6.6799163173642535 -110.91148627176064 352 354 -1
354 44.73558360562201 6.8518928034961375 -111.0302594343205 353 355 -1
355 44.74559257916432 7.0261459444434715 -111.14541833444981 354 356 -1
356 44.75855503738932 7.202671058093889 -111.25675998181217 355 357 -1
357 44.7738361234628 7.381399581177432 -111.36422502118295 356 358 -1
358 44.79088070477953 7.562334747058198 -111.46765766463344 357 359 -1
359 44.809170907832495 7.745492507398804 -111.56688068028656 358 360 -1
360 44.82835126257996 7.930639981904112 -111.66216570531105 359 361 -1
361 44.84818767346534 8.117562968494832 -111.75378133768992 360 362 -1
362 44.868444469503146 8.306077035547794 -111.8419828144583 361 363 -1
363 44.8888721338405 8.495946835813681 -111.9271869045839 362 364 -1
364 44.90923910357661 8.68699849937174 -112.00972343167552 363 365 -1
365 44.9293062035152 8.879084940574119 -112.08989894770798 364 366 -1
366 44.94885471636994 9.072024726000926 -112.1681305815575 365 367 -1
367 44.96766913502981 9.26567585750768 -112.2447691244527 366 368 -1
368 44.98551724034755 9.459912930227324 -112.32014603453312 367 369 -1
369 45.0022032197926 9.654595819634379 -112.39463383431577 368 370 -1
370 45.017536056466824 9.84959670069876 -112.46857861563957 369 371 -1
371 45.03132535065774 10.044794827939421 -112.54230650248871 370 372 -1
372 45.043364989107026 10.240171638058449 -112.61586698799508 371 373 -1
373 45.05350123717546 10.435858578808451 -112.68888712110252 372 374 -1
374 45.06157407930286 10.631990409439751 -112.76096359517997 373 375 -1
375 45.0674080785689 10.828691553318736 -112.83169070370317 374 376 -1
376 45.07082164670026 11.026073215552943 -112.90065713716342 375 377 -1
377 45.07159818824238 11.224239701836675 -112.96741609075278 376 378 -1
378 45.06954249029875 11.423268240069733 -113.03152793188131 377 379 -1
379 45.064473189609316 11.6232071030262 -113.09256191770586 378 380 -1
380 45.056182078072574 11.824084999438794 -113.1500532222501 379 381 -1
381 45.04446593616672 12.025897786416003 -113.2035319998008 380 382 -1
382 45.02926726635765 12.228572079744579 -113.25270494667689 381 383 -1
383 45.010702518422406 12.431980769953059 -113.29749430499949 382 384 -1
384 44.9889628020761 12.63598714430461 -113.33792273632868 383 385 -1
385 44.964196576664236 12.840470905693728 -113.37396112056308 384 386 -1
386 44.936553999094606 13.0453170060077 -113.40558361733251 385 387 -1
387 44.90615058602181 13.25041752677868 -113.43270500622951 386 388 -1
388 44.87315968091982 13.455662991584191 -113.45533147788053 387 389 -1
389 44.83775417787238 13.660951052512724 -113.47347658366496 388 390 -1
390 44.80008682822694 13.866185314706026 -113.48712170028853 389 391 -1
391 44.760301061433026 14.071271964649233 -113.49622716653234 390 392 -1
392 44.718528160783656 14.276116343467919 -113.50071614887763 391 393 -1
393 44.67495699761456 14.480634607277405 -113.50064877602748 392 394 -1
394 44.629739693142845 14.684742541580126 -113.49600580998742 393 395 -1
395 44.583028207034744 14.888357731954159 -113.48676705458166 394 396 -1
396 44.53494755403879 15.091384435270657 -113.47280692165809 395 397 -1
397 44.48568197873274 15.293752885908415 -113.45420147169764 396 398 -1
398 44.43538478404597 15.495383362988076 -113.43092976590916 397 399 -1
399 44.38420876333828 15.696195427174471 -113.40296600826892 398 400 -1
400 44.33229423068828 15.89608550383579 -113.37017470310963 399 401 -1
401 44.279814541205646 16.09498775606227 -113.33262523279267 400 402 -1
402 44.22692658421854 16.292818913924798 -113.29029492795979 401 403 -1
403 44.1737872162427 16.489487344371568 -113.24313510365118 402 404 -1
404 44.12055373529372 16.684876598663585 -113.1910248043132 403 405 -1
405 44.06724312789949 16.87889647960288 -113.13410065530697 404 406 -1
406 44.01366295203039 17.071402685075764 -113.07248259931056 405 407 -1
407 43.95959038485026 17.26222571367023 -113.00623227107107 406 408 -1
408 43.90480575562387 17.451230331714324 -112.93550594565286 407 409 -1
409 43.849099200227585 17.638302093309147 -112.86049107658104 408 410 -1
410 43.79224912490629 17.823301776583193 -112.78130988187273 409 411 -1
411 43.73400660095292 18.006054684578075 -112.69802938936823 410 412 -1
412 43.6741827227228 18.186481991846023 -112.61088947711758 411 413 -1
413 43.61256265321854 18.36445687156444 -112.52003631420419 412 414 -1
414 43.548887311202265 18.539796080841004 -112.42554827655628 413 415 -1
415 43.48296831809542 18.712404401002132 -112.32763387706348 414 416 -1
416 43.4146120486518 18.882169651648628 -112.22647405967697 415 417 -1
417 43.34359008885641 19.048932703221297 -112.1222044664948 416 418 -1
418 43.26967470472325 19.212529924394737 -112.01497339353494 417 419 -1
419 43.192723253918025 19.372879997118826 -111.90500919410782 418 420 -1
420 43.11255374145536 19.52984679804448 -111.79249178998175 419 421 -1
421 43.02892458221161 19.683221923178145 -111.67756546206098 420 422 -1
422 42.94171805352155 19.832913329641446 -111.56046292774016 421 423 -1
423 42.85080612341922 19.978804234577176 -111.44139911320073 422 424 -1
424 42.75605513369567 20.120758520879924 -111.32058222002973 423 425 -1
425 42.65727730359909 20.25857017447154 -111.19820441371469 424 426 -1
426 42.554425456955684 20.39216316541113 -111.07451339092343 425 427 -1
427 42.44743875195702 20.521433309257613 -110.94974209650306 426 428 -1
428 42.336354887622875 20.646285458987915 -110.82405476060188 427 429 -1
429 42.221454856194505 20.76667857478086 -110.69744938149128 428 430 -1
430 42.1030259160696 20.88255248001829 -110.56988133050086 429 431 -1
431 41.98135130078967 20.993856465939267 -110.44130250841748 430 432 -1
432 41.85672807507925 21.100582203359064 -110.31167102477754 431 433 -1
433 41.72940769320388 21.202672415780302 -110.18093201755806 432 434 -1
434 41.59962959725808 21.300059332004693 -110.04902677241446 433 435 -1
435 41.467623746849185 21.392663395717616 -109.91589328882259 434 436 -1
436 41.333613125562806 21.48039208184836 -109.78146682838016 435 437 -1
437 41.19781624224401 21.56313879701961 -109.64568047859677 436 438 -1
438 41.06044964875306 21.64078185200684 -109.5084657670414 437 439 -1
439 40.92172069153519 21.713136936298383 -109.3697398377221 438 440 -1
440 40.781859506429434 21.780070047304637 -109.22943894882195 439 441 -1
441 40.64109768305794 21.841425132687462 -109.0874995869129 440 442 -1
442 40.49967118537027 21.89700958031922 -108.94385530898509 441 443 -1
443 40.35782795034613 21.94661195693174 -108.79844345418428 442 444 -1
444 40.215830929536686 21.990001907760234 -108.65120699972152 443 445 -1
445 40.07396199776517 22.026918575668976 -108.50209339879483 444 446 -1
446 39.93256514132228 22.057271764437424 -108.35106125952878 445 447 -1
447 39.79206912098187 22.082377737368333 -108.19823217396011 446 448 -1
448 39.65287451723166 22.1037942886078 -108.0436574329021 447 449 -1
449 39.51533795523727 22.123127903904855 -107.88733192096132 448 450 -1
450 39.37984504128052 22.142051402079645 -107.72918223105569 449 451 -1
451 39.24673056547114 22.162314677457452 -107.56919160305162 450 452 -1
452 39.11637617653043 22.185661833356427 -107.40736299662117 451 453 -1
453 38.9892848998186 22.213948561090422 -107.24374234805336 452 454 -1
454 38.86605702688964 22.249084226021996 -107.07851045274492 453 455 -1
455 38.747294758219226 22.292740426098415 -106.91205462465004 454 456 -1
456 38.63384104557708 22.3467226553986 -106.74493594308939 455 457 -1
457 38.526587010666404 22.41254477908838 -106.577980032128 456 458 -1
458 38.426129591783045 22.490667952504936 -106.41210153941896 457 459 -1
459 38.331914359742804 22.578600425584614 -106.24744602078785 458 460 -1
460 38.242750259213224 22.672815522993872 -106.08343809943564 459 461 -1
461 38.1571929324127 22.769930852847942 -105.9191944335808 460 462 -1
462 38.0739455596721 22.866955058228747 -105.75371384249667 461 463 -1
463 37.99173382972238 22.960843452032055 -105.58592846144893 462 464 -1
464 37.90927502150439 23.048041031860492 -105.41470475610186 463 465 -1
465 37.82531035528214 23.124467262377138 -105.23915163730801 464 466 -1
466 37.738771197764 23.185498296087037 -105.05891802103199 465 467 -1
467 37.649049279586066 23.227894819203588 -104.87493971486256 466 468 -1
468 37.5560674478151 23.251453458254325 -104.68921673950048 467 469 -1
469 37.45971914765951 23.25594907833098 -104.50376189234329 468 470 -1
470 37.36010741515204 23.242604908207902 -104.32046310888674 469 471 -1
471 37.257293935337486 23.212705840911106 -104.14091019652967 470 472 -1
472 37.151466697146844 23.168405011200466 -103.96613492640257 471 473 -1
473 37.04269893683312 23.111718480911886 -103.79680595193015 472 474 -1
474 36.93094227974539 23.049162033972525 -103.63150643405498 473 475 -1
475 36.815749676706304 22.989746104992626 -103.46742758835184 474 476 -1
476 36.69667805255065 22.942352463646536 -103.30227851760564 475 477 -1
477 36.57407476009759 22.916955841113467 -103.13501813467411 476 478 -1
478 36.45018032323625 22.92436848770266 -102.9671302474706 477 479 -1
479 36.3292406823316 22.968881694758522 -102.80276540471559 478 480 -1
480 36.213702130758456 23.0400823703208 -102.6438114695744 479 481 -1
481 36.10350974068401 23.127266197851295 -102.48899109378573 480 482 -1
482 35.997714024022564 23.222531998208897 -102.33583664645617 481 483 -1
483 35.8952398291692 23.31945517797537 -102.18146209794216 482 484 -1
484 35.7951606604422 23.411483952851643 -102.02261838106931 483 485 -1
485 35.69696421986993 23.490189420884768 -101.85573731980604 484 486 -1
486 35.60109193961642 23.547944553093327 -101.67925119981842 485 487 -1
487 35.508658581576846 23.581594168176757 -101.49487242657834 486 488 -1
488 35.420353106690214 23.59136297655463 -101.30571540292652 487 489 -1
489 35.33651115712492 23.578089558786303 -101.11471581117382 488 490 -1
490 35.25665610086329 23.54493574746285 -100.92440064504666 489 491 -1
491 35.17981221765695 23.495594039740716 -100.73633295774215 490 492 -1
492 35.10473280367805 23.433413067487095 -100.55136278489549 491 493 -1
493 35.029939606451805 23.362189707593984 -100.36955100094289 492 494 -1
494 34.95393312276857 23.284725797147107 -100.1908112739226 493 495 -1
495 34.87530138870993 23.203943369825225 -100.01469260087686 494 496 -1
496 34.79246731646007 23.122326974756415 -99.84090183756119 495 497 -1
497 34.70414742979933 23.042354021765064 -99.66906536166766 496 498 -1
498 34.60891477461404 22.96651906423698 -99.49906494567762 497 499 -1
499 34.50592901016448 22.89671706464661 -99.33101450138382 498 500 -1
500 34.39588129483283 22.832541010839012 -99.16520615262044 499 501 -1
501 34.27943014049121 22.773259362933757 -99.00196402602297 500 502 -1
502 34.15750392050015 22.71785804864581 -98.84137494452452 501 503 -1
503 34.03080790988178 22.66544727327834 -98.68349313235817 502 504 -1
504 33.89987798421508 22.615193679017754 -98.52838597761492 503 505 -1
505 33.76536559731563 22.566186612906396 -98.37596736201931 504 506 -1
506 33.62779622272327 22.517588279288205 -98.22616764325244 505 507 -1
507 33.48763692592053 22.468584379390137 -98.07892160257049 506 508 -1
508 33.345297125387866 22.418332329461368 -97.93420967760089 507 509 -1
509 33.201260208205454 22.366053103574234 -97.79191628147798 508 510 -1
510 33.055951084943146 22.31096326490815 -97.65199769031462 509 511 -1
511 32.909773513508284 22.25237802658463 -97.51442360137244 510 512 -1
512 32.76295560182062 22.190138192095446 -97.3791548115463 511 513 -1
513 32.61565829900473 22.124380019064724 -97.24608958965972 512 514 -1
514 32.46803364498675 22.05526036819302 -97.11510694318967 513 515 -1
515 32.32022077024604 21.9829039606092 -96.9860989495876 514 516 -1
516 32.172351521620456 21.90743483198723 -96.85895152510108 515 517 -1
517 32.02455247344487 21.828946792964903 -96.7335617577498 516 518 -1
518 31.87694378686753 21.747572087533662 -96.6097982800186 517 519 -1
519 31.729635603099872 21.66345236030115 -96.48752090611588 518 520 -1
520 31.582732475391094 21.576703156545676 -96.36660069102089 519 521 -1
521 31.436333211554928 21.487437130187114 -96.24690700811479 520 522 -1
522 31.29053131965361 21.39576391496196 -96.12830817281827 521 523 -1
523 31.145415467066716 21.301790068303216 -96.01067198950867 522 524 -1
524 31.001078588496465 21.20559772350925 -95.8938733609089 523 525 -1
525 30.85759444169853 21.107309515249977 -95.777771035359 524 526 -1
526 30.71503849227919 21.00702592308335 -95.66223303278672 525 527 -1
527 30.573484330499223 20.904841447889613 -95.54712963342271 526 528 -1
528 30.43300294684801 20.800848009398052 -95.43233241478251 527 529 -1
529 30.293663118817072 20.695135142080257 -95.31771446969023 528 530 -1
530 30.15553177290545 20.58779020860905 -95.2031505953868 529 531 -1
531 30.01867432030697 20.47889862621669 -95.088517460008 530 532 -1
532 29.88315496513539 20.36854410184503 -94.97369375231105 531 533 -1
533 29.749036984326867 20.256808872453302 -94.85856032008765 532 534 -1
534 29.616382978538827 20.14377394723463 -94.74300030224094 533 535 -1
535 29.48525509345955 20.029519348793404 -94.62689925903024 534 536 -1
536 29.355715210973194 19.91412435055816 -94.510145304503 535 537 -1
537 29.227825109605984 19.79766770785331 -94.39262924464192 536 538 -1
538 29.101646593629162 19.68022788013754 -94.27424472425004 537 539 -1
539 28.977241590127324 19.561883241944127 -94.15488838507683 538 540 -1
540 28.854672213273165 19.44271228004025 -94.03446003714863 539 541 -1
541 28.734000794995794 19.32279377426857 -93.91286284469997 540 542 -1
542 28.615289881203736 19.202206959457463 -93.79000352750556 541 543 -1
543 28.498602192740773 19.081031665700657 -93.6657925777811 542 544 -1
544 28.383996246484852 18.9593510615177 -93.54014582606709 543 545 -1
545 28.27140381078151 18.837325712248745 -93.41302122894379 544 546 -1
546 28.16057873493658 18.715221251394205 -93.28442758917757 545 547 -1
547 28.051262839281797 18.593307148908213 -93.15436955170823 546 548 -1
548 27.94320253035592 18.47184965417686 -93.02284308463419 547 549 -1
549 27.836147412465017 18.351115748361497 -92.88983659749 548 550 -1
550 27.72985185450587 18.231384922365955 -92.75532275606002 549 551 -1
551 27.624061440115337 18.112934932537744 -92.6192855845712 550 552 -1
552 27.518525652014617 17.996055742342417 -92.48170115765025 551 553 -1
553 27.412993157300967 17.881056437454795 -92.34253959650466 552 554 -1
554 27.30720890977386 17.768267772338994 -92.20176983379615 553 555 -1
555 27.2009130687882 17.658047111142583 -92.05936160023701 554 556 -1
556 27.093840250291525 17.550783675353138 -91.91528793002463 555 557 -1
557 26.98571925421586 17.44690406863595 -91.76952834687819 556 558 -1
558 26.87627345531194 17.34687798698992 -91.62207291536657 557 559 -1
559 26.7652034772534 17.25127266842309 -91.47291090270075 558 560 -1
560 26.652227921863055 17.160655620809383 -91.32207839968325 559 561 -1
561 26.537069033608915 17.07565458251781 -91.16963969989818 560 562 -1
562 26.419453867480005 16.99697137946577 -91.01569520607283 561 563 -1
563 26.299145887039433 16.92528408549757 -90.86042113455723 562 564 -1
564 26.176031612243165 16.86064744951828 -90.70425142735797 563 565 -1
565 26.050214224869897 16.80222326713733 -90.54778681451933 564 566 -1
566 25.921733911952415 16.749179311155604 -90.3915666081066 565 567 -1
567 25.790524445991423 16.700726671148004 -90.23612282023585 566 568 -1
568 25.656646599583713 16.65576410052668 -90.08190917680548 567 569 -1
569 25.520077890857134 16.613286242734777 -89.92935825462727 568 570 -1
570 25.380744760930543 16.57226922601728 -89.77892165498473 569 571 -1
571 25.238711775915665 16.531629527332154 -89.63092777179949 570 572 -1
572 25.093959044798133 16.490342845083585 -89.48577629044087 571 573 -1
573 24.946515157788518 16.447387368998 -89.34385552740342 572 574 -1
574 24.79651675739859 16.401851828468867 -89.20546225241627 573 575 -1
575 24.644095070236407 16.35286717209366 -89.07095034897208 574 576 -1
576 24.489382792658255 16.29975427231146 -88.94068796537537 575 577 -1
577 24.332565817737756 16.242822641073666 -88.81462308411507 576 578 -1
578 24.17373775467139 16.182450442394323 -88.69274538654074 577 579 -1
579 24.012970650876127 16.118981876074912 -88.57505375877074 578 580 -1
580 23.850318225470804 16.052731953330305 -88.46155870027805 579 581 -1
581 23.685816100995606 15.983987923054814 -88.35229011561155 580 582 -1
582 23.519474506848653 15.913004511656737 -88.2473224877376 581 583 -1
583 23.351325192538436 15.840058785128258 -88.14666989602901 582 584 -1
584 23.181371094540307 15.765389272243729 -88.05040905264758 583 585 -1
585 23.009607114915937 15.68922522461483 -87.95863687541637 584 586 -1
586 22.836021579529937 15.611789914438342 -87.87147221313293 585 587 -1
587 22.660597711802968 15.53330388799681 -87.78905772025502 586 588 -1
588 22.483315211584383 15.453988237931936 -87.71156191145063 587 589 -1
589 22.30415203878289 15.374067957545575 -87.63918141161446 588 590 -1
590 22.123086515538763 15.293775439264053 -87.57214339867113 589 591 -1
591 21.94006767495652 15.213356178756689 -87.51080622424126 590 592 -1
592 21.755111484956643 15.133076932639256 -87.45538829553057 591 593 -1
593 21.568272598631598 15.053242218060907 -87.40596735880892 592 594 -1
594 21.37969062835694 14.974208364190165 -87.3621970147445 593 595 -1
595 21.18946744808708 14.896359378906645 -87.32371947036395 594 596 -1
596 20.997692592992564 14.82008599759278 -87.29009134326024 595 597 -1
597 20.804452531429956 14.745756257452646 -87.26077133269872 596 598 -1
598 20.60975834164951 14.673827531955995 -87.23533666870604 597 599 -1
599 20.41363126573103 14.604744304491014 -87.21324020857283 598 600 -1
600 20.21607133756411 14.538994491854291 -87.19391294399132 599 601 -1
601 20.017048392375894 14.47716759784427 -87.17677464113035 600 602 -1
602 19.816544125020588 14.419895135558685 -87.16115978273098 601 603 -1
603 19.614676462474698 14.36729213829896 -87.14670444338543 602 604 -1
604 19.411813365455295 14.318204180980528 -87.1338805769393 603 605 -1
605 19.20837871651064 14.27097726743281 -87.12330812350848 604 606 -1
606 19.004806311689382 14.223790678893105 -87.11561685466421 605 607 -1
607 18.80158359198768 14.174703883678369 -87.11146150350085 606 608 -1
608 18.5993076122013 14.121707823021973 -87.11148424824995 607 609 -1
609 18.39872938211618 14.062829314800092 -87.11627798957292 608 610 -1
610 18.200774977946395 13.99626443438099 -87.12633716958013 609 611 -1
611 18.00652174077458 13.920532014996294 -87.1420009151549 610 612 -1
612 17.817114650867772 13.83462077610613 -87.16340092907441 611 613 -1
613 17.633687432342096 13.738012757489088 -87.19051416548156 612 614 -1
614 17.45540670627853 13.633590397564578 -87.22267580823038 613 615 -1
615 17.27961857481976 13.52636965965755 -87.25913269994506 614 616 -1
616 17.103563476756346 13.42103841698808 -87.2995710536908 615 617 -1
617 16.924513902852613 13.32247967578421 -87.34366358373664 616 618 -1
618 16.739830472891196 13.23689092050446 -87.39126367776736 617 619 -1
619 16.547457503364505 13.172929551850443 -87.44194596612579 618 620 -1
620 16.348560473536136 13.13524484667643 -87.4938874982608 619 621 -1
621 16.146321118060495 13.118554026858693 -87.54410871170705 620 622 -1
622 15.942348179305116 13.11493266272167 -87.58993722492677 621 623 -1
623 15.736937136919051 13.115740773989227 -87.62902769253611 622 624 -1
624 15.530069529651671 13.112137815683212 -87.65910751907063 623 625 -1
625 15.32247737774247 13.097138809735476 -87.67881700002191 624 626 -1
626 15.115378725204176 13.070834393863613 -87.69042312500028 625 627 -1
627 14.909434359294476 13.035315582254956 -87.69726876294112 626 628 -1
628 14.704835742611813 12.992455725245224 -87.70246509025375 627 629 -1
629 14.501530912917229 12.943969603403836 -87.70893119612094 628 630 -1
630 14.299402571284386 12.891442131815646 -87.71940833576762 629 631 -1
631 14.098408089206128 12.836374922185179 -87.73647713604682 630 632 -1
632 13.898688593043506 12.780233020704895 -87.76254605518677 631 633 -1
633 13.70065497370359 12.72447797684659 -87.7998281072227 632 634 -1
634 13.505047298414514 12.670589745068003 -87.85027104875039 633 635 -1
635 13.312854356485088 12.619953942516137 -87.91509834305292 634 636 -1
636 13.125088852488394 12.573751985850302 -87.9945724579899 635 637 -1
637 12.941656272370919 12.53282898597169 -88.0861893285388 636 638 -1
638 12.761389315054931 12.497489802426607 -88.18606652327125 637 639 -1
639 12.58317540464915 12.468353918667889 -88.29148991298747 638 640 -1
640 12.405771163132274 12.445773418942327 -88.39984879119608 639 641 -1
641 12.228009878735527 12.430615406498351 -88.50890872175916 640 642 -1
642 12.048761839832636 12.423663452432192 -88.61634276280539 641 643 -1
643 11.866971532604099 12.426088782511323 -88.71959853853248 642 644 -1
644 11.681731576285637 12.439402456980293 -88.81560225466646 643 645 -1
645 11.49253839362657 12.465276038161456 -88.90063185800663 644 646 -1
646 11.299670071428514 12.504555570173634 -88.9710001962343 645 647 -1
647 11.10404165852118 12.553785606568791 -89.02587889619406 646 648 -1
648 10.906097527530438 12.607204260313424 -89.06681719530458 647 649 -1
649 10.70557288176873 12.659036559982718 -89.09538765108383 648 650 -1
650 10.501974698701122 12.703027885809957 -89.11326342096038 649 651 -1
651 10.295187256218403 12.73218245005755 -89.12221291024458 650 652 -1
652 10.086343519613042 12.738879708057198 -89.1242134563456 651 653 -1
653 9.878723508203034 12.716036433294489 -89.12158136213597 652 654 -1
654 9.677171782592918 12.66114713797524 -89.11693993410076 653 655 -1
655 9.480492404547194 12.5902236406664 -89.11334097097689 654 656 -1
656 9.28145334441799 12.526416389405979 -89.11394074186448 655 657 -1
657 9.07538120403458 12.49561199010631 -89.12258429699733 656 658 -1
658 8.869320741501154 12.520199568386579 -89.14222411677261 657 659 -1
659 8.672457586776089 12.58398462602314 -89.17092961992577 658 660 -1
660 8.483079439293327 12.665028560063144 -89.20675808198939 659 661 -1
661 8.295670622820928 12.747487730503394 -89.24917624538394 660 662 -1
662 8.104925468653088 12.8173113950248 -89.29842644880667 661 663 -1
663 7.908009628113854 12.858235613133882 -89.35480906528132 662 664 -1
664 7.708668585238105 12.86994512544815 -89.41643672526983 663 665 -1
665 7.510032789263035 12.863030332972027 -89.48130294209898 664 666 -1
666 7.312408175615122 12.848873244722448 -89.54817449703138 665 667 -1
667 7.114969525241919 12.838518226043602 -89.61623411416892 666 668 -1
668 6.917450274757062 12.83801240228836 -89.68485325580266 667 669 -1
669 6.7201381512123435 12.842969748477564 -89.75392592400188 668 670 -1
670 6.523018363300491 12.847954897295805 -89.82354372259744 669 671 -1
671 6.326074637069044 12.847559692837915 -89.89379856741364 670 672 -1
672 6.129693617551445 12.836241750088826 -89.9646467605782 671 673 -1
673 5.934554624711154 12.812526752193676 -90.035914476458 672 674 -1
674 5.740145059368622 12.785008800499194 -90.10785670524086 673 675 -1
675 5.545414738319465 12.763634916497772 -90.18094415980079 674 676 -1
676 5.35026581507861 12.753454058926122 -90.25532647947023 675 677 -1
677 5.155285769058892 12.752324117654034 -90.33085202305439 676 678 -1
678 4.960798250319316 12.757752802878013 -90.40747321399103 677 679 -1
679 4.766912636139295 12.767272358538314 -90.48522531263505 678 680 -1
680 4.573610700692033 12.778414163796771 -90.56420968576943 679 681 -1
681 4.380807530365516 12.788753675143607 -90.64450903025951 680 682 -1
682 4.188480858391953 12.796759925700755 -90.72620368963629 681 683 -1
683 3.9966865919312897 12.801805055617805 -90.80937170595834 682 684 -1
684 3.8054881399191336 12.803426994190328 -90.89403274766643 683 685 -1
685 3.614972326475596 12.801170493720598 -90.98020312230128 684 686 -1
686 3.42526848344124 12.794492789716065 -91.067920012698 685 687 -1
687 3.2365072160895907 12.783003656000318 -91.15715552667196 686 688 -1
688 3.0488405342087117 12.766339177472657 -91.2478703730707 687 689 -1
689 2.8624897609998086 12.743969463446282 -91.34005625592542 688 690 -1
690 2.6776174948393567 12.715743393414488 -91.43359887623471 689 691 -1
691 2.494478279863351 12.681248388150163 -91.52843872214873 690 692 -1
692 2.313263662454911 12.640413316767976 -91.62444953325031 691 693 -1
693 2.1340314120478823 12.593864828377425 -91.72158275686687 692 694 -1
694 1.9565646473241158 12.543068105929963 -91.81982819905774 693 695 -1
695 1.7806669370029387 12.489228201314795 -91.9192714563374 694 696 -1
696 1.6060271799608898 12.433630887174123 -92.0199589421546 695 697 -1
697 1.4323911097374475 12.377385483388737 -92.12201388695973 696 698 -1
698 1.259482172514241 12.321605013422984 -92.22554737796057 697 699 -1
699 1.0870369201627994 12.267347494518507 -92.33065021682692 698 700 -1
700 0.9148323563950331 12.21572992522647 -92.43746090850777 699 701 -1
701 0.7426730632651408 12.167846322169924 -92.54606474673285 700 702 -1
702 0.5704193172527267 12.124761824919254 -92.65650876951736 701 703 -1
703 0.39799291095876604 12.087745293175226 -92.76886145709241 702 704 -1
704 0.2254024036750613 12.057956445305402 -92.88308743449026 703 705 -1
705 0.05275549737258224 12.036507822579798 -92.99907855254412 704 706 -1
706 -0.11971624980898996 12.024733561977873 -93.11669880399418 705 707 -1
707 -0.29166166405561583 12.021950957010718 -93.23564952322218 706 708 -1
708 -0.4628206778445484 12.026103226771003 -93.35570138050302 707 709 -1
709 -0.6330755494878277 12.035232940813659 -93.4767673442588 708 710 -1
710 -0.8024637875776285 12.047208279728203 -93.5988010485751 709 711 -1
711 -0.9710745209713386 12.060075959715455 -93.72181806477315 710 712 -1
712 -1.1390025513931181 12.071921810406119 -93.84586590827108 711 713 -1
713 -1.3063236250377988 12.080817991174824 -93.97097178403192 712 714 -1
714 -1.4730594653518922 12.084954189141182 -94.097095832449 713 715 -1
715 -1.6391236965404972 12.082532195218052 -94.22413952011718 714 716 -1
716 -1.8042893350686173 12.071713083645804 -94.3519060350865 715 717 -1
717 -1.9681752182273824 12.050821932053285 -94.48005774903245 716 718 -1
718 -2.1304034267900853 12.019540867854978 -94.60820863028067 717 719 -1
719 -2.2908972665476184 11.979682811250694 -94.73617583307227 718 720 -1
720 -2.449787246567308 11.933254142099269 -94.86393944458064 719 721 -1
721 -2.607323214624766 11.882106334999468 -94.99158461263457 720 722 -1
722 -2.7638269245082614 11.827956052617635 -95.11926519728952 721 723 -1
723 -2.9196575148825916 11.772421002803029 -95.24717577143271 722 724 -1
724 -3.0751862342646272 11.717065858819046 -95.37553083406117 723 725 -1
725 -3.2307785673918104 11.663459538121591 -95.50454753363336 724 726 -1
726 -3.386770029710356 11.613191182322787 -95.63441920306359 725 727 -1
727 -3.5434431230801087 11.567927802701137 -95.76530057634939 726 728 -1
728 -3.700997838075472 11.529442475423254 -95.89727773331902 727 729 -1
729 -3.8595114047534245 11.499625864203134 -96.03033221616856 728 730 -1
730 -4.018887880269194 11.480452851499583 -96.16429704139483 729 731 -1
731 -4.178790976665145 11.4729628331579 -96.2987994854192 730 732 -1
732 -4.338782088795954 11.476255240093934 -96.43337791307353 731 733 -1
733 -4.498539302654964 11.489146007170753 -96.5676662255504 732 734 -1
734 -4.6578778256627995 11.510267197124547 -96.70141439262831 733 735 -1
735 -4.816735732782597 11.538242164652646 -96.83447939558219 734 736 -1
736 -4.9751437911698915 11.571784652781766 -96.96679640271093 735 737 -1
737 -5.133206879213333 11.609644839239374 -97.09836288389086 736 738 -1
738 -5.291085763713331 11.65060811395183 -97.22922203074832 737 739 -1
739 -5.448981337955372 11.693485555257679 -97.35944805381668 738 740 -1
740 -5.607126079486032 11.737094136718873 -97.4891283982036 739 741 -1
741 -5.765764819877716 11.780218451748576 -97.61836606160459 740 742 -1
742 -5.925139523271798 11.821633159440847 -97.74725516209793 741 743 -1
743 -6.085479584110368 11.860062693309672 -97.875868172095 742 744 -1
744 -6.246972526882082 11.89435572607721 -98.00420599127091 743 745 -1
745 -6.409727212492102 11.924533648459292 -98.13198415399286 744 746 -1
746 -6.573830919036236 11.951267577156672 -98.25880135858591 745 747 -1
747 -6.739379494090875 11.97530451601757 -98.38427411407208 746 748 -1
748 -6.90651951686901 11.99736787265111 -98.50798784028719 747 749 -1
749 -7.075442317167291 12.01823275347307 -98.6294676465932 748 750 -1
750 -7.246271723601389 12.0387618497251 -98.74830884564685 749 751 -1
751 -7.419238335664577 12.059859451942138 -98.86391285218511 750 752 -1
752 -7.594456613681564 12.082471610712807 -98.97577613921149 751 753 -1
753 -7.772112349495469 12.107691714250981 -99.08314140443902 752 754 -1
754 -7.952223497192688 12.136564801352883 -99.18536584718207 753 755 -1
755 -8.13483319085259 12.170392064157388 -99.28144442148424 754 756 -1
756 -8.31974528228355 12.21035653232255 -99.37048753861697 755 757 -1
757 -8.506612509755982 12.257686660210968 -99.45145579620028 756 758 -1
758 -8.694855871738453 12.31353423525629 -99.52328808797344 757 759 -1
759 -8.883569441715167 12.377992895471195 -99.58613330714086 758 760 -1
760 -9.071869241845162 12.45004012396242 -99.64155831585167 759 761 -1
761 -9.259133211122206 12.528721712635518 -99.69119527158755 760 762 -1
762 -9.44495409402623 12.61311427114335 -99.7367309057785 761 763 -1
763 -9.629051444632339 12.702434065075613 -99.77981779988818 762 764 -1
764 -9.811330861460943 12.795763552900842 -99.8221345400278 763 765 -1
765 -9.991715413883577 12.892382529141459 -99.86518572829229 764 766 -1
766 -10.170127817009973 12.99161930081808 -99.91044054231489 765 767 -1
767 -10.346559393244682 13.092747540458213 -99.95913770813081 766 768 -1
768 -10.520878365825965 13.195187084019397 -100.01247641860662 767 769 -1
769 -10.693264565263062 13.29867530468387 -100.0699232999812 768 770 -1
770 -10.863982430262071 13.403317354707955 -100.13019913282186 769 771 -1
771 -11.03335018625651 13.509239297123516 -100.19203129147887 770 772 -1
772 -11.201691380363997 13.6165710847121 -100.25423534467397 771 773 -1
773 -11.369283012206292 13.725515761927197 -100.31565309532066 772 774 -1
774 -11.536414306794898 13.836224392189617 -100.37513657976027 773 775 -1
775 -11.703329058474997 13.948855876860712 -100.43153289887371 774 776 -1
776 -11.870228369732706 14.063642851889352 -100.48343984975541 775 777 -1
777 -12.037166101685763 14.180605519603786 -100.53010110388885 776 778 -1
778 -12.203743726784708 14.299549349259143 -100.5728998839624 777 779 -1
779 -12.369479200176235 14.420176462368719 -100.61424008246563 778 780 -1
780 -12.533932316463977 14.542190563917586 -100.65661197966882 779 781 -1
781 -12.696597752307976 14.665283294205228 -100.70259036495933 780 782 -1
782 -12.856929160223677 14.789021773341254 -100.75460572247592 781 783 -1
783 -13.014133903063758 14.912851776132133 -100.8152009891922 782 784 -1
784 -13.167480487416244 15.036109326827077 -100.8859774535381 783 785 -1
785 -13.316435538339539 15.158409269213095 -100.96705653683208 784 786 -1
786 -13.461042449878496 15.279655451980023 -101.05710044368017 785 787 -1
787 -13.601205126769228 15.399766334111924 -101.15532987570508 786 788 -1
788 -13.736936330552382 15.518721271548701 -101.26091847276486 787 789 -1
789 -13.868356876181027 15.636555824020968 -101.3730193828938 788 790 -1
790 -13.995513958969141 15.75330839881726 -101.49101936052321 789 791 -1
791 -14.11841464387002 15.86902723515595 -101.61442613156979 790 792 -1
792 -14.237221563687573 15.983813710572253 -101.74262042702357 791 793 -1
793 -14.352000524279678 16.09775798231415 -101.87516386104848 792 794 -1
794 -14.462791168781855 16.210957439964872 -102.01168183148394 793 795 -1
795 -14.569572361120217 16.323513528799452 -102.15187799404313 794 796 -1
796 -14.67244235263878 16.43555786552838 -102.29536967889729 795 797 -1
797 -14.771400472633182 16.54721634015732 -102.44188224734907 796 798 -1
798 -14.866318203693494 16.6586089771189 -102.59124294961006 797 799 -1
799 -14.957048595229853 16.769848181393563 -102.743295642347 798 800 -1
800 -15.043487014924418 16.88104873677752 -102.89785634740882 799 801 -1
801 -15.125348454626128 16.992332639652666 -103.05482987164322 800 802 -1
802 -15.202535085165275 17.10382574662684 -103.21400733318774 801 803 -1
803 -15.274824817216123 17.215663170748808 -103.37522890708047 802 804 -1
804 -15.342008479750051 17.32798601481551 -103.53831073256127 803 805 -1
805 -15.403902325708168 17.44093791205102 -103.7030423535136 804 806 -1
806 -15.460282676769879 17.554669922922212 -103.86921018906482 805 807 -1
807 -15.51089879039473 17.669342244087023 -104.03658212055473 806 808 -1
808 -15.555747696559733 17.785079170974978 -104.20486514973076 807 809 -1
809 -15.596459851968245 17.90185586148486 -104.37348789221268 808 810 -1
810 -15.63637580771463 18.019494734343166 -104.54170231346383 809 811 -1
811 -15.678785068012768 18.13784694774464 -104.70879810769605 810 812 -1
812 -15.72716982196823 18.256687810725072 -104.87390059437033 811 813 -1
813 -15.783990655942693 18.37570357934342 -105.03615562545944 812 814 -1
814 -15.849294266793104 18.49493495785606 -105.19502952111931 813 815 -1
815 -15.92242331169244 18.614578329754295 -105.35014178904234 814 816 -1
816 -16.00244146281024 18.734822934085702 -105.50134198177157 815 817 -1
817 -16.088873332081118 18.85590893615311 -105.64828244038156 816 818 -1
818 -16.18081791758099 18.978016528416624 -105.79097134780247 817 819 -1
819 -16.27784306793649 19.101402355084225 -105.92912579023954 818 820 -1
820 -16.37922043023788 19.226238935511162 -106.06277902865781 819 821 -1
821 -16.484455271117092 19.35274404021297 -106.19180294910292 820 822 -1
822 -16.593059965086745 19.481129750765156 -106.31609035498427 821 823 -1
823 -16.70449618825134 19.61154538922301 -106.43566863516588 822 824 -1
824 -16.81832294940992 19.744162953564558 -106.5504800569673 823 825 -1
825 -16.934147900105796 19.8791886019029 -106.66038166438001 824 826 -1
826 -17.05156113718305 20.0166608788718 -106.7654585408457 825 827 -1
827 -17.170401432818586 20.156316245578175 -106.86595396640597 826 828 -1
828 -17.2906028103571 20.297808815325837 -106.96217160811203 827 829 -1
829 -17.41211929885756 20.440828092666884 -107.05439935242698 828 830 -1
830 -17.53492224537648 20.585093902595656 -107.1429085089624 829 831 -1
831 -17.658998316532486 20.73035135787228 -107.22795399982635 830 832 -1
832 -17.784347920700608 20.876366270094422 -107.30977503496023 831 833 -1
833 -17.910989320924454 21.02292231930805 -107.38858480533293 832 834 -1
834 -18.0389438750337 21.169811743785303 -107.46460383767362 833 835 -1
835 -18.168245785857703 21.316837974659293 -107.5380348187052 834 836 -1
836 -18.298942348165657 21.46381066573558 -107.60906491222362 835 837 -1
837 -18.431091749684782 21.610541479126816 -107.67787233192365 836 838 -1
838 -18.564763285608738 21.756840780780742 -107.7446278354358 837 839 -1
839 -18.70003777841676 21.902514235384658 -107.80949623972649 838 840 -1
840 -18.83700818773139 22.04735919476618 -107.87263795926415 839 841 -1
841 -18.975780394174222 22.191160760599754 -107.93421057424926 840 842 -1
842 -19.116474137136773 22.333687384337953 -107.99437044030746 841 843 -1
843 -19.25923252634896 22.474678918825273 -108.0532701588256 842 844 -1
844 -19.404245624568862 22.613817860445955 -108.11105547759018 843 845 -1
845 -19.551650397694385 22.75080887892292 -108.16791145421232 844 846 -1
846 -19.701636513334588 22.885287059208483 -108.22400886273006 845 847 -1
847 -19.854510636896435 23.01672319275659 -108.27951373274406 846 848 -1
848 -20.010444318567714 23.144677123446083 -108.33463839560588 847 849 -1
849 -20.169811737575372 23.26840106055314 -108.38959166560544 848 850 -1
850 -20.33286671948654 23.387185967869883 -108.44461504586819 849 851 -1
851 -20.5 23.5 -108.5 850 852 853
852 -20.592688279346504 23.60777944695013 -108.35870717087501 851 854 -1
853 -20.431627966338244 23.37867320686469 -108.61486979397343 851 855 -1
854 -20.68367757498575 23.715940182396753 -108.21637600682979 852 856 -1
855 -20.363560222884043 23.260325394161725 -108.73301267373049 853 857 -1
856 -20.772999553734703 23.824385422012433 -108.0732076691827 854 858 -1
857 -20.295861992910066 23.145118668011527 -108.85442706256146 855 859 -1
858 -20.860655287074657 23.93309591072321 -107.9292130165862 856 860 -1
859 -20.228608506626014 23.03318078780893 -108.97910228860765 857 861 -1
860 -20.94664945022085 24.04205166945444 -107.78440416828215 858 862 -1
861 -20.161877896063736 22.92463094149005 -109.10701214517701 859 863 -1
862 -21.030988443487484 24.15123235930584 -107.6387934957318 860 864 -1
863 -20.095750664434867 22.81957915345265 -109.23811607088456 861 865 -1
864 -21.11368104008661 24.260617226924634 -107.49239387736114 862 866 -1
865 -20.0303090181417 22.71812477073192 -109.37235948931564 863 867 -1
866 -21.194736479405957 24.370185347458385 -107.34521773569045 864 868 -1
867 -19.965635940724614 22.620353984956424 -109.50967352137621 865 869 -1
868 -21.27416214238191 24.479915764055356 -107.1972759278888 866 870 -1
869 -19.90181404517812 22.526337050127314 -109.64997481542743 867 871 -1
870 -21.35198137246569 24.589785927621808 -107.04858599131352 868 872 -1
871 -19.838924881454744 22.436127926090098 -109.79316750674052 869 873 -1
872 -21.42820660005194 24.699774255127746 -106.89915950886547 870 874 -1
873 -19.777047446286275 22.34976084402981 -109.93914289613858 871 875 -1
874 -21.502858360246375 24.809858407323414 -106.7490109398919 872 876 -1
875 -19.716258026509877 22.26725226222522 -110.08778314198685 873 877 -1
876 -21.575960933702248 24.920015827494115 -106.59815550290688 874 878 -1
877 -19.656628237703362 22.18859625245821 -110.23896023335307 875 879 -1
878 -21.64753698575358 25.03022399826784 -106.44660668374478 876 880 -1
879 -19.59822505767782 22.113767170476837 -110.39253996989791 877 881 -1
880 -21.71761469774949 25.14046012646334 -106.29437943930341 878 882 -1
881 -19.541109995887016 22.042718994723728 -110.54838335971824 879 883 -1
882 -21.786227815929934 25.25070142439981 -106.14149015357123 880 884 -1
883 -19.485338318752618 21.97538503189113 -110.70634816358832 881 885 -1
884 -21.85340028111615 25.360924935626567 -105.98794965396702 882 886 -1
885 -19.430958943353488 21.91167946431461 -110.86629127623327 883 887 -1
886 -21.9191751320366 25.471107867846207 -105.8337762352226 884 888 -1
887 -19.378014057888063 21.85149796234645 -111.02807026424621 885 889 -1
888 -21.98358917256219 25.581227429195344 -105.67898418560893 886 890 -1
889 -19.326539432143157 21.794719857663203 -111.19154542905619 887 891 -1
890 -22.04668058262265 25.691260713044866 -105.52358718037553 888 892 -1
891 -19.27656428298349 21.74120900732123 -111.35658087832276 889 893 -1
892 -22.108491090859495 25.80118482030956 -105.36759923231804 890 894 -1
893 -19.228111552564485 21.69081551711196 -111.52304577441811 891 895 -1
894 -22.169068669805082 25.910977324835432 -105.21103595749327 892 896 -1
895 -19.181198286738766 21.643377465727802 -111.6908153034304 893 897 -1
896 -22.228460824885335 26.020615700143278 -105.05391147016178 894 898 -1
897 -19.135836088639106 21.598722576442 -111.8597713739707 895 899 -1
898 -22.286717638910595 26.130077544725648 -104.89623977105792 896 900 -1
899 -19.09203212212981 21.556670565449718 -112.02980337433178 897 901 -1
900 -22.343891714703737 26.239340601490735 -104.7380347249221 898 902 -1
901 -19.049788222064894 21.517032255317748 -112.20080743805964 899 903 -1
902 -22.400038114696958 26.348382772418013 -104.5793100442383 900 904 -1
903 -19.0091028731097 21.47961330761172 -112.3726874695261 901 905 -1
904 -22.455214297970603 26.457182128440557 -104.42007927936224 902 906 -1
905 -18.96997159270948 21.44421486239998 -112.54535476282999 903 907 -1
906 -22.50948005515168 26.56571691461068 -104.26035581518339 904 908 -1
907 -18.932386138336113 21.41063290479614 -112.71872708063027 905 909 -1
908 -22.562897441525337 26.673965550643434 -104.10015287442401 906 910 -1
909 -18.89633709647422 21.378661608763363 -112.89272921841912 907 911 -1
910 -22.615530708643934 26.781906626968965 -103.93948352764126 908 912 -1
911 -18.86181212167414 21.348091504582218 -113.06729151216912 909 913 -1
912 -22.667446234643148 26.889518896456586 -103.77836070996254 910 914 -1
913 -18.828798406485028 21.318712034406573 -113.24235004972242 911 915 -1
914 -22.718711331579275 26.996780545051116 -103.61679641649353 912 916 -1
915 -18.797281271719747 21.29031035685676 -113.41784537102656 913 917 -1
916 -22.76939714279273 27.10367073433697 -103.45480371876495 914 918 -1
917 -18.76724617628794 21.262672796696897 -113.59372227597775 915 919 -1
918 -22.819576698976963 27.21016892107826 -103.2923957393182 916 920 -1
919 -18.738677240392647 21.23558399953224 -113.76992859473637 917 921 -1
920 -22.869324267248306 27.31625433074798 -103.12958519273708 918 922 -1
921 -18.711559601050556 21.208827848754687 -113.94641489419685 919 923 -1
922 -22.918715137745235 27.421905060506266 -102.96638385019955 920 924 -1
923 -18.68587722849203 21.182186774103034 -114.12313317356264 921 925 -1
924 -22.967827721975247 27.527100520300625 -102.80280486360368 922 926 -1
925 -18.661615216518452 21.155442167156 -114.30003643381565 923 927 -1
926 -23.016742054679295 27.631820801314017 -102.63886198252318 924 928 -1
927 -18.638758771497315 21.128374073038806 -114.47707760533537 925 929 -1
928 -23.06553891924438 27.73604334797483 -102.47456729298752 926 930 -1
929 -18.617293316091565 21.10076132411495 -114.65420871309347 927 931 -1
930 -23.114301454699323 27.839747916962395 -102.30993499079207 928 932 -1
931 -18.597205139984798 21.07238127420391 -114.83138002026692 929 933 -1
932 -23.163113809502192 27.942913860950625 -102.14497936705425 930 934 -1
933 -18.578481159268605 21.04300974535856 -115.00853906071059 931 935 -1
934 -23.212062133973774 28.04551781360559 -101.97971381429652 932 936 -1
935 -18.56110838920427 21.01242157540092 -115.18562973365346 933 937 -1
936 -23.26123245800846 28.14754103992204 -101.81415491660454 934 938 -1
937 -18.545074610223654 20.980390266229165 -115.36259135499736 935 939 -1
938 -23.310714632964693 28.248958050827422 -101.64831672389103 936 940 -1
939 -18.530368001442927 20.94668842395335 -115.53935769973525 937 941 -1
940 -23.360595623684194 28.34975063655428 -101.48221754956322 938 942 -1
941 -18.516977020535315 20.911088190716544 -115.71585606002414 939 943 -1
942 -23.410968336953957 28.449892366165333 -101.31587330173848 940 944 -1
943 -18.50489024789428 20.87336185182118 -115.89200632671415 941 945 -1
944 -23.461920867872163 28.549364016113746 -101.14930378405121 942 946 -1
945 -18.49409619514674 20.83328264406349 -116.06772011594012 943 947 -1
946 -23.513547311233985 28.648139551309104 -100.9825276899414 944 948 -1
947 -18.484583078595463 20.790625788842053 -116.24289996852006 945 949 -1
948 -23.565938068236367 28.746197088330412 -100.81556639351052 946 950 -1
949 -18.476338559016543 20.74516976949142 -116.41743865646018 947 951 -1
950 -23.619185478146026 28.843512460863224 -100.64844199813953 948 952 -1
951 -18.469349450452242 20.69669786595388 -116.59121863744129 949 953 -1
952 -23.673384209279586 28.94005941971991 -100.48117784786 950 954 -1
953 -18.463601402245924 20.644999950941575 -116.7641117041856 951 955 -1
954 -23.728623023633922 29.035815799019467 -100.31379958245739 952 956 -1
955 -18.459078560553785 20.58987453987587 -116.93597888031985 953 957 -1
956 -23.784997329133716 29.13075363017615 -100.14633370266797 954 958 -1
957 -18.455763217885316 20.531131072050716 -117.10667061683617 955 959 -1
958 -23.842597272286135 29.224848029971724 -99.97880895553506 956 960 -1
959 -18.45363546175934 20.468592382899992 -117.27602734245518 957 961 -1
960 -23.9015111051604 29.318074176597296 -99.81125575691544 958 962 -1
961 -18.452672836134393 20.40209730762301 -117.44388041603956 959 963 -1
962 -23.96183294208369 29.410402336016407 -99.6437063864538 960 964 -1
963 -18.452850031630554 20.33150333591253 -117.61005351873307 961 965 -1
964 -24.023647752777475 29.50180739595998 -99.47619513772389 962 966 -1
965 -18.454138622387877 20.25668921783839 -117.77436450706901 963 967 -1
966 -24.08703986435475 29.592263057224056 -99.30875809657623 964 968 -1
967 -18.45650732137813 20.17755549859182 -117.936626755256 965 969 -1
968 -24.152098560448675 29.68173862865348 -99.14143382875831 966 970 -1
969 -18.4599207209494 20.0940312502955 -118.09665404942969 967 971 -1
970 -24.21890246339321 29.77020813494569 -98.97426244094504 968 972 -1
971 -18.464340930894043 20.006068874452083 -118.25426013664244 969 973 -1
972 -24.287528076244215 29.857645008256195 -98.80728585859889 970 974 -1
973 -18.469726288987218 19.913650969419642 -118.40926481936168 971 975 -1
974 -24.35805703614563 29.944018065262448 -98.64054896030653 972 976 -1
975 -18.476032494499325 19.816786663526326 -118.56149493143224 973 977 -1
976 -24.430558274046373 30.02930143080361 -98.47409742507162 974 978 -1
977 -18.483212400036642 19.7155137217806 -118.71078885676619 975 979 -1
978 -24.505075679328296 30.113473158042638 -98.30797074950955 976 980 -1
979 -18.491216877922923 19.609895291922506 -118.85699795666834 977 981 -1
980 -24.581574524534776 30.196521350683447 -98.1421794871663 978 982 -1
981 -18.5 19.5 -119.0 979 -1 -1
982 -24.65998250210778 30.278447719565513 -97.9767222669374 980 983 -1
983 -24.740236644362135 30.359250107964396 -97.81159775673805 982 984 -1
984 -24.82227856689859 30.438924641504983 -97.64680404948417 983 985 -1
985 -24.906039106282815 30.517475683912334 -97.48233581920736 984 986 -1
986 -24.991465484038756 30.59489812561468 -97.31818951013926 985 987 -1
987 -25.07849159751965 30.67119706284806 -97.15435772950997 986 988 -1
988 -25.167062798590656 30.74637091228016 -96.99083410192512 987 989 -1
989 -25.257120513921983 30.82042199843647 -96.82761032963248 988 990 -1
990 -25.34860841766347 30.893352209177174 -96.66467746377074 989 991 -1
991 -25.441473078169764 30.965162200523935 -96.50202610815676 990 992 -1
992 -25.535658564105777 31.035855815516452 -96.339645369891 991 993 -1
993 -25.631114648528044 31.10543309692291 -96.1775245920965 992 994 -1
994 -25.727787342291276 31.173898438612444 -96.01565146969648 993 995 -1
995 -25.825628117146522 31.24125224450953 -95.854013978127 994 996 -1
996 -25.92458599103115 31.307498193099736 -95.69259881531845 995 997 -1
997 -26.02461302952422 31.37263791616025 -95.5313925530586 996 998 -1
998 -26.125661887512756 31.43667326880407 -95.37038118131893 997 999 -1
999 -26.227684483367923 31.499607848014158 -95.20954991107394 998 1000 -1
1000 -26.330637355248772 31.56144075064376 -95.04888418648436 999 1001 -1
1001 -26.434471854452628 31.622178129629823 -94.88836797963862 1000 1002 -1
1002 -26.539148318748307 31.681815572610468 -94.72798623119911 1001 1003 -1
1003 -26.64461836905062 31.74036079099052 -94.56772200083583 1002 1004 -1
1004 -26.750842838237396 31.797809587524736 -94.40755926616283 1003 1005 -1
1005 -26.857776751879733 31.85416667043022 -94.2474807678697 1004 1006 -1
1006 -26.965379549369935 31.909430734608694 -94.08746940951131 1005 1007 -1
1007 -27.0736099529384 31.96360194230667 -93.92750760825486 1006 1008 -1
1008 -27.182426025497552 32.01668228774648 -93.76757743003495 1007 1009 -1
1009 -27.291789357557693 32.06866733785297 -93.60766075668057 1008 1010 -1
1010 -27.401662928740265 32.11956060447221 -93.44774264788215 1009 1011 -1
1011 -27.512044227909865 32.16934792967226 -93.28782605497734 1010 1012 -1
1012 -27.622934088075695 32.21802587811818 -93.12791977282352 1011 1013 -1
1013 -27.734337912796786 32.26558081791775 -92.96803282414305 1012 1014 -1
1014 -27.8462575620338 32.312006605600494 -92.80817427169053 1013 1015 -1
1015 -27.958696545267827 32.357293242516214 -92.6483533962698 1014 1016 -1
1016 -28.071657671944358 32.40143201194761 -92.48857959530113 1015 1017 -1
1017 -28.185142562464147 32.444416571062796 -92.32886228109926 1016 1018 -1
1018 -28.299154969861004 32.48623562564447 -92.16921125876489 1017 1019 -1
1019 -28.413694571802736 32.526886652178895 -92.0096359347077 1018 1020 -1
1020 -28.52876612505459 32.56635562499964 -91.85014660426836 1019 1021 -1
1021 -28.644367928786004 32.60464263409038 -91.69075264478445 1020 1022 -1
1022 -28.76050383245023 32.64173517141846 -91.53146453969602 1021 1023 -1
1023 -28.877172877557555 32.677631244000416 -91.37229196516179 1022 1024 -1
1024 -28.994376744661512 32.71232272573467 -91.21324525458165 1023 1025 -1
1025 -29.1121159038075 32.74580398331413 -91.05433460195825 1024 1026 -1
1026 -29.230389429024093 32.77807234376199 -90.89556991530671 1025 1027 -1
1027 -29.349199541895196 32.80911776157251 -90.73696210537827 1026 1028 -1
1028 -29.468543277821578 32.838941815935094 -90.57852064928696 1027 1029 -1
1029 -29.58842222529746 32.86753547814476 -90.42025651479959 1028 1030 -1
1030 -29.708834430122 32.894897655970716 -90.26217961629166 1029 1031 -1
1031 -29.829778309964922 32.921026250228984 -90.10430001315851 1030 1032 -1
1032 -29.951254786069963 32.945913142342164 -89.94662883002884 1031 1033 -1
1033 -30.07325984633695 32.96956155376247 -89.78917531566283 1032 1034 -1
1034 -30.195792704044024 32.99196702363771 -89.63195004465514 1033 1035 -1
1035 -30.31885214555783 33.01312590432374 -89.47496352774371 1034 1036 -1
1036 -30.44243428758393 33.03304074572729 -89.31822507404586 1035 1037 -1
1037 -30.566537441526737 33.051708763003916 -89.16174503222099 1036 1038 -1
1038 -30.691157042078547 33.069129811148485 -89.00553185933033 1037 1039 -1
1039 -30.816270121261166 33.0853248975373 -88.84958143348102 1038 1040 -1
1040 -30.94185018723667 33.100316230945914 -88.69388617073935 1039 1041 -1
1041 -31.067872611324415 33.11412223731595 -88.53843888726743 1040 1042 -1
1042 -31.19431095052717 33.12676745689608 -88.38323075544201 1041 1043 -1
1043 -31.32114016466733 33.13827412271475 -88.22825310541695 1042 1044 -1
1044 -31.448336112676532 33.14866323114535 -88.07349720212046 1043 1045 -1
1045 -31.575875760588644 33.15795353155164 -87.91895443327695 1044 1046 -1
1046 -31.703735713226045 33.166166126458684 -87.76461542743627 1045 1047 -1
1047 -31.831892913554586 33.17332252919977 -87.61047048074965 1046 1048 -1
1048 -31.96032523253751 33.17944246012424 -87.45650997468269 1047 1049 -1
1049 -32.08901098609 33.18454532385628 -87.30272410150819 1048 1050 -1
1050 -32.217929000681806 33.18864980749974 -87.1491029388482 1049 1051 -1
1051 -32.34705867908782 33.19177327446184 -86.99563653583974 1050 1052 -1
1052 -32.47637908510082 33.1939362002878 -86.84231424920979 1051 1053 -1
1053 -32.60587011111159 33.19515673432302 -86.68912561796007 1052 1054 -1
1054 -32.735511987797594 33.195452724354155 -86.53606003768685 1053 1055 -1
1055 -32.865285263385914 33.19484172112044 -86.38310676728983 1054 1056 -1
1056 -32.99517078307852 33.19334098329064 -86.23025493496132 1055 1057 -1
1057 -33.125149668642145 33.19096748286334 -86.07749354349217 1056 1058 -1
1058 -33.25520335091754 33.18773712612823 -85.92481153863568 1057 1059 -1
1059 -33.385313382751306 33.18366661300545 -85.77219763780961 1058 1060 -1
1060 -33.51546154635722 33.17877268892368 -85.6196404388584 1059 1061 -1
1061 -33.64562987271629 33.17307123064796 -85.46712848529718 1060 1062 -1
1062 -33.77580056899097 33.16657786084139 -85.3146502124368 1061 1063 -1
1063 -33.90595599900821 33.15930795529891 -85.16219394928065 1062 1064 -1
1064 -34.03607866385085 33.15127665039546 -85.00974791996826 1063 1065 -1
1065 -34.16615118254199 33.142498850729616 -84.85730024479481 1064 1066 -1
1066 -34.29615627280517 33.13298923694588 -84.70483894083517 1065 1067 -1
1067 -34.42607673188243 33.1227622737211 -84.55235192219996 1066 1068 -1
1068 -34.55589541739049 33.111832217902595 -84.39982699995105 1067 1069 -1
1069 -34.68559507723384 33.100212376292085 -84.24725181224888 1068 1070 -1
1070 -34.815158704961384 33.08791721860185 -84.09461398451894 1069 1071 -1
1071 -34.94456925084549 33.07496059115294 -83.94190102537448 1070 1072 -1
1072 -35.073809619252884 33.06135599880895 -83.78910032447763 1071 1073 -1
1073 -35.202862678350215 33.047116781697575 -83.6361991633781 1072 1074 -1
1074 -35.33171124071764 33.03225612409243 -83.48318471392322 1073 1075 -1
1075 -35.46033804383719 33.0167870634063 -83.33004403650939 1074 1076 -1
1076 -35.58872573043036 33.0007224992961 -83.17676407820025 1075 1077 -1
1077 -35.7168568286184 32.98407520288057 -83.0233316707383 1076 1078 -1
1078 -35.8447136614118 32.96685769150004 -82.86973348523924 1077 1079 -1
1079 -35.97227798603213 32.94908169093185 -82.71595581565079 1078 1080 -1
1080 -36.09953231036773 32.93076058429531 -82.56198540316237 1079 1081 -1
1081 -36.226458491378104 32.9119067222878 -82.40780859028675 1080 1082 -1
1082 -36.35303816776932 32.892532375415946 -82.25341159313182 1081 1083 -1
1083 -36.47925273848879 32.872649743978286 -82.09878049936094 1082 1084 -1
1084 -36.60508334084779 32.85227096819809 -81.94390126625463 1083 1085 -1
1085 -36.73051003393085 32.83140725046757 -81.78875919895472 1084 1086 -1
1086 -36.85551360596884 32.81007107353639 -81.63334013970389 1085 1087 -1
1087 -36.98007463325458 32.78827491136633 -81.47762987840395 1086 1088 -1
1088 -37.104172962943736 32.76603077098721 -81.32161382426986 1087 1089 -1
1089 -37.22778803846996 32.7433506320556 -81.16527723212926 1088 1090 -1
1090 -37.35089702060878 32.72024500885543 -81.00860396546332 1089 1091 -1
1091 -37.47348021094011 32.696727444514565 -80.85158012504895 1090 1092 -1
1092 -37.59551577016278 32.672809993719596 -80.69419055540946 1091 1093 -1
1093 -37.716980417539034 32.64850414365995 -80.53641932206168 1092 1094 -1
1094 -37.83785037729756 32.62382160560316 -80.3782503644621 1093 1095 -1
1095 -37.95810383043374 32.59877566900351 -80.21966915852997 1094 1096 -1
1096 -38.077715657732895 32.57337804230229 -80.06065922288963 1095 1097 -1
1097 -38.19665990041836 32.54764057398687 -79.90120379170583 1096 1098 -1
1098 -38.31491349809188 32.52157694630618 -79.74128832933565 1097 1099 -1
1099 -38.432447360241646 32.49519847799008 -79.58089461058086 1098 1100 -1
1100 -38.549236537700665 32.46851882099389 -79.42000751756653 1099 1101 -1
1101 -38.66525253590731 32.441550590658956 -79.258609961464 1100 1102 -1
1102 -38.780466224276815 32.414306716014295 -79.096684852549 1101 1103 -1
1103 -38.89484916867602 32.386800988205046 -78.93421597781847 1102 1104 -1
1104 -39.008370188507044 32.35905260382838 -78.77118481891459 1103 1105 -1
1105 -39.12099977534768 32.331089465799245 -78.60757312446162 1104 1106 -1
1106 -39.23270705650832 32.30294031119636 -78.44336212943254 1105 1107 -1
1107 -39.34345762147629 32.27463406414813 -78.27853129482713 1106 1108 -1
1108 -39.45322133561253 32.24620102805831 -78.11306341934912 1107 1109 -1
1109 -39.561960317536276 32.21767128611706 -77.94693693386675 1108 1110 -1
1110 -39.66963986991357 32.189076159990165 -77.78013302463283 1109 1111 -1
1111 -39.776224155650766 32.160447532626236 -77.61263289358844 1110 1112 -1
1112 -39.88167399761919 32.13181795445928 -77.44441644584863 1111 1113 -1
1113 -39.98594646100572 32.103220998088524 -77.27546215641468 1112 1114 -1
1114 -40.08900299300038 32.07469093182168 -77.1057522379736 1113 1115 -1
1115 -40.190800232911904 32.04626296748333 -76.93526696288127 1114 1116 -1
1116 -40.29129318179354 32.01797331131044 -76.76398676745606 1115 1117 -1
1117 -40.39043514025236 31.989859209570007 -76.59189232205676 1116 1118 -1
1118 -40.488177647346085 31.961958993693756 -76.4189646090796 1117 1119 -1
1119 -40.58447042116583 31.934312124567693 -76.24518500945315 1118 1120 -1
1120 -40.679261301795215 31.90695923555744 -76.07053539821493 1119 1121 -1
1121 -40.77249619743552 31.87994217378778 -75.8949982497479 1120 1122 -1
1122 -40.86411903459475 31.853304039127472 -75.71855675324117 1121 1123 -1
1123 -40.95407171335472 31.827089220257168 -75.54119493891109 1122 1124 -1
1124 -41.042294068853565 31.80134342712055 -75.36289781547691 1123 1125 -1
1125 -41.128720543292076 31.776114720492277 -75.18364981092174 1124 1126 -1
1126 -41.21328681924464 31.75145166016966 -75.0034384980748 1125 1127 -1
1127 -41.29592832341302 31.727403553256035 -74.82225384448935 1126 1128 -1
1128 -41.37657277960776 31.70402292402256 -74.6400846983346 1127 1129 -1
1129 -41.4551463010898 31.681363697000588 -74.45692218567669 1128 1130 -1
1130 -41.53158020679041 31.6594786034254 -74.27276297906873 1129 1131 -1
1131 -41.60578821958869 31.638427526961735 -74.0875990030326 1130 1132 -1
1132 -41.677701423070474 31.618264506953423 -73.90143354669806 1131 1133 -1
1133 -41.74722942212991 31.599052500759353 -73.71426424087369 1132 1134 -1
1134 -41.814294853996394 31.580849955182323 -73.52609825875871 1133 1135 -1
1135 -41.878812961534244 31.563718769110228 -73.33694371512432 1134 1136 -1
1136 -41.94068873782847 31.547725839665798 -73.14680936675347 1135 1137 -1
1137 -41.99984116312561 31.532932530965905 -72.95571373325478 1136 1138 -1
1138 -42.056179739994455 31.519404687217015 -72.76367648913914 1137 1139 -1
1139 -42.109613167266794 31.50720893025245 -72.57072201458939 1138 1140 -1
1140 -42.160047426541226 31.496413521632512 -72.37687905762262 1139 1141 -1
1141 -42.2073920048684 31.4870853959982 -72.18218272885338 1140 1142 -1
1142 -42.25155770106194 31.479291043531152 -71.98667376483564 1141 1143 -1
1143 -42.2924543618594 31.473097551178554 -71.7903980552061 1142 1144 -1
1144 -42.32999345295392 31.468571316626036 -71.59340740394106 1143 1145 -1
1145 -42.36408868940128 31.465777659252424 -71.39575964886568 1144 1146 -1
1146 -42.394656705853 31.46478040392383 -71.19751871900354 1145 1147 -1
1147 -42.421617759854584 31.465641441483623 -70.99875462091178 1146 1148 -1
1148 -42.44489645966996 31.46842027090147 -70.79954334576732 1147 1149 -1
1149 -42.46442250632608 31.473173529153975 -70.59996668998579 1148 1150 -1
1150 -42.48013143790058 31.47995451597282 -70.40011198358762 1149 1151 -1
1151 -42.491965362588424 31.488812721558006 -70.20007172237804 1150 1152 -1
1152 -42.5 31.5 -70.0 1151 1153 1154
1153 -42.646067837518075 31.652922527450933 -70.03749767839795 1152 1155 -1
1154 -42.444687572328014 31.395073137908117 -69.83260425194321 1152 1156 -1
1155 -42.79296273103598 31.805718920361613 -70.07238369642394 1153 1157 -1
1156 -42.38803376385003 31.292381530781125 -69.66419529991973 1154 1158 -1
1157 -42.94064711130649 31.95834766439661 -70.10456544723509 1155 1159 -1
1158 -42.32991403812739 31.191965162586555 -69.49491614970793 1156 1160 -1
1159 -43.08910213618736 32.11077807899739 -70.13402634611884 1157 1161 -1
1160 -42.270323537721296 31.093868338485382 -69.32479044500866 1158 1162 -1
1161 -43.23830808194253 32.262979181888774 -70.1607523100538 1159 1163 -1
1162 -42.2092568281591 30.998137548687556 -69.15384242099144 1160 1164 -1
1163 -43.38824418519857 32.41491986081998 -70.18473269045658 1161 1165 -1
1164 -42.14671378751066 30.904811910152667 -68.98210010022245 1162 1166 -1
1165 -43.53888849586895 32.566569119105104 -70.20596134457337 1163 1167 -1
1166 -42.08269457979776 30.81393103015647 -68.80959235415304 1164 1168 -1
1167 -43.690218557623595 32.71789598131881 -70.22443449230616 1165 1169 -1
1168 -42.01720096209442 30.725532838330505 -68.6363495793895 1166 1170 -1
1169 -43.8422114617103 32.868869560033666 -70.2401507899054 1167 1171 -1
1170 -41.95023135822161 30.639662049012873 -68.46240136346024 1168 1172 -1
1171 -43.99484309205297 33.019459673988756 -70.25311503899293 1169 1173 -1
1172 -41.881795726076305 30.556344449960804 -68.28778340867981 1170 1174 -1
1173 -44.14808921836144 33.16963646302874 -70.26333416652277 1171 1175 -1
1174 -41.81189643942705 30.475619748629423 -68.11252847462384 1172 1176 -1
1175 -44.3019252535666 33.31937067795805 -70.27081867767583 1173 1177 -1
1176 -41.74054453250529 30.397513052909886 -67.93667363544306 1174 1178 -1
1177 -44.456325981213844 33.46863415871868 -70.27558460746424 1175 1179 -1
1178 -41.66774595923735 30.322059282051388 -67.76025435081587 1176 1180 -1
1179 -44.61126643999862 33.617399355382155 -70.27764991224853 1177 1181 -1
1180 -41.59351588344596 30.249276954748506 -67.5833100381304 1178 1182 -1
1181 -44.76672140711179 33.76563998722043 -70.27703753804396 1179 1183 -1
1182 -41.51786472509062 30.179193754224944 -67.40587861227388 1180 1184 -1
1183 -44.92266603287296 33.913330656028116 -70.27377276310392 1181 1185 -1
1184 -41.440807197395515 30.111829658596445 -67.22799979794075 1182 1186 -1
1185 -45.07907531932676 34.06044768354551 -70.26788664132442 1183 1187 -1
1186 -41.36236103222923 30.04719885121065 -67.0497143244518 1184 1188 -1
1187 -45.23592485869365 34.20696853095489 -70.25941260716283 1185 1189 -1
1188 -41.28254368356309 29.985316004416187 -66.8710628131997 1186 1190 -1
1189 -45.39319067403488 34.35287220149375 -70.24838788479359 1187 1191 -1
1190 -41.20137401684332 29.92619290639085 -66.69208623886374 1188 1192 -1
1191 -45.550849347618765 34.498139330883184 -70.23485335055683 1189 1193 -1
1192 -41.11887146510896 29.86984006996436 -66.51282564574561 1190 1194 -1
1193 -45.70887814138676 34.64275226532504 -70.21885338363194 1191 1195 -1
1194 -41.03505962531213 29.816258949118204 -66.33332269136677 1192 1196 -1
1195 -45.86725526973955 34.78669479026021 -70.2004345420438 1193 1197 -1
1196 -40.9499617043881 29.7654511858013 -66.15361851907377 1194 1198 -1
1197 -46.025959602273716 34.92995294853488 -70.17964816923856 1195 1199 -1
1198 -40.8636021159781 29.71741516388692 -65.97375400690782 1196 1200 -1
1199 -46.18497109542451 35.07251445430471 -70.15654791707115 1197 1201 -1
1200 -40.776006372648425 29.672146049810188 -65.79376961257732 1198 1202 -1
1201 -46.34427085745825 35.214368680316646 -70.13118957124007 1199 1203 -1
1202 -40.68720097506873 29.629635849792788 -65.61370522509301 1200 1204 -1
1203 -46.50384101177606 35.35550718444341 -70.10363251620305 1201 1205 -1
1204 -40.59721329922251 29.589873482679238 -65.43360002419895 1202 1206 -1
1205 -46.66366488379475 35.495923462103036 -70.0739386695608 1203 1207 -1
1206 -40.506071482700705 29.552844867258152 -65.25349234858699 1204 1208 -1
1207 -46.823727159815775 35.635612598240265 -70.04217135792179 1205 1209 -1
1208 -40.413804311091006 29.51853302281656 -65.0734195737278 1206 1210 -1
1209 -46.984013747049325 35.774571780261105 -70.00839670505479 1207 1211 -1
1210 -40.32044110542306 29.486918181575543 -64.89341799999099 1208 1212 -1
1211 -47.14451184343597 35.912800223519596 -69.9726832303456 1209 1213 -1
1212 -40.22601161156547 29.457977911583207 -64.71352275156491 1210 1214 -1
1213 -47.30521004591646 36.05029885851944 -69.93510092831549 1211 1215 -1
1214 -40.13054589239565 29.43168724859419 -64.53376768652701 1212 1216 -1
1215 -47.46609831363309 36.18707046250524 -69.89572158615711 1213 1217 -1
1216 -40.03407422348102 29.408018835444476 -64.35418531825914 1214 1218 -1
1217 -47.627167976711696 36.3231196160317 -69.85461863153301 1215 1219 -1
1218 -39.936626992922456 29.38694306743329 -64.17480674825565 1216 1220 -1
1219 -47.78841173616112 36.458452653262135 -69.81186699017599 1217 1221 -1
1220 -39.8382346059189 29.36842824224956 -63.995661610233526 1218 1222 -1
1221 -47.94982370618093 36.593077390163295 -69.76754249010465 1219 1223 -1
1222 -39.738927394519784 29.352440713025498 -63.81677802532819 1220 1224 -1
1223 -48.11139926884798 36.72700361478859 -69.72172295994186 1221 1225 -1
1224 -39.63873553293897 29.338945043162582 -63.63818256804629 1222 1226 -1
1225 -48.27313514629781 36.86024262858145 -69.67448720417495 1223 1227 -1
1226 -39.53768895871486 29.32790416165258 -63.459900242548144 1224 1228 -1
1227 -48.43502938646117 36.99280710853033 -69.62591479506254 1225 1229 -1
1228 -39.43581729991406 29.31927951770526 -63.2819544687494 1226 1230 -1
1229 -48.59708134705472 37.12471096994603 -69.57608591523605 1227 1231 -1
1230 -39.33314980849569 29.313031233592632 -63.10436707766263 1228 1232 -1
1231 -48.75929145133136 37.25597013944373 -69.52508283606593 1229 1233 -1
1232 -39.229715299877114 29.309118254724247 -62.92715831534633 1230 1234 -1
1233 -48.921661489648095 37.38660106305206 -69.47298724183005 1231 1235 -1
1234 -39.125542098674096 29.307498496076533 -62.75034685478826 1232 1236 -1
1235 -49.08419418519042 37.51662216831381 -69.41988291585558 1233 1237 -1
1236 -39.0206579905261 29.308128984209354 -62.57394981502495 1234 1238 -1
1237 -49.24689352488311 37.64605232059308 -69.36585320400869 1235 1239 -1
1238 -38.91509017986409 29.31096599421241 -62.397982786784 1236 1240 -1
1239 -49.40976430454118 37.77491219025749 -69.31098330277808 1237 1241 -1
1240 -38.80886525343117 29.315965181031707 -62.22245986393437 1238 1242 -1
1241 -49.57281246107242 37.903222822222865 -69.25535816453768 1239 1243 -1
1242 -38.70200914932767 29.32308170472948 -62.0473936800361 1240 1244 -1
1243 -49.736044688166885 38.03100662572262 -69.19906405690307 1241 1245 -1
1244 -38.594547131320276 29.332270349329686 -61.87279544929742 1242 1246 -1
1245 -49.89946850885417 38.15828681525037 -69.14218782852818 1243 1247 -1
1246 -38.486503768130106 29.343485634993137 -61.69867501127041 1244 1248 -1
1247 -50.0630922295459 38.28508730082186 -69.08481692060151 1245 1249 -1
1248 -38.37790291739584 29.356681923351925 -61.52504087864555 1246 1250 -1
1249 -50.22692487339232 38.411432645657385 -69.02703948185983 1247 1251 -1
1250 -38.268766856405264 29.37181668293012 -61.351901125558 1248 1252 -1
1251 -50.390975923853226 38.537348357628524 -68.96894467783915 1249 1253 -1
1252 -38.15911880003611 29.388841380350534 -61.17926106737587 1250 1254 -1
1253 -50.55525544188934 38.662860375610194 -68.91062231493227 1251 1255 -1
1254 -38.04898043966303 29.407710396009545 -61.00712553242803 1252 1256 -1
1255 -50.71977390870482 38.7879951697032 -68.8521630518388 1253 1257 -1
1256 -37.93837271693346 29.428378355831843 -60.835498245260446 1254 1258 -1
1257 -50.88454213595309 38.912779669644955 -68.7936584387751 1255 1259 -1
1258 -37.82731497485121 29.450803596151392 -60.66438290277993 1256 1260 -1
1259 -51.04957117188248 39.03724119247392 -68.73520096032674 1257 1261 -1
1260 -37.71582730203089 29.474939070604417 -60.493780550509186 1258 1262 -1
1261 -51.21487220319168 39.16140736911638 -68.67688408086907 1259 1263 -1
1262 -37.60392872350384 29.500739359024827 -60.323691594415486 1260 1264 -1
1263 -51.3804564523424 39.28530606953302 -68.6188022914153 1261 1265 -1
1264 -37.49163638732742 29.52816430779313 -60.154117076588506 1262 1266 -1
1265 -51.54633507006288 39.40896532603888 -68.5610511566786 1263 1267 -1
1266 -37.37896823250575 29.557168156762348 -59.98505528919246 1264 1268 -1
1267 -51.71251908402792 39.53241321885599 -68.503727462764 1265 1269 -1
1268 -37.26594098415711 29.587707796877652 -59.81650437838094 1266 1270 -1
1269 -51.8790191761073 39.65567787616644 -68.44692913677369 1267 1271 -1
1270 -37.152569936438944 29.619744042254798 -59.64846291401651 1268 1272 -1
1271 -52.04584553772114 39.778787372125194 -68.39075518339469 1269 1273 -1
1272 -37.03887141291879 29.65323092778731 -59.4809262452945 1270 1274 -1
1273 -52.21300785306771 39.90176957636599 -68.3353059120095 1271 1275 -1
1274 -36.924858934181465 29.68813274033824 -59.313892446301196 1272 1276 -1
1275 -52.3805153385144 40.02465204943862 -68.2806834818103 1273 1277 -1
1276 -36.810547756338345 29.724403796679855 -59.14735522257491 1274 1278 -1
1277 -52.54837596857698 40.14746211429882 -68.22699036988527 1275 1279 -1
1278 -36.69595034217874 29.762009104453917 -58.981311357166064 1276 1280 -1
1279 -52.716597083925954 40.27022655438253 -68.1743312423335 1277 1281 -1
1280 -36.58108037407577 29.800905980904865 -58.815754044357924 1278 1282 -1
1281 -52.88518471950818 40.392971628101506 -68.12281162828876 1279 1283 -1
1282 -36.46594983176339 29.841057766431344 -58.65067799408193 1280 1284 -1
1283 -53.05414370801955 40.51572291847994 -68.07253864555565 1281 1285 -1
1284 -36.350570457660716 29.88242707579902 -58.48607696590165 1282 1286 -1
1285 -53.22347730186319 40.63850521544245 -68.0236202573463 1283 1287 -1
1286 -36.234953946401305 29.924974831458712 -58.321943369152294 1284 1288 -1
1287 -53.3931873613913 40.76134243151372 -67.97616655416334 1285 1289 -1
1288 -36.119110608172356 29.968667025092824 -58.15827098767132 1286 1290 -1
1289 -53.563273603431306 40.88425739346078 -67.93028744500354 1287 1291 -1
1290 -36.00305092983998 30.01346703362935 -57.99505195625641 1288 1292 -1
1291 -53.733734006817485 41.00727180020453 -67.8860948483442 1289 1293 -1
1292 -35.886784944445296 30.059338793481018 -57.83227802959295 1290 1294 -1
1293 -53.904564386128335 41.130406066042354 -67.84370170123572 1291 1295 -1
1294 -35.770322001744475 30.106248115032592 -57.66994117095881 1292 1296 -1
1295 -54.07575801061219 41.25367909288809 -67.80322069467648 1293 1297 -1
1296 -35.65367069547236 30.154163252715442 -57.50803386360077 1294 1298 -1
1297 -54.247305747859784 41.377108231190604 -67.76476563548205 1295 1299 -1
1298 -35.536839939308365 30.20304921082099 -57.34654669256011 1296 1300 -1
1299 -54.419195755586905 41.500709097780714 -67.72845060644187 1297 1301 -1
1300 -35.41983790748882 30.252873455509352 -57.185470798657185 1298 1302 -1
1301 -54.591413374496774 41.624495467749156 -67.6943901515739 1299 1303 -1
1302 -35.302672376524505 30.30360419946788 -57.02479718482827 1300 1304 -1
1303 -54.763940789796045 41.74847902386341 -67.66269769005847 1301 1305 -1
1304 -35.18535077088312 30.355210231278168 -56.86451666707611 1302 1306 -1
1305 -54.9367570491558 41.87266929821799 -67.63348616730278 1303 1307 -1
1306 -35.0678801779658 30.40766090595864 -56.7046198933984 1304 1308 -1
1307 -55.10983791689296 41.99707353378758 -67.6068675915323 1305 1309 -1
1308 -34.95026736271714 30.46092613466992 -56.54509736149653 1306 1310 -1
1309 -55.28315575074507 42.121696547420925 -67.58295245670813 1307 1311 -1
1310 -34.83251871859813 30.514976742703855 -56.38593960853047 1308 1312 -1
1311 -55.45667942530788 42.24654061627031 -67.56184926577744 1309 1313 -1
1312 -34.714640494819605 30.569783217762286 -56.22713664737377 1310 1314 -1
1313 -55.630374286377624 42.37160537935964 -67.54366401801828 1311 1315 -1
1314 -34.596638576816346 30.625317042943426 -56.0686786043387 1312 1316 -1
1315 -55.80420214859108 42.49688777610624 -67.52849993734556 1313 1317 -1
1316 -34.478518574354865 30.681550256089377 -55.9105555369781 1314 1318 -1
1317 -55.9781213019015 42.62238197208459 -67.51645675095725 1315 1319 -1
1318 -34.36028584227756 30.738455389677988 -55.75275742457188 1316 1320 -1
1319 -56.15208657501737 42.748079265383176 -67.50762913620906 1317 1321 -1
1320 -34.24194549273107 30.796005457304464 -55.59527417949025 1318 1322 -1
1321 -56.32604949639842 42.87396817261587 -67.50210744059999 1319 1323 -1
1322 -34.12350236329464 30.85417420387127 -55.43809578896064 1320 1324 -1
1323 -56.5 43.0 -67.5 1321 -1 -1
1324 -34.00496112693109 30.912935498125012 -55.28121203287012 1322 1325 -1
1325 -33.88632626015688 30.9722635733871 -55.12461261430348 1324 1326 -1
1326 -33.76760202093783 31.03213321252905 -54.96828726785356 1325 1327 -1
1327 -33.648792479683614 31.09251960907366 -54.81222570575932 1326 1328 -1
1328 -33.52990152922541 31.153398352582972 -54.65641762466324 1327 1329 -1
1329 -33.41093289444609 31.214745413996752 -54.50085271174266 1328 1330 -1
1330 -33.291890141573866 31.276537130949293 -54.34552065025339 1329 1331 -1
1331 -33.17277656858745 31.338750893524704 -54.190411497756216 1330 1332 -1
1332 -33.05359555258705 31.40136311196374 -54.03551462262194 1331 1333 -1
1333 -32.93435025716269 31.464351007379896 -53.88081965611186 1332 1334 -1
1334 -32.815043701449305 31.52769222730984 -53.72631630495848 1333 1335 -1
1335 -32.695678735312335 31.59136500513777 -53.571994453577865 1334 1336 -1
1336 -32.5762581127451 31.655347753954896 -53.41784395656626 1335 1337 -1
1337 -32.456784623593606 31.719618393101797 -53.26385426681813 1336 1338 -1
1338 -32.337260864248854 31.784155652356983 -53.110015166951335 1337 1339 -1
1339 -32.21768924354579 31.84893899113703 -52.956316750459386 1338 1340 -1
1340 -32.09807225202211 31.913947232980096 -52.80274864998944 1339 1341 -1
1341 -31.97841228698373 31.979159537643515 -52.6493005914303 1340 1342 -1
1342 -31.85871156834572 32.04455576229577 -52.49596262738654 1341 1343 -1
1343 -31.738972316230136 32.11011562026309 -52.34272465330585 1342 1344 -1
1344 -31.61919676893583 32.17581870940899 -52.18957641411075 1343 1345 -1
1345 -31.49938697702474 32.24164532016633 -52.03650802260782 1344 1346 -1
1346 -31.379545019557717 32.30757556889676 -51.88350942982033 1345 1347 -1
1347 -31.259672986491136 32.37358958814328 -51.730570529585535 1346 1348 -1
1348 -31.1397727942435 32.439667983237136 -51.577681510480325 1347 1349 -1
1349 -31.01984646649301 32.505791114963515 -51.42483233598733 1348 1350 -1
1350 -30.899895966310172 32.571939583354556 -51.27201309453476 1349 1351 -1
1351 -30.77992314377407 32.638094065752526 -51.11921398035428 1350 1352 -1
1352 -30.659929998769996 32.70423527189303 -50.9664250770758 1351 1353 -1
1353 -30.539918394019416 32.770343951775786 -50.81363659572306 1352 1354 -1
1354 -30.419890237265356 32.83640088068689 -50.66083873443548 1353 1355 -1
1355 -30.299847463765566 32.90238705765911 -50.508021787025044 1354 1356 -1
1356 -30.179791928976112 32.96828295020603 -50.355175910359435 1355 1357 -1
1357 -30.05972561039149 33.03406981238603 -50.202291543642374 1356 1358 -1
1358 -29.939650421830812 33.09972824462434 -50.04935894225662 1357 1359 -1
1359 -29.819568329406188 33.165239071337126 -49.89636847433069 1358 1360 -1
1360 -29.699481327469964 33.230583390198504 -49.74331066840202 1359 1361 -1
1361 -29.57939142288001 33.295741257846316 -49.590175674485025 1360 1362 -1
1362 -29.45930067982846 33.36069415284593 -49.43695428793381 1361 1363 -1
1363 -29.339211192417093 33.42542212365369 -49.28363676651882 1362 1364 -1
1364 -29.21912510336989 33.489905965670886 -49.130213750376576 1363 1365 -1
1365 -29.099044598441374 33.554126401271 -48.976675925887896 1364 1366 -1
1366 -28.978971950582686 33.6180629786085 -48.823013543660444 1365 1367 -1
1367 -28.858909439850216 33.68169701620868 -48.669217718214405 1366 1368 -1
1368 -28.73885947742548 33.74500774292935 -48.515278735877956 1367 1369 -1
1369 -28.61882449766626 33.807975658934694 -48.361187543525915 1368 1370 -1
1370 -28.49880701341155 33.87058094049351 -48.20693505174947 1369 1371 -1
1371 -28.378809699726002 33.93280214988875 -48.052511565161986 1370 1372 -1
1372 -28.258835185117174 33.99462024594325 -47.89790857533288 1371 1373 -1
1373 -28.13888631849794 34.05601373285903 -47.743116608092166 1372 1374 -1
1374 -28.018965998625827 34.11696189855902 -47.58812667325871 1373 1375 -1
1375 -27.899077173707237 34.17744463780253 -47.432930191303036 1374 1376 -1
1376 -27.779223075763326 34.23743920758187 -47.277517563505825 1375 1377 -1
1377 -27.659406862603998 34.296925428735854 -47.12188048526256 1376 1378 -1
1378 -27.539631870191986 34.355882070065405 -46.9660103492495 1377 1379 -1
1379 -27.419901764922056 34.4142852856079 -46.80989757732076 1378 1380 -1
1380 -27.300220035113874 34.47211492958419 -46.65353439732998 1379 1381 -1
1381 -27.180590461591073 34.529348738801524 -46.49691229702438 1380 1382 -1
1382 -27.061017176090456 34.5859621031272 -46.340021954078146 1381 1383 -1
1383 -26.941504120279774 34.64193404755472 -46.18285582945936 1382 1384 -1
1384 -26.822055559171243 34.697241557161306 -46.02540571754647 1383 1385 -1
1385 -26.702676091256123 34.75185982096288 -45.867662882119724 1384 1386 -1
1386 -26.58337030448366 34.805765754197964 -45.70961956541771 1385 1387 -1
1387 -26.464142960851923 34.85893608730115 -45.551268174771316 1386 1388 -1
1388 -26.34499909910692 34.91134650992566 -45.39260093866595 1387 1389 -1
1389 -26.225944199680605 34.96297042416417 -45.233609420869584 1388 1390 -1
1390 -26.10698353617239 35.013784702563235 -45.07428690186541 1389 1391 -1
1391 -25.988122797445822 35.0637641871254 -44.91462611438752 1390 1392 -1
1392 -25.869367924718386 35.11288326991399 -44.754619915881875 1391 1393 -1
1393 -25.750725231817018 35.16111504964114 -44.59426097246147 1392 1394 -1
1394 -25.632201169765253 35.20843329033106 -44.433542555667415 1393 1395 -1
1395 -25.513802336443806 35.25481228951223 -44.272458485284034 1394 1396 -1
1396 -25.395535722704203 35.30022508183869 -44.11100244098429 1395 1397 -1
1397 -25.27740860605643 35.344644356521506 -43.94916834223318 1396 1398 -1
1398 -25.159428560416888 35.38804245781215 -43.78695036392223 1397 1399 -1
1399 -25.041603535834714 35.430390924567284 -43.62434278349813 1398 1400 -1
1400 -24.923941788922736 35.47166106095574 -43.461340214952045 1399 1401 -1
1401 -24.80645170628739 35.51182509999476 -43.29793803734067 1400 1402 -1
1402 -24.68914214228156 35.55085404516198 -43.13413162123588 1401 1403 -1
1403 -24.572022295909232 35.58871857541007 -42.96991668146183 1402 1404 -1
1404 -24.455101720189088 35.62538905341541 -42.80528929704647 1403 1405 -1
1405 -24.338390331305046 35.66083553542733 -42.64024593184999 1404 1406 -1
1406 -24.22189841749006 35.695027782809156 -42.47478345584244 1405 1407 -1
1407 -24.10563664758494 35.727935275362746 -42.30889916699622 1406 1408 -1
1408 -23.98961607920953 35.75952722652874 -42.14259081375209 1407 1409 -1
1409 -23.873848166478968 35.78977260055346 -41.97585661800995 1408 1410 -1
1410 -23.758344767193346 35.81864013171322 -41.808695298587295 1409 1411 -1
1411 -23.643118149424385 35.84609834568341 -41.64110609508013 1410 1412 -1
1412 -23.528180997418406 35.872115583137806 -41.47308879205176 1411 1413 -1
1413 -23.413546416730526 35.89666002565857 -41.30464374346566 1412 1414 -1
1414 -23.299227938500902 35.919699724032576 -41.13577189726861 1413 1415 -1
1415 -23.185239522779995 35.94120262900312 -40.966474820020316 1414 1416 -1
1416 -23.071595560806365 35.96113662453842 -40.796754721455095 1415 1417 -1
1417 -22.95831087613735 35.97946956366902 -40.62661447885061 1416 1418 -1
1418 -22.84540088915696 35.99616860426946 -40.45605748706123 1417 1419 -1
1419 -22.732881455763053 36.01120099172588 -40.28508788661157 1418 1420 -1
1420 -22.620768433949056 36.024535862128786 -40.113710995007516 1419 1421 -1
1421 -22.509078364900603 36.03614135741353 -39.94193260115867 1420 1422 -1
1422 -22.39782820661402 36.04598580885118 -39.76975927580899 1421 1423 -1
1423 -22.287035325892813 36.054037788787575 -39.59719839148535 1422 1424 -1
1424 -22.176717488465687 36.06026616492926 -39.4242581410795 1423 1425 -1
1425 -22.066893326012263 36.06463839288669 -39.25094721728769 1424 1426 -1
1426 -21.957581340850712 36.06712429462437 -39.07727558264372 1425 1427 -1
1427 -21.8488000510134 36.067695360382736 -38.903254268773466 1426 1428 -1
1428 -21.740568678116055 36.06632224406027 -38.72889490982824 1427 1429 -1
1429 -21.632906761087703 36.062976203078925 -38.554210025422755 1428 1430 -1
1430 -21.5258343340507 36.05762849670664 -38.379212928260074 1429 1431 -1
1431 -21.41937228495921 36.05024926536679 -38.20391759379086 1430 1432 -1
1432 -21.31354004714198 36.04081508255518 -38.02833970838437 1431 1433 -1
1433 -21.208358169188415 36.029300329002176 -37.85249536953761 1432 1434 -1
1434 -21.10384737643831 36.01568033859402 -37.67640155810516 1433 1435 -1
1435 -21.0 36.0 -37.5 1434 -1 -1
