0 59.0 -133.0 -372.0 -1 1 -1
1 58.83326027499695 -132.90386390716424 -371.9587220348096 0 2 -1
2 58.66663275765315 -132.80930736595892 -371.91321361832513 1 3 -1
3 58.50029109807591 -132.71642106705772 -371.86342109648115 2 4 -1
4 58.334334242345236 -132.62531190218547 -371.8092535937845 3 5 -1
5 58.16884401348209 -132.5360042940118 -371.75082557649495 4 6 -1
6 58.00393557991469 -132.448639921177 -371.6879817899747 5 7 -1
7 57.839681644321054 -132.36321512285815 -371.62090049682905 6 8 -1
8 57.67620559284587 -132.27987350828377 -371.5494415069426 7 9 -1
9 57.513574911228226 -132.19860648160483 -371.4737877348085 8 10 -1
10 57.35190959727233 -132.11953602633193 -371.39385770757065 9 11 -1
11 57.191281735418784 -132.04267250363793 -371.30979132537453 10 12 -1
12 57.03178433091533 -131.9680768938306 -371.22162831743606 11 13 -1
13 56.8735151442331 -131.89581719130499 -371.12940047657895 12 14 -1
14 56.71653129153606 -131.8258888331071 -371.03326165672297 13 15 -1
15 56.56092680112297 -131.7583580571429 -370.9332437580217 14 16 -1
16 56.406770408723354 -131.69324774320947 -370.82945020705694 15 17 -1
17 56.254109416581386 -131.63055112081597 -370.72202371953296 16 18 -1
18 56.10301711166035 -131.57030734057662 -370.61103412153 17 19 -1
19 55.95355126953116 -131.51253315978448 -370.4965835040009 18 20 -1
20 55.80573645040534 -131.45720048813303 -370.3788299448941 19 21 -1
21 55.659614197016005 -131.40431184112074 -370.25788305772625 20 22 -1
22 55.515248432004725 -131.35390390653353 -370.1338077551323 21 23 -1
23 55.37263176411653 -131.30591706370055 -370.00678507220215 22 24 -1
24 55.23178429910787 -131.26033574511652 -369.87693324921327 23 25 -1
25 55.09274335805808 -131.21717067891544 -369.7443372609273 24 26 -1
26 54.95550999240863 -131.17638738338096 -369.609130080247 25 27 -1
27 54.82007322517576 -131.13794029597014 -369.4714492992639 26 28 -1
28 54.68643790978936 -131.10180836565897 -369.33140084018555 27 29 -1
29 54.55462509845663 -131.0679939407705 -369.1890650249506 28 30 -1
30 54.42459263749023 -131.03642260491134 -369.04459259816036 29 31 -1
31 54.296327115730946 -131.00706012186475 -368.8980886131586 30 32 -1
32 54.16984297083928 -130.97990955863514 -368.74962208615773 31 33 -1
33 54.04509676273317 -130.95490496391767 -368.5993196869326 32 34 -1
34 53.922058154780146 -130.93199979035924 -368.4472848439002 33 35 -1
35 53.800724576802615 -130.91118412080937 -368.29358802968534 34 36 -1
36 53.68106300558188 -130.8924131413006 -368.1383250855529 35 37 -1
37 53.563027817346736 -130.87562913804757 -367.9815964647943 36 38 -1
38 53.446606093428315 -130.8608224146639 -367.82346771298444 37 39 -1
39 53.33176753139703 -130.84798889004097 -367.66401443902396 38 40 -1
40 53.21845775583005 -130.83710190743994 -367.5033273928484 39 41 -1
41 53.10665908970471 -130.82818247769893 -367.3414646921623 40 42 -1
42 52.99634129959721 -130.821237806228 -367.1784930013527 41 43 -1
43 52.887449248610245 -130.81624185985427 -367.0144942510182 42 44 -1
44 52.77996492827443 -130.81322018906218 -366.84952128189155 43 45 -1
45 52.67385556341333 -130.81218028698692 -366.6836364072843 44 46 -1
46 52.56906830087572 -130.81310037467685 -366.5169124827341 45 47 -1
47 52.46558542860651 -130.81601175464718 -366.34939844093685 46 48 -1
48 52.363371606192985 -130.82092157478607 -366.18115356216873 47 49 -1
49 52.26237731185567 -130.8278140150151 -366.0122430221129 48 50 -1
50 52.16258410441057 -130.83672497041601 -365.84271403243946 49 51 -1
51 52.063956680809085 -130.84766499091458 -365.67262262197943 50 52 -1
52 51.96644815288101 -130.86062368255227 -365.50202864447016 51 53 -1
53 51.87003708948866 -130.87563763088463 -365.3309798897404 52 54 -1
54 51.77469285318232 -130.89272977736667 -365.1595287374876 53 55 -1
55 51.680369131207286 -130.91189203501824 -364.98773236636674 54 56 -1
56 51.58703849188596 -130.93315455845155 -364.815640833417 55 57 -1
57 51.494680838307794 -130.9565679359471 -364.64330377360005 56 58 -1
58 51.40324747969652 -130.98212024001666 -364.4707779445608 57 59 -1
59 51.31270750044019 -131.00983888343845 -364.298115385335 58 60 -1
60 51.22304030926142 -131.03978092569636 -364.12536858291395 59 61 -1
61 51.134208772381484 -131.07196480136724 -363.95259330426546 60 62 -1
62 51.04617667796332 -131.10641037491914 -363.7798450342926 61 63 -1
63 50.9589136611732 -131.14315475065564 -363.6071801811026 62 64 -1
64 50.872394480479485 -131.18225476666709 -363.4346583711788 63 65 -1
65 50.786587694504504 -131.22375224344853 -363.26234103495966 64 66 -1
66 50.7014574452053 -131.2676743549542 -363.0902894700517 65 67 -1
67 50.616973594939395 -131.31406928418232 -362.9185687219269 66 68 -1
68 50.53310599918512 -131.3629882460079 -362.7472468483837 67 69 -1
69 50.44982449654183 -131.4144855667626 -362.5763952949664 68 70 -1
70 50.367100027682525 -131.46862378060075 -362.4060903949494 69 71 -1
71 50.284916941051605 -131.52544533515032 -362.2363986833735 70 72 -1
72 50.203282592808705 -131.58492762619431 -362.067355237983 71 73 -1
73 50.122209190077236 -131.64705183123218 -361.898993519033 72 74 -1
74 50.04170764512973 -131.7117943128009 -361.7313454032391 73 75 -1
75 49.961787482634634 -131.77912674613987 -361.5644409584066 74 76 -1
76 49.88245675834438 -131.84901628028777 -361.3983082344079 75 77 -1
77 49.8037219902167 -131.92142572990386 -361.2329730731531 76 78 -1
78 49.725588102722526 -131.99631379466663 -361.0684589398029 77 79 -1
79 49.64805838484695 -132.0736353027447 -360.9047867770365 78 80 -1
80 49.57113446203655 -132.15334147457688 -360.74197488372073 79 81 -1
81 49.49481628209952 -132.2353802030343 -360.5800388188522 80 82 -1
82 49.41910211482858 -132.31969634597164 -360.41899133117033 81 83 -1
83 49.34398856489875 -132.4062320271977 -360.2588423143812 82 84 -1
84 49.26947136617022 -132.4949296787641 -360.09959997491205 83 85 -1
85 49.19554441329602 -132.5857285979459 -359.94126935036076 84 86 -1
86 49.12219815007707 -132.67855963247516 -359.78384966650657 85 87 -1
87 49.049422835565224 -132.77335687206752 -359.6273393457718 86 88 -1
88 48.97720730489009 -132.87005320220618 -359.47173409095984 87 89 -1
89 48.90553904409393 -132.968580582318 -359.3170269736809 88 90 -1
90 48.83440427108548 -133.06887031081112 -359.1632085383475 89 91 -1
91 48.763788021509875 -133.1708532753717 -359.0102669196124 90 92 -1
92 48.69367423836502 -133.27446018728702 -358.85818797111045 91 93 -1
93 48.624045864244955 -133.3796217989252 -358.70695540339176 92 94 -1
94 48.55488493515969 -133.4862691038288 -358.5565509290001 93 95 -1
95 48.4861726749582 -133.59433351919182 -358.4069544127493 94 96 -1
96 48.417889589470924 -133.70374705075724 -358.25814402537014 95 97 -1
97 48.35001555958085 -133.81444244041512 -358.11009639884185 96 98 -1
98 48.2825299325282 -133.92635329698342 -357.9627867818756 97 99 -1
99 48.21541161085052 -134.03941421082652 -357.81618919417883 98 100 -1
100 48.14863913845306 -134.15356085309995 -357.6702765782925 99 101 -1
101 48.08219078339574 -134.26873006051824 -357.52502094795676 100 102 -1
102 48.01604461706702 -134.38485990661772 -357.38039353211934 101 103 -1
103 47.950178589493945 -134.50188976053636 -357.23636491385105 102 104 -1
104 47.88456940509851 -134.61976297391539 -357.09290788666874 103 105 -1
105 47.81918292787997 -134.7384522940468 -356.95002318564855 104 106 -1
106 47.75397832421457 -134.8579459431604 -356.80772698098144 105 107 -1
107 47.688914582877274 -134.97822777736002 -356.6660316487316 106 108 -1
108 47.62395258189468 -135.09928599370699 -356.52495216523437 107 109 -1
109 47.559054027206976 -135.22110946366615 -356.38450362278627 108 110 -1
110 47.494181383371995 -135.3436876832535 -356.24470127565985 109 111 -1
111 47.42929780720052 -135.46701072579023 -356.10556058411134 110 112 -1
112 47.36436610414049 -135.5910775613964 -355.96710525714997 111 113 -1
113 47.29935047120558 -135.71587235736584 -355.82934532104827 112 114 -1
114 47.234215796042726 -135.84138544053621 -355.692296032746 113 115 -1
115 47.168927350396565 -135.96760872748436 -355.5559741042524 114 116 -1
116 47.10345081272357 -136.0945345056609 -355.4203966531518 115 117 -1
117 47.037748134504845 -136.22216624957687 -355.28559358039 116 118 -1
118 46.97178847606818 -136.35048610712684 -355.15157158421465 117 119 -1
119 46.905538418272684 -136.47948721702744 -355.0183492308193 118 120 -1
120 46.83896476106666 -136.6091629494095 -354.88594564624185 119 121 -1
121 46.77202987456525 -136.73951464523074 -354.75439066475343 120 122 -1
122 46.704702245675456 -136.8705317787521 -354.6237000250394 121 123 -1
123 46.63695100807515 -137.0022045556098 -354.4938902355426 122 124 -1
124 46.56874344816806 -137.13452685777827 -354.3649830119042 123 125 -1
125 46.50004112402707 -137.26749962340855 -354.2370112565788 124 126 -1
126 46.430812479505065 -137.4011140039482 -354.1099950732854 125 127 -1
127 46.3610281784619 -137.53535947008865 -353.9839521787559 126 128 -1
128 46.290655496140815 -137.67022982664716 -353.8589074617785 127 129 -1
129 46.21965419892338 -137.8057257040849 -353.73489862417983 128 130 -1
130 46.14799351880817 -137.94183749936474 -353.6119481732131 129 131 -1
131 46.075644596818584 -138.0785544410408 -353.49007700363575 130 132 -1
132 46.00257435222324 -138.21586960629358 -353.3693137673722 131 133 -1
133 45.9287410765738 -138.35378205650346 -353.2497007327956 132 134 -1
134 45.8541137551979 -138.49228154041901 -353.13126465543866 133 135 -1
135 45.77866401574241 -138.6313561115823 -353.01402973189613 134 136 -1
136 45.70235826203204 -138.7709973675667 -352.8980289577343 135 137 -1
137 45.62515843073139 -138.9112000132353 -352.78330389541105 136 138 -1
138 45.54705678373342 -139.0519496054517 -352.6698661997452 137 139 -1
139 45.468069522133504 -139.1932234145906 -352.5577005309745 138 140 -1
140 45.38820507056521 -139.33500376040394 -352.44680225643054 139 141 -1
141 45.30747120601822 -139.47727344788834 -352.3371672632102 140 142 -1
142 45.2258651403381 -139.62002099114875 -352.2288065503563 141 143 -1
143 45.14340854834564 -139.76322169390497 -352.12169490016146 142 144 -1
144 45.060110417405724 -139.90685817571156 -352.01582507599153 143 145 -1
145 44.975979841096986 -140.05091317220538 -351.9111892320179 144 146 -1
146 44.891020152057756 -140.1953723117901 -351.8077876791741 145 147 -1
147 44.80524031928368 -140.3402184581733 -351.7056119475142 146 148 -1
148 44.71865613866718 -140.48543165006262 -351.60464281618096 147 149 -1
149 44.63127695962722 -140.63099527272604 -351.5048702002394 148 150 -1
150 44.54311216528587 -140.7768929035883 -351.4062835048148 149 151 -1
151 44.45416191342731 -140.9231119532805 -351.30888567514324 150 152 -1
152 44.36444288764669 -141.06963321786677 -351.2126541899655 151 153 -1
153 44.273966728400865 -141.21644001591238 -351.1175736492928 152 154 -1
154 44.182742813667645 -141.36351681984593 -351.0236316295086 153 155 -1
155 44.09077879593141 -141.51084890210032 -350.930817896318 154 156 -1
156 43.998076437000286 -141.65842348659083 -350.8391307761166 155 157 -1
157 43.904654476840854 -141.80622252792804 -350.7485422373082 156 158 -1
158 43.81052211922576 -141.95423151721505 -350.6590383610956 157 159 -1
159 43.71568850485273 -142.1024362100585 -350.57060490729316 158 160 -1
160 43.620156178443786 -142.25082422848098 -350.4832372766742 159 161 -1
161 43.523936554383596 -142.3993809681569 -350.3969169115295 160 162 -1
162 43.427042814043205 -142.54809188039195 -350.31162218239484 161 163 -1
163 43.32948376233024 -142.69694381599427 -350.22733775294756 162 164 -1
164 43.23126576602396 -142.84592431645194 -350.14405159790465 163 165 -1
165 43.13239152478035 -142.99502159730963 -350.061756801124 164 166 -1
166 43.032877934339695 -143.1442216947568 -349.9804246571797 165 167 -1
167 42.93273337314843 -143.2935125632028 -349.90003902345615 166 168 -1
168 42.83196589399641 -143.4428824511052 -349.8205839128837 167 169 -1
169 42.73057347194613 -143.59232076744686 -349.7420579140006 168 170 -1
170 42.62857464412706 -143.74181493526567 -349.6644287255336 169 171 -1
171 42.5259773020823 -143.89135398471885 -349.5876796553721 170 172 -1
172 42.42278907505608 -144.0409272176525 -349.5117941233996 171 173 -1
173 42.319004330325015 -144.19052859530146 -349.4367826019603 172 174 -1
174 42.21463081676252 -144.34016203906316 -349.36265731084 173 175 -1
175 42.109664575332665 -144.4898333749914 -349.2894512267634 174 176 -1
176 42.00409973323455 -144.63954818275872 -349.2172009888602 175 177 -1
177 41.89792485890883 -144.7893121863106 -349.1459536289263 176 178 -1
178 41.791145639756834 -144.93912926023327 -349.0757284834036 177 179 -1
179 41.68375851894243 -145.08900351821845 -349.00656028801745 178 180 -1
180 41.575754948357435 -145.23893916026816 -348.93849369528124 179 181 -1
181 41.46712986285433 -145.38893964622673 -348.8715686784524 180 182 -1
182 41.357886971452615 -145.53900699036595 -348.80580943266824 181 183 -1
183 41.248023413535535 -145.68914338393114 -348.7412527778018 182 184 -1
184 41.13752780557951 -145.8393515100235 -348.67795398495554 183 185 -1
185 41.026403015647325 -145.9896319183806 -348.61594146732045 184 186 -1
186 40.914650372013384 -146.1399847721315 -348.55524694599313 185 187 -1
187 40.80226808151456 -146.29041004689705 -348.49590952283825 186 188 -1
188 40.6892426217395 -146.44090846267025 -348.43799635716925 187 189 -1
189 40.57558489327975 -146.5914773513162 -348.381521963878 188 190 -1
190 40.46129429549505 -146.74211476573984 -348.3265269909383 189 191 -1
191 40.34636799962319 -146.89281834760268 -348.27305917529134 190 192 -1
192 40.23079946413399 -147.04358534985494 -348.2211781971736 191 193 -1
193 40.11459880117478 -147.19441070316998 -348.1709040077598 192 194 -1
194 39.99776724780845 -147.34528956209996 -348.12227962658903 193 195 -1
195 39.88030255475983 -147.4962165612449 -348.075359803136 194 196 -1
196 39.762203912185676 -147.64718527497655 -348.0301988278401 195 197 -1
197 39.643481878288526 -147.7981877910482 -347.98682098692836 196 198 -1
198 39.52414021499971 -147.94921589603533 -347.94527105187746 197 199 -1
199 39.40417921842051 -148.10026051648828 -347.9056073144728 198 200 -1
200 39.28360193122044 -148.25131134053694 -347.86788379897945 199 201 -1
201 39.16242115100017 -148.40235713325953 -347.83212569696434 200 202 -1
202 39.04064381251644 -148.553385862452 -347.7983787460012 201 203 -1
203 38.918274598266684 -148.70438425070338 -347.7667001396806 202 204 -1
204 38.79531881087621 -148.8553375866132 -347.73715012571506 203 205 -1
205 38.671793187601985 -149.00623106114313 -347.7097500144925 204 206 -1
206 38.54770847582532 -149.1570484561789 -347.684545297225 205 207 -1
207 38.42307503347782 -149.30777218566746 -347.6615872423513 206 208 -1
208 38.29789978203782 -149.45838216891025 -347.6409481536908 207 209 -1
209 38.172203999635094 -149.60885872789478 -347.62263137865324 208 210 -1
210 38.04599811470415 -149.75917073425006 -347.60661490864817 209 211 -1
211 37.91929031427171 -149.9092837567327 -347.5928512916307 210 212 -1
212 37.792079697089605 -150.05916011246168 -347.5813282877906 211 213 -1
213 37.664380621070364 -150.20877097829046 -347.5719610043219 212 214 -1
214 37.53619856399955 -150.35808562757606 -347.56470012673606 213 215 -1
215 37.40753788433027 -150.50707434686862 -347.5594971818092 214 216 -1
216 37.27839536646214 -150.65570305261335 -347.5563313606513 215 217 -1
217 37.14877882705061 -150.80394743061382 -347.5551311578234 216 218 -1
218 37.018691368022246 -150.95178192188666 -347.5558422233418 217 219 -1
219 36.8881337771216 -151.09918076755787 -347.55841660190623 218 220 -1
220 36.75710035845364 -151.24611321133247 -347.5628277577488 219 221 -1
221 36.62559334731081 -151.3925576319426 -347.5690149860053 220 222 -1
222 36.493613511697234 -151.5384930716505 -347.5769216471771 221 223 -1
223 36.36115835098026 -151.6838967925836 -347.58650105372226 222 224 -1
224 36.228219899588844 -151.82874104095657 -347.5977222381232 223 225 -1
225 36.09479513711496 -151.97300496565398 -347.6105342324867 224 226 -1
226 35.96088281874738 -152.1166715822583 -347.6248794351437 225 227 -1
227 35.82647741812034 -152.2597202027044 -347.6407127344916 226 228 -1
228 35.691569435476254 -152.4021262473851 -347.65799840385347 227 229 -1
229 35.556149860775555 -152.54386674006525 -347.6766962089006 228 230 -1
230 35.42021615622476 -152.68492851349546 -347.69674694094147 229 231 -1
231 35.283758668165895 -152.82529330578774 -347.71809004206983 230 232 -1
232 35.146764166058034 -152.964944688322 -347.7406396258088 231 233 -1
233 35.00921049540291 -153.10385733127413 -347.76432008753704 232 234 -1
234 34.87109015049986 -153.2420274456773 -347.7890240059718 233 235 -1
235 34.73238632080067 -153.3794408057991 -347.81466223758713 234 236 -1
236 34.59308099672232 -153.5160833370479 -347.841145578285 235 237 -1
237 34.45315143827005 -153.65193653580207 -347.868388310246 236 238 -1
238 34.312575350100275 -153.78698398805454 -347.89630047241786 237 239 -1
239 34.17133669460264 -153.92121805496058 -347.92478542159995 238 240 -1
240 34.02941309186174 -154.05462399964122 -347.9537523249119 239 241 -1
241 33.886781171212974 -154.1871865707517 -347.98310948887445 240 242 -1
242 33.74341661639333 -154.31888986596542 -348.0127641651668 241 243 -1
243 33.5992867543561 -154.44970869279828 -348.0426233287585 242 244 -1
244 33.45437237864679 -154.57963345604608 -348.07258859832217 243 245 -1
245 33.30864746385686 -154.70864632194736 -348.102562820073 244 246 -1
246 33.16208543927197 -154.83672758130254 -348.13245056873603 245 247 -1
247 33.014681909654314 -154.9638612930081 -348.1622454567999 246 248 -1
248 32.86646034627439 -155.0900376212866 -348.1920519053022 247 249 -1
249 32.71744709714002 -155.21524797822966 -348.221984242044 248 250 -1
250 32.56766955952548 -155.33948452650836 -348.2521587222479 249 251 -1
251 32.41715629622527 -155.46274007251878 -348.2826932850733 250 252 -1
252 32.26593583690458 -155.5850060054432 -348.3137084779601 251 253 -1
253 32.114040143370225 -155.70627681710772 -348.34532499690175 252 254 -1
254 31.961503213574844 -155.82654826547721 -348.3776632513051 253 255 -1
255 31.808359519916376 -155.94581458848984 -348.41084507529285 254 256 -1
256 31.654645383791014 -156.06407012693697 -348.4449925663089 255 257 -1
257 31.500399114039677 -156.1813092276328 -348.48022773844093 256 258 -1
258 31.345661139343612 -156.29752615384012 -348.5166721523777 257 259 -1
259 31.190474130946004 -156.4127150046581 -348.5544465209843 258 260 -1
260 31.034883111808675 -156.52686964508197 -348.59367028996536 259 261 -1
261 30.878935548081717 -156.63998364842314 -348.63446119367734 260 262 -1
262 30.72268141859148 -156.75205025273243 -348.6769347868568 261 263 -1
263 30.566173249873913 -156.86306233848714 -348.72120391181465 262 264 -1
264 30.409457270658777 -156.97301860139277 -348.7673338746289 263 265 -1
265 30.25255009088765 -157.08193932510198 -348.8152369855335 264 266 -1
266 30.095458610540515 -157.18985162083015 -348.86479038748246 265 267 -1
267 29.938186964842775 -157.29678436736643 -348.9158725986238 266 268 -1
268 29.78073672165106 -157.40276798391352 -348.96836360008524 267 269 -1
269 29.62310707090405 -157.5078342246652 -349.02214485330137 268 270 -1
270 29.46529501044846 -157.61201599089637 -349.07709928164553 269 271 -1
271 29.3072955271434 -157.71534716014554 -349.13311122038067 270 272 -1
272 29.149101772559284 -157.81786243180082 -349.1900663386828 271 273 -1
273 28.99070523294982 -157.9195971881881 -349.2478515372037 272 274 -1
274 28.832095893493 -158.0205873701007 -349.30635482435224 273 275 -1
275 28.673262397070136 -158.12086936559012 -349.36546517418435 274 276 -1
276 28.514192198088416 -158.22047991075465 -349.42507236852185 275 277 -1
277 28.354871712054056 -158.31945600120463 -349.4850668256757 276 278 -1
278 28.195286461776412 -158.41783481284858 -349.5453394179253 277 279 -1
279 28.035421108024217 -158.5156535832645 -349.605781056685 278 280 -1
280 27.875250169730325 -158.61294556994278 -349.66626392305915 279 281 -1
281 27.71472937508878 -158.70973546918214 -349.7266247019119 280 282 -1
282 27.553813338534624 -158.8060482452759 -349.78669551347383 281 283 -1
283 27.392456566097923 -158.90190763951207 -349.84630740047646 282 284 -1
284 27.23061357075088 -158.99733608599269 -349.9052891227171 283 285 -1
285 27.06823942269641 -159.09235489015887 -349.9634666298876 284 286 -1
286 26.905290089553965 -159.18698404592502 -350.02066246102413 285 287 -1
287 26.741722818270325 -159.28124203795122 -350.07669516204766 286 288 -1
288 26.577496566853327 -159.37514562571462 -350.1313787296185 287 289 -1
289 26.412572494018463 -159.46870960633402 -350.18452209147097 288 290 -1
290 26.24691451462584 -159.56194655350114 -350.23592863570946 289 291 -1
291 26.080489928282336 -159.65486653042785 -350.28539580422694 290 292 -1
292 25.913269466724504 -159.7474765291795 -350.33271286252443 291 293 -1
293 25.74522708787605 -159.83977979340628 -350.3776569400741 292 294 -1
294 25.576347057434347 -159.93177765969637 -350.4200114360703 293 295 -1
295 25.406618247046616 -160.02346666566777 -350.4595473319639 294 296 -1
296 25.23603737939041 -160.11483898459022 -350.49602936559836 295 297 -1
297 25.064610163888624 -160.2058819992393 -350.5292165400579 296 298 -1
298 24.892358709201062 -160.29657461399407 -350.5589106107178 297 299 -1
299 24.719339009768465 -160.38687852502315 -350.58511987756594 298 300 -1
300 24.54561412901305 -160.47675279390913 -350.6079220638581 299 301 -1
301 24.371239048446913 -160.56615464129814 -350.62737351197853 300 302 -1
302 24.196276015322294 -160.65505149383333 -350.64359084255307 301 303 -1
303 24.020779264777378 -160.7434111286768 -350.65667542733155 302 304 -1
304 23.844798569384217 -160.8312035639074 -350.6667296912596 303 305 -1
305 23.6683798657326 -160.9184015960536 -350.6738603888481 304 306 -1
306 23.491562817068623 -161.00497653960545 -350.67816020769607 305 307 -1
307 23.314386684634442 -161.0909073237958 -350.67974925221137 306 308 -1
308 23.136887392387862 -161.17617777879272 -350.678757341973 307 309 -1
309 22.959095077480296 -161.26077120573652 -350.67530279535765 308 310 -1
310 22.781036073499003 -161.3446732277544 -350.669505473751 309 311 -1
311 22.602731332312874 -161.4278662800111 -350.66147054537765 310 312 -1
312 22.424201043589402 -161.51034261780347 -350.6513295253664 311 313 -1
313 22.245461805354758 -161.59209687893687 -350.6392132911237 312 314 -1
314 22.066528874644764 -161.6731250449687 -350.6252223055478 313 315 -1
315 21.887421492357788 -161.75342973074999 -350.60940957508336 314 316 -1
316 21.70815759894643 -161.83301023526406 -350.5918095041866 315 317 -1
317 21.52875562978061 -161.91187390145146 -350.5724750532828 316 318 -1
318 21.349232740791567 -161.99002947517133 -350.55146060827633 317 319 -1
319 21.169604314255203 -162.0674834929375 -350.5288136033955 318 320 -1
320 20.989884604954856 -162.144243151775 -350.50458162002104 319 321 -1
321 20.81008664368729 -162.22031504725345 -350.47880962786155 320 322 -1
322 20.63022221861548 -162.2957035234023 -350.4515366884323 321 323 -1
323 20.450302944881663 -162.37042312756543 -350.42282288940885 322 324 -1
324 20.2703387850326 -162.444483304826 -350.3927156589067 323 325 -1
325 20.090338713601454 -162.51789395811747 -350.3612622359938 324 326 -1
326 19.91031075073138 -162.5906654112293 -350.3285096214621 325 327 -1
327 19.730261996972846 -162.66280837307605 -350.2945045337389 326 328 -1
328 19.55019861741135 -162.73433051122723 -350.2592868755289 327 329 -1
329 19.370126072795163 -162.8052455387006 -350.2229074578258 328 330 -1
330 19.19004893360979 -162.87556653969548 -350.18541466892924 329 331 -1
331 19.00997096526664 -162.94530543142767 -350.14685370849844 330 332 -1
332 18.829895198030627 -163.01447435709815 -350.1072693414961 331 333 -1
333 18.649823963546982 -163.0830856590863 -350.06670588067715 332 334 -1
334 18.469758930998832 -163.15115185365696 -350.025207172598 333 335 -1
335 18.289701142769704 -163.21868560716533 -349.98281658690564 334 336 -1
336 18.10965104950266 -163.28569971373295 -349.9395770086768 335 337 -1
337 17.929608556479028 -163.3522062267317 -349.89552952083193 336 338 -1
338 17.749573033004413 -163.41821775392106 -349.85071556445274 337 339 -1
339 17.56954332996209 -163.483748858575 -349.80517891898705 338 340 -1
340 17.389517863397064 -163.54881263785376 -349.75896046037377 339 341 -1
341 17.209494664227783 -163.61342204557695 -349.712100175998 340 342 -1
342 17.029474112884802 -163.6775785136201 -349.66461166552506 341 343 -1
343 16.84946159073762 -163.74126256912217 -349.6164615287704 342 344 -1
344 16.66946349489973 -163.80445240566215 -349.56761149914377 343 345 -1
345 16.48948671111147 -163.86712630736656 -349.51802392883326 344 346 -1
346 16.309538630219716 -163.9292626565286 -349.46766181650673 345 347 -1
347 16.12962716287726 -163.99083994287454 -349.4164888364548 346 348 -1
348 15.949760752351741 -164.05183677450503 -349.36446936914024 347 349 -1
349 15.769948385329934 -164.11223189053035 -349.3115685331047 348 350 -1
350 15.59019960060042 -164.17200417541096 -349.2577522181632 349 351 -1
351 15.410524495495839 -164.2311326750056 -349.20298711979905 350 352 -1
352 15.230933729975595 -164.28959661431912 -349.14724077465394 351 353 -1
353 15.051438528230483 -164.34737541693244 -349.0904815969877 352 354 -1
354 14.872050677693954 -164.40444872608361 -349.03267891596283 353 355 -1
355 14.69278252534853 -164.46079642735927 -348.9738030135913 354 356 -1
356 14.51364697122283 -164.5163986729399 -348.91382516315923 355 357 -1
357 14.33465745898209 -164.57123590733048 -348.8527176679293 356 358 -1
358 14.155827963526418 -164.62528889449314 -348.790453899901 357 359 -1
359 13.97717297552229 -164.67853874628364 -348.7270083383933 358 360 -1
360 13.798708030579217 -164.7309647094976 -348.66235332519426 359 361 -1
361 13.620449038607704 -164.7825473147001 -348.59646370468414 360 362 -1
362 13.442411332768437 -164.83327159440896 -348.5293214825267 361 363 -1
363 13.264611309159484 -164.88312029236846 -348.4609058690042 362 364 -1
364 13.087065759739515 -164.93207665570839 -348.39119736354763 363 365 -1
365 12.909791837978885 -164.9801244684519 -348.3201777869 364 366 -1
366 12.732807021428211 -165.0272480852447 -348.2478303111358 365 367 -1
367 12.556129071300372 -165.07343246509302 -348.1741394872327 366 368 -1
368 12.379779968331581 -165.1186520114055 -348.09907542224175 367 369 -1
369 12.203775137239012 -165.1629018209059 -348.0226381916696 368 370 -1
370 12.028132690913404 -165.20616974212595 -347.9448179162768 369 371 -1
371 11.852871166986434 -165.2484434054985 -347.86560482338507 370 372 -1
372 11.678009947356587 -165.28970926980915 -347.7849879325424 371 373 -1
373 11.50357391967965 -165.32994194311428 -347.7029404183795 372 374 -1
374 11.329575078412581 -165.36914661885388 -347.61947931875267 373 375 -1
375 11.156007197393887 -165.4073287623603 -347.5346576657687 374 376 -1
376 10.98283425782687 -165.44450478679096 -347.44859066131977 375 377 -1
377 10.810014548035538 -165.4806943639798 -347.36140043359853 376 378 -1
378 10.637499410659427 -165.51593480226856 -347.2732237259579 377 379 -1
379 10.465245772550917 -165.55024523394272 -347.1841731214854 378 380 -1
380 10.293211290200562 -165.58363334966518 -347.09435152433264 379 381 -1
381 10.121345767193384 -165.61613872767617 -347.0038849523136 380 382 -1
382 9.949604602244502 -165.64777546821247 -346.912875776453 381 383 -1
383 9.77794179143396 -165.6785518128246 -346.82142477448934 382 384 -1
384 9.606309338354906 -165.70850272772455 -346.72964329523336 383 385 -1
385 9.434660776480799 -165.7376339431864 -346.63762834808773 384 386 -1
386 9.262948287552703 -165.76596168983014 -346.54548190406814 385 387 -1
387 9.091126403457611 -165.79351233940147 -346.4533037435286 386 388 -1
388 8.919144556372501 -165.82028211973056 -346.36119383392696 387 389 -1
389 8.746958143621407 -165.84629844037585 -346.26925040263706 388 390 -1
390 8.574520958791037 -165.87157405271032 -346.1775707139217 389 391 -1
391 8.401779847945814 -165.89610636809223 -346.08626206529004 390 392 -1
392 8.228695272889322 -165.91992362536834 -345.99541576949304 391 393 -1
393 8.055215853669885 -165.94302583725445 -345.90513978436877 392 394 -1
394 7.88129381025057 -165.96542143567427 -345.8155400483093 393 395 -1
395 7.70688979746118 -165.98712858416275 -345.72671112103666 394 396 -1
396 7.531947910011893 -166.0081412862073 -345.6387774797858 395 397 -1
397 7.356428547317821 -166.02847435493172 -345.551840694724 396 398 -1
398 7.18029179716081 -166.04813832209464 -345.46600571551824 397 399 -1
399 7.003480289421251 -166.06712473216328 -345.38141462637316 398 400 -1
400 6.825960881154718 -166.08544829093114 -345.29817104556514 399 401 -1
401 6.647695342901977 -166.10311528791803 -345.2163930739263 400 402 -1
402 6.468632007854491 -166.12011910229566 -345.13623368658085 401 403 -1
403 6.288737051448673 -166.13646630968523 -345.0578192041857 402 404 -1
404 6.107994356110246 -166.15216102789205 -344.9812425408525 403 405 -1
405 5.926416385176287 -166.16719652930757 -344.9065320957278 404 406 -1
406 5.744009534898188 -166.18155468981564 -344.8337319686733 405 407 -1
407 5.560808940343196 -166.19524070096003 -344.76282031302884 406 408 -1
408 5.376835115454609 -166.20824804218918 -344.6938082449526 407 409 -1
409 5.192109109141024 -166.22057045478795 -344.62670594168765 408 410 -1
410 5.006645936988671 -166.2321955153103 -344.5615404205304 409 411 -1
411 4.820471861325092 -166.24312105161403 -344.4983099529656 410 412 -1
412 4.633612769758683 -166.25334497497488 -344.43701253488723 411 413 -1
413 4.4460913824367 -166.2628621247258 -344.3776544984224 412 414 -1
414 4.257930758917182 -166.2716676253768 -344.32024119198536 413 415 -1
415 4.069154257376132 -166.2797568890495 -344.2647769782667 414 416 -1
416 3.8797800931928363 -166.28711871715777 -344.21128384727194 415 417 -1
417 3.689838210749613 -166.2937562458353 -344.15974475460774 416 418 -1
418 3.4993526835977864 -166.2996659039678 -344.1101607304659 417 419 -1
419 3.308347594173023 -166.30484425016274 -344.0625322672578 418 420 -1
420 3.1168527538110373 -166.30928801093197 -344.0168349701255 419 421 -1
421 2.9249271897499893 -166.31299378846506 -343.9729124129653 420 422 -1
422 2.732637443224382 -166.3159589220756 -343.9305534373314 421 423 -1
423 2.540045692983328 -166.31818173633567 -343.88954168921526 422 424 -1
424 2.3472096298524185 -166.3196594346553 -343.84965929857555 423 425 -1
425 2.154184345937317 -166.32039154601085 -343.81068146690427 424 426 -1
426 1.9610225236447956 -166.32038137633933 -343.772378721778 425 427 -1
427 1.7677738180273623 -166.3196302924976 -343.73452399736266 426 428 -1
428 1.5744863908118967 -166.31814028792084 -343.6968893667214 427 429 -1
429 1.3812076093076127 -166.31591395782303 -343.6592466983076 428 430 -1
430 1.187984753086404 -166.31295449154365 -343.6213682923343 429 431 -1
431 0.9948657010437141 -166.30926567840868 -343.58302758809646 430 432 -1
432 0.801889866662227 -166.30484968135397 -343.5440480554834 431 433 -1
433 0.6090598608843706 -166.2997002876751 -343.50444173973017 432 434 -1
434 0.4163678391769184 -166.29380865881197 -343.4642712146282 433 435 -1
435 0.22380643153173607 -166.28716055630184 -343.4235955630659 434 436 -1
436 0.03136618820806685 -166.27975189391148 -343.3824803000145 435 437 -1
437 -0.16096161082868327 -166.27157321906648 -343.34098660079695 436 438 -1
438 -0.3531858540531165 -166.26261481211915 -343.29917526544733 437 439 -1
439 -0.5453155463592657 -166.25286667577748 -343.2571067892266 438 440 -1
440 -0.7373597582732425 -166.2423185254637 -343.2148414338951 439 441 -1
441 -0.9293275760571708 -166.23095978063745 -343.1724392994982 440 442 -1
442 -1.121228052364216 -166.21877955712986 -343.12996039643724 441 443 -1
443 -1.3130700498510868 -166.2057648262831 -343.087464813792 442 444 -1
444 -1.504862329640512 -166.1919011403173 -343.04501335835255 443 445 -1
445 -1.6966138672036184 -166.17718131777266 -343.0026662913185 444 446 -1
446 -1.8883330757461447 -166.16159319926496 -342.9604839682381 445 447 -1
447 -2.0800277711183472 -166.14512056026194 -342.9185270748866 446 448 -1
448 -2.2717046147562887 -166.12773801475663 -342.87685680285654 447 449 -1
449 -2.463369565198998 -166.10941840011 -342.8355347993183 448 450 -1
450 -2.6550279204880813 -166.09013422259054 -342.7946232044282 449 451 -1
451 -2.846684247560786 -166.0698576600222 -342.75418470989405 450 452 -1
452 -3.0383423116563537 -166.04855988924916 -342.7142830027416 451 453 -1
453 -3.23000502995796 -166.02620707945417 -342.67498545630696 452 454 -1
454 -3.421674289356047 -166.00277645738947 -342.63635356172557 453 455 -1
455 -3.613350940920793 -165.97823903016493 -342.59845267010996 454 456 -1
456 -3.80503470286956 -165.95256555434653 -342.5613489083106 455 457 -1
457 -3.996724070254601 -165.92572656679044 -342.5251092069957 456 458 -1
458 -4.188416221289874 -165.89769242169933 -342.48980132111046 457 459 -1
459 -4.380106920503279 -165.8684333343623 -342.4554938418315 458 460 -1
460 -4.571791530316584 -165.8379206556808 -342.42226153247685 459 461 -1
461 -4.763474137373696 -165.80613729101833 -342.39023088663987 460 462 -1
462 -4.95516263011567 -165.7730732088958 -342.3595613874525 461 463 -1
463 -5.146861781539077 -165.73871859105816 -342.3304154383467 462 464 -1
464 -5.338572680504204 -165.70306387500287 -342.30295781340834 463 465 -1
465 -5.530292274044579 -165.66609996273897 -342.2773556614455 464 466 -1
466 -5.7220128918564415 -165.62781845419252 -342.2537784353228 465 467 -1
467 -5.913721756754768 -165.58821190589438 -342.2323977355535 466 468 -1
468 -6.105400486704199 -165.54727411503447 -342.21338705668757 467 469 -1
469 -6.297024596109598 -165.5050004282404 -342.1969214248925 468 470 -1
470 -6.488562953779832 -165.4613875025638 -342.18317815073465 469 471 -1
471 -6.679977453785429 -165.41643552901368 -342.1723323004731 470 472 -1
472 -6.871222501249844 -165.37014673794425 -342.1645596051041 471 473 -1
473 -7.06224461746779 -165.3225260974515 -342.16003511145396 472 474 -1
474 -7.252982145838045 -165.27358192604706 -342.1589316794808 473 475 -1
475 -7.443365064898419 -165.22332626522837 -342.16141737125724 474 476 -1
476 -7.633318690443744 -165.17177417578785 -342.16754284160265 475 477 -1
477 -7.822775086298286 -165.11894070584327 -342.1771609800151 476 478 -1
478 -8.011675603073286 -165.06484044502662 -342.1901013702242 477 479 -1
479 -8.199969898992128 -165.00948626385807 -342.2061933565407 478 480 -1
480 -8.387616002392582 -164.95289030434924 -342.2252640364185 479 481 -1
481 -8.57457956741319 -164.89506329646625 -342.24714059700455 480 482 -1
482 -8.760833360994663 -164.83601453767074 -342.2716508328766 481 483 -1
483 -8.946356700387232 -164.77575183124577 -342.29862371514093 482 484 -1
484 -9.131134876631574 -164.71428143633545 -342.3278898641715 483 485 -1
485 -9.315158581485804 -164.6516080384041 -342.35928190628584 484 486 -1
486 -9.498423346964431 -164.58773473717812 -342.392634725174 485 487 -1
487 -9.680929004321511 -164.52266304941517 -342.4277856191536 486 488 -1
488 -9.86267916725546 -164.45639292416578 -342.46457437516676 487 489 -1
489 -10.043680742344993 -164.38892276854824 -342.50284327001305 488 490 -1
490 -10.223943414594583 -164.32024965843232 -342.5424375523372 489 491 -1
491 -10.403475680685244 -164.25038074907718 -342.58324018560546 490 492 -1
492 -10.582281040332088 -164.17934320086388 -342.62520064672685 491 493 -1
493 -10.760363131012998 -164.1071658598732 -342.66827718990595 492 494 -1
494 -10.937726421485541 -164.0338766974457 -342.7124288569829 493 495 -1
495 -11.1143761469692 -163.9595028179371 -342.75761546772213 494 496 -1
496 -11.290318248456249 -163.88407046877586 -342.8037976063862 495 497 -1
497 -11.465558279248222 -163.8076035459067 -342.85093797745185 496 498 -1
498 -11.64010111729594 -163.73012336712105 -342.89900147834067 497 499 -1
499 -11.813957836132701 -163.6516585838264 -342.9479463292041 498 500 -1
500 -11.987136705075317 -163.57223217341874 -342.9977359478419 499 501 -1
501 -12.159646454070739 -163.4918663293846 -343.04833440839946 500 502 -1
502 -12.331496235545814 -163.41058247934964 -343.09970641241665 501 503 -1
503 -12.502695589601688 -163.3284013037197 -343.151817258109 502 504 -1
504 -12.673254412404823 -163.24534275475844 -343.20463280804853 503 505 -1
505 -12.843182927625355 -163.1614260759669 -343.25811945538675 504 506 -1
506 -13.012491660776117 -163.07666982164488 -343.31224408873527 505 507 -1
507 -13.18118915909928 -162.99108884003323 -343.36697621735124 506 508 -1
508 -13.34928706537702 -162.9047011605118 -343.4222828273861 507 509 -1
509 -13.516798604308407 -162.81752595868417 -343.4781301830583 508 510 -1
510 -13.683735325798525 -162.72957923737275 -343.5344867818658 509 511 -1
511 -13.85010898974131 -162.64087640686495 -343.5913214268163 510 512 -1
512 -14.015931554775698 -162.55143230399216 -343.6486031845739 511 513 -1
513 -14.181215169027583 -162.46126121095332 -343.7063013425116 512 514 -1
514 -14.345972162727753 -162.37037687386533 -343.7643853646333 513 515 -1
515 -14.510215042601928 -162.27879252102983 -343.8228248463107 514 516 -1
516 -14.673956487934754 -162.18652088091557 -343.8815894677632 515 517 -1
517 -14.837209348215689 -162.09357419986213 -343.9406489461948 516 518 -1
518 -15.0 -162.0 -344.0 517 519 520
519 -14.987020385328512 -162.11541492312816 -344.126526786428 518 521 -1
520 -15.129422133694925 -161.86626036427197 -343.86107531574504 518 522 -1
521 -14.973564651464558 -162.22849069293665 -344.2552402127638 519 523 -1
522 -15.259075128206515 -161.7327416915367 -343.7220692007378 520 524 -1
523 -14.959659952856224 -162.33911158238587 -344.38602232718017 521 525 -1
524 -15.388817375908287 -161.59929135920333 -343.58308073712715 522 526 -1
525 -14.945296437160415 -162.44716040119616 -344.51888840967916 523 527 -1
526 -15.51864438355423 -161.46590737418026 -343.44410773338893 524 528 -1
527 -14.930467255931084 -162.55253155570213 -344.65383738099786 525 529 -1
528 -15.64855165346226 -161.33258773552535 -343.3051479895756 526 530 -1
529 -14.91517040184385 -162.65514355554177 -344.790844446685 527 531 -1
530 -15.77853468330062 -161.19933043464943 -343.16619929751994 528 532 -1
531 -14.899399264860774 -162.75488402095974 -344.9299029280143 529 533 -1
532 -15.908588965869146 -161.06613345552026 -343.0272594410383 530 534 -1
533 -14.883151520081894 -162.8516618757656 -345.0709849349742 531 535 -1
534 -16.038709988877546 -160.93299477486488 -342.8883261961352 532 536 -1
535 -14.86642884430415 -162.94540880603387 -345.2140440485701 533 537 -1
536 -16.168893234719118 -160.79991236237382 -342.74939733120675 534 538 -1
537 -14.849230697781758 -163.03604030922182 -345.35904145915697 535 539 -1
538 -16.29913418024152 -160.66688418090342 -342.6104706072465 536 540 -1
539 -14.831556825595841 -163.12347063681503 -345.50593488615175 537 541 -1
540 -16.429428296513326 -160.5339081866798 -342.4715437780499 538 542 -1
541 -14.813413352107187 -163.20765587812755 -345.6546551812398 539 543 -1
542 -16.55977104858762 -160.40098232950177 -342.3326145904209 540 544 -1
543 -14.794806420280992 -163.2885532389749 -345.80513259413055 541 545 -1
544 -16.69015789526205 -160.26810455294475 -342.1936807843779 542 546 -1
545 -14.77574348064149 -163.36613050203192 -345.9572918703435 543 547 -1
546 -16.820584288836187 -160.1352727945641 -342.05474009336217 544 548 -1
547 -14.75623366102087 -163.44037000057187 -346.1110513743979 545 549 -1
548 -16.951045674865117 -160.00248498609997 -341.9157902444451 546 550 -1
549 -14.736285747084375 -163.51125439297067 -346.2663305402672 547 551 -1
550 -17.08153749191122 -159.86973905368154 -341.7768289585381 548 552 -1
551 -14.715914188869077 -163.57881475129705 -346.4230299931117 549 553 -1
552 -17.21205518793934 -159.73703294749248 -341.6378539381113 550 554 -1
553 -14.695133045918984 -163.64308631375545 -346.5810536008008 551 555 -1
554 -17.342594165191507 -159.60436455496227 -341.4988628989676 552 556 -1
555 -14.673957523356167 -163.70412133873026 -346.7403036048369 553 557 -1
556 -17.473149836759998 -159.47173178252345 -341.3598535459208 554 558 -1
557 -14.65240015705292 -163.7619579746111 -346.9006922248281 555 559 -1
558 -17.603717610250044 -159.33913253571396 -341.2208235771303 556 560 -1
559 -14.630480731319642 -163.81670497044053 -347.06211295619624 557 561 -1
560 -17.73429288498942 -159.20656471549282 -341.08177068565846 558 562 -1
561 -14.608216699269649 -163.8684629869577 -347.2244701449483 559 563 -1
562 -17.864871051765395 -159.07402621844895 -340.9426925596872 560 564 -1
563 -14.585622918488285 -163.91732119077204 -347.3876783239901 561 565 -1
564 -17.995447492560302 -158.94151493701042 -340.8035868827378 562 566 -1
565 -14.562721444050423 -163.9634444910098 -347.55163794079834 563 567 -1
566 -18.126017580284405 -158.8090287596561 -340.6644513338895 564 568 -1
567 -14.53952603587 -164.0069367732087 -347.716274101324 565 569 -1
568 -18.256576678508374 -158.67656557112673 -340.5252835880024 566 570 -1
569 -14.51605907503086 -164.04799174057007 -347.88149679086104 567 571 -1
570 -18.387120134459504 -158.54412325886588 -340.38608130370375 568 572 -1
571 -14.492334415867234 -164.08673938418036 -348.0472393082309 569 573 -1
572 -18.51764327433332 -158.41169970758096 -340.24684212487415 570 574 -1
573 -14.468373303762394 -164.12338805415288 -348.2134248268159 571 575 -1
574 -18.648141444678778 -158.27929277447652 -340.1075637436732 572 576 -1
575 -14.444190086737366 -164.1580966051522 -348.37999446945537 573 577 -1
576 -18.778609968531455 -158.14690033128335 -339.96824382011414 574 578 -1
577 -14.419803793519362 -164.19107586130335 -348.5468857193171 575 579 -1
578 -18.90904415822565 -158.01452024707555 -339.82888001113054 576 580 -1
579 -14.395229878981981 -164.22251561141715 -348.71404653407956 577 581 -1
580 -19.03943931512055 -157.88215038849094 -339.6894699708116 578 582 -1
581 -14.370484493619168 -164.25262086591295 -348.8814277139757 579 583 -1
582 -19.16979072932577 -157.7497886199536 -339.5500113506396 580 584 -1
583 -14.345584275621443 -164.28160679617085 -349.0489835568278 581 585 -1
584 -19.300093679426464 -157.6174328038983 -339.41050179972905 582 586 -1
585 -14.32054284251018 -164.30967421430995 -349.21667478292335 583 587 -1
586 -19.430343369350155 -157.4850808028343 -339.27093890468757 584 588 -1
587 -14.295376994593653 -164.33704942549625 -349.38446186021827 585 589 -1
588 -19.560535083279614 -157.35273046932122 -339.1313203444816 586 590 -1
589 -14.27010093549307 -164.36394570936255 -349.5523098733304 587 591 -1
590 -19.690664081139122 -157.22037965970057 -338.99164378044446 588 592 -1
591 -14.244729296340932 -164.3905827698152 -349.7201848321333 589 593 -1
592 -19.820725592174597 -157.08802623053367 -338.8519068544528 590 594 -1
593 -14.219277402061861 -164.41718141515585 -349.8880537382664 591 595 -1
594 -19.950714832732714 -156.95566803754667 -338.71210720725884 592 596 -1
595 -14.193759417936915 -164.44396317646584 -350.0558834712356 593 597 -1
596 -20.080627005988337 -156.8233029358685 -338.5722424787478 594 598 -1
597 -14.168190753247169 -164.47114819419255 -350.2236405920483 595 599 -1
598 -20.210457247545442 -156.69092877328316 -338.43231026461643 596 600 -1
599 -14.142586625485423 -164.49895381035245 -350.3912904869319 597 601 -1
600 -20.34020068762943 -156.55854339512985 -338.2923081703677 598 602 -1
601 -14.11696245872655 -164.52760695714232 -350.55879444835796 599 603 -1
602 -20.46985256938201 -156.42614466504412 -338.1522339018617 600 604 -1
603 -14.091334507871633 -164.55731443335355 -350.72611393037954 601 605 -1
604 -20.59940804007347 -156.29373043799885 -338.0120850979476 602 606 -1
605 -14.065719330142624 -164.58829559544765 -350.89320408616635 603 607 -1
606 -20.728862232455093 -156.16129856959827 -337.87185939795086 604 608 -1
607 -14.04013415369777 -164.62075872070994 -351.0600170907774 605 609 -1
608 -20.858210264495444 -156.0288469163325 -337.73155444195146 606 610 -1
609 -14.01459303270251 -164.65478489482933 -351.22652509726197 607 611 -1
610 -20.987447079554777 -155.89637330273615 -337.59116775550814 608 612 -1
611 -13.989106810825321 -164.69034342300267 -351.3927210804974 609 613 -1
612 -21.11656785461348 -155.76387560284383 -337.4506970496193 610 614 -1
613 -13.963684355254193 -164.7273559036393 -351.5586091302429 611 615 -1
614 -21.245567710038642 -155.6313516868192 -337.31014000402877 612 616 -1
615 -13.938335466521233 -164.76577568591023 -351.72418823869293 613 617 -1
616 -21.37444170154753 -155.4987994171171 -337.16949426451123 614 618 -1
617 -13.913068958486882 -164.80554087792717 -351.8894620415043 615 619 -1
618 -21.50318486879132 -155.36621665839883 -337.0287574790577 616 620 -1
619 -13.887893487587181 -164.84659404372331 -352.0544346017859 617 621 -1
620 -21.631792048271254 -155.23360123170164 -336.88792717111096 618 622 -1
621 -13.862818024346014 -164.88888501366245 -352.21910948644523 619 623 -1
622 -21.760258321043548 -155.10095102233726 -336.747001048008 620 624 -1
623 -13.837850058778981 -164.9323501426007 -352.3834947628574 621 625 -1
624 -21.88857876512078 -154.96826392435446 -336.60597682695584 622 626 -1
625 -13.812998800269222 -164.976946921495 -352.547594391323 623 627 -1
626 -22.016748352911776 -154.83553781384794 -336.4648521677212 624 628 -1
627 -13.78827067288673 -165.02260921772776 -352.71141939251777 625 629 -1
628 -22.144762039560188 -154.70277057052863 -336.3236247338616 626 630 -1
629 -13.76367509735104 -165.0692988562456 -352.87497458542134 627 631 -1
630 -22.272614410184637 -154.56995998173514 -336.1822919649141 628 632 -1
631 -13.7392176336613 -165.11695010968722 -353.03827297828565 629 633 -1
632 -22.400300707798095 -154.43710402051948 -336.04085174618854 630 634 -1
633 -13.714907795289102 -165.16552652916798 -353.2013206584916 631 635 -1
634 -22.52781583664228 -154.3042005798094 -335.89930175626193 632 636 -1
635 -13.690750560651551 -165.21496490177196 -353.3641317926373 633 637 -1
636 -22.65515468002601 -154.1712475565995 -335.75763967703176 634 638 -1
637 -13.666755344901775 -165.2652285796847 -353.5267140471534 635 639 -1
638 -22.78231183121392 -154.0382427747136 -335.6158630259142 636 640 -1
639 -13.64292688819905 -165.31625825017454 -353.689082088177 637 641 -1
640 -22.909282231665895 -153.90518416691154 -335.4739695590432 638 642 -1
641 -13.619274261896377 -165.3680157731696 -353.8512453439282 639 643 -1
642 -23.03606085630736 -153.77206968848705 -335.3319570689208 640 644 -1
643 -13.595802353462124 -165.42044646873632 -354.0132185097908 641 645 -1
644 -23.162642513311535 -153.6388972587046 -335.18982326142066 642 646 -1
645 -13.572519607909399 -165.47350998116465 -354.17501281539404 643 647 -1
646 -23.289021716106095 -153.50566472072853 -335.04756568206074 644 648 -1
647 -13.549431470434202 -165.52715641993078 -354.3366427076118 645 649 -1
648 -23.415193262716123 -153.37237001364167 -334.9051820714963 646 650 -1
649 -13.526545456674848 -165.58134299073149 -354.4981211110172 647 651 -1
650 -23.54115211929258 -153.239011141081 -334.7626702897522 648 652 -1
651 -13.50386798853242 -165.63602425443662 -354.6594621305864 649 653 -1
652 -23.66689301598344 -153.10558604985755 -334.62002807267834 650 654 -1
653 -13.481405344559503 -165.69115518080923 -354.8206801410154 651 655 -1
654 -23.792410266953205 -152.9720925726926 -334.47725293068004 652 656 -1
655 -13.459165335518438 -165.74669403331006 -354.98178897789137 653 657 -1
656 -23.91769874911524 -152.83852872800455 -334.3343427308956 654 658 -1
657 -13.43715270569184 -165.80259409566997 -355.1428040996578 655 659 -1
658 -24.0427533089871 -152.70489254090248 -334.1912953407787 656 660 -1
659 -13.41537704533226 -165.85881625951782 -355.3037392839642 657 661 -1
660 -24.167568593141876 -152.57118199034582 -334.0481085307155 658 662 -1
661 -13.39384189844235 -165.91531350729434 -355.4646104898651 659 663 -1
662 -24.292138575363495 -152.4373948599735 -333.904779705846 660 664 -1
663 -13.372557171925521 -165.97204633950506 -355.625432112123 661 665 -1
664 -24.416458488217867 -152.30352934242612 -333.7613070226024 662 666 -1
665 -13.35152724359421 -166.0289699379715 -355.7862198453262 663 667 -1
666 -24.54052291973304 -152.16958344633386 -333.61768828487493 664 668 -1
667 -13.330760690414227 -166.08604299054053 -355.9469888313615 665 669 -1
668 -24.664326083117214 -152.0355550785212 -333.4739211079569 666 670 -1
669 -13.310263978471909 -166.14322269437895 -356.1077545510936 667 671 -1
670 -24.787862474498993 -151.9014422517463 -333.33000329418354 668 672 -1
671 -13.290043886869283 -166.2004666057725 -356.2685324506939 669 673 -1
672 -24.91112698754468 -151.767243122995 -333.1859328922366 670 674 -1
673 -13.270109166727114 -166.25773239704066 -356.4293381915995 671 675 -1
674 -25.034114045248955 -151.63295571849642 -333.04170770913066 672 676 -1
675 -13.250464737844899 -166.31497758621663 -356.5901869852124 673 677 -1
676 -25.156817469832866 -151.4985778910233 -332.8973252464536 674 678 -1
677 -13.231121744787991 -166.372158852593 -356.75109503362404 675 679 -1
678 -25.279232429226322 -151.3641079415358 -332.75278377700323 676 680 -1
679 -13.212083726581623 -166.42923443486777 -356.91207695520455 677 681 -1
680 -25.401353365281903 -151.22954395935253 -332.6080811944552 678 682 -1
681 -13.193362886888584 -166.48615935065888 -357.07314939105584 679 683 -1
682 -25.5231739434126 -151.09488380480371 -332.463214997964 680 684 -1
683 -13.174963228500427 -166.54289220480612 -357.234326557792 681 685 -1
684 -25.644689138636753 -150.96012577783867 -332.3181834276925 682 686 -1
685 -13.156896360271418 -166.5993869459512 -357.3956249553216 683 687 -1
686 -25.765893470189567 -150.8252680535213 -332.1729844994648 684 688 -1
687 -13.139167939936415 -166.65560137882636 -357.5570587752681 685 689 -1
688 -25.88678062666189 -150.69030856156343 -332.02761581257346 686 690 -1
689 -13.121788869294946 -166.7114887337533 -357.718644063649 687 691 -1
690 -26.007345272203377 -150.5552455663053 -331.8820755182841 688 692 -1
691 -13.104766118708907 -166.76700554559105 -357.8803949207459 689 693 -1
692 -26.127582024047403 -150.42007733917927 -331.73636176731486 690 694 -1
693 -13.088110385991452 -166.82210412913443 -358.0423268763025 691 695 -1
694 -26.247484518171788 -150.28480185924025 -331.5904722220974 692 696 -1
695 -13.071829444646058 -166.87673978361445 -358.2044536700388 693 697 -1
696 -26.36704725732281 -150.14941740669403 -331.4444050324959 694 698 -1
697 -13.05593446316691 -166.93086316373012 -358.36679043280907 695 699 -1
698 -26.486264885074448 -150.01392233008914 -331.2981584478292 696 700 -1
699 -13.040433408751525 -166.9844293461471 -358.5293499344317 697 701 -1
700 -26.60513089943107 -149.87831463470556 -331.15173015386665 698 702 -1
701 -13.025342898457213 -167.03740367764024 -358.6921418372562 699 703 -1
702 -26.723639811854696 -149.74259267486866 -331.0051183929397 700 704 -1
703 -13.010679722980862 -167.08978404467564 -358.8551648240533 701 705 -1
704 -26.841786210826637 -149.60675485370305 -330.85832147362026 702 706 -1
705 -12.996469175302545 -167.14155953984908 -359.0184209471767 703 707 -1
706 -26.959563362266127 -149.47079917707492 -330.7113370630887 704 708 -1
707 -12.982726663300358 -167.19273254809326 -359.1819069350732 705 709 -1
708 -27.07696597563089 -149.33472413734367 -330.5641635950302 706 710 -1
709 -12.969479814847281 -167.24328996529016 -359.3456251934285 707 711 -1
710 -27.193988493877253 -149.19852816692318 -330.41679939552614 708 712 -1
711 -12.956744119592436 -167.2932339996589 -359.50957210897815 709 713 -1
712 -27.31062384892403 -149.06220924470722 -330.2692420698425 710 714 -1
713 -12.944544734024987 -167.34255520059884 -359.67374819849755 711 715 -1
714 -27.426867154918273 -148.92576606945434 -330.12149034545996 712 716 -1
715 -12.93290237913656 -167.39124963842673 -359.83815165775064 713 717 -1
716 -27.542712435506083 -148.7891970201229 -329.97354243666996 714 718 -1
717 -12.921836653505242 -167.439314530819 -360.0027800436824 715 719 -1
718 -27.658152705741696 -148.65250018568307 -329.82539610047473 716 720 -1
719 -12.911375572149272 -167.48673827895644 -360.167633737308 717 721 -1
720 -27.77318520140537 -148.5156747818663 -329.6770513961793 718 722 -1
721 -12.901534741316175 -167.53352251480203 -360.3327081908029 719 723 -1
722 -27.88781780273485 -148.37872195839432 -329.52851483611863 720 724 -1
723 -12.892340384040356 -167.57965785705622 -360.4980023972591 721 725 -1
724 -28.00206355215532 -148.24164388116083 -329.37979587478867 722 726 -1
725 -12.8838151810076 -167.62513880853746 -360.66351366461055 723 727 -1
726 -28.115936637499676 -148.10444301863313 -329.23090442130245 724 728 -1
727 -12.875977947120814 -167.6699635417577 -360.8292378168902 725 729 -1
728 -28.229449666440765 -147.96712124695645 -329.08184958035207 726 730 -1
729 -12.868857278905944 -167.71412106990138 -360.99517328730656 727 731 -1
730 -28.34261679761073 -147.82968089152695 -328.93264109383665 728 732 -1
731 -12.862472639476652 -167.7576090938661 -361.16131537466345 729 733 -1
732 -28.455451988618794 -147.69212415584008 -328.78328852905366 730 734 -1
733 -12.856844922973767 -167.80042382905114 -361.3276595691549 731 735 -1
734 -28.567968020422615 -147.55445275677684 -328.63380089099763 732 736 -1
735 -12.852003473960846 -167.84255419355623 -361.4942031195723 733 737 -1
736 -28.68017980989998 -147.416669120704 -328.48418802304417 734 738 -1
737 -12.847967357676028 -167.88399818097582 -361.66094021690225 735 739 -1
738 -28.792100871607037 -147.27877511272368 -328.3344591153917 736 740 -1
739 -12.844758020551275 -167.9247515718315 -361.82786538883477 737 741 -1
740 -28.903744996820272 -147.14077263659496 -328.1846234253848 738 742 -1
741 -12.842403596646049 -167.9648046938569 -361.99497419868464 739 743 -1
742 -29.015126815764923 -147.00266388390216 -328.0346904678122 740 744 -1
743 -12.840926173206915 -168.004152966882 -362.16226040088475 741 745 -1
744 -29.126259813590817 -146.86445053350477 -327.8846692817251 742 746 -1
745 -12.840345869507605 -168.04279326069687 -362.3297170484665 743 747 -1
746 -29.23715851308983 -146.72613464964368 -327.7345692314048 744 748 -1
747 -12.840687383443608 -168.0807187862317 -362.49733768138236 745 749 -1
748 -29.3478373086737 -146.58771822096546 -327.5843995687541 746 750 -1
749 -12.841979710642196 -168.117919613815 -362.6651159924949 747 751 -1
750 -29.45830972427585 -146.44920278025876 -327.43416924625797 748 752 -1
751 -12.844239472423272 -168.1543952047841 -362.83304320523735 749 753 -1
752 -29.568590714909547 -146.31059051455523 -327.28388759353277 750 754 -1
753 -12.847489934037911 -168.19013985727014 -363.0011112757378 751 755 -1
754 -29.678694371457105 -146.17188317245302 -327.1335636405104 752 756 -1
755 -12.851757948731237 -168.22514529000932 -363.1693121234144 753 757 -1
756 -29.788634718967348 -146.0330824144805 -326.983206389827 754 758 -1
757 -12.857067493184461 -168.25940538696398 -363.3376367147227 755 759 -1
758 -29.898426455658942 -145.89419027642515 -326.8328249341609 756 760 -1
759 -12.863437060090044 -168.29291783944112 -363.50607498023425 757 761 -1
760 -30.00808367032905 -145.75520841985758 -326.68242821587774 758 762 -1
761 -12.870889378171775 -168.32567721899215 -363.67461693294007 759 763 -1
762 -30.117620624120246 -145.6161385837751 -326.53202518791915 760 764 -1
763 -12.879450715449364 -168.3576756598541 -363.84325235836303 761 765 -1
764 -30.227051815098886 -145.47698269990047 -326.38162475882535 762 766 -1
765 -12.88914422059975 -168.38890746548057 -364.01197018555325 763 767 -1
766 -30.33639135261215 -145.33774239206605 -326.2312358061286 764 768 -1
767 -12.899987492323683 -168.41937056535076 -364.18075853974443 765 769 -1
768 -30.445653523124243 -145.19841942520847 -326.08086717888915 766 770 -1
769 -12.912002240722497 -168.44905999572273 -364.34960541305094 767 771 -1
770 -30.554852658575257 -145.0590156763276 -325.9305276338481 768 772 -1
771 -12.925211593354033 -168.47796981093776 -364.5184983393104 769 773 -1
772 -30.66400287152876 -144.919532781261 -325.7802259762589 770 774 -1
773 -12.939641573149128 -168.50609219775336 -364.68742431491347 771 775 -1
774 -30.77311834294239 -144.77997247749832 -325.6299709569648 772 776 -1
775 -12.955306214967619 -168.53342696114288 -364.8563695601827 773 777 -1
776 -30.88221323707241 -144.64033663721736 -325.47977118504934 774 778 -1
777 -12.972225664570601 -168.55996981881987 -365.02532005683656 775 779 -1
778 -30.991301600219117 -144.50062695674788 -325.32963534835284 776 780 -1
779 -12.990419582691391 -168.58571669754372 -365.19426130070894 777 781 -1
780 -31.100397481433802 -144.36084509447173 -325.17957217889375 778 782 -1
781 -13.009914457655544 -168.6106592492674 -365.363178086032 779 783 -1
782 -31.209514827754575 -144.22099296654144 -325.02959010650454 780 784 -1
783 -13.030723405180115 -168.63479730535366 -365.53205493653 781 785 -1
784 -31.31866751290448 -144.08107233876797 -324.87969766486134 782 786 -1
785 -13.052862827537224 -168.65812848203902 -365.70087597497644 783 787 -1
786 -31.427869474707276 -143.94108485248734 -324.7299035735036 784 788 -1
787 -13.076350082208796 -168.68064968028781 -365.8696248596423 785 789 -1
788 -31.537134414248072 -143.8010324046491 -324.58021616878995 786 790 -1
789 -13.101206340441081 -168.7023554011625 -366.03828449047785 787 791 -1
790 -31.646475965342184 -143.66091683022114 -324.4306438285243 788 792 -1
791 -13.127428191064899 -168.723243014162 -366.20684061722886 789 793 -1
792 -31.7559077088482 -143.52073994183425 -324.28119495060656 790 794 -1
793 -13.154955087734715 -168.7433146824819 -366.37528779674113 791 795 -1
794 -31.865443405818297 -143.38050343688934 -324.13187821676564 792 796 -1
795 -13.183723933712814 -168.76256992508831 -366.5436227604555 793 797 -1
796 -31.97509625413397 -143.24020930081488 -323.9827016737274 794 798 -1
797 -13.213674618278466 -168.7810065513789 -366.7118432611806 795 799 -1
798 -32.08487955762252 -143.09985939980072 -323.8336736098422 796 800 -1
799 -13.244747373546488 -168.79862211626482 -366.8799482117439 797 801 -1
800 -32.19480652646808 -142.95945561671374 -323.6848022862146 798 802 -1
801 -13.27687421628903 -168.81542086717369 -367.04793860670867 799 803 -1
802 -32.30489046146345 -142.8189997981058 -323.5360961278715 800 804 -1
803 -13.309993669859901 -168.83140297165608 -367.215815919305 801 805 -1
804 -32.41514433356121 -142.67849389537662 -323.38756328432606 802 806 -1
805 -13.34404744945324 -168.84656611538594 -367.3835822779275 803 807 -1
806 -32.525580892927245 -142.5379399013574 -323.2392117724624 804 808 -1
807 -13.378975899244498 -168.86090910118676 -367.5512409210197 805 809 -1
808 -32.636212904334066 -142.39733978981036 -323.09104971263923 806 810 -1
809 -13.41471445143609 -168.87443616781167 -367.71879663785023 807 811 -1
810 -32.747053011038346 -142.25669556013756 -322.94308518972036 808 812 -1
811 -13.451203510598722 -168.8871476010984 -367.8862544619547 809 813 -1
812 -32.85811404346716 -142.1160088441074 -322.7953268637616 810 814 -1
813 -13.488387424875688 -168.89903913888656 -368.05361966635525 811 815 -1
814 -32.96941134199886 -141.97527834533395 -322.64778817480243 812 816 -1
815 -13.526205006936106 -168.9101130769691 -368.22089897028803 813 817 -1
816 -33.080960452862904 -141.8345016552447 -322.5004839159112 814 818 -1
817 -13.564595991677333 -168.92037184595188 -368.38809963491536 815 819 -1
818 -33.1927771138414 -141.6936763729543 -322.3534291708199 816 820 -1
819 -13.603502726506655 -168.92981500073958 -368.555229147578 817 821 -1
820 -33.304876916879664 -141.55280017700545 -322.2066390009936 818 822 -1
821 -13.642870568750835 -168.9384362482063 -368.72229510037647 819 823 -1
822 -33.41727530582902 -141.41187082853284 -322.06012844923606 820 824 -1
823 -13.68263810150543 -168.94624192708693 -368.88930648027093 821 825 -1
824 -33.52998757408414 -141.27088617438358 -321.91391254307194 822 826 -1
825 -13.722748368394166 -168.95323165496154 -369.05627204925906 823 827 -1
826 -33.64302886210843 -141.12984415019557 -321.76800629789886 824 828 -1
827 -13.763145776219334 -168.9594008589573 -369.22320073373476 825 829 -1
828 -33.7564141548444 -140.98874278343357 -321.62242471990476 826 830 -1
829 -13.803772759709316 -168.96474963938718 -369.39010200525564 827 831 -1
830 -33.8701582790037 -140.84758019638298 -321.47718280874386 828 832 -1
831 -13.844571834345315 -168.96928030170045 -369.55698551303755 829 833 -1
832 -33.98427590023411 -140.70635460910017 -321.33229555996724 830 834 -1
833 -13.885486791418984 -168.97299110718086 -369.7238609047991 831 835 -1
834 -34.09878158723372 -140.56506433127274 -321.18777803132326 832 836 -1
835 -13.926461284000265 -168.97587485958704 -369.8907380307533 833 837 -1
836 -34.21368966901812 -140.423707788484 -321.0436452118577 834 838 -1
837 -13.967438177373982 -168.97793672349442 -370.05762673767646 835 839 -1
838 -34.329014213318786 -140.2822835272457 -320.8999120046552 836 840 -1
839 -14.008361254794139 -168.97917506753822 -370.2245367924605 837 841 -1
840 -34.444769206047376 -140.14079018782726 -320.75659340325626 838 842 -1
841 -14.049173291656862 -168.97958353745872 -370.3914781258121 839 843 -1
842 -34.56096845597421 -139.99922652227772 -320.6137044052702 840 844 -1
843 -14.08981737980294 -168.97916190122658 -370.5584603832861 841 845 -1
844 -34.677625591107564 -139.85759139708512 -320.4712600131982 842 846 -1
845 -14.13023728155272 -168.9779106978015 -370.7254928856582 843 847 -1
846 -34.794754054939325 -139.71588379577878 -320.3292752349701 844 848 -1
847 -14.170375881089967 -168.97582681865956 -370.8925848988179 845 849 -1
848 -34.9123671025587 -139.5741028214725 -320.1877650841884 846 850 -1
849 -14.210173204071413 -168.9729019687223 -371.05974591313577 847 851 -1
850 -35.03047793179395 -139.43224767953984 -320.0467447136862 848 852 -1
851 -14.249574023028085 -168.96913986825786 -371.2269840691883 849 853 -1
852 -35.14909941576054 -139.29031771966305 -319.9062291568722 850 854 -1
853 -14.288520594710977 -168.96453761210554 -371.3943075846241 851 855 -1
854 -35.26824414843835 -139.1483124295376 -319.7662333738653 852 856 -1
855 -14.326952562899 -168.95908885604973 -371.56172462838384 853 857 -1
856 -35.38792459426605 -139.00623141473827 -319.62677240304066 854 858 -1
857 -14.364810417522197 -168.95279005282288 -371.72924260040594 855 859 -1
858 -35.50815300791629 -138.86407441218847 -319.48786128525114 856 860 -1
859 -14.402037400307032 -168.94564157369533 -371.8968677916613 857 861 -1
860 -35.62894142966791 -138.72184129226153 -319.34951506221716 858 862 -1
861 -14.438574037092337 -168.93763999791545 -372.06460627337987 859 863 -1
862 -35.750301680669615 -138.5795320607898 -319.21174877458935 860 864 -1
863 -14.474356077497834 -168.9287772982324 -372.2324640733746 861 865 -1
864 -35.872245358100855 -138.4371468609763 -319.0745774596802 862 866 -1
865 -14.509324553946067 -168.91905234398234 -372.4004455026086 863 867 -1
866 -35.99478383023657 -138.29468597520324 -318.9380161488592 864 868 -1
867 -14.543420339603028 -168.90846367846535 -372.5685540250211 865 869 -1
868 -36.117928231424486 -138.15214982672975 -318.8020798646114 866 870 -1
869 -14.576581891297563 -168.89700768318477 -372.7367924966671 867 871 -1
870 -36.24168959312428 -138.00953896522054 -318.66678375937335 868 872 -1
871 -14.608742192017093 -168.88467668369748 -372.9051634111186 869 873 -1
872 -36.36607934993882 -137.8668540118813 -318.5321436533823 870 874 -1
873 -14.639840272500662 -168.87146906283692 -373.0736672813947 871 875 -1
874 -36.491107099687405 -137.72409592040037 -318.39817369023734 872 876 -1
875 -14.669815594037217 -168.85738357777157 -373.2423034250656 873 877 -1
876 -36.616782993554615 -137.5812656931224 -318.26488882811685 874 878 -1
877 -14.698604605450997 -168.84241688652676 -373.41107027877604 875 879 -1
878 -36.74311692263763 -137.4383644800051 -318.1323039966673 876 880 -1
879 -14.726140669952482 -168.82656402129345 -373.57996523003675 877 881 -1
880 -36.87011851258895 -137.29539357951833 -318.0004340919935 878 882 -1
881 -14.752356081657924 -168.8098198782944 -373.7489842267241 879 883 -1
882 -36.99779821157622 -137.15235433324543 -317.8692951579807 880 884 -1
883 -14.777223543254062 -168.79219211858748 -373.918117020036 881 885 -1
884 -37.12616460891181 -137.00924839695531 -317.73890149761183 882 886 -1
885 -14.800760472103955 -168.77369459732608 -374.08734731539363 883 887 -1
886 -37.25522604031307 -136.8660775670555 -317.60926737986597 884 888 -1
887 -14.822989801760071 -168.75434244650273 -374.2566588744875 885 889 -1
888 -37.384991019983715 -136.72284374362246 -317.4804075186291 886 890 -1
889 -14.843930395704787 -168.7341479761608 -374.4260363796066 887 891 -1
890 -37.51546889522705 -136.5795488855813 -317.3523378208072 888 892 -1
891 -14.863608573360333 -168.71312820731978 -374.5954648453578 889 893 -1
892 -37.64666752368128 -136.4361952135102 -317.2250728197781 890 894 -1
893 -14.882052229050663 -168.69130103293583 -374.7649301082337 891 895 -1
894 -37.77859362910498 -136.29278515830288 -317.0986260277087 892 896 -1
895 -14.899286712755924 -168.66868252785 -374.93441890979267 893 897 -1
896 -37.911254765222985 -136.14932120699203 -316.9730121403157 894 898 -1
897 -14.915337852046193 -168.64528892665282 -375.10391873926665 895 899 -1
898 -38.04466004062359 -136.00580587926194 -316.8482479181728 896 900 -1
899 -14.93022688385157 -168.62113329898034 -375.2734177767261 897 901 -1
900 -38.17881397691641 -135.862242137481 -316.7243451456012 898 902 -1
901 -14.943983869432575 -168.59623434886038 -375.4429049174047 899 903 -1
902 -38.313723225601265 -135.71863291575588 -316.60131828543683 900 904 -1
903 -14.956637680228539 -168.57060986400015 -375.61236988136784 901 905 -1
904 -38.44939627544514 -135.5749811890424 -316.47918424388394 902 906 -1
905 -14.968215574258968 -168.54427643517653 -375.78180310889206 903 907 -1
906 -38.585836292204846 -135.43129035349662 -316.3579539640563 904 908 -1
907 -14.978745060987787 -168.5172506831704 -375.9511957499792 905 909 -1
908 -38.7230500783699 -135.28756373448783 -316.23764291252985 906 910 -1
909 -14.988248285242609 -168.48954553462806 -376.1205393327933 907 911 -1
910 -38.86104331779889 -135.1438048546609 -316.11826552767684 908 912 -1
911 -14.996758309358142 -168.46118101160008 -376.28982657495453 909 913 -1
912 -39.0 -135.0 -316.0 910 914 915
913 -15.00430387630038 -168.4321741664278 -376.45905071361796 911 916 -1
914 -38.97329313038205 -134.83583340484003 -316.0883081282134 912 917 -1
915 -38.93842850734193 -135.0776042000848 -315.81607340070394 912 918 -1
916 -15.010913134318681 -168.40254153971844 -376.6282055993317 913 919 -1
917 -38.95034543723486 -134.66892261214892 -316.17254330118845 914 920 -1
918 -38.890311362472026 -135.14915603560394 -315.62590729231005 915 921 -1
919 -15.016612787437225 -168.37229858444786 -376.7972855729807 916 922 -1
920 -38.93157944861995 -134.49924728916483 -316.2521597680499 917 923 -1
921 -38.85693481389039 -135.21398796920653 -315.4302581860218 918 924 -1
922 -15.021428475952067 -168.34145990295056 -376.96628542289693 919 925 -1
923 -38.91745894193294 -134.32680409702434 -316.32661615309814 920 926 -1
924 -38.83918754903132 -135.27144054093924 -315.23031249479084 921 927 -1
925 -15.025392972002246 -168.3100448072409 -377.1352012044549 922 928 -1
926 -38.90849706159184 -134.15164623064703 -316.3953050767467 923 929 -1
927 -38.83747472969681 -135.3210696119201 -315.02751241948124 924 930 -1
928 -15.028534588131782 -168.27806951780428 -377.3040291749915 925 931 -1
929 -38.90525344992729 -133.97390443700965 -316.4575534473251 926 932 -1
930 -38.85171740363844 -135.36267692371956 -314.8234015599778 927 933 -1
931 -15.030881618303347 -168.24555014773344 -377.4727661398085 928 934 -1
932 -38.90832268379405 -133.7938128666851 -316.5126324267851 929 935 -1
933 -38.88130795507982 -135.39636189685112 -314.6194715560385 930 936 -1
934 -15.03245755654815 -168.21249938867203 -377.6414088108512 931 937 -1
935 -38.918320165970094 -133.6117345283689 -316.55977062389957 932 938 -1
936 -38.92519481307045 -135.4225038303761 -314.41700793861156 933 939 -1
937 -15.033295139938517 -168.1789362091486 -377.8099555403808 934 940 -1
938 -38.935851671361654 -133.42818726048307 -316.598187011084 935 941 -1
939 -38.982131685978835 -135.44164412635018 -314.2170173224648 936 942 -1
940 -15.033423063242854 -168.14487673996624 -377.97840472888805 937 943 -1
941 -38.96147823531826 -133.24385997924958 -316.6271314455353 938 944 -1
942 -39.05066797392484 -135.45449402822166 -314.0201792767668 939 945 -1
943 -15.03286938008325 -168.11033659410583 -378.1467551716266 940 946 -1
944 -38.99566064744472 -133.05961342954382 -316.64595259008854 941 947 -1
945 -39.12941688644622 -135.46178469422188 -313.8269020490512 942 948 -1
946 -15.031658192970413 -168.07532847393273 -378.31500548897424 943 949 -1
947 -39.03871446872886 -132.87645426479136 -316.6541583974963 944 950 -1
948 -39.21706378968392 -135.46425233255846 -313.6373628737386 945 951 -1
949 -15.02982059084484 -168.03986997210828 -378.48315579281393 946 952 -1
950 -39.090762770168965 -132.69548079352117 -316.6514843699511 947 953 -1
951 -39.312409094137564 -135.46260423089478 -313.4515628305901 948 954 -1
952 -15.027385301531048 -168.0039769815244 -378.6512063003793 949 955 -1
953 -39.15171200746641 -132.517803401461 -316.63793837746385 950 956 -1
954 -39.414386344579796 -135.4574990377426 -313.2693784337311 951 957 -1
955 -15.024379948148102 -167.96766455140602 -378.8191574585778 952 958 -1
956 -39.22125412372509 -132.34445353099298 -316.6138152422109 953 959 -1
957 -39.52206345783578 -135.44953801428323 -313.09060464245624 954 960 -1
958 -15.020828066326274 -167.93094458787024 -378.9870093230502 955 961 -1
959 -39.29889866369709 -132.17630171129335 -316.5796725644093 956 962 -1
960 -39.63465161669645 -135.43925616646467 -312.9149999810483 957 963 -1
961 -15.016761127419961 -167.893834860249 -379.154763756177 958 964 -1
962 -39.38402609161987 -132.0140025144958 -316.5362750856414 959 965 -1
963 -39.75145540116291 -135.42714418041228 -312.7422871558704 960 966 -1
964 -15.012206622518093 -167.85635017747197 -379.32242227888617 961 967 -1
965 -39.47594826578348 -131.8579739209847 -316.4845233267431 962 968 -1
966 -39.87188108364465 -135.41364339583882 -312.5721827944228 963 969 -1
967 -15.00719061452812 -167.8185041888513 -379.48998644624 964 970 -1
968 -39.57396393696567 -131.70840820290013 -316.4253821043641 965 971 -1
969 -39.99539972804171 -135.3991611632271 -312.4043913941022 966 972 -1
970 -15.001738699984621 -167.7803100574206 -379.65745798650875 967 973 -1
971 -39.6774015302692 -131.5653043697436 -316.35982056121424 968 974 -1
972 -40.12156060890392 -135.38406844922653 -312.2386309179786 969 975 -1
973 -14.995880543562203 -167.74178420329756 -379.82483980870387 970 976 -1
974 -39.78564868908101 -131.42851319683322 -316.2887670546585 971 977 -1
975 -40.249964178249485 -135.3687139522119 -312.0746251322132 972 978 -1
976 -14.989642840514096 -167.70294069681563 -379.99213448940884 973 979 -1
977 -39.8981640847324 -131.29777746006644 -316.2130860074741 974 980 -1
978 -40.380239970566095 -135.35342935614568 -311.91209545360624 975 981 -1
979 -14.98304987227863 -167.663791451715 -380.1593442652407 976 982 -1
980 -40.01448245692604 -131.1727708382342 -316.1335647312952 977 983 -1
981 -40.51205733400274 -135.33853247259975 -311.75077689643814 978 984 -1
982 -14.976130108371276 -167.62435193262485 -380.32647260666465 979 985 -1
983 -40.13421166807914 -131.05312731734364 -316.0509118916301 980 986 -1
984 -40.64510871954008 -135.32433445201406 -311.59041099199203 981 987 -1
985 -14.968910558856305 -167.58463644083085 -380.49352290234634 982 988 -1
986 -40.25702734542147 -130.9384645357744 -315.9657612725536 983 989 -1
987 -40.77910256233876 -135.31114479472657 -311.43074514213663 984 990 -1
988 -14.961416220951351 -167.54465761520495 -380.6604982722062 985 991 -1
989 -40.38266303207012 -130.82839543646125 -315.878681316679 986 992 -1
990 -40.91375655956208 -135.29927626553055 -311.2715317056377 987 993 -1
991 -14.953672051642194 -167.5044286716601 -380.82740215812055 988 994 -1
992 -40.510904758178576 -130.72254202257707 -315.79018258425185 989 995 -1
993 -41.048791148837125 -135.28904976773305 -311.11252701338367 990 996 -1
994 -14.945704364568945 -167.46396443737757 -380.99423863580824 991 997 -1
995 -40.641581335356314 -130.62053743696382 -315.70072885732145 992 998 -1
996 -41.18392298650688 -135.2807992275158 -310.95349048881087 993 999 -1
997 -14.937537623721862 -167.4232779128452 -381.1610114195 994 1000 -1
998 -40.77455967538001 -130.52203199243397 -315.61074556735883 995 1001 -1
999 -41.318858222935326 -135.27487652264608 -310.79418405021875 996 1002 -1
1000 -14.929195502211355 -167.38238098387802 -381.32772405169067 997 1003 -1
1001 -40.9097378486712 -130.426692206563 -315.52062923771774 998 1004 -1
1002 -41.45328537349164 -135.27165645918114 -310.63437199140554 999 1005 -1
1003 -14.920704158099403 -167.34128858699913 -381.4943810780371 1000 1006 -1
1004 -41.04704040526922 -130.33420090223117 -315.4307555095237 1001 1007 -1
1005 -41.58686503118947 -135.27154923832882 -310.4738195312929 1002 1008 -1
1006 -14.912088017938817 -167.3000137454157 -381.6609866097019 1003 1009 -1
1007 -41.18641446013688 -130.2442564492007 -315.3414868524094 1004 1010 -1
1008 -41.71923530755154 -135.2749807380684 -310.3123060259623 1005 1011 -1
1009 -14.903370725966651 -167.25856793696107 -381.82754443218886 1006 1012 -1
1010 -41.32782635939511 -130.1565713212236 -315.25318013894463 1007 1013 -1
1011 -41.850192049447855 -135.28216180998857 -310.14976687774396 1008 1014 -1
1012 -14.894577722599289 -167.21696569731327 -381.99405927166674 1009 1015 -1
1013 -41.471257302119184 -130.07086891099863 -315.16619302467956 1010 1016 -1
1014 -41.979665416506634 -135.29313568405558 -309.9862541170812 1011 1017 -1
1015 -14.885733268105517 -167.17521992342395 -382.16053546107213 1012 1018 -1
1016 -41.616702258055845 -129.98688334984766 -315.08089204410584 1013 1019 -1
1017 -42.10758831787825 -135.30793954586298 -309.82182554491794 1014 1020 -1
1018 -14.876861507244831 -167.1333423995485 -382.3269771053564 1015 1021 -1
1019 -41.764165464304554 -129.9043558048214 -314.99765865231285 1016 1022 -1
1020 -42.2339074521578 -135.32657436728368 -309.6565488676375 1017 1023 -1
1021 -14.867987033913986 -167.09134687208856 -382.4933888709741 1018 1024 -1
1022 -41.91365834238824 -129.82303329932455 -314.91689732144164 1019 1025 -1
1023 -42.358556865117386 -135.34906946903578 -309.49048667308347 1020 1026 -1
1024 -14.859133964444503 -167.04924624110487 -382.6597752182492 1021 1027 -1
1025 -42.06519591957547 -129.74266657863464 -314.8390434179794 1022 1028 -1
1026 -42.4814873564251 -135.37541387495406 -309.32371078762475 1023 1029 -1
1027 -14.85032688063052 -167.00705254267095 -382.8261404299274 1024 1030 -1
1028 -42.21879285563204 -129.66300840374075 -314.76457209721826 1025 1031 -1
1029 -42.602649506411865 -135.40559773929482 -309.1562926486853 1026 1032 -1
1030 -14.841589884457072 -166.96477904319582 -382.99248907755344 1027 1033 -1
1031 -42.37445784741329 -129.58381204355382 -314.6940070476472 1028 1034 -1
1032 -42.72198719894533 -135.4396249908347 -308.9883020592918 1029 1035 -1
1033 -14.832946855257118 -166.92243857245316 -383.15882560029513 1030 1036 -1
1034 -42.53218743301217 -129.50483055787606 -314.62793184126144 1031 1037 -1
1035 -42.8394662318611 -135.47745419105988 -308.8198153275661 1032 1038 -1
1036 -14.824422817481643 -166.8800434162503 -383.32515433316513 1033 1039 -1
1037 -42.6919560993138 -129.42581663776093 -314.566998910954 1034 1040 -1
1038 -42.95504890357613 -135.51905356258933 -308.6509061719342 1035 1041 -1
1039 -14.816041587867854 -166.83760656344586 -383.49147968845705 1036 1042 -1
1040 -42.85370522990234 -129.346523769129 -314.51194294059513 1037 1043 -1
1041 -43.06870284816709 -135.5643827442115 -308.4816482339268 1038 1044 -1
1042 -14.807826794545347 -166.7951407572721 -383.6578059557288 1039 1045 -1
1043 -43.01732598913929 -129.26670923253005 -314.4635876601115 1040 1046 -1
1044 -43.18040152894436 -135.61339271384355 -308.3121145150507 1041 1047 -1
1045 -14.799803939882278 -166.75265856293112 -383.824137404835 1042 1048 -1
1046 -43.18263949018048 -129.18613937975684 -314.4228557503948 1043 1049 -1
1047 -43.29012441487988 -135.66602630433383 -308.142376768501 1044 1050 -1
1048 -14.791996684362568 -166.7101728252433 -383.99047820504404 1045 1051 -1
1049 -43.34936999579209 -129.10459873814546 -314.39076666688777 1046 1052 -1
1050 -43.3978555344482 -135.72222148792423 -307.9725048811208 1047 1053 -1
1051 -14.784428429883157 -166.66769622091576 -384.15683238025485 1048 1054 -1
1052 -43.51711455470187 -129.02190304275877 -314.368427881476 1049 1055 -1
1053 -43.50358882468056 -135.78190263467323 -307.80256660982144 1050 1056 -1
1054 -14.777125183681639 -166.62524163579718 -384.32320401768914 1051 1057 -1
1055 -43.68530981487698 -128.9379169960194 -314.3570083305704 1052 1058 -1
1056 -43.60732209141662 -135.84499194338085 -307.6326266953803 1053 1059 -1
1057 -14.770110568912507 -166.58282187211685 -384.4895969509328 1054 1060 -1
1058 -43.85320230353172 -128.85257662454424 -314.3576832641162 1055 1061 -1
1059 -43.70905903927309 -135.91140621130475 -307.4627466971891 1056 1062 -1
1060 -14.763407786819082 -166.54044957592063 -384.65601482648003 1057 1063 -1
1061 -44.01983254410076 -128.76591214679377 -314.37155654431535 1058 1064 -1
1062 -43.80880921027108 -135.98105737228647 -307.29298465962154 1059 1065 -1
1063 -14.757043332823418 -166.4981379873584 -384.8224614242332 1060 1066 -1
1064 -44.18404620458207 -128.67806718408673 -314.39955015069444 1061 1067 -1
1065 -43.90658777607843 -136.05385320480616 -307.12339483577864 1062 1068 -1
1066 -14.751040964072304 -166.45589997034855 -384.98894014993346 1063 1069 -1
1067 -44.34454478777429 -128.58930542093842 -314.44228437216964 1064 1070 -1
1068 -44.00241425116855 -136.12969961480331 -306.95402761886885 1065 1071 -1
1069 -14.745423670975619 -166.41374817235712 -385.15545415785874 1066 1072 -1
1070 -44.5 -128.5 -314.5 1067 1073 1074
1071 -44.09631481036511 -136.20849724584895 -306.7849290888628 1068 1075 -1
1072 -14.74021834528949 -166.37169619607621 -385.32200678356185 1069 1076 -1
1073 -44.676509639511515 -128.5967786509018 -314.5000000000002 1070 1077 -1
1074 -44.65466753109264 -128.38167719604996 -314.58496723119043 1070 1078 -1
1075 -44.188320310792996 -136.29014480636263 -306.61614103657723 1071 1079 -1
1076 -14.735449156629697 -166.32975710615503 -385.48860091966117 1072 1080 -1
1077 -44.84998281286882 -128.69890095788585 -314.50000000000006 1073 1081 -1
1078 -44.80901180645869 -128.26459221996606 -314.6719788908589 1074 1082 -1
1079 -44.278465694508824 -136.37454003505152 -306.4477009941251 1075 1083 -1
1080 -14.7311388056287 -166.2879435613271 -385.655239104786 1076 1084 -1
1081 -45.020456121378025 -128.8059575878913 -314.50000000000006 1077 1085 -1
1082 -44.96308773585627 -128.14857848986577 -314.76088065948414 1078 1086 -1
1083 -44.366789992934656 -136.46157971136 -306.2796422036833 1079 1087 -1
1084 -14.727314386976305 -166.24626949371006 -385.8219240785499 1080 1088 -1
1085 -45.18799811894219 -128.91754740497538 -314.50000000000006 1081 1089 -1
1086 -45.116888322174134 -128.03360722517309 -314.8515951388284 1082 1090 -1
1087 -44.453335974809626 -136.55116016703644 -306.1119936689587 1083 1091 -1
1088 -14.724000912613237 -166.2047483702764 -385.98865814394884 1084 1092 -1
1089 -45.35270213887009 -129.0332863462281 -314.50000000000006 1085 1093 -1
1090 -45.27040847858067 -127.91964765401416 -314.9440447651151 1086 1094 -1
1091 -44.53814979468427 -136.64317774804755 -305.94478024357625 1087 1095 -1
1092 -14.721220617351559 -166.16339283183933 -386.1554430891249 1088 1096 -1
1093 -45.51468178879052 -129.15280951903887 -314.49999999999994 1089 1097 -1
1094 -45.42364496794439 -127.80666714092018 -315.0381519607312 1090 1098 -1
1095 -44.62128064719285 -136.7375292258165 -305.7780227506839 1091 1099 -1
1096 -14.719000484173225 -166.12221705204357 -386.32228089301464 1092 1100 -1
1097 -45.67406651142673 -129.27577275115596 -314.50000000000006 1093 1101 -1
1098 -45.57659633575836 -127.69463131245591 -315.133839266872 1094 1102 -1
1099 -44.70278043156092 -136.83411215785654 -305.6117381282086 1095 1103 -1
1100 -14.717366979130961 -166.08123518655867 -386.4891731975707 1096 1104 -1
1101 -45.83099801868206 -129.40185276910972 -314.50000000000006 1097 1105 -1
1102 -45.72926283780807 -127.58350417973418 -315.23102945755215 1098 1106 -1
1103 -44.78270343003069 -136.93282519879153 -305.44593959446473 1099 1107 -1
1104 -14.716341575920866 -166.0404597755106 -386.65612089498285 1100 1108 -1
1105 -45.9856271615476 -129.53074688744647 -314.49999999999994 1101 1109 -1
1106 -45.8816463637243 -127.4732482569449 -315.32964563556635 1102 1110 -1
1107 -44.86110600313714 -137.03356836350162 -305.280636829176 1103 1111 -1
1108 -14.715950698726557 -165.99990508131447 -386.8231250311033 1104 1112 -1
1109 -46.13811120086584 -129.66217236385518 -314.5 1105 1113 -1
1110 -46.03375035745685 -127.3638246751913 -315.4296113111155 1106 1114 -1
1111 -44.93804630406559 -137.13624324471377 -305.1158361654066 1107 1115 -1
1112 -14.716223074813131 -165.95958633443098 -386.9901865106817 1108 1116 -1
1113 -46.28861190656313 -129.7958650194685 -314.5 1109 1117 -1
1114 -46.18557973559603 -127.25519329107917 -315.53085046390885 1110 1118 -1
1115 -45.013582440519905 -137.24075485022044 -304.9515411336861 1111 1119 -1
1116 -14.71717898799543 -165.91951582644802 -387.1573051787648 1112 1120 -1
1117 -46.43729365387113 -129.9315781622469 -314.5 1113 1121 -1
1118 -46.33714080435475 -127.14731278965175 -315.63328758963155 1114 1122 -1
1119 -45.08775487993286 -137.34702980299903 -304.7877566735525 1115 1123 -1
1120 -14.718843723425406 -165.87970768525554 -387.32448097767696 1116 1124 -1
1121 -46.58432237062554 -130.06908084593493 -314.5 1117 1125 -1
1122 -46.48844117591332 -127.0401407813943 -315.73684773170874 1118 1126 -1
1123 -45.160592312127704 -137.4550091601171 -304.62448862447525 1119 1127 -1
1124 -14.72124926437711 -165.8401787074674 -387.4917139783479 1120 1128 -1
1125 -46.7298644355598 -130.20815649180003 -314.49999999999994 1121 1129 -1
1126 -46.63948968471906 -126.9336338931556 -315.8414564993297 1122 1130 -1
1127 -45.23212404943474 -137.56463498845397 -304.461741275189 1123 1131 -1
1128 -14.7244126590416 -165.8009401996851 -387.6590027407917 1124 1132 -1
1129 -46.87408601250325 -130.3486013081137 -314.50000000000006 1125 1133 -1
1130 -46.79029630422749 -126.82774785294295 -315.9470400727034 1126 1134 -1
1131 -45.30238018542121 -137.67585016819393 -304.2995173798453 1127 1135 -1
1132 -14.728337123667252 -165.76199885938806 -387.8263448195535 1128 1136 -1
1133 -47.01715272696172 -130.49022261114524 -314.5 1129 1137 -1
1134 -46.94087206447229 -126.72243756864488 -316.0535251965103 1130 1138 -1
1135 -45.37139149574138 -137.78859846546666 -304.1378182314767 1131 1139 -1
1136 -14.733015507554638 -165.7233580778095 -387.993737190483 1132 1140 -1
1137 -47.15922927077628 -130.63283744443441 -314.5 1133 1141 -1
1138 -47.091228970755985 -126.61765720082434 -316.160839162504 1134 1142 -1
1139 -45.43918934429728 -137.90282459389584 -303.97664373654203 1135 1143 -1
1140 -14.738430631085368 -165.68501726684593 -388.161176317656 1136 1144 -1
1141 -47.30047933765179 -130.7762710508548 -314.5 1137 1145 -1
1142 -47.24137992366774 -126.51336022979882 -316.2689097821841 1138 1146 -1
1143 -45.50580559491751 -138.01847426569887 -303.8159924898515 1139 1147 -1
1144 -14.744567753021656 -165.6469767012229 -388.32865902101463 1140 1148 -1
1145 -47.44106563861954 -130.92035543131382 -314.5 1141 1149 -1
1146 -47.39133864055238 -126.40949951729421 -316.37766535043704 1142 1150 -1
1147 -45.57127252868246 -138.1354942330034 -303.6558618492447 1143 1151 -1
1148 -14.751416760823755 -165.60923857909987 -388.49618255093793 1144 1152 -1
1149 -47.58114997853319 -131.06492797706207 -314.5 1145 1153 -1
1150 -47.54111957848329 -126.30602736301256 -316.4870346009994 1146 1154 -1
1151 -45.635622766956445 -138.25383232006556 -303.4962480094762 1147 1155 -1
1152 -14.758964347034677 -165.57180377416603 -388.6637441142098 1148 1156 -1
1153 -47.72089342689294 -131.20983011534696 -314.49999999999994 1149 1157 -1
1154 -47.69073785872401 -126.20289555650793 -316.59694665456504 1150 1158 -1
1155 -45.69888920012499 -138.37343744707442 -303.3371460748334 1151 1159 -1
1156 -14.767193710372652 -165.53467154591274 -388.83134090516717 1152 1160 -1
1157 -47.8604565123769 -131.35490601107324 -314.5 1153 1161 -1
1158 -47.8402091926052 -126.10005542480512 -316.70733096031705 1154 1162 -1
1159 -45.76110492198333 -138.49425964622444 -303.17855013008113 1155 1163 -1
1160 -14.776092394444179 -165.49784300334335 -388.998970510182 1156 1164 -1
1161 -48.0 -131.5 -314.5 1157 -1 -1
1162 -47.989549808689794 -125.99745787623313 -316.8181172316268 1158 1165 -1
1163 -45.82230182673133 -138.6162515994369 -303.0204539801565 1159 1166 -1
1164 -14.785650849935577 -165.4613206497556 -389.1666307837375 1160 1167 -1
1165 -48.13877638105345 -125.89505344097937 -316.9292353766324 1162 1168 -1
1166 -45.88251381644711 -138.73936489576596 -302.8628496173856 1163 1169 -1
1167 -14.795850339878138 -165.4251026676247 -389.33431930989906 1164 1170 -1
1168 -48.28790595846639 -125.79279230889534 -317.040615424373 1165 1171 -1
1169 -45.94177496498598 -138.8635521206434 -302.7057281247294 1166 1172 -1
1170 -14.806677284114016 -165.38918954246975 -389.50203407162877 1167 1173 -1
1171 -48.43695589422818 -125.69062436511146 -317.15218744713286 1168 1174 -1
1172 -46.00011865519048 -138.98876776005187 -302.5490801626403 1169 1175 -1
1173 -14.818122645392837 -165.35358404377274 -389.66977336514725 1170 1176 -1
1174 -48.58594377637705 -125.58849922403964 -317.26388147962916 1171 1177 -1
1175 -46.05757822582818 -139.11496739928435 -302.39289569099884 1172 1178 -1
1176 -14.830168911230903 -165.31828471553266 -389.8375352890936 1173 1179 -1
1177 -48.734887357972326 -125.48636626235991 -317.37562743566014 1174 1180 -1
1178 -46.114186936543064 -139.24210770586282 -302.2371640250079 1175 1181 -1
1179 -14.842801422247614 -165.28329140352733 -390.0053182078288 1176 1182 -1
1180 -48.88380448712808 -125.384174651607 -317.4873550228282 1177 1183 -1
1181 -46.16997638871588 -139.3701480999741 -302.08187473644847 1178 1184 -1
1182 -14.856009008150556 -165.24860578487076 -390.17312074032674 1179 1185 -1
1183 -49.03271303646283 -125.28187339098747 -317.59899365595044 1180 1186 -1
1184 -46.22498005196661 -139.499046825382 -301.92701578982934 1181 1187 -1
1185 -14.869777867248892 -165.21422817074858 -390.34094154045704 1182 1188 -1
1186 -49.18163083162108 -125.17941134107194 -317.71047236977824 1183 1189 -1
1187 -46.27923195234706 -139.62876237878515 -301.7725742374121 1184 1190 -1
1188 -14.884091561278249 -165.18015731529556 -390.5087793152184 1185 1191 -1
1189 -49.330575578517866 -125.07673725902107 -317.82171973166624 1186 1192 -1
1190 -46.332764790333144 -139.75925550011368 -301.61853730036285 1187 1193 -1
1191 -14.898937115504532 -165.14639383528 -390.67663301105875 1188 1194 -1
1192 -49.47956478895976 -124.97379983601418 -317.93266375485507 1189 1195 -1
1193 -46.3856103832756 -139.8904886202612 -301.46489218887996 1190 1196 -1
1194 -14.914303899424954 -165.1129397993846 -390.84450175934825 1191 1197 -1
1195 -49.628615704302085 -124.87054773755928 -318.0432318130684 1192 1198 -1
1196 -46.437799684050056 -140.02242578314446 -301.3116261493091 1193 1199 -1
1197 -14.9301740114661 -165.07979289772652 -391.0123846047671 1194 1200 -1
1198 -49.777745216816 -124.76692964737 -318.15335055716514 1195 1201 -1
1199 -46.48936698369932 -140.1550281153671 -301.1587240276568 1196 1202 -1
1200 -14.94653369715048 -165.04695317997064 -391.1802808321489 1197 1203 -1
1201 -49.92696978845843 -124.6628943155001 -318.2629458346441 1198 1204 -1
1202 -46.54034416717307 -140.28825994401643 -301.0061716133607 1199 1205 -1
1203 -14.963372856909654 -165.01442309525768 -391.3481899361723 1200 1206 -1
1204 -50.07630545613223 -124.5583902442264 -318.37194213606216 1201 1207 -1
1205 -46.59076120584883 -140.4220882029632 -300.85395545189317 1202 1208 -1
1206 -14.980674512915323 -164.98220064404936 -391.51611133819006 1203 1209 -1
1207 -50.22576757227273 -124.45336647267895 -318.48026344397124 1204 1210 -1
1208 -46.64065042845935 -140.55647785030442 -300.7020603090017 1205 1211 -1
1209 -14.998424238404995 -164.95028533782278 -391.68404463697834 1206 1212 -1
1210 -50.37537074335121 -124.347772483155 -318.58783299046036 1207 1213 -1
1211 -46.6900440724128 -140.6913944439573 -300.5504706214726 1208 1214 -1
1212 -15.016610496948013 -164.91867870696527 -391.8519896127312 1209 1215 -1
1213 -50.52512883739612 -124.24155786831851 -318.6945726656774 1210 1216 -1
1214 -46.73897209123349 -140.82680643306986 -300.3991719054015 1211 1217 -1
1215 -15.03521893440222 -164.88738034160835 -392.0199460734665 1212 1218 -1
1216 -50.675054837525664 -124.13467261659464 -318.8004032287346 1213 1219 -1
1217 -46.78746511399 -140.96268198125622 -300.24814897184825 1214 1220 -1
1218 -15.054234016025966 -164.85638882440978 -392.1879138909175 1215 1221 -1
1219 -50.82516074066289 -124.02706720024278 -318.9052442651779 1216 1222 -1
1220 -46.835555176894964 -141.09898814381856 -300.0973854312917 1217 1223 -1
1221 -15.073643086712945 -164.8257048451858 -392.35589311068765 1218 1224 -1
1222 -50.975457452780645 -123.91869267216767 -319.0090141549692 1219 1225 -1
1223 -46.883271637486054 -141.2356952011537 -299.94686634875427 1220 1226 -1
1224 -15.09343382730797 -164.7953294717483 -392.5238838864395 1221 1227 -1
1225 -51.125954680864275 -123.80950077193778 -319.111630052412 1222 1228 -1
1226 -46.93064483416986 -141.37277272677738 -299.79657592826396 1223 1229 -1
1227 -15.113589914049971 -164.765260434162 -392.6918863357908 1224 1230 -1
1228 -51.27666113761839 -123.69944270953765 -319.21300594620044 1225 1231 -1
1229 -46.97770589608373 -141.5101897283306 -299.64649759403613 1226 1232 -1
1230 -15.13409786784972 -164.73549766706242 -392.859900743079 1227 1233 -1
1231 -51.42758361994674 -123.58847262250617 -319.31305743421206 1228 1234 -1
1232 -47.02447089236441 -141.64792016021144 -299.4966141493797 1229 1235 -1
1233 -15.154946846329132 -164.70604358592163 -393.02792757869986 1230 1236 -1
1234 -51.57872745398467 -123.47654545324589 -319.4116985803792 1231 1237 -1
1235 -47.070882520078555 -141.78594766783536 -299.3468942519632 1232 1238 -1
1236 -15.176120034789117 -164.67689515232925 -393.19596717292944 1233 1239 -1
1237 -51.73009640677442 -123.36361694796824 -319.50884171162727 1234 1240 -1
1238 -47.116854963528624 -141.92426095823 -299.19730266392753 1235 1241 -1
1239 -15.19760385061339 -164.64805210239447 -393.3640200388946 1236 1242 -1
1240 -51.88169247036653 -123.24964422126718 -319.60439806735866 1237 1243 -1
1241 -47.162298252297404 -142.06285065240326 -299.04780526455966 1238 1244 -1
1242 -15.219387049403162 -164.61951665602967 -393.5320868798727 1239 1245 -1
1243 -52.03351585226445 -123.13458538856223 -319.6982770489296 1240 1246 -1
1244 -47.20712838359696 -142.20170396519546 -298.89836739696887 1241 1247 -1
1245 -15.241453960688197 -164.5912864963065 -393.70016826508254 1242 1248 -1
1246 -52.18556495527789 -123.01839911045828 -319.7903852512664 1243 1249 -1
1247 -47.251255735947204 -142.34081034322634 -298.7489557425115 1244 1250 -1
1248 -15.263790612472999 -164.56336085358407 -393.86826489189633 1245 1251 -1
1249 -52.33783532205588 -122.90104965416282 -319.8806343559665 1246 1252 -1
1250 -47.29459099163102 -142.48015815335268 -298.59953726524975 1247 1253 -1
1251 -15.286385089695944 -164.53574139771555 -394.0363776505001 1248 1254 -1
1252 -52.49032069014332 -122.78250137332164 -319.96893237019583 1249 1255 -1
1253 -47.33704776030404 -142.61973434900924 -298.45007980013173 1250 1256 -1
1254 -15.309222912648112 -164.50842682961488 -394.2045073406235 1251 1257 -1
1255 -52.643012475457944 -122.66272090208723 -320.0551869043249 1252 1258 -1
1256 -47.378530411516174 -142.7595272572713 -298.3005513969782 1253 1259 -1
1257 -15.332289786158663 -164.4814158159153 -394.3726548045206 1254 1260 -1
1258 -52.795899813553675 -122.54167643014263 -320.1393037965642 1255 1261 -1
1259 -47.418951041494225 -142.89952238595833 -298.1509214234828 1256 1262 -1
1260 -15.355573312630574 -164.45470956590836 -394.54082108996954 1257 1263 -1
1261 -52.94896934993374 -122.41933841409923 -320.2211880942554 1258 1264 -1
1262 -47.45821733692651 -143.03970525368766 -298.00115995342776 1259 1265 -1
1263 -15.37905981779031 -164.4283076480064 -394.7090072039548 1260 1266 -1
1264 -53.10220469386357 -122.29568374214406 -320.3007513667004 1261 1267 -1
1265 -47.49622826817857 -143.18006125959764 -297.8512369199061 1262 1268 -1
1266 -15.402734879479857 -164.40220825496235 -394.87721409941105 1263 1269 -1
1267 -53.255587189806235 -122.17069022199924 -320.377902192621 1264 1270 -1
1268 -47.53289430293208 -143.32057287343142 -297.7011249013969 1265 1271 -1
1269 -15.426585770866055 -164.376412222378 -395.04544295239396 1266 1272 -1
1270 -53.40909646923634 -122.0443504975307 -320.4525680390024 1267 1273 -1
1271 -47.5681160082713 -143.46122246217874 -297.55079648263404 1268 1274 -1
1272 -15.450599299510861 -164.3509198375858 -395.2136949545399 1269 1275 -1
1273 -53.56271405858804 -121.91670070688933 -320.5247414682537 1270 1276 -1
1274 -47.601787650988875 -143.60199109401572 -297.40022459494867 1271 1277 -1
1275 -15.474761078090504 -164.32572890700644 -395.3819711357663 1272 1278 -1
1276 -53.71642284042789 -121.78778504712174 -320.59442799981736 1273 1279 -1
1277 -47.633814060688685 -143.74285731929115 -297.2493854000182 1274 1280 -1
1278 -15.499058169280044 -164.3008399760693 -395.5502727722081 1275 1281 -1
1279 -53.87020618691672 -121.65765127136818 -320.66164211405953 1276 1282 -1
1280 -47.664091229361354 -143.88379856168015 -297.0982553871879 1277 1283 -1
1281 -15.523477591735867 -164.27625391583578 -395.7186012188377 1278 1284 -1
1282 -54.024048429490776 -121.52634412403924 -320.7263944225501 1279 1285 -1
1283 -47.69250415875604 -144.0247904002076 -296.94681102635064 1280 1286 -1
1284 -15.54800510671209 -164.25196824373276 -395.88695755437413 1281 1287 -1
1285 -54.17793464612446 -121.39390771805967 -320.78869617302473 1282 1288 -1
1286 -47.718952145096175 -144.16580581136586 -296.7950332295577 1283 1289 -1
1287 -15.57262764029158 -164.227983304779 -396.0553431317687 1284 1290 -1
1288 -54.33185064513164 -121.26038551359035 -320.8485591824097 1285 1291 -1
1289 -47.74332499549878 -144.306815799639 -296.6429035169029 1286 1292 -1
1290 -15.597332222258903 -164.20430041173793 -396.2237594416366 1287 1293 -1
1291 -54.485782947633446 -121.1258203007698 -320.90599577225953 1288 1294 -1
1292 -47.765509096246 -144.4477888482825 -296.49040520761605 1289 1295 -1
1293 -15.622104872526165 -164.1809168560501 -396.39220757697154 1290 1296 -1
1294 -54.63971876743171 -120.99025402443249 -320.9610183018662 1291 1297 -1
1295 -47.78538194550578 -144.58869038757575 -296.33752274212054 1292 1298 -1
1296 -15.646932452103076 -164.15783284083113 -396.56068893844406 1293 1299 -1
1297 -54.79364597098736 -120.85372730911689 -321.0136378240162 1294 1300 -1
1298 -47.80283434791265 -144.72948343172058 -296.1842455650724 1295 1301 -1
1299 -15.671801862109037 -164.13504998457287 -396.7292051203385 1296 1302 -1
1300 -54.94755310478061 -120.71628202452307 -321.0638706407364 1297 1303 -1
1301 -47.81774729152321 -144.87012776030667 -296.03056446364775 1298 1304 -1
1302 -15.696699447908843 -164.11256542649787 -396.89775720238697 1299 1305 -1
1303 -55.101429351812556 -120.5779581649773 -321.11173049813954 1300 1306 -1
1304 -47.83000003915958 -145.0105798541702 -295.8764731537321 1301 1307 -1
1305 -15.721612036417708 -164.0903792954246 -397.06634661003886 1302 1308 -1
1306 -55.255264506213294 -120.43879502042867 -321.15723136171243 1303 1309 -1
1307 -47.839470387411176 -145.15079270975846 -295.7219685488853 1304 1310 -1
1308 -15.746526307602197 -164.06849339341508 -397.23497500675415 1305 1311 -1
1309 -55.40904895139834 -120.29883117847918 -321.20038736759494 1306 1312 -1
1310 -47.84603072872599 -145.29071518140736 -295.5670504644381 1307 1313 -1
1311 -15.771428971337723 -164.04690477597242 -397.4036434343393 1308 1314 -1
1312 -55.562773638010924 -120.15810452882232 -321.2412127764961 1309 1315 -1
1313 -47.849559098530136 -145.43029288622662 -295.4117234261686 1310 1316 -1
1314 -15.796306826695046 -164.02561355963633 -397.5723533220594 1311 1317 -1
1315 -55.71643006175975 -120.01665226988648 -321.2797219302102 1312 1318 -1
1316 -47.84993352828121 -145.5694676566134 -295.2559959854663 1313 1319 -1
1317 -15.821146288995672 -164.00462161631475 -397.7411063637396 1314 1320 -1
1318 -55.87001024125081 -119.87451091748828 -321.3159292106825 1315 1321 -1
1319 -47.847029887571004 -145.70817703888247 -295.09988068010364 1316 1322 -1
1320 -15.845934446635853 -163.98392598063208 -397.90990354139893 1317 1323 -1
1321 -56.02350669590084 -119.73171631531089 -321.34984900156536 1318 1324 -1
1322 -47.840724880192745 -145.84635446424872 -294.94339464644406 1319 1325 -1
1323 -15.870658055050521 -163.96352681334943 -398.07874626888525 1320 1326 -1
1324 -56.17691242400961 -119.58830364703248 -321.38149565219885 1321 1327 -1
1325 -47.83089794757721 -145.9839293917106 -294.7865599299375 1322 1328 -1
1326 -15.895303266305513 -163.9434259509299 -398.2476362274668 1323 1329 -1
1327 -56.330220881058835 -119.44430744993898 -321.41088344393853 1324 1330 -1
1328 -47.817632664940746 -146.1208563234077 -294.62941087125046 1325 1331 -1
1329 -15.919857538964596 -163.92362046430253 -398.4165743201158 1326 1332 -1
1330 -56.48342595829646 -119.29976162986756 -321.43802655875476 1327 1333 -1
1331 -47.80146465426203 -146.2571606160995 -294.47199161919735 1328 1334 -1
1332 -15.94430754955894 -163.904110609744 -398.5855619274011 1329 1335 -1
1333 -56.63652196165579 -119.15469947733519 -321.4629390500182 1330 1336 -1
1334 -47.78299396646514 -146.3928925894817 -294.3143306052549 1331 1337 -1
1335 -15.96863922922968 -163.8848980909152 -398.7546006714433 1332 1338 -1
1336 -56.78950359105245 -119.00915368471829 -321.48563481538554 1333 1339 -1
1337 -47.76282221103096 -146.52811607486237 -294.15644070302807 1334 1340 -1
1338 -15.99284037860944 -163.86598006682405 -398.92369135919114 1335 1341 -1
1339 -56.94236592009324 -118.86315636435872 -321.5061275716987 1336 1342 -1
1340 -47.74155344450061 -146.66290501577936 -293.9983229884903 1337 1343 -1
1341 -16.01689754284701 -163.84735693589468 -399.0928353210233 1338 1344 -1
1342 -57.095104376225564 -118.71673906748082 -321.52443083180674 1339 1345 -1
1343 -47.71979601762177 -146.79734018858852 -293.8399705823033 1340 1346 -1
1344 -16.04079651202621 -163.8290301785864 -399.26203407025537 1341 1347 -1
1345 -57.247714721349105 -118.56993280381398 -321.54055788322245 1342 1348 -1
1346 -47.69816508503399 -146.93150598054967 -293.68137260371316 1343 1349 -1
1347 -16.064525383378957 -163.81099708883406 -399.4312883027289 1344 1350 -1
1348 -57.40019303290602 -118.42276806182359 -321.5545217685256 1345 1351 -1
1349 -47.67728547990825 -147.0654871341703 -293.52251830037466 1346 1352 -1
1350 -16.088070502775143 -163.79325824994302 -399.6005992822266 1347 1353 -1
1351 -57.55253568546101 -118.27527482946199 -321.5663352674232 1348 1354 -1
1352 -47.65779464176962 -147.1993653494436 -293.3634014390033 1349 1355 -1
1353 -16.111417634129893 -163.77581483430035 -399.76996836123755 1350 1356 -1
1354 -57.70473933277771 -118.12748261535964 -321.57601088038365 1351 1357 -1
1355 -47.640345254366764 -147.333215630295 -293.2040250466565 1352 1358 -1
1356 -16.13455511038948 -163.75866431339574 -399.93939611088564 1353 1359 -1
1357 -57.85680071260694 -117.97942017494422 -321.5835582219119 1354 1360 -1
1358 -47.62560720037124 -147.46710226992832 -293.04440657870236 1355 1361 -1
1359 -16.157468995976362 -163.74180749522785 -400.10888371202304 1356 1362 -1
1360 -58.008717129810805 -117.83111645004968 -321.588991429282 1357 1363 -1
1361 -47.61426837310482 -147.6010743957049 -292.884583552258 1358 1364 -1
1362 -16.180145177273715 -163.72524516290366 -400.27843230267655 1359 1365 -1
1363 -58.160485984437116 -117.68259967029589 -321.5923222506936 1360 1366 -1
1364 -47.60703380988184 -147.73516104338407 -292.7246196165841 1361 1367 -1
1365 -16.202572148003785 -163.70897500479643 -400.4480423167047 1362 1368 -1
1366 -58.31210487847443 -117.53389765311259 -321.5935619446846 1363 1369 -1
1367 -47.60463627993424 -147.86936604373588 -292.56461113648 1364 1370 -1
1368 -16.224735595026512 -163.6929980916714 -400.6177148353579 1365 1371 -1
1369 -58.4635716109905 -117.38503784638172 -321.5927214294612 1366 1372 -1
1370 -47.60779962883495 -148.00366145224197 -292.404694119447 1367 1373 -1
1371 -16.246621709896132 -163.67731473752085 -400.78745072772995 1368 1374 -1
1372 -58.614884163099745 -117.23604735099181 -321.58981127428746 1369 1375 -1
1373 -47.6172452122786 -148.13798265863818 -292.24504917193445 1370 1376 -1
1374 -16.268219058713004 -163.66192288476142 -400.95725027854724 1371 1377 -1
1375 -58.76604068337887 -117.08695294346323 -321.5848416919285 1372 1378 -1
1376 -47.63368223716217 -148.27222349461562 -292.0859066006436 1373 1379 -1
1377 -16.289512840043752 -163.64682390464435 -401.1271144520777 1374 1380 -1
1378 -58.91703942324667 -116.93778108242759 -321.57782188580796 1375 1381 -1
1379 -47.65781418327609 -148.4062310451386 -291.927552954061 1376 1382 -1
1380 -16.310489769639887 -163.63201756088395 -401.2970437939878 1377 1383 -1
1381 -59.067878599100176 -116.78855795445465 -321.56875852024046 1378 1384 -1
1382 -47.69018450520352 -148.53981270370645 -291.7703152201437 1379 1385 -1
1383 -16.33113838377312 -163.6175020862652 -401.46703842834523 1380 1386 -1
1384 -59.218557036937646 -116.6393096305134 -321.55766405404916 1381 1387 -1
1385 -47.73036007700075 -148.67285568906092 -291.6144224344256 1382 1388 -1
1386 -16.351443265531948 -163.60327919147517 -401.6370991839887 1383 1389 -1
1387 -59.369073418894324 -116.49006182066037 -321.54454722718725 1384 1390 -1
1388 -47.77712239626482 -148.80538909775157 -291.45993397011495 1385 1391 -1
1389 -16.37139191475422 -163.58934800435412 -401.8072262295292 1386 1392 -1
1390 -59.51942652773084 -116.34084002340572 -321.529416398976 1387 1393 -1
1391 -47.82928125988986 -148.93751384203964 -291.30682577336285 1388 1394 -1
1392 -16.39097272039844 -163.57570708508152 -401.9774195168802 1389 1395 -1
1393 -59.6696152345375 -116.19166954826564 -321.512279545693 1390 1396 -1
1394 -47.88568355437185 -149.06938663771413 -291.15500754434953 1391 1397 -1
1395 -16.410169503256423 -163.56235852573977 -402.1476797195613 1392 1398 -1
1396 -59.819638389139406 -116.04257559786673 -321.4931430912589 1393 1399 -1
1397 -47.94522746497918 -149.20120519170968 -291.00434430148704 1394 1400 -1
1398 -16.428970855162994 -163.54930072477035 -402.3180065774228 1395 1401 -1
1399 -59.96949480095911 -115.89358336840718 -321.47201187157265 1396 1402 -1
1400 -48.006851030037126 -149.33319807129874 -290.85467188736163 1397 1403 -1
1401 -16.4473648822379 -163.53653260920794 -402.48839985845063 1398 1404 -1
1402 -60.11918382425138 -115.74471760662469 -321.44889619223903 1399 1405 -1
1403 -48.06950972913863 -149.46561709326653 -290.7058071898034 1400 1406 -1
1404 -16.465334471833707 -163.52405669947245 -402.65886005905094 1401 1407 -1
1405 -60.26870456740085 -115.59600309179007 -321.4238024960993 1402 1408 -1
1406 -48.13215630521584 -149.59873077560164 -290.5575582438996 1403 1409 -1
1407 -16.48286967381691 -163.5118705592757 -402.8293864418921 1404 1410 -1
1408 -60.41805616975213 -115.44746452542924 -321.396736840696 1405 1411 -1
1409 -48.19371104461098 -149.73282190166913 -290.4097342151612 1406 1412 -1
1410 -16.5 -163.5 -403.0 1407 -1 -1
1411 -60.56723779081541 -115.2991265534051 -321.3677048996279 1408 1413 -1
1412 -48.253051480670784 -149.86816997277194 -290.26215212085714 1409 1414 -1
1413 -60.71624818320154 -115.1510143954038 -321.33670721955303 1411 1415 -1
1414 -48.308981298704744 -150.0050498954874 -290.114653523996 1412 1416 -1
1415 -60.865086908830214 -115.00315219601595 -321.3037532711621 1413 1417 -1
1416 -48.360170551247975 -150.14372823038184 -289.9671174316755 1414 1418 -1
1417 -61.0137531413073 -114.85556454415632 -321.2688477819637 1415 1419 -1
1418 -48.40521690394552 -150.2844123700977 -289.81948247264484 1416 1420 -1
1419 -61.16224595971281 -114.70827601797639 -321.23199494567297 1417 1421 -1
1420 -48.44251830002358 -150.42726146922374 -289.67177372399624 1418 1422 -1
1421 -61.31055942828858 -114.56130567635377 -321.19320061901516 1419 1423 -1
1422 -48.47037444016204 -150.57231521185497 -289.52414002251464 1420 1424 -1
1423 -61.458678126645104 -114.4146631423469 -321.1524699477984 1421 1425 -1
1424 -48.487768266896495 -150.71941899633052 -289.3769318477867 1422 1426 -1
1425 -61.606586574645895 -114.26835546673581 -321.10981644867667 1423 1427 -1
1426 -48.495302110235684 -150.86826788508327 -289.23064086734803 1424 1428 -1
1427 -61.75426917695982 -114.12239004164911 -321.0652506647767 1425 1429 -1
1428 -48.49391644568431 -151.0186081707371 -289.0856885335812 1426 1430 -1
1429 -61.901710412383345 -113.97677422603732 -321.01878255445627 1427 1431 -1
1430 -48.48465800269508 -151.17026564637987 -288.9424021055135 1428 1432 -1
1431 -62.04889489541383 -113.83151524183407 -320.9704221180803 1429 1433 -1
1432 -48.4686383530633 -151.32314617312656 -288.8010200722361 1430 1434 -1
1433 -62.195806782161995 -113.68662094129691 -320.9201755375552 1431 1435 -1
1434 -48.44700321890857 -151.47723030377148 -288.66170378519894 1432 1436 -1
1435 -62.342431323917154 -113.54209774279816 -320.868055813801 1433 1437 -1
1436 -48.42091303050585 -151.63256429250356 -288.52455230991467 1434 1438 -1
1437 -62.488753664014396 -113.3979522960619 -320.8140739752313 1435 1439 -1
1438 -48.39153369389753 -151.7892492276002 -288.3896183321575 1436 1440 -1
1439 -62.634758932977434 -113.25419131303155 -320.75824011255776 1437 1441 -1
1440 -48.36003574808677 -151.94742928042643 -288.2569238393169 1438 1442 -1
1441 -62.78043238258598 -113.11082138821945 -320.70056432231684 1439 1443 -1
1442 -48.32760032848698 -152.107283148594 -288.12647961940695 1440 1444 -1
1443 -62.92575862954167 -112.9678498448899 -320.6410529044052 1441 1445 -1
1444 -48.29543302723866 -152.26900127837612 -287.99828684066995 1442 1446 -1
1445 -63.070723647294336 -112.82528246022197 -320.5797188145307 1443 1447 -1
1446 -48.264767985304374 -152.43277889050833 -287.8723621703199 1444 1448 -1
1447 -63.215313212896696 -112.68312529174167 -320.51657309290164 1445 1449 -1
1448 -48.23688307250916 -152.59879627976568 -287.7487480383872 1446 1450 -1
1449 -63.359513028395504 -112.54138450494113 -320.45162580041017 1447 1451 -1
1450 -48.213146093291115 -152.76720832076987 -287.62753484008635 1448 1452 -1
1451 -63.50330889906098 -112.40006616854272 -320.38488697647057 1449 1453 -1
1452 -48.195073647941186 -152.93809755867701 -287.5088449358087 1450 1454 -1
1453 -63.64668569986849 -112.25917729322181 -320.31636241677836 1451 1455 -1
1454 -48.18431931444358 -153.1114557954057 -287.39288734987326 1452 1456 -1
1455 -63.78963025665386 -112.11872289438058 -320.24606583549655 1453 1457 -1
1456 -48.182554489007664 -153.2871144810609 -287.2799572619981 1454 1458 -1
1457 -63.932128781965 -111.97870865081163 -320.1740076989299 1455 1459 -1
1458 -48.191426193963544 -153.46470626881444 -287.1704504857527 1456 1460 -1
1459 -64.07416745417589 -111.83914028556232 -320.10019791912504 1457 1461 -1
1460 -48.212441903060856 -153.6436280682024 -287.06484946006213 1458 1462 -1
1461 -64.21573241084772 -111.70002356187094 -320.0246459277466 1459 1463 -1
1462 -48.24687422824137 -153.82303715409313 -286.96370490850575 1460 1464 -1
1463 -64.35680886328646 -111.56136509172474 -319.9473577195767 1461 1465 -1
1464 -48.29553103990387 -154.00190032375198 -286.8675672924557 1462 1466 -1
1465 -64.49738439555276 -111.42316926713701 -319.86834738075174 1463 1467 -1
1466 -48.35759354318102 -154.1794055931153 -286.77675996409897 1464 1468 -1
1467 -64.63744549254707 -111.28544153179247 -319.7876246455692 1465 1469 -1
1468 -48.431141815744205 -154.35518818336973 -286.6913159235782 1466 1470 -1
1469 -64.77697870510633 -111.14818726982236 -319.7051991981645 1467 1471 -1
1470 -48.51437642542018 -154.5291214478474 -286.6111182822363 1468 1472 -1
1471 -64.91597002487876 -111.0114123515985 -319.6210787870423 1469 1473 -1
1472 -48.60570438713473 -154.70124244173215 -286.5359627183768 1470 1474 -1
1473 -65.05440575414649 -110.87512234927246 -319.5352720764646 1471 1475 -1
1474 -48.70378903880029 -154.87168309364864 -286.4656358492108 1472 1476 -1
1475 -65.19227352049317 -110.73932169146131 -319.4477914222615 1473 1477 -1
1476 -48.80755066700013 -155.0405782792355 -286.399868487218 1474 1478 -1
1477 -65.32956009550202 -110.6040155634776 -319.3586462939661 1475 1479 -1
1478 -48.91632101507749 -155.20794525820273 -286.3384237904118 1476 1480 -1
1479 -65.46625229516518 -110.46920911075252 -319.26784610507593 1477 1481 -1
1480 -49.029534630983235 -155.37381326825263 -286.28107217225846 1478 1482 -1
1481 -65.60233555782202 -110.33490860707421 -319.175396476798 1479 1483 -1
1482 -49.14669276220578 -155.5382316545869 -286.2275957482031 1480 1484 -1
1483 -65.73779776520477 -110.20111828654343 -319.0813095481985 1481 1485 -1
1484 -49.26735613488153 -155.70126327075616 -286.17779061701515 1482 1486 -1
1485 -65.87262618568245 -110.06784291092522 -318.9855954972554 1483 1487 -1
1486 -49.39113794073139 -155.86297946830572 -286.1314679971941 1484 1488 -1
1487 -66.00680777059952 -109.93508750327098 -318.88826351245996 1485 1489 -1
1488 -49.51771623812065 -156.02344744619802 -286.0884788162788 1486 1490 -1
1489 -66.14032895568096 -109.80285748969459 -318.7893214456209 1487 1491 -1
1490 -49.64677425386823 -156.18275192000675 -286.0486487647329 1488 1492 -1
1491 -66.27317581315576 -109.67115855989708 -318.68877633547237 1489 1493 -1
1492 -49.77806585796451 -156.3409607756328 -286.0118660118732 1490 1494 -1
1493 -66.40533673001032 -109.53999458679516 -318.58664056706084 1491 1495 -1
1494 -49.911341761685854 -156.4981567797218 -285.97799028114963 1492 1496 -1
1495 -66.53679872690266 -109.4093705284856 -318.48292311280636 1493 1497 -1
1496 -50.04639246182868 -156.654414100026 -285.94691458090296 1494 1498 -1
1497 -66.66754883181382 -109.27929133544647 -318.3776328939563 1495 1499 -1
1498 -50.183028202783596 -156.8098057710191 -285.91854278970766 1496 1500 -1
1499 -66.79757232784905 -109.14976326807775 -318.27077509950703 1497 1501 -1
1500 -50.32107614050855 -156.96440345210232 -285.8927886682387 1498 1502 -1
1501 -66.92685750913013 -109.02079029585533 -318.16236141033585 1499 1503 -1
1502 -50.460378122650994 -157.1182771809897 -285.8695753390689 1500 1504 -1
1503 -67.05539180637702 -108.89237705963046 -318.0524014759536 1501 1505 -1
1504 -50.60078871211322 -157.27149525267956 -285.8488347853405 1502 1506 -1
1505 -67.18316223932489 -108.76452851134403 -317.94090403224345 1503 1507 -1
1506 -50.7421734243996 -157.424124194334 -285.8305073809274 1504 1508 -1
1507 -67.31015493527075 -108.63725025214355 -317.8278760786031 1505 1509 -1
1508 -50.88440715061467 -157.57622881286096 -285.8145414605319 1506 1510 -1
1509 -67.43635627035079 -108.5105476839201 -317.7133252234948 1507 1511 -1
1510 -51.027372739894304 -157.72787229717753 -285.80089293518023 1508 1512 -1
1511 -67.56175463905097 -108.38442475157211 -317.5972628808582 1509 1513 -1
1512 -51.170959717083555 -157.87911636124716 -285.78952495647576 1510 1514 -1
1513 -67.68633699633102 -108.25888645692626 -317.4796976401792 1511 1515 -1
1514 -51.315063113447074 -158.03002141722123 -285.78040763155974 1512 1516 -1
1515 -67.81009027273993 -108.13393782137831 -317.3606380616152 1513 1517 -1
1516 -51.45958324180125 -158.1806461784291 -285.77352374317496 1514 1518 -1
1517 -67.93299893599148 -108.0095855959859 -317.24008847552983 1515 1519 -1
1518 -51.6044221402313 -158.33104958049515 -285.7688559965045 1516 1520 -1
1519 -68.05505213037803 -107.88583323201891 -317.11806150043833 1517 1521 -1
1520 -51.74948420958638 -158.481290017374 -285.76638921253095 1518 1522 -1
1521 -68.17623678075172 -107.76268576504619 -316.9945657801546 1519 1523 -1
1522 -51.894676350766986 -158.63142481025014 -285.76611933622513 1520 1524 -1
1523 -68.29653969110794 -107.64014832041187 -316.8696097937084 1521 1525 -1
1524 -52.03990608800812 -158.78151105949152 -285.76805246197534 1522 1526 -1
1525 -68.41594615630676 -107.51822706001126 -316.74319967299647 1523 1527 -1
1526 -52.185080141435044 -158.93160626601355 -285.77220080408955 1524 1528 -1
1527 -68.53444311281798 -107.39692701296377 -316.6153443545406 1525 1529 -1
1528 -52.33010486930359 -159.08176787410136 -285.7785714671284 1526 1530 -1
1529 -68.65201842447183 -107.27625259509308 -316.4860542160912 1527 1531 -1
1530 -52.47488486830204 -159.2320535915867 -285.7871858244511 1528 1532 -1
1531 -68.76865872796274 -107.15620907332249 -316.3553377200837 1529 1533 -1
1532 -52.61932189956339 -159.3825217902415 -285.79807197367086 1530 1534 -1
1533 -68.88435028447314 -107.03680197418625 -316.2232028549278 1531 1535 -1
1534 -52.76331306579321 -159.53323217960988 -285.8112685257816 1532 1536 -1
1535 -68.99907743952565 -106.91803809963677 -316.0896549807155 1533 1537 -1
1536 -52.90675121331411 -159.68424520932786 -285.8268169212401 1534 1538 -1
1537 -69.11282913098559 -106.7999212019619 -315.9547062571964 1535 1539 -1
1538 -53.04952444775877 -159.83562187679945 -285.84476268372794 1536 1540 -1
1539 -69.22559179670358 -106.68245672178432 -315.81836520492914 1537 1541 -1
1540 -53.191512858422776 -159.98742500862556 -285.8651634525134 1538 1542 -1
1541 -69.33735182106066 -106.5656501474565 -315.6806403716386 1539 1543 -1
1542 -53.332587929598006 -160.13971895183528 -285.88808532864533 1540 1544 -1
1543 -69.44809360359575 -106.44950827114386 -315.54153777690556 1541 1545 -1
1544 -53.472611001287774 -160.29256964801607 -285.91360339954696 1542 1546 -1
1545 -69.557809392604 -106.33404297156306 -315.40106566457507 1543 1547 -1
1546 -53.61143154424047 -160.4460446432207 -285.9418023175995 1544 1548 -1
1547 -69.66650991039646 -106.21929062055864 -315.25922669294124 1545 1549 -1
1548 -53.74888336311083 -160.60021392946302 -285.97278038575206 1546 1550 -1
1549 -69.77420867751452 -106.10529412628257 -315.1160206462374 1547 1551 -1
1550 -53.88478094780362 -160.75515031862807 -286.00665142922435 1548 1552 -1
1551 -69.88091855040625 -105.99209703367457 -314.97144672159106 1549 1553 -1
1552 -54.0189278415116 -160.91092378980537 -286.04352643753793 1550 1554 -1
1553 -69.98665023646056 -105.87974501961087 -314.82550142705213 1551 1555 -1
1554 -54.15109803118604 -161.0676085871603 -286.08354254494617 1552 1556 -1
1555 -70.09141863202304 -105.76828024240645 -314.67818757854593 1553 1557 -1
1556 -54.28103101955219 -161.2252824324337 -286.1268617007906 1554 1558 -1
1557 -70.19523577340162 -105.65774736559194 -314.52950448914584 1555 1559 -1
1558 -54.408448044738556 -161.3840163105954 -286.1736416080557 1556 1560 -1
1559 -70.29811331755994 -105.54819159121865 -314.3794514408091 1557 1561 -1
1560 -54.533025005690064 -161.54388266133978 -286.224069438755 1558 1562 -1
1561 -70.40006185041824 -105.43965949986097 -314.2280266937253 1559 1563 -1
1562 -54.65438465118502 -161.7049527917635 -286.27836083431345 1560 1564 -1
1563 -70.50109138819131 -105.33219869448959 -314.075228227359 1561 1565 -1
1564 -54.77210601829936 -161.86728715106943 -286.3367397890599 1562 1566 -1
1565 -70.60121411724461 -105.22585433931282 -313.92105797004996 1563 1567 -1
1566 -54.88569611590774 -162.03093785611222 -286.3994615328009 1564 1568 -1
1567 -70.70044014884408 -105.12067412669606 -313.76551550258614 1565 1569 -1
1568 -54.994596823708314 -162.19593672274826 -286.4667929485347 1566 1570 -1
1569 -70.79877920035194 -105.01670645218424 -313.6086005925436 1567 1571 -1
1570 -55.09817425215798 -162.36228801359425 -286.53901245473145 1568 1572 -1
1571 -70.89624059224265 -104.91400044124059 -313.45031324486706 1569 1573 -1
1572 -55.19564709190726 -162.52996978988318 -286.6164559162811 1570 1574 -1
1573 -70.99283184072328 -104.81260819887737 -313.2906515155507 1571 1575 -1
1574 -55.28618149749768 -162.69889408973665 -286.69941523132314 1572 1576 -1
1575 -71.08856260793179 -104.71257880132181 -313.12961782832355 1573 1577 -1
1576 -55.36878972749402 -162.8689079598368 -286.78820505319266 1574 1578 -1
1577 -71.18344138330532 -104.61396310544772 -312.9672138379078 1575 1579 -1
1578 -55.442367799857145 -163.03975998272756 -286.8831071371704 1576 1580 -1
1579 -71.27747586611359 -104.51681334918243 -312.8034410638093 1577 1581 -1
1580 -55.50566571707501 -163.21107383220033 -286.9843647052941 1578 1582 -1
1581 -71.37067334265623 -104.42118258767339 -312.6383015551969 1579 1583 -1
1582 -55.557392170764054 -163.38231619224874 -287.09209559922357 1580 1584 -1
1583 -71.46304068309979 -104.32712469936094 -312.4717979577575 1581 1585 -1
1584 -55.596137579114014 -163.5527711945295 -287.20631663361854 1582 1586 -1
1585 -71.55458433839735 -104.2346943873215 -312.3039335833572 1583 1587 -1
1586 -55.62060320611614 -163.7215341057474 -287.3268148322561 1584 1588 -1
1587 -71.64530992633159 -104.14394805606621 -312.1347117981517 1585 1589 -1
1588 -55.62961087960406 -163.88752323217565 -287.45315951269185 1586 1590 -1
1589 -71.73522289265932 -104.05494249866477 -311.9641371980455 1587 1591 -1
1590 -55.62227582240873 -164.0495344428359 -287.5846624111633 1588 1592 -1
1591 -71.82432908569716 -103.96773343985039 -311.7922166605249 1589 1593 -1
1592 -55.59812920946812 -164.2063334755053 -287.7203990449909 1590 1594 -1
1593 -71.91263324861232 -103.88237876903028 -311.6189569124625 1591 1595 -1
1594 -55.55720053795301 -164.35677436747284 -287.8592732996313 1592 1596 -1
1595 -72.0001396933164 -103.79893712119082 -311.4443657332793 1593 1597 -1
1596 -55.5 -164.5 -288.0 1594 -1 -1
1597 -72.0868522994081 -103.71746784041692 -311.2684520391003 1595 1598 -1
1598 -72.17277451379839 -103.63803093534025 -311.09122596853763 1597 1599 -1
1599 -72.25790935114219 -103.56068702600888 -310.91269896972153 1598 1600 -1
1600 -72.34225939521261 -103.48549728167733 -310.73288388813177 1599 1601 -1
1601 -72.42582680136124 -103.41252334903899 -310.55179505471335 1600 1602 -1
1602 -72.50861330021553 -103.34182727044863 -310.3694483736843 1601 1603 -1
1603 -72.59062020277156 -103.27347139172302 -310.1858614093686 1602 1604 -1
1604 -72.6718484070446 -103.20751825915949 -310.0010534713077 1603 1605 -1
1605 -72.75229840644323 -103.14403050547507 -309.8150456968264 1604 1606 -1
1606 -72.83197030003373 -103.08307072444771 -309.62786113015085 1605 1607 -1
1607 -72.91086380485896 -103.02470133413233 -309.4395247971033 1606 1608 -1
1608 -72.98897827047193 -102.96898442863349 -309.25006377432624 1607 1609 -1
1609 -73.06631269583497 -102.91598161853648 -309.0595072519281 1608 1610 -1
1610 -73.14286574872418 -102.86575386023846 -308.86788658838697 1609 1611 -1
1611 -73.2186357877622 -102.81836127457244 -308.67523535650867 1610 1612 -1
1612 -73.29362088718253 -102.77386295528319 -308.4815893792085 1611 1613 -1
1613 -73.36781886440221 -102.7323167680915 -308.2869867538746 1612 1614 -1
1614 -73.44122731045186 -102.69377914127226 -308.0914678640818 1613 1615 -1
1615 -73.51384362327647 -102.65830484886672 -307.89507537745874 1614 1616 -1
1616 -73.5856650438816 -102.62594678784923 -307.69785422856586 1615 1617 -1
1617 -73.65668869525737 -102.5967557507686 -307.49985158572804 1616 1618 -1
1618 -73.72691162396464 -102.57078019558041 -307.3011168008782 1617 1619 -1
1619 -73.79633084421901 -102.54806601457366 -307.1017013416088 1618 1620 -1
1620 -73.86494338425486 -102.52865630446703 -306.90165870480143 1619 1621 -1
1621 -73.93274633469827 -102.51259113990407 -306.70104431140345 1620 1622 -1
1622 -74.0 -102.5 -306.5 1621 -1 -1
